mission_command=START
[YDLIDAR] SDK initializing
[YDLIDAR] SDK has been initialized
[YDLIDAR] SDK Version: 1.2.7
[YDLIDAR] Lidar successfully connected [/dev/ttyS3:230400]
[YDLIDAR] Lidar running correctly! The health status: good
Current Lidar Model Code 151
[YDLIDAR] Baseplate device info
Firmware version: 1.2
Hardware version: 1
Model: Tmini Plus
Serial: 2025042300090381
[YDLIDAR] Current scan frequency: 10.00Hz
[YDLIDAR] Current scan frequency: 10.00Hz
[YDLIDAR] Lidar init success, Elapsed time 945 ms
[YDLIDAR] Create thread 0xA694D4C0
[YDLIDAR] Successed to start scan mode, Elapsed time 2097 ms
[YDLIDAR] Scan Frequency: 10.00Hz
[YDLIDAR] Fixed Size: 400
[YDLIDAR] Sample Rate: 4.00K
[YDLIDAR] Successed to check the lidar, Elapsed time 0 ms
[2026-07-23 05:19:17][info] [YDLIDAR] Now lidar is scanning...
lidar_state=RUNNING
x=0.85 y=2.5 yaw=-1.9635 score=0.98315 valid=1 mode=global state=RECOVERED evaluated=15444 execution_us=862545 reason=initial_global_pose_accepted
x=0.85 y=2.5 yaw=-1.96443 score=0.984721 valid=1 mode=tracking state=RECOVERED evaluated=807 execution_us=48385 reason=recovery_confirmation_pending
x=0.85 y=2.5 yaw=-1.96536 score=0.984988 valid=1 mode=tracking state=RECOVERED evaluated=807 execution_us=46455 reason=recovery_confirmation_pending
x=0.85 y=2.5 yaw=-1.98375 score=0.983091 valid=1 mode=tracking state=TRACKING evaluated=807 execution_us=45353 reason=recovery_confirmed
x=0.85 y=2.5 yaw=-1.98468 score=0.982165 valid=1 mode=tracking state=TRACKING evaluated=807 execution_us=45402 reason=tracking_pose_accepted
x=0.85 y=2.5 yaw=-1.96816 score=0.984375 valid=1 mode=tracking state=TRACKING evaluated=807 execution_us=45615 reason=tracking_pose_accepted
x=0.85 y=2.5 yaw=-1.9691 score=0.983456 valid=1 mode=tracking state=TRACKING evaluated=807 execution_us=45261 reason=tracking_pose_accepted
x=0.85 y=2.5 yaw=-1.97003 score=0.984069 valid=1 mode=tracking state=TRACKING evaluated=807 execution_us=56929 reason=tracking_pose_accepted
x=0.85 y=2.5 yaw=-1.97097 score=0.983846 valid=1 mode=tracking state=TRACKING evaluated=807 execution_us=45554 reason=tracking_pose_accepted
x=0.85 y=2.5 yaw=-1.9719 score=0.984109 valid=1 mode=tracking state=TRACKING evaluated=807 execution_us=45332 reason=tracking_pose_accepted
x=0.85 y=2.5 yaw=-1.97283 score=0.983193 valid=1 mode=tracking state=TRACKING evaluated=807 execution_us=45581 reason=tracking_pose_accepted
x=0.85 y=2.5 yaw=-1.97377 score=0.981408 valid=1 mode=tracking state=TRACKING evaluated=807 execution_us=45355 reason=tracking_pose_accepted
x=0.85 y=2.5 yaw=-1.9747 score=0.983793 valid=1 mode=tracking state=TRACKING evaluated=807 execution_us=45149 reason=tracking_pose_accepted
x=0.85 y=2.5 yaw=-1.97563 score=0.984058 valid=1 mode=tracking state=TRACKING evaluated=807 execution_us=45253 reason=tracking_pose_accepted
x=0.85 y=2.5 yaw=-1.95911 score=0.98797 valid=1 mode=tracking state=TRACKING evaluated=807 execution_us=45191 reason=tracking_pose_accepted
x=0.85 y=2.5 yaw=-1.96005 score=0.988541 valid=1 mode=tracking state=TRACKING evaluated=807 execution_us=45152 reason=tracking_pose_accepted
x=0.85 y=2.5 yaw=-1.97843 score=0.984528 valid=1 mode=tracking state=TRACKING evaluated=807 execution_us=45356 reason=tracking_pose_accepted
x=0.85 y=2.5 yaw=-1.97937 score=0.984222 valid=1 mode=tracking state=TRACKING evaluated=807 execution_us=45075 reason=tracking_pose_accepted
x=0.85 y=2.5 yaw=-1.9803 score=0.983346 valid=1 mode=tracking state=TRACKING evaluated=807 execution_us=45661 reason=tracking_pose_accepted
x=0.85 y=2.5 yaw=-1.96378 score=0.989931 valid=1 mode=tracking state=TRACKING evaluated=807 execution_us=44821 reason=tracking_pose_accepted
x=0.85 y=2.5 yaw=-1.96472 score=0.984641 valid=1 mode=tracking state=TRACKING evaluated=807 execution_us=44988 reason=tracking_pose_accepted
x=0.85 y=2.5 yaw=-1.96565 score=0.989346 valid=1 mode=tracking state=TRACKING evaluated=807 execution_us=45452 reason=tracking_pose_accepted
x=0.85 y=2.5 yaw=-1.96658 score=0.982996 valid=1 mode=tracking state=TRACKING evaluated=807 execution_us=46460 reason=tracking_pose_accepted
x=0.85 y=2.5 yaw=-1.96752 score=0.983413 valid=1 mode=tracking state=TRACKING evaluated=807 execution_us=45147 reason=tracking_pose_accepted
x=0.85 y=2.5 yaw=-1.96845 score=0.987527 valid=1 mode=tracking state=TRACKING evaluated=807 execution_us=45069 reason=tracking_pose_accepted
x=0.85 y=2.5 yaw=-1.96938 score=0.98372 valid=1 mode=tracking state=TRACKING evaluated=807 execution_us=44733 reason=tracking_pose_accepted
x=0.85 y=2.5 yaw=-1.97032 score=0.983499 valid=1 mode=tracking state=TRACKING evaluated=807 execution_us=45727 reason=tracking_pose_accepted
x=0.85 y=2.5 yaw=-1.97125 score=0.985063 valid=1 mode=tracking state=TRACKING evaluated=807 execution_us=44688 reason=tracking_pose_accepted
x=0.85 y=2.5 yaw=-1.97219 score=0.984528 valid=1 mode=tracking state=TRACKING evaluated=807 execution_us=45159 reason=tracking_pose_accepted
x=0.85 y=2.5 yaw=-1.95567 score=0.98587 valid=1 mode=tracking state=TRACKING evaluated=807 execution_us=45240 reason=tracking_pose_accepted
x=0.85 y=2.5 yaw=-1.97405 score=0.984755 valid=1 mode=tracking state=TRACKING evaluated=807 execution_us=44840 reason=tracking_pose_accepted
x=0.85 y=2.5 yaw=-1.97499 score=0.985141 valid=1 mode=tracking state=TRACKING evaluated=807 execution_us=45068 reason=tracking_pose_accepted
x=0.85 y=2.5 yaw=-1.97592 score=0.983736 valid=1 mode=tracking state=TRACKING evaluated=807 execution_us=45776 reason=tracking_pose_accepted
x=0.85 y=2.5 yaw=-1.9594 score=0.984456 valid=1 mode=tracking state=TRACKING evaluated=807 execution_us=45450 reason=tracking_pose_accepted
x=0.85 y=2.5 yaw=-1.97779 score=0.98404 valid=1 mode=tracking state=TRACKING evaluated=807 execution_us=45646 reason=tracking_pose_accepted
x=0.85 y=2.5 yaw=-1.96127 score=0.98587 valid=1 mode=tracking state=TRACKING evaluated=807 execution_us=45208 reason=tracking_pose_accepted
x=0.85 y=2.5 yaw=-1.9622 score=0.985525 valid=1 mode=tracking state=TRACKING evaluated=807 execution_us=45267 reason=tracking_pose_accepted
x=0.85 y=2.5 yaw=-1.96314 score=0.984601 valid=1 mode=tracking state=TRACKING evaluated=807 execution_us=45411 reason=tracking_pose_accepted
x=0.85 y=2.5 yaw=-1.96407 score=0.988276 valid=1 mode=tracking state=TRACKING evaluated=807 execution_us=45405 reason=tracking_pose_accepted
x=0.85 y=2.5 yaw=-1.98246 score=0.982952 valid=1 mode=tracking state=TRACKING evaluated=807 execution_us=45078 reason=tracking_pose_accepted
x=0.85 y=2.5 yaw=-1.98339 score=0.981649 valid=1 mode=tracking state=TRACKING evaluated=807 execution_us=45806 reason=tracking_pose_accepted
x=0.85 y=2.5 yaw=-1.96687 score=0.983084 valid=1 mode=tracking state=TRACKING evaluated=807 execution_us=45545 reason=tracking_pose_accepted
x=0.85 y=2.5 yaw=-1.9678 score=0.987624 valid=1 mode=tracking state=TRACKING evaluated=807 execution_us=45417 reason=tracking_pose_accepted
x=0.85 y=2.5 yaw=-1.96874 score=0.984151 valid=1 mode=tracking state=TRACKING evaluated=807 execution_us=45880 reason=tracking_pose_accepted
x=0.85 y=2.5 yaw=-1.96967 score=0.981608 valid=1 mode=tracking state=TRACKING evaluated=807 execution_us=45599 reason=tracking_pose_accepted
x=0.85 y=2.5 yaw=-1.98806 score=0.984375 valid=1 mode=tracking state=TRACKING evaluated=807 execution_us=45642 reason=tracking_pose_accepted
x=0.85 y=2.5 yaw=-1.97154 score=0.988388 valid=1 mode=tracking state=TRACKING evaluated=807 execution_us=45523 reason=tracking_pose_accepted
x=0.85 y=2.5 yaw=-1.97247 score=0.985447 valid=1 mode=tracking state=TRACKING evaluated=807 execution_us=45146 reason=tracking_pose_accepted
x=0.85 y=2.5 yaw=-1.97341 score=0.983888 valid=1 mode=tracking state=TRACKING evaluated=807 execution_us=45946 reason=tracking_pose_accepted
x=0.85 y=2.5 yaw=-1.99179 score=0.982611 valid=1 mode=tracking state=TRACKING evaluated=807 execution_us=45228 reason=tracking_pose_accepted
x=0.85 y=2.5 yaw=-1.97527 score=0.98518 valid=1 mode=tracking state=TRACKING evaluated=807 execution_us=45144 reason=tracking_pose_accepted
x=0.85 y=2.5 yaw=-1.95875 score=0.985027 valid=1 mode=tracking state=TRACKING evaluated=807 execution_us=45303 reason=tracking_pose_accepted
x=0.85 y=2.5 yaw=-1.97714 score=0.982678 valid=1 mode=tracking state=TRACKING evaluated=807 execution_us=45423 reason=tracking_pose_accepted
x=0.85 y=2.5 yaw=-1.97808 score=0.985294 valid=1 mode=tracking state=TRACKING evaluated=807 execution_us=45500 reason=tracking_pose_accepted
x=0.85 y=2.5 yaw=-1.97901 score=0.986449 valid=1 mode=tracking state=TRACKING evaluated=807 execution_us=44846 reason=tracking_pose_accepted
x=0.85 y=2.5 yaw=-1.97994 score=0.983346 valid=1 mode=tracking state=TRACKING evaluated=807 execution_us=45328 reason=tracking_pose_accepted
x=0.85 y=2.5 yaw=-1.98088 score=0.983259 valid=1 mode=tracking state=TRACKING evaluated=807 execution_us=45687 reason=tracking_pose_accepted
x=0.85 y=2.5 yaw=-1.96436 score=0.989651 valid=1 mode=tracking state=TRACKING evaluated=807 execution_us=45075 reason=tracking_pose_accepted
x=0.85 y=2.5 yaw=-1.98274 score=0.98278 valid=1 mode=tracking state=TRACKING evaluated=807 execution_us=45312 reason=tracking_pose_accepted
x=0.85 y=2.5 yaw=-1.96622 score=0.982645 valid=1 mode=tracking state=TRACKING evaluated=807 execution_us=45313 reason=tracking_pose_accepted
x=0.85 y=2.5 yaw=-1.96716 score=0.989556 valid=1 mode=tracking state=TRACKING evaluated=807 execution_us=44972 reason=tracking_pose_accepted
x=0.85 y=2.5 yaw=-1.96809 score=0.985332 valid=1 mode=tracking state=TRACKING evaluated=807 execution_us=45174 reason=tracking_pose_accepted
x=0.85 y=2.5 yaw=-1.96902 score=0.984334 valid=1 mode=tracking state=TRACKING evaluated=807 execution_us=45085 reason=tracking_pose_accepted
x=0.85 y=2.5 yaw=-1.96996 score=0.985987 valid=1 mode=tracking state=TRACKING evaluated=807 execution_us=44957 reason=tracking_pose_accepted
x=0.85 y=2.5 yaw=-1.97089 score=0.983277 valid=1 mode=tracking state=TRACKING evaluated=807 execution_us=46105 reason=tracking_pose_accepted
x=0.85 y=2.5 yaw=-1.97183 score=0.983499 valid=1 mode=tracking state=TRACKING evaluated=807 execution_us=45035 reason=tracking_pose_accepted
x=0.85 y=2.5 yaw=-1.97276 score=0.985141 valid=1 mode=tracking state=TRACKING evaluated=807 execution_us=45257 reason=tracking_pose_accepted
x=0.85 y=2.5 yaw=-1.97369 score=0.984795 valid=1 mode=tracking state=TRACKING evaluated=807 execution_us=44992 reason=tracking_pose_accepted
x=0.85 y=2.5 yaw=-1.95717 score=0.985638 valid=1 mode=tracking state=TRACKING evaluated=807 execution_us=45023 reason=tracking_pose_accepted
x=0.85 y=2.5 yaw=-1.97556 score=0.984913 valid=1 mode=tracking state=TRACKING evaluated=807 execution_us=45321 reason=tracking_pose_accepted
x=0.85 y=2.5 yaw=-1.97649 score=0.983609 valid=1 mode=tracking state=TRACKING evaluated=807 execution_us=45200 reason=tracking_pose_accepted
x=0.85 y=2.5 yaw=-1.95997 score=0.98217 valid=1 mode=tracking state=TRACKING evaluated=807 execution_us=45606 reason=tracking_pose_accepted
x=0.85 y=2.5 yaw=-1.96091 score=0.985943 valid=1 mode=tracking state=TRACKING evaluated=807 execution_us=45629 reason=tracking_pose_accepted
x=0.85 y=2.5 yaw=-1.9793 score=0.983128 valid=1 mode=tracking state=TRACKING evaluated=807 execution_us=45378 reason=tracking_pose_accepted
x=0.85 y=2.5 yaw=-1.96278 score=0.985868 valid=1 mode=tracking state=TRACKING evaluated=807 execution_us=45496 reason=tracking_pose_accepted
x=0.85 y=2.5 yaw=-1.98116 score=0.981771 valid=1 mode=tracking state=TRACKING evaluated=807 execution_us=45663 reason=tracking_pose_accepted
x=0.85 y=2.5 yaw=-1.96464 score=0.985987 valid=1 mode=tracking state=TRACKING evaluated=807 execution_us=45055 reason=tracking_pose_accepted
x=0.85 y=2.5 yaw=-1.96558 score=0.986707 valid=1 mode=tracking state=TRACKING evaluated=807 execution_us=45435 reason=tracking_pose_accepted
x=0.85 y=2.5 yaw=-1.98396 score=0.982045 valid=1 mode=tracking state=TRACKING evaluated=807 execution_us=46077 reason=tracking_pose_accepted
x=0.85 y=2.5 yaw=-1.9849 score=0.984008 valid=1 mode=tracking state=TRACKING evaluated=807 execution_us=45206 reason=tracking_pose_accepted
x=0.85 y=2.5 yaw=-1.96838 score=0.985409 valid=1 mode=tracking state=TRACKING evaluated=807 execution_us=45132 reason=tracking_pose_accepted
x=0.85 y=2.5 yaw=-1.96931 score=0.987199 valid=1 mode=tracking state=TRACKING evaluated=807 execution_us=45411 reason=tracking_pose_accepted
x=0.85 y=2.5 yaw=-1.97025 score=0.988083 valid=1 mode=tracking state=TRACKING evaluated=807 execution_us=45426 reason=tracking_pose_accepted
x=0.85 y=2.5 yaw=-1.97118 score=0.984874 valid=1 mode=tracking state=TRACKING evaluated=807 execution_us=45869 reason=tracking_pose_accepted
x=0.85 y=2.5 yaw=-1.98957 score=0.982875 valid=1 mode=tracking state=TRACKING evaluated=807 execution_us=45559 reason=tracking_pose_accepted
x=0.85 y=2.5 yaw=-1.97305 score=0.98343 valid=1 mode=tracking state=TRACKING evaluated=807 execution_us=46730 reason=tracking_pose_accepted
x=0.85 y=2.5 yaw=-1.95653 score=0.985332 valid=1 mode=tracking state=TRACKING evaluated=807 execution_us=45487 reason=tracking_pose_accepted
x=0.85 y=2.5 yaw=-1.97491 score=0.982907 valid=1 mode=tracking state=TRACKING evaluated=807 execution_us=44958 reason=tracking_pose_accepted
x=0.85 y=2.5 yaw=-1.9933 score=0.982169 valid=1 mode=tracking state=TRACKING evaluated=807 execution_us=45119 reason=tracking_pose_accepted
x=0.85 y=2.5 yaw=-1.95933 score=0.9856 valid=1 mode=tracking state=TRACKING evaluated=807 execution_us=45198 reason=tracking_pose_accepted
x=0.85 y=2.5 yaw=-1.96026 score=0.985638 valid=1 mode=tracking state=TRACKING evaluated=807 execution_us=45231 reason=tracking_pose_accepted
x=0.85 y=2.5 yaw=-1.9612 score=0.990568 valid=1 mode=tracking state=TRACKING evaluated=807 execution_us=45645 reason=tracking_pose_accepted
x=0.85 y=2.5 yaw=-1.96213 score=0.987867 valid=1 mode=tracking state=TRACKING evaluated=807 execution_us=44970 reason=tracking_pose_accepted
x=0.85 y=2.5 yaw=-1.98052 score=0.983041 valid=1 mode=tracking state=TRACKING evaluated=807 execution_us=45223 reason=tracking_pose_accepted
x=0.85 y=2.5 yaw=-1.964 score=0.985525 valid=1 mode=tracking state=TRACKING evaluated=807 execution_us=45230 reason=tracking_pose_accepted
x=0.85 y=2.5 yaw=-1.96493 score=0.987527 valid=1 mode=tracking state=TRACKING evaluated=807 execution_us=44853 reason=tracking_pose_accepted
x=0.85 y=2.5 yaw=-1.96586 score=0.989651 valid=1 mode=tracking state=TRACKING evaluated=807 execution_us=45364 reason=tracking_pose_accepted
x=0.85 y=2.5 yaw=-1.98425 score=0.982165 valid=1 mode=tracking state=TRACKING evaluated=807 execution_us=45430 reason=tracking_pose_accepted
x=0.85 y=2.5 yaw=-1.96773 score=0.984293 valid=1 mode=tracking state=TRACKING evaluated=807 execution_us=44960 reason=tracking_pose_accepted
x=0.85 y=2.5 yaw=-1.96867 score=0.987252 valid=1 mode=tracking state=TRACKING evaluated=807 execution_us=45384 reason=tracking_pose_accepted
x=0.85 y=2.5 yaw=-1.98705 score=0.983481 valid=1 mode=tracking state=TRACKING evaluated=807 execution_us=45442 reason=tracking_pose_accepted
x=0.85 y=2.5 yaw=-1.97053 score=0.986945 valid=1 mode=tracking state=TRACKING evaluated=807 execution_us=44747 reason=tracking_pose_accepted
x=0.85 y=2.5 yaw=-1.97147 score=0.988635 valid=1 mode=tracking state=TRACKING evaluated=807 execution_us=45428 reason=tracking_pose_accepted
x=0.85 y=2.5 yaw=-1.9724 score=0.985754 valid=1 mode=tracking state=TRACKING evaluated=807 execution_us=44827 reason=tracking_pose_accepted
x=0.85 y=2.5 yaw=-1.97333 score=0.982578 valid=1 mode=tracking state=TRACKING evaluated=807 execution_us=45077 reason=tracking_pose_accepted
x=0.85 y=2.5 yaw=-1.97427 score=0.979679 valid=1 mode=tracking state=TRACKING evaluated=807 execution_us=45436 reason=tracking_pose_accepted
x=0.85 y=2.5 yaw=-1.9752 score=0.984609 valid=1 mode=tracking state=TRACKING evaluated=807 execution_us=46488 reason=tracking_pose_accepted
x=0.85 y=2.5 yaw=-1.95868 score=0.987867 valid=1 mode=tracking state=TRACKING evaluated=807 execution_us=45101 reason=tracking_pose_accepted
x=0.85 y=2.5 yaw=-1.95962 score=0.985907 valid=1 mode=tracking state=TRACKING evaluated=807 execution_us=45214 reason=tracking_pose_accepted
x=0.85 y=2.5 yaw=-1.96055 score=0.984601 valid=1 mode=tracking state=TRACKING evaluated=807 execution_us=44950 reason=tracking_pose_accepted
x=0.85 y=2.5 yaw=-1.97894 score=0.984795 valid=1 mode=tracking state=TRACKING evaluated=807 execution_us=45574 reason=tracking_pose_accepted
x=0.85 y=2.5 yaw=-1.96242 score=0.985256 valid=1 mode=tracking state=TRACKING evaluated=807 execution_us=45327 reason=tracking_pose_accepted
x=0.85 y=2.5 yaw=-1.96335 score=0.986638 valid=1 mode=tracking state=TRACKING evaluated=807 execution_us=44914 reason=tracking_pose_accepted
x=0.85 y=2.5 yaw=-1.98174 score=0.98278 valid=1 mode=tracking state=TRACKING evaluated=807 execution_us=45526 reason=tracking_pose_accepted
x=0.85 y=2.5 yaw=-1.98267 score=0.981464 valid=1 mode=tracking state=TRACKING evaluated=807 execution_us=45059 reason=tracking_pose_accepted
x=0.85 y=2.5 yaw=-1.98361 score=0.981207 valid=1 mode=tracking state=TRACKING evaluated=807 execution_us=45386 reason=tracking_pose_accepted
x=0.85 y=2.5 yaw=-1.96709 score=0.98606 valid=1 mode=tracking state=TRACKING evaluated=807 execution_us=45402 reason=tracking_pose_accepted
x=0.85 y=2.5 yaw=-1.96802 score=0.987199 valid=1 mode=tracking state=TRACKING evaluated=807 execution_us=45526 reason=tracking_pose_accepted
x=0.85 y=2.5 yaw=-1.98641 score=0.979935 valid=1 mode=tracking state=TRACKING evaluated=807 execution_us=45909 reason=tracking_pose_accepted
x=0.85 y=2.5 yaw=-1.96989 score=0.987373 valid=1 mode=tracking state=TRACKING evaluated=807 execution_us=45230 reason=tracking_pose_accepted
x=0.85 y=2.5 yaw=-1.97082 score=0.984039 valid=1 mode=tracking state=TRACKING evaluated=807 execution_us=45820 reason=tracking_pose_accepted
x=0.85 y=2.5 yaw=-1.98921 score=0.982827 valid=1 mode=tracking state=TRACKING evaluated=807 execution_us=45837 reason=tracking_pose_accepted
x=0.85 y=2.5 yaw=-1.97269 score=0.984835 valid=1 mode=tracking state=TRACKING evaluated=807 execution_us=45118 reason=tracking_pose_accepted
x=0.85 y=2.5 yaw=-1.99108 score=0.982261 valid=1 mode=tracking state=TRACKING evaluated=807 execution_us=45496 reason=tracking_pose_accepted
x=0.85 y=2.5 yaw=-1.9571 score=0.983084 valid=1 mode=tracking state=TRACKING evaluated=807 execution_us=45633 reason=tracking_pose_accepted
x=0.85 y=2.5 yaw=-1.95804 score=0.987961 valid=1 mode=tracking state=TRACKING evaluated=807 execution_us=45279 reason=tracking_pose_accepted
x=0.85 y=2.5 yaw=-1.97642 score=0.983652 valid=1 mode=tracking state=TRACKING evaluated=807 execution_us=45392 reason=tracking_pose_accepted
x=0.85 y=2.5 yaw=-1.9599 score=0.984008 valid=1 mode=tracking state=TRACKING evaluated=807 execution_us=46282 reason=tracking_pose_accepted
x=0.85 y=2.5 yaw=-1.96084 score=0.987286 valid=1 mode=tracking state=TRACKING evaluated=807 execution_us=45172 reason=tracking_pose_accepted
x=0.85 y=2.5 yaw=-1.96177 score=0.984069 valid=1 mode=tracking state=TRACKING evaluated=807 execution_us=45606 reason=tracking_pose_accepted
x=0.85 y=2.5 yaw=-1.96271 score=0.988734 valid=1 mode=tracking state=TRACKING evaluated=807 execution_us=45149 reason=tracking_pose_accepted
x=0.85 y=2.5 yaw=-1.96364 score=0.984375 valid=1 mode=tracking state=TRACKING evaluated=807 execution_us=45508 reason=tracking_pose_accepted
x=0.85 y=2.5 yaw=-1.96457 score=0.986402 valid=1 mode=tracking state=TRACKING evaluated=807 execution_us=45542 reason=tracking_pose_accepted
x=0.85 y=2.5 yaw=-1.98296 score=0.982124 valid=1 mode=tracking state=TRACKING evaluated=807 execution_us=45241 reason=tracking_pose_accepted
x=0.85 y=2.5 yaw=-1.96644 score=0.985754 valid=1 mode=tracking state=TRACKING evaluated=807 execution_us=45068 reason=tracking_pose_accepted
x=0.85 y=2.5 yaw=-1.96737 score=0.986366 valid=1 mode=tracking state=TRACKING evaluated=807 execution_us=45424 reason=tracking_pose_accepted
x=0.85 y=2.5 yaw=-1.98576 score=0.98366 valid=1 mode=tracking state=TRACKING evaluated=807 execution_us=44852 reason=tracking_pose_accepted
x=0.85 y=2.5 yaw=-1.96924 score=0.982184 valid=1 mode=tracking state=TRACKING evaluated=807 execution_us=45461 reason=tracking_pose_accepted
x=0.85 y=2.5 yaw=-1.97018 score=0.984181 valid=1 mode=tracking state=TRACKING evaluated=807 execution_us=44999 reason=tracking_pose_accepted
x=0.85 y=2.5 yaw=-1.97111 score=0.982582 valid=1 mode=tracking state=TRACKING evaluated=807 execution_us=45327 reason=tracking_pose_accepted
x=0.85 y=2.5 yaw=-1.9895 score=0.982307 valid=1 mode=tracking state=TRACKING evaluated=807 execution_us=45956 reason=tracking_pose_accepted
x=0.85 y=2.5 yaw=-1.97298 score=0.984874 valid=1 mode=tracking state=TRACKING evaluated=807 execution_us=45121 reason=tracking_pose_accepted
x=0.85 y=2.5 yaw=-1.95646 score=0.984949 valid=1 mode=tracking state=TRACKING evaluated=807 execution_us=44939 reason=tracking_pose_accepted
x=0.85 y=2.5 yaw=-1.95739 score=0.985256 valid=1 mode=tracking state=TRACKING evaluated=807 execution_us=45225 reason=tracking_pose_accepted
x=0.85 y=2.5 yaw=-1.95832 score=0.984375 valid=1 mode=tracking state=TRACKING evaluated=807 execution_us=45162 reason=tracking_pose_accepted
x=0.85 y=2.5 yaw=-1.95926 score=0.987219 valid=1 mode=tracking state=TRACKING evaluated=807 execution_us=44817 reason=tracking_pose_accepted
x=0.85 y=2.5 yaw=-1.96019 score=0.986911 valid=1 mode=tracking state=TRACKING evaluated=807 execution_us=44937 reason=tracking_pose_accepted
x=0.85 y=2.5 yaw=-1.97858 score=0.98278 valid=1 mode=tracking state=TRACKING evaluated=807 execution_us=45569 reason=tracking_pose_accepted
x=0.85 y=2.5 yaw=-1.96206 score=0.987867 valid=1 mode=tracking state=TRACKING evaluated=807 execution_us=45568 reason=tracking_pose_accepted
x=0.85 y=2.5 yaw=-1.96299 score=0.989931 valid=1 mode=tracking state=TRACKING evaluated=807 execution_us=45083 reason=tracking_pose_accepted
x=0.85 y=2.5 yaw=-1.98138 score=0.982996 valid=1 mode=tracking state=TRACKING evaluated=807 execution_us=45284 reason=tracking_pose_accepted
x=0.85 y=2.5 yaw=-1.96486 score=0.985102 valid=1 mode=tracking state=TRACKING evaluated=807 execution_us=45459 reason=tracking_pose_accepted
x=0.85 y=2.5 yaw=-1.96579 score=0.986673 valid=1 mode=tracking state=TRACKING evaluated=807 execution_us=45407 reason=tracking_pose_accepted
x=0.85 y=2.5 yaw=-1.98418 score=0.982257 valid=1 mode=tracking state=TRACKING evaluated=807 execution_us=45524 reason=tracking_pose_accepted
x=0.85 y=2.5 yaw=-1.98511 score=0.984314 valid=1 mode=tracking state=TRACKING evaluated=807 execution_us=45651 reason=tracking_pose_accepted
x=0.85 y=2.5 yaw=-1.98605 score=0.98354 valid=1 mode=tracking state=TRACKING evaluated=807 execution_us=46000 reason=tracking_pose_accepted
x=0.85 y=2.5 yaw=-1.96953 score=0.982582 valid=1 mode=tracking state=TRACKING evaluated=807 execution_us=45831 reason=tracking_pose_accepted
x=0.85 y=2.5 yaw=-1.97046 score=0.981352 valid=1 mode=tracking state=TRACKING evaluated=807 execution_us=45499 reason=tracking_pose_accepted
x=0.85 y=2.5 yaw=-1.98885 score=0.980116 valid=1 mode=tracking state=TRACKING evaluated=807 execution_us=45150 reason=tracking_pose_accepted
x=0.85 y=2.5 yaw=-1.97233 score=0.987471 valid=1 mode=tracking state=TRACKING evaluated=807 execution_us=45481 reason=tracking_pose_accepted
x=0.85 y=2.5 yaw=-1.99072 score=0.982521 valid=1 mode=tracking state=TRACKING evaluated=807 execution_us=45241 reason=tracking_pose_accepted
x=0.85 y=2.5 yaw=-1.95674 score=0.988133 valid=1 mode=tracking state=TRACKING evaluated=807 execution_us=45445 reason=tracking_pose_accepted
x=0.85 y=2.5 yaw=-1.97513 score=0.980839 valid=1 mode=tracking state=TRACKING evaluated=807 execution_us=45673 reason=tracking_pose_accepted
x=0.85 y=2.5 yaw=-1.95861 score=0.987319 valid=1 mode=tracking state=TRACKING evaluated=807 execution_us=45444 reason=tracking_pose_accepted
x=0.85 y=2.5 yaw=-1.977 score=0.982599 valid=1 mode=tracking state=TRACKING evaluated=807 execution_us=45400 reason=tracking_pose_accepted
x=0.85 y=2.5 yaw=-1.96048 score=0.987286 valid=1 mode=tracking state=TRACKING evaluated=807 execution_us=45053 reason=tracking_pose_accepted
x=0.85 y=2.5 yaw=-1.96141 score=0.983106 valid=1 mode=tracking state=TRACKING evaluated=807 execution_us=45002 reason=tracking_pose_accepted
x=0.85 y=2.5 yaw=-1.96235 score=0.986782 valid=1 mode=tracking state=TRACKING evaluated=807 execution_us=46362 reason=tracking_pose_accepted
x=0.85 y=2.5 yaw=-1.96328 score=0.982932 valid=1 mode=tracking state=TRACKING evaluated=807 execution_us=45114 reason=tracking_pose_accepted
x=0.85 y=2.5 yaw=-1.96421 score=0.982582 valid=1 mode=tracking state=TRACKING evaluated=807 execution_us=45419 reason=tracking_pose_accepted
x=0.85 y=2.5 yaw=-1.9826 score=0.981561 valid=1 mode=tracking state=TRACKING evaluated=807 execution_us=45734 reason=tracking_pose_accepted
x=0.85 y=2.5 yaw=-1.96608 score=0.982537 valid=1 mode=tracking state=TRACKING evaluated=807 execution_us=45136 reason=tracking_pose_accepted
x=0.85 y=2.5 yaw=-1.98447 score=0.982077 valid=1 mode=tracking state=TRACKING evaluated=807 execution_us=45150 reason=tracking_pose_accepted
x=0.85 y=2.5 yaw=-1.9854 score=0.983617 valid=1 mode=tracking state=TRACKING evaluated=807 execution_us=45120 reason=tracking_pose_accepted
x=0.85 y=2.5 yaw=-1.96888 score=0.984689 valid=1 mode=tracking state=TRACKING evaluated=807 execution_us=45552 reason=tracking_pose_accepted
x=0.85 y=2.5 yaw=-1.98727 score=0.983047 valid=1 mode=tracking state=TRACKING evaluated=807 execution_us=45590 reason=tracking_pose_accepted
x=0.85 y=2.5 yaw=-1.97075 score=0.984344 valid=1 mode=tracking state=TRACKING evaluated=807 execution_us=45382 reason=tracking_pose_accepted
x=0.85 y=2.5 yaw=-1.98914 score=0.982871 valid=1 mode=tracking state=TRACKING evaluated=807 execution_us=45115 reason=tracking_pose_accepted
x=0.85 y=2.5 yaw=-1.99007 score=0.983354 valid=1 mode=tracking state=TRACKING evaluated=807 execution_us=45494 reason=tracking_pose_accepted
x=0.85 y=2.5 yaw=-1.9561 score=0.984232 valid=1 mode=tracking state=TRACKING evaluated=807 execution_us=44805 reason=tracking_pose_accepted
x=0.85 y=2.5 yaw=-1.97449 score=0.982996 valid=1 mode=tracking state=TRACKING evaluated=807 execution_us=45095 reason=tracking_pose_accepted
x=0.85 y=2.5 yaw=-1.95797 score=0.984681 valid=1 mode=tracking state=TRACKING evaluated=807 execution_us=45349 reason=tracking_pose_accepted
x=0.85 y=2.5 yaw=-1.97635 score=0.983346 valid=1 mode=tracking state=TRACKING evaluated=807 execution_us=45440 reason=tracking_pose_accepted
x=0.85 y=2.5 yaw=-1.95983 score=0.984949 valid=1 mode=tracking state=TRACKING evaluated=807 execution_us=45417 reason=tracking_pose_accepted
x=0.85 y=2.5 yaw=-1.96077 score=0.983703 valid=1 mode=tracking state=TRACKING evaluated=807 execution_us=45081 reason=tracking_pose_accepted
x=0.85 y=2.5 yaw=-1.9617 score=0.984641 valid=1 mode=tracking state=TRACKING evaluated=807 execution_us=44978 reason=tracking_pose_accepted
x=0.85 y=2.5 yaw=-1.96264 score=0.983804 valid=1 mode=tracking state=TRACKING evaluated=807 execution_us=45681 reason=tracking_pose_accepted
x=0.85 y=2.5 yaw=-1.96357 score=0.988764 valid=1 mode=tracking state=TRACKING evaluated=807 execution_us=45473 reason=tracking_pose_accepted
x=0.85 y=2.5 yaw=-1.98196 score=0.982338 valid=1 mode=tracking state=TRACKING evaluated=807 execution_us=44924 reason=tracking_pose_accepted
x=0.85 y=2.5 yaw=-1.96544 score=0.985141 valid=1 mode=tracking state=TRACKING evaluated=807 execution_us=45497 reason=tracking_pose_accepted
x=0.85 y=2.5 yaw=-1.96637 score=0.985409 valid=1 mode=tracking state=TRACKING evaluated=807 execution_us=45214 reason=tracking_pose_accepted
x=0.85 y=2.5 yaw=-1.98476 score=0.981314 valid=1 mode=tracking state=TRACKING evaluated=807 execution_us=45394 reason=tracking_pose_accepted
x=0.85 y=2.5 yaw=-1.96824 score=0.982932 valid=1 mode=tracking state=TRACKING evaluated=807 execution_us=45762 reason=tracking_pose_accepted
x=0.85 y=2.5 yaw=-1.96917 score=0.984304 valid=1 mode=tracking state=TRACKING evaluated=807 execution_us=45349 reason=tracking_pose_accepted
x=0.85 y=2.5 yaw=-1.98756 score=0.983135 valid=1 mode=tracking state=TRACKING evaluated=807 execution_us=45922 reason=tracking_pose_accepted
x=0.85 y=2.5 yaw=-1.97104 score=0.987132 valid=1 mode=tracking state=TRACKING evaluated=807 execution_us=45074 reason=tracking_pose_accepted
x=0.85 y=2.5 yaw=-1.98943 score=0.982827 valid=1 mode=tracking state=TRACKING evaluated=807 execution_us=45298 reason=tracking_pose_accepted
x=0.85 y=2.5 yaw=-1.97291 score=0.983084 valid=1 mode=tracking state=TRACKING evaluated=807 execution_us=45633 reason=tracking_pose_accepted
x=0.85 y=2.5 yaw=-1.97384 score=0.983041 valid=1 mode=tracking state=TRACKING evaluated=807 execution_us=45194 reason=tracking_pose_accepted
x=0.85 y=2.5 yaw=-1.97477 score=0.983523 valid=1 mode=tracking state=TRACKING evaluated=807 execution_us=45051 reason=tracking_pose_accepted
x=0.85 y=2.5 yaw=-1.95825 score=0.987592 valid=1 mode=tracking state=TRACKING evaluated=807 execution_us=45351 reason=tracking_pose_accepted
x=0.85 y=2.5 yaw=-1.95919 score=0.987898 valid=1 mode=tracking state=TRACKING evaluated=807 execution_us=45238 reason=tracking_pose_accepted
x=0.85 y=2.5 yaw=-1.96012 score=0.986513 valid=1 mode=tracking state=TRACKING evaluated=807 execution_us=45970 reason=tracking_pose_accepted
x=0.85 y=2.5 yaw=-1.96106 score=0.984334 valid=1 mode=tracking state=TRACKING evaluated=807 execution_us=45111 reason=tracking_pose_accepted
x=0.85 y=2.5 yaw=-1.96199 score=0.986673 valid=1 mode=tracking state=TRACKING evaluated=807 execution_us=45235 reason=tracking_pose_accepted
x=0.85 y=2.5 yaw=-1.96292 score=0.984601 valid=1 mode=tracking state=TRACKING evaluated=807 execution_us=45132 reason=tracking_pose_accepted
x=0.85 y=2.5 yaw=-1.96386 score=0.984641 valid=1 mode=tracking state=TRACKING evaluated=807 execution_us=45196 reason=tracking_pose_accepted
x=0.85 y=2.5 yaw=-1.96479 score=0.983985 valid=1 mode=tracking state=TRACKING evaluated=807 execution_us=44829 reason=tracking_pose_accepted
x=0.85 y=2.5 yaw=-1.96572 score=0.982445 valid=1 mode=tracking state=TRACKING evaluated=807 execution_us=44938 reason=tracking_pose_accepted
x=0.85 y=2.5 yaw=-1.96666 score=0.985754 valid=1 mode=tracking state=TRACKING evaluated=807 execution_us=45055 reason=tracking_pose_accepted
x=0.85 y=2.5 yaw=-1.98504 score=0.983575 valid=1 mode=tracking state=TRACKING evaluated=807 execution_us=46184 reason=tracking_pose_accepted
x=0.85 y=2.5 yaw=-1.96853 score=0.984528 valid=1 mode=tracking state=TRACKING evaluated=807 execution_us=45301 reason=tracking_pose_accepted
x=0.85 y=2.5 yaw=-1.98691 score=0.983176 valid=1 mode=tracking state=TRACKING evaluated=807 execution_us=45145 reason=tracking_pose_accepted
x=0.85 y=2.5 yaw=-1.97039 score=0.984139 valid=1 mode=tracking state=TRACKING evaluated=807 execution_us=45393 reason=tracking_pose_accepted
x=0.85 y=2.5 yaw=-1.97133 score=0.981971 valid=1 mode=tracking state=TRACKING evaluated=807 execution_us=45072 reason=tracking_pose_accepted
x=0.85 y=2.5 yaw=-1.97226 score=0.983215 valid=1 mode=tracking state=TRACKING evaluated=807 execution_us=45315 reason=tracking_pose_accepted
x=0.85 y=2.5 yaw=-1.95574 score=0.983692 valid=1 mode=tracking state=TRACKING evaluated=807 execution_us=94910 reason=tracking_pose_accepted
x=0.85 y=2.5 yaw=-1.95667 score=0.986331 valid=1 mode=tracking state=TRACKING evaluated=807 execution_us=106562 reason=tracking_pose_accepted
x=0.85 y=2.5 yaw=-1.97506 score=0.982429 valid=1 mode=tracking state=TRACKING evaluated=807 execution_us=97728 reason=tracking_pose_accepted
x=0.85 y=2.5 yaw=-1.95854 score=0.98315 valid=1 mode=tracking state=TRACKING evaluated=807 execution_us=50705 reason=tracking_pose_accepted
x=0.85 y=2.5 yaw=-1.95948 score=0.985268 valid=1 mode=tracking state=TRACKING evaluated=807 execution_us=45352 reason=tracking_pose_accepted
x=0.85 y=2.5 yaw=-1.96041 score=0.982277 valid=1 mode=tracking state=TRACKING evaluated=807 execution_us=45211 reason=tracking_pose_accepted
x=0.85 y=2.5 yaw=-1.96134 score=0.984649 valid=1 mode=tracking state=TRACKING evaluated=807 execution_us=45127 reason=tracking_pose_accepted
x=0.85 y=2.5 yaw=-1.96228 score=0.985063 valid=1 mode=tracking state=TRACKING evaluated=807 execution_us=45415 reason=tracking_pose_accepted
x=0.85 y=2.5 yaw=-1.98066 score=0.981513 valid=1 mode=tracking state=TRACKING evaluated=807 execution_us=45055 reason=tracking_pose_accepted
x=0.85 y=2.5 yaw=-1.9816 score=0.984293 valid=1 mode=tracking state=TRACKING evaluated=807 execution_us=44990 reason=tracking_pose_accepted
x=0.85 y=2.5 yaw=-1.98253 score=0.981154 valid=1 mode=tracking state=TRACKING evaluated=807 execution_us=45687 reason=tracking_pose_accepted
x=0.85 y=2.5 yaw=-1.98346 score=0.9808 valid=1 mode=tracking state=TRACKING evaluated=807 execution_us=45526 reason=tracking_pose_accepted
x=0.85 y=2.5 yaw=-1.9844 score=0.981041 valid=1 mode=tracking state=TRACKING evaluated=807 execution_us=46060 reason=tracking_pose_accepted
x=0.85 y=2.5 yaw=-1.96788 score=0.984222 valid=1 mode=tracking state=TRACKING evaluated=807 execution_us=45354 reason=tracking_pose_accepted
x=0.85 y=2.5 yaw=-1.96881 score=0.986589 valid=1 mode=tracking state=TRACKING evaluated=807 execution_us=46303 reason=tracking_pose_accepted
x=0.85 y=2.5 yaw=-1.96975 score=0.982952 valid=1 mode=tracking state=TRACKING evaluated=807 execution_us=45740 reason=tracking_pose_accepted
x=0.85 y=2.5 yaw=-1.98813 score=0.979007 valid=1 mode=tracking state=TRACKING evaluated=807 execution_us=45898 reason=tracking_pose_accepted
x=0.85 y=2.5 yaw=-1.98907 score=0.983044 valid=1 mode=tracking state=TRACKING evaluated=807 execution_us=45400 reason=tracking_pose_accepted
x=0.85 y=2.5 yaw=-1.97255 score=0.985907 valid=1 mode=tracking state=TRACKING evaluated=807 execution_us=45549 reason=tracking_pose_accepted
x=0.85 y=2.5 yaw=-1.95603 score=0.983499 valid=1 mode=tracking state=TRACKING evaluated=807 execution_us=45182 reason=tracking_pose_accepted
x=0.85 y=2.5 yaw=-1.95696 score=0.985063 valid=1 mode=tracking state=TRACKING evaluated=807 execution_us=45015 reason=tracking_pose_accepted
x=0.85 y=2.5 yaw=-1.9579 score=0.982932 valid=1 mode=tracking state=TRACKING evaluated=807 execution_us=45470 reason=tracking_pose_accepted
x=0.85 y=2.5 yaw=-1.95883 score=0.985958 valid=1 mode=tracking state=TRACKING evaluated=807 execution_us=45415 reason=tracking_pose_accepted
x=0.85 y=2.5 yaw=-1.95976 score=0.981556 valid=1 mode=tracking state=TRACKING evaluated=807 execution_us=45723 reason=tracking_pose_accepted
x=0.85 y=2.5 yaw=-1.9607 score=0.98595 valid=1 mode=tracking state=TRACKING evaluated=807 execution_us=44780 reason=tracking_pose_accepted
x=0.85 y=2.5 yaw=-1.96163 score=0.985828 valid=1 mode=tracking state=TRACKING evaluated=807 execution_us=55372 reason=tracking_pose_accepted
x=0.85 y=2.5 yaw=-1.96256 score=0.985218 valid=1 mode=tracking state=TRACKING evaluated=807 execution_us=45785 reason=tracking_pose_accepted
x=0.85 y=2.5 yaw=-1.9635 score=0.984139 valid=1 mode=tracking state=TRACKING evaluated=807 execution_us=44722 reason=tracking_pose_accepted
x=0.85 y=2.5 yaw=-1.98188 score=0.981983 valid=1 mode=tracking state=TRACKING evaluated=807 execution_us=44892 reason=tracking_pose_accepted
x=0.85 y=2.5 yaw=-1.96537 score=0.984181 valid=1 mode=tracking state=TRACKING evaluated=807 execution_us=45123 reason=tracking_pose_accepted
x=0.85 y=2.5 yaw=-1.9663 score=0.983736 valid=1 mode=tracking state=TRACKING evaluated=807 execution_us=46231 reason=tracking_pose_accepted
x=0.85 y=2.5 yaw=-1.98469 score=0.984499 valid=1 mode=tracking state=TRACKING evaluated=807 execution_us=45119 reason=tracking_pose_accepted
x=0.85 y=2.5 yaw=-1.96817 score=0.98136 valid=1 mode=tracking state=TRACKING evaluated=807 execution_us=45508 reason=tracking_pose_accepted
x=0.85 y=2.5 yaw=-1.98655 score=0.980843 valid=1 mode=tracking state=TRACKING evaluated=807 execution_us=44823 reason=tracking_pose_accepted
x=0.85 y=2.5 yaw=-1.98749 score=0.98146 valid=1 mode=tracking state=TRACKING evaluated=807 execution_us=45283 reason=tracking_pose_accepted
x=0.85 y=2.5 yaw=-1.97097 score=0.982996 valid=1 mode=tracking state=TRACKING evaluated=807 execution_us=45860 reason=tracking_pose_accepted
x=0.85 y=2.5 yaw=-1.9719 score=0.983169 valid=1 mode=tracking state=TRACKING evaluated=807 execution_us=45694 reason=tracking_pose_accepted
x=0.85 y=2.5 yaw=-1.99029 score=0.981815 valid=1 mode=tracking state=TRACKING evaluated=807 execution_us=45127 reason=tracking_pose_accepted
x=0.85 y=2.5 yaw=-1.97377 score=0.980189 valid=1 mode=tracking state=TRACKING evaluated=807 execution_us=45471 reason=tracking_pose_accepted
x=0.85 y=2.5 yaw=-1.99216 score=0.981815 valid=1 mode=tracking state=TRACKING evaluated=807 execution_us=45412 reason=tracking_pose_accepted
x=0.85 y=2.5 yaw=-1.95818 score=0.986126 valid=1 mode=tracking state=TRACKING evaluated=807 execution_us=45084 reason=tracking_pose_accepted
x=0.85 y=2.5 yaw=-1.97657 score=0.983708 valid=1 mode=tracking state=TRACKING evaluated=807 execution_us=45076 reason=tracking_pose_accepted
x=0.85 y=2.5 yaw=-1.9775 score=0.987286 valid=1 mode=tracking state=TRACKING evaluated=807 execution_us=45618 reason=tracking_pose_accepted
x=0.85 y=2.5 yaw=-1.97844 score=0.988541 valid=1 mode=tracking state=TRACKING evaluated=807 execution_us=45322 reason=tracking_pose_accepted
x=0.85 y=2.5 yaw=-2.01428 score=0.977907 valid=1 mode=tracking state=TRACKING evaluated=807 execution_us=44960 reason=tracking_pose_accepted
x=0.9 y=2.5 yaw=-1.98031 score=0.969938 valid=1 mode=tracking state=TRACKING evaluated=807 execution_us=45337 reason=tracking_pose_accepted
x=0.9 y=2.5 yaw=-2.0336 score=0.96276 valid=1 mode=tracking state=TRACKING evaluated=807 execution_us=45016 reason=tracking_pose_accepted
x=0.95 y=2.45 yaw=-1.99963 score=0.962207 valid=1 mode=tracking state=TRACKING evaluated=807 execution_us=45333 reason=tracking_pose_accepted
x=1 y=2.4 yaw=-2.00056 score=0.939646 valid=1 mode=tracking state=TRACKING evaluated=807 execution_us=45654 reason=tracking_pose_accepted
x=1.1 y=2.4 yaw=-2.01895 score=0.939211 valid=1 mode=tracking state=TRACKING evaluated=807 execution_us=45706 reason=tracking_pose_accepted
x=1.2 y=2.4 yaw=-2.05479 score=0.932642 valid=1 mode=tracking state=TRACKING evaluated=807 execution_us=46005 reason=tracking_pose_accepted
x=1.3 y=2.35 yaw=-2.02082 score=0.922 valid=1 mode=tracking state=TRACKING evaluated=807 execution_us=44827 reason=tracking_pose_accepted
x=1.35 y=2.35 yaw=-2.0392 score=0.922418 valid=1 mode=tracking state=TRACKING evaluated=807 execution_us=45216 reason=tracking_pose_accepted
x=1.45 y=2.35 yaw=-2.0925 score=0.905388 valid=1 mode=tracking state=TRACKING evaluated=807 execution_us=45039 reason=tracking_pose_accepted
x=1.5 y=2.3 yaw=-2.19815 score=0.918775 valid=1 mode=tracking state=TRACKING evaluated=807 execution_us=45226 reason=tracking_pose_accepted
x=1.5 y=2.3 yaw=-2.19909 score=0.926933 valid=1 mode=tracking state=TRACKING evaluated=807 execution_us=44274 reason=tracking_pose_accepted
x=1.55 y=2.25 yaw=-2.20002 score=0.934241 valid=1 mode=tracking state=TRACKING evaluated=807 execution_us=44305 reason=tracking_pose_accepted
x=1.6 y=2.25 yaw=-2.27077 score=0.917814 valid=1 mode=tracking state=TRACKING evaluated=807 execution_us=44174 reason=tracking_pose_accepted
x=1.6 y=2.25 yaw=-2.35897 score=0.947417 valid=1 mode=tracking state=TRACKING evaluated=807 execution_us=45009 reason=tracking_pose_accepted
x=1.65 y=2.25 yaw=-2.44717 score=0.943274 valid=1 mode=tracking state=TRACKING evaluated=807 execution_us=44220 reason=tracking_pose_accepted
x=1.65 y=2.25 yaw=-2.50046 score=0.965725 valid=1 mode=tracking state=TRACKING evaluated=807 execution_us=44420 reason=tracking_pose_accepted
x=1.7 y=2.25 yaw=-2.5014 score=0.965137 valid=1 mode=tracking state=TRACKING evaluated=807 execution_us=45673 reason=tracking_pose_accepted
x=1.7 y=2.25 yaw=-2.46743 score=0.955683 valid=1 mode=tracking state=TRACKING evaluated=807 execution_us=44793 reason=tracking_pose_accepted
x=1.75 y=2.25 yaw=-2.45091 score=0.979635 valid=1 mode=tracking state=TRACKING evaluated=807 execution_us=44838 reason=tracking_pose_accepted
x=1.8 y=2.2 yaw=-2.38203 score=0.974043 valid=1 mode=tracking state=TRACKING evaluated=807 execution_us=44794 reason=tracking_pose_accepted
x=1.85 y=2.2 yaw=-2.31315 score=0.961695 valid=1 mode=tracking state=TRACKING evaluated=789 execution_us=43546 reason=tracking_pose_accepted
x=1.85 y=2.19999 yaw=-2.27918 score=0.952308 valid=1 mode=tracking state=TRACKING evaluated=807 execution_us=44563 reason=tracking_pose_accepted
x=1.9 y=2.19999 yaw=-2.2103 score=0.972497 valid=1 mode=tracking state=TRACKING evaluated=807 execution_us=44729 reason=tracking_pose_accepted
x=1.95 y=2.19999 yaw=-2.15887 score=0.969279 valid=1 mode=tracking state=TRACKING evaluated=807 execution_us=44686 reason=tracking_pose_accepted
x=1.95 y=2.19999 yaw=-2.1249 score=0.944079 valid=1 mode=tracking state=TRACKING evaluated=789 execution_us=43785 reason=tracking_pose_accepted
x=2 y=2.19999 yaw=-2.17819 score=0.949891 valid=1 mode=tracking state=TRACKING evaluated=789 execution_us=43314 reason=tracking_pose_accepted
x=2.05 y=2.19999 yaw=-2.28385 score=0.932002 valid=1 mode=tracking state=TRACKING evaluated=807 execution_us=43892 reason=tracking_pose_accepted
x=2.1 y=2.14999 yaw=-2.3895 score=0.925501 valid=1 mode=tracking state=TRACKING evaluated=807 execution_us=44346 reason=tracking_pose_accepted
x=2.1 y=2.14999 yaw=-2.53006 score=0.932709 valid=1 mode=tracking state=TRACKING evaluated=807 execution_us=44580 reason=tracking_pose_accepted
x=2.15 y=2.09999 yaw=-2.67062 score=0.949407 valid=1 mode=tracking state=TRACKING evaluated=807 execution_us=44248 reason=tracking_pose_accepted
x=2.2 y=2.09999 yaw=-2.81118 score=0.949864 valid=1 mode=tracking state=TRACKING evaluated=807 execution_us=44537 reason=tracking_pose_accepted
x=2.2 y=2.04999 yaw=-2.91684 score=0.952653 valid=1 mode=tracking state=TRACKING evaluated=807 execution_us=44985 reason=tracking_pose_accepted
x=2.25 y=2.04999 yaw=-2.98758 score=0.993696 valid=1 mode=tracking state=TRACKING evaluated=807 execution_us=44970 reason=tracking_pose_accepted
x=2.3 y=2.04999 yaw=-3.04088 score=0.97064 valid=1 mode=tracking state=TRACKING evaluated=807 execution_us=45064 reason=tracking_pose_accepted
x=2.3 y=1.99999 yaw=-3.09417 score=0.991459 valid=1 mode=tracking state=TRACKING evaluated=807 execution_us=45071 reason=tracking_pose_accepted
x=2.35 y=1.99999 yaw=-3.18237 score=0.985721 valid=1 mode=tracking state=TRACKING evaluated=807 execution_us=45104 reason=tracking_pose_accepted
x=2.35 y=1.99999 yaw=-3.32293 score=0.975598 valid=1 mode=tracking state=TRACKING evaluated=807 execution_us=44944 reason=tracking_pose_accepted
x=2.4 y=1.94999 yaw=-3.41113 score=0.948141 valid=1 mode=tracking state=TRACKING evaluated=807 execution_us=45362 reason=tracking_pose_accepted
x=2.45 y=1.94999 yaw=-3.56915 score=0.939651 valid=1 mode=tracking state=TRACKING evaluated=789 execution_us=44334 reason=tracking_pose_accepted
x=2.55 y=1.94999 yaw=-3.6748 score=0.945735 valid=1 mode=tracking state=TRACKING evaluated=789 execution_us=44019 reason=tracking_pose_accepted
x=2.6 y=1.94999 yaw=-3.86772 score=0.935996 valid=1 mode=tracking state=TRACKING evaluated=789 execution_us=44587 reason=tracking_pose_accepted
x=2.7 y=1.94999 yaw=-4.02574 score=0.932208 valid=1 mode=tracking state=TRACKING evaluated=789 execution_us=44161 reason=tracking_pose_accepted
x=2.75 y=1.99999 yaw=-4.23611 score=0.926024 valid=1 mode=tracking state=TRACKING evaluated=789 execution_us=43951 reason=tracking_pose_accepted
x=2.85 y=1.99999 yaw=-4.46394 score=0.970475 valid=1 mode=tracking state=TRACKING evaluated=807 execution_us=45445 reason=tracking_pose_accepted
x=2.9 y=2.04999 yaw=-4.6394 score=0.973901 valid=1 mode=tracking state=TRACKING evaluated=807 execution_us=45371 reason=tracking_pose_accepted
x=3 y=2.04999 yaw=-4.74506 score=0.980871 valid=1 mode=tracking state=TRACKING evaluated=807 execution_us=45662 reason=tracking_pose_accepted
x=3.05 y=2.05 yaw=-4.83326 score=0.983051 valid=1 mode=tracking state=TRACKING evaluated=807 execution_us=45156 reason=tracking_pose_accepted
x=3.1 y=2.05 yaw=-4.90401 score=0.978648 valid=1 mode=tracking state=TRACKING evaluated=807 execution_us=44803 reason=tracking_pose_accepted
x=3.15 y=2.05 yaw=-5.00966 score=0.977757 valid=1 mode=tracking state=TRACKING evaluated=807 execution_us=44767 reason=tracking_pose_accepted
x=3.19999 y=2.1 yaw=-5.06295 score=0.972008 valid=1 mode=tracking state=TRACKING evaluated=807 execution_us=44922 reason=tracking_pose_accepted
x=3.19999 y=2.1 yaw=-5.06389 score=0.981863 valid=1 mode=tracking state=TRACKING evaluated=807 execution_us=44601 reason=tracking_pose_accepted
x=3.24999 y=2.15 yaw=-5.09973 score=0.986466 valid=1 mode=tracking state=TRACKING evaluated=807 execution_us=45174 reason=tracking_pose_accepted
x=3.24999 y=2.15 yaw=-5.10066 score=0.980873 valid=1 mode=tracking state=TRACKING evaluated=789 execution_us=43206 reason=tracking_pose_accepted
x=3.29999 y=2.15 yaw=-5.1365 score=0.979099 valid=1 mode=tracking state=TRACKING evaluated=789 execution_us=43486 reason=tracking_pose_accepted
x=3.29999 y=2.15 yaw=-5.17234 score=0.983534 valid=1 mode=tracking state=TRACKING evaluated=789 execution_us=44116 reason=tracking_pose_accepted
x=3.29999 y=2.15 yaw=-5.19073 score=0.979589 valid=1 mode=tracking state=TRACKING evaluated=789 execution_us=43255 reason=tracking_pose_accepted
x=3.29999 y=2.15 yaw=-5.17421 score=0.97257 valid=1 mode=tracking state=TRACKING evaluated=789 execution_us=43654 reason=tracking_pose_accepted
x=3.24999 y=2.15 yaw=-5.14024 score=0.970754 valid=1 mode=tracking state=TRACKING evaluated=789 execution_us=43760 reason=tracking_pose_accepted
x=3.24999 y=2.15 yaw=-5.15863 score=0.97222 valid=1 mode=tracking state=TRACKING evaluated=789 execution_us=43953 reason=tracking_pose_accepted
x=3.24999 y=2.15 yaw=-5.15956 score=0.971857 valid=1 mode=tracking state=TRACKING evaluated=789 execution_us=43645 reason=tracking_pose_accepted
x=3.29999 y=2.15 yaw=-5.16049 score=0.975375 valid=1 mode=tracking state=TRACKING evaluated=789 execution_us=43383 reason=tracking_pose_accepted
x=3.29999 y=2.15 yaw=-5.17888 score=0.973683 valid=1 mode=tracking state=TRACKING evaluated=789 execution_us=43312 reason=tracking_pose_accepted
x=3.29999 y=2.15 yaw=-5.17982 score=0.964996 valid=1 mode=tracking state=TRACKING evaluated=789 execution_us=44259 reason=tracking_pose_accepted
x=3.24999 y=2.15 yaw=-5.12839 score=0.96896 valid=1 mode=tracking state=TRACKING evaluated=789 execution_us=43335 reason=tracking_pose_accepted
x=3.24999 y=2.15 yaw=-5.09442 score=0.978379 valid=1 mode=tracking state=TRACKING evaluated=789 execution_us=43283 reason=tracking_pose_accepted
x=3.24999 y=2.15 yaw=-5.1128 score=0.976304 valid=1 mode=tracking state=TRACKING evaluated=789 execution_us=43442 reason=tracking_pose_accepted
x=3.24999 y=2.1 yaw=-5.11374 score=0.969422 valid=1 mode=tracking state=TRACKING evaluated=789 execution_us=44024 reason=tracking_pose_accepted
x=3.24999 y=2.1 yaw=-5.11467 score=0.971765 valid=1 mode=tracking state=TRACKING evaluated=807 execution_us=44849 reason=tracking_pose_accepted
x=3.29999 y=2.1 yaw=-5.13306 score=0.970073 valid=1 mode=tracking state=TRACKING evaluated=807 execution_us=44380 reason=tracking_pose_accepted
x=3.29999 y=2.1 yaw=-5.11654 score=0.973776 valid=1 mode=tracking state=TRACKING evaluated=807 execution_us=44480 reason=tracking_pose_accepted
x=3.29999 y=2.1 yaw=-5.11748 score=0.974515 valid=1 mode=tracking state=TRACKING evaluated=807 execution_us=44908 reason=tracking_pose_accepted
x=3.29999 y=2.1 yaw=-5.11841 score=0.974349 valid=1 mode=tracking state=TRACKING evaluated=807 execution_us=44576 reason=tracking_pose_accepted
x=3.29999 y=2.1 yaw=-5.11934 score=0.973916 valid=1 mode=tracking state=TRACKING evaluated=807 execution_us=43851 reason=tracking_pose_accepted
x=3.29999 y=2.1 yaw=-5.12028 score=0.973483 valid=1 mode=tracking state=TRACKING evaluated=807 execution_us=45070 reason=tracking_pose_accepted
x=3.29999 y=2.1 yaw=-5.12121 score=0.974624 valid=1 mode=tracking state=TRACKING evaluated=807 execution_us=44411 reason=tracking_pose_accepted
x=3.29999 y=2.1 yaw=-5.12215 score=0.974669 valid=1 mode=tracking state=TRACKING evaluated=807 execution_us=43986 reason=tracking_pose_accepted
x=3.29999 y=2.1 yaw=-5.12308 score=0.978589 valid=1 mode=tracking state=TRACKING evaluated=807 execution_us=44103 reason=tracking_pose_accepted
x=3.29999 y=2.1 yaw=-5.12401 score=0.978249 valid=1 mode=tracking state=TRACKING evaluated=807 execution_us=44566 reason=tracking_pose_accepted
x=3.29999 y=2.1 yaw=-5.12495 score=0.977433 valid=1 mode=tracking state=TRACKING evaluated=807 execution_us=45202 reason=tracking_pose_accepted
x=3.29999 y=2.1 yaw=-5.12588 score=0.977492 valid=1 mode=tracking state=TRACKING evaluated=807 execution_us=44847 reason=tracking_pose_accepted
x=3.29999 y=2.1 yaw=-5.10936 score=0.975995 valid=1 mode=tracking state=TRACKING evaluated=807 execution_us=44843 reason=tracking_pose_accepted
x=3.29999 y=2.1 yaw=-5.12775 score=0.978182 valid=1 mode=tracking state=TRACKING evaluated=807 execution_us=44978 reason=tracking_pose_accepted
x=3.29999 y=2.1 yaw=-5.12868 score=0.976711 valid=1 mode=tracking state=TRACKING evaluated=807 execution_us=44240 reason=tracking_pose_accepted
x=3.29999 y=2.1 yaw=-5.11217 score=0.975315 valid=1 mode=tracking state=TRACKING evaluated=807 execution_us=45139 reason=tracking_pose_accepted
x=3.29999 y=2.1 yaw=-5.1131 score=0.97428 valid=1 mode=tracking state=TRACKING evaluated=807 execution_us=44760 reason=tracking_pose_accepted
x=3.29999 y=2.1 yaw=-5.13149 score=0.972888 valid=1 mode=tracking state=TRACKING evaluated=807 execution_us=45456 reason=tracking_pose_accepted
x=3.29999 y=2.1 yaw=-5.13242 score=0.972643 valid=1 mode=tracking state=TRACKING evaluated=807 execution_us=44914 reason=tracking_pose_accepted
x=3.24999 y=2.1 yaw=-5.1159 score=0.972663 valid=1 mode=tracking state=TRACKING evaluated=807 execution_us=44715 reason=tracking_pose_accepted
x=3.24999 y=2.1 yaw=-5.11684 score=0.978905 valid=1 mode=tracking state=TRACKING evaluated=807 execution_us=44680 reason=tracking_pose_accepted
x=3.29999 y=2.1 yaw=-5.11777 score=0.967722 valid=1 mode=tracking state=TRACKING evaluated=807 execution_us=45567 reason=tracking_pose_accepted
x=3.29999 y=2.1 yaw=-5.13616 score=0.969127 valid=1 mode=tracking state=TRACKING evaluated=807 execution_us=44517 reason=tracking_pose_accepted
x=3.29999 y=2.1 yaw=-5.11964 score=0.971597 valid=1 mode=tracking state=TRACKING evaluated=807 execution_us=44530 reason=tracking_pose_accepted
x=3.29999 y=2.1 yaw=-5.12057 score=0.972549 valid=1 mode=tracking state=TRACKING evaluated=807 execution_us=45017 reason=tracking_pose_accepted
x=3.29999 y=2.1 yaw=-5.12151 score=0.971186 valid=1 mode=tracking state=TRACKING evaluated=807 execution_us=44649 reason=tracking_pose_accepted
x=3.24999 y=2.1 yaw=-5.12244 score=0.972301 valid=1 mode=tracking state=TRACKING evaluated=807 execution_us=46040 reason=tracking_pose_accepted
x=3.24999 y=2.1 yaw=-5.10592 score=0.975632 valid=1 mode=tracking state=TRACKING evaluated=807 execution_us=44422 reason=tracking_pose_accepted
x=3.29999 y=2.1 yaw=-5.12431 score=0.973397 valid=1 mode=tracking state=TRACKING evaluated=807 execution_us=44902 reason=tracking_pose_accepted
x=3.29999 y=2.1 yaw=-5.12524 score=0.970267 valid=1 mode=tracking state=TRACKING evaluated=807 execution_us=46284 reason=tracking_pose_accepted
x=3.29999 y=2.1 yaw=-5.12618 score=0.973199 valid=1 mode=tracking state=TRACKING evaluated=807 execution_us=43984 reason=tracking_pose_accepted
x=3.29999 y=2.1 yaw=-5.12711 score=0.975944 valid=1 mode=tracking state=TRACKING evaluated=807 execution_us=44613 reason=tracking_pose_accepted
x=3.29999 y=2.1 yaw=-5.12805 score=0.975944 valid=1 mode=tracking state=TRACKING evaluated=807 execution_us=44863 reason=tracking_pose_accepted
x=3.29999 y=2.1 yaw=-5.12898 score=0.971086 valid=1 mode=tracking state=TRACKING evaluated=807 execution_us=43402 reason=tracking_pose_accepted
x=3.24999 y=2.1 yaw=-5.11246 score=0.975003 valid=1 mode=tracking state=TRACKING evaluated=807 execution_us=44161 reason=tracking_pose_accepted
x=3.24999 y=2.1 yaw=-5.11339 score=0.97667 valid=1 mode=tracking state=TRACKING evaluated=807 execution_us=44259 reason=tracking_pose_accepted
x=3.29999 y=2.1 yaw=-5.13178 score=0.97321 valid=1 mode=tracking state=TRACKING evaluated=807 execution_us=44792 reason=tracking_pose_accepted
x=3.24999 y=2.1 yaw=-5.11526 score=0.974333 valid=1 mode=tracking state=TRACKING evaluated=807 execution_us=45219 reason=tracking_pose_accepted
x=3.29999 y=2.1 yaw=-5.13365 score=0.972591 valid=1 mode=tracking state=TRACKING evaluated=807 execution_us=44047 reason=tracking_pose_accepted
x=3.29999 y=2.1 yaw=-5.13458 score=0.974101 valid=1 mode=tracking state=TRACKING evaluated=807 execution_us=44709 reason=tracking_pose_accepted
x=3.29999 y=2.1 yaw=-5.13552 score=0.96934 valid=1 mode=tracking state=TRACKING evaluated=807 execution_us=44564 reason=tracking_pose_accepted
x=3.24998 y=2.1 yaw=-5.119 score=0.971694 valid=1 mode=tracking state=TRACKING evaluated=807 execution_us=44108 reason=tracking_pose_accepted
x=3.29998 y=2.1 yaw=-5.11993 score=0.97388 valid=1 mode=tracking state=TRACKING evaluated=807 execution_us=44436 reason=tracking_pose_accepted
x=3.29998 y=2.1 yaw=-5.13832 score=0.969844 valid=1 mode=tracking state=TRACKING evaluated=807 execution_us=78017 reason=tracking_pose_accepted
x=3.29998 y=2.1 yaw=-5.1218 score=0.969739 valid=1 mode=tracking state=TRACKING evaluated=807 execution_us=59257 reason=tracking_pose_accepted
x=3.29998 y=2.1 yaw=-5.12274 score=0.972466 valid=1 mode=tracking state=TRACKING evaluated=807 execution_us=44776 reason=tracking_pose_accepted
x=3.29998 y=2.1 yaw=-5.12367 score=0.970447 valid=1 mode=tracking state=TRACKING evaluated=807 execution_us=44391 reason=tracking_pose_accepted
x=3.29998 y=2.1 yaw=-5.1246 score=0.968408 valid=1 mode=tracking state=TRACKING evaluated=807 execution_us=45447 reason=tracking_pose_accepted
x=3.24998 y=2.1 yaw=-5.12554 score=0.971457 valid=1 mode=tracking state=TRACKING evaluated=807 execution_us=45083 reason=tracking_pose_accepted
x=3.29998 y=2.1 yaw=-5.12647 score=0.972984 valid=1 mode=tracking state=TRACKING evaluated=807 execution_us=44664 reason=tracking_pose_accepted
x=3.24998 y=2.1 yaw=-5.12741 score=0.971857 valid=1 mode=tracking state=TRACKING evaluated=807 execution_us=44208 reason=tracking_pose_accepted
x=3.29998 y=2.1 yaw=-5.12834 score=0.975081 valid=1 mode=tracking state=TRACKING evaluated=807 execution_us=45050 reason=tracking_pose_accepted
x=3.29998 y=2.1 yaw=-5.12927 score=0.976378 valid=1 mode=tracking state=TRACKING evaluated=807 execution_us=45161 reason=tracking_pose_accepted
x=3.29998 y=2.1 yaw=-5.13021 score=0.972118 valid=1 mode=tracking state=TRACKING evaluated=807 execution_us=44111 reason=tracking_pose_accepted
x=3.29998 y=2.1 yaw=-5.13114 score=0.97154 valid=1 mode=tracking state=TRACKING evaluated=807 execution_us=44800 reason=tracking_pose_accepted
x=3.24998 y=2.1 yaw=-5.11462 score=0.973711 valid=1 mode=tracking state=TRACKING evaluated=807 execution_us=79999 reason=tracking_pose_accepted
x=3.24998 y=2.1 yaw=-5.11556 score=0.972237 valid=1 mode=tracking state=TRACKING evaluated=807 execution_us=64919 reason=tracking_pose_accepted
x=3.29998 y=2.1 yaw=-5.11649 score=0.971069 valid=1 mode=tracking state=TRACKING evaluated=807 execution_us=46940 reason=tracking_pose_accepted
x=3.29998 y=2.1 yaw=-5.11743 score=0.971388 valid=1 mode=tracking state=TRACKING evaluated=807 execution_us=44514 reason=tracking_pose_accepted
x=3.29998 y=2.1 yaw=-5.13581 score=0.970536 valid=1 mode=tracking state=TRACKING evaluated=807 execution_us=45057 reason=tracking_pose_accepted
x=3.29998 y=2.1 yaw=-5.13675 score=0.970413 valid=1 mode=tracking state=TRACKING evaluated=807 execution_us=45013 reason=tracking_pose_accepted
x=3.24998 y=2.1 yaw=-5.12023 score=0.971466 valid=1 mode=tracking state=TRACKING evaluated=807 execution_us=44353 reason=tracking_pose_accepted
x=3.29998 y=2.1 yaw=-5.12116 score=0.972611 valid=1 mode=tracking state=TRACKING evaluated=807 execution_us=45415 reason=tracking_pose_accepted
x=3.24998 y=2.1 yaw=-5.1221 score=0.970797 valid=1 mode=tracking state=TRACKING evaluated=807 execution_us=44793 reason=tracking_pose_accepted
x=3.24998 y=2.1 yaw=-5.12303 score=0.970641 valid=1 mode=tracking state=TRACKING evaluated=807 execution_us=44500 reason=tracking_pose_accepted
x=3.29998 y=2.1 yaw=-5.12396 score=0.969388 valid=1 mode=tracking state=TRACKING evaluated=807 execution_us=43837 reason=tracking_pose_accepted
x=3.29998 y=2.1 yaw=-5.1249 score=0.969893 valid=1 mode=tracking state=TRACKING evaluated=807 execution_us=43888 reason=tracking_pose_accepted
x=3.24998 y=2.1 yaw=-5.12583 score=0.970562 valid=1 mode=tracking state=TRACKING evaluated=807 execution_us=45335 reason=tracking_pose_accepted
x=3.24998 y=2.1 yaw=-5.12677 score=0.971193 valid=1 mode=tracking state=TRACKING evaluated=807 execution_us=44721 reason=tracking_pose_accepted
x=3.29998 y=2.1 yaw=-5.11025 score=0.970483 valid=1 mode=tracking state=TRACKING evaluated=807 execution_us=43872 reason=tracking_pose_accepted
x=3.29998 y=2.1 yaw=-5.12863 score=0.973199 valid=1 mode=tracking state=TRACKING evaluated=807 execution_us=44821 reason=tracking_pose_accepted
x=3.29998 y=2.1 yaw=-5.12957 score=0.975699 valid=1 mode=tracking state=TRACKING evaluated=807 execution_us=45044 reason=tracking_pose_accepted
x=3.29998 y=2.1 yaw=-5.1305 score=0.972966 valid=1 mode=tracking state=TRACKING evaluated=807 execution_us=44371 reason=tracking_pose_accepted
x=3.29998 y=2.1 yaw=-5.13144 score=0.973932 valid=1 mode=tracking state=TRACKING evaluated=807 execution_us=44950 reason=tracking_pose_accepted
x=3.29998 y=2.1 yaw=-5.13237 score=0.969397 valid=1 mode=tracking state=TRACKING evaluated=807 execution_us=43888 reason=tracking_pose_accepted
x=3.24997 y=2.1 yaw=-5.11585 score=0.96966 valid=1 mode=tracking state=TRACKING evaluated=807 execution_us=44866 reason=tracking_pose_accepted
x=3.29997 y=2.1 yaw=-5.11679 score=0.97037 valid=1 mode=tracking state=TRACKING evaluated=807 execution_us=44581 reason=tracking_pose_accepted
x=3.29997 y=2.1 yaw=-5.11772 score=0.97313 valid=1 mode=tracking state=TRACKING evaluated=807 execution_us=44739 reason=tracking_pose_accepted
x=3.29997 y=2.1 yaw=-5.13611 score=0.970677 valid=1 mode=tracking state=TRACKING evaluated=807 execution_us=44607 reason=tracking_pose_accepted
x=3.29997 y=2.1 yaw=-5.11959 score=0.971304 valid=1 mode=tracking state=TRACKING evaluated=807 execution_us=44494 reason=tracking_pose_accepted
x=3.29997 y=2.1 yaw=-5.13798 score=0.971322 valid=1 mode=tracking state=TRACKING evaluated=807 execution_us=44616 reason=tracking_pose_accepted
x=3.29997 y=2.1 yaw=-5.12146 score=0.970916 valid=1 mode=tracking state=TRACKING evaluated=807 execution_us=44626 reason=tracking_pose_accepted
x=3.29997 y=2.1 yaw=-5.12239 score=0.970604 valid=1 mode=tracking state=TRACKING evaluated=807 execution_us=44098 reason=tracking_pose_accepted
x=3.29997 y=2.1 yaw=-5.12332 score=0.970333 valid=1 mode=tracking state=TRACKING evaluated=807 execution_us=44815 reason=tracking_pose_accepted
x=3.29997 y=2.1 yaw=-5.12426 score=0.972164 valid=1 mode=tracking state=TRACKING evaluated=807 execution_us=44267 reason=tracking_pose_accepted
x=3.24997 y=2.1 yaw=-5.12519 score=0.968846 valid=1 mode=tracking state=TRACKING evaluated=807 execution_us=44628 reason=tracking_pose_accepted
x=3.29997 y=2.1 yaw=-5.12613 score=0.974222 valid=1 mode=tracking state=TRACKING evaluated=807 execution_us=45477 reason=tracking_pose_accepted
x=3.29997 y=2.1 yaw=-5.12706 score=0.971634 valid=1 mode=tracking state=TRACKING evaluated=807 execution_us=44108 reason=tracking_pose_accepted
x=3.29997 y=2.1 yaw=-5.12799 score=0.973904 valid=1 mode=tracking state=TRACKING evaluated=807 execution_us=44789 reason=tracking_pose_accepted
x=3.29997 y=2.1 yaw=-5.12893 score=0.972028 valid=1 mode=tracking state=TRACKING evaluated=807 execution_us=44546 reason=tracking_pose_accepted
x=3.29997 y=2.1 yaw=-5.12986 score=0.973068 valid=1 mode=tracking state=TRACKING evaluated=807 execution_us=44724 reason=tracking_pose_accepted
x=3.29997 y=2.1 yaw=-5.1308 score=0.970462 valid=1 mode=tracking state=TRACKING evaluated=807 execution_us=44605 reason=tracking_pose_accepted
x=3.29997 y=2.1 yaw=-5.13173 score=0.976605 valid=1 mode=tracking state=TRACKING evaluated=807 execution_us=45186 reason=tracking_pose_accepted
x=3.29997 y=2.1 yaw=-5.13267 score=0.972382 valid=1 mode=tracking state=TRACKING evaluated=807 execution_us=44539 reason=tracking_pose_accepted
x=3.29997 y=2.1 yaw=-5.11615 score=0.971615 valid=1 mode=tracking state=TRACKING evaluated=807 execution_us=45127 reason=tracking_pose_accepted
x=3.29997 y=2.1 yaw=-5.13453 score=0.972076 valid=1 mode=tracking state=TRACKING evaluated=807 execution_us=44718 reason=tracking_pose_accepted
x=3.29997 y=2.1 yaw=-5.13547 score=0.971469 valid=1 mode=tracking state=TRACKING evaluated=807 execution_us=44402 reason=tracking_pose_accepted
x=3.29997 y=2.1 yaw=-5.1364 score=0.968939 valid=1 mode=tracking state=TRACKING evaluated=807 execution_us=45379 reason=tracking_pose_accepted
x=3.29997 y=2.1 yaw=-5.13734 score=0.971342 valid=1 mode=tracking state=TRACKING evaluated=807 execution_us=44798 reason=tracking_pose_accepted
x=3.29997 y=2.1 yaw=-5.12082 score=0.973724 valid=1 mode=tracking state=TRACKING evaluated=807 execution_us=44736 reason=tracking_pose_accepted
x=3.29997 y=2.1 yaw=-5.12175 score=0.973242 valid=1 mode=tracking state=TRACKING evaluated=807 execution_us=45147 reason=tracking_pose_accepted
x=3.29997 y=2.1 yaw=-5.12268 score=0.970759 valid=1 mode=tracking state=TRACKING evaluated=807 execution_us=44782 reason=tracking_pose_accepted
x=3.24997 y=2.1 yaw=-5.12362 score=0.971263 valid=1 mode=tracking state=TRACKING evaluated=807 execution_us=45278 reason=tracking_pose_accepted
x=3.24997 y=2.1 yaw=-5.1071 score=0.976658 valid=1 mode=tracking state=TRACKING evaluated=807 execution_us=44511 reason=tracking_pose_accepted
x=3.29997 y=2.1 yaw=-5.12549 score=0.970133 valid=1 mode=tracking state=TRACKING evaluated=807 execution_us=44494 reason=tracking_pose_accepted
x=3.29997 y=2.1 yaw=-5.12642 score=0.971597 valid=1 mode=tracking state=TRACKING evaluated=807 execution_us=44817 reason=tracking_pose_accepted
x=3.24997 y=2.1 yaw=-5.12736 score=0.970913 valid=1 mode=tracking state=TRACKING evaluated=807 execution_us=44143 reason=tracking_pose_accepted
x=3.24997 y=2.1 yaw=-5.11084 score=0.976533 valid=1 mode=tracking state=TRACKING evaluated=807 execution_us=44431 reason=tracking_pose_accepted
x=3.24997 y=2.1 yaw=-5.12922 score=0.973953 valid=1 mode=tracking state=TRACKING evaluated=807 execution_us=44792 reason=tracking_pose_accepted
x=3.24997 y=2.1 yaw=-5.1127 score=0.980258 valid=1 mode=tracking state=TRACKING evaluated=807 execution_us=44813 reason=tracking_pose_accepted
x=3.24997 y=2.1 yaw=-5.11364 score=0.977441 valid=1 mode=tracking state=TRACKING evaluated=807 execution_us=45567 reason=tracking_pose_accepted
x=3.24997 y=2.1 yaw=-5.13203 score=0.973273 valid=1 mode=tracking state=TRACKING evaluated=807 execution_us=44117 reason=tracking_pose_accepted
x=3.24997 y=2.1 yaw=-5.11551 score=0.97679 valid=1 mode=tracking state=TRACKING evaluated=807 execution_us=45137 reason=tracking_pose_accepted
x=3.24997 y=2.1 yaw=-5.11644 score=0.96967 valid=1 mode=tracking state=TRACKING evaluated=807 execution_us=45409 reason=tracking_pose_accepted
x=3.24997 y=2.1 yaw=-5.09992 score=0.97063 valid=1 mode=tracking state=TRACKING evaluated=807 execution_us=44682 reason=tracking_pose_accepted
x=3.24997 y=2.05 yaw=-5.13576 score=0.983232 valid=1 mode=tracking state=TRACKING evaluated=807 execution_us=44345 reason=tracking_pose_accepted
x=3.24997 y=2.05 yaw=-5.1367 score=0.980756 valid=1 mode=tracking state=TRACKING evaluated=807 execution_us=44799 reason=tracking_pose_accepted
x=3.24997 y=2 yaw=-5.10272 score=0.98699 valid=1 mode=tracking state=TRACKING evaluated=807 execution_us=44675 reason=tracking_pose_accepted
x=3.24997 y=2 yaw=-5.06875 score=0.983573 valid=1 mode=tracking state=TRACKING evaluated=807 execution_us=44380 reason=tracking_pose_accepted
x=3.24997 y=1.95 yaw=-5.06968 score=0.977718 valid=1 mode=tracking state=TRACKING evaluated=807 execution_us=44339 reason=tracking_pose_accepted
x=3.19997 y=1.9 yaw=-5.12298 score=0.972924 valid=1 mode=tracking state=TRACKING evaluated=789 execution_us=43690 reason=tracking_pose_accepted
x=3.19997 y=1.85 yaw=-5.15882 score=0.973433 valid=1 mode=tracking state=TRACKING evaluated=807 execution_us=44932 reason=tracking_pose_accepted
x=3.24997 y=1.8 yaw=-5.15975 score=0.97153 valid=1 mode=tracking state=TRACKING evaluated=807 execution_us=44998 reason=tracking_pose_accepted
x=3.19997 y=1.75 yaw=-5.17814 score=0.977594 valid=1 mode=tracking state=TRACKING evaluated=807 execution_us=45417 reason=tracking_pose_accepted
x=3.24996 y=1.7 yaw=-5.14417 score=0.960316 valid=1 mode=tracking state=TRACKING evaluated=789 execution_us=44828 reason=tracking_pose_accepted
x=3.24996 y=1.65 yaw=-5.18001 score=0.979228 valid=1 mode=tracking state=TRACKING evaluated=807 execution_us=45039 reason=tracking_pose_accepted
x=3.24996 y=1.65 yaw=-5.18094 score=0.971624 valid=1 mode=tracking state=TRACKING evaluated=807 execution_us=46347 reason=tracking_pose_accepted
x=3.24996 y=1.6 yaw=-5.18188 score=0.979931 valid=1 mode=tracking state=TRACKING evaluated=807 execution_us=45763 reason=tracking_pose_accepted
x=3.24996 y=1.55 yaw=-5.1479 score=0.977553 valid=1 mode=tracking state=TRACKING evaluated=807 execution_us=45334 reason=tracking_pose_accepted
x=3.19996 y=1.55 yaw=-5.18374 score=0.979412 valid=1 mode=tracking state=TRACKING evaluated=807 execution_us=45654 reason=tracking_pose_accepted
x=3.19996 y=1.5 yaw=-5.18468 score=0.983102 valid=1 mode=tracking state=TRACKING evaluated=807 execution_us=45032 reason=tracking_pose_accepted
x=3.19996 y=1.5 yaw=-5.22052 score=0.981303 valid=1 mode=tracking state=TRACKING evaluated=807 execution_us=45086 reason=tracking_pose_accepted
x=3.19996 y=1.5 yaw=-5.25636 score=0.980052 valid=1 mode=tracking state=TRACKING evaluated=807 execution_us=46571 reason=tracking_pose_accepted
x=3.19996 y=1.45 yaw=-5.2922 score=0.984016 valid=1 mode=tracking state=TRACKING evaluated=807 execution_us=45581 reason=tracking_pose_accepted
x=3.24996 y=1.5 yaw=-5.27568 score=0.979674 valid=1 mode=tracking state=TRACKING evaluated=807 execution_us=45571 reason=tracking_pose_accepted
x=3.24996 y=1.5 yaw=-5.25916 score=0.989751 valid=1 mode=tracking state=TRACKING evaluated=807 execution_us=45584 reason=tracking_pose_accepted
x=3.24996 y=1.5 yaw=-5.26009 score=0.987201 valid=1 mode=tracking state=TRACKING evaluated=807 execution_us=44682 reason=tracking_pose_accepted
x=3.24996 y=1.5 yaw=-5.29593 score=0.994185 valid=1 mode=tracking state=TRACKING evaluated=807 execution_us=45219 reason=tracking_pose_accepted
x=3.24996 y=1.5 yaw=-5.29687 score=0.989765 valid=1 mode=tracking state=TRACKING evaluated=807 execution_us=45421 reason=tracking_pose_accepted
x=3.24996 y=1.5 yaw=-5.2978 score=0.986646 valid=1 mode=tracking state=TRACKING evaluated=807 execution_us=44929 reason=tracking_pose_accepted
x=3.24996 y=1.5 yaw=-5.26383 score=0.98148 valid=1 mode=tracking state=TRACKING evaluated=807 execution_us=45518 reason=tracking_pose_accepted
x=3.24996 y=1.5 yaw=-5.22986 score=0.982979 valid=1 mode=tracking state=TRACKING evaluated=807 execution_us=44912 reason=tracking_pose_accepted
x=3.24996 y=1.5 yaw=-5.23079 score=0.990361 valid=1 mode=tracking state=TRACKING evaluated=807 execution_us=44924 reason=tracking_pose_accepted
x=3.24996 y=1.5 yaw=-5.19682 score=0.986591 valid=1 mode=tracking state=TRACKING evaluated=807 execution_us=45557 reason=tracking_pose_accepted
x=3.24996 y=1.5 yaw=-5.1803 score=0.99144 valid=1 mode=tracking state=TRACKING evaluated=807 execution_us=45489 reason=tracking_pose_accepted
x=3.24996 y=1.5 yaw=-5.16378 score=0.99324 valid=1 mode=tracking state=TRACKING evaluated=807 execution_us=44813 reason=tracking_pose_accepted
x=3.24996 y=1.5 yaw=-5.16471 score=0.997637 valid=1 mode=tracking state=TRACKING evaluated=807 execution_us=45631 reason=tracking_pose_accepted
x=3.24996 y=1.5 yaw=-5.16565 score=0.991678 valid=1 mode=tracking state=TRACKING evaluated=807 execution_us=51025 reason=tracking_pose_accepted
x=3.24996 y=1.5 yaw=-5.13167 score=0.984991 valid=1 mode=tracking state=TRACKING evaluated=807 execution_us=45548 reason=tracking_pose_accepted
x=3.24996 y=1.5 yaw=-5.13261 score=0.988184 valid=1 mode=tracking state=TRACKING evaluated=807 execution_us=45094 reason=tracking_pose_accepted
x=3.24996 y=1.5 yaw=-5.13354 score=0.986901 valid=1 mode=tracking state=TRACKING evaluated=807 execution_us=44582 reason=tracking_pose_accepted
x=3.24996 y=1.5 yaw=-5.13447 score=0.986084 valid=1 mode=tracking state=TRACKING evaluated=807 execution_us=45940 reason=tracking_pose_accepted
x=3.24996 y=1.5 yaw=-5.13541 score=0.990819 valid=1 mode=tracking state=TRACKING evaluated=807 execution_us=44740 reason=tracking_pose_accepted
x=3.24996 y=1.5 yaw=-5.13634 score=0.984365 valid=1 mode=tracking state=TRACKING evaluated=807 execution_us=44790 reason=tracking_pose_accepted
x=3.24996 y=1.5 yaw=-5.13727 score=0.984529 valid=1 mode=tracking state=TRACKING evaluated=807 execution_us=45316 reason=tracking_pose_accepted
x=3.24996 y=1.5 yaw=-5.13821 score=0.986921 valid=1 mode=tracking state=TRACKING evaluated=807 execution_us=45090 reason=tracking_pose_accepted
x=3.24996 y=1.5 yaw=-5.12169 score=0.98845 valid=1 mode=tracking state=TRACKING evaluated=807 execution_us=45684 reason=tracking_pose_accepted
x=3.24996 y=1.5 yaw=-5.12262 score=0.986881 valid=1 mode=tracking state=TRACKING evaluated=807 execution_us=45406 reason=tracking_pose_accepted
x=3.24996 y=1.5 yaw=-5.12356 score=0.987905 valid=1 mode=tracking state=TRACKING evaluated=807 execution_us=44797 reason=tracking_pose_accepted
x=3.24996 y=1.5 yaw=-5.10704 score=0.986454 valid=1 mode=tracking state=TRACKING evaluated=807 execution_us=45524 reason=tracking_pose_accepted
x=3.24996 y=1.5 yaw=-5.10797 score=0.988071 valid=1 mode=tracking state=TRACKING evaluated=807 execution_us=44785 reason=tracking_pose_accepted
x=3.24996 y=1.5 yaw=-5.1089 score=0.993342 valid=1 mode=tracking state=TRACKING evaluated=807 execution_us=45253 reason=tracking_pose_accepted
x=3.24996 y=1.5 yaw=-5.10984 score=0.991747 valid=1 mode=tracking state=TRACKING evaluated=807 execution_us=45433 reason=tracking_pose_accepted
x=3.24996 y=1.5 yaw=-5.11077 score=0.992054 valid=1 mode=tracking state=TRACKING evaluated=807 execution_us=45076 reason=tracking_pose_accepted
x=3.24996 y=1.5 yaw=-5.1117 score=0.984489 valid=1 mode=tracking state=TRACKING evaluated=807 execution_us=44932 reason=tracking_pose_accepted
x=3.24996 y=1.5 yaw=-5.11264 score=0.989136 valid=1 mode=tracking state=TRACKING evaluated=807 execution_us=45314 reason=tracking_pose_accepted
x=3.24996 y=1.5 yaw=-5.11357 score=0.987917 valid=1 mode=tracking state=TRACKING evaluated=807 execution_us=45107 reason=tracking_pose_accepted
x=3.24996 y=1.5 yaw=-5.13196 score=0.987113 valid=1 mode=tracking state=TRACKING evaluated=807 execution_us=45619 reason=tracking_pose_accepted
x=3.24996 y=1.5 yaw=-5.13289 score=0.987377 valid=1 mode=tracking state=TRACKING evaluated=807 execution_us=45043 reason=tracking_pose_accepted
x=3.24996 y=1.5 yaw=-5.13383 score=0.987657 valid=1 mode=tracking state=TRACKING evaluated=807 execution_us=44764 reason=tracking_pose_accepted
x=3.24996 y=1.5 yaw=-5.11731 score=0.988122 valid=1 mode=tracking state=TRACKING evaluated=807 execution_us=44986 reason=tracking_pose_accepted
x=3.24996 y=1.5 yaw=-5.15315 score=0.988679 valid=1 mode=tracking state=TRACKING evaluated=807 execution_us=44990 reason=tracking_pose_accepted
x=3.24996 y=1.5 yaw=-5.15408 score=0.988317 valid=1 mode=tracking state=TRACKING evaluated=807 execution_us=46443 reason=tracking_pose_accepted
x=3.24996 y=1.5 yaw=-5.13756 score=0.985299 valid=1 mode=tracking state=TRACKING evaluated=807 execution_us=45294 reason=tracking_pose_accepted
x=3.24996 y=1.5 yaw=-5.1385 score=0.985566 valid=1 mode=tracking state=TRACKING evaluated=807 execution_us=45475 reason=tracking_pose_accepted
x=3.24996 y=1.5 yaw=-5.13943 score=0.987334 valid=1 mode=tracking state=TRACKING evaluated=807 execution_us=46058 reason=tracking_pose_accepted
x=3.24996 y=1.5 yaw=-5.14036 score=0.985453 valid=1 mode=tracking state=TRACKING evaluated=807 execution_us=45238 reason=tracking_pose_accepted
x=3.24996 y=1.5 yaw=-5.1413 score=0.982281 valid=1 mode=tracking state=TRACKING evaluated=807 execution_us=45373 reason=tracking_pose_accepted
x=3.24996 y=1.5 yaw=-5.12478 score=0.983037 valid=1 mode=tracking state=TRACKING evaluated=807 execution_us=45858 reason=tracking_pose_accepted
x=3.24996 y=1.5 yaw=-5.16062 score=0.988133 valid=1 mode=tracking state=TRACKING evaluated=807 execution_us=45254 reason=tracking_pose_accepted
x=3.24996 y=1.5 yaw=-5.12664 score=0.987939 valid=1 mode=tracking state=TRACKING evaluated=807 execution_us=45328 reason=tracking_pose_accepted
x=3.24996 y=1.5 yaw=-5.14503 score=0.987754 valid=1 mode=tracking state=TRACKING evaluated=807 execution_us=45396 reason=tracking_pose_accepted
x=3.24996 y=1.5 yaw=-5.12851 score=0.988462 valid=1 mode=tracking state=TRACKING evaluated=807 execution_us=44870 reason=tracking_pose_accepted
x=3.24996 y=1.5 yaw=-5.12945 score=0.98726 valid=1 mode=tracking state=TRACKING evaluated=807 execution_us=45150 reason=tracking_pose_accepted
x=3.24996 y=1.5 yaw=-5.13038 score=0.984569 valid=1 mode=tracking state=TRACKING evaluated=807 execution_us=45219 reason=tracking_pose_accepted
x=3.24996 y=1.5 yaw=-5.13131 score=0.980689 valid=1 mode=tracking state=TRACKING evaluated=807 execution_us=45204 reason=tracking_pose_accepted
x=3.24996 y=1.5 yaw=-5.13225 score=0.974828 valid=1 mode=tracking state=TRACKING evaluated=807 execution_us=45688 reason=tracking_pose_accepted
x=3.24996 y=1.5 yaw=-5.13318 score=0.983984 valid=1 mode=tracking state=TRACKING evaluated=807 execution_us=44908 reason=tracking_pose_accepted
x=3.24996 y=1.5 yaw=-5.13412 score=0.986028 valid=1 mode=tracking state=TRACKING evaluated=807 execution_us=45031 reason=tracking_pose_accepted
x=3.24996 y=1.5 yaw=-5.13505 score=0.984797 valid=1 mode=tracking state=TRACKING evaluated=807 execution_us=44985 reason=tracking_pose_accepted
x=3.24996 y=1.5 yaw=-5.13598 score=0.9829 valid=1 mode=tracking state=TRACKING evaluated=807 execution_us=44845 reason=tracking_pose_accepted
x=3.24996 y=1.45 yaw=-5.13692 score=0.978918 valid=1 mode=tracking state=TRACKING evaluated=807 execution_us=45172 reason=tracking_pose_accepted
x=3.24996 y=1.5 yaw=-5.1553 score=0.984109 valid=1 mode=tracking state=TRACKING evaluated=807 execution_us=45211 reason=tracking_pose_accepted
x=3.24996 y=1.5 yaw=-5.15624 score=0.986377 valid=1 mode=tracking state=TRACKING evaluated=807 execution_us=46030 reason=tracking_pose_accepted
x=3.24996 y=1.5 yaw=-5.15717 score=0.989093 valid=1 mode=tracking state=TRACKING evaluated=807 execution_us=45689 reason=tracking_pose_accepted
x=3.24996 y=1.5 yaw=-5.1581 score=0.989556 valid=1 mode=tracking state=TRACKING evaluated=807 execution_us=44763 reason=tracking_pose_accepted
x=3.24996 y=1.5 yaw=-5.15904 score=0.988995 valid=1 mode=tracking state=TRACKING evaluated=807 execution_us=45358 reason=tracking_pose_accepted
x=3.24996 y=1.5 yaw=-5.15997 score=0.988215 valid=1 mode=tracking state=TRACKING evaluated=807 execution_us=45513 reason=tracking_pose_accepted
x=3.24996 y=1.5 yaw=-5.16091 score=0.987155 valid=1 mode=tracking state=TRACKING evaluated=807 execution_us=45047 reason=tracking_pose_accepted
x=3.24996 y=1.5 yaw=-5.16184 score=0.987731 valid=1 mode=tracking state=TRACKING evaluated=807 execution_us=45084 reason=tracking_pose_accepted
x=3.24996 y=1.5 yaw=-5.16277 score=0.986341 valid=1 mode=tracking state=TRACKING evaluated=807 execution_us=45234 reason=tracking_pose_accepted
x=3.24996 y=1.5 yaw=-5.16371 score=0.986846 valid=1 mode=tracking state=TRACKING evaluated=807 execution_us=44941 reason=tracking_pose_accepted
x=3.24996 y=1.5 yaw=-5.12973 score=0.985222 valid=1 mode=tracking state=TRACKING evaluated=807 execution_us=45209 reason=tracking_pose_accepted
x=3.24996 y=1.5 yaw=-5.13067 score=0.985918 valid=1 mode=tracking state=TRACKING evaluated=807 execution_us=44466 reason=tracking_pose_accepted
x=3.24996 y=1.5 yaw=-5.1316 score=0.98209 valid=1 mode=tracking state=TRACKING evaluated=807 execution_us=44918 reason=tracking_pose_accepted
x=3.24996 y=1.5 yaw=-5.13253 score=0.97837 valid=1 mode=tracking state=TRACKING evaluated=807 execution_us=45485 reason=tracking_pose_accepted
x=3.24996 y=1.5 yaw=-5.13347 score=0.983872 valid=1 mode=tracking state=TRACKING evaluated=807 execution_us=44803 reason=tracking_pose_accepted
x=3.24996 y=1.5 yaw=-5.1344 score=0.984488 valid=1 mode=tracking state=TRACKING evaluated=807 execution_us=45210 reason=tracking_pose_accepted
x=3.24996 y=1.5 yaw=-5.13534 score=0.984756 valid=1 mode=tracking state=TRACKING evaluated=807 execution_us=45246 reason=tracking_pose_accepted
x=3.24996 y=1.5 yaw=-5.13627 score=0.983913 valid=1 mode=tracking state=TRACKING evaluated=807 execution_us=45054 reason=tracking_pose_accepted
x=3.24996 y=1.5 yaw=-5.1372 score=0.980947 valid=1 mode=tracking state=TRACKING evaluated=807 execution_us=45378 reason=tracking_pose_accepted
x=3.24996 y=1.5 yaw=-5.13814 score=0.979715 valid=1 mode=tracking state=TRACKING evaluated=807 execution_us=45483 reason=tracking_pose_accepted
x=3.24996 y=1.5 yaw=-5.13907 score=0.980075 valid=1 mode=tracking state=TRACKING evaluated=807 execution_us=45298 reason=tracking_pose_accepted
x=3.24996 y=1.5 yaw=-5.14001 score=0.983478 valid=1 mode=tracking state=TRACKING evaluated=807 execution_us=45421 reason=tracking_pose_accepted
x=3.24996 y=1.5 yaw=-5.14094 score=0.982904 valid=1 mode=tracking state=TRACKING evaluated=807 execution_us=44938 reason=tracking_pose_accepted
x=3.24996 y=1.5 yaw=-5.14187 score=0.983124 valid=1 mode=tracking state=TRACKING evaluated=807 execution_us=44856 reason=tracking_pose_accepted
x=3.24996 y=1.5 yaw=-5.14281 score=0.982419 valid=1 mode=tracking state=TRACKING evaluated=807 execution_us=45642 reason=tracking_pose_accepted
x=3.24996 y=1.5 yaw=-5.12629 score=0.983212 valid=1 mode=tracking state=TRACKING evaluated=807 execution_us=45407 reason=tracking_pose_accepted
x=3.24996 y=1.5 yaw=-5.16213 score=0.987356 valid=1 mode=tracking state=TRACKING evaluated=807 execution_us=44998 reason=tracking_pose_accepted
x=3.24996 y=1.5 yaw=-5.16306 score=0.986537 valid=1 mode=tracking state=TRACKING evaluated=807 execution_us=45491 reason=tracking_pose_accepted
x=3.24996 y=1.5 yaw=-5.12909 score=0.984602 valid=1 mode=tracking state=TRACKING evaluated=807 execution_us=44991 reason=tracking_pose_accepted
x=3.24996 y=1.5 yaw=-5.13002 score=0.986065 valid=1 mode=tracking state=TRACKING evaluated=807 execution_us=45865 reason=tracking_pose_accepted
x=3.24996 y=1.5 yaw=-5.13096 score=0.9863 valid=1 mode=tracking state=TRACKING evaluated=807 execution_us=45073 reason=tracking_pose_accepted
x=3.24996 y=1.5 yaw=-5.13189 score=0.985335 valid=1 mode=tracking state=TRACKING evaluated=807 execution_us=44727 reason=tracking_pose_accepted
x=3.24996 y=1.5 yaw=-5.13282 score=0.983254 valid=1 mode=tracking state=TRACKING evaluated=807 execution_us=45587 reason=tracking_pose_accepted
x=3.24996 y=1.5 yaw=-5.13376 score=0.981136 valid=1 mode=tracking state=TRACKING evaluated=807 execution_us=45328 reason=tracking_pose_accepted
x=3.24996 y=1.5 yaw=-5.13469 score=0.982327 valid=1 mode=tracking state=TRACKING evaluated=807 execution_us=44977 reason=tracking_pose_accepted
x=3.24996 y=1.5 yaw=-5.13562 score=0.979861 valid=1 mode=tracking state=TRACKING evaluated=807 execution_us=45471 reason=tracking_pose_accepted
x=3.24996 y=1.5 yaw=-5.13656 score=0.983607 valid=1 mode=tracking state=TRACKING evaluated=807 execution_us=45160 reason=tracking_pose_accepted
x=3.24996 y=1.5 yaw=-5.13749 score=0.980023 valid=1 mode=tracking state=TRACKING evaluated=807 execution_us=45070 reason=tracking_pose_accepted
x=3.24996 y=1.5 yaw=-5.13843 score=0.97946 valid=1 mode=tracking state=TRACKING evaluated=807 execution_us=45234 reason=tracking_pose_accepted
x=3.24996 y=1.5 yaw=-5.13936 score=0.982945 valid=1 mode=tracking state=TRACKING evaluated=807 execution_us=45018 reason=tracking_pose_accepted
x=3.24996 y=1.5 yaw=-5.14029 score=0.979153 valid=1 mode=tracking state=TRACKING evaluated=807 execution_us=45506 reason=tracking_pose_accepted
x=3.24996 y=1.5 yaw=-5.14123 score=0.980947 valid=1 mode=tracking state=TRACKING evaluated=807 execution_us=44856 reason=tracking_pose_accepted
x=3.24996 y=1.5 yaw=-5.14216 score=0.982945 valid=1 mode=tracking state=TRACKING evaluated=807 execution_us=45001 reason=tracking_pose_accepted
x=3.24996 y=1.5 yaw=-5.14309 score=0.979353 valid=1 mode=tracking state=TRACKING evaluated=807 execution_us=44779 reason=tracking_pose_accepted
x=3.24996 y=1.5 yaw=-5.12657 score=0.980023 valid=1 mode=tracking state=TRACKING evaluated=807 execution_us=44959 reason=tracking_pose_accepted
x=3.24996 y=1.5 yaw=-5.16242 score=0.986642 valid=1 mode=tracking state=TRACKING evaluated=807 execution_us=45234 reason=tracking_pose_accepted
x=3.24996 y=1.5 yaw=-5.16335 score=0.985956 valid=1 mode=tracking state=TRACKING evaluated=807 execution_us=45596 reason=tracking_pose_accepted
x=3.24996 y=1.5 yaw=-5.12938 score=0.984722 valid=1 mode=tracking state=TRACKING evaluated=807 execution_us=45079 reason=tracking_pose_accepted
x=3.24996 y=1.5 yaw=-5.13031 score=0.980177 valid=1 mode=tracking state=TRACKING evaluated=807 execution_us=45496 reason=tracking_pose_accepted
x=3.24996 y=1.5 yaw=-5.13124 score=0.982173 valid=1 mode=tracking state=TRACKING evaluated=807 execution_us=44887 reason=tracking_pose_accepted
x=3.24996 y=1.5 yaw=-5.13218 score=0.982794 valid=1 mode=tracking state=TRACKING evaluated=807 execution_us=44806 reason=tracking_pose_accepted
x=3.24996 y=1.5 yaw=-5.13311 score=0.984756 valid=1 mode=tracking state=TRACKING evaluated=807 execution_us=44929 reason=tracking_pose_accepted
x=3.24996 y=1.5 yaw=-5.13404 score=0.984448 valid=1 mode=tracking state=TRACKING evaluated=807 execution_us=44731 reason=tracking_pose_accepted
x=3.24996 y=1.5 yaw=-5.13498 score=0.983434 valid=1 mode=tracking state=TRACKING evaluated=807 execution_us=44826 reason=tracking_pose_accepted
x=3.24996 y=1.5 yaw=-5.13591 score=0.980639 valid=1 mode=tracking state=TRACKING evaluated=807 execution_us=45286 reason=tracking_pose_accepted
x=3.24996 y=1.5 yaw=-5.13685 score=0.983122 valid=1 mode=tracking state=TRACKING evaluated=807 execution_us=45507 reason=tracking_pose_accepted
x=3.24996 y=1.5 yaw=-5.13778 score=0.979555 valid=1 mode=tracking state=TRACKING evaluated=807 execution_us=45702 reason=tracking_pose_accepted
x=3.24996 y=1.5 yaw=-5.13871 score=0.980689 valid=1 mode=tracking state=TRACKING evaluated=807 execution_us=45359 reason=tracking_pose_accepted
x=3.24996 y=1.5 yaw=-5.13965 score=0.983124 valid=1 mode=tracking state=TRACKING evaluated=807 execution_us=44884 reason=tracking_pose_accepted
x=3.24996 y=1.5 yaw=-5.14058 score=0.979809 valid=1 mode=tracking state=TRACKING evaluated=807 execution_us=45845 reason=tracking_pose_accepted
x=3.24996 y=1.5 yaw=-5.14151 score=0.982681 valid=1 mode=tracking state=TRACKING evaluated=807 execution_us=45051 reason=tracking_pose_accepted
x=3.24996 y=1.5 yaw=-5.14245 score=0.980279 valid=1 mode=tracking state=TRACKING evaluated=807 execution_us=45100 reason=tracking_pose_accepted
x=3.24996 y=1.5 yaw=-5.14338 score=0.98171 valid=1 mode=tracking state=TRACKING evaluated=807 execution_us=45228 reason=tracking_pose_accepted
x=3.24996 y=1.5 yaw=-5.12686 score=0.982859 valid=1 mode=tracking state=TRACKING evaluated=807 execution_us=44802 reason=tracking_pose_accepted
x=3.24996 y=1.5 yaw=-5.1627 score=0.987455 valid=1 mode=tracking state=TRACKING evaluated=807 execution_us=45206 reason=tracking_pose_accepted
x=3.24996 y=1.5 yaw=-5.16364 score=0.985854 valid=1 mode=tracking state=TRACKING evaluated=807 execution_us=45802 reason=tracking_pose_accepted
x=3.24996 y=1.5 yaw=-5.12966 score=0.982794 valid=1 mode=tracking state=TRACKING evaluated=807 execution_us=45372 reason=tracking_pose_accepted
x=3.24996 y=1.5 yaw=-5.1306 score=0.985488 valid=1 mode=tracking state=TRACKING evaluated=807 execution_us=46063 reason=tracking_pose_accepted
x=3.24996 y=1.5 yaw=-5.13153 score=0.985607 valid=1 mode=tracking state=TRACKING evaluated=807 execution_us=45289 reason=tracking_pose_accepted
x=3.24996 y=1.5 yaw=-5.13246 score=0.978581 valid=1 mode=tracking state=TRACKING evaluated=807 execution_us=45255 reason=tracking_pose_accepted
x=3.24996 y=1.5 yaw=-5.1334 score=0.98572 valid=1 mode=tracking state=TRACKING evaluated=807 execution_us=45790 reason=tracking_pose_accepted
x=3.24996 y=1.5 yaw=-5.13433 score=0.979394 valid=1 mode=tracking state=TRACKING evaluated=807 execution_us=44988 reason=tracking_pose_accepted
x=3.24996 y=1.5 yaw=-5.13527 score=0.983478 valid=1 mode=tracking state=TRACKING evaluated=807 execution_us=44984 reason=tracking_pose_accepted
x=3.24996 y=1.5 yaw=-5.1362 score=0.980023 valid=1 mode=tracking state=TRACKING evaluated=807 execution_us=45281 reason=tracking_pose_accepted
x=3.24996 y=1.5 yaw=-5.13713 score=0.98383 valid=1 mode=tracking state=TRACKING evaluated=807 execution_us=44969 reason=tracking_pose_accepted
x=3.24996 y=1.5 yaw=-5.13807 score=0.980639 valid=1 mode=tracking state=TRACKING evaluated=807 execution_us=45472 reason=tracking_pose_accepted
x=3.24996 y=1.5 yaw=-5.139 score=0.979248 valid=1 mode=tracking state=TRACKING evaluated=807 execution_us=45462 reason=tracking_pose_accepted
x=3.24996 y=1.5 yaw=-5.13993 score=0.983297 valid=1 mode=tracking state=TRACKING evaluated=807 execution_us=44902 reason=tracking_pose_accepted
x=3.24996 y=1.5 yaw=-5.14087 score=0.978887 valid=1 mode=tracking state=TRACKING evaluated=807 execution_us=45656 reason=tracking_pose_accepted
x=3.24996 y=1.5 yaw=-5.1418 score=0.980331 valid=1 mode=tracking state=TRACKING evaluated=807 execution_us=44865 reason=tracking_pose_accepted
x=3.24996 y=1.5 yaw=-5.14274 score=0.982465 valid=1 mode=tracking state=TRACKING evaluated=807 execution_us=45258 reason=tracking_pose_accepted
x=3.24996 y=1.5 yaw=-5.14367 score=0.982681 valid=1 mode=tracking state=TRACKING evaluated=807 execution_us=45242 reason=tracking_pose_accepted
x=3.24996 y=1.5 yaw=-5.1446 score=0.980372 valid=1 mode=tracking state=TRACKING evaluated=807 execution_us=45101 reason=tracking_pose_accepted
x=3.24996 y=1.45 yaw=-5.14554 score=0.982949 valid=1 mode=tracking state=TRACKING evaluated=807 execution_us=45438 reason=tracking_pose_accepted
x=3.24996 y=1.5 yaw=-5.16392 score=0.986805 valid=1 mode=tracking state=TRACKING evaluated=807 execution_us=44889 reason=tracking_pose_accepted
x=3.24996 y=1.5 yaw=-5.12995 score=0.981408 valid=1 mode=tracking state=TRACKING evaluated=807 execution_us=45050 reason=tracking_pose_accepted
x=3.24996 y=1.5 yaw=-5.13088 score=0.982225 valid=1 mode=tracking state=TRACKING evaluated=807 execution_us=45574 reason=tracking_pose_accepted
x=3.24996 y=1.5 yaw=-5.13182 score=0.981918 valid=1 mode=tracking state=TRACKING evaluated=807 execution_us=44905 reason=tracking_pose_accepted
x=3.24996 y=1.5 yaw=-5.13275 score=0.981393 valid=1 mode=tracking state=TRACKING evaluated=807 execution_us=45513 reason=tracking_pose_accepted
x=3.24996 y=1.5 yaw=-5.13369 score=0.986789 valid=1 mode=tracking state=TRACKING evaluated=807 execution_us=45547 reason=tracking_pose_accepted
x=3.24996 y=1.5 yaw=-5.13462 score=0.986483 valid=1 mode=tracking state=TRACKING evaluated=807 execution_us=45480 reason=tracking_pose_accepted
x=3.24996 y=1.5 yaw=-5.15301 score=0.984868 valid=1 mode=tracking state=TRACKING evaluated=807 execution_us=44984 reason=tracking_pose_accepted
x=3.24996 y=1.55 yaw=-5.15394 score=0.986663 valid=1 mode=tracking state=TRACKING evaluated=807 execution_us=45407 reason=tracking_pose_accepted
x=3.24996 y=1.55 yaw=-5.13742 score=0.984508 valid=1 mode=tracking state=TRACKING evaluated=807 execution_us=45188 reason=tracking_pose_accepted
x=3.24996 y=1.6 yaw=-5.13836 score=0.978156 valid=1 mode=tracking state=TRACKING evaluated=807 execution_us=45801 reason=tracking_pose_accepted
x=3.24996 y=1.65 yaw=-5.12184 score=0.976296 valid=1 mode=tracking state=TRACKING evaluated=807 execution_us=44754 reason=tracking_pose_accepted
x=3.19996 y=1.7 yaw=-5.12277 score=0.973348 valid=1 mode=tracking state=TRACKING evaluated=807 execution_us=45250 reason=tracking_pose_accepted
x=3.19996 y=1.8 yaw=-5.0888 score=0.951151 valid=1 mode=tracking state=TRACKING evaluated=807 execution_us=44897 reason=tracking_pose_accepted
x=3.19996 y=1.8 yaw=-5.10719 score=0.982473 valid=1 mode=tracking state=TRACKING evaluated=807 execution_us=44723 reason=tracking_pose_accepted
x=3.19996 y=1.85 yaw=-5.09067 score=0.977548 valid=1 mode=tracking state=TRACKING evaluated=789 execution_us=43321 reason=tracking_pose_accepted
x=3.19996 y=1.9 yaw=-5.07415 score=0.980371 valid=1 mode=tracking state=TRACKING evaluated=807 execution_us=44770 reason=tracking_pose_accepted
x=3.19996 y=1.9 yaw=-5.07508 score=0.957651 valid=1 mode=tracking state=TRACKING evaluated=807 execution_us=44824 reason=tracking_pose_accepted
x=3.19996 y=1.95 yaw=-5.07601 score=0.96193 valid=1 mode=tracking state=TRACKING evaluated=789 execution_us=44488 reason=tracking_pose_accepted
x=3.19996 y=1.95 yaw=-5.0944 score=0.952378 valid=1 mode=tracking state=TRACKING evaluated=807 execution_us=44557 reason=tracking_pose_accepted
x=3.24996 y=2.05 yaw=-5.06043 score=0.966843 valid=1 mode=tracking state=TRACKING evaluated=807 execution_us=44910 reason=tracking_pose_accepted
x=3.24996 y=2.05 yaw=-5.06136 score=0.973623 valid=1 mode=tracking state=TRACKING evaluated=807 execution_us=46229 reason=tracking_pose_accepted
x=3.29996 y=2.1 yaw=-5.0972 score=0.972239 valid=1 mode=tracking state=TRACKING evaluated=807 execution_us=44710 reason=tracking_pose_accepted
x=3.29996 y=2.15 yaw=-5.16795 score=0.976492 valid=1 mode=tracking state=TRACKING evaluated=789 execution_us=43412 reason=tracking_pose_accepted
x=3.29996 y=2.25 yaw=-5.25615 score=0.977311 valid=1 mode=tracking state=TRACKING evaluated=789 execution_us=43785 reason=tracking_pose_accepted
x=3.29996 y=2.3 yaw=-5.27454 score=0.979448 valid=1 mode=tracking state=TRACKING evaluated=789 execution_us=43583 reason=tracking_pose_accepted
x=3.29996 y=2.35 yaw=-5.25802 score=0.974839 valid=1 mode=tracking state=TRACKING evaluated=789 execution_us=43395 reason=tracking_pose_accepted
x=3.34996 y=2.45 yaw=-5.22405 score=0.958939 valid=1 mode=tracking state=TRACKING evaluated=789 execution_us=43264 reason=tracking_pose_accepted
x=3.34996 y=2.5 yaw=-5.22498 score=0.974134 valid=1 mode=tracking state=TRACKING evaluated=807 execution_us=44629 reason=tracking_pose_accepted
x=3.34996 y=2.55 yaw=-5.20846 score=0.976069 valid=1 mode=tracking state=TRACKING evaluated=789 execution_us=43232 reason=tracking_pose_accepted
x=3.34996 y=2.6 yaw=-5.2094 score=0.987229 valid=1 mode=tracking state=TRACKING evaluated=789 execution_us=43010 reason=tracking_pose_accepted
x=3.39996 y=2.65 yaw=-5.19288 score=0.971228 valid=1 mode=tracking state=TRACKING evaluated=789 execution_us=43458 reason=tracking_pose_accepted
x=3.39996 y=2.7 yaw=-5.17636 score=0.975944 valid=1 mode=tracking state=TRACKING evaluated=807 execution_us=44651 reason=tracking_pose_accepted
x=3.44996 y=2.75 yaw=-5.12493 score=0.969639 valid=1 mode=tracking state=TRACKING evaluated=789 execution_us=43926 reason=tracking_pose_accepted
x=3.49996 y=2.8 yaw=-5.05605 score=0.967081 valid=1 mode=tracking state=TRACKING evaluated=807 execution_us=45209 reason=tracking_pose_accepted
x=3.54996 y=2.9 yaw=-4.98717 score=0.96877 valid=1 mode=tracking state=TRACKING evaluated=807 execution_us=45662 reason=tracking_pose_accepted
x=3.54996 y=2.95 yaw=-4.9532 score=0.978493 valid=1 mode=tracking state=TRACKING evaluated=789 execution_us=44041 reason=tracking_pose_accepted
x=3.59996 y=3 yaw=-4.93668 score=0.966538 valid=1 mode=tracking state=TRACKING evaluated=789 execution_us=44468 reason=tracking_pose_accepted
x=3.59996 y=3.05 yaw=-4.92016 score=0.975858 valid=1 mode=tracking state=TRACKING evaluated=807 execution_us=45166 reason=tracking_pose_accepted
x=3.59996 y=3.1 yaw=-4.9211 score=0.983037 valid=1 mode=tracking state=TRACKING evaluated=789 execution_us=44838 reason=tracking_pose_accepted
x=3.59996 y=3.15 yaw=-4.93948 score=0.987754 valid=1 mode=tracking state=TRACKING evaluated=789 execution_us=44686 reason=tracking_pose_accepted
x=3.59996 y=3.2 yaw=-4.95787 score=0.988039 valid=1 mode=tracking state=TRACKING evaluated=789 execution_us=44020 reason=tracking_pose_accepted
x=3.59996 y=3.25 yaw=-4.97626 score=0.993443 valid=1 mode=tracking state=TRACKING evaluated=789 execution_us=44827 reason=tracking_pose_accepted
x=3.54996 y=3.3 yaw=-4.97719 score=0.986864 valid=1 mode=tracking state=TRACKING evaluated=789 execution_us=42775 reason=tracking_pose_accepted
x=3.59996 y=3.35 yaw=-4.94322 score=0.988748 valid=1 mode=tracking state=TRACKING evaluated=789 execution_us=43118 reason=tracking_pose_accepted
x=3.59996 y=3.4 yaw=-4.90925 score=0.990961 valid=1 mode=tracking state=TRACKING evaluated=807 execution_us=44271 reason=tracking_pose_accepted
x=3.59996 y=3.45 yaw=-4.89273 score=0.992282 valid=1 mode=tracking state=TRACKING evaluated=831 execution_us=46251 reason=tracking_pose_accepted
x=3.54996 y=3.49999 yaw=-4.89366 score=0.986644 valid=1 mode=tracking state=TRACKING evaluated=807 execution_us=45203 reason=tracking_pose_accepted
x=3.54996 y=3.54999 yaw=-4.91205 score=0.990216 valid=1 mode=tracking state=TRACKING evaluated=807 execution_us=45713 reason=tracking_pose_accepted
x=3.49996 y=3.54999 yaw=-4.96535 score=0.98598 valid=1 mode=tracking state=TRACKING evaluated=789 execution_us=44539 reason=tracking_pose_accepted
x=3.49996 y=3.59999 yaw=-5.00119 score=0.992278 valid=1 mode=tracking state=TRACKING evaluated=807 execution_us=45799 reason=tracking_pose_accepted
x=3.44996 y=3.64999 yaw=-5.00212 score=0.992197 valid=1 mode=tracking state=TRACKING evaluated=789 execution_us=45975 reason=tracking_pose_accepted
x=3.39996 y=3.64999 yaw=-5.03796 score=0.987711 valid=1 mode=tracking state=TRACKING evaluated=807 execution_us=46265 reason=tracking_pose_accepted
x=3.34996 y=3.69999 yaw=-5.0738 score=0.988084 valid=1 mode=tracking state=TRACKING evaluated=789 execution_us=45055 reason=tracking_pose_accepted
x=3.29996 y=3.69999 yaw=-5.14455 score=0.984676 valid=1 mode=tracking state=TRACKING evaluated=789 execution_us=45393 reason=tracking_pose_accepted
x=3.29996 y=3.74999 yaw=-5.2153 score=0.984815 valid=1 mode=tracking state=TRACKING evaluated=789 execution_us=45445 reason=tracking_pose_accepted
x=3.24996 y=3.79999 yaw=-5.26859 score=0.983491 valid=1 mode=tracking state=TRACKING evaluated=807 execution_us=46872 reason=tracking_pose_accepted
x=3.19996 y=3.84999 yaw=-5.26953 score=0.990226 valid=1 mode=tracking state=TRACKING evaluated=789 execution_us=45065 reason=tracking_pose_accepted
x=3.19996 y=3.89999 yaw=-5.28791 score=0.989316 valid=1 mode=tracking state=TRACKING evaluated=807 execution_us=46473 reason=tracking_pose_accepted
x=3.14996 y=3.89999 yaw=-5.32375 score=0.988225 valid=1 mode=tracking state=TRACKING evaluated=789 execution_us=45372 reason=tracking_pose_accepted
x=3.09996 y=3.89999 yaw=-5.3945 score=0.973319 valid=1 mode=tracking state=TRACKING evaluated=807 execution_us=46642 reason=tracking_pose_accepted
x=3.04996 y=3.94999 yaw=-5.4827 score=0.97555 valid=1 mode=tracking state=TRACKING evaluated=789 execution_us=45769 reason=tracking_pose_accepted
x=2.99996 y=3.94999 yaw=-5.536 score=0.981534 valid=1 mode=tracking state=TRACKING evaluated=789 execution_us=46161 reason=tracking_pose_accepted
x=2.94996 y=3.89999 yaw=-5.55438 score=0.990596 valid=1 mode=tracking state=TRACKING evaluated=807 execution_us=47179 reason=tracking_pose_accepted
x=2.89996 y=3.89999 yaw=-5.53786 score=0.991221 valid=1 mode=tracking state=TRACKING evaluated=789 execution_us=46597 reason=tracking_pose_accepted
x=2.84996 y=3.89999 yaw=-5.50389 score=0.994172 valid=1 mode=tracking state=TRACKING evaluated=789 execution_us=45923 reason=tracking_pose_accepted
x=2.79996 y=3.89999 yaw=-5.48737 score=0.993629 valid=1 mode=tracking state=TRACKING evaluated=789 execution_us=46197 reason=tracking_pose_accepted
x=2.74996 y=3.84999 yaw=-5.43595 score=0.993036 valid=1 mode=tracking state=TRACKING evaluated=789 execution_us=46732 reason=tracking_pose_accepted
x=2.69996 y=3.84999 yaw=-5.41943 score=0.996453 valid=1 mode=tracking state=TRACKING evaluated=789 execution_us=45990 reason=tracking_pose_accepted
x=2.64996 y=3.84999 yaw=-5.40291 score=0.993438 valid=1 mode=tracking state=TRACKING evaluated=807 execution_us=47089 reason=tracking_pose_accepted
x=2.59996 y=3.84999 yaw=-5.38639 score=0.994073 valid=1 mode=tracking state=TRACKING evaluated=789 execution_us=46164 reason=tracking_pose_accepted
x=2.59996 y=3.84999 yaw=-5.33496 score=0.98948 valid=1 mode=tracking state=TRACKING evaluated=807 execution_us=46889 reason=tracking_pose_accepted
x=2.54995 y=3.84999 yaw=-5.26608 score=0.991132 valid=1 mode=tracking state=TRACKING evaluated=789 execution_us=46136 reason=tracking_pose_accepted
x=2.54995 y=3.89999 yaw=-5.1972 score=0.992424 valid=1 mode=tracking state=TRACKING evaluated=807 execution_us=47023 reason=tracking_pose_accepted
x=2.49995 y=3.89999 yaw=-5.14578 score=0.994962 valid=1 mode=tracking state=TRACKING evaluated=789 execution_us=46024 reason=tracking_pose_accepted
x=2.49995 y=3.89999 yaw=-5.11181 score=0.997037 valid=1 mode=tracking state=TRACKING evaluated=789 execution_us=46363 reason=tracking_pose_accepted
x=2.49995 y=3.89999 yaw=-5.11274 score=0.993684 valid=1 mode=tracking state=TRACKING evaluated=789 execution_us=45840 reason=tracking_pose_accepted
x=2.49995 y=3.89999 yaw=-5.11367 score=0.993018 valid=1 mode=tracking state=TRACKING evaluated=789 execution_us=45877 reason=tracking_pose_accepted
x=2.49995 y=3.89999 yaw=-5.09716 score=0.990211 valid=1 mode=tracking state=TRACKING evaluated=789 execution_us=46119 reason=tracking_pose_accepted
x=2.49995 y=3.94999 yaw=-5.11554 score=0.989453 valid=1 mode=tracking state=TRACKING evaluated=789 execution_us=45880 reason=tracking_pose_accepted
x=2.49995 y=3.94999 yaw=-5.09902 score=0.994384 valid=1 mode=tracking state=TRACKING evaluated=807 execution_us=47027 reason=tracking_pose_accepted
x=2.49995 y=3.94999 yaw=-5.09996 score=0.992038 valid=1 mode=tracking state=TRACKING evaluated=789 execution_us=46116 reason=tracking_pose_accepted
x=2.54995 y=3.94999 yaw=-5.10089 score=0.986749 valid=1 mode=tracking state=TRACKING evaluated=807 execution_us=48040 reason=tracking_pose_accepted
x=2.54995 y=3.94999 yaw=-5.08437 score=0.99072 valid=1 mode=tracking state=TRACKING evaluated=789 execution_us=46074 reason=tracking_pose_accepted
x=2.54995 y=3.94998 yaw=-5.08531 score=0.986841 valid=1 mode=tracking state=TRACKING evaluated=807 execution_us=46560 reason=tracking_pose_accepted
x=2.54995 y=3.94998 yaw=-5.12115 score=0.988026 valid=1 mode=tracking state=TRACKING evaluated=789 execution_us=45556 reason=tracking_pose_accepted
x=2.59995 y=3.94998 yaw=-5.10463 score=0.991219 valid=1 mode=tracking state=TRACKING evaluated=807 execution_us=46869 reason=tracking_pose_accepted
x=2.59995 y=3.94998 yaw=-5.07066 score=0.991899 valid=1 mode=tracking state=TRACKING evaluated=789 execution_us=46189 reason=tracking_pose_accepted
x=2.54995 y=3.94998 yaw=-5.07159 score=0.993809 valid=1 mode=tracking state=TRACKING evaluated=789 execution_us=45892 reason=tracking_pose_accepted
x=2.54995 y=3.94998 yaw=-5.05507 score=0.992037 valid=1 mode=tracking state=TRACKING evaluated=789 execution_us=45857 reason=tracking_pose_accepted
x=2.54995 y=3.94998 yaw=-5.05601 score=0.993527 valid=1 mode=tracking state=TRACKING evaluated=789 execution_us=45907 reason=tracking_pose_accepted
x=2.54995 y=3.94998 yaw=-5.03949 score=0.98726 valid=1 mode=tracking state=TRACKING evaluated=789 execution_us=45915 reason=tracking_pose_accepted
x=2.54995 y=3.94998 yaw=-5.05787 score=0.988574 valid=1 mode=tracking state=TRACKING evaluated=789 execution_us=45701 reason=tracking_pose_accepted
x=2.54995 y=3.94998 yaw=-5.05881 score=0.991359 valid=1 mode=tracking state=TRACKING evaluated=789 execution_us=45613 reason=tracking_pose_accepted
x=2.54995 y=3.94998 yaw=-5.0772 score=0.991104 valid=1 mode=tracking state=TRACKING evaluated=789 execution_us=46440 reason=tracking_pose_accepted
x=2.54995 y=3.94998 yaw=-5.09558 score=0.989615 valid=1 mode=tracking state=TRACKING evaluated=789 execution_us=45829 reason=tracking_pose_accepted
x=2.54995 y=3.94998 yaw=-5.09652 score=0.989562 valid=1 mode=tracking state=TRACKING evaluated=789 execution_us=45809 reason=tracking_pose_accepted
x=2.54995 y=3.94998 yaw=-5.09745 score=0.988653 valid=1 mode=tracking state=TRACKING evaluated=807 execution_us=47177 reason=tracking_pose_accepted
x=2.54995 y=3.94998 yaw=-5.09839 score=0.985471 valid=1 mode=tracking state=TRACKING evaluated=789 execution_us=45710 reason=tracking_pose_accepted
x=2.59995 y=3.94998 yaw=-5.09932 score=0.984794 valid=1 mode=tracking state=TRACKING evaluated=807 execution_us=46607 reason=tracking_pose_accepted
x=2.59995 y=3.89998 yaw=-5.0828 score=0.987685 valid=1 mode=tracking state=TRACKING evaluated=789 execution_us=45671 reason=tracking_pose_accepted
x=2.59995 y=3.89998 yaw=-5.08374 score=0.989896 valid=1 mode=tracking state=TRACKING evaluated=789 execution_us=45564 reason=tracking_pose_accepted
x=2.59995 y=3.89998 yaw=-5.08467 score=0.99041 valid=1 mode=tracking state=TRACKING evaluated=789 execution_us=46328 reason=tracking_pose_accepted
x=2.59995 y=3.89998 yaw=-5.08561 score=0.99638 valid=1 mode=tracking state=TRACKING evaluated=789 execution_us=45315 reason=tracking_pose_accepted
x=2.59995 y=3.89998 yaw=-5.08654 score=0.995521 valid=1 mode=tracking state=TRACKING evaluated=789 execution_us=45634 reason=tracking_pose_accepted
x=2.59995 y=3.89998 yaw=-5.08747 score=0.996088 valid=1 mode=tracking state=TRACKING evaluated=789 execution_us=45491 reason=tracking_pose_accepted
x=2.59995 y=3.94998 yaw=-5.10586 score=0.990469 valid=1 mode=tracking state=TRACKING evaluated=789 execution_us=45550 reason=tracking_pose_accepted
x=2.59995 y=3.89998 yaw=-5.07189 score=0.992057 valid=1 mode=tracking state=TRACKING evaluated=807 execution_us=52009 reason=tracking_pose_accepted
x=2.59995 y=3.94998 yaw=-5.10773 score=0.992157 valid=1 mode=tracking state=TRACKING evaluated=789 execution_us=45698 reason=tracking_pose_accepted
x=2.59995 y=3.94998 yaw=-5.09121 score=0.990649 valid=1 mode=tracking state=TRACKING evaluated=789 execution_us=45249 reason=tracking_pose_accepted
x=2.59995 y=3.94998 yaw=-5.09215 score=0.990372 valid=1 mode=tracking state=TRACKING evaluated=807 execution_us=46746 reason=tracking_pose_accepted
x=2.59995 y=3.94998 yaw=-5.09308 score=0.991834 valid=1 mode=tracking state=TRACKING evaluated=789 execution_us=45045 reason=tracking_pose_accepted
x=2.59995 y=3.89998 yaw=-5.07656 score=0.991575 valid=1 mode=tracking state=TRACKING evaluated=807 execution_us=46065 reason=tracking_pose_accepted
x=2.59995 y=3.94998 yaw=-5.0775 score=0.99072 valid=1 mode=tracking state=TRACKING evaluated=789 execution_us=45909 reason=tracking_pose_accepted
x=2.59994 y=3.89998 yaw=-5.07843 score=0.991917 valid=1 mode=tracking state=TRACKING evaluated=789 execution_us=45410 reason=tracking_pose_accepted
x=2.59994 y=3.89998 yaw=-5.06191 score=0.992893 valid=1 mode=tracking state=TRACKING evaluated=789 execution_us=45083 reason=tracking_pose_accepted
x=2.59994 y=3.89998 yaw=-5.04539 score=0.993614 valid=1 mode=tracking state=TRACKING evaluated=789 execution_us=45697 reason=tracking_pose_accepted
x=2.59994 y=3.89998 yaw=-5.06378 score=0.994118 valid=1 mode=tracking state=TRACKING evaluated=789 execution_us=45027 reason=tracking_pose_accepted
x=2.59994 y=3.89998 yaw=-5.06471 score=0.992478 valid=1 mode=tracking state=TRACKING evaluated=789 execution_us=45397 reason=tracking_pose_accepted
x=2.59994 y=3.89998 yaw=-5.04819 score=0.992516 valid=1 mode=tracking state=TRACKING evaluated=807 execution_us=46598 reason=tracking_pose_accepted
x=2.59994 y=3.89998 yaw=-5.04913 score=0.993097 valid=1 mode=tracking state=TRACKING evaluated=789 execution_us=45451 reason=tracking_pose_accepted
x=2.59994 y=3.89998 yaw=-5.05006 score=0.993097 valid=1 mode=tracking state=TRACKING evaluated=807 execution_us=46810 reason=tracking_pose_accepted
x=2.59994 y=3.89998 yaw=-5.051 score=0.993665 valid=1 mode=tracking state=TRACKING evaluated=789 execution_us=45092 reason=tracking_pose_accepted
x=2.59994 y=3.89998 yaw=-5.05193 score=0.994872 valid=1 mode=tracking state=TRACKING evaluated=789 execution_us=45537 reason=tracking_pose_accepted
x=2.59994 y=3.89998 yaw=-5.05286 score=0.995809 valid=1 mode=tracking state=TRACKING evaluated=789 execution_us=45964 reason=tracking_pose_accepted
x=2.59994 y=3.89998 yaw=-5.0538 score=0.994283 valid=1 mode=tracking state=TRACKING evaluated=789 execution_us=45117 reason=tracking_pose_accepted
x=2.59994 y=3.89998 yaw=-5.05473 score=0.99457 valid=1 mode=tracking state=TRACKING evaluated=789 execution_us=45182 reason=tracking_pose_accepted
x=2.59994 y=3.89998 yaw=-5.05567 score=0.994598 valid=1 mode=tracking state=TRACKING evaluated=789 execution_us=45711 reason=tracking_pose_accepted
x=2.59994 y=3.89998 yaw=-5.07406 score=0.995828 valid=1 mode=tracking state=TRACKING evaluated=789 execution_us=45373 reason=tracking_pose_accepted
x=2.59994 y=3.89998 yaw=-5.07499 score=0.994938 valid=1 mode=tracking state=TRACKING evaluated=789 execution_us=45807 reason=tracking_pose_accepted
x=2.59994 y=3.89998 yaw=-5.07592 score=0.993132 valid=1 mode=tracking state=TRACKING evaluated=789 execution_us=45949 reason=tracking_pose_accepted
x=2.59994 y=3.89998 yaw=-5.07686 score=0.993697 valid=1 mode=tracking state=TRACKING evaluated=789 execution_us=45289 reason=tracking_pose_accepted
x=2.59994 y=3.89998 yaw=-5.09525 score=0.994885 valid=1 mode=tracking state=TRACKING evaluated=789 execution_us=45782 reason=tracking_pose_accepted
x=2.59994 y=3.89998 yaw=-5.09618 score=0.996665 valid=1 mode=tracking state=TRACKING evaluated=789 execution_us=45128 reason=tracking_pose_accepted
x=2.59994 y=3.89998 yaw=-5.09711 score=0.996399 valid=1 mode=tracking state=TRACKING evaluated=789 execution_us=45452 reason=tracking_pose_accepted
x=2.59994 y=3.89998 yaw=-5.0806 score=0.99551 valid=1 mode=tracking state=TRACKING evaluated=789 execution_us=45890 reason=tracking_pose_accepted
x=2.59994 y=3.89998 yaw=-5.08153 score=0.994254 valid=1 mode=tracking state=TRACKING evaluated=789 execution_us=45361 reason=tracking_pose_accepted
x=2.59994 y=3.89998 yaw=-5.08246 score=0.994268 valid=1 mode=tracking state=TRACKING evaluated=789 execution_us=46901 reason=tracking_pose_accepted
x=2.59994 y=3.89998 yaw=-5.10085 score=0.994898 valid=1 mode=tracking state=TRACKING evaluated=789 execution_us=46281 reason=tracking_pose_accepted
x=2.59994 y=3.89998 yaw=-5.10179 score=0.995798 valid=1 mode=tracking state=TRACKING evaluated=789 execution_us=45681 reason=tracking_pose_accepted
x=2.59994 y=3.89998 yaw=-5.08527 score=0.994028 valid=1 mode=tracking state=TRACKING evaluated=789 execution_us=46215 reason=tracking_pose_accepted
x=2.59994 y=3.89998 yaw=-5.0862 score=0.993745 valid=1 mode=tracking state=TRACKING evaluated=789 execution_us=45749 reason=tracking_pose_accepted
x=2.59994 y=3.89998 yaw=-5.06968 score=0.99266 valid=1 mode=tracking state=TRACKING evaluated=789 execution_us=45285 reason=tracking_pose_accepted
x=2.59994 y=3.94998 yaw=-5.08807 score=0.991274 valid=1 mode=tracking state=TRACKING evaluated=789 execution_us=45456 reason=tracking_pose_accepted
x=2.59994 y=3.94998 yaw=-5.089 score=0.990696 valid=1 mode=tracking state=TRACKING evaluated=789 execution_us=45646 reason=tracking_pose_accepted
x=2.59994 y=3.89998 yaw=-5.07248 score=0.995186 valid=1 mode=tracking state=TRACKING evaluated=807 execution_us=46436 reason=tracking_pose_accepted
x=2.59994 y=3.89998 yaw=-5.09087 score=0.994612 valid=1 mode=tracking state=TRACKING evaluated=789 execution_us=46776 reason=tracking_pose_accepted
x=2.59994 y=3.89998 yaw=-5.09181 score=0.992217 valid=1 mode=tracking state=TRACKING evaluated=789 execution_us=45610 reason=tracking_pose_accepted
x=2.59994 y=3.89998 yaw=-5.07529 score=0.992397 valid=1 mode=tracking state=TRACKING evaluated=789 execution_us=45904 reason=tracking_pose_accepted
x=2.59994 y=3.89998 yaw=-5.07622 score=0.993681 valid=1 mode=tracking state=TRACKING evaluated=789 execution_us=45228 reason=tracking_pose_accepted
x=2.59994 y=3.89998 yaw=-5.07716 score=0.993681 valid=1 mode=tracking state=TRACKING evaluated=789 execution_us=45023 reason=tracking_pose_accepted
x=2.59994 y=3.89998 yaw=-5.07809 score=0.993132 valid=1 mode=tracking state=TRACKING evaluated=789 execution_us=46889 reason=tracking_pose_accepted
x=2.59994 y=3.89998 yaw=-5.07903 score=0.991916 valid=1 mode=tracking state=TRACKING evaluated=789 execution_us=45080 reason=tracking_pose_accepted
x=2.59994 y=3.89998 yaw=-5.07996 score=0.991341 valid=1 mode=tracking state=TRACKING evaluated=789 execution_us=45608 reason=tracking_pose_accepted
x=2.59994 y=3.89998 yaw=-5.09835 score=0.992535 valid=1 mode=tracking state=TRACKING evaluated=789 execution_us=45740 reason=tracking_pose_accepted
x=2.59994 y=3.89998 yaw=-5.09928 score=0.992497 valid=1 mode=tracking state=TRACKING evaluated=789 execution_us=45455 reason=tracking_pose_accepted
x=2.59993 y=3.89998 yaw=-5.08276 score=0.992535 valid=1 mode=tracking state=TRACKING evaluated=807 execution_us=46944 reason=tracking_pose_accepted
x=2.59993 y=3.89998 yaw=-5.0837 score=0.992797 valid=1 mode=tracking state=TRACKING evaluated=789 execution_us=45263 reason=tracking_pose_accepted
x=2.59993 y=3.89998 yaw=-5.08463 score=0.994625 valid=1 mode=tracking state=TRACKING evaluated=789 execution_us=45625 reason=tracking_pose_accepted
x=2.59993 y=3.89998 yaw=-5.06811 score=0.993019 valid=1 mode=tracking state=TRACKING evaluated=789 execution_us=45672 reason=tracking_pose_accepted
x=2.59993 y=3.89998 yaw=-5.0865 score=0.992197 valid=1 mode=tracking state=TRACKING evaluated=789 execution_us=45252 reason=tracking_pose_accepted
x=2.59993 y=3.89998 yaw=-5.08743 score=0.992197 valid=1 mode=tracking state=TRACKING evaluated=789 execution_us=45409 reason=tracking_pose_accepted
x=2.59993 y=3.89998 yaw=-5.07091 score=0.992997 valid=1 mode=tracking state=TRACKING evaluated=789 execution_us=45544 reason=tracking_pose_accepted
x=2.59993 y=3.89998 yaw=-5.0893 score=0.994283 valid=1 mode=tracking state=TRACKING evaluated=789 execution_us=45052 reason=tracking_pose_accepted
x=2.59993 y=3.89998 yaw=-5.09024 score=0.993514 valid=1 mode=tracking state=TRACKING evaluated=789 execution_us=45135 reason=tracking_pose_accepted
x=2.59993 y=3.89998 yaw=-5.09117 score=0.993894 valid=1 mode=tracking state=TRACKING evaluated=789 execution_us=45534 reason=tracking_pose_accepted
x=2.59993 y=3.89998 yaw=-5.07465 score=0.99154 valid=1 mode=tracking state=TRACKING evaluated=789 execution_us=45707 reason=tracking_pose_accepted
x=2.59993 y=3.89998 yaw=-5.07559 score=0.992779 valid=1 mode=tracking state=TRACKING evaluated=789 execution_us=46516 reason=tracking_pose_accepted
x=2.59993 y=3.89998 yaw=-5.07652 score=0.991897 valid=1 mode=tracking state=TRACKING evaluated=789 execution_us=45251 reason=tracking_pose_accepted
x=2.59993 y=3.89998 yaw=-5.07746 score=0.993132 valid=1 mode=tracking state=TRACKING evaluated=789 execution_us=45925 reason=tracking_pose_accepted
x=2.59993 y=3.89998 yaw=-5.07839 score=0.993132 valid=1 mode=tracking state=TRACKING evaluated=789 execution_us=46100 reason=tracking_pose_accepted
x=2.59993 y=3.89998 yaw=-5.07932 score=0.993729 valid=1 mode=tracking state=TRACKING evaluated=789 execution_us=45883 reason=tracking_pose_accepted
x=2.59993 y=3.89998 yaw=-5.08026 score=0.992256 valid=1 mode=tracking state=TRACKING evaluated=789 execution_us=46122 reason=tracking_pose_accepted
x=2.59993 y=3.89998 yaw=-5.08119 score=0.992815 valid=1 mode=tracking state=TRACKING evaluated=789 execution_us=45902 reason=tracking_pose_accepted
x=2.59993 y=3.89998 yaw=-5.08213 score=0.992439 valid=1 mode=tracking state=TRACKING evaluated=789 execution_us=45192 reason=tracking_pose_accepted
x=2.59993 y=3.89998 yaw=-5.08306 score=0.992236 valid=1 mode=tracking state=TRACKING evaluated=789 execution_us=46306 reason=tracking_pose_accepted
x=2.59993 y=3.89998 yaw=-5.084 score=0.991938 valid=1 mode=tracking state=TRACKING evaluated=789 execution_us=45599 reason=tracking_pose_accepted
x=2.59993 y=3.89998 yaw=-5.08493 score=0.992575 valid=1 mode=tracking state=TRACKING evaluated=789 execution_us=45691 reason=tracking_pose_accepted
x=2.59993 y=3.89998 yaw=-5.06841 score=0.992037 valid=1 mode=tracking state=TRACKING evaluated=789 execution_us=46299 reason=tracking_pose_accepted
x=2.59993 y=3.89998 yaw=-5.06935 score=0.991192 valid=1 mode=tracking state=TRACKING evaluated=789 execution_us=45442 reason=tracking_pose_accepted
x=2.59993 y=3.89998 yaw=-5.08773 score=0.992815 valid=1 mode=tracking state=TRACKING evaluated=789 execution_us=45723 reason=tracking_pose_accepted
x=2.59993 y=3.89998 yaw=-5.07121 score=0.990336 valid=1 mode=tracking state=TRACKING evaluated=789 execution_us=45712 reason=tracking_pose_accepted
x=2.59993 y=3.89998 yaw=-5.0896 score=0.992137 valid=1 mode=tracking state=TRACKING evaluated=789 execution_us=45298 reason=tracking_pose_accepted
x=2.59993 y=3.89998 yaw=-5.09054 score=0.994898 valid=1 mode=tracking state=TRACKING evaluated=789 execution_us=45974 reason=tracking_pose_accepted
x=2.59993 y=3.89998 yaw=-5.07402 score=0.992475 valid=1 mode=tracking state=TRACKING evaluated=789 execution_us=45785 reason=tracking_pose_accepted
x=2.59993 y=3.89998 yaw=-5.07495 score=0.992554 valid=1 mode=tracking state=TRACKING evaluated=789 execution_us=45884 reason=tracking_pose_accepted
x=2.59993 y=3.89998 yaw=-5.07589 score=0.992497 valid=1 mode=tracking state=TRACKING evaluated=789 execution_us=45991 reason=tracking_pose_accepted
x=2.59993 y=3.89998 yaw=-5.07682 score=0.99338 valid=1 mode=tracking state=TRACKING evaluated=789 execution_us=45105 reason=tracking_pose_accepted
x=2.59993 y=3.89998 yaw=-5.07776 score=0.992852 valid=1 mode=tracking state=TRACKING evaluated=789 execution_us=47013 reason=tracking_pose_accepted
x=2.59993 y=3.89998 yaw=-5.07869 score=0.993132 valid=1 mode=tracking state=TRACKING evaluated=789 execution_us=45974 reason=tracking_pose_accepted
x=2.59993 y=3.89998 yaw=-5.07963 score=0.993115 valid=1 mode=tracking state=TRACKING evaluated=789 execution_us=45613 reason=tracking_pose_accepted
x=2.59993 y=3.89998 yaw=-5.08056 score=0.994254 valid=1 mode=tracking state=TRACKING evaluated=789 execution_us=45097 reason=tracking_pose_accepted
x=2.59993 y=3.89998 yaw=-5.08149 score=0.993329 valid=1 mode=tracking state=TRACKING evaluated=789 execution_us=45109 reason=tracking_pose_accepted
x=2.59993 y=3.89998 yaw=-5.08243 score=0.992276 valid=1 mode=tracking state=TRACKING evaluated=789 execution_us=46146 reason=tracking_pose_accepted
x=2.59993 y=3.89998 yaw=-5.08336 score=0.992236 valid=1 mode=tracking state=TRACKING evaluated=789 execution_us=46113 reason=tracking_pose_accepted
x=2.59993 y=3.89998 yaw=-5.0843 score=0.992516 valid=1 mode=tracking state=TRACKING evaluated=789 execution_us=45479 reason=tracking_pose_accepted
x=2.59993 y=3.89998 yaw=-5.08523 score=0.99166 valid=1 mode=tracking state=TRACKING evaluated=789 execution_us=45876 reason=tracking_pose_accepted
x=2.59993 y=3.89998 yaw=-5.08616 score=0.992834 valid=1 mode=tracking state=TRACKING evaluated=789 execution_us=45662 reason=tracking_pose_accepted
x=2.59992 y=3.89998 yaw=-5.06964 score=0.992177 valid=1 mode=tracking state=TRACKING evaluated=789 execution_us=45477 reason=tracking_pose_accepted
x=2.59992 y=3.89998 yaw=-5.08803 score=0.992535 valid=1 mode=tracking state=TRACKING evaluated=789 execution_us=45565 reason=tracking_pose_accepted
x=2.59992 y=3.89998 yaw=-5.07151 score=0.991776 valid=1 mode=tracking state=TRACKING evaluated=789 execution_us=45392 reason=tracking_pose_accepted
x=2.59992 y=3.89998 yaw=-5.0899 score=0.992067 valid=1 mode=tracking state=TRACKING evaluated=789 execution_us=45656 reason=tracking_pose_accepted
x=2.59992 y=3.89998 yaw=-5.07338 score=0.992455 valid=1 mode=tracking state=TRACKING evaluated=789 execution_us=46354 reason=tracking_pose_accepted
x=2.59992 y=3.89998 yaw=-5.07432 score=0.990866 valid=1 mode=tracking state=TRACKING evaluated=789 execution_us=45857 reason=tracking_pose_accepted
x=2.59992 y=3.89998 yaw=-5.07525 score=0.992516 valid=1 mode=tracking state=TRACKING evaluated=789 execution_us=45505 reason=tracking_pose_accepted
x=2.59992 y=3.89998 yaw=-5.07619 score=0.992516 valid=1 mode=tracking state=TRACKING evaluated=789 execution_us=45841 reason=tracking_pose_accepted
x=2.59992 y=3.89998 yaw=-5.07712 score=0.992516 valid=1 mode=tracking state=TRACKING evaluated=789 execution_us=45462 reason=tracking_pose_accepted
x=2.59992 y=3.89998 yaw=-5.07806 score=0.992834 valid=1 mode=tracking state=TRACKING evaluated=789 execution_us=45391 reason=tracking_pose_accepted
x=2.59992 y=3.89998 yaw=-5.07899 score=0.992797 valid=1 mode=tracking state=TRACKING evaluated=789 execution_us=45751 reason=tracking_pose_accepted
x=2.59992 y=3.89998 yaw=-5.07992 score=0.992554 valid=1 mode=tracking state=TRACKING evaluated=789 execution_us=45678 reason=tracking_pose_accepted
x=2.59992 y=3.89998 yaw=-5.08086 score=0.991594 valid=1 mode=tracking state=TRACKING evaluated=789 execution_us=45268 reason=tracking_pose_accepted
x=2.59992 y=3.89998 yaw=-5.08179 score=0.993421 valid=1 mode=tracking state=TRACKING evaluated=789 execution_us=45472 reason=tracking_pose_accepted
x=2.59992 y=3.89998 yaw=-5.08273 score=0.99276 valid=1 mode=tracking state=TRACKING evaluated=789 execution_us=45421 reason=tracking_pose_accepted
x=2.59992 y=3.89998 yaw=-5.08366 score=0.993115 valid=1 mode=tracking state=TRACKING evaluated=789 execution_us=46114 reason=tracking_pose_accepted
x=2.59992 y=3.89998 yaw=-5.0846 score=0.991639 valid=1 mode=tracking state=TRACKING evaluated=789 execution_us=45918 reason=tracking_pose_accepted
x=2.59992 y=3.89998 yaw=-5.06808 score=0.991343 valid=1 mode=tracking state=TRACKING evaluated=789 execution_us=45684 reason=tracking_pose_accepted
x=2.59992 y=3.89998 yaw=-5.06901 score=0.991758 valid=1 mode=tracking state=TRACKING evaluated=789 execution_us=45908 reason=tracking_pose_accepted
x=2.59992 y=3.89998 yaw=-5.06995 score=0.992058 valid=1 mode=tracking state=TRACKING evaluated=789 execution_us=45709 reason=tracking_pose_accepted
x=2.59992 y=3.89998 yaw=-5.07088 score=0.992177 valid=1 mode=tracking state=TRACKING evaluated=789 execution_us=45778 reason=tracking_pose_accepted
x=2.59992 y=3.89998 yaw=-5.07181 score=0.992037 valid=1 mode=tracking state=TRACKING evaluated=789 execution_us=45928 reason=tracking_pose_accepted
x=2.59992 y=3.89998 yaw=-5.07275 score=0.992137 valid=1 mode=tracking state=TRACKING evaluated=789 execution_us=45579 reason=tracking_pose_accepted
x=2.59992 y=3.89998 yaw=-5.07368 score=0.991285 valid=1 mode=tracking state=TRACKING evaluated=789 execution_us=46416 reason=tracking_pose_accepted
x=2.59992 y=3.89998 yaw=-5.07462 score=0.992276 valid=1 mode=tracking state=TRACKING evaluated=789 execution_us=45875 reason=tracking_pose_accepted
x=2.59992 y=3.89998 yaw=-5.07555 score=0.992779 valid=1 mode=tracking state=TRACKING evaluated=789 execution_us=45540 reason=tracking_pose_accepted
x=2.59992 y=3.89998 yaw=-5.07649 score=0.992852 valid=1 mode=tracking state=TRACKING evaluated=789 execution_us=46294 reason=tracking_pose_accepted
x=2.59992 y=3.89998 yaw=-5.07742 score=0.992554 valid=1 mode=tracking state=TRACKING evaluated=789 execution_us=45786 reason=tracking_pose_accepted
x=2.59992 y=3.89998 yaw=-5.07836 score=0.993115 valid=1 mode=tracking state=TRACKING evaluated=789 execution_us=45663 reason=tracking_pose_accepted
x=2.59992 y=3.89998 yaw=-5.09674 score=0.993447 valid=1 mode=tracking state=TRACKING evaluated=789 execution_us=45881 reason=tracking_pose_accepted
x=2.59992 y=3.89998 yaw=-5.08023 score=0.992459 valid=1 mode=tracking state=TRACKING evaluated=789 execution_us=45150 reason=tracking_pose_accepted
x=2.59992 y=3.89998 yaw=-5.08116 score=0.992197 valid=1 mode=tracking state=TRACKING evaluated=789 execution_us=45728 reason=tracking_pose_accepted
x=2.59992 y=3.89998 yaw=-5.08209 score=0.992217 valid=1 mode=tracking state=TRACKING evaluated=789 execution_us=45435 reason=tracking_pose_accepted
x=2.59992 y=3.89998 yaw=-5.08303 score=0.992852 valid=1 mode=tracking state=TRACKING evaluated=789 execution_us=45732 reason=tracking_pose_accepted
x=2.59992 y=3.89998 yaw=-5.08396 score=0.99308 valid=1 mode=tracking state=TRACKING evaluated=789 execution_us=45930 reason=tracking_pose_accepted
x=2.59992 y=3.89998 yaw=-5.0849 score=0.991897 valid=1 mode=tracking state=TRACKING evaluated=789 execution_us=45279 reason=tracking_pose_accepted
x=2.59992 y=3.89998 yaw=-5.08583 score=0.991363 valid=1 mode=tracking state=TRACKING evaluated=789 execution_us=45790 reason=tracking_pose_accepted
x=2.59992 y=3.89998 yaw=-5.08676 score=0.992537 valid=1 mode=tracking state=TRACKING evaluated=789 execution_us=45781 reason=tracking_pose_accepted
x=2.59992 y=3.89998 yaw=-5.07025 score=0.992177 valid=1 mode=tracking state=TRACKING evaluated=789 execution_us=45681 reason=tracking_pose_accepted
x=2.59992 y=3.89998 yaw=-5.08863 score=0.993132 valid=1 mode=tracking state=TRACKING evaluated=789 execution_us=45673 reason=tracking_pose_accepted
x=2.59992 y=3.89998 yaw=-5.07211 score=0.992678 valid=1 mode=tracking state=TRACKING evaluated=789 execution_us=45044 reason=tracking_pose_accepted
x=2.59992 y=3.89998 yaw=-5.07305 score=0.992157 valid=1 mode=tracking state=TRACKING evaluated=789 execution_us=45567 reason=tracking_pose_accepted
x=2.59991 y=3.89998 yaw=-5.09144 score=0.991679 valid=1 mode=tracking state=TRACKING evaluated=789 execution_us=46156 reason=tracking_pose_accepted
x=2.59991 y=3.89998 yaw=-5.07492 score=0.991978 valid=1 mode=tracking state=TRACKING evaluated=789 execution_us=45434 reason=tracking_pose_accepted
x=2.59991 y=3.89998 yaw=-5.09331 score=0.992779 valid=1 mode=tracking state=TRACKING evaluated=789 execution_us=45447 reason=tracking_pose_accepted
x=2.59991 y=3.89998 yaw=-5.07679 score=0.992217 valid=1 mode=tracking state=TRACKING evaluated=789 execution_us=45815 reason=tracking_pose_accepted
x=2.59991 y=3.89998 yaw=-5.07772 score=0.992575 valid=1 mode=tracking state=TRACKING evaluated=789 execution_us=45685 reason=tracking_pose_accepted
x=2.59991 y=3.89998 yaw=-5.07866 score=0.993363 valid=1 mode=tracking state=TRACKING evaluated=789 execution_us=45201 reason=tracking_pose_accepted
x=2.59991 y=3.89998 yaw=-5.07959 score=0.992535 valid=1 mode=tracking state=TRACKING evaluated=789 execution_us=45829 reason=tracking_pose_accepted
x=2.59991 y=3.89998 yaw=-5.08052 score=0.991938 valid=1 mode=tracking state=TRACKING evaluated=789 execution_us=45734 reason=tracking_pose_accepted
x=2.59991 y=3.89998 yaw=-5.08146 score=0.992497 valid=1 mode=tracking state=TRACKING evaluated=789 execution_us=45742 reason=tracking_pose_accepted
x=2.59991 y=3.89998 yaw=-5.08239 score=0.991938 valid=1 mode=tracking state=TRACKING evaluated=789 execution_us=45694 reason=tracking_pose_accepted
x=2.59991 y=3.89998 yaw=-5.08333 score=0.992575 valid=1 mode=tracking state=TRACKING evaluated=789 execution_us=45536 reason=tracking_pose_accepted
x=2.59991 y=3.89998 yaw=-5.08426 score=0.990744 valid=1 mode=tracking state=TRACKING evaluated=789 execution_us=46119 reason=tracking_pose_accepted
x=2.59991 y=3.89998 yaw=-5.08519 score=0.992537 valid=1 mode=tracking state=TRACKING evaluated=789 execution_us=45573 reason=tracking_pose_accepted
x=2.59991 y=3.89998 yaw=-5.08613 score=0.992815 valid=1 mode=tracking state=TRACKING evaluated=789 execution_us=45638 reason=tracking_pose_accepted
x=2.59991 y=3.89998 yaw=-5.06961 score=0.990883 valid=1 mode=tracking state=TRACKING evaluated=789 execution_us=45895 reason=tracking_pose_accepted
x=2.59991 y=3.89998 yaw=-5.088 score=0.993115 valid=1 mode=tracking state=TRACKING evaluated=789 execution_us=46217 reason=tracking_pose_accepted
x=2.59991 y=3.89998 yaw=-5.08893 score=0.99276 valid=1 mode=tracking state=TRACKING evaluated=789 execution_us=45369 reason=tracking_pose_accepted
x=2.59991 y=3.89998 yaw=-5.08987 score=0.992797 valid=1 mode=tracking state=TRACKING evaluated=789 execution_us=45853 reason=tracking_pose_accepted
x=2.59991 y=3.89998 yaw=-5.07335 score=0.992197 valid=1 mode=tracking state=TRACKING evaluated=789 execution_us=45461 reason=tracking_pose_accepted
x=2.59991 y=3.89998 yaw=-5.07428 score=0.992575 valid=1 mode=tracking state=TRACKING evaluated=789 execution_us=46166 reason=tracking_pose_accepted
x=2.59991 y=3.89998 yaw=-5.07522 score=0.992236 valid=1 mode=tracking state=TRACKING evaluated=789 execution_us=45609 reason=tracking_pose_accepted
x=2.59991 y=3.89998 yaw=-5.07615 score=0.991363 valid=1 mode=tracking state=TRACKING evaluated=789 execution_us=45862 reason=tracking_pose_accepted
x=2.59991 y=3.89998 yaw=-5.07709 score=0.992554 valid=1 mode=tracking state=TRACKING evaluated=789 execution_us=46216 reason=tracking_pose_accepted
x=2.59991 y=3.89998 yaw=-5.07802 score=0.992535 valid=1 mode=tracking state=TRACKING evaluated=789 execution_us=45820 reason=tracking_pose_accepted
x=2.59991 y=3.89998 yaw=-5.07895 score=0.99315 valid=1 mode=tracking state=TRACKING evaluated=789 execution_us=45982 reason=tracking_pose_accepted
x=2.59991 y=3.89998 yaw=-5.07989 score=0.99308 valid=1 mode=tracking state=TRACKING evaluated=789 execution_us=45551 reason=tracking_pose_accepted
x=2.59991 y=3.89998 yaw=-5.08082 score=0.992497 valid=1 mode=tracking state=TRACKING evaluated=789 execution_us=45478 reason=tracking_pose_accepted
x=2.59991 y=3.89998 yaw=-5.08176 score=0.99276 valid=1 mode=tracking state=TRACKING evaluated=789 execution_us=45503 reason=tracking_pose_accepted
x=2.59991 y=3.89998 yaw=-5.08269 score=0.991363 valid=1 mode=tracking state=TRACKING evaluated=789 execution_us=45568 reason=tracking_pose_accepted
x=2.59991 y=3.89998 yaw=-5.08362 score=0.992257 valid=1 mode=tracking state=TRACKING evaluated=789 execution_us=45488 reason=tracking_pose_accepted
x=2.59991 y=3.89998 yaw=-5.08456 score=0.992573 valid=1 mode=tracking state=TRACKING evaluated=789 execution_us=46009 reason=tracking_pose_accepted
x=2.59991 y=3.89998 yaw=-5.08549 score=0.990996 valid=1 mode=tracking state=TRACKING evaluated=789 execution_us=46302 reason=tracking_pose_accepted
x=2.59991 y=3.89998 yaw=-5.08643 score=0.994043 valid=1 mode=tracking state=TRACKING evaluated=789 execution_us=46464 reason=tracking_pose_accepted
x=2.59991 y=3.89998 yaw=-5.08736 score=0.991363 valid=1 mode=tracking state=TRACKING evaluated=789 execution_us=45889 reason=tracking_pose_accepted
x=2.59991 y=3.89998 yaw=-5.0883 score=0.992537 valid=1 mode=tracking state=TRACKING evaluated=789 execution_us=45342 reason=tracking_pose_accepted
x=2.59991 y=3.89998 yaw=-5.07178 score=0.992157 valid=1 mode=tracking state=TRACKING evaluated=789 execution_us=45961 reason=tracking_pose_accepted
x=2.59991 y=3.89998 yaw=-5.09016 score=0.993431 valid=1 mode=tracking state=TRACKING evaluated=789 execution_us=45549 reason=tracking_pose_accepted
x=2.59991 y=3.89998 yaw=-5.0911 score=0.994028 valid=1 mode=tracking state=TRACKING evaluated=789 execution_us=46019 reason=tracking_pose_accepted
x=2.59991 y=3.89998 yaw=-5.07458 score=0.990988 valid=1 mode=tracking state=TRACKING evaluated=789 execution_us=46371 reason=tracking_pose_accepted
x=2.59991 y=3.89998 yaw=-5.09297 score=0.993649 valid=1 mode=tracking state=TRACKING evaluated=789 execution_us=45087 reason=tracking_pose_accepted
x=2.59991 y=3.89998 yaw=-5.07645 score=0.992742 valid=1 mode=tracking state=TRACKING evaluated=789 execution_us=44800 reason=tracking_pose_accepted
x=2.59991 y=3.89998 yaw=-5.07738 score=0.991679 valid=1 mode=tracking state=TRACKING evaluated=789 execution_us=45946 reason=tracking_pose_accepted
x=2.5999 y=3.89998 yaw=-5.07832 score=0.99315 valid=1 mode=tracking state=TRACKING evaluated=789 execution_us=45709 reason=tracking_pose_accepted
x=2.5999 y=3.89998 yaw=-5.07925 score=0.993097 valid=1 mode=tracking state=TRACKING evaluated=789 execution_us=45380 reason=tracking_pose_accepted
x=2.5999 y=3.89998 yaw=-5.08019 score=0.992742 valid=1 mode=tracking state=TRACKING evaluated=789 execution_us=45097 reason=tracking_pose_accepted
x=2.5999 y=3.89998 yaw=-5.08112 score=0.993097 valid=1 mode=tracking state=TRACKING evaluated=789 execution_us=45449 reason=tracking_pose_accepted
x=2.5999 y=3.89998 yaw=-5.08205 score=0.991938 valid=1 mode=tracking state=TRACKING evaluated=789 execution_us=46066 reason=tracking_pose_accepted
x=2.5999 y=3.89998 yaw=-5.08299 score=0.99166 valid=1 mode=tracking state=TRACKING evaluated=789 execution_us=45614 reason=tracking_pose_accepted
x=2.5999 y=3.89998 yaw=-5.08392 score=0.99315 valid=1 mode=tracking state=TRACKING evaluated=789 execution_us=45946 reason=tracking_pose_accepted
x=2.5999 y=3.89998 yaw=-5.0674 score=0.991997 valid=1 mode=tracking state=TRACKING evaluated=789 execution_us=45528 reason=tracking_pose_accepted
x=2.5999 y=3.89998 yaw=-5.08579 score=0.99315 valid=1 mode=tracking state=TRACKING evaluated=789 execution_us=45950 reason=tracking_pose_accepted
x=2.5999 y=3.89998 yaw=-5.08673 score=0.991639 valid=1 mode=tracking state=TRACKING evaluated=789 execution_us=45805 reason=tracking_pose_accepted
x=2.5999 y=3.89998 yaw=-5.08766 score=0.994083 valid=1 mode=tracking state=TRACKING evaluated=789 execution_us=47055 reason=tracking_pose_accepted
x=2.5999 y=3.89998 yaw=-5.08859 score=0.99166 valid=1 mode=tracking state=TRACKING evaluated=789 execution_us=45913 reason=tracking_pose_accepted
x=2.5999 y=3.89998 yaw=-5.07207 score=0.991776 valid=1 mode=tracking state=TRACKING evaluated=789 execution_us=45832 reason=tracking_pose_accepted
x=2.5999 y=3.89998 yaw=-5.07301 score=0.992436 valid=1 mode=tracking state=TRACKING evaluated=789 execution_us=45800 reason=tracking_pose_accepted
x=2.5999 y=3.89998 yaw=-5.0914 score=0.992815 valid=1 mode=tracking state=TRACKING evaluated=789 execution_us=45658 reason=tracking_pose_accepted
x=2.5999 y=3.89998 yaw=-5.09233 score=0.994013 valid=1 mode=tracking state=TRACKING evaluated=789 execution_us=46068 reason=tracking_pose_accepted
x=2.5999 y=3.89998 yaw=-5.09327 score=0.993414 valid=1 mode=tracking state=TRACKING evaluated=789 execution_us=45813 reason=tracking_pose_accepted
x=2.5999 y=3.89998 yaw=-5.07675 score=0.991532 valid=1 mode=tracking state=TRACKING evaluated=789 execution_us=45365 reason=tracking_pose_accepted
x=2.5999 y=3.89998 yaw=-5.07768 score=0.992217 valid=1 mode=tracking state=TRACKING evaluated=789 execution_us=45973 reason=tracking_pose_accepted
x=2.5999 y=3.89998 yaw=-5.07862 score=0.993431 valid=1 mode=tracking state=TRACKING evaluated=789 execution_us=45530 reason=tracking_pose_accepted
x=2.5999 y=3.89998 yaw=-5.07955 score=0.992478 valid=1 mode=tracking state=TRACKING evaluated=789 execution_us=45562 reason=tracking_pose_accepted
x=2.5999 y=3.89998 yaw=-5.09794 score=0.99338 valid=1 mode=tracking state=TRACKING evaluated=789 execution_us=45206 reason=tracking_pose_accepted
x=2.5999 y=3.89998 yaw=-5.08142 score=0.991938 valid=1 mode=tracking state=TRACKING evaluated=789 execution_us=46257 reason=tracking_pose_accepted
x=2.5999 y=3.89997 yaw=-5.08235 score=0.991297 valid=1 mode=tracking state=TRACKING evaluated=789 execution_us=45922 reason=tracking_pose_accepted
x=2.5999 y=3.89997 yaw=-5.08329 score=0.988395 valid=1 mode=tracking state=TRACKING evaluated=789 execution_us=45432 reason=tracking_pose_accepted
x=2.6499 y=3.89997 yaw=-5.06677 score=0.992356 valid=1 mode=tracking state=TRACKING evaluated=789 execution_us=45452 reason=tracking_pose_accepted
x=2.6499 y=3.94997 yaw=-5.10261 score=0.990996 valid=1 mode=tracking state=TRACKING evaluated=789 execution_us=45582 reason=tracking_pose_accepted
x=2.6999 y=3.94997 yaw=-5.06864 score=0.988265 valid=1 mode=tracking state=TRACKING evaluated=807 execution_us=46321 reason=tracking_pose_accepted
x=2.6999 y=3.94997 yaw=-5.03466 score=0.988355 valid=1 mode=tracking state=TRACKING evaluated=789 execution_us=45728 reason=tracking_pose_accepted
x=2.7499 y=3.94997 yaw=-5.01815 score=0.988026 valid=1 mode=tracking state=TRACKING evaluated=807 execution_us=46704 reason=tracking_pose_accepted
x=2.7999 y=3.94997 yaw=-5.01908 score=0.986304 valid=1 mode=tracking state=TRACKING evaluated=789 execution_us=45903 reason=tracking_pose_accepted
x=2.8499 y=3.94997 yaw=-5.03747 score=0.979963 valid=1 mode=tracking state=TRACKING evaluated=807 execution_us=47965 reason=tracking_pose_accepted
x=2.8999 y=3.94997 yaw=-5.07331 score=0.981467 valid=1 mode=tracking state=TRACKING evaluated=789 execution_us=45372 reason=tracking_pose_accepted
x=2.9499 y=3.89997 yaw=-5.10915 score=0.987381 valid=1 mode=tracking state=TRACKING evaluated=807 execution_us=46761 reason=tracking_pose_accepted
x=2.9999 y=3.89997 yaw=-5.14499 score=0.985482 valid=1 mode=tracking state=TRACKING evaluated=789 execution_us=45968 reason=tracking_pose_accepted
x=3.0499 y=3.94997 yaw=-5.18083 score=0.986862 valid=1 mode=tracking state=TRACKING evaluated=789 execution_us=45465 reason=tracking_pose_accepted
x=3.0999 y=3.94997 yaw=-5.16431 score=0.977101 valid=1 mode=tracking state=TRACKING evaluated=789 execution_us=45446 reason=tracking_pose_accepted
x=3.1499 y=3.94997 yaw=-5.14779 score=0.988647 valid=1 mode=tracking state=TRACKING evaluated=789 execution_us=45685 reason=tracking_pose_accepted
x=3.1499 y=3.94997 yaw=-5.20109 score=0.985259 valid=1 mode=tracking state=TRACKING evaluated=789 execution_us=45211 reason=tracking_pose_accepted
x=3.1999 y=3.94997 yaw=-5.21947 score=0.988518 valid=1 mode=tracking state=TRACKING evaluated=807 execution_us=46388 reason=tracking_pose_accepted
x=3.24989 y=3.94997 yaw=-5.1855 score=0.990478 valid=1 mode=tracking state=TRACKING evaluated=789 execution_us=44528 reason=tracking_pose_accepted
x=3.29989 y=3.94997 yaw=-5.15153 score=0.987084 valid=1 mode=tracking state=TRACKING evaluated=789 execution_us=44691 reason=tracking_pose_accepted
x=3.29989 y=3.94997 yaw=-5.16992 score=0.988694 valid=1 mode=tracking state=TRACKING evaluated=807 execution_us=46008 reason=tracking_pose_accepted
x=3.29989 y=3.94997 yaw=-5.1534 score=0.990045 valid=1 mode=tracking state=TRACKING evaluated=789 execution_us=45151 reason=tracking_pose_accepted
x=3.29989 y=3.94997 yaw=-5.13688 score=0.989388 valid=1 mode=tracking state=TRACKING evaluated=789 execution_us=44903 reason=tracking_pose_accepted
x=3.29989 y=3.94997 yaw=-5.08545 score=0.99299 valid=1 mode=tracking state=TRACKING evaluated=807 execution_us=45988 reason=tracking_pose_accepted
x=3.29989 y=3.94997 yaw=-5.05148 score=0.994832 valid=1 mode=tracking state=TRACKING evaluated=789 execution_us=44769 reason=tracking_pose_accepted
x=3.24989 y=3.94997 yaw=-4.96515 score=0.994805 valid=1 mode=tracking state=TRACKING evaluated=789 execution_us=44494 reason=tracking_pose_accepted
x=3.24989 y=3.94997 yaw=-4.89627 score=0.994872 valid=1 mode=tracking state=TRACKING evaluated=789 execution_us=45139 reason=tracking_pose_accepted
x=3.24989 y=3.94997 yaw=-4.8623 score=0.988416 valid=1 mode=tracking state=TRACKING evaluated=789 execution_us=45426 reason=tracking_pose_accepted
x=3.24989 y=3.94997 yaw=-4.89814 score=0.98866 valid=1 mode=tracking state=TRACKING evaluated=807 execution_us=46703 reason=tracking_pose_accepted
x=3.24989 y=3.94997 yaw=-4.95143 score=0.990921 valid=1 mode=tracking state=TRACKING evaluated=789 execution_us=44868 reason=tracking_pose_accepted
x=3.24989 y=3.94997 yaw=-5.00473 score=0.992666 valid=1 mode=tracking state=TRACKING evaluated=807 execution_us=45717 reason=tracking_pose_accepted
x=3.24989 y=3.94997 yaw=-4.98821 score=0.992459 valid=1 mode=tracking state=TRACKING evaluated=789 execution_us=45567 reason=tracking_pose_accepted
x=3.24989 y=3.94997 yaw=-4.98914 score=0.99155 valid=1 mode=tracking state=TRACKING evaluated=807 execution_us=46106 reason=tracking_pose_accepted
x=3.19989 y=3.94997 yaw=-5.02498 score=0.985753 valid=1 mode=tracking state=TRACKING evaluated=789 execution_us=45495 reason=tracking_pose_accepted
x=3.19989 y=3.94997 yaw=-5.06082 score=0.989983 valid=1 mode=tracking state=TRACKING evaluated=789 execution_us=45218 reason=tracking_pose_accepted
x=3.19989 y=3.94997 yaw=-5.06176 score=0.989529 valid=1 mode=tracking state=TRACKING evaluated=789 execution_us=44421 reason=tracking_pose_accepted
x=3.24989 y=3.94996 yaw=-5.02779 score=0.989165 valid=1 mode=tracking state=TRACKING evaluated=807 execution_us=46801 reason=tracking_pose_accepted
x=3.24989 y=3.94996 yaw=-5.02872 score=0.988734 valid=1 mode=tracking state=TRACKING evaluated=789 execution_us=44612 reason=tracking_pose_accepted
x=3.19989 y=3.94996 yaw=-5.04711 score=0.98936 valid=1 mode=tracking state=TRACKING evaluated=789 execution_us=45481 reason=tracking_pose_accepted
x=3.19989 y=3.94996 yaw=-5.04804 score=0.989401 valid=1 mode=tracking state=TRACKING evaluated=789 execution_us=45779 reason=tracking_pose_accepted
x=3.19989 y=3.94996 yaw=-5.06643 score=0.988651 valid=1 mode=tracking state=TRACKING evaluated=807 execution_us=46128 reason=tracking_pose_accepted
x=3.19989 y=3.94996 yaw=-5.06736 score=0.987921 valid=1 mode=tracking state=TRACKING evaluated=789 execution_us=44605 reason=tracking_pose_accepted
x=3.19989 y=3.94996 yaw=-5.05084 score=0.987366 valid=1 mode=tracking state=TRACKING evaluated=789 execution_us=45212 reason=tracking_pose_accepted
x=3.19989 y=3.89996 yaw=-5.06923 score=0.985402 valid=1 mode=tracking state=TRACKING evaluated=807 execution_us=45811 reason=tracking_pose_accepted
x=3.19989 y=3.89996 yaw=-5.12253 score=0.986259 valid=1 mode=tracking state=TRACKING evaluated=807 execution_us=46117 reason=tracking_pose_accepted
x=3.19989 y=3.89996 yaw=-5.14091 score=0.989784 valid=1 mode=tracking state=TRACKING evaluated=789 execution_us=45146 reason=tracking_pose_accepted
x=3.24989 y=3.89996 yaw=-5.12439 score=0.987184 valid=1 mode=tracking state=TRACKING evaluated=789 execution_us=44973 reason=tracking_pose_accepted
x=3.24989 y=3.94996 yaw=-5.09042 score=0.98934 valid=1 mode=tracking state=TRACKING evaluated=789 execution_us=45344 reason=tracking_pose_accepted
x=3.19989 y=3.89996 yaw=-5.0739 score=0.988889 valid=1 mode=tracking state=TRACKING evaluated=789 execution_us=45481 reason=tracking_pose_accepted
x=3.19989 y=3.89996 yaw=-5.07484 score=0.990866 valid=1 mode=tracking state=TRACKING evaluated=789 execution_us=44844 reason=tracking_pose_accepted
x=3.19989 y=3.89996 yaw=-5.05832 score=0.990196 valid=1 mode=tracking state=TRACKING evaluated=789 execution_us=45291 reason=tracking_pose_accepted
x=3.19989 y=3.89996 yaw=-5.05925 score=0.989643 valid=1 mode=tracking state=TRACKING evaluated=789 execution_us=45227 reason=tracking_pose_accepted
x=3.19989 y=3.94996 yaw=-5.07764 score=0.989125 valid=1 mode=tracking state=TRACKING evaluated=789 execution_us=44716 reason=tracking_pose_accepted
x=3.19989 y=3.89996 yaw=-5.06112 score=0.989231 valid=1 mode=tracking state=TRACKING evaluated=807 execution_us=45962 reason=tracking_pose_accepted
x=3.19989 y=3.89996 yaw=-5.0446 score=0.992481 valid=1 mode=tracking state=TRACKING evaluated=789 execution_us=45959 reason=tracking_pose_accepted
x=3.19989 y=3.89996 yaw=-5.04554 score=0.991731 valid=1 mode=tracking state=TRACKING evaluated=789 execution_us=45287 reason=tracking_pose_accepted
x=3.19989 y=3.89996 yaw=-5.04647 score=0.991184 valid=1 mode=tracking state=TRACKING evaluated=789 execution_us=44742 reason=tracking_pose_accepted
x=3.19989 y=3.89996 yaw=-5.06486 score=0.992643 valid=1 mode=tracking state=TRACKING evaluated=789 execution_us=44892 reason=tracking_pose_accepted
x=3.19989 y=3.89996 yaw=-5.06579 score=0.991342 valid=1 mode=tracking state=TRACKING evaluated=789 execution_us=44905 reason=tracking_pose_accepted
x=3.19989 y=3.89996 yaw=-5.06673 score=0.990287 valid=1 mode=tracking state=TRACKING evaluated=789 execution_us=45212 reason=tracking_pose_accepted
x=3.19989 y=3.89996 yaw=-5.06766 score=0.990186 valid=1 mode=tracking state=TRACKING evaluated=789 execution_us=44737 reason=tracking_pose_accepted
x=3.19989 y=3.89996 yaw=-5.0686 score=0.987603 valid=1 mode=tracking state=TRACKING evaluated=789 execution_us=45542 reason=tracking_pose_accepted
x=3.19989 y=3.89996 yaw=-5.08698 score=0.990596 valid=1 mode=tracking state=TRACKING evaluated=789 execution_us=45534 reason=tracking_pose_accepted
x=3.19989 y=3.89996 yaw=-5.08792 score=0.99012 valid=1 mode=tracking state=TRACKING evaluated=789 execution_us=45236 reason=tracking_pose_accepted
x=3.19989 y=3.89996 yaw=-5.08885 score=0.99171 valid=1 mode=tracking state=TRACKING evaluated=789 execution_us=44947 reason=tracking_pose_accepted
x=3.19989 y=3.89996 yaw=-5.08979 score=0.992707 valid=1 mode=tracking state=TRACKING evaluated=789 execution_us=44519 reason=tracking_pose_accepted
x=3.19989 y=3.89996 yaw=-5.09072 score=0.990967 valid=1 mode=tracking state=TRACKING evaluated=789 execution_us=45568 reason=tracking_pose_accepted
x=3.24989 y=3.89996 yaw=-5.0742 score=0.990778 valid=1 mode=tracking state=TRACKING evaluated=789 execution_us=44103 reason=tracking_pose_accepted
x=3.24989 y=3.89996 yaw=-5.07514 score=0.993053 valid=1 mode=tracking state=TRACKING evaluated=789 execution_us=44882 reason=tracking_pose_accepted
x=3.24989 y=3.89996 yaw=-5.07607 score=0.994323 valid=1 mode=tracking state=TRACKING evaluated=789 execution_us=45777 reason=tracking_pose_accepted
x=3.24989 y=3.89996 yaw=-5.077 score=0.994596 valid=1 mode=tracking state=TRACKING evaluated=789 execution_us=45041 reason=tracking_pose_accepted
x=3.24989 y=3.89996 yaw=-5.07794 score=0.994283 valid=1 mode=tracking state=TRACKING evaluated=789 execution_us=45443 reason=tracking_pose_accepted
x=3.24989 y=3.89996 yaw=-5.07887 score=0.993689 valid=1 mode=tracking state=TRACKING evaluated=789 execution_us=45337 reason=tracking_pose_accepted
x=3.24989 y=3.89996 yaw=-5.06235 score=0.99181 valid=1 mode=tracking state=TRACKING evaluated=789 execution_us=44653 reason=tracking_pose_accepted
x=3.24989 y=3.89996 yaw=-5.06329 score=0.990278 valid=1 mode=tracking state=TRACKING evaluated=789 execution_us=45048 reason=tracking_pose_accepted
x=3.24989 y=3.89996 yaw=-5.06422 score=0.990211 valid=1 mode=tracking state=TRACKING evaluated=789 execution_us=44478 reason=tracking_pose_accepted
x=3.24989 y=3.89996 yaw=-5.06516 score=0.992012 valid=1 mode=tracking state=TRACKING evaluated=789 execution_us=43977 reason=tracking_pose_accepted
x=3.24989 y=3.89996 yaw=-5.06609 score=0.99122 valid=1 mode=tracking state=TRACKING evaluated=789 execution_us=44625 reason=tracking_pose_accepted
x=3.19989 y=3.89996 yaw=-5.08448 score=0.990171 valid=1 mode=tracking state=TRACKING evaluated=789 execution_us=45488 reason=tracking_pose_accepted
x=3.19989 y=3.89996 yaw=-5.06796 score=0.993376 valid=1 mode=tracking state=TRACKING evaluated=789 execution_us=44877 reason=tracking_pose_accepted
x=3.19989 y=3.89996 yaw=-5.06889 score=0.990415 valid=1 mode=tracking state=TRACKING evaluated=789 execution_us=45084 reason=tracking_pose_accepted
x=3.19989 y=3.89996 yaw=-5.08728 score=0.991138 valid=1 mode=tracking state=TRACKING evaluated=789 execution_us=44462 reason=tracking_pose_accepted
x=3.19989 y=3.89996 yaw=-5.08821 score=0.991974 valid=1 mode=tracking state=TRACKING evaluated=789 execution_us=45299 reason=tracking_pose_accepted
x=3.24989 y=3.89996 yaw=-5.0717 score=0.989625 valid=1 mode=tracking state=TRACKING evaluated=789 execution_us=44010 reason=tracking_pose_accepted
x=3.24989 y=3.89996 yaw=-5.09008 score=0.990491 valid=1 mode=tracking state=TRACKING evaluated=789 execution_us=44661 reason=tracking_pose_accepted
x=3.19989 y=3.89996 yaw=-5.09102 score=0.989897 valid=1 mode=tracking state=TRACKING evaluated=789 execution_us=45216 reason=tracking_pose_accepted
x=3.19989 y=3.89996 yaw=-5.09195 score=0.991409 valid=1 mode=tracking state=TRACKING evaluated=789 execution_us=44726 reason=tracking_pose_accepted
x=3.19989 y=3.89996 yaw=-5.09289 score=0.99054 valid=1 mode=tracking state=TRACKING evaluated=789 execution_us=44974 reason=tracking_pose_accepted
x=3.24989 y=3.89996 yaw=-5.07637 score=0.993574 valid=1 mode=tracking state=TRACKING evaluated=789 execution_us=44547 reason=tracking_pose_accepted
x=3.24989 y=3.89996 yaw=-5.0773 score=0.994609 valid=1 mode=tracking state=TRACKING evaluated=789 execution_us=44884 reason=tracking_pose_accepted
x=3.24989 y=3.89996 yaw=-5.07823 score=0.995416 valid=1 mode=tracking state=TRACKING evaluated=789 execution_us=45002 reason=tracking_pose_accepted
x=3.24989 y=3.89996 yaw=-5.06172 score=0.993393 valid=1 mode=tracking state=TRACKING evaluated=789 execution_us=44687 reason=tracking_pose_accepted
x=3.24989 y=3.89996 yaw=-5.06265 score=0.991525 valid=1 mode=tracking state=TRACKING evaluated=789 execution_us=45619 reason=tracking_pose_accepted
x=3.19989 y=3.89996 yaw=-5.08104 score=0.991466 valid=1 mode=tracking state=TRACKING evaluated=789 execution_us=45110 reason=tracking_pose_accepted
x=3.19989 y=3.89996 yaw=-5.06452 score=0.991855 valid=1 mode=tracking state=TRACKING evaluated=789 execution_us=44953 reason=tracking_pose_accepted
x=3.19989 y=3.89996 yaw=-5.06545 score=0.99242 valid=1 mode=tracking state=TRACKING evaluated=789 execution_us=44913 reason=tracking_pose_accepted
x=3.19989 y=3.89996 yaw=-5.08384 score=0.990897 valid=1 mode=tracking state=TRACKING evaluated=789 execution_us=44787 reason=tracking_pose_accepted
x=3.19989 y=3.89996 yaw=-5.08477 score=0.990833 valid=1 mode=tracking state=TRACKING evaluated=789 execution_us=44280 reason=tracking_pose_accepted
x=3.24989 y=3.89996 yaw=-5.06825 score=0.990914 valid=1 mode=tracking state=TRACKING evaluated=789 execution_us=44738 reason=tracking_pose_accepted
x=3.24989 y=3.89996 yaw=-5.06919 score=0.990491 valid=1 mode=tracking state=TRACKING evaluated=789 execution_us=45074 reason=tracking_pose_accepted
x=3.24989 y=3.89996 yaw=-5.07012 score=0.988062 valid=1 mode=tracking state=TRACKING evaluated=789 execution_us=44588 reason=tracking_pose_accepted
x=3.24989 y=3.89996 yaw=-5.07106 score=0.98782 valid=1 mode=tracking state=TRACKING evaluated=789 execution_us=45198 reason=tracking_pose_accepted
x=3.24989 y=3.89996 yaw=-5.07199 score=0.990584 valid=1 mode=tracking state=TRACKING evaluated=789 execution_us=44203 reason=tracking_pose_accepted
x=3.24989 y=3.89996 yaw=-5.07293 score=0.992342 valid=1 mode=tracking state=TRACKING evaluated=789 execution_us=44451 reason=tracking_pose_accepted
x=3.24989 y=3.89996 yaw=-5.07386 score=0.991462 valid=1 mode=tracking state=TRACKING evaluated=789 execution_us=44819 reason=tracking_pose_accepted
x=3.24989 y=3.89996 yaw=-5.07479 score=0.991704 valid=1 mode=tracking state=TRACKING evaluated=789 execution_us=44262 reason=tracking_pose_accepted
x=3.19989 y=3.89996 yaw=-5.07573 score=0.989782 valid=1 mode=tracking state=TRACKING evaluated=789 execution_us=45085 reason=tracking_pose_accepted
x=3.24989 y=3.89996 yaw=-5.05921 score=0.987795 valid=1 mode=tracking state=TRACKING evaluated=789 execution_us=44774 reason=tracking_pose_accepted
x=3.24989 y=3.89996 yaw=-5.06014 score=0.988657 valid=1 mode=tracking state=TRACKING evaluated=789 execution_us=44428 reason=tracking_pose_accepted
x=3.24989 y=3.89996 yaw=-5.06108 score=0.989919 valid=1 mode=tracking state=TRACKING evaluated=789 execution_us=44797 reason=tracking_pose_accepted
x=3.24989 y=3.89996 yaw=-5.06201 score=0.991788 valid=1 mode=tracking state=TRACKING evaluated=789 execution_us=44532 reason=tracking_pose_accepted
x=3.24989 y=3.89996 yaw=-5.06294 score=0.99271 valid=1 mode=tracking state=TRACKING evaluated=789 execution_us=44395 reason=tracking_pose_accepted
x=3.24989 y=3.89996 yaw=-5.06388 score=0.990609 valid=1 mode=tracking state=TRACKING evaluated=789 execution_us=45113 reason=tracking_pose_accepted
x=3.24989 y=3.89996 yaw=-5.06481 score=0.990891 valid=1 mode=tracking state=TRACKING evaluated=789 execution_us=45470 reason=tracking_pose_accepted
x=3.24989 y=3.89996 yaw=-5.06575 score=0.987365 valid=1 mode=tracking state=TRACKING evaluated=789 execution_us=44524 reason=tracking_pose_accepted
x=3.24989 y=3.89996 yaw=-5.06668 score=0.989386 valid=1 mode=tracking state=TRACKING evaluated=789 execution_us=44888 reason=tracking_pose_accepted
x=3.24989 y=3.89996 yaw=-5.06762 score=0.990457 valid=1 mode=tracking state=TRACKING evaluated=789 execution_us=44401 reason=tracking_pose_accepted
x=3.24989 y=3.89996 yaw=-5.06855 score=0.993897 valid=1 mode=tracking state=TRACKING evaluated=789 execution_us=44529 reason=tracking_pose_accepted
x=3.24989 y=3.89996 yaw=-5.06948 score=0.992075 valid=1 mode=tracking state=TRACKING evaluated=789 execution_us=44484 reason=tracking_pose_accepted
x=3.24989 y=3.89996 yaw=-5.07042 score=0.99271 valid=1 mode=tracking state=TRACKING evaluated=789 execution_us=44124 reason=tracking_pose_accepted
x=3.24989 y=3.89996 yaw=-5.07135 score=0.989195 valid=1 mode=tracking state=TRACKING evaluated=789 execution_us=45105 reason=tracking_pose_accepted
x=3.24989 y=3.89996 yaw=-5.07229 score=0.988297 valid=1 mode=tracking state=TRACKING evaluated=789 execution_us=44188 reason=tracking_pose_accepted
x=3.24989 y=3.89996 yaw=-5.05577 score=0.989275 valid=1 mode=tracking state=TRACKING evaluated=789 execution_us=44058 reason=tracking_pose_accepted
x=3.24989 y=3.89996 yaw=-5.07415 score=0.990409 valid=1 mode=tracking state=TRACKING evaluated=789 execution_us=43991 reason=tracking_pose_accepted
x=3.24989 y=3.89996 yaw=-5.07509 score=0.990748 valid=1 mode=tracking state=TRACKING evaluated=789 execution_us=44507 reason=tracking_pose_accepted
x=3.24989 y=3.89996 yaw=-5.07602 score=0.99144 valid=1 mode=tracking state=TRACKING evaluated=789 execution_us=44406 reason=tracking_pose_accepted
x=3.24989 y=3.89996 yaw=-5.07696 score=0.989665 valid=1 mode=tracking state=TRACKING evaluated=789 execution_us=44639 reason=tracking_pose_accepted
x=3.24989 y=3.89996 yaw=-5.06044 score=0.987465 valid=1 mode=tracking state=TRACKING evaluated=789 execution_us=44842 reason=tracking_pose_accepted
x=3.19989 y=3.89996 yaw=-5.07882 score=0.990366 valid=1 mode=tracking state=TRACKING evaluated=789 execution_us=44686 reason=tracking_pose_accepted
x=3.24989 y=3.89996 yaw=-5.06231 score=0.989414 valid=1 mode=tracking state=TRACKING evaluated=789 execution_us=44650 reason=tracking_pose_accepted
x=3.24989 y=3.89996 yaw=-5.06324 score=0.989945 valid=1 mode=tracking state=TRACKING evaluated=789 execution_us=44352 reason=tracking_pose_accepted
x=3.24989 y=3.89996 yaw=-5.06417 score=0.990987 valid=1 mode=tracking state=TRACKING evaluated=789 execution_us=44833 reason=tracking_pose_accepted
x=3.24989 y=3.89996 yaw=-5.06511 score=0.992095 valid=1 mode=tracking state=TRACKING evaluated=789 execution_us=44151 reason=tracking_pose_accepted
x=3.19989 y=3.89996 yaw=-5.0835 score=0.987257 valid=1 mode=tracking state=TRACKING evaluated=789 execution_us=44651 reason=tracking_pose_accepted
x=3.24989 y=3.89996 yaw=-5.06698 score=0.990037 valid=1 mode=tracking state=TRACKING evaluated=789 execution_us=45410 reason=tracking_pose_accepted
x=3.24989 y=3.89996 yaw=-5.06791 score=0.989665 valid=1 mode=tracking state=TRACKING evaluated=789 execution_us=44741 reason=tracking_pose_accepted
x=3.24989 y=3.89996 yaw=-5.06884 score=0.989971 valid=1 mode=tracking state=TRACKING evaluated=789 execution_us=44908 reason=tracking_pose_accepted
x=3.24989 y=3.89996 yaw=-5.06978 score=0.992095 valid=1 mode=tracking state=TRACKING evaluated=789 execution_us=44619 reason=tracking_pose_accepted
x=3.24989 y=3.89996 yaw=-5.07071 score=0.993049 valid=1 mode=tracking state=TRACKING evaluated=789 execution_us=44994 reason=tracking_pose_accepted
x=3.24989 y=3.89996 yaw=-5.07165 score=0.990819 valid=1 mode=tracking state=TRACKING evaluated=789 execution_us=44546 reason=tracking_pose_accepted
x=3.19989 y=3.89996 yaw=-5.07258 score=0.988785 valid=1 mode=tracking state=TRACKING evaluated=789 execution_us=44399 reason=tracking_pose_accepted
x=3.24989 y=3.89996 yaw=-5.07352 score=0.989272 valid=1 mode=tracking state=TRACKING evaluated=789 execution_us=44935 reason=tracking_pose_accepted
x=3.24989 y=3.89996 yaw=-5.07445 score=0.988266 valid=1 mode=tracking state=TRACKING evaluated=789 execution_us=44743 reason=tracking_pose_accepted
x=3.24989 y=3.89996 yaw=-5.07538 score=0.989536 valid=1 mode=tracking state=TRACKING evaluated=789 execution_us=44543 reason=tracking_pose_accepted
x=3.24989 y=3.89996 yaw=-5.05886 score=0.989866 valid=1 mode=tracking state=TRACKING evaluated=789 execution_us=44045 reason=tracking_pose_accepted
x=3.24989 y=3.89996 yaw=-5.07725 score=0.989172 valid=1 mode=tracking state=TRACKING evaluated=789 execution_us=44320 reason=tracking_pose_accepted
x=3.19989 y=3.89996 yaw=-5.07819 score=0.987782 valid=1 mode=tracking state=TRACKING evaluated=789 execution_us=44414 reason=tracking_pose_accepted
x=3.24989 y=3.89996 yaw=-5.06167 score=0.989386 valid=1 mode=tracking state=TRACKING evaluated=789 execution_us=45334 reason=tracking_pose_accepted
x=3.24989 y=3.89996 yaw=-5.0626 score=0.988657 valid=1 mode=tracking state=TRACKING evaluated=789 execution_us=45148 reason=tracking_pose_accepted
x=3.19989 y=3.89996 yaw=-5.08099 score=0.990416 valid=1 mode=tracking state=TRACKING evaluated=789 execution_us=44245 reason=tracking_pose_accepted
x=3.24989 y=3.89996 yaw=-5.06447 score=0.991459 valid=1 mode=tracking state=TRACKING evaluated=789 execution_us=44674 reason=tracking_pose_accepted
x=3.24989 y=3.89996 yaw=-5.0654 score=0.991128 valid=1 mode=tracking state=TRACKING evaluated=789 execution_us=44628 reason=tracking_pose_accepted
x=3.24989 y=3.89996 yaw=-5.06634 score=0.990584 valid=1 mode=tracking state=TRACKING evaluated=789 execution_us=44688 reason=tracking_pose_accepted
x=3.19989 y=3.89996 yaw=-5.08472 score=0.990109 valid=1 mode=tracking state=TRACKING evaluated=789 execution_us=44816 reason=tracking_pose_accepted
x=3.24989 y=3.89996 yaw=-5.06821 score=0.989919 valid=1 mode=tracking state=TRACKING evaluated=789 execution_us=44147 reason=tracking_pose_accepted
x=3.24989 y=3.89996 yaw=-5.06914 score=0.988337 valid=1 mode=tracking state=TRACKING evaluated=789 execution_us=45024 reason=tracking_pose_accepted
x=3.24989 y=3.89996 yaw=-5.07007 score=0.989933 valid=1 mode=tracking state=TRACKING evaluated=789 execution_us=44936 reason=tracking_pose_accepted
x=3.24989 y=3.89996 yaw=-5.07101 score=0.99271 valid=1 mode=tracking state=TRACKING evaluated=789 execution_us=44576 reason=tracking_pose_accepted
x=3.24989 y=3.89996 yaw=-5.07194 score=0.99136 valid=1 mode=tracking state=TRACKING evaluated=789 execution_us=45094 reason=tracking_pose_accepted
x=3.24989 y=3.89996 yaw=-5.07288 score=0.989508 valid=1 mode=tracking state=TRACKING evaluated=789 execution_us=44342 reason=tracking_pose_accepted
x=3.24989 y=3.89996 yaw=-5.07381 score=0.989414 valid=1 mode=tracking state=TRACKING evaluated=789 execution_us=44679 reason=tracking_pose_accepted
x=3.24989 y=3.89996 yaw=-5.07474 score=0.990211 valid=1 mode=tracking state=TRACKING evaluated=789 execution_us=44357 reason=tracking_pose_accepted
x=3.24989 y=3.89996 yaw=-5.05823 score=0.988582 valid=1 mode=tracking state=TRACKING evaluated=789 execution_us=44787 reason=tracking_pose_accepted
x=3.24989 y=3.89996 yaw=-5.05916 score=0.989692 valid=1 mode=tracking state=TRACKING evaluated=789 execution_us=44600 reason=tracking_pose_accepted
x=3.24989 y=3.89996 yaw=-5.07755 score=0.990262 valid=1 mode=tracking state=TRACKING evaluated=789 execution_us=44639 reason=tracking_pose_accepted
x=3.24989 y=3.89996 yaw=-5.06103 score=0.990175 valid=1 mode=tracking state=TRACKING evaluated=789 execution_us=44046 reason=tracking_pose_accepted
x=3.24989 y=3.89996 yaw=-5.06196 score=0.990252 valid=1 mode=tracking state=TRACKING evaluated=789 execution_us=46874 reason=tracking_pose_accepted
x=3.24989 y=3.89996 yaw=-5.0629 score=0.988529 valid=1 mode=tracking state=TRACKING evaluated=789 execution_us=44807 reason=tracking_pose_accepted
x=3.24989 y=3.89996 yaw=-5.06383 score=0.988787 valid=1 mode=tracking state=TRACKING evaluated=789 execution_us=44312 reason=tracking_pose_accepted
x=3.24989 y=3.89996 yaw=-5.06476 score=0.989945 valid=1 mode=tracking state=TRACKING evaluated=789 execution_us=44463 reason=tracking_pose_accepted
x=3.24989 y=3.89996 yaw=-5.0657 score=0.991745 valid=1 mode=tracking state=TRACKING evaluated=789 execution_us=43835 reason=tracking_pose_accepted
x=3.24989 y=3.89996 yaw=-5.06663 score=0.993053 valid=1 mode=tracking state=TRACKING evaluated=789 execution_us=44713 reason=tracking_pose_accepted
x=3.24989 y=3.89996 yaw=-5.06757 score=0.99144 valid=1 mode=tracking state=TRACKING evaluated=789 execution_us=44563 reason=tracking_pose_accepted
x=3.24989 y=3.89996 yaw=-5.0685 score=0.991667 valid=1 mode=tracking state=TRACKING evaluated=789 execution_us=44139 reason=tracking_pose_accepted
x=3.24989 y=3.89996 yaw=-5.06944 score=0.99111 valid=1 mode=tracking state=TRACKING evaluated=789 execution_us=44617 reason=tracking_pose_accepted
x=3.24989 y=3.89996 yaw=-5.07037 score=0.988062 valid=1 mode=tracking state=TRACKING evaluated=789 execution_us=44363 reason=tracking_pose_accepted
x=3.24989 y=3.89996 yaw=-5.0713 score=0.991418 valid=1 mode=tracking state=TRACKING evaluated=789 execution_us=44154 reason=tracking_pose_accepted
x=3.24989 y=3.89996 yaw=-5.07224 score=0.991459 valid=1 mode=tracking state=TRACKING evaluated=789 execution_us=44215 reason=tracking_pose_accepted
x=3.24989 y=3.89996 yaw=-5.07317 score=0.990201 valid=1 mode=tracking state=TRACKING evaluated=789 execution_us=44411 reason=tracking_pose_accepted
x=3.24989 y=3.89996 yaw=-5.05665 score=0.989081 valid=1 mode=tracking state=TRACKING evaluated=789 execution_us=44658 reason=tracking_pose_accepted
x=3.24989 y=3.89996 yaw=-5.07504 score=0.989878 valid=1 mode=tracking state=TRACKING evaluated=789 execution_us=44309 reason=tracking_pose_accepted
x=3.24989 y=3.89996 yaw=-5.07597 score=0.98895 valid=1 mode=tracking state=TRACKING evaluated=789 execution_us=44509 reason=tracking_pose_accepted
x=3.24989 y=3.89996 yaw=-5.05945 score=0.989024 valid=1 mode=tracking state=TRACKING evaluated=789 execution_us=44859 reason=tracking_pose_accepted
x=3.24989 y=3.89996 yaw=-5.06039 score=0.989584 valid=1 mode=tracking state=TRACKING evaluated=789 execution_us=44611 reason=tracking_pose_accepted
x=3.24989 y=3.89996 yaw=-5.06132 score=0.989359 valid=1 mode=tracking state=TRACKING evaluated=789 execution_us=44578 reason=tracking_pose_accepted
x=3.24989 y=3.89996 yaw=-5.06226 score=0.989971 valid=1 mode=tracking state=TRACKING evaluated=789 execution_us=45051 reason=tracking_pose_accepted
x=3.19989 y=3.89996 yaw=-5.08064 score=0.991031 valid=1 mode=tracking state=TRACKING evaluated=789 execution_us=44396 reason=tracking_pose_accepted
x=3.24988 y=3.89996 yaw=-5.06413 score=0.990227 valid=1 mode=tracking state=TRACKING evaluated=789 execution_us=44332 reason=tracking_pose_accepted
x=3.24988 y=3.89996 yaw=-5.06506 score=0.988687 valid=1 mode=tracking state=TRACKING evaluated=789 execution_us=44773 reason=tracking_pose_accepted
x=3.24988 y=3.89996 yaw=-5.06599 score=0.990609 valid=1 mode=tracking state=TRACKING evaluated=789 execution_us=44925 reason=tracking_pose_accepted
x=3.24988 y=3.89996 yaw=-5.06693 score=0.990867 valid=1 mode=tracking state=TRACKING evaluated=789 execution_us=44370 reason=tracking_pose_accepted
x=3.24988 y=3.89996 yaw=-5.06786 score=0.989692 valid=1 mode=tracking state=TRACKING evaluated=789 execution_us=44667 reason=tracking_pose_accepted
x=3.24988 y=3.89996 yaw=-5.0688 score=0.990303 valid=1 mode=tracking state=TRACKING evaluated=789 execution_us=44765 reason=tracking_pose_accepted
x=3.24988 y=3.89996 yaw=-5.06973 score=0.988822 valid=1 mode=tracking state=TRACKING evaluated=789 execution_us=44705 reason=tracking_pose_accepted
x=3.24988 y=3.89996 yaw=-5.07066 score=0.990873 valid=1 mode=tracking state=TRACKING evaluated=789 execution_us=44596 reason=tracking_pose_accepted
x=3.24988 y=3.89996 yaw=-5.0716 score=0.989971 valid=1 mode=tracking state=TRACKING evaluated=789 execution_us=44684 reason=tracking_pose_accepted
x=3.24988 y=3.89996 yaw=-5.07253 score=0.989522 valid=1 mode=tracking state=TRACKING evaluated=789 execution_us=44534 reason=tracking_pose_accepted
x=3.24988 y=3.89996 yaw=-5.07347 score=0.988909 valid=1 mode=tracking state=TRACKING evaluated=789 execution_us=44663 reason=tracking_pose_accepted
x=3.24988 y=3.89996 yaw=-5.0744 score=0.991133 valid=1 mode=tracking state=TRACKING evaluated=789 execution_us=44560 reason=tracking_pose_accepted
x=3.24988 y=3.89996 yaw=-5.05788 score=0.989052 valid=1 mode=tracking state=TRACKING evaluated=789 execution_us=44739 reason=tracking_pose_accepted
x=3.19988 y=3.89996 yaw=-5.07627 score=0.98842 valid=1 mode=tracking state=TRACKING evaluated=789 execution_us=44446 reason=tracking_pose_accepted
x=3.19988 y=3.89996 yaw=-5.0772 score=0.989119 valid=1 mode=tracking state=TRACKING evaluated=789 execution_us=45180 reason=tracking_pose_accepted
x=3.24988 y=3.89996 yaw=-5.06068 score=0.98847 valid=1 mode=tracking state=TRACKING evaluated=789 execution_us=44678 reason=tracking_pose_accepted
x=3.19988 y=3.89996 yaw=-5.07907 score=0.99016 valid=1 mode=tracking state=TRACKING evaluated=789 execution_us=44564 reason=tracking_pose_accepted
x=3.24988 y=3.89996 yaw=-5.06255 score=0.989665 valid=1 mode=tracking state=TRACKING evaluated=789 execution_us=45104 reason=tracking_pose_accepted
x=3.24988 y=3.89996 yaw=-5.06349 score=0.990819 valid=1 mode=tracking state=TRACKING evaluated=789 execution_us=43928 reason=tracking_pose_accepted
x=3.24988 y=3.89996 yaw=-5.06442 score=0.989331 valid=1 mode=tracking state=TRACKING evaluated=789 execution_us=44408 reason=tracking_pose_accepted
x=3.24988 y=3.89996 yaw=-5.06535 score=0.989584 valid=1 mode=tracking state=TRACKING evaluated=789 execution_us=44502 reason=tracking_pose_accepted
x=3.24988 y=3.89996 yaw=-5.06629 score=0.989081 valid=1 mode=tracking state=TRACKING evaluated=789 execution_us=44348 reason=tracking_pose_accepted
x=3.24988 y=3.89996 yaw=-5.06722 score=0.99122 valid=1 mode=tracking state=TRACKING evaluated=789 execution_us=44558 reason=tracking_pose_accepted
x=3.24988 y=3.89996 yaw=-5.06816 score=0.991414 valid=1 mode=tracking state=TRACKING evaluated=789 execution_us=44118 reason=tracking_pose_accepted
x=3.24988 y=3.89996 yaw=-5.06909 score=0.989584 valid=1 mode=tracking state=TRACKING evaluated=789 execution_us=43901 reason=tracking_pose_accepted
x=3.24988 y=3.89996 yaw=-5.07003 score=0.990867 valid=1 mode=tracking state=TRACKING evaluated=789 execution_us=44886 reason=tracking_pose_accepted
x=3.24988 y=3.89996 yaw=-5.07096 score=0.991745 valid=1 mode=tracking state=TRACKING evaluated=789 execution_us=43860 reason=tracking_pose_accepted
x=3.24988 y=3.89996 yaw=-5.07189 score=0.991788 valid=1 mode=tracking state=TRACKING evaluated=789 execution_us=44355 reason=tracking_pose_accepted
x=3.24988 y=3.89996 yaw=-5.07283 score=0.99016 valid=1 mode=tracking state=TRACKING evaluated=789 execution_us=44235 reason=tracking_pose_accepted
x=3.19988 y=3.89996 yaw=-5.07376 score=0.989341 valid=1 mode=tracking state=TRACKING evaluated=789 execution_us=44261 reason=tracking_pose_accepted
x=3.24988 y=3.89996 yaw=-5.0747 score=0.990584 valid=1 mode=tracking state=TRACKING evaluated=789 execution_us=44502 reason=tracking_pose_accepted
x=3.19988 y=3.89996 yaw=-5.07563 score=0.992279 valid=1 mode=tracking state=TRACKING evaluated=789 execution_us=44643 reason=tracking_pose_accepted
x=3.24988 y=3.89996 yaw=-5.05911 score=0.989386 valid=1 mode=tracking state=TRACKING evaluated=789 execution_us=44801 reason=tracking_pose_accepted
x=3.24988 y=3.89996 yaw=-5.06005 score=0.989052 valid=1 mode=tracking state=TRACKING evaluated=789 execution_us=44943 reason=tracking_pose_accepted
x=3.19988 y=3.89996 yaw=-5.07843 score=0.988473 valid=1 mode=tracking state=TRACKING evaluated=789 execution_us=43918 reason=tracking_pose_accepted
x=3.24988 y=3.89996 yaw=-5.06191 score=0.989414 valid=1 mode=tracking state=TRACKING evaluated=789 execution_us=44851 reason=tracking_pose_accepted
x=3.24988 y=3.89996 yaw=-5.06285 score=0.989665 valid=1 mode=tracking state=TRACKING evaluated=789 execution_us=44749 reason=tracking_pose_accepted
x=3.24988 y=3.89996 yaw=-5.06378 score=0.989638 valid=1 mode=tracking state=TRACKING evaluated=789 execution_us=44556 reason=tracking_pose_accepted
x=3.24988 y=3.89996 yaw=-5.06472 score=0.991436 valid=1 mode=tracking state=TRACKING evaluated=789 execution_us=44495 reason=tracking_pose_accepted
x=3.24988 y=3.89996 yaw=-5.06565 score=0.990227 valid=1 mode=tracking state=TRACKING evaluated=789 execution_us=44868 reason=tracking_pose_accepted
x=3.24988 y=3.89996 yaw=-5.06658 score=0.990867 valid=1 mode=tracking state=TRACKING evaluated=789 execution_us=44416 reason=tracking_pose_accepted
x=3.24988 y=3.89996 yaw=-5.06752 score=0.990396 valid=1 mode=tracking state=TRACKING evaluated=789 execution_us=44841 reason=tracking_pose_accepted
x=3.24988 y=3.89996 yaw=-5.06845 score=0.990391 valid=1 mode=tracking state=TRACKING evaluated=789 execution_us=44420 reason=tracking_pose_accepted
x=3.24988 y=3.89996 yaw=-5.06939 score=0.990679 valid=1 mode=tracking state=TRACKING evaluated=789 execution_us=44223 reason=tracking_pose_accepted
x=3.24988 y=3.89996 yaw=-5.07032 score=0.991151 valid=1 mode=tracking state=TRACKING evaluated=789 execution_us=44982 reason=tracking_pose_accepted
x=3.24988 y=3.89996 yaw=-5.07125 score=0.98872 valid=1 mode=tracking state=TRACKING evaluated=789 execution_us=44961 reason=tracking_pose_accepted
x=3.24988 y=3.89996 yaw=-5.07219 score=0.989556 valid=1 mode=tracking state=TRACKING evaluated=789 execution_us=44229 reason=tracking_pose_accepted
x=3.24988 y=3.89996 yaw=-5.07312 score=0.989638 valid=1 mode=tracking state=TRACKING evaluated=789 execution_us=44747 reason=tracking_pose_accepted
x=3.24988 y=3.89996 yaw=-5.07406 score=0.990584 valid=1 mode=tracking state=TRACKING evaluated=789 execution_us=44650 reason=tracking_pose_accepted
x=3.24988 y=3.89996 yaw=-5.07499 score=0.98929 valid=1 mode=tracking state=TRACKING evaluated=789 execution_us=44549 reason=tracking_pose_accepted
x=3.24988 y=3.89996 yaw=-5.07593 score=0.989904 valid=1 mode=tracking state=TRACKING evaluated=789 execution_us=44589 reason=tracking_pose_accepted
x=3.24988 y=3.89996 yaw=-5.05941 score=0.988746 valid=1 mode=tracking state=TRACKING evaluated=789 execution_us=45573 reason=tracking_pose_accepted
x=3.24988 y=3.89996 yaw=-5.06034 score=0.989665 valid=1 mode=tracking state=TRACKING evaluated=789 execution_us=44858 reason=tracking_pose_accepted
x=3.24988 y=3.89996 yaw=-5.06127 score=0.989303 valid=1 mode=tracking state=TRACKING evaluated=789 execution_us=44505 reason=tracking_pose_accepted
x=3.24988 y=3.89996 yaw=-5.06221 score=0.989081 valid=1 mode=tracking state=TRACKING evaluated=789 execution_us=44646 reason=tracking_pose_accepted
x=3.24988 y=3.89996 yaw=-5.06314 score=0.988429 valid=1 mode=tracking state=TRACKING evaluated=789 execution_us=44805 reason=tracking_pose_accepted
x=3.24988 y=3.89996 yaw=-5.06408 score=0.990328 valid=1 mode=tracking state=TRACKING evaluated=789 execution_us=44837 reason=tracking_pose_accepted
x=3.24988 y=3.89996 yaw=-5.06501 score=0.989386 valid=1 mode=tracking state=TRACKING evaluated=789 execution_us=44629 reason=tracking_pose_accepted
x=3.24988 y=3.89996 yaw=-5.06595 score=0.990938 valid=1 mode=tracking state=TRACKING evaluated=789 execution_us=44891 reason=tracking_pose_accepted
x=3.24988 y=3.89996 yaw=-5.06688 score=0.989931 valid=1 mode=tracking state=TRACKING evaluated=789 execution_us=44763 reason=tracking_pose_accepted
x=3.24988 y=3.89996 yaw=-5.06781 score=0.990819 valid=1 mode=tracking state=TRACKING evaluated=789 execution_us=44414 reason=tracking_pose_accepted
x=3.24988 y=3.89996 yaw=-5.06875 score=0.990867 valid=1 mode=tracking state=TRACKING evaluated=789 execution_us=44233 reason=tracking_pose_accepted
x=3.24988 y=3.89996 yaw=-5.06968 score=0.99056 valid=1 mode=tracking state=TRACKING evaluated=789 execution_us=44201 reason=tracking_pose_accepted
x=3.24988 y=3.89996 yaw=-5.07062 score=0.990802 valid=1 mode=tracking state=TRACKING evaluated=789 execution_us=44638 reason=tracking_pose_accepted
x=3.24988 y=3.89996 yaw=-5.07155 score=0.99016 valid=1 mode=tracking state=TRACKING evaluated=789 execution_us=44359 reason=tracking_pose_accepted
x=3.24988 y=3.89996 yaw=-5.07248 score=0.98934 valid=1 mode=tracking state=TRACKING evaluated=789 execution_us=44832 reason=tracking_pose_accepted
x=3.24988 y=3.89996 yaw=-5.07342 score=0.989359 valid=1 mode=tracking state=TRACKING evaluated=789 execution_us=44672 reason=tracking_pose_accepted
x=3.19988 y=3.89996 yaw=-5.07435 score=0.988814 valid=1 mode=tracking state=TRACKING evaluated=789 execution_us=44726 reason=tracking_pose_accepted
x=3.24988 y=3.89996 yaw=-5.07529 score=0.990186 valid=1 mode=tracking state=TRACKING evaluated=789 execution_us=44121 reason=tracking_pose_accepted
x=3.24988 y=3.89996 yaw=-5.07622 score=0.989597 valid=1 mode=tracking state=TRACKING evaluated=789 execution_us=44688 reason=tracking_pose_accepted
x=3.24988 y=3.89996 yaw=-5.0597 score=0.989692 valid=1 mode=tracking state=TRACKING evaluated=789 execution_us=44380 reason=tracking_pose_accepted
x=3.19988 y=3.89996 yaw=-5.07809 score=0.989424 valid=1 mode=tracking state=TRACKING evaluated=789 execution_us=45134 reason=tracking_pose_accepted
x=3.24988 y=3.89996 yaw=-5.06157 score=0.99056 valid=1 mode=tracking state=TRACKING evaluated=789 execution_us=45312 reason=tracking_pose_accepted
x=3.24988 y=3.89996 yaw=-5.0625 score=0.988801 valid=1 mode=tracking state=TRACKING evaluated=789 execution_us=44217 reason=tracking_pose_accepted
x=3.24988 y=3.89996 yaw=-5.06344 score=0.988995 valid=1 mode=tracking state=TRACKING evaluated=789 execution_us=44658 reason=tracking_pose_accepted
x=3.24988 y=3.89996 yaw=-5.06437 score=0.988559 valid=1 mode=tracking state=TRACKING evaluated=789 execution_us=44951 reason=tracking_pose_accepted
x=3.24988 y=3.89996 yaw=-5.06531 score=0.990328 valid=1 mode=tracking state=TRACKING evaluated=789 execution_us=44940 reason=tracking_pose_accepted
x=3.24988 y=3.89996 yaw=-5.06624 score=0.990938 valid=1 mode=tracking state=TRACKING evaluated=789 execution_us=44723 reason=tracking_pose_accepted
x=3.24988 y=3.89996 yaw=-5.06717 score=0.991128 valid=1 mode=tracking state=TRACKING evaluated=789 execution_us=44421 reason=tracking_pose_accepted
x=3.24988 y=3.89996 yaw=-5.06811 score=0.99056 valid=1 mode=tracking state=TRACKING evaluated=789 execution_us=44984 reason=tracking_pose_accepted
x=3.24988 y=3.89996 yaw=-5.06904 score=0.990303 valid=1 mode=tracking state=TRACKING evaluated=789 execution_us=45002 reason=tracking_pose_accepted
x=3.24988 y=3.89996 yaw=-5.06998 score=0.991128 valid=1 mode=tracking state=TRACKING evaluated=789 execution_us=44023 reason=tracking_pose_accepted
x=3.24988 y=3.89996 yaw=-5.07091 score=0.989549 valid=1 mode=tracking state=TRACKING evaluated=789 execution_us=44972 reason=tracking_pose_accepted
x=3.24988 y=3.89996 yaw=-5.07185 score=0.989563 valid=1 mode=tracking state=TRACKING evaluated=789 execution_us=44466 reason=tracking_pose_accepted
x=3.24988 y=3.89996 yaw=-5.07278 score=0.99056 valid=1 mode=tracking state=TRACKING evaluated=789 execution_us=44548 reason=tracking_pose_accepted
x=3.24988 y=3.89996 yaw=-5.07371 score=0.990826 valid=1 mode=tracking state=TRACKING evaluated=789 execution_us=44681 reason=tracking_pose_accepted
x=3.24988 y=3.89996 yaw=-5.05719 score=0.989414 valid=1 mode=tracking state=TRACKING evaluated=789 execution_us=54664 reason=tracking_pose_accepted
x=3.24988 y=3.89996 yaw=-5.05813 score=0.989331 valid=1 mode=tracking state=TRACKING evaluated=789 execution_us=44928 reason=tracking_pose_accepted
x=3.24988 y=3.89996 yaw=-5.05906 score=0.989275 valid=1 mode=tracking state=TRACKING evaluated=789 execution_us=44126 reason=tracking_pose_accepted
x=3.19988 y=3.89996 yaw=-5.07745 score=0.991405 valid=1 mode=tracking state=TRACKING evaluated=789 execution_us=44874 reason=tracking_pose_accepted
x=3.19988 y=3.89996 yaw=-5.07838 score=0.988112 valid=1 mode=tracking state=TRACKING evaluated=789 execution_us=44870 reason=tracking_pose_accepted
x=3.24988 y=3.89996 yaw=-5.06186 score=0.989665 valid=1 mode=tracking state=TRACKING evaluated=789 execution_us=44546 reason=tracking_pose_accepted
x=3.24988 y=3.89996 yaw=-5.0628 score=0.990278 valid=1 mode=tracking state=TRACKING evaluated=789 execution_us=44450 reason=tracking_pose_accepted
mission_command=STOP
x=3.24988 y=3.89996 yaw=-5.06373 score=0.989052 valid=1 mode=tracking state=TRACKING evaluated=789 execution_us=44486 reason=tracking_pose_accepted
[YDLIDAR] Now lidar scanning has stopped!
lidar_state=STOPPED
mission_command=START
[YDLIDAR] Lidar successfully connected [/dev/ttyS3:230400]
[YDLIDAR] Lidar running correctly! The health status: good
Current Lidar Model Code 151
[YDLIDAR] Baseplate device info
Firmware version: 1.2
Hardware version: 1
Model: Tmini Plus
Serial: 2025042300090381
[YDLIDAR] Current scan frequency: 10.00Hz
[YDLIDAR] Current scan frequency: 10.00Hz
[YDLIDAR] Lidar init success, Elapsed time 1012 ms
[YDLIDAR] Create thread 0xA694D4C0
[YDLIDAR] Successed to start scan mode, Elapsed time 2097 ms
[YDLIDAR] Scan Frequency: 10.00Hz
[YDLIDAR] Fixed Size: 400
[YDLIDAR] Sample Rate: 4.00K
[YDLIDAR] Successed to check the lidar, Elapsed time 0 ms
[2026-07-23 05:21:26][info] [YDLIDAR] Now lidar is scanning...
lidar_state=RUNNING
x=3.24988 y=3.94996 yaw=-5.06467 score=0.987036 valid=1 mode=tracking state=TRACKING evaluated=789 execution_us=45026 reason=tracking_pose_accepted
x=3.19988 y=3.89996 yaw=-5.08305 score=0.987748 valid=1 mode=tracking state=TRACKING evaluated=807 execution_us=45786 reason=tracking_pose_accepted
x=3.24988 y=3.89996 yaw=-5.06654 score=0.987999 valid=1 mode=tracking state=TRACKING evaluated=789 execution_us=44142 reason=tracking_pose_accepted
x=3.19988 y=3.89996 yaw=-5.06747 score=0.988359 valid=1 mode=tracking state=TRACKING evaluated=789 execution_us=44446 reason=tracking_pose_accepted
x=3.19988 y=3.89996 yaw=-5.08586 score=0.989081 valid=1 mode=tracking state=TRACKING evaluated=789 execution_us=44663 reason=tracking_pose_accepted
x=3.24988 y=3.89996 yaw=-5.06934 score=0.98803 valid=1 mode=tracking state=TRACKING evaluated=789 execution_us=44207 reason=tracking_pose_accepted
x=3.19988 y=3.89996 yaw=-5.08773 score=0.988781 valid=1 mode=tracking state=TRACKING evaluated=789 execution_us=44336 reason=tracking_pose_accepted
x=3.24988 y=3.89996 yaw=-5.07121 score=0.989441 valid=1 mode=tracking state=TRACKING evaluated=789 execution_us=45156 reason=tracking_pose_accepted
x=3.19988 y=3.89996 yaw=-5.07214 score=0.989702 valid=1 mode=tracking state=TRACKING evaluated=789 execution_us=44713 reason=tracking_pose_accepted
x=3.19988 y=3.89996 yaw=-5.07307 score=0.989929 valid=1 mode=tracking state=TRACKING evaluated=789 execution_us=44128 reason=tracking_pose_accepted
x=3.24988 y=3.89996 yaw=-5.07401 score=0.989692 valid=1 mode=tracking state=TRACKING evaluated=789 execution_us=44656 reason=tracking_pose_accepted
x=3.19988 y=3.89996 yaw=-5.07494 score=0.992401 valid=1 mode=tracking state=TRACKING evaluated=789 execution_us=45041 reason=tracking_pose_accepted
x=3.19988 y=3.89996 yaw=-5.07588 score=0.989388 valid=1 mode=tracking state=TRACKING evaluated=789 execution_us=43859 reason=tracking_pose_accepted
x=3.19988 y=3.89996 yaw=-5.07681 score=0.990819 valid=1 mode=tracking state=TRACKING evaluated=789 execution_us=44782 reason=tracking_pose_accepted
x=3.19988 y=3.89996 yaw=-5.07774 score=0.989136 valid=1 mode=tracking state=TRACKING evaluated=789 execution_us=44501 reason=tracking_pose_accepted
x=3.24988 y=3.89996 yaw=-5.06123 score=0.989386 valid=1 mode=tracking state=TRACKING evaluated=789 execution_us=44576 reason=tracking_pose_accepted
x=3.24988 y=3.89996 yaw=-5.06216 score=0.990201 valid=1 mode=tracking state=TRACKING evaluated=789 execution_us=44169 reason=tracking_pose_accepted
x=3.24988 y=3.89996 yaw=-5.06309 score=0.989052 valid=1 mode=tracking state=TRACKING evaluated=789 execution_us=44699 reason=tracking_pose_accepted
x=3.24988 y=3.89996 yaw=-5.06403 score=0.987699 valid=1 mode=tracking state=TRACKING evaluated=789 execution_us=43926 reason=tracking_pose_accepted
x=3.24988 y=3.89996 yaw=-5.06496 score=0.99056 valid=1 mode=tracking state=TRACKING evaluated=789 execution_us=44709 reason=tracking_pose_accepted
x=3.24988 y=3.89996 yaw=-5.0659 score=0.989997 valid=1 mode=tracking state=TRACKING evaluated=789 execution_us=44476 reason=tracking_pose_accepted
x=3.24988 y=3.89996 yaw=-5.06683 score=0.989919 valid=1 mode=tracking state=TRACKING evaluated=789 execution_us=44500 reason=tracking_pose_accepted
x=3.24988 y=3.89996 yaw=-5.06776 score=0.990609 valid=1 mode=tracking state=TRACKING evaluated=789 execution_us=44728 reason=tracking_pose_accepted
x=3.24988 y=3.89996 yaw=-5.0687 score=0.989109 valid=1 mode=tracking state=TRACKING evaluated=789 execution_us=45541 reason=tracking_pose_accepted
x=3.19988 y=3.89996 yaw=-5.06963 score=0.988593 valid=1 mode=tracking state=TRACKING evaluated=789 execution_us=44371 reason=tracking_pose_accepted
x=3.24988 y=3.89996 yaw=-5.07057 score=0.990303 valid=1 mode=tracking state=TRACKING evaluated=789 execution_us=44613 reason=tracking_pose_accepted
x=3.24988 y=3.89996 yaw=-5.0715 score=0.988429 valid=1 mode=tracking state=TRACKING evaluated=789 execution_us=44627 reason=tracking_pose_accepted
x=3.24988 y=3.89996 yaw=-5.07244 score=0.987977 valid=1 mode=tracking state=TRACKING evaluated=789 execution_us=44401 reason=tracking_pose_accepted
x=3.24988 y=3.89996 yaw=-5.07337 score=0.98904 valid=1 mode=tracking state=TRACKING evaluated=789 execution_us=44398 reason=tracking_pose_accepted
x=3.24988 y=3.89996 yaw=-5.05685 score=0.988133 valid=1 mode=tracking state=TRACKING evaluated=789 execution_us=44460 reason=tracking_pose_accepted
x=3.24988 y=3.89996 yaw=-5.07524 score=0.988092 valid=1 mode=tracking state=TRACKING evaluated=789 execution_us=44908 reason=tracking_pose_accepted
x=3.19988 y=3.89996 yaw=-5.07617 score=0.990812 valid=1 mode=tracking state=TRACKING evaluated=789 execution_us=44558 reason=tracking_pose_accepted
x=3.24988 y=3.89996 yaw=-5.05965 score=0.988379 valid=1 mode=tracking state=TRACKING evaluated=789 execution_us=44446 reason=tracking_pose_accepted
x=3.19988 y=3.89996 yaw=-5.07804 score=0.991179 valid=1 mode=tracking state=TRACKING evaluated=789 execution_us=45003 reason=tracking_pose_accepted
x=3.19988 y=3.89996 yaw=-5.07897 score=0.987837 valid=1 mode=tracking state=TRACKING evaluated=789 execution_us=44552 reason=tracking_pose_accepted
x=3.24988 y=3.89996 yaw=-5.06246 score=0.989024 valid=1 mode=tracking state=TRACKING evaluated=789 execution_us=44556 reason=tracking_pose_accepted
x=3.24988 y=3.89996 yaw=-5.06339 score=0.987977 valid=1 mode=tracking state=TRACKING evaluated=789 execution_us=44142 reason=tracking_pose_accepted
x=3.24988 y=3.89996 yaw=-5.06432 score=0.989665 valid=1 mode=tracking state=TRACKING evaluated=789 execution_us=45160 reason=tracking_pose_accepted
x=3.24988 y=3.89996 yaw=-5.06526 score=0.989386 valid=1 mode=tracking state=TRACKING evaluated=789 execution_us=45061 reason=tracking_pose_accepted
x=3.24988 y=3.89996 yaw=-5.06619 score=0.989971 valid=1 mode=tracking state=TRACKING evaluated=789 execution_us=44996 reason=tracking_pose_accepted
x=3.24988 y=3.89996 yaw=-5.06713 score=0.989611 valid=1 mode=tracking state=TRACKING evaluated=789 execution_us=44467 reason=tracking_pose_accepted
x=3.24988 y=3.89996 yaw=-5.06806 score=0.988286 valid=1 mode=tracking state=TRACKING evaluated=789 execution_us=45258 reason=tracking_pose_accepted
x=3.24988 y=3.89996 yaw=-5.06899 score=0.988235 valid=1 mode=tracking state=TRACKING evaluated=789 execution_us=44336 reason=tracking_pose_accepted
x=3.24988 y=3.89996 yaw=-5.06993 score=0.989892 valid=1 mode=tracking state=TRACKING evaluated=789 execution_us=44291 reason=tracking_pose_accepted
x=3.24988 y=3.89996 yaw=-5.07086 score=0.988734 valid=1 mode=tracking state=TRACKING evaluated=789 execution_us=46369 reason=tracking_pose_accepted
x=3.24988 y=3.89996 yaw=-5.0718 score=0.989611 valid=1 mode=tracking state=TRACKING evaluated=789 execution_us=44277 reason=tracking_pose_accepted
x=3.19988 y=3.89996 yaw=-5.07273 score=0.991072 valid=1 mode=tracking state=TRACKING evaluated=789 execution_us=44938 reason=tracking_pose_accepted
x=3.19988 y=3.89996 yaw=-5.07366 score=0.988829 valid=1 mode=tracking state=TRACKING evaluated=789 execution_us=44807 reason=tracking_pose_accepted
x=3.19988 y=3.89996 yaw=-5.0746 score=0.990064 valid=1 mode=tracking state=TRACKING evaluated=789 execution_us=44478 reason=tracking_pose_accepted
x=3.24988 y=3.89996 yaw=-5.05808 score=0.98789 valid=1 mode=tracking state=TRACKING evaluated=789 execution_us=45026 reason=tracking_pose_accepted
x=3.24988 y=3.89996 yaw=-5.05901 score=0.987658 valid=1 mode=tracking state=TRACKING evaluated=789 execution_us=44635 reason=tracking_pose_accepted
x=3.19988 y=3.89996 yaw=-5.0774 score=0.990176 valid=1 mode=tracking state=TRACKING evaluated=789 execution_us=44323 reason=tracking_pose_accepted
x=3.24988 y=3.89996 yaw=-5.06088 score=0.988717 valid=1 mode=tracking state=TRACKING evaluated=789 execution_us=44554 reason=tracking_pose_accepted
x=3.19988 y=3.89996 yaw=-5.07927 score=0.9879 valid=1 mode=tracking state=TRACKING evaluated=789 execution_us=44556 reason=tracking_pose_accepted
x=3.24988 y=3.89996 yaw=-5.06275 score=0.989665 valid=1 mode=tracking state=TRACKING evaluated=789 execution_us=44559 reason=tracking_pose_accepted
x=3.24988 y=3.89996 yaw=-5.06368 score=0.988195 valid=1 mode=tracking state=TRACKING evaluated=789 execution_us=44538 reason=tracking_pose_accepted
x=3.24988 y=3.89996 yaw=-5.06462 score=0.990023 valid=1 mode=tracking state=TRACKING evaluated=789 execution_us=44733 reason=tracking_pose_accepted
x=3.24988 y=3.89996 yaw=-5.06555 score=0.990609 valid=1 mode=tracking state=TRACKING evaluated=789 execution_us=45139 reason=tracking_pose_accepted
x=3.19988 y=3.89996 yaw=-5.08394 score=0.989828 valid=1 mode=tracking state=TRACKING evaluated=789 execution_us=44309 reason=tracking_pose_accepted
x=3.24988 y=3.89996 yaw=-5.06742 score=0.98741 valid=1 mode=tracking state=TRACKING evaluated=789 execution_us=44598 reason=tracking_pose_accepted
x=3.24988 y=3.89996 yaw=-5.06836 score=0.990227 valid=1 mode=tracking state=TRACKING evaluated=789 execution_us=44280 reason=tracking_pose_accepted
x=3.19988 y=3.89996 yaw=-5.08674 score=0.990803 valid=1 mode=tracking state=TRACKING evaluated=789 execution_us=44902 reason=tracking_pose_accepted
x=3.24987 y=3.89996 yaw=-5.07022 score=0.989495 valid=1 mode=tracking state=TRACKING evaluated=789 execution_us=44943 reason=tracking_pose_accepted
x=3.19987 y=3.89996 yaw=-5.07116 score=0.991025 valid=1 mode=tracking state=TRACKING evaluated=789 execution_us=45197 reason=tracking_pose_accepted
x=3.24987 y=3.89996 yaw=-5.07209 score=0.988603 valid=1 mode=tracking state=TRACKING evaluated=789 execution_us=44635 reason=tracking_pose_accepted
x=3.24987 y=3.89996 yaw=-5.07303 score=0.989218 valid=1 mode=tracking state=TRACKING evaluated=789 execution_us=44380 reason=tracking_pose_accepted
x=3.24987 y=3.89996 yaw=-5.07396 score=0.990519 valid=1 mode=tracking state=TRACKING evaluated=789 execution_us=44431 reason=tracking_pose_accepted
x=3.19987 y=3.89996 yaw=-5.07489 score=0.988884 valid=1 mode=tracking state=TRACKING evaluated=789 execution_us=44775 reason=tracking_pose_accepted
x=3.19987 y=3.89996 yaw=-5.07583 score=0.989643 valid=1 mode=tracking state=TRACKING evaluated=789 execution_us=43824 reason=tracking_pose_accepted
x=3.24987 y=3.89996 yaw=-5.05931 score=0.989399 valid=1 mode=tracking state=TRACKING evaluated=789 execution_us=44224 reason=tracking_pose_accepted
x=3.24987 y=3.89996 yaw=-5.06024 score=0.988164 valid=1 mode=tracking state=TRACKING evaluated=789 execution_us=44674 reason=tracking_pose_accepted
x=3.24987 y=3.89996 yaw=-5.06118 score=0.987795 valid=1 mode=tracking state=TRACKING evaluated=789 execution_us=44608 reason=tracking_pose_accepted
x=3.19987 y=3.89996 yaw=-5.07956 score=0.990303 valid=1 mode=tracking state=TRACKING evaluated=789 execution_us=44806 reason=tracking_pose_accepted
x=3.24987 y=3.89996 yaw=-5.06305 score=0.989109 valid=1 mode=tracking state=TRACKING evaluated=789 execution_us=45231 reason=tracking_pose_accepted
x=3.24987 y=3.89996 yaw=-5.06398 score=0.988966 valid=1 mode=tracking state=TRACKING evaluated=789 execution_us=44073 reason=tracking_pose_accepted
x=3.24987 y=3.89996 yaw=-5.06491 score=0.989275 valid=1 mode=tracking state=TRACKING evaluated=789 execution_us=44400 reason=tracking_pose_accepted
x=3.24987 y=3.89996 yaw=-5.06585 score=0.989781 valid=1 mode=tracking state=TRACKING evaluated=789 execution_us=45123 reason=tracking_pose_accepted
x=3.24987 y=3.89996 yaw=-5.06678 score=0.988793 valid=1 mode=tracking state=TRACKING evaluated=789 execution_us=44319 reason=tracking_pose_accepted
x=3.24987 y=3.89996 yaw=-5.06772 score=0.989638 valid=1 mode=tracking state=TRACKING evaluated=789 execution_us=44617 reason=tracking_pose_accepted
x=3.19987 y=3.89996 yaw=-5.0861 score=0.989563 valid=1 mode=tracking state=TRACKING evaluated=789 execution_us=44743 reason=tracking_pose_accepted
x=3.24987 y=3.89996 yaw=-5.06958 score=0.99056 valid=1 mode=tracking state=TRACKING evaluated=789 execution_us=44204 reason=tracking_pose_accepted
x=3.24987 y=3.89996 yaw=-5.07052 score=0.990543 valid=1 mode=tracking state=TRACKING evaluated=789 execution_us=44583 reason=tracking_pose_accepted
x=3.24987 y=3.89996 yaw=-5.07145 score=0.987693 valid=1 mode=tracking state=TRACKING evaluated=789 execution_us=44658 reason=tracking_pose_accepted
x=3.24987 y=3.89996 yaw=-5.07239 score=0.990867 valid=1 mode=tracking state=TRACKING evaluated=789 execution_us=44528 reason=tracking_pose_accepted
x=3.24987 y=3.89996 yaw=-5.07332 score=0.989657 valid=1 mode=tracking state=TRACKING evaluated=789 execution_us=45945 reason=tracking_pose_accepted
x=3.24987 y=3.89996 yaw=-5.07425 score=0.989556 valid=1 mode=tracking state=TRACKING evaluated=789 execution_us=44097 reason=tracking_pose_accepted
x=3.24987 y=3.89996 yaw=-5.07519 score=0.988983 valid=1 mode=tracking state=TRACKING evaluated=789 execution_us=44552 reason=tracking_pose_accepted
x=3.19987 y=3.89996 yaw=-5.07612 score=0.991174 valid=1 mode=tracking state=TRACKING evaluated=789 execution_us=45247 reason=tracking_pose_accepted
x=3.19987 y=3.89996 yaw=-5.07706 score=0.988539 valid=1 mode=tracking state=TRACKING evaluated=789 execution_us=44896 reason=tracking_pose_accepted
x=3.19987 y=3.89996 yaw=-5.07799 score=0.989269 valid=1 mode=tracking state=TRACKING evaluated=789 execution_us=44189 reason=tracking_pose_accepted
x=3.24987 y=3.89996 yaw=-5.06147 score=0.98804 valid=1 mode=tracking state=TRACKING evaluated=789 execution_us=44311 reason=tracking_pose_accepted
x=3.19987 y=3.89996 yaw=-5.07986 score=0.989549 valid=1 mode=tracking state=TRACKING evaluated=789 execution_us=44668 reason=tracking_pose_accepted
x=3.24987 y=3.89996 yaw=-5.06334 score=0.989945 valid=1 mode=tracking state=TRACKING evaluated=789 execution_us=44772 reason=tracking_pose_accepted
x=3.24987 y=3.89996 yaw=-5.06427 score=0.989359 valid=1 mode=tracking state=TRACKING evaluated=789 execution_us=44261 reason=tracking_pose_accepted
x=3.24987 y=3.89996 yaw=-5.06521 score=0.987512 valid=1 mode=tracking state=TRACKING evaluated=789 execution_us=44607 reason=tracking_pose_accepted
x=3.24987 y=3.89996 yaw=-5.06614 score=0.989945 valid=1 mode=tracking state=TRACKING evaluated=789 execution_us=44811 reason=tracking_pose_accepted
x=3.24987 y=3.89996 yaw=-5.06708 score=0.989997 valid=1 mode=tracking state=TRACKING evaluated=789 execution_us=44567 reason=tracking_pose_accepted
x=3.24987 y=3.89996 yaw=-5.06801 score=0.989692 valid=1 mode=tracking state=TRACKING evaluated=789 execution_us=44832 reason=tracking_pose_accepted
x=3.24987 y=3.89996 yaw=-5.06895 score=0.990211 valid=1 mode=tracking state=TRACKING evaluated=789 execution_us=44586 reason=tracking_pose_accepted
x=3.24987 y=3.89996 yaw=-5.06988 score=0.989024 valid=1 mode=tracking state=TRACKING evaluated=789 execution_us=44478 reason=tracking_pose_accepted
x=3.24987 y=3.89996 yaw=-5.07081 score=0.989611 valid=1 mode=tracking state=TRACKING evaluated=789 execution_us=44652 reason=tracking_pose_accepted
x=3.24987 y=3.89996 yaw=-5.07175 score=0.988052 valid=1 mode=tracking state=TRACKING evaluated=789 execution_us=44551 reason=tracking_pose_accepted
x=3.24987 y=3.89996 yaw=-5.07268 score=0.989665 valid=1 mode=tracking state=TRACKING evaluated=789 execution_us=44602 reason=tracking_pose_accepted
x=3.19987 y=3.89996 yaw=-5.07362 score=0.990633 valid=1 mode=tracking state=TRACKING evaluated=789 execution_us=45105 reason=tracking_pose_accepted
x=3.19987 y=3.89996 yaw=-5.07455 score=0.988276 valid=1 mode=tracking state=TRACKING evaluated=789 execution_us=44582 reason=tracking_pose_accepted
x=3.19987 y=3.89996 yaw=-5.07548 score=0.988276 valid=1 mode=tracking state=TRACKING evaluated=789 execution_us=44804 reason=tracking_pose_accepted
x=3.19987 y=3.89996 yaw=-5.07642 score=0.989936 valid=1 mode=tracking state=TRACKING evaluated=789 execution_us=45540 reason=tracking_pose_accepted
x=3.24987 y=3.89996 yaw=-5.0599 score=0.987763 valid=1 mode=tracking state=TRACKING evaluated=789 execution_us=44271 reason=tracking_pose_accepted
x=3.24987 y=3.89996 yaw=-5.06083 score=0.98847 valid=1 mode=tracking state=TRACKING evaluated=789 execution_us=44613 reason=tracking_pose_accepted
x=3.24987 y=3.89996 yaw=-5.06177 score=0.988687 valid=1 mode=tracking state=TRACKING evaluated=789 execution_us=44384 reason=tracking_pose_accepted
x=3.19987 y=3.89996 yaw=-5.08015 score=0.989231 valid=1 mode=tracking state=TRACKING evaluated=789 execution_us=44804 reason=tracking_pose_accepted
x=3.24987 y=3.89996 yaw=-5.06364 score=0.988657 valid=1 mode=tracking state=TRACKING evaluated=789 execution_us=44723 reason=tracking_pose_accepted
x=3.24987 y=3.89996 yaw=-5.06457 score=0.988195 valid=1 mode=tracking state=TRACKING evaluated=789 execution_us=44824 reason=tracking_pose_accepted
x=3.24987 y=3.89996 yaw=-5.0655 score=0.989611 valid=1 mode=tracking state=TRACKING evaluated=789 execution_us=44078 reason=tracking_pose_accepted
x=3.24987 y=3.89996 yaw=-5.06644 score=0.988687 valid=1 mode=tracking state=TRACKING evaluated=789 execution_us=44460 reason=tracking_pose_accepted
x=3.19987 y=3.89996 yaw=-5.08483 score=0.989837 valid=1 mode=tracking state=TRACKING evaluated=789 execution_us=44278 reason=tracking_pose_accepted
x=3.19987 y=3.89996 yaw=-5.08576 score=0.988307 valid=1 mode=tracking state=TRACKING evaluated=789 execution_us=44460 reason=tracking_pose_accepted
x=3.24987 y=3.89996 yaw=-5.06924 score=0.989303 valid=1 mode=tracking state=TRACKING evaluated=789 execution_us=44795 reason=tracking_pose_accepted
x=3.24987 y=3.89996 yaw=-5.07017 score=0.989359 valid=1 mode=tracking state=TRACKING evaluated=789 execution_us=44794 reason=tracking_pose_accepted
x=3.24987 y=3.89996 yaw=-5.07111 score=0.988983 valid=1 mode=tracking state=TRACKING evaluated=789 execution_us=45018 reason=tracking_pose_accepted
x=3.24987 y=3.89996 yaw=-5.07204 score=0.989611 valid=1 mode=tracking state=TRACKING evaluated=789 execution_us=44227 reason=tracking_pose_accepted
x=3.19987 y=3.89996 yaw=-5.07298 score=0.991788 valid=1 mode=tracking state=TRACKING evaluated=789 execution_us=44588 reason=tracking_pose_accepted
x=3.19987 y=3.89996 yaw=-5.07391 score=0.989675 valid=1 mode=tracking state=TRACKING evaluated=789 execution_us=45019 reason=tracking_pose_accepted
x=3.19987 y=3.89996 yaw=-5.07485 score=0.987741 valid=1 mode=tracking state=TRACKING evaluated=789 execution_us=44020 reason=tracking_pose_accepted
x=3.19987 y=3.89996 yaw=-5.07578 score=0.988245 valid=1 mode=tracking state=TRACKING evaluated=789 execution_us=44647 reason=tracking_pose_accepted
x=3.19987 y=3.89996 yaw=-5.07671 score=0.989748 valid=1 mode=tracking state=TRACKING evaluated=789 execution_us=44403 reason=tracking_pose_accepted
x=3.19987 y=3.89996 yaw=-5.07765 score=0.987837 valid=1 mode=tracking state=TRACKING evaluated=789 execution_us=44935 reason=tracking_pose_accepted
x=3.24987 y=3.89996 yaw=-5.06113 score=0.989386 valid=1 mode=tracking state=TRACKING evaluated=789 execution_us=46042 reason=tracking_pose_accepted
x=3.24987 y=3.89996 yaw=-5.06206 score=0.98911 valid=1 mode=tracking state=TRACKING evaluated=789 execution_us=44358 reason=tracking_pose_accepted
x=3.24987 y=3.89996 yaw=-5.063 score=0.990227 valid=1 mode=tracking state=TRACKING evaluated=789 execution_us=44390 reason=tracking_pose_accepted
x=3.24987 y=3.89996 yaw=-5.06393 score=0.987455 valid=1 mode=tracking state=TRACKING evaluated=789 execution_us=44735 reason=tracking_pose_accepted
x=3.24987 y=3.89996 yaw=-5.06487 score=0.990023 valid=1 mode=tracking state=TRACKING evaluated=789 execution_us=44552 reason=tracking_pose_accepted
x=3.24987 y=3.89996 yaw=-5.0658 score=0.98803 valid=1 mode=tracking state=TRACKING evaluated=789 execution_us=44086 reason=tracking_pose_accepted
x=3.19987 y=3.89996 yaw=-5.08419 score=0.989916 valid=1 mode=tracking state=TRACKING evaluated=789 execution_us=44410 reason=tracking_pose_accepted
x=3.19987 y=3.89996 yaw=-5.08512 score=0.989007 valid=1 mode=tracking state=TRACKING evaluated=789 execution_us=44721 reason=tracking_pose_accepted
x=3.24987 y=3.89996 yaw=-5.0686 score=0.990914 valid=1 mode=tracking state=TRACKING evaluated=789 execution_us=44566 reason=tracking_pose_accepted
x=3.24987 y=3.89996 yaw=-5.06954 score=0.989881 valid=1 mode=tracking state=TRACKING evaluated=789 execution_us=44834 reason=tracking_pose_accepted
x=3.24987 y=3.89996 yaw=-5.07047 score=0.989971 valid=1 mode=tracking state=TRACKING evaluated=789 execution_us=44738 reason=tracking_pose_accepted
x=3.24987 y=3.89996 yaw=-5.0714 score=0.99111 valid=1 mode=tracking state=TRACKING evaluated=789 execution_us=44817 reason=tracking_pose_accepted
x=3.19987 y=3.89996 yaw=-5.07234 score=0.988626 valid=1 mode=tracking state=TRACKING evaluated=789 execution_us=44049 reason=tracking_pose_accepted
x=3.24987 y=3.89996 yaw=-5.07327 score=0.989584 valid=1 mode=tracking state=TRACKING evaluated=789 execution_us=44085 reason=tracking_pose_accepted
x=3.24987 y=3.89996 yaw=-5.07421 score=0.988705 valid=1 mode=tracking state=TRACKING evaluated=789 execution_us=44829 reason=tracking_pose_accepted
x=3.19987 y=3.89996 yaw=-5.07514 score=0.991265 valid=1 mode=tracking state=TRACKING evaluated=789 execution_us=45252 reason=tracking_pose_accepted
x=3.19987 y=3.89996 yaw=-5.07607 score=0.990263 valid=1 mode=tracking state=TRACKING evaluated=789 execution_us=44243 reason=tracking_pose_accepted
x=3.19987 y=3.89996 yaw=-5.07701 score=0.989034 valid=1 mode=tracking state=TRACKING evaluated=789 execution_us=44710 reason=tracking_pose_accepted
x=3.19987 y=3.89996 yaw=-5.07794 score=0.991462 valid=1 mode=tracking state=TRACKING evaluated=789 execution_us=44682 reason=tracking_pose_accepted
x=3.24987 y=3.89996 yaw=-5.06142 score=0.988966 valid=1 mode=tracking state=TRACKING evaluated=789 execution_us=44282 reason=tracking_pose_accepted
x=3.19987 y=3.89996 yaw=-5.07981 score=0.988756 valid=1 mode=tracking state=TRACKING evaluated=789 execution_us=45237 reason=tracking_pose_accepted
x=3.24987 y=3.89996 yaw=-5.06329 score=0.989638 valid=1 mode=tracking state=TRACKING evaluated=789 execution_us=45287 reason=tracking_pose_accepted
x=3.24987 y=3.89996 yaw=-5.06423 score=0.990584 valid=1 mode=tracking state=TRACKING evaluated=789 execution_us=44931 reason=tracking_pose_accepted
x=3.24987 y=3.89996 yaw=-5.06516 score=0.989638 valid=1 mode=tracking state=TRACKING evaluated=789 execution_us=44527 reason=tracking_pose_accepted
x=3.24987 y=3.89996 yaw=-5.06609 score=0.992403 valid=1 mode=tracking state=TRACKING evaluated=789 execution_us=44784 reason=tracking_pose_accepted
x=3.24987 y=3.89996 yaw=-5.06703 score=0.990609 valid=1 mode=tracking state=TRACKING evaluated=789 execution_us=44950 reason=tracking_pose_accepted
x=3.24987 y=3.89996 yaw=-5.06796 score=0.990037 valid=1 mode=tracking state=TRACKING evaluated=789 execution_us=44243 reason=tracking_pose_accepted
x=3.24987 y=3.89996 yaw=-5.0689 score=0.991436 valid=1 mode=tracking state=TRACKING evaluated=789 execution_us=44265 reason=tracking_pose_accepted
x=3.24987 y=3.89996 yaw=-5.06983 score=0.991459 valid=1 mode=tracking state=TRACKING evaluated=789 execution_us=44681 reason=tracking_pose_accepted
x=3.24987 y=3.89996 yaw=-5.07077 score=0.989948 valid=1 mode=tracking state=TRACKING evaluated=789 execution_us=44782 reason=tracking_pose_accepted
x=3.24987 y=3.89996 yaw=-5.0717 score=0.990391 valid=1 mode=tracking state=TRACKING evaluated=789 execution_us=44981 reason=tracking_pose_accepted
x=3.24987 y=3.89996 yaw=-5.07263 score=0.991436 valid=1 mode=tracking state=TRACKING evaluated=789 execution_us=44143 reason=tracking_pose_accepted
x=3.24987 y=3.89996 yaw=-5.07357 score=0.989881 valid=1 mode=tracking state=TRACKING evaluated=789 execution_us=44739 reason=tracking_pose_accepted
x=3.24987 y=3.89996 yaw=-5.0745 score=0.992362 valid=1 mode=tracking state=TRACKING evaluated=789 execution_us=44719 reason=tracking_pose_accepted
x=3.19987 y=3.89996 yaw=-5.07544 score=0.989955 valid=1 mode=tracking state=TRACKING evaluated=789 execution_us=44649 reason=tracking_pose_accepted
x=3.24987 y=3.89996 yaw=-5.05892 score=0.988757 valid=1 mode=tracking state=TRACKING evaluated=789 execution_us=44688 reason=tracking_pose_accepted
x=3.24987 y=3.89996 yaw=-5.05985 score=0.989945 valid=1 mode=tracking state=TRACKING evaluated=789 execution_us=44653 reason=tracking_pose_accepted
x=3.19987 y=3.89996 yaw=-5.07824 score=0.991952 valid=1 mode=tracking state=TRACKING evaluated=789 execution_us=44486 reason=tracking_pose_accepted
x=3.19987 y=3.89996 yaw=-5.07917 score=0.988697 valid=1 mode=tracking state=TRACKING evaluated=789 execution_us=44742 reason=tracking_pose_accepted
x=3.24987 y=3.89996 yaw=-5.06265 score=0.99056 valid=1 mode=tracking state=TRACKING evaluated=789 execution_us=44115 reason=tracking_pose_accepted
x=3.19987 y=3.89996 yaw=-5.08104 score=0.991054 valid=1 mode=tracking state=TRACKING evaluated=789 execution_us=44717 reason=tracking_pose_accepted
x=3.24987 y=3.89996 yaw=-5.06452 score=0.991767 valid=1 mode=tracking state=TRACKING evaluated=789 execution_us=44966 reason=tracking_pose_accepted
x=3.24987 y=3.89996 yaw=-5.06546 score=0.989502 valid=1 mode=tracking state=TRACKING evaluated=789 execution_us=45109 reason=tracking_pose_accepted
x=3.24987 y=3.89996 yaw=-5.06639 score=0.991788 valid=1 mode=tracking state=TRACKING evaluated=789 execution_us=44329 reason=tracking_pose_accepted
x=3.24987 y=3.89996 yaw=-5.06732 score=0.992691 valid=1 mode=tracking state=TRACKING evaluated=789 execution_us=44280 reason=tracking_pose_accepted
x=3.24987 y=3.89996 yaw=-5.06826 score=0.990416 valid=1 mode=tracking state=TRACKING evaluated=789 execution_us=44317 reason=tracking_pose_accepted
x=3.24987 y=3.89996 yaw=-5.06919 score=0.989425 valid=1 mode=tracking state=TRACKING evaluated=789 execution_us=44005 reason=tracking_pose_accepted
x=3.24987 y=3.89996 yaw=-5.07013 score=0.991852 valid=1 mode=tracking state=TRACKING evaluated=789 execution_us=44835 reason=tracking_pose_accepted
x=3.24987 y=3.89996 yaw=-5.07106 score=0.991525 valid=1 mode=tracking state=TRACKING evaluated=789 execution_us=44276 reason=tracking_pose_accepted
x=3.24987 y=3.89996 yaw=-5.07199 score=0.991485 valid=1 mode=tracking state=TRACKING evaluated=789 execution_us=44925 reason=tracking_pose_accepted
x=3.24987 y=3.89996 yaw=-5.07293 score=0.990466 valid=1 mode=tracking state=TRACKING evaluated=789 execution_us=44686 reason=tracking_pose_accepted
x=3.24987 y=3.89996 yaw=-5.07386 score=0.990867 valid=1 mode=tracking state=TRACKING evaluated=789 execution_us=44138 reason=tracking_pose_accepted
x=3.19987 y=3.89996 yaw=-5.0748 score=0.991686 valid=1 mode=tracking state=TRACKING evaluated=789 execution_us=44670 reason=tracking_pose_accepted
x=3.19987 y=3.89996 yaw=-5.07573 score=0.989257 valid=1 mode=tracking state=TRACKING evaluated=789 execution_us=43747 reason=tracking_pose_accepted
x=3.24987 y=3.89996 yaw=-5.07666 score=0.989705 valid=1 mode=tracking state=TRACKING evaluated=789 execution_us=44746 reason=tracking_pose_accepted
x=3.19987 y=3.89996 yaw=-5.0776 score=0.991994 valid=1 mode=tracking state=TRACKING evaluated=789 execution_us=44692 reason=tracking_pose_accepted
x=3.19987 y=3.89996 yaw=-5.07853 score=0.988697 valid=1 mode=tracking state=TRACKING evaluated=789 execution_us=44328 reason=tracking_pose_accepted
x=3.24987 y=3.89996 yaw=-5.06201 score=0.990278 valid=1 mode=tracking state=TRACKING evaluated=789 execution_us=44882 reason=tracking_pose_accepted
x=3.24987 y=3.89996 yaw=-5.06295 score=0.990867 valid=1 mode=tracking state=TRACKING evaluated=789 execution_us=44358 reason=tracking_pose_accepted
x=3.24987 y=3.89996 yaw=-5.06388 score=0.990799 valid=1 mode=tracking state=TRACKING evaluated=789 execution_us=44736 reason=tracking_pose_accepted
x=3.24987 y=3.89996 yaw=-5.06482 score=0.99056 valid=1 mode=tracking state=TRACKING evaluated=789 execution_us=44514 reason=tracking_pose_accepted
x=3.24987 y=3.89996 yaw=-5.06575 score=0.99056 valid=1 mode=tracking state=TRACKING evaluated=789 execution_us=44468 reason=tracking_pose_accepted
x=3.24987 y=3.89996 yaw=-5.06668 score=0.990227 valid=1 mode=tracking state=TRACKING evaluated=789 execution_us=44432 reason=tracking_pose_accepted
x=3.24987 y=3.89996 yaw=-5.06762 score=0.992691 valid=1 mode=tracking state=TRACKING evaluated=789 execution_us=44706 reason=tracking_pose_accepted
x=3.24987 y=3.89996 yaw=-5.06855 score=0.991128 valid=1 mode=tracking state=TRACKING evaluated=789 execution_us=44290 reason=tracking_pose_accepted
x=3.24987 y=3.89996 yaw=-5.06949 score=0.991197 valid=1 mode=tracking state=TRACKING evaluated=789 execution_us=44854 reason=tracking_pose_accepted
x=3.24987 y=3.89996 yaw=-5.07042 score=0.99015 valid=1 mode=tracking state=TRACKING evaluated=789 execution_us=44633 reason=tracking_pose_accepted
x=3.24987 y=3.89996 yaw=-5.07136 score=0.990535 valid=1 mode=tracking state=TRACKING evaluated=789 execution_us=44330 reason=tracking_pose_accepted
x=3.24987 y=3.89996 yaw=-5.07229 score=0.989881 valid=1 mode=tracking state=TRACKING evaluated=789 execution_us=45114 reason=tracking_pose_accepted
x=3.24987 y=3.89996 yaw=-5.07322 score=0.991745 valid=1 mode=tracking state=TRACKING evaluated=789 execution_us=44297 reason=tracking_pose_accepted
x=3.24987 y=3.89996 yaw=-5.07416 score=0.98895 valid=1 mode=tracking state=TRACKING evaluated=789 execution_us=44822 reason=tracking_pose_accepted
x=3.24987 y=3.89996 yaw=-5.07509 score=0.990262 valid=1 mode=tracking state=TRACKING evaluated=789 execution_us=44982 reason=tracking_pose_accepted
x=3.24987 y=3.89996 yaw=-5.05857 score=0.989414 valid=1 mode=tracking state=TRACKING evaluated=789 execution_us=44726 reason=tracking_pose_accepted
x=3.19987 y=3.89996 yaw=-5.07696 score=0.989751 valid=1 mode=tracking state=TRACKING evaluated=789 execution_us=44621 reason=tracking_pose_accepted
x=3.24987 y=3.89996 yaw=-5.06044 score=0.990328 valid=1 mode=tracking state=TRACKING evaluated=789 execution_us=44947 reason=tracking_pose_accepted
x=3.24987 y=3.89996 yaw=-5.06138 score=0.989165 valid=1 mode=tracking state=TRACKING evaluated=789 execution_us=45081 reason=tracking_pose_accepted
x=3.24987 y=3.89996 yaw=-5.06231 score=0.988195 valid=1 mode=tracking state=TRACKING evaluated=789 execution_us=45384 reason=tracking_pose_accepted
x=3.24987 y=3.89996 yaw=-5.06324 score=0.990227 valid=1 mode=tracking state=TRACKING evaluated=789 execution_us=44346 reason=tracking_pose_accepted
x=3.19987 y=3.89996 yaw=-5.08163 score=0.990466 valid=1 mode=tracking state=TRACKING evaluated=789 execution_us=44617 reason=tracking_pose_accepted
x=3.24986 y=3.89996 yaw=-5.06511 score=0.989638 valid=1 mode=tracking state=TRACKING evaluated=789 execution_us=44833 reason=tracking_pose_accepted
x=3.24986 y=3.89996 yaw=-5.06605 score=0.990519 valid=1 mode=tracking state=TRACKING evaluated=789 execution_us=44258 reason=tracking_pose_accepted
x=3.24986 y=3.89996 yaw=-5.06698 score=0.990938 valid=1 mode=tracking state=TRACKING evaluated=789 execution_us=44658 reason=tracking_pose_accepted
x=3.24986 y=3.89996 yaw=-5.06791 score=0.990535 valid=1 mode=tracking state=TRACKING evaluated=789 execution_us=44275 reason=tracking_pose_accepted
x=3.24986 y=3.89996 yaw=-5.06885 score=0.990075 valid=1 mode=tracking state=TRACKING evaluated=789 execution_us=45366 reason=tracking_pose_accepted
x=3.24986 y=3.89996 yaw=-5.06978 score=0.989495 valid=1 mode=tracking state=TRACKING evaluated=789 execution_us=44749 reason=tracking_pose_accepted
x=3.24986 y=3.89996 yaw=-5.07072 score=0.991436 valid=1 mode=tracking state=TRACKING evaluated=789 execution_us=43993 reason=tracking_pose_accepted
x=3.24986 y=3.89996 yaw=-5.07165 score=0.990961 valid=1 mode=tracking state=TRACKING evaluated=789 execution_us=44593 reason=tracking_pose_accepted
x=3.19986 y=3.89996 yaw=-5.07258 score=0.989883 valid=1 mode=tracking state=TRACKING evaluated=789 execution_us=45565 reason=tracking_pose_accepted
x=3.24986 y=3.89996 yaw=-5.07352 score=0.991156 valid=1 mode=tracking state=TRACKING evaluated=789 execution_us=44341 reason=tracking_pose_accepted
x=3.24986 y=3.89996 yaw=-5.07445 score=0.988938 valid=1 mode=tracking state=TRACKING evaluated=789 execution_us=44656 reason=tracking_pose_accepted
x=3.24986 y=3.89996 yaw=-5.07539 score=0.989262 valid=1 mode=tracking state=TRACKING evaluated=789 execution_us=44573 reason=tracking_pose_accepted
x=3.19986 y=3.89996 yaw=-5.07632 score=0.989498 valid=1 mode=tracking state=TRACKING evaluated=789 execution_us=44397 reason=tracking_pose_accepted
x=3.24986 y=3.89996 yaw=-5.0598 score=0.988995 valid=1 mode=tracking state=TRACKING evaluated=789 execution_us=44144 reason=tracking_pose_accepted
x=3.19986 y=3.89996 yaw=-5.07819 score=0.988266 valid=1 mode=tracking state=TRACKING evaluated=789 execution_us=43855 reason=tracking_pose_accepted
x=3.24986 y=3.89996 yaw=-5.06167 score=0.989303 valid=1 mode=tracking state=TRACKING evaluated=789 execution_us=44383 reason=tracking_pose_accepted
x=3.24986 y=3.89996 yaw=-5.0626 score=0.989945 valid=1 mode=tracking state=TRACKING evaluated=789 execution_us=44884 reason=tracking_pose_accepted
x=3.19986 y=3.89996 yaw=-5.08099 score=0.990325 valid=1 mode=tracking state=TRACKING evaluated=789 execution_us=43813 reason=tracking_pose_accepted
x=3.24986 y=3.89996 yaw=-5.06447 score=0.989719 valid=1 mode=tracking state=TRACKING evaluated=789 execution_us=44695 reason=tracking_pose_accepted
x=3.24986 y=3.89996 yaw=-5.06541 score=0.988493 valid=1 mode=tracking state=TRACKING evaluated=789 execution_us=43891 reason=tracking_pose_accepted
x=3.24986 y=3.89996 yaw=-5.06634 score=0.988995 valid=1 mode=tracking state=TRACKING evaluated=789 execution_us=44849 reason=tracking_pose_accepted
x=3.24986 y=3.89996 yaw=-5.06728 score=0.990819 valid=1 mode=tracking state=TRACKING evaluated=789 execution_us=44099 reason=tracking_pose_accepted
x=3.24986 y=3.89996 yaw=-5.06821 score=0.989638 valid=1 mode=tracking state=TRACKING evaluated=789 execution_us=44530 reason=tracking_pose_accepted
x=3.24986 y=3.89996 yaw=-5.06914 score=0.989584 valid=1 mode=tracking state=TRACKING evaluated=789 execution_us=44154 reason=tracking_pose_accepted
x=3.19986 y=3.89996 yaw=-5.08753 score=0.988573 valid=1 mode=tracking state=TRACKING evaluated=789 execution_us=44823 reason=tracking_pose_accepted
x=3.24986 y=3.89996 yaw=-5.07101 score=0.991174 valid=1 mode=tracking state=TRACKING evaluated=789 execution_us=44723 reason=tracking_pose_accepted
x=3.24986 y=3.89996 yaw=-5.07195 score=0.988938 valid=1 mode=tracking state=TRACKING evaluated=789 execution_us=44581 reason=tracking_pose_accepted
x=3.24986 y=3.89996 yaw=-5.07288 score=0.989584 valid=1 mode=tracking state=TRACKING evaluated=789 execution_us=44304 reason=tracking_pose_accepted
x=3.24986 y=3.89996 yaw=-5.07381 score=0.990057 valid=1 mode=tracking state=TRACKING evaluated=789 execution_us=44113 reason=tracking_pose_accepted
x=3.24986 y=3.89996 yaw=-5.07475 score=0.988966 valid=1 mode=tracking state=TRACKING evaluated=789 execution_us=44273 reason=tracking_pose_accepted
x=3.19986 y=3.89996 yaw=-5.07568 score=0.989205 valid=1 mode=tracking state=TRACKING evaluated=789 execution_us=44487 reason=tracking_pose_accepted
x=3.24986 y=3.89996 yaw=-5.05916 score=0.989024 valid=1 mode=tracking state=TRACKING evaluated=789 execution_us=44532 reason=tracking_pose_accepted
x=3.19986 y=3.89996 yaw=-5.07755 score=0.988785 valid=1 mode=tracking state=TRACKING evaluated=789 execution_us=45043 reason=tracking_pose_accepted
x=3.24986 y=3.89996 yaw=-5.06103 score=0.989024 valid=1 mode=tracking state=TRACKING evaluated=789 execution_us=45063 reason=tracking_pose_accepted
x=3.24986 y=3.89996 yaw=-5.06197 score=0.989692 valid=1 mode=tracking state=TRACKING evaluated=789 execution_us=44664 reason=tracking_pose_accepted
x=3.19986 y=3.89996 yaw=-5.08035 score=0.990983 valid=1 mode=tracking state=TRACKING evaluated=789 execution_us=44595 reason=tracking_pose_accepted
x=3.24986 y=3.89996 yaw=-5.06383 score=0.988746 valid=1 mode=tracking state=TRACKING evaluated=789 execution_us=44626 reason=tracking_pose_accepted
x=3.24986 y=3.89996 yaw=-5.06477 score=0.989798 valid=1 mode=tracking state=TRACKING evaluated=789 execution_us=45227 reason=tracking_pose_accepted
x=3.24986 y=3.89996 yaw=-5.0657 score=0.989052 valid=1 mode=tracking state=TRACKING evaluated=789 execution_us=44703 reason=tracking_pose_accepted
x=3.24986 y=3.89996 yaw=-5.06664 score=0.99051 valid=1 mode=tracking state=TRACKING evaluated=789 execution_us=44190 reason=tracking_pose_accepted
x=3.24986 y=3.89996 yaw=-5.06757 score=0.989495 valid=1 mode=tracking state=TRACKING evaluated=789 execution_us=44534 reason=tracking_pose_accepted
x=3.24986 y=3.89996 yaw=-5.0685 score=0.990584 valid=1 mode=tracking state=TRACKING evaluated=789 execution_us=44643 reason=tracking_pose_accepted
x=3.19986 y=3.89996 yaw=-5.08689 score=0.989188 valid=1 mode=tracking state=TRACKING evaluated=789 execution_us=44503 reason=tracking_pose_accepted
x=3.24986 y=3.89996 yaw=-5.07037 score=0.99056 valid=1 mode=tracking state=TRACKING evaluated=789 execution_us=44902 reason=tracking_pose_accepted
x=3.24986 y=3.89996 yaw=-5.07131 score=0.989802 valid=1 mode=tracking state=TRACKING evaluated=789 execution_us=44107 reason=tracking_pose_accepted
x=3.24986 y=3.89996 yaw=-5.07224 score=0.989275 valid=1 mode=tracking state=TRACKING evaluated=789 execution_us=44113 reason=tracking_pose_accepted
x=3.24986 y=3.89996 yaw=-5.07317 score=0.991179 valid=1 mode=tracking state=TRACKING evaluated=789 execution_us=45880 reason=tracking_pose_accepted
x=3.19986 y=3.89996 yaw=-5.07411 score=0.988814 valid=1 mode=tracking state=TRACKING evaluated=789 execution_us=44690 reason=tracking_pose_accepted
x=3.24986 y=3.89996 yaw=-5.05759 score=0.988746 valid=1 mode=tracking state=TRACKING evaluated=789 execution_us=44318 reason=tracking_pose_accepted
x=3.24986 y=3.89996 yaw=-5.05852 score=0.988804 valid=1 mode=tracking state=TRACKING evaluated=789 execution_us=44823 reason=tracking_pose_accepted
x=3.19986 y=3.89996 yaw=-5.07691 score=0.988245 valid=1 mode=tracking state=TRACKING evaluated=789 execution_us=44526 reason=tracking_pose_accepted
x=3.24986 y=3.89996 yaw=-5.06039 score=0.989331 valid=1 mode=tracking state=TRACKING evaluated=789 execution_us=44849 reason=tracking_pose_accepted
x=3.19986 y=3.89996 yaw=-5.07878 score=0.990723 valid=1 mode=tracking state=TRACKING evaluated=789 execution_us=44385 reason=tracking_pose_accepted
x=3.24986 y=3.89996 yaw=-5.06226 score=0.988627 valid=1 mode=tracking state=TRACKING evaluated=789 execution_us=44107 reason=tracking_pose_accepted
x=3.24986 y=3.89996 yaw=-5.06319 score=0.989359 valid=1 mode=tracking state=TRACKING evaluated=789 execution_us=45140 reason=tracking_pose_accepted
x=3.24986 y=3.89996 yaw=-5.06413 score=0.989081 valid=1 mode=tracking state=TRACKING evaluated=789 execution_us=44425 reason=tracking_pose_accepted
x=3.24986 y=3.89996 yaw=-5.06506 score=0.991174 valid=1 mode=tracking state=TRACKING evaluated=789 execution_us=44291 reason=tracking_pose_accepted
x=3.24986 y=3.89996 yaw=-5.066 score=0.990485 valid=1 mode=tracking state=TRACKING evaluated=789 execution_us=44094 reason=tracking_pose_accepted
x=3.19986 y=3.89996 yaw=-5.08438 score=0.989495 valid=1 mode=tracking state=TRACKING evaluated=789 execution_us=44676 reason=tracking_pose_accepted
x=3.24986 y=3.89996 yaw=-5.06787 score=0.989536 valid=1 mode=tracking state=TRACKING evaluated=789 execution_us=44712 reason=tracking_pose_accepted
x=3.24986 y=3.89996 yaw=-5.0688 score=0.990303 valid=1 mode=tracking state=TRACKING evaluated=789 execution_us=44663 reason=tracking_pose_accepted
x=3.19986 y=3.89996 yaw=-5.08719 score=0.989188 valid=1 mode=tracking state=TRACKING evaluated=789 execution_us=44393 reason=tracking_pose_accepted
x=3.24986 y=3.89996 yaw=-5.07067 score=0.989247 valid=1 mode=tracking state=TRACKING evaluated=789 execution_us=45190 reason=tracking_pose_accepted
x=3.24986 y=3.89996 yaw=-5.0716 score=0.991133 valid=1 mode=tracking state=TRACKING evaluated=789 execution_us=44327 reason=tracking_pose_accepted
x=3.24986 y=3.89996 yaw=-5.07254 score=0.988966 valid=1 mode=tracking state=TRACKING evaluated=789 execution_us=44390 reason=tracking_pose_accepted
x=3.24986 y=3.89996 yaw=-5.07347 score=0.990262 valid=1 mode=tracking state=TRACKING evaluated=789 execution_us=44962 reason=tracking_pose_accepted
x=3.24986 y=3.89996 yaw=-5.0744 score=0.991459 valid=1 mode=tracking state=TRACKING evaluated=789 execution_us=44198 reason=tracking_pose_accepted
x=3.19986 y=3.89996 yaw=-5.07534 score=0.991405 valid=1 mode=tracking state=TRACKING evaluated=789 execution_us=45942 reason=tracking_pose_accepted
x=3.24986 y=3.89996 yaw=-5.07627 score=0.989597 valid=1 mode=tracking state=TRACKING evaluated=789 execution_us=44755 reason=tracking_pose_accepted
x=3.19986 y=3.89996 yaw=-5.07721 score=0.991667 valid=1 mode=tracking state=TRACKING evaluated=789 execution_us=44499 reason=tracking_pose_accepted
x=3.24986 y=3.89996 yaw=-5.06069 score=0.988379 valid=1 mode=tracking state=TRACKING evaluated=789 execution_us=44790 reason=tracking_pose_accepted
x=3.19986 y=3.89996 yaw=-5.07907 score=0.991449 valid=1 mode=tracking state=TRACKING evaluated=789 execution_us=44906 reason=tracking_pose_accepted
x=3.24986 y=3.89996 yaw=-5.06256 score=0.987731 valid=1 mode=tracking state=TRACKING evaluated=789 execution_us=44137 reason=tracking_pose_accepted
x=3.24986 y=3.89996 yaw=-5.06349 score=0.989719 valid=1 mode=tracking state=TRACKING evaluated=789 execution_us=44794 reason=tracking_pose_accepted
x=3.24986 y=3.89996 yaw=-5.06442 score=0.989359 valid=1 mode=tracking state=TRACKING evaluated=789 execution_us=44731 reason=tracking_pose_accepted
x=3.24986 y=3.89996 yaw=-5.06536 score=0.990049 valid=1 mode=tracking state=TRACKING evaluated=789 execution_us=45052 reason=tracking_pose_accepted
x=3.24986 y=3.89996 yaw=-5.06629 score=0.989919 valid=1 mode=tracking state=TRACKING evaluated=789 execution_us=44736 reason=tracking_pose_accepted
x=3.24986 y=3.89996 yaw=-5.06723 score=0.990446 valid=1 mode=tracking state=TRACKING evaluated=789 execution_us=44820 reason=tracking_pose_accepted
x=3.24986 y=3.89996 yaw=-5.06816 score=0.989997 valid=1 mode=tracking state=TRACKING evaluated=789 execution_us=45046 reason=tracking_pose_accepted
x=3.19986 y=3.89996 yaw=-5.08655 score=0.989467 valid=1 mode=tracking state=TRACKING evaluated=789 execution_us=44008 reason=tracking_pose_accepted
x=3.24986 y=3.89996 yaw=-5.07003 score=0.989638 valid=1 mode=tracking state=TRACKING evaluated=789 execution_us=44253 reason=tracking_pose_accepted
x=3.24986 y=3.89996 yaw=-5.07096 score=0.988644 valid=1 mode=tracking state=TRACKING evaluated=789 execution_us=44908 reason=tracking_pose_accepted
x=3.24986 y=3.89996 yaw=-5.0719 score=0.991418 valid=1 mode=tracking state=TRACKING evaluated=789 execution_us=43959 reason=tracking_pose_accepted
x=3.19986 y=3.89996 yaw=-5.07283 score=0.989119 valid=1 mode=tracking state=TRACKING evaluated=789 execution_us=44706 reason=tracking_pose_accepted
x=3.24986 y=3.89996 yaw=-5.07377 score=0.990252 valid=1 mode=tracking state=TRACKING evaluated=789 execution_us=44549 reason=tracking_pose_accepted
x=3.24986 y=3.89996 yaw=-5.0747 score=0.990186 valid=1 mode=tracking state=TRACKING evaluated=789 execution_us=43983 reason=tracking_pose_accepted
x=3.24986 y=3.89996 yaw=-5.05818 score=0.989997 valid=1 mode=tracking state=TRACKING evaluated=789 execution_us=44630 reason=tracking_pose_accepted
x=3.24986 y=3.89996 yaw=-5.05911 score=0.988757 valid=1 mode=tracking state=TRACKING evaluated=789 execution_us=44485 reason=tracking_pose_accepted
x=3.24986 y=3.89996 yaw=-5.06005 score=0.989303 valid=1 mode=tracking state=TRACKING evaluated=789 execution_us=45549 reason=tracking_pose_accepted
x=3.24986 y=3.89996 yaw=-5.06098 score=0.988966 valid=1 mode=tracking state=TRACKING evaluated=789 execution_us=44606 reason=tracking_pose_accepted
x=3.19986 y=3.89996 yaw=-5.07937 score=0.990466 valid=1 mode=tracking state=TRACKING evaluated=789 execution_us=44520 reason=tracking_pose_accepted
x=3.24986 y=3.89996 yaw=-5.06285 score=0.98752 valid=1 mode=tracking state=TRACKING evaluated=789 execution_us=44320 reason=tracking_pose_accepted
x=3.19986 y=3.89996 yaw=-5.08124 score=0.989481 valid=1 mode=tracking state=TRACKING evaluated=789 execution_us=44737 reason=tracking_pose_accepted
x=3.24985 y=3.89996 yaw=-5.06472 score=0.989081 valid=1 mode=tracking state=TRACKING evaluated=789 execution_us=44381 reason=tracking_pose_accepted
x=3.24985 y=3.89996 yaw=-5.06565 score=0.990819 valid=1 mode=tracking state=TRACKING evaluated=789 execution_us=44248 reason=tracking_pose_accepted
x=3.24985 y=3.89996 yaw=-5.06659 score=0.989303 valid=1 mode=tracking state=TRACKING evaluated=789 execution_us=44365 reason=tracking_pose_accepted
x=3.24985 y=3.89996 yaw=-5.06752 score=0.990891 valid=1 mode=tracking state=TRACKING evaluated=789 execution_us=44616 reason=tracking_pose_accepted
x=3.24985 y=3.89996 yaw=-5.06846 score=0.991547 valid=1 mode=tracking state=TRACKING evaluated=789 execution_us=45156 reason=tracking_pose_accepted
x=3.24985 y=3.89996 yaw=-5.06939 score=0.990278 valid=1 mode=tracking state=TRACKING evaluated=789 execution_us=44495 reason=tracking_pose_accepted
x=3.19985 y=3.89996 yaw=-5.08778 score=0.990171 valid=1 mode=tracking state=TRACKING evaluated=789 execution_us=44800 reason=tracking_pose_accepted
x=3.24985 y=3.89996 yaw=-5.07126 score=0.990843 valid=1 mode=tracking state=TRACKING evaluated=789 execution_us=44611 reason=tracking_pose_accepted
x=3.24985 y=3.89996 yaw=-5.07219 score=0.988603 valid=1 mode=tracking state=TRACKING evaluated=789 execution_us=44168 reason=tracking_pose_accepted
x=3.24985 y=3.89996 yaw=-5.07313 score=0.989665 valid=1 mode=tracking state=TRACKING evaluated=789 execution_us=44566 reason=tracking_pose_accepted
x=3.24985 y=3.89996 yaw=-5.07406 score=0.990897 valid=1 mode=tracking state=TRACKING evaluated=789 execution_us=44926 reason=tracking_pose_accepted
x=3.24985 y=3.89996 yaw=-5.07499 score=0.989549 valid=1 mode=tracking state=TRACKING evaluated=789 execution_us=44805 reason=tracking_pose_accepted
x=3.24985 y=3.89996 yaw=-5.05848 score=0.988746 valid=1 mode=tracking state=TRACKING evaluated=789 execution_us=45037 reason=tracking_pose_accepted
x=3.19985 y=3.89996 yaw=-5.07686 score=0.9888 valid=1 mode=tracking state=TRACKING evaluated=789 execution_us=44322 reason=tracking_pose_accepted
x=3.24985 y=3.89996 yaw=-5.06034 score=0.989692 valid=1 mode=tracking state=TRACKING evaluated=789 execution_us=44805 reason=tracking_pose_accepted
x=3.24985 y=3.89996 yaw=-5.06128 score=0.989081 valid=1 mode=tracking state=TRACKING evaluated=789 execution_us=45341 reason=tracking_pose_accepted
x=3.24985 y=3.89996 yaw=-5.06221 score=0.989331 valid=1 mode=tracking state=TRACKING evaluated=789 execution_us=44695 reason=tracking_pose_accepted
x=3.24985 y=3.89996 yaw=-5.06315 score=0.989945 valid=1 mode=tracking state=TRACKING evaluated=789 execution_us=44553 reason=tracking_pose_accepted
x=3.24985 y=3.89996 yaw=-5.06408 score=0.988717 valid=1 mode=tracking state=TRACKING evaluated=789 execution_us=44838 reason=tracking_pose_accepted
x=3.24985 y=3.89996 yaw=-5.06501 score=0.990609 valid=1 mode=tracking state=TRACKING evaluated=789 execution_us=44661 reason=tracking_pose_accepted
x=3.24985 y=3.89996 yaw=-5.06595 score=0.990641 valid=1 mode=tracking state=TRACKING evaluated=789 execution_us=45091 reason=tracking_pose_accepted
x=3.24985 y=3.89996 yaw=-5.06688 score=0.989638 valid=1 mode=tracking state=TRACKING evaluated=789 execution_us=44679 reason=tracking_pose_accepted
x=3.24985 y=3.89996 yaw=-5.06782 score=0.990023 valid=1 mode=tracking state=TRACKING evaluated=789 execution_us=44884 reason=tracking_pose_accepted
x=3.24985 y=3.89996 yaw=-5.06875 score=0.991481 valid=1 mode=tracking state=TRACKING evaluated=789 execution_us=44959 reason=tracking_pose_accepted
x=3.24985 y=3.89996 yaw=-5.06968 score=0.988673 valid=1 mode=tracking state=TRACKING evaluated=789 execution_us=44639 reason=tracking_pose_accepted
x=3.24985 y=3.89996 yaw=-5.07062 score=0.991767 valid=1 mode=tracking state=TRACKING evaluated=789 execution_us=44357 reason=tracking_pose_accepted
x=3.24985 y=3.89996 yaw=-5.07155 score=0.989907 valid=1 mode=tracking state=TRACKING evaluated=789 execution_us=45273 reason=tracking_pose_accepted
x=3.24985 y=3.89996 yaw=-5.07249 score=0.988584 valid=1 mode=tracking state=TRACKING evaluated=789 execution_us=44258 reason=tracking_pose_accepted
x=3.24985 y=3.89996 yaw=-5.07342 score=0.989638 valid=1 mode=tracking state=TRACKING evaluated=789 execution_us=44255 reason=tracking_pose_accepted
x=3.24985 y=3.89996 yaw=-5.07436 score=0.99085 valid=1 mode=tracking state=TRACKING evaluated=789 execution_us=44539 reason=tracking_pose_accepted
x=3.19985 y=3.89996 yaw=-5.07529 score=0.991642 valid=1 mode=tracking state=TRACKING evaluated=789 execution_us=44021 reason=tracking_pose_accepted
x=3.24985 y=3.89996 yaw=-5.05877 score=0.988746 valid=1 mode=tracking state=TRACKING evaluated=789 execution_us=45070 reason=tracking_pose_accepted
x=3.24985 y=3.89996 yaw=-5.0597 score=0.989945 valid=1 mode=tracking state=TRACKING evaluated=789 execution_us=44221 reason=tracking_pose_accepted
x=3.19985 y=3.89996 yaw=-5.07809 score=0.991726 valid=1 mode=tracking state=TRACKING evaluated=789 execution_us=44124 reason=tracking_pose_accepted
x=3.24985 y=3.89996 yaw=-5.06157 score=0.989109 valid=1 mode=tracking state=TRACKING evaluated=789 execution_us=45139 reason=tracking_pose_accepted
x=3.24985 y=3.89996 yaw=-5.06251 score=0.988966 valid=1 mode=tracking state=TRACKING evaluated=789 execution_us=43899 reason=tracking_pose_accepted
x=3.24985 y=3.89996 yaw=-5.06344 score=0.992054 valid=1 mode=tracking state=TRACKING evaluated=789 execution_us=44056 reason=tracking_pose_accepted
x=3.24985 y=3.89996 yaw=-5.06438 score=0.989386 valid=1 mode=tracking state=TRACKING evaluated=789 execution_us=45027 reason=tracking_pose_accepted
x=3.24985 y=3.89996 yaw=-5.06531 score=0.989692 valid=1 mode=tracking state=TRACKING evaluated=789 execution_us=44590 reason=tracking_pose_accepted
x=3.24985 y=3.89996 yaw=-5.06624 score=0.989997 valid=1 mode=tracking state=TRACKING evaluated=789 execution_us=44517 reason=tracking_pose_accepted
x=3.24985 y=3.89996 yaw=-5.06718 score=0.990227 valid=1 mode=tracking state=TRACKING evaluated=789 execution_us=44049 reason=tracking_pose_accepted
x=3.24985 y=3.89996 yaw=-5.06811 score=0.990584 valid=1 mode=tracking state=TRACKING evaluated=789 execution_us=44285 reason=tracking_pose_accepted
x=3.24985 y=3.89996 yaw=-5.06905 score=0.989638 valid=1 mode=tracking state=TRACKING evaluated=789 execution_us=45479 reason=tracking_pose_accepted
x=3.24985 y=3.89996 yaw=-5.06998 score=0.988995 valid=1 mode=tracking state=TRACKING evaluated=789 execution_us=44635 reason=tracking_pose_accepted
x=3.24985 y=3.89996 yaw=-5.07091 score=0.98769 valid=1 mode=tracking state=TRACKING evaluated=789 execution_us=44146 reason=tracking_pose_accepted
x=3.24985 y=3.89996 yaw=-5.07185 score=0.990252 valid=1 mode=tracking state=TRACKING evaluated=789 execution_us=44255 reason=tracking_pose_accepted
x=3.24985 y=3.89996 yaw=-5.07278 score=0.988938 valid=1 mode=tracking state=TRACKING evaluated=789 execution_us=44705 reason=tracking_pose_accepted
x=3.19985 y=3.89996 yaw=-5.07372 score=0.988522 valid=1 mode=tracking state=TRACKING evaluated=789 execution_us=44421 reason=tracking_pose_accepted
x=3.19985 y=3.89996 yaw=-5.07465 score=0.990795 valid=1 mode=tracking state=TRACKING evaluated=789 execution_us=44826 reason=tracking_pose_accepted
x=3.24985 y=3.89996 yaw=-5.07558 score=0.988266 valid=1 mode=tracking state=TRACKING evaluated=789 execution_us=44538 reason=tracking_pose_accepted
x=3.24985 y=3.89996 yaw=-5.05907 score=0.988746 valid=1 mode=tracking state=TRACKING evaluated=789 execution_us=45030 reason=tracking_pose_accepted
x=3.19985 y=3.89996 yaw=-5.07745 score=0.989221 valid=1 mode=tracking state=TRACKING evaluated=789 execution_us=44751 reason=tracking_pose_accepted
x=3.19985 y=3.89996 yaw=-5.07839 score=0.98851 valid=1 mode=tracking state=TRACKING evaluated=789 execution_us=44656 reason=tracking_pose_accepted
x=3.24985 y=3.89996 yaw=-5.06187 score=0.988746 valid=1 mode=tracking state=TRACKING evaluated=789 execution_us=44999 reason=tracking_pose_accepted
x=3.24985 y=3.89996 yaw=-5.0628 score=0.988379 valid=1 mode=tracking state=TRACKING evaluated=789 execution_us=44298 reason=tracking_pose_accepted
x=3.24985 y=3.89996 yaw=-5.06374 score=0.989611 valid=1 mode=tracking state=TRACKING evaluated=789 execution_us=44463 reason=tracking_pose_accepted
x=3.24985 y=3.89996 yaw=-5.06467 score=0.989692 valid=1 mode=tracking state=TRACKING evaluated=789 execution_us=44864 reason=tracking_pose_accepted
x=3.24985 y=3.89996 yaw=-5.0656 score=0.989692 valid=1 mode=tracking state=TRACKING evaluated=789 execution_us=45029 reason=tracking_pose_accepted
x=3.24985 y=3.89996 yaw=-5.06654 score=0.989919 valid=1 mode=tracking state=TRACKING evaluated=789 execution_us=45060 reason=tracking_pose_accepted
x=3.24985 y=3.89996 yaw=-5.06747 score=0.990891 valid=1 mode=tracking state=TRACKING evaluated=789 execution_us=44656 reason=tracking_pose_accepted
x=3.24985 y=3.89996 yaw=-5.06841 score=0.989556 valid=1 mode=tracking state=TRACKING evaluated=789 execution_us=44243 reason=tracking_pose_accepted
x=3.24985 y=3.89996 yaw=-5.06934 score=0.98847 valid=1 mode=tracking state=TRACKING evaluated=789 execution_us=45158 reason=tracking_pose_accepted
x=3.24985 y=3.89996 yaw=-5.07028 score=0.988123 valid=1 mode=tracking state=TRACKING evaluated=789 execution_us=44617 reason=tracking_pose_accepted
x=3.24985 y=3.89996 yaw=-5.07121 score=0.988687 valid=1 mode=tracking state=TRACKING evaluated=789 execution_us=44664 reason=tracking_pose_accepted
x=3.24985 y=3.89996 yaw=-5.07214 score=0.989143 valid=1 mode=tracking state=TRACKING evaluated=789 execution_us=44377 reason=tracking_pose_accepted
x=3.19985 y=3.89996 yaw=-5.07308 score=0.989369 valid=1 mode=tracking state=TRACKING evaluated=789 execution_us=44553 reason=tracking_pose_accepted
x=3.24985 y=3.89996 yaw=-5.07401 score=0.98929 valid=1 mode=tracking state=TRACKING evaluated=789 execution_us=44447 reason=tracking_pose_accepted
x=3.24985 y=3.89996 yaw=-5.05749 score=0.989081 valid=1 mode=tracking state=TRACKING evaluated=789 execution_us=44774 reason=tracking_pose_accepted
x=3.19985 y=3.89996 yaw=-5.07588 score=0.988389 valid=1 mode=tracking state=TRACKING evaluated=789 execution_us=44370 reason=tracking_pose_accepted
x=3.24985 y=3.89996 yaw=-5.05936 score=0.988717 valid=1 mode=tracking state=TRACKING evaluated=789 execution_us=44843 reason=tracking_pose_accepted
x=3.24985 y=3.89996 yaw=-5.0603 score=0.988775 valid=1 mode=tracking state=TRACKING evaluated=789 execution_us=44450 reason=tracking_pose_accepted
x=3.24985 y=3.89996 yaw=-5.06123 score=0.989303 valid=1 mode=tracking state=TRACKING evaluated=789 execution_us=44175 reason=tracking_pose_accepted
x=3.19985 y=3.89996 yaw=-5.07962 score=0.9911 valid=1 mode=tracking state=TRACKING evaluated=789 execution_us=44578 reason=tracking_pose_accepted
x=3.24985 y=3.89996 yaw=-5.0631 score=0.988657 valid=1 mode=tracking state=TRACKING evaluated=789 execution_us=44204 reason=tracking_pose_accepted
x=3.24985 y=3.89996 yaw=-5.06403 score=0.989331 valid=1 mode=tracking state=TRACKING evaluated=789 execution_us=44239 reason=tracking_pose_accepted
x=3.24985 y=3.89996 yaw=-5.06497 score=0.989665 valid=1 mode=tracking state=TRACKING evaluated=789 execution_us=44730 reason=tracking_pose_accepted
x=3.24985 y=3.89996 yaw=-5.0659 score=0.991151 valid=1 mode=tracking state=TRACKING evaluated=789 execution_us=44070 reason=tracking_pose_accepted
x=3.24985 y=3.89996 yaw=-5.06683 score=0.98929 valid=1 mode=tracking state=TRACKING evaluated=789 execution_us=44809 reason=tracking_pose_accepted
x=3.24985 y=3.89996 yaw=-5.06777 score=0.991197 valid=1 mode=tracking state=TRACKING evaluated=789 execution_us=46547 reason=tracking_pose_accepted
x=3.24985 y=3.89996 yaw=-5.0687 score=0.990584 valid=1 mode=tracking state=TRACKING evaluated=789 execution_us=44839 reason=tracking_pose_accepted
x=3.24985 y=3.89996 yaw=-5.06964 score=0.989971 valid=1 mode=tracking state=TRACKING evaluated=789 execution_us=44939 reason=tracking_pose_accepted
x=3.24985 y=3.89996 yaw=-5.07057 score=0.990303 valid=1 mode=tracking state=TRACKING evaluated=789 execution_us=44536 reason=tracking_pose_accepted
x=3.24985 y=3.89996 yaw=-5.0715 score=0.989665 valid=1 mode=tracking state=TRACKING evaluated=789 execution_us=44168 reason=tracking_pose_accepted
x=3.19985 y=3.89996 yaw=-5.07244 score=0.990008 valid=1 mode=tracking state=TRACKING evaluated=789 execution_us=44856 reason=tracking_pose_accepted
x=3.24985 y=3.89996 yaw=-5.07337 score=0.988614 valid=1 mode=tracking state=TRACKING evaluated=789 execution_us=44028 reason=tracking_pose_accepted
x=3.24985 y=3.89996 yaw=-5.07431 score=0.989359 valid=1 mode=tracking state=TRACKING evaluated=789 execution_us=44459 reason=tracking_pose_accepted
x=3.24985 y=3.89996 yaw=-5.05779 score=0.98844 valid=1 mode=tracking state=TRACKING evaluated=789 execution_us=44472 reason=tracking_pose_accepted
x=3.24985 y=3.89996 yaw=-5.05872 score=0.988775 valid=1 mode=tracking state=TRACKING evaluated=789 execution_us=44332 reason=tracking_pose_accepted
x=3.24985 y=3.89996 yaw=-5.07711 score=0.988071 valid=1 mode=tracking state=TRACKING evaluated=789 execution_us=44764 reason=tracking_pose_accepted
x=3.19985 y=3.89996 yaw=-5.07804 score=0.98845 valid=1 mode=tracking state=TRACKING evaluated=789 execution_us=44475 reason=tracking_pose_accepted
x=3.24985 y=3.89996 yaw=-5.06152 score=0.989919 valid=1 mode=tracking state=TRACKING evaluated=789 execution_us=44429 reason=tracking_pose_accepted
x=3.24985 y=3.89996 yaw=-5.06246 score=0.988133 valid=1 mode=tracking state=TRACKING evaluated=789 execution_us=44847 reason=tracking_pose_accepted
x=3.24985 y=3.89996 yaw=-5.06339 score=0.989692 valid=1 mode=tracking state=TRACKING evaluated=789 execution_us=44807 reason=tracking_pose_accepted
x=3.24985 y=3.89996 yaw=-5.06433 score=0.988246 valid=1 mode=tracking state=TRACKING evaluated=789 execution_us=44036 reason=tracking_pose_accepted
x=3.24985 y=3.89996 yaw=-5.06526 score=0.989247 valid=1 mode=tracking state=TRACKING evaluated=789 execution_us=44013 reason=tracking_pose_accepted
x=3.24985 y=3.89996 yaw=-5.0662 score=0.989216 valid=1 mode=tracking state=TRACKING evaluated=789 execution_us=44577 reason=tracking_pose_accepted
x=3.24985 y=3.89996 yaw=-5.06713 score=0.989611 valid=1 mode=tracking state=TRACKING evaluated=789 execution_us=44709 reason=tracking_pose_accepted
x=3.19985 y=3.89996 yaw=-5.08552 score=0.990186 valid=1 mode=tracking state=TRACKING evaluated=789 execution_us=44740 reason=tracking_pose_accepted
x=3.24985 y=3.89996 yaw=-5.069 score=0.988967 valid=1 mode=tracking state=TRACKING evaluated=789 execution_us=44859 reason=tracking_pose_accepted
x=3.24985 y=3.89996 yaw=-5.06993 score=0.990023 valid=1 mode=tracking state=TRACKING evaluated=789 execution_us=45676 reason=tracking_pose_accepted
x=3.24985 y=3.89996 yaw=-5.07087 score=0.988995 valid=1 mode=tracking state=TRACKING evaluated=789 execution_us=45257 reason=tracking_pose_accepted
x=3.24985 y=3.89996 yaw=-5.0718 score=0.990252 valid=1 mode=tracking state=TRACKING evaluated=789 execution_us=44562 reason=tracking_pose_accepted
x=3.24985 y=3.89996 yaw=-5.07273 score=0.990211 valid=1 mode=tracking state=TRACKING evaluated=789 execution_us=44761 reason=tracking_pose_accepted
x=3.19985 y=3.89996 yaw=-5.07367 score=0.989103 valid=1 mode=tracking state=TRACKING evaluated=789 execution_us=44715 reason=tracking_pose_accepted
x=3.19985 y=3.89996 yaw=-5.0746 score=0.988389 valid=1 mode=tracking state=TRACKING evaluated=789 execution_us=44819 reason=tracking_pose_accepted
x=3.24985 y=3.89996 yaw=-5.07554 score=0.989904 valid=1 mode=tracking state=TRACKING evaluated=789 execution_us=44445 reason=tracking_pose_accepted
x=3.24985 y=3.89996 yaw=-5.05902 score=0.989359 valid=1 mode=tracking state=TRACKING evaluated=789 execution_us=44203 reason=tracking_pose_accepted
x=3.19985 y=3.89996 yaw=-5.0774 score=0.98851 valid=1 mode=tracking state=TRACKING evaluated=789 execution_us=45033 reason=tracking_pose_accepted
x=3.24985 y=3.89996 yaw=-5.06089 score=0.988717 valid=1 mode=tracking state=TRACKING evaluated=789 execution_us=44038 reason=tracking_pose_accepted
x=3.19985 y=3.89996 yaw=-5.07927 score=0.98805 valid=1 mode=tracking state=TRACKING evaluated=789 execution_us=44158 reason=tracking_pose_accepted
x=3.24985 y=3.89996 yaw=-5.06275 score=0.989024 valid=1 mode=tracking state=TRACKING evaluated=789 execution_us=44545 reason=tracking_pose_accepted
x=3.19985 y=3.89996 yaw=-5.08114 score=0.990083 valid=1 mode=tracking state=TRACKING evaluated=789 execution_us=43956 reason=tracking_pose_accepted
x=3.24985 y=3.89996 yaw=-5.06462 score=0.988966 valid=1 mode=tracking state=TRACKING evaluated=789 execution_us=44192 reason=tracking_pose_accepted
x=3.24985 y=3.89996 yaw=-5.06556 score=0.989665 valid=1 mode=tracking state=TRACKING evaluated=789 execution_us=44261 reason=tracking_pose_accepted
x=3.24985 y=3.89996 yaw=-5.06649 score=0.990278 valid=1 mode=tracking state=TRACKING evaluated=789 execution_us=44438 reason=tracking_pose_accepted
x=3.24985 y=3.89996 yaw=-5.06742 score=0.990592 valid=1 mode=tracking state=TRACKING evaluated=789 execution_us=45072 reason=tracking_pose_accepted
x=3.24985 y=3.89996 yaw=-5.06836 score=0.988746 valid=1 mode=tracking state=TRACKING evaluated=789 execution_us=44138 reason=tracking_pose_accepted
x=3.24985 y=3.89996 yaw=-5.06929 score=0.989131 valid=1 mode=tracking state=TRACKING evaluated=789 execution_us=44106 reason=tracking_pose_accepted
x=3.24985 y=3.89996 yaw=-5.07023 score=0.987684 valid=1 mode=tracking state=TRACKING evaluated=789 execution_us=44614 reason=tracking_pose_accepted
x=3.24985 y=3.89996 yaw=-5.07116 score=0.990252 valid=1 mode=tracking state=TRACKING evaluated=789 execution_us=44530 reason=tracking_pose_accepted
x=3.24985 y=3.89996 yaw=-5.07209 score=0.990609 valid=1 mode=tracking state=TRACKING evaluated=789 execution_us=45608 reason=tracking_pose_accepted
x=3.24985 y=3.89996 yaw=-5.07303 score=0.988297 valid=1 mode=tracking state=TRACKING evaluated=789 execution_us=44768 reason=tracking_pose_accepted
x=3.24985 y=3.89996 yaw=-5.07396 score=0.989303 valid=1 mode=tracking state=TRACKING evaluated=789 execution_us=44358 reason=tracking_pose_accepted
x=3.19985 y=3.89996 yaw=-5.0749 score=0.98843 valid=1 mode=tracking state=TRACKING evaluated=789 execution_us=44804 reason=tracking_pose_accepted
x=3.19985 y=3.89996 yaw=-5.07583 score=0.989079 valid=1 mode=tracking state=TRACKING evaluated=789 execution_us=44082 reason=tracking_pose_accepted
x=3.24985 y=3.89996 yaw=-5.05931 score=0.988966 valid=1 mode=tracking state=TRACKING evaluated=789 execution_us=44070 reason=tracking_pose_accepted
x=3.24985 y=3.89996 yaw=-5.06025 score=0.98804 valid=1 mode=tracking state=TRACKING evaluated=789 execution_us=44349 reason=tracking_pose_accepted
x=3.24985 y=3.89996 yaw=-5.06118 score=0.988256 valid=1 mode=tracking state=TRACKING evaluated=789 execution_us=44989 reason=tracking_pose_accepted
x=3.24985 y=3.89996 yaw=-5.06211 score=0.988071 valid=1 mode=tracking state=TRACKING evaluated=789 execution_us=44248 reason=tracking_pose_accepted
x=3.24985 y=3.89996 yaw=-5.06305 score=0.988102 valid=1 mode=tracking state=TRACKING evaluated=789 execution_us=44674 reason=tracking_pose_accepted
x=3.24985 y=3.89996 yaw=-5.06398 score=0.990252 valid=1 mode=tracking state=TRACKING evaluated=789 execution_us=44572 reason=tracking_pose_accepted
x=3.24985 y=3.89996 yaw=-5.06492 score=0.990584 valid=1 mode=tracking state=TRACKING evaluated=789 execution_us=45035 reason=tracking_pose_accepted
x=3.19985 y=3.89996 yaw=-5.0833 score=0.989933 valid=1 mode=tracking state=TRACKING evaluated=789 execution_us=45064 reason=tracking_pose_accepted
x=3.24985 y=3.89996 yaw=-5.06679 score=0.989522 valid=1 mode=tracking state=TRACKING evaluated=789 execution_us=44718 reason=tracking_pose_accepted
x=3.24985 y=3.89996 yaw=-5.06772 score=0.989188 valid=1 mode=tracking state=TRACKING evaluated=789 execution_us=44995 reason=tracking_pose_accepted
x=3.24985 y=3.89996 yaw=-5.06865 score=0.990494 valid=1 mode=tracking state=TRACKING evaluated=789 execution_us=44328 reason=tracking_pose_accepted
x=3.24985 y=3.89996 yaw=-5.06959 score=0.990609 valid=1 mode=tracking state=TRACKING evaluated=789 execution_us=44679 reason=tracking_pose_accepted
x=3.24985 y=3.89996 yaw=-5.07052 score=0.988297 valid=1 mode=tracking state=TRACKING evaluated=789 execution_us=44792 reason=tracking_pose_accepted
x=3.24985 y=3.89996 yaw=-5.07146 score=0.989919 valid=1 mode=tracking state=TRACKING evaluated=789 execution_us=44121 reason=tracking_pose_accepted
x=3.24985 y=3.89996 yaw=-5.07239 score=0.989024 valid=1 mode=tracking state=TRACKING evaluated=789 execution_us=45083 reason=tracking_pose_accepted
x=3.24985 y=3.89996 yaw=-5.07332 score=0.990278 valid=1 mode=tracking state=TRACKING evaluated=789 execution_us=45426 reason=tracking_pose_accepted
x=3.19985 y=3.89996 yaw=-5.07426 score=0.988461 valid=1 mode=tracking state=TRACKING evaluated=789 execution_us=44599 reason=tracking_pose_accepted
x=3.19985 y=3.89996 yaw=-5.07519 score=0.989777 valid=1 mode=tracking state=TRACKING evaluated=789 execution_us=45118 reason=tracking_pose_accepted
x=3.24985 y=3.89996 yaw=-5.05867 score=0.989109 valid=1 mode=tracking state=TRACKING evaluated=789 execution_us=44848 reason=tracking_pose_accepted
x=3.24985 y=3.89996 yaw=-5.05961 score=0.988409 valid=1 mode=tracking state=TRACKING evaluated=789 execution_us=44488 reason=tracking_pose_accepted
x=3.24985 y=3.89996 yaw=-5.06054 score=0.988071 valid=1 mode=tracking state=TRACKING evaluated=789 execution_us=44483 reason=tracking_pose_accepted
x=3.19985 y=3.89996 yaw=-5.07893 score=0.989907 valid=1 mode=tracking state=TRACKING evaluated=789 execution_us=44633 reason=tracking_pose_accepted
x=3.24985 y=3.89996 yaw=-5.06241 score=0.989024 valid=1 mode=tracking state=TRACKING evaluated=789 execution_us=44342 reason=tracking_pose_accepted
x=3.24985 y=3.89996 yaw=-5.06334 score=0.989386 valid=1 mode=tracking state=TRACKING evaluated=789 execution_us=44626 reason=tracking_pose_accepted
x=3.24985 y=3.89996 yaw=-5.06428 score=0.989692 valid=1 mode=tracking state=TRACKING evaluated=789 execution_us=44586 reason=tracking_pose_accepted
x=3.24985 y=3.89996 yaw=-5.06521 score=0.990795 valid=1 mode=tracking state=TRACKING evaluated=789 execution_us=44280 reason=tracking_pose_accepted
x=3.19985 y=3.89996 yaw=-5.0836 score=0.988892 valid=1 mode=tracking state=TRACKING evaluated=789 execution_us=44149 reason=tracking_pose_accepted
x=3.24984 y=3.89996 yaw=-5.06708 score=0.989919 valid=1 mode=tracking state=TRACKING evaluated=789 execution_us=44177 reason=tracking_pose_accepted
x=3.24984 y=3.89996 yaw=-5.06801 score=0.989549 valid=1 mode=tracking state=TRACKING evaluated=789 execution_us=44921 reason=tracking_pose_accepted
x=3.24984 y=3.89996 yaw=-5.06895 score=0.988524 valid=1 mode=tracking state=TRACKING evaluated=789 execution_us=43981 reason=tracking_pose_accepted
x=3.24984 y=3.89996 yaw=-5.06988 score=0.989971 valid=1 mode=tracking state=TRACKING evaluated=789 execution_us=44491 reason=tracking_pose_accepted
x=3.24984 y=3.89996 yaw=-5.07082 score=0.989878 valid=1 mode=tracking state=TRACKING evaluated=789 execution_us=44416 reason=tracking_pose_accepted
x=3.24984 y=3.89996 yaw=-5.07175 score=0.990252 valid=1 mode=tracking state=TRACKING evaluated=789 execution_us=44228 reason=tracking_pose_accepted
x=3.24984 y=3.89996 yaw=-5.07269 score=0.990227 valid=1 mode=tracking state=TRACKING evaluated=789 execution_us=44271 reason=tracking_pose_accepted
x=3.19984 y=3.89996 yaw=-5.07362 score=0.988521 valid=1 mode=tracking state=TRACKING evaluated=789 execution_us=44740 reason=tracking_pose_accepted
x=3.24984 y=3.89996 yaw=-5.07455 score=0.988676 valid=1 mode=tracking state=TRACKING evaluated=789 execution_us=44247 reason=tracking_pose_accepted
x=3.24984 y=3.89996 yaw=-5.05803 score=0.989414 valid=1 mode=tracking state=TRACKING evaluated=789 execution_us=45085 reason=tracking_pose_accepted
x=3.24984 y=3.89996 yaw=-5.05897 score=0.988804 valid=1 mode=tracking state=TRACKING evaluated=789 execution_us=44343 reason=tracking_pose_accepted
x=3.19984 y=3.89996 yaw=-5.07736 score=0.991588 valid=1 mode=tracking state=TRACKING evaluated=789 execution_us=44907 reason=tracking_pose_accepted
x=3.19984 y=3.89996 yaw=-5.07829 score=0.98842 valid=1 mode=tracking state=TRACKING evaluated=789 execution_us=44298 reason=tracking_pose_accepted
x=3.24984 y=3.89996 yaw=-5.06177 score=0.989414 valid=1 mode=tracking state=TRACKING evaluated=789 execution_us=44768 reason=tracking_pose_accepted
x=3.19984 y=3.89996 yaw=-5.08016 score=0.990675 valid=1 mode=tracking state=TRACKING evaluated=789 execution_us=44176 reason=tracking_pose_accepted
x=3.24984 y=3.89996 yaw=-5.06364 score=0.989971 valid=1 mode=tracking state=TRACKING evaluated=789 execution_us=44621 reason=tracking_pose_accepted
x=3.19984 y=3.89996 yaw=-5.08203 score=0.990083 valid=1 mode=tracking state=TRACKING evaluated=789 execution_us=44245 reason=tracking_pose_accepted
x=3.24984 y=3.89996 yaw=-5.06551 score=0.988133 valid=1 mode=tracking state=TRACKING evaluated=789 execution_us=45017 reason=tracking_pose_accepted
x=3.24984 y=3.89996 yaw=-5.06644 score=0.989919 valid=1 mode=tracking state=TRACKING evaluated=789 execution_us=45069 reason=tracking_pose_accepted
x=3.24984 y=3.89996 yaw=-5.06738 score=0.990609 valid=1 mode=tracking state=TRACKING evaluated=789 execution_us=44588 reason=tracking_pose_accepted
x=3.24984 y=3.89996 yaw=-5.06831 score=0.988368 valid=1 mode=tracking state=TRACKING evaluated=789 execution_us=44818 reason=tracking_pose_accepted
x=3.24984 y=3.89996 yaw=-5.06924 score=0.990535 valid=1 mode=tracking state=TRACKING evaluated=789 execution_us=44112 reason=tracking_pose_accepted
x=3.24984 y=3.89996 yaw=-5.07018 score=0.989945 valid=1 mode=tracking state=TRACKING evaluated=789 execution_us=44561 reason=tracking_pose_accepted
x=3.24984 y=3.89996 yaw=-5.07111 score=0.990469 valid=1 mode=tracking state=TRACKING evaluated=789 execution_us=45062 reason=tracking_pose_accepted
x=3.24984 y=3.89996 yaw=-5.07205 score=0.988703 valid=1 mode=tracking state=TRACKING evaluated=789 execution_us=44911 reason=tracking_pose_accepted
x=3.24984 y=3.89996 yaw=-5.07298 score=0.99085 valid=1 mode=tracking state=TRACKING evaluated=789 execution_us=45078 reason=tracking_pose_accepted
x=3.24984 y=3.89996 yaw=-5.07391 score=0.990826 valid=1 mode=tracking state=TRACKING evaluated=789 execution_us=44581 reason=tracking_pose_accepted
x=3.24984 y=3.89996 yaw=-5.07485 score=0.989068 valid=1 mode=tracking state=TRACKING evaluated=789 execution_us=44884 reason=tracking_pose_accepted
x=3.24984 y=3.89996 yaw=-5.07578 score=0.989624 valid=1 mode=tracking state=TRACKING evaluated=789 execution_us=45108 reason=tracking_pose_accepted
x=3.24984 y=3.89996 yaw=-5.05926 score=0.989584 valid=1 mode=tracking state=TRACKING evaluated=789 execution_us=44006 reason=tracking_pose_accepted
x=3.24984 y=3.89996 yaw=-5.0602 score=0.989945 valid=1 mode=tracking state=TRACKING evaluated=789 execution_us=44517 reason=tracking_pose_accepted
x=3.19984 y=3.89996 yaw=-5.07859 score=0.988143 valid=1 mode=tracking state=TRACKING evaluated=789 execution_us=44953 reason=tracking_pose_accepted
x=3.24984 y=3.89996 yaw=-5.06207 score=0.989719 valid=1 mode=tracking state=TRACKING evaluated=789 execution_us=45138 reason=tracking_pose_accepted
x=3.19984 y=3.89996 yaw=-5.08045 score=0.990109 valid=1 mode=tracking state=TRACKING evaluated=789 execution_us=44619 reason=tracking_pose_accepted
x=3.24984 y=3.89996 yaw=-5.06393 score=0.98804 valid=1 mode=tracking state=TRACKING evaluated=789 execution_us=44298 reason=tracking_pose_accepted
x=3.24984 y=3.89996 yaw=-5.06487 score=0.990485 valid=1 mode=tracking state=TRACKING evaluated=789 execution_us=43866 reason=tracking_pose_accepted
x=3.24984 y=3.89996 yaw=-5.0658 score=0.989331 valid=1 mode=tracking state=TRACKING evaluated=789 execution_us=44876 reason=tracking_pose_accepted
x=3.24984 y=3.89996 yaw=-5.06674 score=0.991174 valid=1 mode=tracking state=TRACKING evaluated=789 execution_us=44156 reason=tracking_pose_accepted
x=3.24984 y=3.89996 yaw=-5.06767 score=0.990568 valid=1 mode=tracking state=TRACKING evaluated=789 execution_us=44593 reason=tracking_pose_accepted
x=3.24984 y=3.89996 yaw=-5.0686 score=0.990843 valid=1 mode=tracking state=TRACKING evaluated=789 execution_us=44020 reason=tracking_pose_accepted
x=3.19984 y=3.89996 yaw=-5.08699 score=0.989481 valid=1 mode=tracking state=TRACKING evaluated=789 execution_us=44511 reason=tracking_pose_accepted
x=3.24984 y=3.89996 yaw=-5.07047 score=0.989529 valid=1 mode=tracking state=TRACKING evaluated=789 execution_us=43966 reason=tracking_pose_accepted
x=3.24984 y=3.89996 yaw=-5.07141 score=0.99056 valid=1 mode=tracking state=TRACKING evaluated=789 execution_us=44498 reason=tracking_pose_accepted
x=3.24984 y=3.89996 yaw=-5.07234 score=0.989188 valid=1 mode=tracking state=TRACKING evaluated=789 execution_us=44456 reason=tracking_pose_accepted
x=3.24984 y=3.89996 yaw=-5.07328 score=0.99051 valid=1 mode=tracking state=TRACKING evaluated=789 execution_us=44659 reason=tracking_pose_accepted
x=3.24984 y=3.89996 yaw=-5.07421 score=0.989597 valid=1 mode=tracking state=TRACKING evaluated=789 execution_us=44279 reason=tracking_pose_accepted
x=3.24984 y=3.89996 yaw=-5.05769 score=0.989165 valid=1 mode=tracking state=TRACKING evaluated=789 execution_us=44790 reason=tracking_pose_accepted
x=3.19984 y=3.89996 yaw=-5.07608 score=0.989702 valid=1 mode=tracking state=TRACKING evaluated=789 execution_us=45013 reason=tracking_pose_accepted
x=3.19984 y=3.89996 yaw=-5.07701 score=0.989136 valid=1 mode=tracking state=TRACKING evaluated=789 execution_us=44154 reason=tracking_pose_accepted
x=3.24984 y=3.89996 yaw=-5.06049 score=0.988995 valid=1 mode=tracking state=TRACKING evaluated=789 execution_us=44176 reason=tracking_pose_accepted
x=3.24984 y=3.89996 yaw=-5.06143 score=0.98797 valid=1 mode=tracking state=TRACKING evaluated=789 execution_us=44593 reason=tracking_pose_accepted
x=3.19984 y=3.89996 yaw=-5.07981 score=0.988727 valid=1 mode=tracking state=TRACKING evaluated=789 execution_us=44440 reason=tracking_pose_accepted
x=3.24984 y=3.89996 yaw=-5.0633 score=0.989414 valid=1 mode=tracking state=TRACKING evaluated=789 execution_us=44637 reason=tracking_pose_accepted
x=3.24984 y=3.89996 yaw=-5.06423 score=0.988687 valid=1 mode=tracking state=TRACKING evaluated=789 execution_us=44405 reason=tracking_pose_accepted
x=3.24984 y=3.89996 yaw=-5.06516 score=0.989272 valid=1 mode=tracking state=TRACKING evaluated=789 execution_us=44727 reason=tracking_pose_accepted
x=3.24984 y=3.89996 yaw=-5.0661 score=0.989638 valid=1 mode=tracking state=TRACKING evaluated=789 execution_us=44888 reason=tracking_pose_accepted
x=3.19984 y=3.89996 yaw=-5.08449 score=0.988851 valid=1 mode=tracking state=TRACKING evaluated=789 execution_us=44180 reason=tracking_pose_accepted
x=3.24984 y=3.89996 yaw=-5.06797 score=0.989945 valid=1 mode=tracking state=TRACKING evaluated=789 execution_us=44525 reason=tracking_pose_accepted
x=3.24984 y=3.89996 yaw=-5.0689 score=0.989272 valid=1 mode=tracking state=TRACKING evaluated=789 execution_us=45043 reason=tracking_pose_accepted
x=3.24984 y=3.89996 yaw=-5.06983 score=0.990584 valid=1 mode=tracking state=TRACKING evaluated=789 execution_us=44583 reason=tracking_pose_accepted
x=3.24984 y=3.89996 yaw=-5.07077 score=0.989522 valid=1 mode=tracking state=TRACKING evaluated=789 execution_us=44613 reason=tracking_pose_accepted
x=3.24984 y=3.89996 yaw=-5.0717 score=0.990201 valid=1 mode=tracking state=TRACKING evaluated=789 execution_us=44595 reason=tracking_pose_accepted
x=3.24984 y=3.89996 yaw=-5.07264 score=0.991133 valid=1 mode=tracking state=TRACKING evaluated=789 execution_us=44287 reason=tracking_pose_accepted
x=3.24984 y=3.89996 yaw=-5.07357 score=0.990519 valid=1 mode=tracking state=TRACKING evaluated=789 execution_us=44839 reason=tracking_pose_accepted
x=3.19984 y=3.89996 yaw=-5.0745 score=0.989062 valid=1 mode=tracking state=TRACKING evaluated=789 execution_us=44589 reason=tracking_pose_accepted
x=3.24984 y=3.89996 yaw=-5.07544 score=0.988246 valid=1 mode=tracking state=TRACKING evaluated=789 execution_us=43827 reason=tracking_pose_accepted
x=3.19984 y=3.89996 yaw=-5.07637 score=0.991405 valid=1 mode=tracking state=TRACKING evaluated=789 execution_us=45146 reason=tracking_pose_accepted
x=3.24984 y=3.89996 yaw=-5.05985 score=0.988995 valid=1 mode=tracking state=TRACKING evaluated=789 execution_us=44357 reason=tracking_pose_accepted
x=3.19984 y=3.89996 yaw=-5.07824 score=0.992609 valid=1 mode=tracking state=TRACKING evaluated=789 execution_us=44594 reason=tracking_pose_accepted
x=3.24984 y=3.89996 yaw=-5.06172 score=0.989303 valid=1 mode=tracking state=TRACKING evaluated=789 execution_us=44652 reason=tracking_pose_accepted
x=3.24984 y=3.89996 yaw=-5.06266 score=0.988966 valid=1 mode=tracking state=TRACKING evaluated=789 execution_us=44154 reason=tracking_pose_accepted
x=3.19984 y=3.89996 yaw=-5.08104 score=0.989855 valid=1 mode=tracking state=TRACKING evaluated=789 execution_us=45013 reason=tracking_pose_accepted
x=3.24984 y=3.89996 yaw=-5.06452 score=0.989665 valid=1 mode=tracking state=TRACKING evaluated=789 execution_us=45540 reason=tracking_pose_accepted
x=3.19984 y=3.89996 yaw=-5.08291 score=0.989549 valid=1 mode=tracking state=TRACKING evaluated=789 execution_us=44607 reason=tracking_pose_accepted
x=3.24984 y=3.89996 yaw=-5.06639 score=0.989303 valid=1 mode=tracking state=TRACKING evaluated=789 execution_us=44947 reason=tracking_pose_accepted
x=3.24984 y=3.89996 yaw=-5.06733 score=0.988379 valid=1 mode=tracking state=TRACKING evaluated=789 execution_us=43927 reason=tracking_pose_accepted
x=3.24984 y=3.89996 yaw=-5.06826 score=0.990252 valid=1 mode=tracking state=TRACKING evaluated=789 execution_us=44392 reason=tracking_pose_accepted
x=3.24984 y=3.89996 yaw=-5.0692 score=0.989997 valid=1 mode=tracking state=TRACKING evaluated=789 execution_us=44717 reason=tracking_pose_accepted
x=3.24984 y=3.89996 yaw=-5.07013 score=0.989359 valid=1 mode=tracking state=TRACKING evaluated=789 execution_us=44302 reason=tracking_pose_accepted
x=3.24984 y=3.89996 yaw=-5.07106 score=0.989919 valid=1 mode=tracking state=TRACKING evaluated=789 execution_us=44252 reason=tracking_pose_accepted
x=3.24984 y=3.89996 yaw=-5.072 score=0.989064 valid=1 mode=tracking state=TRACKING evaluated=789 execution_us=44761 reason=tracking_pose_accepted
x=3.24984 y=3.89996 yaw=-5.07293 score=0.990211 valid=1 mode=tracking state=TRACKING evaluated=789 execution_us=44264 reason=tracking_pose_accepted
x=3.24984 y=3.89996 yaw=-5.07387 score=0.990252 valid=1 mode=tracking state=TRACKING evaluated=789 execution_us=44743 reason=tracking_pose_accepted
x=3.24984 y=3.89996 yaw=-5.0748 score=0.989638 valid=1 mode=tracking state=TRACKING evaluated=789 execution_us=44017 reason=tracking_pose_accepted
x=3.24984 y=3.89996 yaw=-5.05828 score=0.988775 valid=1 mode=tracking state=TRACKING evaluated=789 execution_us=44529 reason=tracking_pose_accepted
x=3.19984 y=3.89996 yaw=-5.07667 score=0.988727 valid=1 mode=tracking state=TRACKING evaluated=789 execution_us=44399 reason=tracking_pose_accepted
x=3.19984 y=3.89996 yaw=-5.0776 score=0.988389 valid=1 mode=tracking state=TRACKING evaluated=789 execution_us=44300 reason=tracking_pose_accepted
x=3.24984 y=3.89996 yaw=-5.06108 score=0.989137 valid=1 mode=tracking state=TRACKING evaluated=789 execution_us=45048 reason=tracking_pose_accepted
x=3.24984 y=3.89996 yaw=-5.06202 score=0.989052 valid=1 mode=tracking state=TRACKING evaluated=789 execution_us=44631 reason=tracking_pose_accepted
x=3.24984 y=3.89996 yaw=-5.06295 score=0.988523 valid=1 mode=tracking state=TRACKING evaluated=789 execution_us=44403 reason=tracking_pose_accepted
x=3.24984 y=3.89996 yaw=-5.06389 score=0.989638 valid=1 mode=tracking state=TRACKING evaluated=789 execution_us=44864 reason=tracking_pose_accepted
x=3.24984 y=3.89996 yaw=-5.06482 score=0.989167 valid=1 mode=tracking state=TRACKING evaluated=789 execution_us=44252 reason=tracking_pose_accepted
x=3.24984 y=3.89996 yaw=-5.06575 score=0.990328 valid=1 mode=tracking state=TRACKING evaluated=789 execution_us=44726 reason=tracking_pose_accepted
x=3.24984 y=3.89996 yaw=-5.06669 score=0.989007 valid=1 mode=tracking state=TRACKING evaluated=789 execution_us=46087 reason=tracking_pose_accepted
x=3.24984 y=3.89996 yaw=-5.06762 score=0.990584 valid=1 mode=tracking state=TRACKING evaluated=789 execution_us=44357 reason=tracking_pose_accepted
x=3.24984 y=3.89996 yaw=-5.06856 score=0.989919 valid=1 mode=tracking state=TRACKING evaluated=789 execution_us=44546 reason=tracking_pose_accepted
x=3.24984 y=3.89996 yaw=-5.06949 score=0.990584 valid=1 mode=tracking state=TRACKING evaluated=789 execution_us=44816 reason=tracking_pose_accepted
x=3.24984 y=3.89996 yaw=-5.07042 score=0.990938 valid=1 mode=tracking state=TRACKING evaluated=789 execution_us=45124 reason=tracking_pose_accepted
x=3.24984 y=3.89996 yaw=-5.07136 score=0.990535 valid=1 mode=tracking state=TRACKING evaluated=789 execution_us=44850 reason=tracking_pose_accepted
x=3.24984 y=3.89996 yaw=-5.07229 score=0.99056 valid=1 mode=tracking state=TRACKING evaluated=789 execution_us=44595 reason=tracking_pose_accepted
x=3.24984 y=3.89996 yaw=-5.07323 score=0.99085 valid=1 mode=tracking state=TRACKING evaluated=789 execution_us=44713 reason=tracking_pose_accepted
x=3.19984 y=3.89996 yaw=-5.07416 score=0.988838 valid=1 mode=tracking state=TRACKING evaluated=789 execution_us=45028 reason=tracking_pose_accepted
x=3.24984 y=3.89996 yaw=-5.0751 score=0.989624 valid=1 mode=tracking state=TRACKING evaluated=789 execution_us=44546 reason=tracking_pose_accepted
x=3.19984 y=3.89996 yaw=-5.07603 score=0.989103 valid=1 mode=tracking state=TRACKING evaluated=789 execution_us=44603 reason=tracking_pose_accepted
x=3.24984 y=3.89996 yaw=-5.05951 score=0.988349 valid=1 mode=tracking state=TRACKING evaluated=789 execution_us=44923 reason=tracking_pose_accepted
x=3.19984 y=3.89996 yaw=-5.0779 score=0.988174 valid=1 mode=tracking state=TRACKING evaluated=789 execution_us=44590 reason=tracking_pose_accepted
x=3.24984 y=3.89996 yaw=-5.06138 score=0.988133 valid=1 mode=tracking state=TRACKING evaluated=789 execution_us=44594 reason=tracking_pose_accepted
x=3.19984 y=3.89996 yaw=-5.07977 score=0.989136 valid=1 mode=tracking state=TRACKING evaluated=789 execution_us=44773 reason=tracking_pose_accepted
x=3.24984 y=3.89996 yaw=-5.06325 score=0.988246 valid=1 mode=tracking state=TRACKING evaluated=789 execution_us=44345 reason=tracking_pose_accepted
x=3.24984 y=3.89996 yaw=-5.06418 score=0.989665 valid=1 mode=tracking state=TRACKING evaluated=789 execution_us=45029 reason=tracking_pose_accepted
x=3.24984 y=3.89996 yaw=-5.06511 score=0.988008 valid=1 mode=tracking state=TRACKING evaluated=789 execution_us=44121 reason=tracking_pose_accepted
x=3.24984 y=3.89996 yaw=-5.06605 score=0.989971 valid=1 mode=tracking state=TRACKING evaluated=789 execution_us=44758 reason=tracking_pose_accepted
x=3.24984 y=3.89996 yaw=-5.06698 score=0.989802 valid=1 mode=tracking state=TRACKING evaluated=789 execution_us=44617 reason=tracking_pose_accepted
x=3.24984 y=3.89996 yaw=-5.06792 score=0.989611 valid=1 mode=tracking state=TRACKING evaluated=789 execution_us=44062 reason=tracking_pose_accepted
x=3.24984 y=3.89996 yaw=-5.06885 score=0.990609 valid=1 mode=tracking state=TRACKING evaluated=789 execution_us=44565 reason=tracking_pose_accepted
x=3.24984 y=3.89996 yaw=-5.06979 score=0.990227 valid=1 mode=tracking state=TRACKING evaluated=789 execution_us=44279 reason=tracking_pose_accepted
x=3.24984 y=3.89996 yaw=-5.07072 score=0.991174 valid=1 mode=tracking state=TRACKING evaluated=789 execution_us=44760 reason=tracking_pose_accepted
x=3.24984 y=3.89996 yaw=-5.07165 score=0.988979 valid=1 mode=tracking state=TRACKING evaluated=789 execution_us=45223 reason=tracking_pose_accepted
x=3.24984 y=3.89996 yaw=-5.07259 score=0.989584 valid=1 mode=tracking state=TRACKING evaluated=789 execution_us=44794 reason=tracking_pose_accepted
x=3.19984 y=3.89996 yaw=-5.07352 score=0.991401 valid=1 mode=tracking state=TRACKING evaluated=789 execution_us=44136 reason=tracking_pose_accepted
x=3.24983 y=3.89996 yaw=-5.07446 score=0.98929 valid=1 mode=tracking state=TRACKING evaluated=789 execution_us=44794 reason=tracking_pose_accepted
x=3.19983 y=3.89996 yaw=-5.07539 score=0.992034 valid=1 mode=tracking state=TRACKING evaluated=789 execution_us=44100 reason=tracking_pose_accepted
x=3.19983 y=3.89996 yaw=-5.07632 score=0.989648 valid=1 mode=tracking state=TRACKING evaluated=789 execution_us=44495 reason=tracking_pose_accepted
x=3.24983 y=3.89996 yaw=-5.05981 score=0.988775 valid=1 mode=tracking state=TRACKING evaluated=789 execution_us=44810 reason=tracking_pose_accepted
x=3.24983 y=3.89996 yaw=-5.06074 score=0.987488 valid=1 mode=tracking state=TRACKING evaluated=789 execution_us=44474 reason=tracking_pose_accepted
x=3.24983 y=3.89996 yaw=-5.06167 score=0.988409 valid=1 mode=tracking state=TRACKING evaluated=789 execution_us=45064 reason=tracking_pose_accepted
x=3.24983 y=3.89996 yaw=-5.06261 score=0.986839 valid=1 mode=tracking state=TRACKING evaluated=789 execution_us=43913 reason=tracking_pose_accepted
x=3.19983 y=3.89996 yaw=-5.081 score=0.989576 valid=1 mode=tracking state=TRACKING evaluated=789 execution_us=44892 reason=tracking_pose_accepted
x=3.24983 y=3.89996 yaw=-5.06448 score=0.98752 valid=1 mode=tracking state=TRACKING evaluated=789 execution_us=44915 reason=tracking_pose_accepted
x=3.24983 y=3.89996 yaw=-5.06541 score=0.989081 valid=1 mode=tracking state=TRACKING evaluated=789 execution_us=44274 reason=tracking_pose_accepted
x=3.24983 y=3.89996 yaw=-5.06634 score=0.98904 valid=1 mode=tracking state=TRACKING evaluated=789 execution_us=44628 reason=tracking_pose_accepted
x=3.24983 y=3.89996 yaw=-5.06728 score=0.989665 valid=1 mode=tracking state=TRACKING evaluated=789 execution_us=44619 reason=tracking_pose_accepted
x=3.24983 y=3.89996 yaw=-5.06821 score=0.990278 valid=1 mode=tracking state=TRACKING evaluated=789 execution_us=44516 reason=tracking_pose_accepted
x=3.24983 y=3.89996 yaw=-5.06915 score=0.987563 valid=1 mode=tracking state=TRACKING evaluated=789 execution_us=43852 reason=tracking_pose_accepted
x=3.24983 y=3.89996 yaw=-5.07008 score=0.990252 valid=1 mode=tracking state=TRACKING evaluated=789 execution_us=44524 reason=tracking_pose_accepted
x=3.24983 y=3.89996 yaw=-5.07101 score=0.989931 valid=1 mode=tracking state=TRACKING evaluated=789 execution_us=44529 reason=tracking_pose_accepted
x=3.24983 y=3.89996 yaw=-5.07195 score=0.988687 valid=1 mode=tracking state=TRACKING evaluated=789 execution_us=44810 reason=tracking_pose_accepted
x=3.24983 y=3.89996 yaw=-5.07288 score=0.990237 valid=1 mode=tracking state=TRACKING evaluated=789 execution_us=45040 reason=tracking_pose_accepted
x=3.19983 y=3.89996 yaw=-5.07382 score=0.988122 valid=1 mode=tracking state=TRACKING evaluated=789 execution_us=44186 reason=tracking_pose_accepted
x=3.19983 y=3.89996 yaw=-5.07475 score=0.989034 valid=1 mode=tracking state=TRACKING evaluated=789 execution_us=44772 reason=tracking_pose_accepted
x=3.19983 y=3.89996 yaw=-5.07569 score=0.988389 valid=1 mode=tracking state=TRACKING evaluated=789 execution_us=44137 reason=tracking_pose_accepted
x=3.19983 y=3.89996 yaw=-5.07662 score=0.9888 valid=1 mode=tracking state=TRACKING evaluated=789 execution_us=44402 reason=tracking_pose_accepted
x=3.24983 y=3.89996 yaw=-5.0601 score=0.988775 valid=1 mode=tracking state=TRACKING evaluated=789 execution_us=44900 reason=tracking_pose_accepted
x=3.24983 y=3.89996 yaw=-5.06103 score=0.986839 valid=1 mode=tracking state=TRACKING evaluated=789 execution_us=44476 reason=tracking_pose_accepted
x=3.24983 y=3.89996 yaw=-5.06197 score=0.986566 valid=1 mode=tracking state=TRACKING evaluated=789 execution_us=44948 reason=tracking_pose_accepted
x=3.24983 y=3.89996 yaw=-5.0629 score=0.989611 valid=1 mode=tracking state=TRACKING evaluated=789 execution_us=44530 reason=tracking_pose_accepted
x=3.19983 y=3.89996 yaw=-5.08129 score=0.990109 valid=1 mode=tracking state=TRACKING evaluated=789 execution_us=50497 reason=tracking_pose_accepted
x=3.24983 y=3.89996 yaw=-5.06477 score=0.989024 valid=1 mode=tracking state=TRACKING evaluated=789 execution_us=45146 reason=tracking_pose_accepted
x=3.24983 y=3.89996 yaw=-5.06571 score=0.989024 valid=1 mode=tracking state=TRACKING evaluated=789 execution_us=44568 reason=tracking_pose_accepted
x=3.24983 y=3.89996 yaw=-5.06664 score=0.989919 valid=1 mode=tracking state=TRACKING evaluated=789 execution_us=44273 reason=tracking_pose_accepted
x=3.24983 y=3.89996 yaw=-5.06757 score=0.988687 valid=1 mode=tracking state=TRACKING evaluated=789 execution_us=44702 reason=tracking_pose_accepted
x=3.24983 y=3.89996 yaw=-5.06851 score=0.989584 valid=1 mode=tracking state=TRACKING evaluated=789 execution_us=44134 reason=tracking_pose_accepted
x=3.19983 y=3.89996 yaw=-5.08689 score=0.98881 valid=1 mode=tracking state=TRACKING evaluated=789 execution_us=44328 reason=tracking_pose_accepted
x=3.19983 y=3.89996 yaw=-5.08783 score=0.988266 valid=1 mode=tracking state=TRACKING evaluated=789 execution_us=44415 reason=tracking_pose_accepted
x=3.19983 y=3.89996 yaw=-5.07131 score=0.988727 valid=1 mode=tracking state=TRACKING evaluated=789 execution_us=44502 reason=tracking_pose_accepted
x=3.19983 y=3.89996 yaw=-5.07224 score=0.988132 valid=1 mode=tracking state=TRACKING evaluated=789 execution_us=44305 reason=tracking_pose_accepted
x=3.24983 y=3.89996 yaw=-5.07318 score=0.99085 valid=1 mode=tracking state=TRACKING evaluated=789 execution_us=44426 reason=tracking_pose_accepted
x=3.19983 y=3.89996 yaw=-5.07411 score=0.988768 valid=1 mode=tracking state=TRACKING evaluated=789 execution_us=44577 reason=tracking_pose_accepted
x=3.24983 y=3.89996 yaw=-5.07505 score=0.988338 valid=1 mode=tracking state=TRACKING evaluated=789 execution_us=44755 reason=tracking_pose_accepted
x=3.19983 y=3.89996 yaw=-5.07598 score=0.990515 valid=1 mode=tracking state=TRACKING evaluated=789 execution_us=45039 reason=tracking_pose_accepted
x=3.24983 y=3.89996 yaw=-5.05946 score=0.98848 valid=1 mode=tracking state=TRACKING evaluated=789 execution_us=44499 reason=tracking_pose_accepted
x=3.24983 y=3.89996 yaw=-5.0604 score=0.988195 valid=1 mode=tracking state=TRACKING evaluated=789 execution_us=46062 reason=tracking_pose_accepted
x=3.24983 y=3.89996 yaw=-5.06133 score=0.987488 valid=1 mode=tracking state=TRACKING evaluated=789 execution_us=44391 reason=tracking_pose_accepted
x=3.19983 y=3.89996 yaw=-5.07972 score=0.988676 valid=1 mode=tracking state=TRACKING evaluated=789 execution_us=44814 reason=tracking_pose_accepted
x=3.19983 y=3.89996 yaw=-5.08065 score=0.989878 valid=1 mode=tracking state=TRACKING evaluated=789 execution_us=44182 reason=tracking_pose_accepted
x=3.24983 y=3.89996 yaw=-5.06413 score=0.988409 valid=1 mode=tracking state=TRACKING evaluated=789 execution_us=44161 reason=tracking_pose_accepted
x=3.24983 y=3.89996 yaw=-5.06507 score=0.987827 valid=1 mode=tracking state=TRACKING evaluated=789 execution_us=44984 reason=tracking_pose_accepted
x=3.24983 y=3.89996 yaw=-5.066 score=0.988995 valid=1 mode=tracking state=TRACKING evaluated=789 execution_us=44182 reason=tracking_pose_accepted
x=3.24983 y=3.89996 yaw=-5.06693 score=0.989024 valid=1 mode=tracking state=TRACKING evaluated=789 execution_us=44343 reason=tracking_pose_accepted
x=3.24983 y=3.89996 yaw=-5.06787 score=0.988225 valid=1 mode=tracking state=TRACKING evaluated=789 execution_us=44986 reason=tracking_pose_accepted
x=3.24983 y=3.89996 yaw=-5.0688 score=0.987652 valid=1 mode=tracking state=TRACKING evaluated=789 execution_us=44194 reason=tracking_pose_accepted
x=3.24983 y=3.89996 yaw=-5.06974 score=0.989331 valid=1 mode=tracking state=TRACKING evaluated=789 execution_us=44415 reason=tracking_pose_accepted
x=3.24983 y=3.89996 yaw=-5.07067 score=0.988909 valid=1 mode=tracking state=TRACKING evaluated=789 execution_us=44130 reason=tracking_pose_accepted
x=3.24983 y=3.89996 yaw=-5.07161 score=0.987959 valid=1 mode=tracking state=TRACKING evaluated=789 execution_us=44282 reason=tracking_pose_accepted
x=3.24983 y=3.89996 yaw=-5.07254 score=0.988676 valid=1 mode=tracking state=TRACKING evaluated=789 execution_us=44838 reason=tracking_pose_accepted
x=3.24983 y=3.89996 yaw=-5.07347 score=0.989359 valid=1 mode=tracking state=TRACKING evaluated=789 execution_us=44330 reason=tracking_pose_accepted
x=3.24983 y=3.89996 yaw=-5.07441 score=0.989262 valid=1 mode=tracking state=TRACKING evaluated=789 execution_us=44311 reason=tracking_pose_accepted
x=3.24983 y=3.89996 yaw=-5.05789 score=0.988775 valid=1 mode=tracking state=TRACKING evaluated=789 execution_us=45140 reason=tracking_pose_accepted
x=3.24983 y=3.89996 yaw=-5.05882 score=0.987422 valid=1 mode=tracking state=TRACKING evaluated=789 execution_us=44275 reason=tracking_pose_accepted
x=3.19983 y=3.89996 yaw=-5.07721 score=0.990699 valid=1 mode=tracking state=TRACKING evaluated=789 execution_us=44544 reason=tracking_pose_accepted
x=3.24983 y=3.89996 yaw=-5.06069 score=0.986531 valid=1 mode=tracking state=TRACKING evaluated=789 execution_us=44653 reason=tracking_pose_accepted
x=3.24983 y=3.89996 yaw=-5.06163 score=0.988717 valid=1 mode=tracking state=TRACKING evaluated=789 execution_us=44251 reason=tracking_pose_accepted
x=3.19983 y=3.89996 yaw=-5.08001 score=0.987805 valid=1 mode=tracking state=TRACKING evaluated=789 execution_us=44904 reason=tracking_pose_accepted
x=3.24983 y=3.89996 yaw=-5.06349 score=0.989052 valid=1 mode=tracking state=TRACKING evaluated=789 execution_us=44676 reason=tracking_pose_accepted
x=3.24983 y=3.89996 yaw=-5.06443 score=0.987113 valid=1 mode=tracking state=TRACKING evaluated=789 execution_us=44249 reason=tracking_pose_accepted
x=3.24983 y=3.89996 yaw=-5.06536 score=0.989638 valid=1 mode=tracking state=TRACKING evaluated=789 execution_us=44459 reason=tracking_pose_accepted
x=3.19983 y=3.89996 yaw=-5.08375 score=0.989481 valid=1 mode=tracking state=TRACKING evaluated=789 execution_us=44707 reason=tracking_pose_accepted
x=3.24983 y=3.89996 yaw=-5.06723 score=0.990252 valid=1 mode=tracking state=TRACKING evaluated=789 execution_us=44845 reason=tracking_pose_accepted
x=3.24983 y=3.89996 yaw=-5.06816 score=0.98904 valid=1 mode=tracking state=TRACKING evaluated=789 execution_us=44938 reason=tracking_pose_accepted
x=3.24983 y=3.89996 yaw=-5.0691 score=0.989068 valid=1 mode=tracking state=TRACKING evaluated=789 execution_us=44872 reason=tracking_pose_accepted
x=3.24983 y=3.89996 yaw=-5.07003 score=0.990328 valid=1 mode=tracking state=TRACKING evaluated=789 execution_us=45202 reason=tracking_pose_accepted
x=3.24983 y=3.89996 yaw=-5.07097 score=0.988297 valid=1 mode=tracking state=TRACKING evaluated=789 execution_us=44581 reason=tracking_pose_accepted
x=3.24983 y=3.89996 yaw=-5.0719 score=0.988995 valid=1 mode=tracking state=TRACKING evaluated=789 execution_us=44278 reason=tracking_pose_accepted
x=3.24983 y=3.89996 yaw=-5.07283 score=0.989081 valid=1 mode=tracking state=TRACKING evaluated=789 execution_us=45151 reason=tracking_pose_accepted
x=3.24983 y=3.89996 yaw=-5.07377 score=0.989068 valid=1 mode=tracking state=TRACKING evaluated=789 execution_us=44579 reason=tracking_pose_accepted
x=3.19983 y=3.89996 yaw=-5.0747 score=0.988461 valid=1 mode=tracking state=TRACKING evaluated=789 execution_us=44338 reason=tracking_pose_accepted
x=3.19983 y=3.89996 yaw=-5.07564 score=0.987498 valid=1 mode=tracking state=TRACKING evaluated=789 execution_us=44540 reason=tracking_pose_accepted
x=3.19983 y=3.89996 yaw=-5.07657 score=0.987805 valid=1 mode=tracking state=TRACKING evaluated=789 execution_us=45402 reason=tracking_pose_accepted
x=3.19983 y=3.89996 yaw=-5.07751 score=0.991156 valid=1 mode=tracking state=TRACKING evaluated=789 execution_us=44537 reason=tracking_pose_accepted
x=3.19983 y=3.89996 yaw=-5.07844 score=0.987633 valid=1 mode=tracking state=TRACKING evaluated=789 execution_us=44586 reason=tracking_pose_accepted
x=3.19983 y=3.89996 yaw=-5.07937 score=0.988909 valid=1 mode=tracking state=TRACKING evaluated=789 execution_us=44784 reason=tracking_pose_accepted
x=3.24983 y=3.89996 yaw=-5.06285 score=0.987731 valid=1 mode=tracking state=TRACKING evaluated=789 execution_us=44399 reason=tracking_pose_accepted
x=3.19983 y=3.89996 yaw=-5.08124 score=0.988909 valid=1 mode=tracking state=TRACKING evaluated=789 execution_us=44448 reason=tracking_pose_accepted
x=3.24983 y=3.89996 yaw=-5.06472 score=0.986839 valid=1 mode=tracking state=TRACKING evaluated=789 execution_us=43933 reason=tracking_pose_accepted
x=3.24983 y=3.89996 yaw=-5.06566 score=0.989971 valid=1 mode=tracking state=TRACKING evaluated=789 execution_us=44904 reason=tracking_pose_accepted
x=3.24983 y=3.89996 yaw=-5.06659 score=0.988318 valid=1 mode=tracking state=TRACKING evaluated=789 execution_us=43778 reason=tracking_pose_accepted
x=3.24983 y=3.89996 yaw=-5.06752 score=0.988717 valid=1 mode=tracking state=TRACKING evaluated=789 execution_us=44335 reason=tracking_pose_accepted
x=3.24983 y=3.89996 yaw=-5.06846 score=0.989331 valid=1 mode=tracking state=TRACKING evaluated=789 execution_us=44738 reason=tracking_pose_accepted
x=3.24983 y=3.89996 yaw=-5.06939 score=0.988266 valid=1 mode=tracking state=TRACKING evaluated=789 execution_us=44493 reason=tracking_pose_accepted
x=3.24983 y=3.89996 yaw=-5.07033 score=0.990201 valid=1 mode=tracking state=TRACKING evaluated=789 execution_us=44663 reason=tracking_pose_accepted
x=3.19983 y=3.89996 yaw=-5.07126 score=0.988622 valid=1 mode=tracking state=TRACKING evaluated=789 execution_us=44484 reason=tracking_pose_accepted
x=3.24983 y=3.89996 yaw=-5.0722 score=0.989024 valid=1 mode=tracking state=TRACKING evaluated=789 execution_us=44395 reason=tracking_pose_accepted
x=3.19983 y=3.89996 yaw=-5.07313 score=0.987773 valid=1 mode=tracking state=TRACKING evaluated=789 execution_us=44480 reason=tracking_pose_accepted
x=3.24983 y=3.89996 yaw=-5.07406 score=0.988687 valid=1 mode=tracking state=TRACKING evaluated=789 execution_us=44292 reason=tracking_pose_accepted
x=3.24983 y=3.89996 yaw=-5.075 score=0.988338 valid=1 mode=tracking state=TRACKING evaluated=789 execution_us=44107 reason=tracking_pose_accepted
x=3.19983 y=3.89996 yaw=-5.07593 score=0.988112 valid=1 mode=tracking state=TRACKING evaluated=789 execution_us=44544 reason=tracking_pose_accepted
x=3.24983 y=3.89996 yaw=-5.05941 score=0.987553 valid=1 mode=tracking state=TRACKING evaluated=789 execution_us=44947 reason=tracking_pose_accepted
x=3.19983 y=3.89996 yaw=-5.0778 score=0.987837 valid=1 mode=tracking state=TRACKING evaluated=789 execution_us=45331 reason=tracking_pose_accepted
x=3.19983 y=3.89996 yaw=-5.07873 score=0.986918 valid=1 mode=tracking state=TRACKING evaluated=789 execution_us=45376 reason=tracking_pose_accepted
x=3.24983 y=3.89996 yaw=-5.06222 score=0.988409 valid=1 mode=tracking state=TRACKING evaluated=789 execution_us=44649 reason=tracking_pose_accepted
x=3.19983 y=3.89996 yaw=-5.0806 score=0.989855 valid=1 mode=tracking state=TRACKING evaluated=789 execution_us=45170 reason=tracking_pose_accepted
x=3.24983 y=3.89996 yaw=-5.06408 score=0.987795 valid=1 mode=tracking state=TRACKING evaluated=789 execution_us=44788 reason=tracking_pose_accepted
x=3.19983 y=3.89996 yaw=-5.08247 score=0.989855 valid=1 mode=tracking state=TRACKING evaluated=789 execution_us=44833 reason=tracking_pose_accepted
x=3.24983 y=3.89996 yaw=-5.06595 score=0.989024 valid=1 mode=tracking state=TRACKING evaluated=789 execution_us=44821 reason=tracking_pose_accepted
x=3.24983 y=3.89996 yaw=-5.06689 score=0.989331 valid=1 mode=tracking state=TRACKING evaluated=789 execution_us=44345 reason=tracking_pose_accepted
x=3.24983 y=3.89996 yaw=-5.06782 score=0.988102 valid=1 mode=tracking state=TRACKING evaluated=789 execution_us=44460 reason=tracking_pose_accepted
x=3.24983 y=3.89996 yaw=-5.06875 score=0.989665 valid=1 mode=tracking state=TRACKING evaluated=789 execution_us=44777 reason=tracking_pose_accepted
x=3.19983 y=3.89996 yaw=-5.08714 score=0.988012 valid=1 mode=tracking state=TRACKING evaluated=789 execution_us=45083 reason=tracking_pose_accepted
x=3.24983 y=3.89996 yaw=-5.07062 score=0.989719 valid=1 mode=tracking state=TRACKING evaluated=789 execution_us=45501 reason=tracking_pose_accepted
x=3.24983 y=3.89996 yaw=-5.07156 score=0.989957 valid=1 mode=tracking state=TRACKING evaluated=789 execution_us=44778 reason=tracking_pose_accepted
x=3.24983 y=3.89996 yaw=-5.07249 score=0.988937 valid=1 mode=tracking state=TRACKING evaluated=789 execution_us=44088 reason=tracking_pose_accepted
x=3.24983 y=3.89996 yaw=-5.07342 score=0.98957 valid=1 mode=tracking state=TRACKING evaluated=789 execution_us=44515 reason=tracking_pose_accepted
x=3.19983 y=3.89996 yaw=-5.07436 score=0.987837 valid=1 mode=tracking state=TRACKING evaluated=789 execution_us=44263 reason=tracking_pose_accepted
x=3.19982 y=3.89996 yaw=-5.07529 score=0.988563 valid=1 mode=tracking state=TRACKING evaluated=789 execution_us=44490 reason=tracking_pose_accepted
x=3.24982 y=3.89996 yaw=-5.05877 score=0.987763 valid=1 mode=tracking state=TRACKING evaluated=789 execution_us=44266 reason=tracking_pose_accepted
x=3.24982 y=3.89996 yaw=-5.05971 score=0.989109 valid=1 mode=tracking state=TRACKING evaluated=789 execution_us=44695 reason=tracking_pose_accepted
x=3.24982 y=3.89996 yaw=-5.06064 score=0.988195 valid=1 mode=tracking state=TRACKING evaluated=789 execution_us=45047 reason=tracking_pose_accepted
x=3.24982 y=3.89996 yaw=-5.06158 score=0.988529 valid=1 mode=tracking state=TRACKING evaluated=789 execution_us=44780 reason=tracking_pose_accepted
x=3.24982 y=3.89996 yaw=-5.06251 score=0.986295 valid=1 mode=tracking state=TRACKING evaluated=789 execution_us=44536 reason=tracking_pose_accepted
x=3.24982 y=3.89996 yaw=-5.06344 score=0.98844 valid=1 mode=tracking state=TRACKING evaluated=789 execution_us=44953 reason=tracking_pose_accepted
x=3.24982 y=3.89996 yaw=-5.06438 score=0.987858 valid=1 mode=tracking state=TRACKING evaluated=789 execution_us=44621 reason=tracking_pose_accepted
x=3.24982 y=3.89996 yaw=-5.06531 score=0.989024 valid=1 mode=tracking state=TRACKING evaluated=789 execution_us=44463 reason=tracking_pose_accepted
x=3.24982 y=3.89996 yaw=-5.06625 score=0.989665 valid=1 mode=tracking state=TRACKING evaluated=789 execution_us=44969 reason=tracking_pose_accepted
x=3.24982 y=3.89996 yaw=-5.06718 score=0.989638 valid=1 mode=tracking state=TRACKING evaluated=789 execution_us=44370 reason=tracking_pose_accepted
x=3.19982 y=3.89996 yaw=-5.08557 score=0.989272 valid=1 mode=tracking state=TRACKING evaluated=789 execution_us=44669 reason=tracking_pose_accepted
x=3.24982 y=3.89996 yaw=-5.06905 score=0.990023 valid=1 mode=tracking state=TRACKING evaluated=789 execution_us=44883 reason=tracking_pose_accepted
x=3.19982 y=3.89996 yaw=-5.08744 score=0.987684 valid=1 mode=tracking state=TRACKING evaluated=789 execution_us=44285 reason=tracking_pose_accepted
x=3.19982 y=3.89996 yaw=-5.07092 score=0.989369 valid=1 mode=tracking state=TRACKING evaluated=789 execution_us=45153 reason=tracking_pose_accepted
x=3.24982 y=3.89996 yaw=-5.07185 score=0.988357 valid=1 mode=tracking state=TRACKING evaluated=789 execution_us=44687 reason=tracking_pose_accepted
x=3.19982 y=3.89996 yaw=-5.07279 score=0.988184 valid=1 mode=tracking state=TRACKING evaluated=789 execution_us=44092 reason=tracking_pose_accepted
x=3.24982 y=3.89996 yaw=-5.07372 score=0.989597 valid=1 mode=tracking state=TRACKING evaluated=789 execution_us=44713 reason=tracking_pose_accepted
x=3.24982 y=3.89996 yaw=-5.0572 score=0.988775 valid=1 mode=tracking state=TRACKING evaluated=789 execution_us=44325 reason=tracking_pose_accepted
x=3.19982 y=3.89996 yaw=-5.07559 score=0.989022 valid=1 mode=tracking state=TRACKING evaluated=789 execution_us=44081 reason=tracking_pose_accepted
x=3.24982 y=3.89996 yaw=-5.05907 score=0.988195 valid=1 mode=tracking state=TRACKING evaluated=789 execution_us=44956 reason=tracking_pose_accepted
x=3.24982 y=3.89996 yaw=-5.06 score=0.988071 valid=1 mode=tracking state=TRACKING evaluated=789 execution_us=44279 reason=tracking_pose_accepted
x=3.19982 y=3.89996 yaw=-5.07839 score=0.989216 valid=1 mode=tracking state=TRACKING evaluated=789 execution_us=44898 reason=tracking_pose_accepted
x=3.24982 y=3.89996 yaw=-5.06187 score=0.986805 valid=1 mode=tracking state=TRACKING evaluated=789 execution_us=44240 reason=tracking_pose_accepted
x=3.24982 y=3.89996 yaw=-5.06281 score=0.98804 valid=1 mode=tracking state=TRACKING evaluated=789 execution_us=44256 reason=tracking_pose_accepted
x=3.24982 y=3.89996 yaw=-5.06374 score=0.98804 valid=1 mode=tracking state=TRACKING evaluated=789 execution_us=44824 reason=tracking_pose_accepted
x=3.24982 y=3.89996 yaw=-5.06467 score=0.989109 valid=1 mode=tracking state=TRACKING evaluated=789 execution_us=44718 reason=tracking_pose_accepted
x=3.24982 y=3.89996 yaw=-5.06561 score=0.987414 valid=1 mode=tracking state=TRACKING evaluated=789 execution_us=44377 reason=tracking_pose_accepted
x=3.24982 y=3.89996 yaw=-5.06654 score=0.989665 valid=1 mode=tracking state=TRACKING evaluated=789 execution_us=44814 reason=tracking_pose_accepted
x=3.24982 y=3.89996 yaw=-5.06748 score=0.988543 valid=1 mode=tracking state=TRACKING evaluated=789 execution_us=44546 reason=tracking_pose_accepted
x=3.24982 y=3.89996 yaw=-5.06841 score=0.988717 valid=1 mode=tracking state=TRACKING evaluated=789 execution_us=45136 reason=tracking_pose_accepted
x=3.24982 y=3.89996 yaw=-5.06934 score=0.989331 valid=1 mode=tracking state=TRACKING evaluated=789 execution_us=44670 reason=tracking_pose_accepted
x=3.19982 y=3.89996 yaw=-5.07028 score=0.990023 valid=1 mode=tracking state=TRACKING evaluated=789 execution_us=44866 reason=tracking_pose_accepted
x=3.24982 y=3.89996 yaw=-5.07121 score=0.989624 valid=1 mode=tracking state=TRACKING evaluated=789 execution_us=45041 reason=tracking_pose_accepted
x=3.19982 y=3.89996 yaw=-5.07215 score=0.9879 valid=1 mode=tracking state=TRACKING evaluated=789 execution_us=44812 reason=tracking_pose_accepted
x=3.24982 y=3.89996 yaw=-5.07308 score=0.989052 valid=1 mode=tracking state=TRACKING evaluated=789 execution_us=44651 reason=tracking_pose_accepted
x=3.24982 y=3.89996 yaw=-5.07402 score=0.989597 valid=1 mode=tracking state=TRACKING evaluated=789 execution_us=44649 reason=tracking_pose_accepted
x=3.24982 y=3.89996 yaw=-5.07495 score=0.988644 valid=1 mode=tracking state=TRACKING evaluated=789 execution_us=44705 reason=tracking_pose_accepted
x=3.19982 y=3.89996 yaw=-5.07588 score=0.988503 valid=1 mode=tracking state=TRACKING evaluated=789 execution_us=44366 reason=tracking_pose_accepted
x=3.24982 y=3.89996 yaw=-5.05936 score=0.988164 valid=1 mode=tracking state=TRACKING evaluated=789 execution_us=44951 reason=tracking_pose_accepted
x=3.19982 y=3.89996 yaw=-5.07775 score=0.992096 valid=1 mode=tracking state=TRACKING evaluated=789 execution_us=44918 reason=tracking_pose_accepted
x=3.24982 y=3.89996 yaw=-5.06123 score=0.988071 valid=1 mode=tracking state=TRACKING evaluated=789 execution_us=44778 reason=tracking_pose_accepted
x=3.24982 y=3.89996 yaw=-5.06217 score=0.98844 valid=1 mode=tracking state=TRACKING evaluated=789 execution_us=44192 reason=tracking_pose_accepted
x=3.24982 y=3.89996 yaw=-5.0631 score=0.988349 valid=1 mode=tracking state=TRACKING evaluated=789 execution_us=44268 reason=tracking_pose_accepted
x=3.24982 y=3.89996 yaw=-5.06404 score=0.989052 valid=1 mode=tracking state=TRACKING evaluated=789 execution_us=44830 reason=tracking_pose_accepted
x=3.24982 y=3.89996 yaw=-5.06497 score=0.988001 valid=1 mode=tracking state=TRACKING evaluated=789 execution_us=44653 reason=tracking_pose_accepted
x=3.24982 y=3.89996 yaw=-5.0659 score=0.990201 valid=1 mode=tracking state=TRACKING evaluated=789 execution_us=44062 reason=tracking_pose_accepted
x=3.24982 y=3.89996 yaw=-5.06684 score=0.990252 valid=1 mode=tracking state=TRACKING evaluated=789 execution_us=44512 reason=tracking_pose_accepted
x=3.24982 y=3.89996 yaw=-5.06777 score=0.992363 valid=1 mode=tracking state=TRACKING evaluated=789 execution_us=44080 reason=tracking_pose_accepted
x=3.19982 y=3.89996 yaw=-5.08616 score=0.99016 valid=1 mode=tracking state=TRACKING evaluated=789 execution_us=45029 reason=tracking_pose_accepted
x=3.24982 y=3.89996 yaw=-5.06964 score=0.990891 valid=1 mode=tracking state=TRACKING evaluated=789 execution_us=44208 reason=tracking_pose_accepted
x=3.24982 y=3.89996 yaw=-5.07057 score=0.989359 valid=1 mode=tracking state=TRACKING evaluated=789 execution_us=44778 reason=tracking_pose_accepted
x=3.24982 y=3.89996 yaw=-5.07151 score=0.990802 valid=1 mode=tracking state=TRACKING evaluated=789 execution_us=44532 reason=tracking_pose_accepted
x=3.24982 y=3.89996 yaw=-5.07244 score=0.98888 valid=1 mode=tracking state=TRACKING evaluated=789 execution_us=44368 reason=tracking_pose_accepted
x=3.19982 y=3.89996 yaw=-5.07338 score=0.988389 valid=1 mode=tracking state=TRACKING evaluated=789 execution_us=44324 reason=tracking_pose_accepted
x=3.24982 y=3.89996 yaw=-5.07431 score=0.990227 valid=1 mode=tracking state=TRACKING evaluated=789 execution_us=44449 reason=tracking_pose_accepted
x=3.24982 y=3.89996 yaw=-5.07524 score=0.990802 valid=1 mode=tracking state=TRACKING evaluated=789 execution_us=44131 reason=tracking_pose_accepted
x=3.19982 y=3.89996 yaw=-5.07618 score=0.987962 valid=1 mode=tracking state=TRACKING evaluated=789 execution_us=45263 reason=tracking_pose_accepted
x=3.19982 y=3.89996 yaw=-5.07711 score=0.988245 valid=1 mode=tracking state=TRACKING evaluated=789 execution_us=44545 reason=tracking_pose_accepted
x=3.24982 y=3.89996 yaw=-5.06059 score=0.987931 valid=1 mode=tracking state=TRACKING evaluated=789 execution_us=44661 reason=tracking_pose_accepted
x=3.24982 y=3.89996 yaw=-5.06153 score=0.989719 valid=1 mode=tracking state=TRACKING evaluated=789 execution_us=45180 reason=tracking_pose_accepted
x=3.24982 y=3.89996 yaw=-5.06246 score=0.988687 valid=1 mode=tracking state=TRACKING evaluated=789 execution_us=44153 reason=tracking_pose_accepted
x=3.24982 y=3.89996 yaw=-5.0634 score=0.990867 valid=1 mode=tracking state=TRACKING evaluated=789 execution_us=44376 reason=tracking_pose_accepted
x=3.24982 y=3.89996 yaw=-5.06433 score=0.989052 valid=1 mode=tracking state=TRACKING evaluated=789 execution_us=44838 reason=tracking_pose_accepted
x=3.24982 y=3.89996 yaw=-5.06526 score=0.989638 valid=1 mode=tracking state=TRACKING evaluated=789 execution_us=44727 reason=tracking_pose_accepted
x=3.24982 y=3.89996 yaw=-5.0662 score=0.990609 valid=1 mode=tracking state=TRACKING evaluated=789 execution_us=44696 reason=tracking_pose_accepted
x=3.24982 y=3.89996 yaw=-5.06713 score=0.991133 valid=1 mode=tracking state=TRACKING evaluated=789 execution_us=44518 reason=tracking_pose_accepted
x=3.24982 y=3.89996 yaw=-5.06807 score=0.989275 valid=1 mode=tracking state=TRACKING evaluated=789 execution_us=44239 reason=tracking_pose_accepted
x=3.24982 y=3.89996 yaw=-5.069 score=0.989781 valid=1 mode=tracking state=TRACKING evaluated=789 execution_us=44891 reason=tracking_pose_accepted
x=3.24982 y=3.89996 yaw=-5.06994 score=0.991767 valid=1 mode=tracking state=TRACKING evaluated=789 execution_us=44284 reason=tracking_pose_accepted
x=3.24982 y=3.89996 yaw=-5.07087 score=0.990466 valid=1 mode=tracking state=TRACKING evaluated=789 execution_us=44759 reason=tracking_pose_accepted
x=3.24982 y=3.89996 yaw=-5.0718 score=0.990416 valid=1 mode=tracking state=TRACKING evaluated=789 execution_us=44531 reason=tracking_pose_accepted
x=3.24982 y=3.89996 yaw=-5.07274 score=0.990729 valid=1 mode=tracking state=TRACKING evaluated=789 execution_us=44401 reason=tracking_pose_accepted
x=3.19982 y=3.89996 yaw=-5.07367 score=0.990723 valid=1 mode=tracking state=TRACKING evaluated=789 execution_us=44603 reason=tracking_pose_accepted
x=3.24982 y=3.89996 yaw=-5.05715 score=0.988746 valid=1 mode=tracking state=TRACKING evaluated=789 execution_us=45119 reason=tracking_pose_accepted
x=3.24982 y=3.89996 yaw=-5.05809 score=0.989638 valid=1 mode=tracking state=TRACKING evaluated=789 execution_us=54696 reason=tracking_pose_accepted
x=3.19982 y=3.89996 yaw=-5.07647 score=0.989465 valid=1 mode=tracking state=TRACKING evaluated=789 execution_us=79830 reason=tracking_pose_accepted
x=3.24982 y=3.89996 yaw=-5.05996 score=0.988775 valid=1 mode=tracking state=TRACKING evaluated=789 execution_us=44713 reason=tracking_pose_accepted
x=3.24982 y=3.89996 yaw=-5.06089 score=0.988112 valid=1 mode=tracking state=TRACKING evaluated=789 execution_us=44141 reason=tracking_pose_accepted
x=3.24982 y=3.89996 yaw=-5.06182 score=0.989638 valid=1 mode=tracking state=TRACKING evaluated=789 execution_us=45002 reason=tracking_pose_accepted
x=3.19982 y=3.89996 yaw=-5.08021 score=0.990966 valid=1 mode=tracking state=TRACKING evaluated=789 execution_us=43880 reason=tracking_pose_accepted
x=3.24982 y=3.89996 yaw=-5.06369 score=0.988379 valid=1 mode=tracking state=TRACKING evaluated=789 execution_us=44298 reason=tracking_pose_accepted
x=3.24982 y=3.89996 yaw=-5.06463 score=0.989919 valid=1 mode=tracking state=TRACKING evaluated=789 execution_us=44341 reason=tracking_pose_accepted
x=3.24982 y=3.89996 yaw=-5.06556 score=0.989892 valid=1 mode=tracking state=TRACKING evaluated=789 execution_us=44031 reason=tracking_pose_accepted
x=3.24982 y=3.89996 yaw=-5.06649 score=0.991745 valid=1 mode=tracking state=TRACKING evaluated=789 execution_us=44236 reason=tracking_pose_accepted
x=3.24982 y=3.89996 yaw=-5.06743 score=0.990819 valid=1 mode=tracking state=TRACKING evaluated=789 execution_us=44999 reason=tracking_pose_accepted
x=3.24982 y=3.89996 yaw=-5.06836 score=0.990867 valid=1 mode=tracking state=TRACKING evaluated=789 execution_us=44944 reason=tracking_pose_accepted
x=3.19982 y=3.89996 yaw=-5.08675 score=0.990731 valid=1 mode=tracking state=TRACKING evaluated=789 execution_us=86393 reason=tracking_pose_accepted
x=3.24982 y=3.89996 yaw=-5.07023 score=0.990391 valid=1 mode=tracking state=TRACKING evaluated=789 execution_us=64854 reason=tracking_pose_accepted
x=3.24982 y=3.89996 yaw=-5.07116 score=0.991503 valid=1 mode=tracking state=TRACKING evaluated=789 execution_us=45447 reason=tracking_pose_accepted
x=3.24982 y=3.89996 yaw=-5.0721 score=0.989284 valid=1 mode=tracking state=TRACKING evaluated=789 execution_us=44866 reason=tracking_pose_accepted
x=3.24982 y=3.89996 yaw=-5.07303 score=0.990432 valid=1 mode=tracking state=TRACKING evaluated=789 execution_us=44092 reason=tracking_pose_accepted
x=3.24982 y=3.89996 yaw=-5.07397 score=0.991133 valid=1 mode=tracking state=TRACKING evaluated=789 execution_us=44317 reason=tracking_pose_accepted
x=3.24982 y=3.89996 yaw=-5.0749 score=0.99051 valid=1 mode=tracking state=TRACKING evaluated=789 execution_us=44590 reason=tracking_pose_accepted
x=3.24982 y=3.89996 yaw=-5.05838 score=0.989971 valid=1 mode=tracking state=TRACKING evaluated=789 execution_us=45645 reason=tracking_pose_accepted
x=3.24982 y=3.89996 yaw=-5.07677 score=0.989542 valid=1 mode=tracking state=TRACKING evaluated=789 execution_us=45311 reason=tracking_pose_accepted
x=3.19982 y=3.89996 yaw=-5.0777 score=0.991054 valid=1 mode=tracking state=TRACKING evaluated=789 execution_us=44445 reason=tracking_pose_accepted
x=3.19982 y=3.89996 yaw=-5.07864 score=0.991292 valid=1 mode=tracking state=TRACKING evaluated=789 execution_us=44006 reason=tracking_pose_accepted
x=3.19982 y=3.89996 yaw=-5.07957 score=0.990441 valid=1 mode=tracking state=TRACKING evaluated=789 execution_us=44851 reason=tracking_pose_accepted
x=3.24982 y=3.89996 yaw=-5.06305 score=0.989247 valid=1 mode=tracking state=TRACKING evaluated=789 execution_us=43874 reason=tracking_pose_accepted
x=3.24982 y=3.89996 yaw=-5.06399 score=0.98844 valid=1 mode=tracking state=TRACKING evaluated=789 execution_us=44466 reason=tracking_pose_accepted
x=3.24982 y=3.89996 yaw=-5.06492 score=0.991151 valid=1 mode=tracking state=TRACKING evaluated=789 execution_us=44343 reason=tracking_pose_accepted
x=3.24982 y=3.89996 yaw=-5.06586 score=0.989892 valid=1 mode=tracking state=TRACKING evaluated=789 execution_us=44022 reason=tracking_pose_accepted
x=3.24982 y=3.89996 yaw=-5.06679 score=0.989945 valid=1 mode=tracking state=TRACKING evaluated=789 execution_us=44995 reason=tracking_pose_accepted
x=3.24982 y=3.89996 yaw=-5.06772 score=0.990278 valid=1 mode=tracking state=TRACKING evaluated=789 execution_us=44844 reason=tracking_pose_accepted
x=3.24982 y=3.89996 yaw=-5.06866 score=0.990891 valid=1 mode=tracking state=TRACKING evaluated=789 execution_us=44677 reason=tracking_pose_accepted
x=3.24982 y=3.89996 yaw=-5.06959 score=0.989855 valid=1 mode=tracking state=TRACKING evaluated=789 execution_us=45206 reason=tracking_pose_accepted
x=3.24982 y=3.89996 yaw=-5.07053 score=0.991767 valid=1 mode=tracking state=TRACKING evaluated=789 execution_us=44240 reason=tracking_pose_accepted
x=3.24982 y=3.89996 yaw=-5.07146 score=0.99085 valid=1 mode=tracking state=TRACKING evaluated=789 execution_us=44612 reason=tracking_pose_accepted
x=3.24982 y=3.89996 yaw=-5.07239 score=0.99122 valid=1 mode=tracking state=TRACKING evaluated=789 execution_us=44922 reason=tracking_pose_accepted
x=3.24982 y=3.89996 yaw=-5.07333 score=0.989522 valid=1 mode=tracking state=TRACKING evaluated=789 execution_us=45585 reason=tracking_pose_accepted
x=3.24982 y=3.89996 yaw=-5.07426 score=0.988909 valid=1 mode=tracking state=TRACKING evaluated=789 execution_us=44580 reason=tracking_pose_accepted
x=3.24982 y=3.89996 yaw=-5.0752 score=0.989576 valid=1 mode=tracking state=TRACKING evaluated=789 execution_us=45010 reason=tracking_pose_accepted
x=3.19982 y=3.89996 yaw=-5.07613 score=0.989955 valid=1 mode=tracking state=TRACKING evaluated=789 execution_us=44634 reason=tracking_pose_accepted
x=3.19982 y=3.89996 yaw=-5.07706 score=0.988727 valid=1 mode=tracking state=TRACKING evaluated=789 execution_us=45373 reason=tracking_pose_accepted
x=3.24982 y=3.89996 yaw=-5.06055 score=0.988816 valid=1 mode=tracking state=TRACKING evaluated=789 execution_us=44785 reason=tracking_pose_accepted
x=3.24982 y=3.89996 yaw=-5.06148 score=0.990252 valid=1 mode=tracking state=TRACKING evaluated=789 execution_us=44585 reason=tracking_pose_accepted
x=3.24982 y=3.89996 yaw=-5.06241 score=0.989303 valid=1 mode=tracking state=TRACKING evaluated=789 execution_us=44399 reason=tracking_pose_accepted
x=3.24982 y=3.89996 yaw=-5.06335 score=0.98844 valid=1 mode=tracking state=TRACKING evaluated=789 execution_us=44790 reason=tracking_pose_accepted
x=3.24982 y=3.89996 yaw=-5.06428 score=0.990114 valid=1 mode=tracking state=TRACKING evaluated=789 execution_us=44639 reason=tracking_pose_accepted
x=3.24982 y=3.89996 yaw=-5.06522 score=0.990819 valid=1 mode=tracking state=TRACKING evaluated=789 execution_us=44372 reason=tracking_pose_accepted
x=3.24982 y=3.89996 yaw=-5.06615 score=0.988918 valid=1 mode=tracking state=TRACKING evaluated=789 execution_us=44631 reason=tracking_pose_accepted
x=3.24982 y=3.89996 yaw=-5.06708 score=0.992671 valid=1 mode=tracking state=TRACKING evaluated=789 execution_us=44563 reason=tracking_pose_accepted
x=3.24982 y=3.89996 yaw=-5.06802 score=0.988307 valid=1 mode=tracking state=TRACKING evaluated=789 execution_us=44037 reason=tracking_pose_accepted
x=3.24982 y=3.89996 yaw=-5.06895 score=0.991151 valid=1 mode=tracking state=TRACKING evaluated=789 execution_us=44231 reason=tracking_pose_accepted
x=3.24982 y=3.89996 yaw=-5.06989 score=0.991503 valid=1 mode=tracking state=TRACKING evaluated=789 execution_us=44799 reason=tracking_pose_accepted
x=3.24982 y=3.89996 yaw=-5.07082 score=0.989303 valid=1 mode=tracking state=TRACKING evaluated=789 execution_us=44326 reason=tracking_pose_accepted
x=3.24982 y=3.89996 yaw=-5.07175 score=0.991174 valid=1 mode=tracking state=TRACKING evaluated=789 execution_us=44522 reason=tracking_pose_accepted
x=3.24982 y=3.89996 yaw=-5.07269 score=0.99144 valid=1 mode=tracking state=TRACKING evaluated=789 execution_us=44515 reason=tracking_pose_accepted
x=3.24982 y=3.89996 yaw=-5.07362 score=0.990186 valid=1 mode=tracking state=TRACKING evaluated=789 execution_us=44241 reason=tracking_pose_accepted
x=3.24982 y=3.89996 yaw=-5.0571 score=0.988746 valid=1 mode=tracking state=TRACKING evaluated=789 execution_us=44449 reason=tracking_pose_accepted
x=3.24982 y=3.89996 yaw=-5.07549 score=0.990543 valid=1 mode=tracking state=TRACKING evaluated=789 execution_us=44494 reason=tracking_pose_accepted
x=3.19982 y=3.89996 yaw=-5.07643 score=0.992136 valid=1 mode=tracking state=TRACKING evaluated=789 execution_us=44589 reason=tracking_pose_accepted
x=3.19982 y=3.89996 yaw=-5.07736 score=0.988976 valid=1 mode=tracking state=TRACKING evaluated=789 execution_us=44460 reason=tracking_pose_accepted
x=3.24982 y=3.89996 yaw=-5.06084 score=0.988379 valid=1 mode=tracking state=TRACKING evaluated=789 execution_us=44281 reason=tracking_pose_accepted
x=3.19982 y=3.89996 yaw=-5.07923 score=0.991405 valid=1 mode=tracking state=TRACKING evaluated=789 execution_us=45620 reason=tracking_pose_accepted
x=3.24982 y=3.89996 yaw=-5.06271 score=0.98797 valid=1 mode=tracking state=TRACKING evaluated=789 execution_us=82608 reason=tracking_pose_accepted
x=3.24981 y=3.89996 yaw=-5.06364 score=0.99051 valid=1 mode=tracking state=TRACKING evaluated=789 execution_us=45770 reason=tracking_pose_accepted
x=3.24981 y=3.89996 yaw=-5.06458 score=0.988553 valid=1 mode=tracking state=TRACKING evaluated=789 execution_us=44405 reason=tracking_pose_accepted
x=3.24981 y=3.89996 yaw=-5.06551 score=0.989971 valid=1 mode=tracking state=TRACKING evaluated=789 execution_us=44742 reason=tracking_pose_accepted
x=3.24981 y=3.89996 yaw=-5.06645 score=0.989971 valid=1 mode=tracking state=TRACKING evaluated=789 execution_us=44517 reason=tracking_pose_accepted
x=3.24981 y=3.89996 yaw=-5.06738 score=0.989919 valid=1 mode=tracking state=TRACKING evaluated=789 execution_us=44658 reason=tracking_pose_accepted
x=3.19982 y=3.89996 yaw=-5.08577 score=0.9904 valid=1 mode=tracking state=TRACKING evaluated=789 execution_us=44187 reason=tracking_pose_accepted
x=3.24981 y=3.89996 yaw=-5.06925 score=0.990201 valid=1 mode=tracking state=TRACKING evaluated=789 execution_us=44159 reason=tracking_pose_accepted
x=3.24981 y=3.89996 yaw=-5.07018 score=0.988909 valid=1 mode=tracking state=TRACKING evaluated=789 execution_us=44495 reason=tracking_pose_accepted
x=3.24981 y=3.89996 yaw=-5.07112 score=0.989919 valid=1 mode=tracking state=TRACKING evaluated=789 execution_us=44398 reason=tracking_pose_accepted
x=3.24981 y=3.89996 yaw=-5.07205 score=0.989638 valid=1 mode=tracking state=TRACKING evaluated=789 execution_us=44714 reason=tracking_pose_accepted
x=3.19981 y=3.89996 yaw=-5.07298 score=0.989132 valid=1 mode=tracking state=TRACKING evaluated=789 execution_us=47535 reason=tracking_pose_accepted
x=3.24981 y=3.89996 yaw=-5.07392 score=0.990494 valid=1 mode=tracking state=TRACKING evaluated=789 execution_us=44343 reason=tracking_pose_accepted
x=3.19981 y=3.89996 yaw=-5.07485 score=0.989149 valid=1 mode=tracking state=TRACKING evaluated=789 execution_us=44817 reason=tracking_pose_accepted
x=3.24981 y=3.89996 yaw=-5.05833 score=0.988256 valid=1 mode=tracking state=TRACKING evaluated=789 execution_us=45068 reason=tracking_pose_accepted
x=3.24981 y=3.89996 yaw=-5.07672 score=0.988954 valid=1 mode=tracking state=TRACKING evaluated=789 execution_us=44346 reason=tracking_pose_accepted
x=3.19981 y=3.89996 yaw=-5.07765 score=0.988727 valid=1 mode=tracking state=TRACKING evaluated=789 execution_us=44896 reason=tracking_pose_accepted
x=3.24981 y=3.89996 yaw=-5.06114 score=0.988717 valid=1 mode=tracking state=TRACKING evaluated=789 execution_us=44392 reason=tracking_pose_accepted
x=3.24981 y=3.89996 yaw=-5.06207 score=0.986642 valid=1 mode=tracking state=TRACKING evaluated=789 execution_us=44649 reason=tracking_pose_accepted
x=3.24981 y=3.89996 yaw=-5.063 score=0.989665 valid=1 mode=tracking state=TRACKING evaluated=789 execution_us=44698 reason=tracking_pose_accepted
x=3.24981 y=3.89996 yaw=-5.06394 score=0.988379 valid=1 mode=tracking state=TRACKING evaluated=789 execution_us=44484 reason=tracking_pose_accepted
x=3.19981 y=3.89996 yaw=-5.08233 score=0.99016 valid=1 mode=tracking state=TRACKING evaluated=789 execution_us=44691 reason=tracking_pose_accepted
x=3.24981 y=3.89996 yaw=-5.06581 score=0.990227 valid=1 mode=tracking state=TRACKING evaluated=789 execution_us=44387 reason=tracking_pose_accepted
x=3.24981 y=3.89996 yaw=-5.06674 score=0.988925 valid=1 mode=tracking state=TRACKING evaluated=789 execution_us=44419 reason=tracking_pose_accepted
x=3.24981 y=3.89996 yaw=-5.06767 score=0.991197 valid=1 mode=tracking state=TRACKING evaluated=789 execution_us=45095 reason=tracking_pose_accepted
x=3.24981 y=3.89996 yaw=-5.06861 score=0.99056 valid=1 mode=tracking state=TRACKING evaluated=789 execution_us=44082 reason=tracking_pose_accepted
x=3.24981 y=3.89996 yaw=-5.06954 score=0.989495 valid=1 mode=tracking state=TRACKING evaluated=789 execution_us=45660 reason=tracking_pose_accepted
x=3.24981 y=3.89996 yaw=-5.07048 score=0.990795 valid=1 mode=tracking state=TRACKING evaluated=789 execution_us=44213 reason=tracking_pose_accepted
x=3.24981 y=3.89996 yaw=-5.07141 score=0.989719 valid=1 mode=tracking state=TRACKING evaluated=789 execution_us=44976 reason=tracking_pose_accepted
x=3.19981 y=3.89996 yaw=-5.07235 score=0.991731 valid=1 mode=tracking state=TRACKING evaluated=789 execution_us=45231 reason=tracking_pose_accepted
x=3.24981 y=3.89996 yaw=-5.07328 score=0.989495 valid=1 mode=tracking state=TRACKING evaluated=789 execution_us=44513 reason=tracking_pose_accepted
x=3.24981 y=3.89996 yaw=-5.07421 score=0.989665 valid=1 mode=tracking state=TRACKING evaluated=789 execution_us=44519 reason=tracking_pose_accepted
x=3.19981 y=3.89996 yaw=-5.07515 score=0.989526 valid=1 mode=tracking state=TRACKING evaluated=789 execution_us=45156 reason=tracking_pose_accepted
x=3.19981 y=3.89996 yaw=-5.07608 score=0.988785 valid=1 mode=tracking state=TRACKING evaluated=789 execution_us=44656 reason=tracking_pose_accepted
x=3.19981 y=3.89996 yaw=-5.07702 score=0.989193 valid=1 mode=tracking state=TRACKING evaluated=789 execution_us=44648 reason=tracking_pose_accepted
x=3.24981 y=3.89996 yaw=-5.0605 score=0.989331 valid=1 mode=tracking state=TRACKING evaluated=789 execution_us=44807 reason=tracking_pose_accepted
x=3.19981 y=3.89996 yaw=-5.07888 score=0.989034 valid=1 mode=tracking state=TRACKING evaluated=789 execution_us=44131 reason=tracking_pose_accepted
x=3.24981 y=3.89996 yaw=-5.06237 score=0.988995 valid=1 mode=tracking state=TRACKING evaluated=789 execution_us=44309 reason=tracking_pose_accepted
x=3.19981 y=3.89996 yaw=-5.08075 score=0.9904 valid=1 mode=tracking state=TRACKING evaluated=789 execution_us=44582 reason=tracking_pose_accepted
x=3.24981 y=3.89996 yaw=-5.06423 score=0.988164 valid=1 mode=tracking state=TRACKING evaluated=789 execution_us=44751 reason=tracking_pose_accepted
x=3.24981 y=3.89996 yaw=-5.06517 score=0.990819 valid=1 mode=tracking state=TRACKING evaluated=789 execution_us=44532 reason=tracking_pose_accepted
x=3.24981 y=3.89996 yaw=-5.0661 score=0.990584 valid=1 mode=tracking state=TRACKING evaluated=789 execution_us=44527 reason=tracking_pose_accepted
x=3.24981 y=3.89996 yaw=-5.06704 score=0.990795 valid=1 mode=tracking state=TRACKING evaluated=789 execution_us=43985 reason=tracking_pose_accepted
x=3.24981 y=3.89996 yaw=-5.06797 score=0.990278 valid=1 mode=tracking state=TRACKING evaluated=789 execution_us=44991 reason=tracking_pose_accepted
x=3.24981 y=3.89996 yaw=-5.0689 score=0.990201 valid=1 mode=tracking state=TRACKING evaluated=789 execution_us=43925 reason=tracking_pose_accepted
x=3.24981 y=3.89996 yaw=-5.06984 score=0.987587 valid=1 mode=tracking state=TRACKING evaluated=789 execution_us=44215 reason=tracking_pose_accepted
x=3.24981 y=3.89996 yaw=-5.07077 score=0.991174 valid=1 mode=tracking state=TRACKING evaluated=789 execution_us=44679 reason=tracking_pose_accepted
x=3.24981 y=3.89996 yaw=-5.07171 score=0.988909 valid=1 mode=tracking state=TRACKING evaluated=789 execution_us=44619 reason=tracking_pose_accepted
x=3.24981 y=3.89996 yaw=-5.07264 score=0.991156 valid=1 mode=tracking state=TRACKING evaluated=789 execution_us=44607 reason=tracking_pose_accepted
x=3.24981 y=3.89996 yaw=-5.07357 score=0.990843 valid=1 mode=tracking state=TRACKING evaluated=789 execution_us=44864 reason=tracking_pose_accepted
x=3.19981 y=3.89996 yaw=-5.07451 score=0.98851 valid=1 mode=tracking state=TRACKING evaluated=789 execution_us=45722 reason=tracking_pose_accepted
x=3.24981 y=3.89996 yaw=-5.05799 score=0.989052 valid=1 mode=tracking state=TRACKING evaluated=789 execution_us=45242 reason=tracking_pose_accepted
x=3.24981 y=3.89996 yaw=-5.05892 score=0.989052 valid=1 mode=tracking state=TRACKING evaluated=789 execution_us=44677 reason=tracking_pose_accepted
x=3.24981 y=3.89996 yaw=-5.05986 score=0.987804 valid=1 mode=tracking state=TRACKING evaluated=789 execution_us=44209 reason=tracking_pose_accepted
x=3.24981 y=3.89996 yaw=-5.06079 score=0.989386 valid=1 mode=tracking state=TRACKING evaluated=789 execution_us=45124 reason=tracking_pose_accepted
x=3.24981 y=3.89996 yaw=-5.06173 score=0.989036 valid=1 mode=tracking state=TRACKING evaluated=789 execution_us=44326 reason=tracking_pose_accepted
x=3.24981 y=3.89996 yaw=-5.06266 score=0.989024 valid=1 mode=tracking state=TRACKING evaluated=789 execution_us=44549 reason=tracking_pose_accepted
x=3.24981 y=3.89996 yaw=-5.06359 score=0.989584 valid=1 mode=tracking state=TRACKING evaluated=789 execution_us=44354 reason=tracking_pose_accepted
x=3.24981 y=3.89996 yaw=-5.06453 score=0.990252 valid=1 mode=tracking state=TRACKING evaluated=789 execution_us=44556 reason=tracking_pose_accepted
x=3.24981 y=3.89996 yaw=-5.06546 score=0.990227 valid=1 mode=tracking state=TRACKING evaluated=789 execution_us=44798 reason=tracking_pose_accepted
x=3.24981 y=3.89996 yaw=-5.0664 score=0.989262 valid=1 mode=tracking state=TRACKING evaluated=789 execution_us=44137 reason=tracking_pose_accepted
x=3.24981 y=3.89996 yaw=-5.06733 score=0.99051 valid=1 mode=tracking state=TRACKING evaluated=789 execution_us=44362 reason=tracking_pose_accepted
x=3.24981 y=3.89996 yaw=-5.06826 score=0.989303 valid=1 mode=tracking state=TRACKING evaluated=789 execution_us=45041 reason=tracking_pose_accepted
x=3.19981 y=3.89996 yaw=-5.08665 score=0.990068 valid=1 mode=tracking state=TRACKING evaluated=789 execution_us=44388 reason=tracking_pose_accepted
x=3.24981 y=3.89996 yaw=-5.07013 score=0.990826 valid=1 mode=tracking state=TRACKING evaluated=789 execution_us=44565 reason=tracking_pose_accepted
x=3.24981 y=3.89996 yaw=-5.07107 score=0.990826 valid=1 mode=tracking state=TRACKING evaluated=789 execution_us=44604 reason=tracking_pose_accepted
x=3.24981 y=3.89996 yaw=-5.072 score=0.98957 valid=1 mode=tracking state=TRACKING evaluated=789 execution_us=44174 reason=tracking_pose_accepted
x=3.24981 y=3.89996 yaw=-5.07294 score=0.989638 valid=1 mode=tracking state=TRACKING evaluated=789 execution_us=44327 reason=tracking_pose_accepted
x=3.24981 y=3.89996 yaw=-5.07387 score=0.989828 valid=1 mode=tracking state=TRACKING evaluated=789 execution_us=44338 reason=tracking_pose_accepted
x=3.24981 y=3.89996 yaw=-5.0748 score=0.989542 valid=1 mode=tracking state=TRACKING evaluated=789 execution_us=44121 reason=tracking_pose_accepted
x=3.24981 y=3.89996 yaw=-5.07574 score=0.989611 valid=1 mode=tracking state=TRACKING evaluated=789 execution_us=44649 reason=tracking_pose_accepted
x=3.19981 y=3.89996 yaw=-5.07667 score=0.988491 valid=1 mode=tracking state=TRACKING evaluated=789 execution_us=44305 reason=tracking_pose_accepted
x=3.24981 y=3.89996 yaw=-5.06015 score=0.988276 valid=1 mode=tracking state=TRACKING evaluated=789 execution_us=44501 reason=tracking_pose_accepted
x=3.19981 y=3.89996 yaw=-5.07854 score=0.988112 valid=1 mode=tracking state=TRACKING evaluated=789 execution_us=44530 reason=tracking_pose_accepted
x=3.19981 y=3.89996 yaw=-5.07947 score=0.988697 valid=1 mode=tracking state=TRACKING evaluated=789 execution_us=44196 reason=tracking_pose_accepted
x=3.24981 y=3.89996 yaw=-5.06296 score=0.989611 valid=1 mode=tracking state=TRACKING evaluated=789 execution_us=44367 reason=tracking_pose_accepted
x=3.24981 y=3.89996 yaw=-5.06389 score=0.98847 valid=1 mode=tracking state=TRACKING evaluated=789 execution_us=44848 reason=tracking_pose_accepted
x=3.24981 y=3.89996 yaw=-5.06482 score=0.989919 valid=1 mode=tracking state=TRACKING evaluated=789 execution_us=44181 reason=tracking_pose_accepted
x=3.24981 y=3.89996 yaw=-5.06576 score=0.98714 valid=1 mode=tracking state=TRACKING evaluated=789 execution_us=45820 reason=tracking_pose_accepted
x=3.24981 y=3.89996 yaw=-5.06669 score=0.99056 valid=1 mode=tracking state=TRACKING evaluated=789 execution_us=44425 reason=tracking_pose_accepted
x=3.24981 y=3.89996 yaw=-5.06763 score=0.989584 valid=1 mode=tracking state=TRACKING evaluated=789 execution_us=43822 reason=tracking_pose_accepted
x=3.24981 y=3.89996 yaw=-5.06856 score=0.990891 valid=1 mode=tracking state=TRACKING evaluated=789 execution_us=44523 reason=tracking_pose_accepted
x=3.24981 y=3.89996 yaw=-5.06949 score=0.991459 valid=1 mode=tracking state=TRACKING evaluated=789 execution_us=44179 reason=tracking_pose_accepted
x=3.19981 y=3.89996 yaw=-5.08788 score=0.989509 valid=1 mode=tracking state=TRACKING evaluated=789 execution_us=44720 reason=tracking_pose_accepted
x=3.24981 y=3.89996 yaw=-5.07136 score=0.988995 valid=1 mode=tracking state=TRACKING evaluated=789 execution_us=45121 reason=tracking_pose_accepted
x=3.19981 y=3.89996 yaw=-5.0723 score=0.989087 valid=1 mode=tracking state=TRACKING evaluated=789 execution_us=44207 reason=tracking_pose_accepted
x=3.24981 y=3.89996 yaw=-5.07323 score=0.990201 valid=1 mode=tracking state=TRACKING evaluated=789 execution_us=44342 reason=tracking_pose_accepted
x=3.24981 y=3.89996 yaw=-5.07416 score=0.990083 valid=1 mode=tracking state=TRACKING evaluated=789 execution_us=44122 reason=tracking_pose_accepted
x=3.24981 y=3.89996 yaw=-5.0751 score=0.989262 valid=1 mode=tracking state=TRACKING evaluated=789 execution_us=44462 reason=tracking_pose_accepted
x=3.24981 y=3.89996 yaw=-5.05858 score=0.988746 valid=1 mode=tracking state=TRACKING evaluated=789 execution_us=44993 reason=tracking_pose_accepted
x=3.19981 y=3.89996 yaw=-5.07697 score=0.988771 valid=1 mode=tracking state=TRACKING evaluated=789 execution_us=44429 reason=tracking_pose_accepted
x=3.24981 y=3.89996 yaw=-5.06045 score=0.989331 valid=1 mode=tracking state=TRACKING evaluated=789 execution_us=44511 reason=tracking_pose_accepted
x=3.19981 y=3.89996 yaw=-5.07884 score=0.988976 valid=1 mode=tracking state=TRACKING evaluated=789 execution_us=44680 reason=tracking_pose_accepted
x=3.24981 y=3.89996 yaw=-5.06232 score=0.988582 valid=1 mode=tracking state=TRACKING evaluated=789 execution_us=44677 reason=tracking_pose_accepted
x=3.24981 y=3.89996 yaw=-5.06325 score=0.990535 valid=1 mode=tracking state=TRACKING evaluated=789 execution_us=44445 reason=tracking_pose_accepted
x=3.24981 y=3.89996 yaw=-5.06418 score=0.990278 valid=1 mode=tracking state=TRACKING evaluated=789 execution_us=44732 reason=tracking_pose_accepted
x=3.24981 y=3.89996 yaw=-5.06512 score=0.989692 valid=1 mode=tracking state=TRACKING evaluated=789 execution_us=44742 reason=tracking_pose_accepted
x=3.19981 y=3.89996 yaw=-5.08351 score=0.990699 valid=1 mode=tracking state=TRACKING evaluated=789 execution_us=44896 reason=tracking_pose_accepted
x=3.24981 y=3.89996 yaw=-5.06699 score=0.992095 valid=1 mode=tracking state=TRACKING evaluated=789 execution_us=44492 reason=tracking_pose_accepted
x=3.24981 y=3.89996 yaw=-5.06792 score=0.988863 valid=1 mode=tracking state=TRACKING evaluated=789 execution_us=45219 reason=tracking_pose_accepted
x=3.24981 y=3.89996 yaw=-5.06886 score=0.990109 valid=1 mode=tracking state=TRACKING evaluated=789 execution_us=44605 reason=tracking_pose_accepted
x=3.24981 y=3.89996 yaw=-5.06979 score=0.988909 valid=1 mode=tracking state=TRACKING evaluated=789 execution_us=44738 reason=tracking_pose_accepted
x=3.24981 y=3.89996 yaw=-5.07072 score=0.989866 valid=1 mode=tracking state=TRACKING evaluated=789 execution_us=44169 reason=tracking_pose_accepted
x=3.24981 y=3.89996 yaw=-5.07166 score=0.990416 valid=1 mode=tracking state=TRACKING evaluated=789 execution_us=44627 reason=tracking_pose_accepted
x=3.24981 y=3.89996 yaw=-5.07259 score=0.989945 valid=1 mode=tracking state=TRACKING evaluated=789 execution_us=44780 reason=tracking_pose_accepted
x=3.24981 y=3.89996 yaw=-5.07353 score=0.990328 valid=1 mode=tracking state=TRACKING evaluated=789 execution_us=45137 reason=tracking_pose_accepted
x=3.24981 y=3.89996 yaw=-5.07446 score=0.990543 valid=1 mode=tracking state=TRACKING evaluated=789 execution_us=44436 reason=tracking_pose_accepted
x=3.24981 y=3.89996 yaw=-5.05794 score=0.989866 valid=1 mode=tracking state=TRACKING evaluated=789 execution_us=43968 reason=tracking_pose_accepted
x=3.24981 y=3.89996 yaw=-5.07633 score=0.988734 valid=1 mode=tracking state=TRACKING evaluated=789 execution_us=45010 reason=tracking_pose_accepted
x=3.19981 y=3.89996 yaw=-5.07726 score=0.989062 valid=1 mode=tracking state=TRACKING evaluated=789 execution_us=44342 reason=tracking_pose_accepted
x=3.24981 y=3.89996 yaw=-5.06074 score=0.989611 valid=1 mode=tracking state=TRACKING evaluated=789 execution_us=44211 reason=tracking_pose_accepted
x=3.24981 y=3.89996 yaw=-5.06168 score=0.989137 valid=1 mode=tracking state=TRACKING evaluated=789 execution_us=45035 reason=tracking_pose_accepted
x=3.24981 y=3.89996 yaw=-5.06261 score=0.989638 valid=1 mode=tracking state=TRACKING evaluated=789 execution_us=44425 reason=tracking_pose_accepted
x=3.24981 y=3.89996 yaw=-5.06355 score=0.987945 valid=1 mode=tracking state=TRACKING evaluated=789 execution_us=43682 reason=tracking_pose_accepted
x=3.24981 y=3.89996 yaw=-5.06448 score=0.990278 valid=1 mode=tracking state=TRACKING evaluated=789 execution_us=44292 reason=tracking_pose_accepted
x=3.24981 y=3.89996 yaw=-5.06541 score=0.990584 valid=1 mode=tracking state=TRACKING evaluated=789 execution_us=44366 reason=tracking_pose_accepted
x=3.24981 y=3.89996 yaw=-5.06635 score=0.989052 valid=1 mode=tracking state=TRACKING evaluated=789 execution_us=44857 reason=tracking_pose_accepted
x=3.24981 y=3.89996 yaw=-5.06728 score=0.990584 valid=1 mode=tracking state=TRACKING evaluated=789 execution_us=44152 reason=tracking_pose_accepted
x=3.24981 y=3.89996 yaw=-5.06822 score=0.990609 valid=1 mode=tracking state=TRACKING evaluated=789 execution_us=44540 reason=tracking_pose_accepted
x=3.24981 y=3.89996 yaw=-5.06915 score=0.99056 valid=1 mode=tracking state=TRACKING evaluated=789 execution_us=44637 reason=tracking_pose_accepted
x=3.24981 y=3.89996 yaw=-5.07008 score=0.988573 valid=1 mode=tracking state=TRACKING evaluated=789 execution_us=44269 reason=tracking_pose_accepted
x=3.24981 y=3.89996 yaw=-5.07102 score=0.99122 valid=1 mode=tracking state=TRACKING evaluated=789 execution_us=44636 reason=tracking_pose_accepted
x=3.24981 y=3.89996 yaw=-5.07195 score=0.990568 valid=1 mode=tracking state=TRACKING evaluated=789 execution_us=44770 reason=tracking_pose_accepted
x=3.24981 y=3.89996 yaw=-5.07289 score=0.991418 valid=1 mode=tracking state=TRACKING evaluated=789 execution_us=44597 reason=tracking_pose_accepted
x=3.24981 y=3.89996 yaw=-5.07382 score=0.989275 valid=1 mode=tracking state=TRACKING evaluated=789 execution_us=44497 reason=tracking_pose_accepted
x=3.24981 y=3.89996 yaw=-5.07476 score=0.990075 valid=1 mode=tracking state=TRACKING evaluated=789 execution_us=44958 reason=tracking_pose_accepted
x=3.24981 y=3.89996 yaw=-5.07569 score=0.989481 valid=1 mode=tracking state=TRACKING evaluated=789 execution_us=44108 reason=tracking_pose_accepted
x=3.19981 y=3.89996 yaw=-5.07662 score=0.989341 valid=1 mode=tracking state=TRACKING evaluated=789 execution_us=44704 reason=tracking_pose_accepted
x=3.24981 y=3.89996 yaw=-5.0601 score=0.989919 valid=1 mode=tracking state=TRACKING evaluated=789 execution_us=44252 reason=tracking_pose_accepted
x=3.19981 y=3.89996 yaw=-5.07849 score=0.988756 valid=1 mode=tracking state=TRACKING evaluated=789 execution_us=44603 reason=tracking_pose_accepted
x=3.24981 y=3.89996 yaw=-5.06197 score=0.989024 valid=1 mode=tracking state=TRACKING evaluated=789 execution_us=44788 reason=tracking_pose_accepted
x=3.2498 y=3.89996 yaw=-5.06291 score=0.987561 valid=1 mode=tracking state=TRACKING evaluated=789 execution_us=44754 reason=tracking_pose_accepted
x=3.2498 y=3.89996 yaw=-5.06384 score=0.989772 valid=1 mode=tracking state=TRACKING evaluated=789 execution_us=45565 reason=tracking_pose_accepted
x=3.2498 y=3.89996 yaw=-5.06477 score=0.990252 valid=1 mode=tracking state=TRACKING evaluated=789 execution_us=44576 reason=tracking_pose_accepted
x=3.2498 y=3.89996 yaw=-5.06571 score=0.989386 valid=1 mode=tracking state=TRACKING evaluated=789 execution_us=44631 reason=tracking_pose_accepted
x=3.2498 y=3.89996 yaw=-5.06664 score=0.991831 valid=1 mode=tracking state=TRACKING evaluated=789 execution_us=45110 reason=tracking_pose_accepted
x=3.2498 y=3.89996 yaw=-5.06758 score=0.990914 valid=1 mode=tracking state=TRACKING evaluated=789 execution_us=44554 reason=tracking_pose_accepted
x=3.2498 y=3.89996 yaw=-5.06851 score=0.989576 valid=1 mode=tracking state=TRACKING evaluated=789 execution_us=44816 reason=tracking_pose_accepted
x=3.2498 y=3.89996 yaw=-5.06945 score=0.990252 valid=1 mode=tracking state=TRACKING evaluated=789 execution_us=44614 reason=tracking_pose_accepted
x=3.2498 y=3.89996 yaw=-5.07038 score=0.989665 valid=1 mode=tracking state=TRACKING evaluated=789 execution_us=44644 reason=tracking_pose_accepted
x=3.2498 y=3.89996 yaw=-5.07131 score=0.991726 valid=1 mode=tracking state=TRACKING evaluated=789 execution_us=44461 reason=tracking_pose_accepted
x=3.2498 y=3.89996 yaw=-5.07225 score=0.990227 valid=1 mode=tracking state=TRACKING evaluated=789 execution_us=44483 reason=tracking_pose_accepted
x=3.2498 y=3.89996 yaw=-5.07318 score=0.989522 valid=1 mode=tracking state=TRACKING evaluated=789 execution_us=44703 reason=tracking_pose_accepted
x=3.2498 y=3.89996 yaw=-5.07412 score=0.990891 valid=1 mode=tracking state=TRACKING evaluated=789 execution_us=45039 reason=tracking_pose_accepted
x=3.2498 y=3.89996 yaw=-5.07505 score=0.990592 valid=1 mode=tracking state=TRACKING evaluated=789 execution_us=44720 reason=tracking_pose_accepted
x=3.2498 y=3.89996 yaw=-5.05853 score=0.989665 valid=1 mode=tracking state=TRACKING evaluated=789 execution_us=44489 reason=tracking_pose_accepted
x=3.2498 y=3.89996 yaw=-5.05947 score=0.988008 valid=1 mode=tracking state=TRACKING evaluated=789 execution_us=44392 reason=tracking_pose_accepted
x=3.2498 y=3.89996 yaw=-5.0604 score=0.989945 valid=1 mode=tracking state=TRACKING evaluated=789 execution_us=44349 reason=tracking_pose_accepted
x=3.19981 y=3.89996 yaw=-5.07879 score=0.987837 valid=1 mode=tracking state=TRACKING evaluated=789 execution_us=44308 reason=tracking_pose_accepted
x=3.2498 y=3.89996 yaw=-5.06227 score=0.990657 valid=1 mode=tracking state=TRACKING evaluated=789 execution_us=45113 reason=tracking_pose_accepted
x=3.2498 y=3.89996 yaw=-5.0632 score=0.990303 valid=1 mode=tracking state=TRACKING evaluated=789 execution_us=44392 reason=tracking_pose_accepted
x=3.2498 y=3.89996 yaw=-5.06414 score=0.990891 valid=1 mode=tracking state=TRACKING evaluated=789 execution_us=44931 reason=tracking_pose_accepted
x=3.2498 y=3.89996 yaw=-5.06507 score=0.98847 valid=1 mode=tracking state=TRACKING evaluated=789 execution_us=44429 reason=tracking_pose_accepted
x=3.2498 y=3.89996 yaw=-5.066 score=0.990584 valid=1 mode=tracking state=TRACKING evaluated=789 execution_us=44510 reason=tracking_pose_accepted
x=3.2498 y=3.89996 yaw=-5.06694 score=0.989892 valid=1 mode=tracking state=TRACKING evaluated=789 execution_us=44494 reason=tracking_pose_accepted
x=3.1998 y=3.89996 yaw=-5.08533 score=0.990135 valid=1 mode=tracking state=TRACKING evaluated=789 execution_us=44586 reason=tracking_pose_accepted
x=3.2498 y=3.89996 yaw=-5.06881 score=0.990416 valid=1 mode=tracking state=TRACKING evaluated=789 execution_us=44349 reason=tracking_pose_accepted
x=3.2498 y=3.89996 yaw=-5.06974 score=0.989971 valid=1 mode=tracking state=TRACKING evaluated=789 execution_us=44621 reason=tracking_pose_accepted
x=3.2498 y=3.89996 yaw=-5.07067 score=0.990543 valid=1 mode=tracking state=TRACKING evaluated=789 execution_us=44498 reason=tracking_pose_accepted
x=3.2498 y=3.89996 yaw=-5.07161 score=0.990252 valid=1 mode=tracking state=TRACKING evaluated=789 execution_us=44767 reason=tracking_pose_accepted
x=3.2498 y=3.89996 yaw=-5.07254 score=0.990494 valid=1 mode=tracking state=TRACKING evaluated=789 execution_us=44108 reason=tracking_pose_accepted
x=3.2498 y=3.89996 yaw=-5.07348 score=0.988387 valid=1 mode=tracking state=TRACKING evaluated=789 execution_us=44818 reason=tracking_pose_accepted
x=3.2498 y=3.89996 yaw=-5.07441 score=0.989453 valid=1 mode=tracking state=TRACKING evaluated=789 execution_us=44545 reason=tracking_pose_accepted
x=3.2498 y=3.89996 yaw=-5.07535 score=0.990802 valid=1 mode=tracking state=TRACKING evaluated=789 execution_us=44109 reason=tracking_pose_accepted
x=3.1998 y=3.89996 yaw=-5.07628 score=0.98848 valid=1 mode=tracking state=TRACKING evaluated=789 execution_us=44853 reason=tracking_pose_accepted
x=3.2498 y=3.89996 yaw=-5.05976 score=0.988746 valid=1 mode=tracking state=TRACKING evaluated=789 execution_us=44814 reason=tracking_pose_accepted
x=3.2498 y=3.89996 yaw=-5.06069 score=0.988657 valid=1 mode=tracking state=TRACKING evaluated=789 execution_us=44722 reason=tracking_pose_accepted
x=3.2498 y=3.89996 yaw=-5.06163 score=0.987952 valid=1 mode=tracking state=TRACKING evaluated=789 execution_us=45135 reason=tracking_pose_accepted
x=3.1998 y=3.89996 yaw=-5.08002 score=0.988389 valid=1 mode=tracking state=TRACKING evaluated=789 execution_us=44203 reason=tracking_pose_accepted
x=3.2498 y=3.89996 yaw=-5.0635 score=0.989275 valid=1 mode=tracking state=TRACKING evaluated=789 execution_us=44263 reason=tracking_pose_accepted
x=3.2498 y=3.89996 yaw=-5.06443 score=0.988717 valid=1 mode=tracking state=TRACKING evaluated=789 execution_us=45001 reason=tracking_pose_accepted
x=3.2498 y=3.89996 yaw=-5.06537 score=0.99056 valid=1 mode=tracking state=TRACKING evaluated=789 execution_us=44574 reason=tracking_pose_accepted
x=3.2498 y=3.89996 yaw=-5.0663 score=0.991151 valid=1 mode=tracking state=TRACKING evaluated=789 execution_us=44239 reason=tracking_pose_accepted
x=3.2498 y=3.89996 yaw=-5.06723 score=0.989971 valid=1 mode=tracking state=TRACKING evaluated=789 execution_us=45015 reason=tracking_pose_accepted
x=3.2498 y=3.89996 yaw=-5.06817 score=0.988633 valid=1 mode=tracking state=TRACKING evaluated=789 execution_us=44685 reason=tracking_pose_accepted
x=3.2498 y=3.89996 yaw=-5.0691 score=0.990867 valid=1 mode=tracking state=TRACKING evaluated=789 execution_us=44677 reason=tracking_pose_accepted
x=3.2498 y=3.89996 yaw=-5.07004 score=0.989881 valid=1 mode=tracking state=TRACKING evaluated=789 execution_us=45072 reason=tracking_pose_accepted
x=3.2498 y=3.89996 yaw=-5.07097 score=0.989945 valid=1 mode=tracking state=TRACKING evaluated=789 execution_us=44668 reason=tracking_pose_accepted
x=3.2498 y=3.89996 yaw=-5.0719 score=0.990057 valid=1 mode=tracking state=TRACKING evaluated=789 execution_us=44707 reason=tracking_pose_accepted
x=3.2498 y=3.89996 yaw=-5.07284 score=0.990535 valid=1 mode=tracking state=TRACKING evaluated=789 execution_us=44285 reason=tracking_pose_accepted
x=3.2498 y=3.89996 yaw=-5.07377 score=0.990237 valid=1 mode=tracking state=TRACKING evaluated=789 execution_us=44659 reason=tracking_pose_accepted
x=3.2498 y=3.89996 yaw=-5.07471 score=0.989216 valid=1 mode=tracking state=TRACKING evaluated=789 execution_us=44839 reason=tracking_pose_accepted
x=3.2498 y=3.89996 yaw=-5.05819 score=0.988687 valid=1 mode=tracking state=TRACKING evaluated=789 execution_us=45349 reason=tracking_pose_accepted
x=3.2498 y=3.89996 yaw=-5.05912 score=0.988966 valid=1 mode=tracking state=TRACKING evaluated=789 execution_us=44333 reason=tracking_pose_accepted
x=3.2498 y=3.89996 yaw=-5.06006 score=0.988717 valid=1 mode=tracking state=TRACKING evaluated=789 execution_us=44694 reason=tracking_pose_accepted
x=3.1998 y=3.89996 yaw=-5.07844 score=0.991054 valid=1 mode=tracking state=TRACKING evaluated=789 execution_us=44535 reason=tracking_pose_accepted
x=3.2498 y=3.89996 yaw=-5.06192 score=0.989024 valid=1 mode=tracking state=TRACKING evaluated=789 execution_us=44315 reason=tracking_pose_accepted
x=3.2498 y=3.89996 yaw=-5.06286 score=0.988657 valid=1 mode=tracking state=TRACKING evaluated=789 execution_us=44009 reason=tracking_pose_accepted
x=3.2498 y=3.89996 yaw=-5.06379 score=0.989997 valid=1 mode=tracking state=TRACKING evaluated=789 execution_us=44636 reason=tracking_pose_accepted
x=3.2498 y=3.89996 yaw=-5.06473 score=0.989945 valid=1 mode=tracking state=TRACKING evaluated=789 execution_us=44756 reason=tracking_pose_accepted
x=3.2498 y=3.89996 yaw=-5.06566 score=0.990303 valid=1 mode=tracking state=TRACKING evaluated=789 execution_us=44561 reason=tracking_pose_accepted
x=3.2498 y=3.89996 yaw=-5.06659 score=0.990843 valid=1 mode=tracking state=TRACKING evaluated=789 execution_us=43951 reason=tracking_pose_accepted
x=3.2498 y=3.89996 yaw=-5.06753 score=0.990584 valid=1 mode=tracking state=TRACKING evaluated=789 execution_us=44836 reason=tracking_pose_accepted
x=3.2498 y=3.89996 yaw=-5.06846 score=0.991503 valid=1 mode=tracking state=TRACKING evaluated=789 execution_us=44367 reason=tracking_pose_accepted
x=3.2498 y=3.89996 yaw=-5.0694 score=0.988863 valid=1 mode=tracking state=TRACKING evaluated=789 execution_us=44059 reason=tracking_pose_accepted
x=3.2498 y=3.89996 yaw=-5.07033 score=0.99056 valid=1 mode=tracking state=TRACKING evaluated=789 execution_us=44501 reason=tracking_pose_accepted
x=3.2498 y=3.89996 yaw=-5.07127 score=0.988052 valid=1 mode=tracking state=TRACKING evaluated=789 execution_us=44833 reason=tracking_pose_accepted
x=3.2498 y=3.89996 yaw=-5.0722 score=0.989828 valid=1 mode=tracking state=TRACKING evaluated=789 execution_us=44862 reason=tracking_pose_accepted
x=3.2498 y=3.89996 yaw=-5.07313 score=0.990843 valid=1 mode=tracking state=TRACKING evaluated=789 execution_us=44113 reason=tracking_pose_accepted
x=3.2498 y=3.89996 yaw=-5.07407 score=0.991462 valid=1 mode=tracking state=TRACKING evaluated=789 execution_us=44496 reason=tracking_pose_accepted
x=3.2498 y=3.89996 yaw=-5.075 score=0.989931 valid=1 mode=tracking state=TRACKING evaluated=789 execution_us=44274 reason=tracking_pose_accepted
x=3.2498 y=3.89996 yaw=-5.05848 score=0.989331 valid=1 mode=tracking state=TRACKING evaluated=789 execution_us=44309 reason=tracking_pose_accepted
x=3.2498 y=3.89996 yaw=-5.05942 score=0.989692 valid=1 mode=tracking state=TRACKING evaluated=789 execution_us=44551 reason=tracking_pose_accepted
x=3.2498 y=3.89996 yaw=-5.0778 score=0.990262 valid=1 mode=tracking state=TRACKING evaluated=789 execution_us=45698 reason=tracking_pose_accepted
x=3.2498 y=3.89996 yaw=-5.06129 score=0.988804 valid=1 mode=tracking state=TRACKING evaluated=789 execution_us=44740 reason=tracking_pose_accepted
x=3.2498 y=3.89996 yaw=-5.06222 score=0.989275 valid=1 mode=tracking state=TRACKING evaluated=789 execution_us=44558 reason=tracking_pose_accepted
x=3.2498 y=3.89996 yaw=-5.06315 score=0.988616 valid=1 mode=tracking state=TRACKING evaluated=789 execution_us=43955 reason=tracking_pose_accepted
x=3.2498 y=3.89996 yaw=-5.06409 score=0.989638 valid=1 mode=tracking state=TRACKING evaluated=789 execution_us=44328 reason=tracking_pose_accepted
x=3.2498 y=3.89996 yaw=-5.06502 score=0.988657 valid=1 mode=tracking state=TRACKING evaluated=789 execution_us=44571 reason=tracking_pose_accepted
x=3.2498 y=3.89996 yaw=-5.06596 score=0.990278 valid=1 mode=tracking state=TRACKING evaluated=789 execution_us=44900 reason=tracking_pose_accepted
x=3.2498 y=3.89996 yaw=-5.06689 score=0.990535 valid=1 mode=tracking state=TRACKING evaluated=789 execution_us=44279 reason=tracking_pose_accepted
x=3.2498 y=3.89996 yaw=-5.06782 score=0.990201 valid=1 mode=tracking state=TRACKING evaluated=789 execution_us=44420 reason=tracking_pose_accepted
x=3.2498 y=3.89996 yaw=-5.06876 score=0.992095 valid=1 mode=tracking state=TRACKING evaluated=789 execution_us=44412 reason=tracking_pose_accepted
x=3.2498 y=3.89996 yaw=-5.06969 score=0.990252 valid=1 mode=tracking state=TRACKING evaluated=789 execution_us=44488 reason=tracking_pose_accepted
x=3.2498 y=3.89996 yaw=-5.07063 score=0.990262 valid=1 mode=tracking state=TRACKING evaluated=789 execution_us=44783 reason=tracking_pose_accepted
x=3.2498 y=3.89996 yaw=-5.07156 score=0.989638 valid=1 mode=tracking state=TRACKING evaluated=789 execution_us=44509 reason=tracking_pose_accepted
x=3.2498 y=3.89996 yaw=-5.07249 score=0.990469 valid=1 mode=tracking state=TRACKING evaluated=789 execution_us=44685 reason=tracking_pose_accepted
x=3.2498 y=3.89996 yaw=-5.07343 score=0.990543 valid=1 mode=tracking state=TRACKING evaluated=789 execution_us=44499 reason=tracking_pose_accepted
x=3.2498 y=3.89996 yaw=-5.07436 score=0.99085 valid=1 mode=tracking state=TRACKING evaluated=789 execution_us=44704 reason=tracking_pose_accepted
x=3.1998 y=3.89996 yaw=-5.0753 score=0.98848 valid=1 mode=tracking state=TRACKING evaluated=789 execution_us=45046 reason=tracking_pose_accepted
x=3.2498 y=3.89996 yaw=-5.07623 score=0.989188 valid=1 mode=tracking state=TRACKING evaluated=789 execution_us=44649 reason=tracking_pose_accepted
x=3.1998 y=3.89996 yaw=-5.07717 score=0.989702 valid=1 mode=tracking state=TRACKING evaluated=789 execution_us=44731 reason=tracking_pose_accepted
x=3.2498 y=3.89996 yaw=-5.06065 score=0.987772 valid=1 mode=tracking state=TRACKING evaluated=789 execution_us=44359 reason=tracking_pose_accepted
x=3.2498 y=3.89996 yaw=-5.06158 score=0.988746 valid=1 mode=tracking state=TRACKING evaluated=789 execution_us=44433 reason=tracking_pose_accepted
x=3.2498 y=3.89996 yaw=-5.06251 score=0.989081 valid=1 mode=tracking state=TRACKING evaluated=789 execution_us=46050 reason=tracking_pose_accepted
x=3.2498 y=3.89996 yaw=-5.06345 score=0.988409 valid=1 mode=tracking state=TRACKING evaluated=789 execution_us=44293 reason=tracking_pose_accepted
x=3.2498 y=3.89996 yaw=-5.06438 score=0.989331 valid=1 mode=tracking state=TRACKING evaluated=789 execution_us=44258 reason=tracking_pose_accepted
x=3.2498 y=3.89996 yaw=-5.06532 score=0.99051 valid=1 mode=tracking state=TRACKING evaluated=789 execution_us=44762 reason=tracking_pose_accepted
x=3.2498 y=3.89996 yaw=-5.06625 score=0.989052 valid=1 mode=tracking state=TRACKING evaluated=789 execution_us=44573 reason=tracking_pose_accepted
x=3.2498 y=3.89996 yaw=-5.06718 score=0.990252 valid=1 mode=tracking state=TRACKING evaluated=789 execution_us=44476 reason=tracking_pose_accepted
x=3.2498 y=3.89996 yaw=-5.06812 score=0.989971 valid=1 mode=tracking state=TRACKING evaluated=789 execution_us=44757 reason=tracking_pose_accepted
x=3.2498 y=3.89996 yaw=-5.06905 score=0.988966 valid=1 mode=tracking state=TRACKING evaluated=789 execution_us=44112 reason=tracking_pose_accepted
x=3.2498 y=3.89996 yaw=-5.06999 score=0.988863 valid=1 mode=tracking state=TRACKING evaluated=789 execution_us=44536 reason=tracking_pose_accepted
x=3.2498 y=3.89996 yaw=-5.07092 score=0.990023 valid=1 mode=tracking state=TRACKING evaluated=789 execution_us=44707 reason=tracking_pose_accepted
x=3.2498 y=3.89996 yaw=-5.07186 score=0.98959 valid=1 mode=tracking state=TRACKING evaluated=789 execution_us=44792 reason=tracking_pose_accepted
x=3.1998 y=3.89996 yaw=-5.07279 score=0.989648 valid=1 mode=tracking state=TRACKING evaluated=789 execution_us=44796 reason=tracking_pose_accepted
x=3.2498 y=3.89996 yaw=-5.07372 score=0.989611 valid=1 mode=tracking state=TRACKING evaluated=789 execution_us=44092 reason=tracking_pose_accepted
x=3.2498 y=3.89996 yaw=-5.07466 score=0.989775 valid=1 mode=tracking state=TRACKING evaluated=789 execution_us=44183 reason=tracking_pose_accepted
x=3.2498 y=3.89996 yaw=-5.07559 score=0.989851 valid=1 mode=tracking state=TRACKING evaluated=789 execution_us=44392 reason=tracking_pose_accepted
x=3.1998 y=3.89996 yaw=-5.07653 score=0.988389 valid=1 mode=tracking state=TRACKING evaluated=789 execution_us=44371 reason=tracking_pose_accepted
x=3.2498 y=3.89996 yaw=-5.06001 score=0.989081 valid=1 mode=tracking state=TRACKING evaluated=789 execution_us=44619 reason=tracking_pose_accepted
x=3.2498 y=3.89996 yaw=-5.06094 score=0.989414 valid=1 mode=tracking state=TRACKING evaluated=789 execution_us=44842 reason=tracking_pose_accepted
x=3.2498 y=3.89996 yaw=-5.06188 score=0.989024 valid=1 mode=tracking state=TRACKING evaluated=789 execution_us=44492 reason=tracking_pose_accepted
x=3.2498 y=3.89996 yaw=-5.06281 score=0.988499 valid=1 mode=tracking state=TRACKING evaluated=789 execution_us=45147 reason=tracking_pose_accepted
x=3.2498 y=3.89996 yaw=-5.06374 score=0.989386 valid=1 mode=tracking state=TRACKING evaluated=789 execution_us=55847 reason=tracking_pose_accepted
x=3.1998 y=3.89996 yaw=-5.08213 score=0.99016 valid=1 mode=tracking state=TRACKING evaluated=789 execution_us=44421 reason=tracking_pose_accepted
x=3.2498 y=3.89996 yaw=-5.06561 score=0.991174 valid=1 mode=tracking state=TRACKING evaluated=789 execution_us=44290 reason=tracking_pose_accepted
x=3.1998 y=3.89996 yaw=-5.084 score=0.98963 valid=1 mode=tracking state=TRACKING evaluated=789 execution_us=44936 reason=tracking_pose_accepted
x=3.2498 y=3.89996 yaw=-5.06748 score=0.990023 valid=1 mode=tracking state=TRACKING evaluated=789 execution_us=44929 reason=tracking_pose_accepted
x=3.2498 y=3.89996 yaw=-5.06841 score=0.989892 valid=1 mode=tracking state=TRACKING evaluated=789 execution_us=44487 reason=tracking_pose_accepted
x=3.2498 y=3.89996 yaw=-5.06935 score=0.991174 valid=1 mode=tracking state=TRACKING evaluated=789 execution_us=44677 reason=tracking_pose_accepted
x=3.2498 y=3.89996 yaw=-5.07028 score=0.990186 valid=1 mode=tracking state=TRACKING evaluated=789 execution_us=45631 reason=tracking_pose_accepted
x=3.2498 y=3.89996 yaw=-5.07122 score=0.989892 valid=1 mode=tracking state=TRACKING evaluated=789 execution_us=44100 reason=tracking_pose_accepted
x=3.2498 y=3.89996 yaw=-5.07215 score=0.99056 valid=1 mode=tracking state=TRACKING evaluated=789 execution_us=44540 reason=tracking_pose_accepted
x=3.2498 y=3.89996 yaw=-5.07308 score=0.990873 valid=1 mode=tracking state=TRACKING evaluated=789 execution_us=45218 reason=tracking_pose_accepted
x=3.2498 y=3.89996 yaw=-5.07402 score=0.990391 valid=1 mode=tracking state=TRACKING evaluated=789 execution_us=44352 reason=tracking_pose_accepted
x=3.2498 y=3.89996 yaw=-5.07495 score=0.989275 valid=1 mode=tracking state=TRACKING evaluated=789 execution_us=44176 reason=tracking_pose_accepted
x=3.2498 y=3.89996 yaw=-5.05843 score=0.989719 valid=1 mode=tracking state=TRACKING evaluated=789 execution_us=44942 reason=tracking_pose_accepted
x=3.2498 y=3.89996 yaw=-5.07682 score=0.989346 valid=1 mode=tracking state=TRACKING evaluated=789 execution_us=44547 reason=tracking_pose_accepted
x=3.2498 y=3.89996 yaw=-5.0603 score=0.989303 valid=1 mode=tracking state=TRACKING evaluated=789 execution_us=44272 reason=tracking_pose_accepted
x=3.2498 y=3.89996 yaw=-5.06124 score=0.989024 valid=1 mode=tracking state=TRACKING evaluated=789 execution_us=44701 reason=tracking_pose_accepted
x=3.2498 y=3.89996 yaw=-5.06217 score=0.989611 valid=1 mode=tracking state=TRACKING evaluated=789 execution_us=44544 reason=tracking_pose_accepted
x=3.2498 y=3.89996 yaw=-5.0631 score=0.989081 valid=1 mode=tracking state=TRACKING evaluated=789 execution_us=45220 reason=tracking_pose_accepted
x=3.2498 y=3.89996 yaw=-5.06404 score=0.990278 valid=1 mode=tracking state=TRACKING evaluated=789 execution_us=44495 reason=tracking_pose_accepted
x=3.2498 y=3.89996 yaw=-5.06497 score=0.989359 valid=1 mode=tracking state=TRACKING evaluated=789 execution_us=44584 reason=tracking_pose_accepted
x=3.2498 y=3.89996 yaw=-5.06591 score=0.989081 valid=1 mode=tracking state=TRACKING evaluated=789 execution_us=44821 reason=tracking_pose_accepted
x=3.2498 y=3.89996 yaw=-5.06684 score=0.990867 valid=1 mode=tracking state=TRACKING evaluated=789 execution_us=44189 reason=tracking_pose_accepted
x=3.2498 y=3.89996 yaw=-5.06778 score=0.989971 valid=1 mode=tracking state=TRACKING evaluated=789 execution_us=44487 reason=tracking_pose_accepted
x=3.2498 y=3.89996 yaw=-5.06871 score=0.989024 valid=1 mode=tracking state=TRACKING evaluated=789 execution_us=44473 reason=tracking_pose_accepted
x=3.2498 y=3.89996 yaw=-5.06964 score=0.990278 valid=1 mode=tracking state=TRACKING evaluated=789 execution_us=44466 reason=tracking_pose_accepted
x=3.2498 y=3.89996 yaw=-5.07058 score=0.988703 valid=1 mode=tracking state=TRACKING evaluated=789 execution_us=45064 reason=tracking_pose_accepted
x=3.2498 y=3.89996 yaw=-5.07151 score=0.989878 valid=1 mode=tracking state=TRACKING evaluated=789 execution_us=44236 reason=tracking_pose_accepted
x=3.2498 y=3.89996 yaw=-5.07245 score=0.988673 valid=1 mode=tracking state=TRACKING evaluated=789 execution_us=44783 reason=tracking_pose_accepted
x=3.2498 y=3.89996 yaw=-5.07338 score=0.989919 valid=1 mode=tracking state=TRACKING evaluated=789 execution_us=44356 reason=tracking_pose_accepted
x=3.2498 y=3.89996 yaw=-5.07431 score=0.989997 valid=1 mode=tracking state=TRACKING evaluated=789 execution_us=44630 reason=tracking_pose_accepted
x=3.2498 y=3.89996 yaw=-5.07525 score=0.990826 valid=1 mode=tracking state=TRACKING evaluated=789 execution_us=44290 reason=tracking_pose_accepted
x=3.2498 y=3.89996 yaw=-5.05873 score=0.989178 valid=1 mode=tracking state=TRACKING evaluated=789 execution_us=44986 reason=tracking_pose_accepted
x=3.2498 y=3.89996 yaw=-5.07712 score=0.988646 valid=1 mode=tracking state=TRACKING evaluated=789 execution_us=44183 reason=tracking_pose_accepted
x=3.2498 y=3.89996 yaw=-5.0606 score=0.989638 valid=1 mode=tracking state=TRACKING evaluated=789 execution_us=44763 reason=tracking_pose_accepted
x=3.2498 y=3.89996 yaw=-5.06153 score=0.989052 valid=1 mode=tracking state=TRACKING evaluated=789 execution_us=44256 reason=tracking_pose_accepted
x=3.1998 y=3.89996 yaw=-5.07992 score=0.988945 valid=1 mode=tracking state=TRACKING evaluated=789 execution_us=44853 reason=tracking_pose_accepted
x=3.1998 y=3.89996 yaw=-5.08085 score=0.989549 valid=1 mode=tracking state=TRACKING evaluated=789 execution_us=45021 reason=tracking_pose_accepted
x=3.2498 y=3.89996 yaw=-5.06433 score=0.988627 valid=1 mode=tracking state=TRACKING evaluated=789 execution_us=43797 reason=tracking_pose_accepted
x=3.2498 y=3.89996 yaw=-5.06527 score=0.98886 valid=1 mode=tracking state=TRACKING evaluated=789 execution_us=44436 reason=tracking_pose_accepted
x=3.2498 y=3.89996 yaw=-5.0662 score=0.989159 valid=1 mode=tracking state=TRACKING evaluated=789 execution_us=44471 reason=tracking_pose_accepted
x=3.2498 y=3.89996 yaw=-5.06714 score=0.990252 valid=1 mode=tracking state=TRACKING evaluated=789 execution_us=44404 reason=tracking_pose_accepted
x=3.2498 y=3.89996 yaw=-5.06807 score=0.990592 valid=1 mode=tracking state=TRACKING evaluated=789 execution_us=44723 reason=tracking_pose_accepted
x=3.2498 y=3.89996 yaw=-5.069 score=0.991481 valid=1 mode=tracking state=TRACKING evaluated=789 execution_us=44373 reason=tracking_pose_accepted
x=3.2498 y=3.89996 yaw=-5.06994 score=0.988368 valid=1 mode=tracking state=TRACKING evaluated=789 execution_us=44580 reason=tracking_pose_accepted
x=3.2498 y=3.89996 yaw=-5.07087 score=0.989359 valid=1 mode=tracking state=TRACKING evaluated=789 execution_us=44980 reason=tracking_pose_accepted
x=3.1998 y=3.89996 yaw=-5.07181 score=0.989005 valid=1 mode=tracking state=TRACKING evaluated=789 execution_us=44068 reason=tracking_pose_accepted
x=3.2498 y=3.89996 yaw=-5.07274 score=0.990227 valid=1 mode=tracking state=TRACKING evaluated=789 execution_us=44349 reason=tracking_pose_accepted
x=3.2498 y=3.89996 yaw=-5.07368 score=0.989244 valid=1 mode=tracking state=TRACKING evaluated=789 execution_us=45210 reason=tracking_pose_accepted
x=3.2498 y=3.89996 yaw=-5.07461 score=0.988657 valid=1 mode=tracking state=TRACKING evaluated=789 execution_us=44635 reason=tracking_pose_accepted
x=3.2498 y=3.89996 yaw=-5.07554 score=0.99085 valid=1 mode=tracking state=TRACKING evaluated=789 execution_us=44549 reason=tracking_pose_accepted
x=3.1998 y=3.89996 yaw=-5.07648 score=0.991667 valid=1 mode=tracking state=TRACKING evaluated=789 execution_us=44944 reason=tracking_pose_accepted
x=3.2498 y=3.89996 yaw=-5.05996 score=0.989065 valid=1 mode=tracking state=TRACKING evaluated=789 execution_us=44506 reason=tracking_pose_accepted
x=3.2498 y=3.89996 yaw=-5.06089 score=0.989399 valid=1 mode=tracking state=TRACKING evaluated=789 execution_us=45050 reason=tracking_pose_accepted
x=3.2498 y=3.89996 yaw=-5.06183 score=0.989331 valid=1 mode=tracking state=TRACKING evaluated=789 execution_us=44435 reason=tracking_pose_accepted
x=3.2498 y=3.89996 yaw=-5.06276 score=0.988804 valid=1 mode=tracking state=TRACKING evaluated=789 execution_us=44827 reason=tracking_pose_accepted
x=3.2498 y=3.89996 yaw=-5.06369 score=0.990867 valid=1 mode=tracking state=TRACKING evaluated=789 execution_us=44826 reason=tracking_pose_accepted
x=3.2498 y=3.89996 yaw=-5.06463 score=0.987666 valid=1 mode=tracking state=TRACKING evaluated=789 execution_us=44038 reason=tracking_pose_accepted
x=3.2498 y=3.89996 yaw=-5.06556 score=0.99051 valid=1 mode=tracking state=TRACKING evaluated=789 execution_us=44264 reason=tracking_pose_accepted
x=3.2498 y=3.89996 yaw=-5.0665 score=0.990353 valid=1 mode=tracking state=TRACKING evaluated=789 execution_us=45193 reason=tracking_pose_accepted
x=3.2498 y=3.89996 yaw=-5.06743 score=0.988614 valid=1 mode=tracking state=TRACKING evaluated=789 execution_us=44928 reason=tracking_pose_accepted
x=3.2498 y=3.89996 yaw=-5.06837 score=0.988746 valid=1 mode=tracking state=TRACKING evaluated=789 execution_us=44980 reason=tracking_pose_accepted
x=3.2498 y=3.89996 yaw=-5.0693 score=0.991174 valid=1 mode=tracking state=TRACKING evaluated=789 execution_us=44278 reason=tracking_pose_accepted
x=3.2498 y=3.89996 yaw=-5.07023 score=0.989467 valid=1 mode=tracking state=TRACKING evaluated=789 execution_us=45181 reason=tracking_pose_accepted
x=3.2498 y=3.89996 yaw=-5.07117 score=0.991481 valid=1 mode=tracking state=TRACKING evaluated=789 execution_us=44824 reason=tracking_pose_accepted
x=3.2498 y=3.89996 yaw=-5.0721 score=0.989919 valid=1 mode=tracking state=TRACKING evaluated=789 execution_us=43931 reason=tracking_pose_accepted
x=3.2498 y=3.89996 yaw=-5.07304 score=0.989597 valid=1 mode=tracking state=TRACKING evaluated=789 execution_us=44767 reason=tracking_pose_accepted
x=3.2498 y=3.89996 yaw=-5.05652 score=0.988746 valid=1 mode=tracking state=TRACKING evaluated=789 execution_us=44719 reason=tracking_pose_accepted
x=3.2498 y=3.89996 yaw=-5.0749 score=0.990494 valid=1 mode=tracking state=TRACKING evaluated=789 execution_us=44125 reason=tracking_pose_accepted
x=3.2498 y=3.89996 yaw=-5.07584 score=0.989678 valid=1 mode=tracking state=TRACKING evaluated=789 execution_us=44749 reason=tracking_pose_accepted
x=3.2498 y=3.89996 yaw=-5.05932 score=0.989692 valid=1 mode=tracking state=TRACKING evaluated=789 execution_us=44943 reason=tracking_pose_accepted
x=3.2498 y=3.89996 yaw=-5.07771 score=0.988246 valid=1 mode=tracking state=TRACKING evaluated=789 execution_us=44040 reason=tracking_pose_accepted
x=3.2498 y=3.89996 yaw=-5.06119 score=0.989414 valid=1 mode=tracking state=TRACKING evaluated=789 execution_us=45170 reason=tracking_pose_accepted
x=3.2498 y=3.89996 yaw=-5.06212 score=0.988081 valid=1 mode=tracking state=TRACKING evaluated=789 execution_us=44240 reason=tracking_pose_accepted
x=3.2498 y=3.89996 yaw=-5.06306 score=0.989346 valid=1 mode=tracking state=TRACKING evaluated=789 execution_us=44679 reason=tracking_pose_accepted
x=3.2498 y=3.89996 yaw=-5.06399 score=0.988286 valid=1 mode=tracking state=TRACKING evaluated=789 execution_us=44328 reason=tracking_pose_accepted
x=3.2498 y=3.89996 yaw=-5.06492 score=0.990252 valid=1 mode=tracking state=TRACKING evaluated=789 execution_us=44025 reason=tracking_pose_accepted
x=3.2498 y=3.89996 yaw=-5.06586 score=0.98963 valid=1 mode=tracking state=TRACKING evaluated=789 execution_us=45040 reason=tracking_pose_accepted
x=3.2498 y=3.89996 yaw=-5.06679 score=0.990584 valid=1 mode=tracking state=TRACKING evaluated=789 execution_us=44765 reason=tracking_pose_accepted
x=3.2498 y=3.89996 yaw=-5.06773 score=0.991151 valid=1 mode=tracking state=TRACKING evaluated=789 execution_us=44301 reason=tracking_pose_accepted
x=3.2498 y=3.89996 yaw=-5.06866 score=0.99056 valid=1 mode=tracking state=TRACKING evaluated=789 execution_us=44735 reason=tracking_pose_accepted
x=3.2498 y=3.89996 yaw=-5.06959 score=0.990278 valid=1 mode=tracking state=TRACKING evaluated=789 execution_us=44294 reason=tracking_pose_accepted
x=3.2498 y=3.89996 yaw=-5.07053 score=0.990633 valid=1 mode=tracking state=TRACKING evaluated=789 execution_us=44745 reason=tracking_pose_accepted
x=3.2498 y=3.89996 yaw=-5.07146 score=0.989617 valid=1 mode=tracking state=TRACKING evaluated=789 execution_us=45087 reason=tracking_pose_accepted
x=3.1998 y=3.89996 yaw=-5.0724 score=0.98936 valid=1 mode=tracking state=TRACKING evaluated=789 execution_us=45029 reason=tracking_pose_accepted
x=3.2498 y=3.89996 yaw=-5.07333 score=0.989904 valid=1 mode=tracking state=TRACKING evaluated=789 execution_us=44479 reason=tracking_pose_accepted
x=3.2498 y=3.89996 yaw=-5.07427 score=0.989284 valid=1 mode=tracking state=TRACKING evaluated=789 execution_us=44839 reason=tracking_pose_accepted
x=3.2498 y=3.89996 yaw=-5.05775 score=0.989109 valid=1 mode=tracking state=TRACKING evaluated=789 execution_us=44827 reason=tracking_pose_accepted
x=3.2498 y=3.89996 yaw=-5.05868 score=0.989414 valid=1 mode=tracking state=TRACKING evaluated=789 execution_us=44834 reason=tracking_pose_accepted
x=3.2498 y=3.89996 yaw=-5.05961 score=0.988657 valid=1 mode=tracking state=TRACKING evaluated=789 execution_us=44306 reason=tracking_pose_accepted
x=3.2498 y=3.89996 yaw=-5.078 score=0.989624 valid=1 mode=tracking state=TRACKING evaluated=789 execution_us=44697 reason=tracking_pose_accepted
x=3.2498 y=3.89996 yaw=-5.06148 score=0.988804 valid=1 mode=tracking state=TRACKING evaluated=789 execution_us=45363 reason=tracking_pose_accepted
x=3.1998 y=3.89996 yaw=-5.07987 score=0.992342 valid=1 mode=tracking state=TRACKING evaluated=789 execution_us=44330 reason=tracking_pose_accepted
x=3.2498 y=3.89996 yaw=-5.06335 score=0.988746 valid=1 mode=tracking state=TRACKING evaluated=789 execution_us=44564 reason=tracking_pose_accepted
x=3.2498 y=3.89996 yaw=-5.06429 score=0.989275 valid=1 mode=tracking state=TRACKING evaluated=789 execution_us=44711 reason=tracking_pose_accepted
x=3.2498 y=3.89996 yaw=-5.06522 score=0.990535 valid=1 mode=tracking state=TRACKING evaluated=789 execution_us=44243 reason=tracking_pose_accepted
x=3.2498 y=3.89996 yaw=-5.06615 score=0.990584 valid=1 mode=tracking state=TRACKING evaluated=789 execution_us=44598 reason=tracking_pose_accepted
x=3.2498 y=3.89996 yaw=-5.06709 score=0.991104 valid=1 mode=tracking state=TRACKING evaluated=789 execution_us=44188 reason=tracking_pose_accepted
x=3.2498 y=3.89996 yaw=-5.06802 score=0.990227 valid=1 mode=tracking state=TRACKING evaluated=789 execution_us=44435 reason=tracking_pose_accepted
x=3.2498 y=3.89996 yaw=-5.06896 score=0.989775 valid=1 mode=tracking state=TRACKING evaluated=789 execution_us=44751 reason=tracking_pose_accepted
x=3.2498 y=3.89996 yaw=-5.06989 score=0.988494 valid=1 mode=tracking state=TRACKING evaluated=789 execution_us=43808 reason=tracking_pose_accepted
x=3.2498 y=3.89996 yaw=-5.07082 score=0.990416 valid=1 mode=tracking state=TRACKING evaluated=789 execution_us=44354 reason=tracking_pose_accepted
x=3.2498 y=3.89996 yaw=-5.07176 score=0.989855 valid=1 mode=tracking state=TRACKING evaluated=789 execution_us=44482 reason=tracking_pose_accepted
x=3.2498 y=3.89996 yaw=-5.07269 score=0.990802 valid=1 mode=tracking state=TRACKING evaluated=789 execution_us=44214 reason=tracking_pose_accepted
x=3.2498 y=3.89996 yaw=-5.07363 score=0.988938 valid=1 mode=tracking state=TRACKING evaluated=789 execution_us=44646 reason=tracking_pose_accepted
x=3.2498 y=3.89996 yaw=-5.07456 score=0.989892 valid=1 mode=tracking state=TRACKING evaluated=789 execution_us=45181 reason=tracking_pose_accepted
x=3.2498 y=3.89996 yaw=-5.05804 score=0.990227 valid=1 mode=tracking state=TRACKING evaluated=789 execution_us=43968 reason=tracking_pose_accepted
x=3.2498 y=3.89996 yaw=-5.07643 score=0.990211 valid=1 mode=tracking state=TRACKING evaluated=789 execution_us=45509 reason=tracking_pose_accepted
x=3.1998 y=3.89996 yaw=-5.07736 score=0.989005 valid=1 mode=tracking state=TRACKING evaluated=789 execution_us=44055 reason=tracking_pose_accepted
x=3.2498 y=3.89996 yaw=-5.06084 score=0.989945 valid=1 mode=tracking state=TRACKING evaluated=789 execution_us=44297 reason=tracking_pose_accepted
x=3.2498 y=3.89996 yaw=-5.06178 score=0.988687 valid=1 mode=tracking state=TRACKING evaluated=789 execution_us=44647 reason=tracking_pose_accepted
x=3.2498 y=3.89996 yaw=-5.06271 score=0.988746 valid=1 mode=tracking state=TRACKING evaluated=789 execution_us=44275 reason=tracking_pose_accepted
x=3.2498 y=3.89996 yaw=-5.06365 score=0.989611 valid=1 mode=tracking state=TRACKING evaluated=789 execution_us=44840 reason=tracking_pose_accepted
x=3.2498 y=3.89996 yaw=-5.06458 score=0.989665 valid=1 mode=tracking state=TRACKING evaluated=789 execution_us=44613 reason=tracking_pose_accepted
x=3.2498 y=3.89996 yaw=-5.06551 score=0.990867 valid=1 mode=tracking state=TRACKING evaluated=789 execution_us=44151 reason=tracking_pose_accepted
x=3.2498 y=3.89996 yaw=-5.06645 score=0.990201 valid=1 mode=tracking state=TRACKING evaluated=789 execution_us=45461 reason=tracking_pose_accepted
x=3.2498 y=3.89996 yaw=-5.06738 score=0.990535 valid=1 mode=tracking state=TRACKING evaluated=789 execution_us=44119 reason=tracking_pose_accepted
x=3.2498 y=3.89996 yaw=-5.06832 score=0.989919 valid=1 mode=tracking state=TRACKING evaluated=789 execution_us=44314 reason=tracking_pose_accepted
x=3.2498 y=3.89996 yaw=-5.06925 score=0.989971 valid=1 mode=tracking state=TRACKING evaluated=789 execution_us=44885 reason=tracking_pose_accepted
x=3.2498 y=3.89996 yaw=-5.07019 score=0.991831 valid=1 mode=tracking state=TRACKING evaluated=789 execution_us=44605 reason=tracking_pose_accepted
x=3.2498 y=3.89996 yaw=-5.07112 score=0.991747 valid=1 mode=tracking state=TRACKING evaluated=789 execution_us=44145 reason=tracking_pose_accepted
x=3.2498 y=3.89996 yaw=-5.07205 score=0.988062 valid=1 mode=tracking state=TRACKING evaluated=789 execution_us=44594 reason=tracking_pose_accepted
x=3.2498 y=3.89996 yaw=-5.07299 score=0.990519 valid=1 mode=tracking state=TRACKING evaluated=789 execution_us=44281 reason=tracking_pose_accepted
x=3.1998 y=3.89996 yaw=-5.07392 score=0.98851 valid=1 mode=tracking state=TRACKING evaluated=789 execution_us=44681 reason=tracking_pose_accepted
x=3.2498 y=3.89996 yaw=-5.07486 score=0.988573 valid=1 mode=tracking state=TRACKING evaluated=789 execution_us=44626 reason=tracking_pose_accepted
x=3.2498 y=3.89996 yaw=-5.07579 score=0.989638 valid=1 mode=tracking state=TRACKING evaluated=789 execution_us=44776 reason=tracking_pose_accepted
x=3.1998 y=3.89996 yaw=-5.07672 score=0.989205 valid=1 mode=tracking state=TRACKING evaluated=789 execution_us=45090 reason=tracking_pose_accepted
x=3.1998 y=3.89996 yaw=-5.07766 score=0.988552 valid=1 mode=tracking state=TRACKING evaluated=789 execution_us=44692 reason=tracking_pose_accepted
x=3.2498 y=3.89996 yaw=-5.06114 score=0.988379 valid=1 mode=tracking state=TRACKING evaluated=789 execution_us=44530 reason=tracking_pose_accepted
x=3.1998 y=3.89996 yaw=-5.07953 score=0.990634 valid=1 mode=tracking state=TRACKING evaluated=789 execution_us=44721 reason=tracking_pose_accepted
x=3.2498 y=3.89996 yaw=-5.06301 score=0.987422 valid=1 mode=tracking state=TRACKING evaluated=789 execution_us=44075 reason=tracking_pose_accepted
x=3.1998 y=3.89996 yaw=-5.08139 score=0.989828 valid=1 mode=tracking state=TRACKING evaluated=789 execution_us=44603 reason=tracking_pose_accepted
x=3.2498 y=3.89996 yaw=-5.06488 score=0.988092 valid=1 mode=tracking state=TRACKING evaluated=789 execution_us=44861 reason=tracking_pose_accepted
x=3.24979 y=3.89996 yaw=-5.06581 score=0.989275 valid=1 mode=tracking state=TRACKING evaluated=789 execution_us=44566 reason=tracking_pose_accepted
x=3.24979 y=3.89996 yaw=-5.06674 score=0.989052 valid=1 mode=tracking state=TRACKING evaluated=789 execution_us=45024 reason=tracking_pose_accepted
x=3.24979 y=3.89996 yaw=-5.06768 score=0.990227 valid=1 mode=tracking state=TRACKING evaluated=789 execution_us=44594 reason=tracking_pose_accepted
x=3.24979 y=3.89996 yaw=-5.06861 score=0.989584 valid=1 mode=tracking state=TRACKING evaluated=789 execution_us=44365 reason=tracking_pose_accepted
x=3.1998 y=3.89996 yaw=-5.087 score=0.988938 valid=1 mode=tracking state=TRACKING evaluated=789 execution_us=45224 reason=tracking_pose_accepted
x=3.24979 y=3.89996 yaw=-5.07048 score=0.989971 valid=1 mode=tracking state=TRACKING evaluated=789 execution_us=44578 reason=tracking_pose_accepted
x=3.24979 y=3.89996 yaw=-5.07141 score=0.989331 valid=1 mode=tracking state=TRACKING evaluated=789 execution_us=44589 reason=tracking_pose_accepted
x=3.24979 y=3.89996 yaw=-5.07235 score=0.989611 valid=1 mode=tracking state=TRACKING evaluated=789 execution_us=44240 reason=tracking_pose_accepted
x=3.24979 y=3.89996 yaw=-5.07328 score=0.989373 valid=1 mode=tracking state=TRACKING evaluated=789 execution_us=44870 reason=tracking_pose_accepted
x=3.24979 y=3.89996 yaw=-5.05676 score=0.988409 valid=1 mode=tracking state=TRACKING evaluated=789 execution_us=44220 reason=tracking_pose_accepted
x=3.19979 y=3.89996 yaw=-5.07515 score=0.989136 valid=1 mode=tracking state=TRACKING evaluated=789 execution_us=44434 reason=tracking_pose_accepted
x=3.24979 y=3.89996 yaw=-5.05863 score=0.988757 valid=1 mode=tracking state=TRACKING evaluated=789 execution_us=44357 reason=tracking_pose_accepted
x=3.24979 y=3.89996 yaw=-5.05957 score=0.988687 valid=1 mode=tracking state=TRACKING evaluated=789 execution_us=44976 reason=tracking_pose_accepted
x=3.24979 y=3.89996 yaw=-5.0605 score=0.988728 valid=1 mode=tracking state=TRACKING evaluated=789 execution_us=43963 reason=tracking_pose_accepted
x=3.24979 y=3.89996 yaw=-5.06143 score=0.989052 valid=1 mode=tracking state=TRACKING evaluated=789 execution_us=44528 reason=tracking_pose_accepted
x=3.24979 y=3.89996 yaw=-5.06237 score=0.987827 valid=1 mode=tracking state=TRACKING evaluated=789 execution_us=44545 reason=tracking_pose_accepted
x=3.24979 y=3.89996 yaw=-5.0633 score=0.98804 valid=1 mode=tracking state=TRACKING evaluated=789 execution_us=43917 reason=tracking_pose_accepted
x=3.24979 y=3.89996 yaw=-5.06424 score=0.987599 valid=1 mode=tracking state=TRACKING evaluated=789 execution_us=44275 reason=tracking_pose_accepted
x=3.24979 y=3.89996 yaw=-5.06517 score=0.989945 valid=1 mode=tracking state=TRACKING evaluated=789 execution_us=44634 reason=tracking_pose_accepted
x=3.24979 y=3.89996 yaw=-5.0661 score=0.989081 valid=1 mode=tracking state=TRACKING evaluated=789 execution_us=44298 reason=tracking_pose_accepted
x=3.24979 y=3.89996 yaw=-5.06704 score=0.988453 valid=1 mode=tracking state=TRACKING evaluated=789 execution_us=44351 reason=tracking_pose_accepted
x=3.24979 y=3.89996 yaw=-5.06797 score=0.988937 valid=1 mode=tracking state=TRACKING evaluated=789 execution_us=44006 reason=tracking_pose_accepted
x=3.24979 y=3.89996 yaw=-5.06891 score=0.98888 valid=1 mode=tracking state=TRACKING evaluated=789 execution_us=44605 reason=tracking_pose_accepted
x=3.24979 y=3.89996 yaw=-5.06984 score=0.988379 valid=1 mode=tracking state=TRACKING evaluated=789 execution_us=44608 reason=tracking_pose_accepted
x=3.19979 y=3.89996 yaw=-5.07078 score=0.988652 valid=1 mode=tracking state=TRACKING evaluated=789 execution_us=44998 reason=tracking_pose_accepted
x=3.24979 y=3.89996 yaw=-5.07171 score=0.98929 valid=1 mode=tracking state=TRACKING evaluated=789 execution_us=44362 reason=tracking_pose_accepted
x=3.24979 y=3.89996 yaw=-5.07264 score=0.989584 valid=1 mode=tracking state=TRACKING evaluated=789 execution_us=44174 reason=tracking_pose_accepted
x=3.24979 y=3.89996 yaw=-5.07358 score=0.989386 valid=1 mode=tracking state=TRACKING evaluated=789 execution_us=44554 reason=tracking_pose_accepted
x=3.24979 y=3.89996 yaw=-5.07451 score=0.991525 valid=1 mode=tracking state=TRACKING evaluated=789 execution_us=44603 reason=tracking_pose_accepted
x=3.24979 y=3.89996 yaw=-5.05799 score=0.988133 valid=1 mode=tracking state=TRACKING evaluated=789 execution_us=44320 reason=tracking_pose_accepted
x=3.24979 y=3.89996 yaw=-5.05893 score=0.987585 valid=1 mode=tracking state=TRACKING evaluated=789 execution_us=44742 reason=tracking_pose_accepted
x=3.24979 y=3.89996 yaw=-5.05986 score=0.988164 valid=1 mode=tracking state=TRACKING evaluated=789 execution_us=45017 reason=tracking_pose_accepted
x=3.19979 y=3.89996 yaw=-5.07825 score=0.990391 valid=1 mode=tracking state=TRACKING evaluated=789 execution_us=44347 reason=tracking_pose_accepted
x=3.24979 y=3.89996 yaw=-5.06173 score=0.989611 valid=1 mode=tracking state=TRACKING evaluated=789 execution_us=44401 reason=tracking_pose_accepted
x=3.24979 y=3.89996 yaw=-5.06266 score=0.987731 valid=1 mode=tracking state=TRACKING evaluated=789 execution_us=44316 reason=tracking_pose_accepted
x=3.24979 y=3.89996 yaw=-5.0636 score=0.988164 valid=1 mode=tracking state=TRACKING evaluated=789 execution_us=44723 reason=tracking_pose_accepted
x=3.24979 y=3.89996 yaw=-5.06453 score=0.988995 valid=1 mode=tracking state=TRACKING evaluated=789 execution_us=44452 reason=tracking_pose_accepted
x=3.24979 y=3.89996 yaw=-5.06547 score=0.989331 valid=1 mode=tracking state=TRACKING evaluated=789 execution_us=44755 reason=tracking_pose_accepted
x=3.24979 y=3.89996 yaw=-5.0664 score=0.989052 valid=1 mode=tracking state=TRACKING evaluated=789 execution_us=44770 reason=tracking_pose_accepted
x=3.24979 y=3.89996 yaw=-5.06733 score=0.990134 valid=1 mode=tracking state=TRACKING evaluated=789 execution_us=44549 reason=tracking_pose_accepted
x=3.24979 y=3.89996 yaw=-5.06827 score=0.987725 valid=1 mode=tracking state=TRACKING evaluated=789 execution_us=44432 reason=tracking_pose_accepted
x=3.24979 y=3.89996 yaw=-5.0692 score=0.99056 valid=1 mode=tracking state=TRACKING evaluated=789 execution_us=44478 reason=tracking_pose_accepted
x=3.24979 y=3.89996 yaw=-5.07014 score=0.990867 valid=1 mode=tracking state=TRACKING evaluated=789 execution_us=44877 reason=tracking_pose_accepted
x=3.24979 y=3.89996 yaw=-5.07107 score=0.98741 valid=1 mode=tracking state=TRACKING evaluated=789 execution_us=44802 reason=tracking_pose_accepted
x=3.24979 y=3.89996 yaw=-5.072 score=0.988327 valid=1 mode=tracking state=TRACKING evaluated=789 execution_us=44721 reason=tracking_pose_accepted
x=3.24979 y=3.89996 yaw=-5.07294 score=0.99111 valid=1 mode=tracking state=TRACKING evaluated=789 execution_us=44494 reason=tracking_pose_accepted
x=3.24979 y=3.89996 yaw=-5.07387 score=0.990278 valid=1 mode=tracking state=TRACKING evaluated=789 execution_us=44688 reason=tracking_pose_accepted
x=3.24979 y=3.89996 yaw=-5.07481 score=0.989318 valid=1 mode=tracking state=TRACKING evaluated=789 execution_us=45004 reason=tracking_pose_accepted
x=3.19979 y=3.89996 yaw=-5.07574 score=0.99016 valid=1 mode=tracking state=TRACKING evaluated=789 execution_us=44730 reason=tracking_pose_accepted
x=3.24979 y=3.89996 yaw=-5.07668 score=0.990568 valid=1 mode=tracking state=TRACKING evaluated=789 execution_us=44591 reason=tracking_pose_accepted
x=3.24979 y=3.89996 yaw=-5.06016 score=0.989052 valid=1 mode=tracking state=TRACKING evaluated=789 execution_us=44886 reason=tracking_pose_accepted
x=3.24979 y=3.89996 yaw=-5.06109 score=0.987488 valid=1 mode=tracking state=TRACKING evaluated=789 execution_us=44164 reason=tracking_pose_accepted
x=3.24979 y=3.89996 yaw=-5.06202 score=0.989024 valid=1 mode=tracking state=TRACKING evaluated=789 execution_us=44571 reason=tracking_pose_accepted
x=3.24979 y=3.89996 yaw=-5.06296 score=0.988717 valid=1 mode=tracking state=TRACKING evaluated=789 execution_us=44486 reason=tracking_pose_accepted
x=3.19979 y=3.89996 yaw=-5.08135 score=0.990083 valid=1 mode=tracking state=TRACKING evaluated=789 execution_us=44138 reason=tracking_pose_accepted
x=3.24979 y=3.89996 yaw=-5.06483 score=0.989303 valid=1 mode=tracking state=TRACKING evaluated=789 execution_us=45116 reason=tracking_pose_accepted
x=3.24979 y=3.89996 yaw=-5.06576 score=0.987585 valid=1 mode=tracking state=TRACKING evaluated=789 execution_us=44885 reason=tracking_pose_accepted
x=3.24979 y=3.89996 yaw=-5.0667 score=0.990584 valid=1 mode=tracking state=TRACKING evaluated=789 execution_us=44585 reason=tracking_pose_accepted
x=3.24979 y=3.89996 yaw=-5.06763 score=0.989892 valid=1 mode=tracking state=TRACKING evaluated=789 execution_us=44626 reason=tracking_pose_accepted
x=3.24979 y=3.89996 yaw=-5.06856 score=0.989945 valid=1 mode=tracking state=TRACKING evaluated=789 execution_us=44111 reason=tracking_pose_accepted
x=3.24979 y=3.89996 yaw=-5.0695 score=0.990278 valid=1 mode=tracking state=TRACKING evaluated=789 execution_us=44498 reason=tracking_pose_accepted
x=3.24979 y=3.89996 yaw=-5.07043 score=0.991767 valid=1 mode=tracking state=TRACKING evaluated=789 execution_us=44022 reason=tracking_pose_accepted
x=3.24979 y=3.89996 yaw=-5.07137 score=0.990867 valid=1 mode=tracking state=TRACKING evaluated=789 execution_us=44633 reason=tracking_pose_accepted
x=3.24979 y=3.89996 yaw=-5.0723 score=0.990469 valid=1 mode=tracking state=TRACKING evaluated=789 execution_us=44277 reason=tracking_pose_accepted
x=3.24979 y=3.89996 yaw=-5.07323 score=0.989855 valid=1 mode=tracking state=TRACKING evaluated=789 execution_us=44876 reason=tracking_pose_accepted
x=3.24979 y=3.89996 yaw=-5.07417 score=0.98919 valid=1 mode=tracking state=TRACKING evaluated=789 execution_us=43700 reason=tracking_pose_accepted
x=3.19979 y=3.89996 yaw=-5.0751 score=0.98848 valid=1 mode=tracking state=TRACKING evaluated=789 execution_us=44959 reason=tracking_pose_accepted
x=3.19979 y=3.89996 yaw=-5.07604 score=0.989108 valid=1 mode=tracking state=TRACKING evaluated=789 execution_us=44198 reason=tracking_pose_accepted
x=3.24979 y=3.89996 yaw=-5.05952 score=0.987561 valid=1 mode=tracking state=TRACKING evaluated=789 execution_us=44780 reason=tracking_pose_accepted
x=3.24979 y=3.89996 yaw=-5.06045 score=0.988133 valid=1 mode=tracking state=TRACKING evaluated=789 execution_us=44971 reason=tracking_pose_accepted
x=3.19979 y=3.89996 yaw=-5.07884 score=0.99016 valid=1 mode=tracking state=TRACKING evaluated=789 execution_us=44667 reason=tracking_pose_accepted
x=3.24979 y=3.89996 yaw=-5.06232 score=0.989584 valid=1 mode=tracking state=TRACKING evaluated=789 execution_us=44210 reason=tracking_pose_accepted
x=3.24979 y=3.89996 yaw=-5.06325 score=0.987827 valid=1 mode=tracking state=TRACKING evaluated=789 execution_us=44848 reason=tracking_pose_accepted
x=3.19979 y=3.89996 yaw=-5.08164 score=0.990416 valid=1 mode=tracking state=TRACKING evaluated=789 execution_us=44563 reason=tracking_pose_accepted
x=3.24979 y=3.89996 yaw=-5.06512 score=0.989665 valid=1 mode=tracking state=TRACKING evaluated=789 execution_us=45023 reason=tracking_pose_accepted
x=3.24979 y=3.89996 yaw=-5.06606 score=0.989866 valid=1 mode=tracking state=TRACKING evaluated=789 execution_us=44274 reason=tracking_pose_accepted
x=3.24979 y=3.89996 yaw=-5.06699 score=0.989692 valid=1 mode=tracking state=TRACKING evaluated=789 execution_us=45809 reason=tracking_pose_accepted
x=3.24979 y=3.89996 yaw=-5.06792 score=0.989971 valid=1 mode=tracking state=TRACKING evaluated=789 execution_us=45049 reason=tracking_pose_accepted
x=3.24979 y=3.89996 yaw=-5.06886 score=0.989945 valid=1 mode=tracking state=TRACKING evaluated=789 execution_us=44375 reason=tracking_pose_accepted
x=3.24979 y=3.89996 yaw=-5.06979 score=0.989244 valid=1 mode=tracking state=TRACKING evaluated=789 execution_us=44838 reason=tracking_pose_accepted
x=3.24979 y=3.89996 yaw=-5.07073 score=0.990843 valid=1 mode=tracking state=TRACKING evaluated=789 execution_us=44814 reason=tracking_pose_accepted
x=3.19979 y=3.89996 yaw=-5.07166 score=0.991003 valid=1 mode=tracking state=TRACKING evaluated=789 execution_us=44790 reason=tracking_pose_accepted
x=3.24979 y=3.89996 yaw=-5.0726 score=0.989257 valid=1 mode=tracking state=TRACKING evaluated=789 execution_us=44853 reason=tracking_pose_accepted
x=3.24979 y=3.89996 yaw=-5.07353 score=0.988633 valid=1 mode=tracking state=TRACKING evaluated=789 execution_us=44807 reason=tracking_pose_accepted
x=3.24979 y=3.89996 yaw=-5.07446 score=0.99111 valid=1 mode=tracking state=TRACKING evaluated=789 execution_us=44695 reason=tracking_pose_accepted
x=3.24979 y=3.89996 yaw=-5.05794 score=0.989692 valid=1 mode=tracking state=TRACKING evaluated=789 execution_us=44926 reason=tracking_pose_accepted
x=3.24979 y=3.89996 yaw=-5.05888 score=0.989665 valid=1 mode=tracking state=TRACKING evaluated=789 execution_us=44672 reason=tracking_pose_accepted
x=3.24979 y=3.89996 yaw=-5.05981 score=0.989665 valid=1 mode=tracking state=TRACKING evaluated=789 execution_us=44495 reason=tracking_pose_accepted
x=3.24979 y=3.89996 yaw=-5.06075 score=0.989892 valid=1 mode=tracking state=TRACKING evaluated=789 execution_us=44342 reason=tracking_pose_accepted
x=3.24979 y=3.89996 yaw=-5.06168 score=0.989052 valid=1 mode=tracking state=TRACKING evaluated=789 execution_us=44463 reason=tracking_pose_accepted
x=3.24979 y=3.89996 yaw=-5.06261 score=0.989065 valid=1 mode=tracking state=TRACKING evaluated=789 execution_us=44297 reason=tracking_pose_accepted
x=3.24979 y=3.89996 yaw=-5.06355 score=0.988995 valid=1 mode=tracking state=TRACKING evaluated=789 execution_us=44420 reason=tracking_pose_accepted
x=3.24979 y=3.89996 yaw=-5.06448 score=0.989638 valid=1 mode=tracking state=TRACKING evaluated=789 execution_us=44614 reason=tracking_pose_accepted
x=3.19979 y=3.89996 yaw=-5.08287 score=0.990723 valid=1 mode=tracking state=TRACKING evaluated=789 execution_us=44847 reason=tracking_pose_accepted
x=3.24979 y=3.89996 yaw=-5.06635 score=0.990843 valid=1 mode=tracking state=TRACKING evaluated=789 execution_us=44000 reason=tracking_pose_accepted
x=3.19979 y=3.89996 yaw=-5.08474 score=0.989828 valid=1 mode=tracking state=TRACKING evaluated=789 execution_us=44618 reason=tracking_pose_accepted
x=3.24979 y=3.89996 yaw=-5.06822 score=0.990867 valid=1 mode=tracking state=TRACKING evaluated=789 execution_us=44795 reason=tracking_pose_accepted
x=3.24979 y=3.89996 yaw=-5.06915 score=0.990867 valid=1 mode=tracking state=TRACKING evaluated=789 execution_us=45066 reason=tracking_pose_accepted
x=3.24979 y=3.89996 yaw=-5.07009 score=0.988937 valid=1 mode=tracking state=TRACKING evaluated=789 execution_us=43909 reason=tracking_pose_accepted
x=3.24979 y=3.89996 yaw=-5.07102 score=0.989665 valid=1 mode=tracking state=TRACKING evaluated=789 execution_us=44623 reason=tracking_pose_accepted
x=3.24979 y=3.89996 yaw=-5.07196 score=0.991414 valid=1 mode=tracking state=TRACKING evaluated=789 execution_us=43914 reason=tracking_pose_accepted
x=3.24979 y=3.89996 yaw=-5.07289 score=0.988633 valid=1 mode=tracking state=TRACKING evaluated=789 execution_us=44681 reason=tracking_pose_accepted
x=3.19979 y=3.89996 yaw=-5.07382 score=0.989675 valid=1 mode=tracking state=TRACKING evaluated=789 execution_us=46056 reason=tracking_pose_accepted
x=3.24979 y=3.89996 yaw=-5.07476 score=0.991726 valid=1 mode=tracking state=TRACKING evaluated=789 execution_us=44159 reason=tracking_pose_accepted
x=3.24979 y=3.89996 yaw=-5.07569 score=0.98959 valid=1 mode=tracking state=TRACKING evaluated=789 execution_us=44960 reason=tracking_pose_accepted
x=3.24979 y=3.89996 yaw=-5.05917 score=0.989745 valid=1 mode=tracking state=TRACKING evaluated=789 execution_us=44895 reason=tracking_pose_accepted
x=3.24979 y=3.89996 yaw=-5.07756 score=0.989318 valid=1 mode=tracking state=TRACKING evaluated=789 execution_us=44138 reason=tracking_pose_accepted
x=3.24979 y=3.89996 yaw=-5.06104 score=0.988995 valid=1 mode=tracking state=TRACKING evaluated=789 execution_us=44599 reason=tracking_pose_accepted
x=3.19979 y=3.89996 yaw=-5.07943 score=0.987931 valid=1 mode=tracking state=TRACKING evaluated=789 execution_us=44924 reason=tracking_pose_accepted
x=3.19979 y=3.89996 yaw=-5.08036 score=0.989119 valid=1 mode=tracking state=TRACKING evaluated=789 execution_us=44709 reason=tracking_pose_accepted
x=3.24979 y=3.89996 yaw=-5.06384 score=0.988337 valid=1 mode=tracking state=TRACKING evaluated=789 execution_us=44913 reason=tracking_pose_accepted
x=3.24979 y=3.89996 yaw=-5.06478 score=0.992422 valid=1 mode=tracking state=TRACKING evaluated=789 execution_us=44370 reason=tracking_pose_accepted
x=3.24979 y=3.89996 yaw=-5.06571 score=0.99051 valid=1 mode=tracking state=TRACKING evaluated=789 execution_us=44815 reason=tracking_pose_accepted
x=3.24979 y=3.89996 yaw=-5.06665 score=0.991151 valid=1 mode=tracking state=TRACKING evaluated=789 execution_us=44245 reason=tracking_pose_accepted
x=3.24979 y=3.89996 yaw=-5.06758 score=0.991481 valid=1 mode=tracking state=TRACKING evaluated=789 execution_us=44532 reason=tracking_pose_accepted
x=3.24979 y=3.89996 yaw=-5.06851 score=0.989603 valid=1 mode=tracking state=TRACKING evaluated=789 execution_us=44826 reason=tracking_pose_accepted
x=3.24979 y=3.89996 yaw=-5.06945 score=0.989495 valid=1 mode=tracking state=TRACKING evaluated=789 execution_us=44568 reason=tracking_pose_accepted
x=3.24979 y=3.89996 yaw=-5.07038 score=0.992075 valid=1 mode=tracking state=TRACKING evaluated=789 execution_us=45512 reason=tracking_pose_accepted
x=3.24979 y=3.89996 yaw=-5.07132 score=0.992383 valid=1 mode=tracking state=TRACKING evaluated=789 execution_us=44660 reason=tracking_pose_accepted
x=3.24979 y=3.89996 yaw=-5.07225 score=0.988644 valid=1 mode=tracking state=TRACKING evaluated=789 execution_us=44607 reason=tracking_pose_accepted
x=3.24979 y=3.89996 yaw=-5.07319 score=0.990466 valid=1 mode=tracking state=TRACKING evaluated=789 execution_us=45129 reason=tracking_pose_accepted