mission_command=START
[YDLIDAR] SDK initializing
[YDLIDAR] SDK has been initialized
[YDLIDAR] SDK Version: 1.2.7
[YDLIDAR] Lidar successfully connected [/dev/ttyS3:230400]
[YDLIDAR] Lidar running correctly! The health status: good
Current Lidar Model Code 151
[YDLIDAR] Baseplate device info
Firmware version: 1.2
Hardware version: 1
Model: Tmini Plus
Serial: 2025042300090381
[YDLIDAR] Current scan frequency: 10.00Hz
[YDLIDAR] Current scan frequency: 10.00Hz
[YDLIDAR] Lidar init success, Elapsed time 989 ms
[YDLIDAR] Create thread 0xA69B64C0
[YDLIDAR] Successed to start scan mode, Elapsed time 2097 ms
[YDLIDAR] Scan Frequency: 10.00Hz
[YDLIDAR] Fixed Size: 400
[YDLIDAR] Sample Rate: 4.00K
[YDLIDAR] Successed to check the lidar, Elapsed time 0 ms
[2026-07-23 07:55:17][info] [YDLIDAR] Now lidar is scanning...
lidar_state=RUNNING
x=6.2 y=4.55 yaw=-3.11978 score=0.90756 valid=1 mode=global state=RECOVERED evaluated=15444 execution_us=841354 reason=initial_global_pose_accepted
x=6.2 y=4.5 yaw=-3.13816 score=0.921664 valid=1 mode=tracking state=RECOVERED evaluated=789 execution_us=45027 reason=recovery_confirmation_pending
x=6.25 y=4.5 yaw=-3.1391 score=0.924976 valid=1 mode=tracking state=RECOVERED evaluated=789 execution_us=43795 reason=recovery_confirmation_pending
x=6.25 y=4.5 yaw=-3.14003 score=0.92446 valid=1 mode=tracking state=TRACKING evaluated=789 execution_us=43431 reason=recovery_confirmed
x=6.25 y=4.5 yaw=-3.14097 score=0.924687 valid=1 mode=tracking state=TRACKING evaluated=789 execution_us=43393 reason=tracking_pose_accepted
x=6.25 y=4.5 yaw=-3.1419 score=0.91876 valid=1 mode=tracking state=TRACKING evaluated=789 execution_us=42660 reason=tracking_pose_accepted
x=6.2 y=4.5 yaw=-3.14284 score=0.921771 valid=1 mode=tracking state=TRACKING evaluated=789 execution_us=42604 reason=tracking_pose_accepted
x=6.25 y=4.5 yaw=-3.14377 score=0.922099 valid=1 mode=tracking state=TRACKING evaluated=789 execution_us=42788 reason=tracking_pose_accepted
x=6.25 y=4.5 yaw=-3.1447 score=0.91876 valid=1 mode=tracking state=TRACKING evaluated=789 execution_us=42822 reason=tracking_pose_accepted
x=6.2 y=4.5 yaw=-3.14564 score=0.919571 valid=1 mode=tracking state=TRACKING evaluated=789 execution_us=43057 reason=tracking_pose_accepted
x=6.2 y=4.5 yaw=-3.14657 score=0.917242 valid=1 mode=tracking state=TRACKING evaluated=789 execution_us=42231 reason=tracking_pose_accepted
x=6.25 y=4.5 yaw=-3.14751 score=0.919513 valid=1 mode=tracking state=TRACKING evaluated=789 execution_us=42903 reason=tracking_pose_accepted
x=6.19999 y=4.55 yaw=-3.11353 score=0.91912 valid=1 mode=tracking state=TRACKING evaluated=789 execution_us=43223 reason=tracking_pose_accepted
x=6.19999 y=4.55 yaw=-3.11447 score=0.917397 valid=1 mode=tracking state=TRACKING evaluated=789 execution_us=43230 reason=tracking_pose_accepted
x=6.19999 y=4.55 yaw=-3.1154 score=0.917105 valid=1 mode=tracking state=TRACKING evaluated=789 execution_us=42684 reason=tracking_pose_accepted
x=6.19999 y=4.55 yaw=-3.11634 score=0.919714 valid=1 mode=tracking state=TRACKING evaluated=789 execution_us=42985 reason=tracking_pose_accepted
x=6.19999 y=4.5 yaw=-3.13473 score=0.923696 valid=1 mode=tracking state=TRACKING evaluated=789 execution_us=43443 reason=tracking_pose_accepted
x=6.24999 y=4.5 yaw=-3.13566 score=0.921252 valid=1 mode=tracking state=TRACKING evaluated=789 execution_us=42854 reason=tracking_pose_accepted
x=6.24999 y=4.5 yaw=-3.13659 score=0.921255 valid=1 mode=tracking state=TRACKING evaluated=789 execution_us=43351 reason=tracking_pose_accepted
x=6.24999 y=4.5 yaw=-3.13753 score=0.923529 valid=1 mode=tracking state=TRACKING evaluated=789 execution_us=43664 reason=tracking_pose_accepted
x=6.24999 y=4.5 yaw=-3.13846 score=0.923641 valid=1 mode=tracking state=TRACKING evaluated=789 execution_us=43221 reason=tracking_pose_accepted
x=6.24999 y=4.5 yaw=-3.1394 score=0.927021 valid=1 mode=tracking state=TRACKING evaluated=789 execution_us=43001 reason=tracking_pose_accepted
x=6.19999 y=4.5 yaw=-3.14033 score=0.922252 valid=1 mode=tracking state=TRACKING evaluated=789 execution_us=43303 reason=tracking_pose_accepted
x=6.24999 y=4.5 yaw=-3.14127 score=0.924775 valid=1 mode=tracking state=TRACKING evaluated=789 execution_us=43065 reason=tracking_pose_accepted
x=6.24999 y=4.5 yaw=-3.1422 score=0.922517 valid=1 mode=tracking state=TRACKING evaluated=789 execution_us=43068 reason=tracking_pose_accepted
x=6.24999 y=4.5 yaw=-3.14313 score=0.927216 valid=1 mode=tracking state=TRACKING evaluated=789 execution_us=43354 reason=tracking_pose_accepted
x=6.24999 y=4.5 yaw=-3.14407 score=0.918564 valid=1 mode=tracking state=TRACKING evaluated=789 execution_us=43199 reason=tracking_pose_accepted
x=6.24999 y=4.5 yaw=-3.145 score=0.921885 valid=1 mode=tracking state=TRACKING evaluated=789 execution_us=43001 reason=tracking_pose_accepted
x=6.19999 y=4.55 yaw=-3.11103 score=0.917626 valid=1 mode=tracking state=TRACKING evaluated=789 execution_us=43096 reason=tracking_pose_accepted
x=6.19999 y=4.55 yaw=-3.11197 score=0.92251 valid=1 mode=tracking state=TRACKING evaluated=789 execution_us=43417 reason=tracking_pose_accepted
x=6.24999 y=4.5 yaw=-3.14781 score=0.92099 valid=1 mode=tracking state=TRACKING evaluated=789 execution_us=43189 reason=tracking_pose_accepted
x=6.24999 y=4.5 yaw=-3.14874 score=0.921199 valid=1 mode=tracking state=TRACKING evaluated=789 execution_us=43424 reason=tracking_pose_accepted
x=6.19999 y=4.55 yaw=-3.11477 score=0.92036 valid=1 mode=tracking state=TRACKING evaluated=789 execution_us=43010 reason=tracking_pose_accepted
x=6.19998 y=4.55 yaw=-3.1157 score=0.922132 valid=1 mode=tracking state=TRACKING evaluated=789 execution_us=43598 reason=tracking_pose_accepted
x=6.19998 y=4.55 yaw=-3.11664 score=0.918213 valid=1 mode=tracking state=TRACKING evaluated=789 execution_us=43579 reason=tracking_pose_accepted
x=6.19998 y=4.55 yaw=-3.11757 score=0.919597 valid=1 mode=tracking state=TRACKING evaluated=789 execution_us=42577 reason=tracking_pose_accepted
x=6.19998 y=4.5 yaw=-3.13596 score=0.921412 valid=1 mode=tracking state=TRACKING evaluated=789 execution_us=43516 reason=tracking_pose_accepted
x=6.24998 y=4.5 yaw=-3.13689 score=0.925375 valid=1 mode=tracking state=TRACKING evaluated=789 execution_us=43719 reason=tracking_pose_accepted
x=6.24998 y=4.5 yaw=-3.13783 score=0.921569 valid=1 mode=tracking state=TRACKING evaluated=789 execution_us=43389 reason=tracking_pose_accepted
x=6.24998 y=4.5 yaw=-3.13876 score=0.926748 valid=1 mode=tracking state=TRACKING evaluated=789 execution_us=43380 reason=tracking_pose_accepted
x=6.19998 y=4.5 yaw=-3.1397 score=0.922155 valid=1 mode=tracking state=TRACKING evaluated=789 execution_us=43507 reason=tracking_pose_accepted
x=6.19998 y=4.5 yaw=-3.14063 score=0.924033 valid=1 mode=tracking state=TRACKING evaluated=789 execution_us=43305 reason=tracking_pose_accepted
x=6.19998 y=4.5 yaw=-3.14157 score=0.922567 valid=1 mode=tracking state=TRACKING evaluated=789 execution_us=43072 reason=tracking_pose_accepted
x=6.24998 y=4.5 yaw=-3.1425 score=0.920931 valid=1 mode=tracking state=TRACKING evaluated=789 execution_us=43065 reason=tracking_pose_accepted
x=6.24998 y=4.5 yaw=-3.14343 score=0.92765 valid=1 mode=tracking state=TRACKING evaluated=789 execution_us=43202 reason=tracking_pose_accepted
x=6.19998 y=4.5 yaw=-3.14437 score=0.919298 valid=1 mode=tracking state=TRACKING evaluated=789 execution_us=43270 reason=tracking_pose_accepted
x=6.24998 y=4.5 yaw=-3.1453 score=0.922814 valid=1 mode=tracking state=TRACKING evaluated=789 execution_us=43482 reason=tracking_pose_accepted
x=6.19998 y=4.55 yaw=-3.11133 score=0.916619 valid=1 mode=tracking state=TRACKING evaluated=789 execution_us=43235 reason=tracking_pose_accepted
x=6.24998 y=4.5 yaw=-3.14717 score=0.921463 valid=1 mode=tracking state=TRACKING evaluated=789 execution_us=43108 reason=tracking_pose_accepted
x=6.24998 y=4.5 yaw=-3.14811 score=0.917999 valid=1 mode=tracking state=TRACKING evaluated=789 execution_us=42337 reason=tracking_pose_accepted
x=6.24998 y=4.5 yaw=-3.14904 score=0.922201 valid=1 mode=tracking state=TRACKING evaluated=789 execution_us=43334 reason=tracking_pose_accepted
x=6.19998 y=4.55 yaw=-3.11507 score=0.917218 valid=1 mode=tracking state=TRACKING evaluated=789 execution_us=43055 reason=tracking_pose_accepted
x=6.24998 y=4.5 yaw=-3.15091 score=0.919656 valid=1 mode=tracking state=TRACKING evaluated=789 execution_us=42601 reason=tracking_pose_accepted
x=6.19998 y=4.55 yaw=-3.11694 score=0.917932 valid=1 mode=tracking state=TRACKING evaluated=789 execution_us=43513 reason=tracking_pose_accepted
x=6.24997 y=4.5 yaw=-3.13532 score=0.92194 valid=1 mode=tracking state=TRACKING evaluated=789 execution_us=42501 reason=tracking_pose_accepted
x=6.19997 y=4.5 yaw=-3.13626 score=0.920237 valid=1 mode=tracking state=TRACKING evaluated=789 execution_us=42416 reason=tracking_pose_accepted
x=6.24997 y=4.5 yaw=-3.13719 score=0.923418 valid=1 mode=tracking state=TRACKING evaluated=789 execution_us=42796 reason=tracking_pose_accepted
x=6.19997 y=4.5 yaw=-3.13813 score=0.922145 valid=1 mode=tracking state=TRACKING evaluated=789 execution_us=42996 reason=tracking_pose_accepted
x=6.24997 y=4.5 yaw=-3.13906 score=0.922303 valid=1 mode=tracking state=TRACKING evaluated=789 execution_us=43664 reason=tracking_pose_accepted
x=6.24997 y=4.5 yaw=-3.14 score=0.92475 valid=1 mode=tracking state=TRACKING evaluated=789 execution_us=43413 reason=tracking_pose_accepted
x=6.24997 y=4.5 yaw=-3.14093 score=0.928105 valid=1 mode=tracking state=TRACKING evaluated=789 execution_us=43494 reason=tracking_pose_accepted
x=6.19997 y=4.5 yaw=-3.14187 score=0.922047 valid=1 mode=tracking state=TRACKING evaluated=789 execution_us=43736 reason=tracking_pose_accepted
x=6.24997 y=4.5 yaw=-3.1428 score=0.924257 valid=1 mode=tracking state=TRACKING evaluated=789 execution_us=42810 reason=tracking_pose_accepted
x=6.24997 y=4.5 yaw=-3.14373 score=0.918564 valid=1 mode=tracking state=TRACKING evaluated=789 execution_us=43295 reason=tracking_pose_accepted
x=6.24997 y=4.5 yaw=-3.14467 score=0.922517 valid=1 mode=tracking state=TRACKING evaluated=789 execution_us=43239 reason=tracking_pose_accepted
x=6.24997 y=4.5 yaw=-3.1456 score=0.919729 valid=1 mode=tracking state=TRACKING evaluated=789 execution_us=43246 reason=tracking_pose_accepted
x=6.24997 y=4.5 yaw=-3.14654 score=0.922834 valid=1 mode=tracking state=TRACKING evaluated=789 execution_us=43605 reason=tracking_pose_accepted
x=6.24997 y=4.5 yaw=-3.14747 score=0.919917 valid=1 mode=tracking state=TRACKING evaluated=789 execution_us=42616 reason=tracking_pose_accepted
x=6.24997 y=4.5 yaw=-3.14841 score=0.921781 valid=1 mode=tracking state=TRACKING evaluated=789 execution_us=42952 reason=tracking_pose_accepted
x=6.19997 y=4.55 yaw=-3.11443 score=0.92036 valid=1 mode=tracking state=TRACKING evaluated=789 execution_us=43659 reason=tracking_pose_accepted
x=6.19997 y=4.55 yaw=-3.11537 score=0.918787 valid=1 mode=tracking state=TRACKING evaluated=789 execution_us=43275 reason=tracking_pose_accepted
x=6.19997 y=4.55 yaw=-3.1163 score=0.919197 valid=1 mode=tracking state=TRACKING evaluated=789 execution_us=43075 reason=tracking_pose_accepted
x=6.19997 y=4.5 yaw=-3.13469 score=0.917519 valid=1 mode=tracking state=TRACKING evaluated=789 execution_us=42912 reason=tracking_pose_accepted
x=6.24997 y=4.5 yaw=-3.13562 score=0.924863 valid=1 mode=tracking state=TRACKING evaluated=789 execution_us=43410 reason=tracking_pose_accepted
x=6.24997 y=4.5 yaw=-3.13656 score=0.923418 valid=1 mode=tracking state=TRACKING evaluated=789 execution_us=59730 reason=tracking_pose_accepted
x=6.19996 y=4.5 yaw=-3.13749 score=0.921412 valid=1 mode=tracking state=TRACKING evaluated=789 execution_us=76945 reason=tracking_pose_accepted
x=6.24996 y=4.5 yaw=-3.13843 score=0.921044 valid=1 mode=tracking state=TRACKING evaluated=789 execution_us=43461 reason=tracking_pose_accepted
x=6.24996 y=4.5 yaw=-3.13936 score=0.924662 valid=1 mode=tracking state=TRACKING evaluated=789 execution_us=43828 reason=tracking_pose_accepted
x=6.19996 y=4.5 yaw=-3.1403 score=0.922366 valid=1 mode=tracking state=TRACKING evaluated=789 execution_us=42749 reason=tracking_pose_accepted
x=6.19996 y=4.5 yaw=-3.14123 score=0.92298 valid=1 mode=tracking state=TRACKING evaluated=789 execution_us=43382 reason=tracking_pose_accepted
x=6.19996 y=4.5 yaw=-3.14216 score=0.921558 valid=1 mode=tracking state=TRACKING evaluated=789 execution_us=43011 reason=tracking_pose_accepted
x=6.24996 y=4.5 yaw=-3.1431 score=0.921887 valid=1 mode=tracking state=TRACKING evaluated=789 execution_us=42639 reason=tracking_pose_accepted
x=6.24996 y=4.5 yaw=-3.14403 score=0.92651 valid=1 mode=tracking state=TRACKING evaluated=789 execution_us=43113 reason=tracking_pose_accepted
x=6.19996 y=4.5 yaw=-3.14497 score=0.921558 valid=1 mode=tracking state=TRACKING evaluated=789 execution_us=43426 reason=tracking_pose_accepted
x=6.24996 y=4.5 yaw=-3.1459 score=0.921463 valid=1 mode=tracking state=TRACKING evaluated=789 execution_us=43648 reason=tracking_pose_accepted
x=6.24996 y=4.5 yaw=-3.14684 score=0.919078 valid=1 mode=tracking state=TRACKING evaluated=789 execution_us=43353 reason=tracking_pose_accepted
x=6.24996 y=4.5 yaw=-3.14777 score=0.922734 valid=1 mode=tracking state=TRACKING evaluated=789 execution_us=70699 reason=tracking_pose_accepted
x=6.19996 y=4.55 yaw=-3.1138 score=0.918345 valid=1 mode=tracking state=TRACKING evaluated=789 execution_us=73682 reason=tracking_pose_accepted
x=6.19996 y=4.55 yaw=-3.11473 score=0.917054 valid=1 mode=tracking state=TRACKING evaluated=789 execution_us=43116 reason=tracking_pose_accepted
x=6.19996 y=4.55 yaw=-3.11567 score=0.917941 valid=1 mode=tracking state=TRACKING evaluated=789 execution_us=43295 reason=tracking_pose_accepted
x=6.19996 y=4.55 yaw=-3.1166 score=0.920656 valid=1 mode=tracking state=TRACKING evaluated=789 execution_us=43210 reason=tracking_pose_accepted
x=6.24996 y=4.5 yaw=-3.13499 score=0.921306 valid=1 mode=tracking state=TRACKING evaluated=789 execution_us=43239 reason=tracking_pose_accepted
x=6.19996 y=4.5 yaw=-3.13592 score=0.92315 valid=1 mode=tracking state=TRACKING evaluated=789 execution_us=42988 reason=tracking_pose_accepted
x=6.19996 y=4.5 yaw=-3.13686 score=0.921515 valid=1 mode=tracking state=TRACKING evaluated=789 execution_us=44004 reason=tracking_pose_accepted
x=6.24996 y=4.5 yaw=-3.13779 score=0.922303 valid=1 mode=tracking state=TRACKING evaluated=789 execution_us=43919 reason=tracking_pose_accepted
x=6.24996 y=4.5 yaw=-3.13873 score=0.921674 valid=1 mode=tracking state=TRACKING evaluated=789 execution_us=42994 reason=tracking_pose_accepted
x=6.24995 y=4.5 yaw=-3.13966 score=0.924775 valid=1 mode=tracking state=TRACKING evaluated=789 execution_us=43519 reason=tracking_pose_accepted
x=6.24995 y=4.5 yaw=-3.1406 score=0.92446 valid=1 mode=tracking state=TRACKING evaluated=789 execution_us=43060 reason=tracking_pose_accepted
x=6.24995 y=4.5 yaw=-3.14153 score=0.92104 valid=1 mode=tracking state=TRACKING evaluated=789 execution_us=42923 reason=tracking_pose_accepted
x=6.24995 y=4.5 yaw=-3.14246 score=0.923847 valid=1 mode=tracking state=TRACKING evaluated=789 execution_us=43152 reason=tracking_pose_accepted
x=6.19995 y=4.5 yaw=-3.1434 score=0.920924 valid=1 mode=tracking state=TRACKING evaluated=789 execution_us=42931 reason=tracking_pose_accepted
x=6.24995 y=4.5 yaw=-3.14433 score=0.92241 valid=1 mode=tracking state=TRACKING evaluated=789 execution_us=42923 reason=tracking_pose_accepted
x=6.24995 y=4.5 yaw=-3.14527 score=0.921674 valid=1 mode=tracking state=TRACKING evaluated=789 execution_us=43174 reason=tracking_pose_accepted
x=6.24995 y=4.5 yaw=-3.1462 score=0.919729 valid=1 mode=tracking state=TRACKING evaluated=789 execution_us=43185 reason=tracking_pose_accepted
x=6.24995 y=4.5 yaw=-3.14714 score=0.918345 valid=1 mode=tracking state=TRACKING evaluated=789 execution_us=43603 reason=tracking_pose_accepted
x=6.19995 y=4.55 yaw=-3.11316 score=0.917488 valid=1 mode=tracking state=TRACKING evaluated=789 execution_us=42943 reason=tracking_pose_accepted
x=6.24995 y=4.5 yaw=-3.149 score=0.922417 valid=1 mode=tracking state=TRACKING evaluated=789 execution_us=43198 reason=tracking_pose_accepted
x=6.19995 y=4.55 yaw=-3.11503 score=0.916053 valid=1 mode=tracking state=TRACKING evaluated=789 execution_us=43670 reason=tracking_pose_accepted
x=6.24995 y=4.5 yaw=-3.15087 score=0.918842 valid=1 mode=tracking state=TRACKING evaluated=789 execution_us=43155 reason=tracking_pose_accepted
x=6.24995 y=4.5 yaw=-3.13435 score=0.922145 valid=1 mode=tracking state=TRACKING evaluated=789 execution_us=43393 reason=tracking_pose_accepted
x=6.24995 y=4.5 yaw=-3.13529 score=0.922676 valid=1 mode=tracking state=TRACKING evaluated=789 execution_us=43271 reason=tracking_pose_accepted
x=6.24995 y=4.5 yaw=-3.13622 score=0.925395 valid=1 mode=tracking state=TRACKING evaluated=789 execution_us=42906 reason=tracking_pose_accepted
x=6.24995 y=4.5 yaw=-3.13716 score=0.922252 valid=1 mode=tracking state=TRACKING evaluated=789 execution_us=43730 reason=tracking_pose_accepted
x=6.24995 y=4.5 yaw=-3.13809 score=0.924347 valid=1 mode=tracking state=TRACKING evaluated=789 execution_us=43551 reason=tracking_pose_accepted
x=6.19995 y=4.5 yaw=-3.13903 score=0.921727 valid=1 mode=tracking state=TRACKING evaluated=789 execution_us=43150 reason=tracking_pose_accepted
x=6.24995 y=4.5 yaw=-3.13996 score=0.923041 valid=1 mode=tracking state=TRACKING evaluated=789 execution_us=43607 reason=tracking_pose_accepted
x=6.19994 y=4.5 yaw=-3.1409 score=0.923077 valid=1 mode=tracking state=TRACKING evaluated=789 execution_us=43473 reason=tracking_pose_accepted
x=6.24994 y=4.5 yaw=-3.14183 score=0.930438 valid=1 mode=tracking state=TRACKING evaluated=789 execution_us=42566 reason=tracking_pose_accepted
x=6.24994 y=4.5 yaw=-3.12531 score=0.930553 valid=1 mode=tracking state=TRACKING evaluated=789 execution_us=43196 reason=tracking_pose_accepted
x=6.24994 y=4.45 yaw=-3.09134 score=0.930953 valid=1 mode=tracking state=TRACKING evaluated=789 execution_us=43207 reason=tracking_pose_accepted
x=6.24994 y=4.45 yaw=-3.05737 score=0.933627 valid=1 mode=tracking state=TRACKING evaluated=789 execution_us=43305 reason=tracking_pose_accepted
x=6.24994 y=4.4 yaw=-3.07575 score=0.947246 valid=1 mode=tracking state=TRACKING evaluated=789 execution_us=43602 reason=tracking_pose_accepted
x=6.24994 y=4.35 yaw=-3.09414 score=0.95486 valid=1 mode=tracking state=TRACKING evaluated=789 execution_us=43599 reason=tracking_pose_accepted
x=6.19994 y=4.3 yaw=-3.14744 score=0.958655 valid=1 mode=tracking state=TRACKING evaluated=789 execution_us=43605 reason=tracking_pose_accepted
x=6.24994 y=4.25 yaw=-3.16582 score=0.961255 valid=1 mode=tracking state=TRACKING evaluated=789 execution_us=43080 reason=tracking_pose_accepted
x=6.19994 y=4.2 yaw=-3.18421 score=0.943005 valid=1 mode=tracking state=TRACKING evaluated=789 execution_us=42943 reason=tracking_pose_accepted
x=6.19994 y=4.15 yaw=-3.2026 score=0.941424 valid=1 mode=tracking state=TRACKING evaluated=789 execution_us=42210 reason=tracking_pose_accepted
x=6.24994 y=4.1 yaw=-3.22099 score=0.945077 valid=1 mode=tracking state=TRACKING evaluated=789 execution_us=43789 reason=tracking_pose_accepted
x=6.24994 y=4.05 yaw=-3.23937 score=0.95272 valid=1 mode=tracking state=TRACKING evaluated=789 execution_us=42979 reason=tracking_pose_accepted
x=6.24994 y=4.05 yaw=-3.22285 score=0.946809 valid=1 mode=tracking state=TRACKING evaluated=789 execution_us=43638 reason=tracking_pose_accepted
x=6.24994 y=4 yaw=-3.24124 score=0.947385 valid=1 mode=tracking state=TRACKING evaluated=789 execution_us=43623 reason=tracking_pose_accepted
x=6.24994 y=3.95 yaw=-3.24218 score=0.943647 valid=1 mode=tracking state=TRACKING evaluated=789 execution_us=44689 reason=tracking_pose_accepted
x=6.24994 y=3.95 yaw=-3.22566 score=0.944488 valid=1 mode=tracking state=TRACKING evaluated=789 execution_us=43081 reason=tracking_pose_accepted
x=6.24994 y=3.95 yaw=-3.20914 score=0.9437 valid=1 mode=tracking state=TRACKING evaluated=789 execution_us=43462 reason=tracking_pose_accepted
x=6.24994 y=3.95 yaw=-3.22752 score=0.931839 valid=1 mode=tracking state=TRACKING evaluated=807 execution_us=45304 reason=tracking_pose_accepted
x=6.24994 y=3.95 yaw=-3.22846 score=0.929443 valid=1 mode=tracking state=TRACKING evaluated=789 execution_us=43205 reason=tracking_pose_accepted
x=6.24994 y=3.9 yaw=-3.24685 score=0.936808 valid=1 mode=tracking state=TRACKING evaluated=807 execution_us=45063 reason=tracking_pose_accepted
x=6.24994 y=3.9 yaw=-3.24778 score=0.944727 valid=1 mode=tracking state=TRACKING evaluated=789 execution_us=44281 reason=tracking_pose_accepted
x=6.24993 y=3.9 yaw=-3.24871 score=0.946537 valid=1 mode=tracking state=TRACKING evaluated=789 execution_us=43385 reason=tracking_pose_accepted
x=6.24993 y=3.9 yaw=-3.21474 score=0.941489 valid=1 mode=tracking state=TRACKING evaluated=807 execution_us=44490 reason=tracking_pose_accepted
x=6.24993 y=3.9 yaw=-3.16332 score=0.947059 valid=1 mode=tracking state=TRACKING evaluated=789 execution_us=45209 reason=tracking_pose_accepted
x=6.24993 y=3.9 yaw=-3.12934 score=0.944993 valid=1 mode=tracking state=TRACKING evaluated=807 execution_us=45020 reason=tracking_pose_accepted
x=6.24993 y=3.9 yaw=-3.11283 score=0.939633 valid=1 mode=tracking state=TRACKING evaluated=789 execution_us=44660 reason=tracking_pose_accepted
x=6.24993 y=3.9 yaw=-3.13121 score=0.946706 valid=1 mode=tracking state=TRACKING evaluated=807 execution_us=45581 reason=tracking_pose_accepted
x=6.24993 y=3.9 yaw=-3.1496 score=0.940245 valid=1 mode=tracking state=TRACKING evaluated=789 execution_us=44005 reason=tracking_pose_accepted
x=6.24993 y=3.9 yaw=-3.15054 score=0.940918 valid=1 mode=tracking state=TRACKING evaluated=807 execution_us=45312 reason=tracking_pose_accepted
x=6.24993 y=3.9 yaw=-3.15147 score=0.935517 valid=1 mode=tracking state=TRACKING evaluated=789 execution_us=43776 reason=tracking_pose_accepted
x=6.24993 y=3.9 yaw=-3.1524 score=0.933313 valid=1 mode=tracking state=TRACKING evaluated=807 execution_us=44672 reason=tracking_pose_accepted
x=6.24993 y=3.89999 yaw=-3.13589 score=0.932019 valid=1 mode=tracking state=TRACKING evaluated=789 execution_us=44300 reason=tracking_pose_accepted
x=6.24993 y=3.89999 yaw=-3.15427 score=0.932179 valid=1 mode=tracking state=TRACKING evaluated=807 execution_us=44782 reason=tracking_pose_accepted
x=6.19993 y=3.89999 yaw=-3.15521 score=0.925729 valid=1 mode=tracking state=TRACKING evaluated=789 execution_us=44068 reason=tracking_pose_accepted
x=6.19993 y=3.89999 yaw=-3.15614 score=0.939483 valid=1 mode=tracking state=TRACKING evaluated=807 execution_us=45201 reason=tracking_pose_accepted
x=6.24993 y=3.89999 yaw=-3.13962 score=0.936365 valid=1 mode=tracking state=TRACKING evaluated=789 execution_us=44113 reason=tracking_pose_accepted
x=6.19993 y=3.89999 yaw=-3.15801 score=0.935871 valid=1 mode=tracking state=TRACKING evaluated=807 execution_us=44876 reason=tracking_pose_accepted
x=6.19993 y=3.89999 yaw=-3.14149 score=0.933727 valid=1 mode=tracking state=TRACKING evaluated=789 execution_us=44138 reason=tracking_pose_accepted
x=6.19993 y=3.89999 yaw=-3.14242 score=0.938687 valid=1 mode=tracking state=TRACKING evaluated=807 execution_us=44990 reason=tracking_pose_accepted
x=6.19993 y=3.89999 yaw=-3.14336 score=0.942592 valid=1 mode=tracking state=TRACKING evaluated=789 execution_us=43454 reason=tracking_pose_accepted
x=6.19993 y=3.89999 yaw=-3.14429 score=0.941176 valid=1 mode=tracking state=TRACKING evaluated=807 execution_us=44675 reason=tracking_pose_accepted
x=6.19992 y=3.89999 yaw=-3.14523 score=0.942103 valid=1 mode=tracking state=TRACKING evaluated=789 execution_us=44461 reason=tracking_pose_accepted
x=6.19992 y=3.89999 yaw=-3.14616 score=0.937753 valid=1 mode=tracking state=TRACKING evaluated=807 execution_us=44624 reason=tracking_pose_accepted
x=6.19992 y=3.89999 yaw=-3.1471 score=0.939783 valid=1 mode=tracking state=TRACKING evaluated=789 execution_us=43611 reason=tracking_pose_accepted
x=6.19992 y=3.94999 yaw=-3.11312 score=0.92807 valid=1 mode=tracking state=TRACKING evaluated=807 execution_us=44988 reason=tracking_pose_accepted
x=6.19992 y=3.94999 yaw=-3.11406 score=0.922758 valid=1 mode=tracking state=TRACKING evaluated=789 execution_us=43320 reason=tracking_pose_accepted
x=6.19992 y=3.94999 yaw=-3.11499 score=0.929112 valid=1 mode=tracking state=TRACKING evaluated=807 execution_us=45321 reason=tracking_pose_accepted
x=6.19992 y=3.89999 yaw=-3.13338 score=0.933571 valid=1 mode=tracking state=TRACKING evaluated=789 execution_us=44098 reason=tracking_pose_accepted
x=6.19992 y=3.89999 yaw=-3.13431 score=0.938383 valid=1 mode=tracking state=TRACKING evaluated=789 execution_us=44829 reason=tracking_pose_accepted
x=6.19992 y=3.89999 yaw=-3.1527 score=0.939525 valid=1 mode=tracking state=TRACKING evaluated=807 execution_us=45014 reason=tracking_pose_accepted
x=6.19992 y=3.89999 yaw=-3.13618 score=0.938089 valid=1 mode=tracking state=TRACKING evaluated=789 execution_us=44346 reason=tracking_pose_accepted
x=6.19992 y=3.89999 yaw=-3.13712 score=0.939175 valid=1 mode=tracking state=TRACKING evaluated=807 execution_us=45198 reason=tracking_pose_accepted
x=6.19992 y=3.89999 yaw=-3.13805 score=0.937597 valid=1 mode=tracking state=TRACKING evaluated=789 execution_us=44457 reason=tracking_pose_accepted
x=6.19992 y=3.89998 yaw=-3.13898 score=0.931995 valid=1 mode=tracking state=TRACKING evaluated=807 execution_us=44675 reason=tracking_pose_accepted
x=6.19992 y=3.89998 yaw=-3.13992 score=0.937307 valid=1 mode=tracking state=TRACKING evaluated=789 execution_us=43658 reason=tracking_pose_accepted
x=6.19992 y=3.89998 yaw=-3.14085 score=0.938545 valid=1 mode=tracking state=TRACKING evaluated=807 execution_us=44947 reason=tracking_pose_accepted
x=6.19992 y=3.89998 yaw=-3.14179 score=0.936055 valid=1 mode=tracking state=TRACKING evaluated=789 execution_us=43833 reason=tracking_pose_accepted
x=6.19992 y=3.89998 yaw=-3.14272 score=0.935544 valid=1 mode=tracking state=TRACKING evaluated=807 execution_us=44537 reason=tracking_pose_accepted
x=6.19992 y=3.89998 yaw=-3.14366 score=0.931995 valid=1 mode=tracking state=TRACKING evaluated=789 execution_us=43926 reason=tracking_pose_accepted
x=6.19992 y=3.89998 yaw=-3.14459 score=0.933939 valid=1 mode=tracking state=TRACKING evaluated=807 execution_us=45311 reason=tracking_pose_accepted
x=6.19992 y=3.89998 yaw=-3.14552 score=0.935744 valid=1 mode=tracking state=TRACKING evaluated=789 execution_us=44361 reason=tracking_pose_accepted
x=6.19992 y=3.89998 yaw=-3.14646 score=0.934623 valid=1 mode=tracking state=TRACKING evaluated=807 execution_us=44410 reason=tracking_pose_accepted
x=6.19991 y=3.89998 yaw=-3.14739 score=0.940552 valid=1 mode=tracking state=TRACKING evaluated=789 execution_us=43753 reason=tracking_pose_accepted
x=6.19991 y=3.89998 yaw=-3.14833 score=0.941021 valid=1 mode=tracking state=TRACKING evaluated=807 execution_us=45217 reason=tracking_pose_accepted
x=6.19991 y=3.89998 yaw=-3.14926 score=0.926587 valid=1 mode=tracking state=TRACKING evaluated=789 execution_us=43697 reason=tracking_pose_accepted
x=6.19991 y=3.94998 yaw=-3.11529 score=0.925119 valid=1 mode=tracking state=TRACKING evaluated=807 execution_us=45042 reason=tracking_pose_accepted
x=6.19991 y=3.89998 yaw=-3.13368 score=0.935091 valid=1 mode=tracking state=TRACKING evaluated=789 execution_us=44074 reason=tracking_pose_accepted
x=6.19991 y=3.89998 yaw=-3.13461 score=0.938706 valid=1 mode=tracking state=TRACKING evaluated=789 execution_us=44030 reason=tracking_pose_accepted
x=6.19991 y=3.89998 yaw=-3.13554 score=0.935941 valid=1 mode=tracking state=TRACKING evaluated=807 execution_us=45326 reason=tracking_pose_accepted
x=6.19991 y=3.89998 yaw=-3.13648 score=0.932127 valid=1 mode=tracking state=TRACKING evaluated=789 execution_us=44687 reason=tracking_pose_accepted
x=6.19991 y=3.89998 yaw=-3.13741 score=0.935091 valid=1 mode=tracking state=TRACKING evaluated=807 execution_us=45690 reason=tracking_pose_accepted
x=6.19991 y=3.89998 yaw=-3.13835 score=0.935913 valid=1 mode=tracking state=TRACKING evaluated=789 execution_us=44598 reason=tracking_pose_accepted
x=6.19991 y=3.89998 yaw=-3.13928 score=0.935773 valid=1 mode=tracking state=TRACKING evaluated=807 execution_us=45132 reason=tracking_pose_accepted
x=6.19991 y=3.89998 yaw=-3.14021 score=0.938072 valid=1 mode=tracking state=TRACKING evaluated=789 execution_us=44148 reason=tracking_pose_accepted
x=6.19991 y=3.89998 yaw=-3.14115 score=0.938842 valid=1 mode=tracking state=TRACKING evaluated=807 execution_us=44902 reason=tracking_pose_accepted
x=6.19991 y=3.89997 yaw=-3.14208 score=0.936082 valid=1 mode=tracking state=TRACKING evaluated=789 execution_us=44226 reason=tracking_pose_accepted
x=6.19991 y=3.89997 yaw=-3.14302 score=0.939324 valid=1 mode=tracking state=TRACKING evaluated=807 execution_us=45131 reason=tracking_pose_accepted
x=6.19991 y=3.89997 yaw=-3.14395 score=0.933375 valid=1 mode=tracking state=TRACKING evaluated=789 execution_us=44091 reason=tracking_pose_accepted
x=6.19991 y=3.89997 yaw=-3.14489 score=0.934174 valid=1 mode=tracking state=TRACKING evaluated=807 execution_us=44715 reason=tracking_pose_accepted
x=6.19991 y=3.89997 yaw=-3.14582 score=0.932795 valid=1 mode=tracking state=TRACKING evaluated=789 execution_us=44399 reason=tracking_pose_accepted
x=6.19991 y=3.89997 yaw=-3.14675 score=0.923389 valid=1 mode=tracking state=TRACKING evaluated=807 execution_us=44628 reason=tracking_pose_accepted
x=6.19991 y=3.94997 yaw=-3.11278 score=0.923922 valid=1 mode=tracking state=TRACKING evaluated=789 execution_us=44039 reason=tracking_pose_accepted
x=6.19991 y=3.89997 yaw=-3.14862 score=0.928605 valid=1 mode=tracking state=TRACKING evaluated=789 execution_us=45002 reason=tracking_pose_accepted
x=6.1999 y=3.89997 yaw=-3.1321 score=0.934813 valid=1 mode=tracking state=TRACKING evaluated=789 execution_us=43764 reason=tracking_pose_accepted
x=6.1999 y=3.89997 yaw=-3.13304 score=0.934919 valid=1 mode=tracking state=TRACKING evaluated=789 execution_us=43429 reason=tracking_pose_accepted
x=6.1999 y=3.89997 yaw=-3.13397 score=0.934846 valid=1 mode=tracking state=TRACKING evaluated=807 execution_us=45174 reason=tracking_pose_accepted
x=6.1999 y=3.89997 yaw=-3.13491 score=0.934779 valid=1 mode=tracking state=TRACKING evaluated=789 execution_us=43734 reason=tracking_pose_accepted
x=6.1999 y=3.89997 yaw=-3.13584 score=0.937943 valid=1 mode=tracking state=TRACKING evaluated=807 execution_us=45522 reason=tracking_pose_accepted
x=6.1999 y=3.89997 yaw=-3.13677 score=0.934952 valid=1 mode=tracking state=TRACKING evaluated=789 execution_us=43702 reason=tracking_pose_accepted
x=6.1999 y=3.89997 yaw=-3.13771 score=0.938235 valid=1 mode=tracking state=TRACKING evaluated=807 execution_us=45027 reason=tracking_pose_accepted
x=6.1999 y=3.89997 yaw=-3.13864 score=0.93119 valid=1 mode=tracking state=TRACKING evaluated=789 execution_us=45134 reason=tracking_pose_accepted
x=6.1999 y=3.89997 yaw=-3.13958 score=0.938706 valid=1 mode=tracking state=TRACKING evaluated=807 execution_us=44964 reason=tracking_pose_accepted
x=6.1999 y=3.89997 yaw=-3.14051 score=0.937276 valid=1 mode=tracking state=TRACKING evaluated=789 execution_us=43474 reason=tracking_pose_accepted
x=6.1999 y=3.89997 yaw=-3.14144 score=0.935123 valid=1 mode=tracking state=TRACKING evaluated=807 execution_us=45113 reason=tracking_pose_accepted
x=6.1999 y=3.89997 yaw=-3.14238 score=0.934952 valid=1 mode=tracking state=TRACKING evaluated=789 execution_us=44021 reason=tracking_pose_accepted
x=6.1999 y=3.89997 yaw=-3.14331 score=0.939314 valid=1 mode=tracking state=TRACKING evaluated=807 execution_us=44925 reason=tracking_pose_accepted
x=6.1999 y=3.89997 yaw=-3.14425 score=0.938204 valid=1 mode=tracking state=TRACKING evaluated=789 execution_us=43720 reason=tracking_pose_accepted
x=6.1999 y=3.89996 yaw=-3.14518 score=0.938228 valid=1 mode=tracking state=TRACKING evaluated=807 execution_us=44777 reason=tracking_pose_accepted
x=6.1999 y=3.89996 yaw=-3.14612 score=0.934347 valid=1 mode=tracking state=TRACKING evaluated=789 execution_us=44085 reason=tracking_pose_accepted
x=6.1999 y=3.89996 yaw=-3.14705 score=0.923592 valid=1 mode=tracking state=TRACKING evaluated=807 execution_us=44479 reason=tracking_pose_accepted
x=6.1999 y=3.89996 yaw=-3.14798 score=0.921673 valid=1 mode=tracking state=TRACKING evaluated=789 execution_us=43941 reason=tracking_pose_accepted
x=6.1999 y=3.89996 yaw=-3.14892 score=0.934538 valid=1 mode=tracking state=TRACKING evaluated=807 execution_us=45233 reason=tracking_pose_accepted
x=6.1999 y=3.89996 yaw=-3.1324 score=0.936853 valid=1 mode=tracking state=TRACKING evaluated=789 execution_us=44369 reason=tracking_pose_accepted
x=6.1999 y=3.89996 yaw=-3.13333 score=0.936365 valid=1 mode=tracking state=TRACKING evaluated=807 execution_us=44989 reason=tracking_pose_accepted
x=6.19989 y=3.89996 yaw=-3.13427 score=0.937616 valid=1 mode=tracking state=TRACKING evaluated=789 execution_us=44252 reason=tracking_pose_accepted
x=6.19989 y=3.89996 yaw=-3.1352 score=0.936853 valid=1 mode=tracking state=TRACKING evaluated=807 execution_us=45310 reason=tracking_pose_accepted
x=6.19989 y=3.89996 yaw=-3.13614 score=0.937891 valid=1 mode=tracking state=TRACKING evaluated=789 execution_us=44068 reason=tracking_pose_accepted
x=6.19989 y=3.89996 yaw=-3.13707 score=0.934919 valid=1 mode=tracking state=TRACKING evaluated=807 execution_us=44794 reason=tracking_pose_accepted
x=6.19989 y=3.89996 yaw=-3.138 score=0.938089 valid=1 mode=tracking state=TRACKING evaluated=789 execution_us=44253 reason=tracking_pose_accepted
x=6.19989 y=3.89996 yaw=-3.13894 score=0.939474 valid=1 mode=tracking state=TRACKING evaluated=807 execution_us=45531 reason=tracking_pose_accepted
x=6.19989 y=3.89996 yaw=-3.13987 score=0.935715 valid=1 mode=tracking state=TRACKING evaluated=789 execution_us=43806 reason=tracking_pose_accepted
x=6.19989 y=3.89996 yaw=-3.14081 score=0.935091 valid=1 mode=tracking state=TRACKING evaluated=807 execution_us=45714 reason=tracking_pose_accepted
x=6.19989 y=3.89996 yaw=-3.14174 score=0.936055 valid=1 mode=tracking state=TRACKING evaluated=789 execution_us=44230 reason=tracking_pose_accepted
x=6.19989 y=3.89996 yaw=-3.14268 score=0.939935 valid=1 mode=tracking state=TRACKING evaluated=807 execution_us=44901 reason=tracking_pose_accepted
x=6.19989 y=3.89996 yaw=-3.14361 score=0.936082 valid=1 mode=tracking state=TRACKING evaluated=789 execution_us=44388 reason=tracking_pose_accepted
x=6.19989 y=3.89996 yaw=-3.14454 score=0.936964 valid=1 mode=tracking state=TRACKING evaluated=807 execution_us=44990 reason=tracking_pose_accepted
x=6.19989 y=3.89996 yaw=-3.14548 score=0.939941 valid=1 mode=tracking state=TRACKING evaluated=789 execution_us=44131 reason=tracking_pose_accepted
x=6.19989 y=3.89996 yaw=-3.14641 score=0.932283 valid=1 mode=tracking state=TRACKING evaluated=807 execution_us=44941 reason=tracking_pose_accepted
x=6.19989 y=3.89995 yaw=-3.14735 score=0.926432 valid=1 mode=tracking state=TRACKING evaluated=789 execution_us=43521 reason=tracking_pose_accepted
x=6.24989 y=3.94995 yaw=-3.11337 score=0.92577 valid=1 mode=tracking state=TRACKING evaluated=807 execution_us=44656 reason=tracking_pose_accepted
x=6.19989 y=3.89995 yaw=-3.13176 score=0.932306 valid=1 mode=tracking state=TRACKING evaluated=789 execution_us=43533 reason=tracking_pose_accepted
x=6.19989 y=3.89995 yaw=-3.1327 score=0.935744 valid=1 mode=tracking state=TRACKING evaluated=789 execution_us=44330 reason=tracking_pose_accepted
x=6.19989 y=3.89995 yaw=-3.13363 score=0.936831 valid=1 mode=tracking state=TRACKING evaluated=807 execution_us=45100 reason=tracking_pose_accepted
x=6.19989 y=3.89995 yaw=-3.13456 score=0.938204 valid=1 mode=tracking state=TRACKING evaluated=789 execution_us=43465 reason=tracking_pose_accepted
x=6.19989 y=3.89995 yaw=-3.1355 score=0.934641 valid=1 mode=tracking state=TRACKING evaluated=807 execution_us=44600 reason=tracking_pose_accepted
x=6.19988 y=3.89995 yaw=-3.13643 score=0.93822 valid=1 mode=tracking state=TRACKING evaluated=789 execution_us=44176 reason=tracking_pose_accepted
x=6.19988 y=3.89995 yaw=-3.13737 score=0.937908 valid=1 mode=tracking state=TRACKING evaluated=807 execution_us=44673 reason=tracking_pose_accepted
x=6.19988 y=3.89995 yaw=-3.1383 score=0.934919 valid=1 mode=tracking state=TRACKING evaluated=789 execution_us=43485 reason=tracking_pose_accepted
x=6.19988 y=3.89995 yaw=-3.13924 score=0.935232 valid=1 mode=tracking state=TRACKING evaluated=807 execution_us=44907 reason=tracking_pose_accepted
x=6.19988 y=3.89995 yaw=-3.14017 score=0.938842 valid=1 mode=tracking state=TRACKING evaluated=789 execution_us=43413 reason=tracking_pose_accepted
x=6.19988 y=3.89995 yaw=-3.1411 score=0.938867 valid=1 mode=tracking state=TRACKING evaluated=807 execution_us=45116 reason=tracking_pose_accepted
x=6.19988 y=3.89995 yaw=-3.14204 score=0.938531 valid=1 mode=tracking state=TRACKING evaluated=789 execution_us=43973 reason=tracking_pose_accepted
x=6.19988 y=3.89995 yaw=-3.14297 score=0.936339 valid=1 mode=tracking state=TRACKING evaluated=807 execution_us=44469 reason=tracking_pose_accepted
x=6.19988 y=3.89995 yaw=-3.14391 score=0.936339 valid=1 mode=tracking state=TRACKING evaluated=789 execution_us=43633 reason=tracking_pose_accepted
x=6.19988 y=3.89995 yaw=-3.14484 score=0.937296 valid=1 mode=tracking state=TRACKING evaluated=807 execution_us=44826 reason=tracking_pose_accepted
x=6.19988 y=3.89995 yaw=-3.14577 score=0.935544 valid=1 mode=tracking state=TRACKING evaluated=789 execution_us=43444 reason=tracking_pose_accepted
x=6.19988 y=3.89995 yaw=-3.14671 score=0.936027 valid=1 mode=tracking state=TRACKING evaluated=807 execution_us=45189 reason=tracking_pose_accepted
x=6.19988 y=3.89995 yaw=-3.14764 score=0.939474 valid=1 mode=tracking state=TRACKING evaluated=789 execution_us=43856 reason=tracking_pose_accepted
x=6.19988 y=3.89995 yaw=-3.14858 score=0.937753 valid=1 mode=tracking state=TRACKING evaluated=807 execution_us=44572 reason=tracking_pose_accepted
x=6.19988 y=3.89995 yaw=-3.13206 score=0.934641 valid=1 mode=tracking state=TRACKING evaluated=789 execution_us=44126 reason=tracking_pose_accepted
x=6.19988 y=3.89994 yaw=-3.13299 score=0.934503 valid=1 mode=tracking state=TRACKING evaluated=807 execution_us=44819 reason=tracking_pose_accepted
x=6.19988 y=3.89994 yaw=-3.13393 score=0.935744 valid=1 mode=tracking state=TRACKING evaluated=789 execution_us=44128 reason=tracking_pose_accepted
x=6.19988 y=3.89994 yaw=-3.13486 score=0.937908 valid=1 mode=tracking state=TRACKING evaluated=807 execution_us=45117 reason=tracking_pose_accepted
x=6.19988 y=3.89994 yaw=-3.13579 score=0.935263 valid=1 mode=tracking state=TRACKING evaluated=789 execution_us=44004 reason=tracking_pose_accepted
x=6.19988 y=3.89994 yaw=-3.13673 score=0.934813 valid=1 mode=tracking state=TRACKING evaluated=807 execution_us=45488 reason=tracking_pose_accepted
x=6.19988 y=3.89994 yaw=-3.13766 score=0.937597 valid=1 mode=tracking state=TRACKING evaluated=789 execution_us=43863 reason=tracking_pose_accepted
x=6.19987 y=3.89994 yaw=-3.1386 score=0.937432 valid=1 mode=tracking state=TRACKING evaluated=807 execution_us=44885 reason=tracking_pose_accepted
x=6.19987 y=3.89994 yaw=-3.13953 score=0.938072 valid=1 mode=tracking state=TRACKING evaluated=789 execution_us=44520 reason=tracking_pose_accepted
x=6.19987 y=3.89994 yaw=-3.14047 score=0.936339 valid=1 mode=tracking state=TRACKING evaluated=807 execution_us=44654 reason=tracking_pose_accepted
x=6.19987 y=3.89994 yaw=-3.1414 score=0.935155 valid=1 mode=tracking state=TRACKING evaluated=789 execution_us=44249 reason=tracking_pose_accepted
x=6.19987 y=3.89994 yaw=-3.14233 score=0.940087 valid=1 mode=tracking state=TRACKING evaluated=807 execution_us=44915 reason=tracking_pose_accepted
x=6.19987 y=3.89994 yaw=-3.14327 score=0.937451 valid=1 mode=tracking state=TRACKING evaluated=789 execution_us=43734 reason=tracking_pose_accepted
x=6.19987 y=3.89994 yaw=-3.1442 score=0.939616 valid=1 mode=tracking state=TRACKING evaluated=807 execution_us=45205 reason=tracking_pose_accepted
x=6.19987 y=3.89994 yaw=-3.14514 score=0.938235 valid=1 mode=tracking state=TRACKING evaluated=789 execution_us=43913 reason=tracking_pose_accepted
x=6.19987 y=3.89994 yaw=-3.14607 score=0.939143 valid=1 mode=tracking state=TRACKING evaluated=807 execution_us=44771 reason=tracking_pose_accepted
x=6.19987 y=3.89994 yaw=-3.147 score=0.939465 valid=1 mode=tracking state=TRACKING evaluated=789 execution_us=44253 reason=tracking_pose_accepted
x=6.19987 y=3.89994 yaw=-3.14794 score=0.935247 valid=1 mode=tracking state=TRACKING evaluated=807 execution_us=44402 reason=tracking_pose_accepted
x=6.19987 y=3.94994 yaw=-3.11397 score=0.920165 valid=1 mode=tracking state=TRACKING evaluated=789 execution_us=44224 reason=tracking_pose_accepted
x=6.19987 y=3.89994 yaw=-3.13235 score=0.935941 valid=1 mode=tracking state=TRACKING evaluated=789 execution_us=43800 reason=tracking_pose_accepted
x=6.19987 y=3.89994 yaw=-3.13329 score=0.935787 valid=1 mode=tracking state=TRACKING evaluated=789 execution_us=44010 reason=tracking_pose_accepted
x=6.19987 y=3.89994 yaw=-3.13422 score=0.934641 valid=1 mode=tracking state=TRACKING evaluated=789 execution_us=43666 reason=tracking_pose_accepted
x=6.19987 y=3.89994 yaw=-3.13516 score=0.935434 valid=1 mode=tracking state=TRACKING evaluated=807 execution_us=44873 reason=tracking_pose_accepted
x=6.19987 y=3.89993 yaw=-3.13609 score=0.938235 valid=1 mode=tracking state=TRACKING evaluated=789 execution_us=44053 reason=tracking_pose_accepted
x=6.19987 y=3.89993 yaw=-3.13702 score=0.937926 valid=1 mode=tracking state=TRACKING evaluated=807 execution_us=45536 reason=tracking_pose_accepted
x=6.19987 y=3.89993 yaw=-3.13796 score=0.939791 valid=1 mode=tracking state=TRACKING evaluated=789 execution_us=44125 reason=tracking_pose_accepted
x=6.19987 y=3.89993 yaw=-3.13889 score=0.932439 valid=1 mode=tracking state=TRACKING evaluated=807 execution_us=44474 reason=tracking_pose_accepted
x=6.19987 y=3.89993 yaw=-3.13983 score=0.936055 valid=1 mode=tracking state=TRACKING evaluated=789 execution_us=44034 reason=tracking_pose_accepted
x=6.19986 y=3.89993 yaw=-3.14076 score=0.937141 valid=1 mode=tracking state=TRACKING evaluated=807 execution_us=44630 reason=tracking_pose_accepted
x=6.19986 y=3.89993 yaw=-3.1417 score=0.937286 valid=1 mode=tracking state=TRACKING evaluated=789 execution_us=43718 reason=tracking_pose_accepted
x=6.19986 y=3.89993 yaw=-3.14263 score=0.939153 valid=1 mode=tracking state=TRACKING evaluated=807 execution_us=45011 reason=tracking_pose_accepted
x=6.19986 y=3.89993 yaw=-3.14356 score=0.939641 valid=1 mode=tracking state=TRACKING evaluated=789 execution_us=44047 reason=tracking_pose_accepted
x=6.19986 y=3.89993 yaw=-3.1445 score=0.939776 valid=1 mode=tracking state=TRACKING evaluated=807 execution_us=45065 reason=tracking_pose_accepted
x=6.19986 y=3.89993 yaw=-3.14543 score=0.93652 valid=1 mode=tracking state=TRACKING evaluated=789 execution_us=43523 reason=tracking_pose_accepted
x=6.19986 y=3.89993 yaw=-3.14637 score=0.942108 valid=1 mode=tracking state=TRACKING evaluated=807 execution_us=44757 reason=tracking_pose_accepted
x=6.19986 y=3.89993 yaw=-3.1473 score=0.938693 valid=1 mode=tracking state=TRACKING evaluated=789 execution_us=44303 reason=tracking_pose_accepted
x=6.19986 y=3.89993 yaw=-3.14824 score=0.941332 valid=1 mode=tracking state=TRACKING evaluated=807 execution_us=44643 reason=tracking_pose_accepted
x=6.14986 y=3.89993 yaw=-3.13172 score=0.926787 valid=1 mode=tracking state=TRACKING evaluated=789 execution_us=43155 reason=tracking_pose_accepted
x=6.14986 y=3.94993 yaw=-3.08029 score=0.922043 valid=1 mode=tracking state=TRACKING evaluated=807 execution_us=44456 reason=tracking_pose_accepted
x=6.09986 y=3.94993 yaw=-3.04632 score=0.922132 valid=1 mode=tracking state=TRACKING evaluated=789 execution_us=43769 reason=tracking_pose_accepted
x=5.99986 y=3.94993 yaw=-3.06471 score=0.912848 valid=1 mode=tracking state=TRACKING evaluated=807 execution_us=45020 reason=tracking_pose_accepted
x=5.94986 y=3.94993 yaw=-3.08309 score=0.911323 valid=1 mode=tracking state=TRACKING evaluated=789 execution_us=43854 reason=tracking_pose_accepted
x=5.84986 y=3.94993 yaw=-3.06657 score=0.903869 valid=1 mode=tracking state=TRACKING evaluated=807 execution_us=44614 reason=tracking_pose_accepted
x=5.74986 y=3.94993 yaw=-3.0326 score=0.897473 valid=0 mode=tracking state=DEGRADED evaluated=789 execution_us=43977 reason=tracking_score_below_threshold
x=5.64986 y=3.94993 yaw=-3.01515 score=0.892073 valid=0 mode=tracking state=DEGRADED evaluated=789 execution_us=43902 reason=tracking_score_below_threshold
x=5.59986 y=3.94993 yaw=-3.01515 score=0.897103 valid=0 mode=tracking state=LOST evaluated=789 execution_us=43851 reason=rejection_limit_reached
x=5.55 y=3.95 yaw=-3.03251 score=0.892762 valid=0 mode=global state=LOST evaluated=15444 execution_us=843524 reason=global_score_below_threshold
x=5.1 y=3.95 yaw=-3.03251 score=0.903257 valid=1 mode=global state=RECOVERED evaluated=15444 execution_us=843221 reason=global_relocalization_accepted
x=5 y=3.95 yaw=-3.12071 score=0.916703 valid=1 mode=tracking state=RECOVERED evaluated=789 execution_us=45494 reason=recovery_confirmation_pending
x=5 y=3.95 yaw=-3.1391 score=0.919828 valid=1 mode=tracking state=RECOVERED evaluated=789 execution_us=43332 reason=recovery_confirmation_pending
x=5 y=3.95 yaw=-3.15749 score=0.919561 valid=1 mode=tracking state=TRACKING evaluated=789 execution_us=43235 reason=recovery_confirmed
x=5 y=3.95 yaw=-3.14097 score=0.913557 valid=1 mode=tracking state=TRACKING evaluated=807 execution_us=44252 reason=tracking_pose_accepted
x=5 y=3.95 yaw=-3.1419 score=0.916963 valid=1 mode=tracking state=TRACKING evaluated=789 execution_us=41726 reason=tracking_pose_accepted
x=5 y=3.95 yaw=-3.14283 score=0.916025 valid=1 mode=tracking state=TRACKING evaluated=807 execution_us=43981 reason=tracking_pose_accepted
x=5 y=3.95 yaw=-3.12632 score=0.912507 valid=1 mode=tracking state=TRACKING evaluated=789 execution_us=42745 reason=tracking_pose_accepted
x=5 y=3.95 yaw=-3.09234 score=0.906378 valid=1 mode=tracking state=TRACKING evaluated=807 execution_us=44482 reason=tracking_pose_accepted
x=5.05 y=3.95 yaw=-3.09328 score=0.907468 valid=1 mode=tracking state=TRACKING evaluated=789 execution_us=42875 reason=tracking_pose_accepted
x=5.05 y=3.95 yaw=-3.07676 score=0.911686 valid=1 mode=tracking state=TRACKING evaluated=807 execution_us=44418 reason=tracking_pose_accepted
x=5.04999 y=3.95 yaw=-3.09515 score=0.91383 valid=1 mode=tracking state=TRACKING evaluated=789 execution_us=43285 reason=tracking_pose_accepted
x=4.99999 y=3.95 yaw=-3.09608 score=0.912838 valid=1 mode=tracking state=TRACKING evaluated=807 execution_us=43606 reason=tracking_pose_accepted
x=4.99999 y=3.94999 yaw=-3.11447 score=0.911258 valid=1 mode=tracking state=TRACKING evaluated=789 execution_us=44166 reason=tracking_pose_accepted
x=4.99999 y=3.89999 yaw=-3.1154 score=0.914864 valid=1 mode=tracking state=TRACKING evaluated=807 execution_us=44662 reason=tracking_pose_accepted
x=4.99999 y=3.89999 yaw=-3.13379 score=0.922466 valid=1 mode=tracking state=TRACKING evaluated=789 execution_us=42710 reason=tracking_pose_accepted
x=4.99999 y=3.89999 yaw=-3.13472 score=0.917409 valid=1 mode=tracking state=TRACKING evaluated=789 execution_us=42510 reason=tracking_pose_accepted
x=4.99999 y=3.89999 yaw=-3.13566 score=0.916536 valid=1 mode=tracking state=TRACKING evaluated=789 execution_us=42672 reason=tracking_pose_accepted
x=4.99999 y=3.89999 yaw=-3.15405 score=0.914524 valid=1 mode=tracking state=TRACKING evaluated=789 execution_us=43908 reason=tracking_pose_accepted
x=4.99999 y=3.94999 yaw=-3.15498 score=0.911802 valid=1 mode=tracking state=TRACKING evaluated=789 execution_us=43091 reason=tracking_pose_accepted
x=4.99999 y=3.89999 yaw=-3.17337 score=0.916083 valid=1 mode=tracking state=TRACKING evaluated=789 execution_us=42941 reason=tracking_pose_accepted
x=4.99999 y=3.94999 yaw=-3.19175 score=0.911388 valid=1 mode=tracking state=TRACKING evaluated=789 execution_us=42264 reason=tracking_pose_accepted
x=4.99999 y=3.94999 yaw=-3.17524 score=0.909244 valid=1 mode=tracking state=TRACKING evaluated=807 execution_us=45112 reason=tracking_pose_accepted
x=5.04999 y=3.94999 yaw=-3.15872 score=0.906731 valid=1 mode=tracking state=TRACKING evaluated=789 execution_us=42502 reason=tracking_pose_accepted
x=4.99999 y=3.89999 yaw=-3.15965 score=0.907403 valid=1 mode=tracking state=TRACKING evaluated=807 execution_us=42898 reason=tracking_pose_accepted
x=4.99999 y=3.89999 yaw=-3.16058 score=0.914687 valid=1 mode=tracking state=TRACKING evaluated=789 execution_us=42715 reason=tracking_pose_accepted
x=5.04999 y=3.89999 yaw=-3.16152 score=0.913314 valid=1 mode=tracking state=TRACKING evaluated=789 execution_us=43210 reason=tracking_pose_accepted
x=5.04999 y=3.89999 yaw=-3.16245 score=0.918166 valid=1 mode=tracking state=TRACKING evaluated=789 execution_us=43399 reason=tracking_pose_accepted
x=5.04999 y=3.89999 yaw=-3.16339 score=0.913779 valid=1 mode=tracking state=TRACKING evaluated=789 execution_us=42478 reason=tracking_pose_accepted
x=4.99999 y=3.89999 yaw=-3.16432 score=0.918418 valid=1 mode=tracking state=TRACKING evaluated=789 execution_us=41869 reason=tracking_pose_accepted
x=4.99999 y=3.89999 yaw=-3.16526 score=0.921148 valid=1 mode=tracking state=TRACKING evaluated=807 execution_us=44303 reason=tracking_pose_accepted
x=4.99999 y=3.89999 yaw=-3.11383 score=0.915258 valid=1 mode=tracking state=TRACKING evaluated=789 execution_us=42458 reason=tracking_pose_accepted
x=4.99998 y=3.89999 yaw=-3.09731 score=0.919302 valid=1 mode=tracking state=TRACKING evaluated=807 execution_us=43244 reason=tracking_pose_accepted
x=5.04998 y=3.89999 yaw=-3.09825 score=0.911489 valid=1 mode=tracking state=TRACKING evaluated=789 execution_us=43008 reason=tracking_pose_accepted
x=4.99998 y=3.89999 yaw=-3.09918 score=0.919479 valid=1 mode=tracking state=TRACKING evaluated=789 execution_us=42242 reason=tracking_pose_accepted
x=4.99998 y=3.89999 yaw=-3.10011 score=0.918281 valid=1 mode=tracking state=TRACKING evaluated=807 execution_us=43735 reason=tracking_pose_accepted
x=4.99998 y=3.89999 yaw=-3.10105 score=0.918633 valid=1 mode=tracking state=TRACKING evaluated=789 execution_us=41725 reason=tracking_pose_accepted
x=4.99998 y=3.89999 yaw=-3.11944 score=0.914557 valid=1 mode=tracking state=TRACKING evaluated=789 execution_us=42112 reason=tracking_pose_accepted
x=4.99998 y=3.89999 yaw=-3.12037 score=0.91997 valid=1 mode=tracking state=TRACKING evaluated=789 execution_us=43157 reason=tracking_pose_accepted
x=4.99998 y=3.89999 yaw=-3.1213 score=0.912671 valid=1 mode=tracking state=TRACKING evaluated=789 execution_us=42919 reason=tracking_pose_accepted
x=5.04998 y=3.89999 yaw=-3.12224 score=0.915371 valid=1 mode=tracking state=TRACKING evaluated=789 execution_us=42509 reason=tracking_pose_accepted
x=5.04998 y=3.89999 yaw=-3.12317 score=0.916785 valid=1 mode=tracking state=TRACKING evaluated=789 execution_us=43284 reason=tracking_pose_accepted
x=5.04998 y=3.89999 yaw=-3.12411 score=0.915324 valid=1 mode=tracking state=TRACKING evaluated=789 execution_us=42529 reason=tracking_pose_accepted
x=4.99998 y=3.94999 yaw=-3.14249 score=0.914423 valid=1 mode=tracking state=TRACKING evaluated=789 execution_us=43190 reason=tracking_pose_accepted
x=5.04998 y=3.89999 yaw=-3.12598 score=0.909974 valid=1 mode=tracking state=TRACKING evaluated=807 execution_us=43544 reason=tracking_pose_accepted
x=4.99998 y=3.89999 yaw=-3.12691 score=0.910991 valid=1 mode=tracking state=TRACKING evaluated=789 execution_us=41865 reason=tracking_pose_accepted
x=5.04998 y=3.89999 yaw=-3.12784 score=0.911234 valid=1 mode=tracking state=TRACKING evaluated=789 execution_us=42319 reason=tracking_pose_accepted
x=4.99998 y=3.89999 yaw=-3.12878 score=0.91245 valid=1 mode=tracking state=TRACKING evaluated=789 execution_us=42207 reason=tracking_pose_accepted
x=5.04998 y=3.89999 yaw=-3.12971 score=0.911924 valid=1 mode=tracking state=TRACKING evaluated=789 execution_us=42779 reason=tracking_pose_accepted
x=5.04998 y=3.89999 yaw=-3.13065 score=0.910338 valid=1 mode=tracking state=TRACKING evaluated=789 execution_us=42376 reason=tracking_pose_accepted
x=4.99998 y=3.89999 yaw=-3.13158 score=0.919522 valid=1 mode=tracking state=TRACKING evaluated=789 execution_us=42462 reason=tracking_pose_accepted
x=4.99998 y=3.89999 yaw=-3.13251 score=0.920721 valid=1 mode=tracking state=TRACKING evaluated=807 execution_us=44073 reason=tracking_pose_accepted
x=4.99998 y=3.89999 yaw=-3.13345 score=0.919291 valid=1 mode=tracking state=TRACKING evaluated=789 execution_us=42294 reason=tracking_pose_accepted
x=4.99997 y=3.89999 yaw=-3.13438 score=0.920495 valid=1 mode=tracking state=TRACKING evaluated=807 execution_us=43840 reason=tracking_pose_accepted
x=4.99997 y=3.94999 yaw=-3.11786 score=0.90361 valid=1 mode=tracking state=TRACKING evaluated=789 execution_us=43537 reason=tracking_pose_accepted
x=5.04997 y=3.89999 yaw=-3.1188 score=0.911227 valid=1 mode=tracking state=TRACKING evaluated=789 execution_us=43045 reason=tracking_pose_accepted
x=5.04997 y=3.89999 yaw=-3.11973 score=0.910546 valid=1 mode=tracking state=TRACKING evaluated=789 execution_us=43747 reason=tracking_pose_accepted
x=5.04997 y=3.89999 yaw=-3.12067 score=0.913161 valid=1 mode=tracking state=TRACKING evaluated=789 execution_us=42931 reason=tracking_pose_accepted
x=4.99997 y=3.89999 yaw=-3.1216 score=0.914727 valid=1 mode=tracking state=TRACKING evaluated=789 execution_us=44547 reason=tracking_pose_accepted
x=4.99997 y=3.89999 yaw=-3.12253 score=0.91625 valid=1 mode=tracking state=TRACKING evaluated=789 execution_us=42538 reason=tracking_pose_accepted
x=4.99997 y=3.89999 yaw=-3.12347 score=0.916109 valid=1 mode=tracking state=TRACKING evaluated=789 execution_us=42473 reason=tracking_pose_accepted
x=4.99997 y=3.89999 yaw=-3.1244 score=0.911881 valid=1 mode=tracking state=TRACKING evaluated=789 execution_us=42833 reason=tracking_pose_accepted
x=5.04997 y=3.89999 yaw=-3.12534 score=0.9138 valid=1 mode=tracking state=TRACKING evaluated=789 execution_us=43134 reason=tracking_pose_accepted
x=5.04997 y=3.89999 yaw=-3.12627 score=0.913895 valid=1 mode=tracking state=TRACKING evaluated=789 execution_us=42847 reason=tracking_pose_accepted
x=4.99997 y=3.89999 yaw=-3.12721 score=0.920187 valid=1 mode=tracking state=TRACKING evaluated=789 execution_us=43137 reason=tracking_pose_accepted
x=4.99997 y=3.89999 yaw=-3.12814 score=0.919522 valid=1 mode=tracking state=TRACKING evaluated=789 execution_us=42913 reason=tracking_pose_accepted
x=4.99997 y=3.89999 yaw=-3.12907 score=0.914521 valid=1 mode=tracking state=TRACKING evaluated=789 execution_us=42278 reason=tracking_pose_accepted
x=4.99997 y=3.89999 yaw=-3.13001 score=0.918732 valid=1 mode=tracking state=TRACKING evaluated=789 execution_us=42305 reason=tracking_pose_accepted
x=4.99997 y=3.89999 yaw=-3.13094 score=0.918129 valid=1 mode=tracking state=TRACKING evaluated=789 execution_us=42164 reason=tracking_pose_accepted
x=4.99997 y=3.89999 yaw=-3.13188 score=0.915697 valid=1 mode=tracking state=TRACKING evaluated=789 execution_us=43294 reason=tracking_pose_accepted
x=4.99997 y=3.89999 yaw=-3.13281 score=0.914292 valid=1 mode=tracking state=TRACKING evaluated=789 execution_us=42563 reason=tracking_pose_accepted
x=4.99997 y=3.89999 yaw=-3.13374 score=0.917119 valid=1 mode=tracking state=TRACKING evaluated=789 execution_us=43314 reason=tracking_pose_accepted
x=4.99997 y=3.89999 yaw=-3.11723 score=0.911609 valid=1 mode=tracking state=TRACKING evaluated=789 execution_us=42479 reason=tracking_pose_accepted
x=4.99997 y=3.89999 yaw=-3.13561 score=0.917178 valid=1 mode=tracking state=TRACKING evaluated=789 execution_us=42978 reason=tracking_pose_accepted
x=4.99996 y=3.94999 yaw=-3.11909 score=0.909173 valid=1 mode=tracking state=TRACKING evaluated=789 execution_us=43146 reason=tracking_pose_accepted
x=5.04996 y=3.89999 yaw=-3.12003 score=0.909804 valid=1 mode=tracking state=TRACKING evaluated=789 execution_us=43041 reason=tracking_pose_accepted
x=5.04996 y=3.89999 yaw=-3.12096 score=0.915012 valid=1 mode=tracking state=TRACKING evaluated=789 execution_us=43072 reason=tracking_pose_accepted
x=5.04996 y=3.89999 yaw=-3.1219 score=0.91659 valid=1 mode=tracking state=TRACKING evaluated=789 execution_us=42640 reason=tracking_pose_accepted
x=4.99996 y=3.89999 yaw=-3.12283 score=0.917322 valid=1 mode=tracking state=TRACKING evaluated=789 execution_us=43183 reason=tracking_pose_accepted
x=4.99996 y=3.89999 yaw=-3.12377 score=0.917497 valid=1 mode=tracking state=TRACKING evaluated=789 execution_us=42668 reason=tracking_pose_accepted
x=4.99996 y=3.89999 yaw=-3.1247 score=0.916264 valid=1 mode=tracking state=TRACKING evaluated=789 execution_us=41973 reason=tracking_pose_accepted
x=4.99996 y=3.89999 yaw=-3.12563 score=0.917477 valid=1 mode=tracking state=TRACKING evaluated=789 execution_us=43020 reason=tracking_pose_accepted
x=4.99996 y=3.89999 yaw=-3.12657 score=0.916895 valid=1 mode=tracking state=TRACKING evaluated=789 execution_us=43018 reason=tracking_pose_accepted
x=4.99996 y=3.89999 yaw=-3.1275 score=0.918459 valid=1 mode=tracking state=TRACKING evaluated=789 execution_us=42361 reason=tracking_pose_accepted
x=5.04996 y=3.89999 yaw=-3.12844 score=0.912496 valid=1 mode=tracking state=TRACKING evaluated=789 execution_us=43279 reason=tracking_pose_accepted
x=4.99996 y=3.89999 yaw=-3.12937 score=0.920085 valid=1 mode=tracking state=TRACKING evaluated=789 execution_us=43054 reason=tracking_pose_accepted
x=4.99996 y=3.89998 yaw=-3.1303 score=0.918979 valid=1 mode=tracking state=TRACKING evaluated=807 execution_us=43025 reason=tracking_pose_accepted
x=4.99996 y=3.89998 yaw=-3.13124 score=0.91889 valid=1 mode=tracking state=TRACKING evaluated=789 execution_us=42697 reason=tracking_pose_accepted
x=4.99996 y=3.89998 yaw=-3.13217 score=0.919804 valid=1 mode=tracking state=TRACKING evaluated=789 execution_us=42645 reason=tracking_pose_accepted
x=4.99996 y=3.89998 yaw=-3.13311 score=0.920166 valid=1 mode=tracking state=TRACKING evaluated=789 execution_us=42696 reason=tracking_pose_accepted
x=4.99996 y=3.89998 yaw=-3.13404 score=0.920721 valid=1 mode=tracking state=TRACKING evaluated=789 execution_us=43145 reason=tracking_pose_accepted
x=4.99996 y=3.89998 yaw=-3.13498 score=0.916424 valid=1 mode=tracking state=TRACKING evaluated=789 execution_us=43625 reason=tracking_pose_accepted
x=4.99996 y=3.89998 yaw=-3.11846 score=0.907843 valid=1 mode=tracking state=TRACKING evaluated=807 execution_us=44454 reason=tracking_pose_accepted
x=4.99996 y=3.94998 yaw=-3.11939 score=0.911647 valid=1 mode=tracking state=TRACKING evaluated=789 execution_us=42639 reason=tracking_pose_accepted
x=4.99996 y=3.89998 yaw=-3.12032 score=0.914902 valid=1 mode=tracking state=TRACKING evaluated=807 execution_us=43888 reason=tracking_pose_accepted
x=5.04995 y=3.89998 yaw=-3.12126 score=0.915574 valid=1 mode=tracking state=TRACKING evaluated=789 execution_us=42967 reason=tracking_pose_accepted
x=4.99995 y=3.89998 yaw=-3.12219 score=0.914439 valid=1 mode=tracking state=TRACKING evaluated=789 execution_us=42931 reason=tracking_pose_accepted
x=5.04995 y=3.89998 yaw=-3.12313 score=0.916106 valid=1 mode=tracking state=TRACKING evaluated=789 execution_us=42801 reason=tracking_pose_accepted
x=4.99995 y=3.89998 yaw=-3.12406 score=0.915131 valid=1 mode=tracking state=TRACKING evaluated=789 execution_us=43138 reason=tracking_pose_accepted
x=4.99995 y=3.89998 yaw=-3.125 score=0.917497 valid=1 mode=tracking state=TRACKING evaluated=789 execution_us=42673 reason=tracking_pose_accepted
x=4.99995 y=3.89998 yaw=-3.12593 score=0.918336 valid=1 mode=tracking state=TRACKING evaluated=789 execution_us=43367 reason=tracking_pose_accepted
x=4.99995 y=3.89998 yaw=-3.12686 score=0.916418 valid=1 mode=tracking state=TRACKING evaluated=789 execution_us=42995 reason=tracking_pose_accepted
x=4.99995 y=3.89998 yaw=-3.1278 score=0.916308 valid=1 mode=tracking state=TRACKING evaluated=789 execution_us=43147 reason=tracking_pose_accepted
x=4.99995 y=3.89998 yaw=-3.12873 score=0.919752 valid=1 mode=tracking state=TRACKING evaluated=789 execution_us=43023 reason=tracking_pose_accepted
x=4.99995 y=3.89998 yaw=-3.12967 score=0.917923 valid=1 mode=tracking state=TRACKING evaluated=789 execution_us=42872 reason=tracking_pose_accepted
x=4.99995 y=3.89998 yaw=-3.1306 score=0.920187 valid=1 mode=tracking state=TRACKING evaluated=789 execution_us=42775 reason=tracking_pose_accepted
x=4.99995 y=3.89998 yaw=-3.13153 score=0.918436 valid=1 mode=tracking state=TRACKING evaluated=789 execution_us=43085 reason=tracking_pose_accepted
x=4.99995 y=3.89998 yaw=-3.13247 score=0.920495 valid=1 mode=tracking state=TRACKING evaluated=789 execution_us=42710 reason=tracking_pose_accepted
x=4.99995 y=3.89998 yaw=-3.1334 score=0.919403 valid=1 mode=tracking state=TRACKING evaluated=789 execution_us=42163 reason=tracking_pose_accepted
x=4.99995 y=3.89998 yaw=-3.13434 score=0.914238 valid=1 mode=tracking state=TRACKING evaluated=789 execution_us=42581 reason=tracking_pose_accepted
x=4.99995 y=3.89998 yaw=-3.13527 score=0.914192 valid=1 mode=tracking state=TRACKING evaluated=789 execution_us=42849 reason=tracking_pose_accepted
x=4.99995 y=3.89998 yaw=-3.11875 score=0.913608 valid=1 mode=tracking state=TRACKING evaluated=807 execution_us=44078 reason=tracking_pose_accepted
x=5.04995 y=3.89998 yaw=-3.11969 score=0.909508 valid=1 mode=tracking state=TRACKING evaluated=789 execution_us=42726 reason=tracking_pose_accepted
x=5.04995 y=3.89998 yaw=-3.12062 score=0.913984 valid=1 mode=tracking state=TRACKING evaluated=789 execution_us=42182 reason=tracking_pose_accepted
x=4.99995 y=3.89998 yaw=-3.12155 score=0.911642 valid=1 mode=tracking state=TRACKING evaluated=789 execution_us=42593 reason=tracking_pose_accepted
x=4.99995 y=3.89998 yaw=-3.12249 score=0.914452 valid=1 mode=tracking state=TRACKING evaluated=789 execution_us=42540 reason=tracking_pose_accepted
x=4.99994 y=3.89998 yaw=-3.12342 score=0.912517 valid=1 mode=tracking state=TRACKING evaluated=789 execution_us=42924 reason=tracking_pose_accepted
x=5.04994 y=3.89998 yaw=-3.12436 score=0.916015 valid=1 mode=tracking state=TRACKING evaluated=789 execution_us=43031 reason=tracking_pose_accepted
x=4.99994 y=3.89998 yaw=-3.12529 score=0.912443 valid=1 mode=tracking state=TRACKING evaluated=789 execution_us=42281 reason=tracking_pose_accepted
x=5.04994 y=3.89998 yaw=-3.12623 score=0.913651 valid=1 mode=tracking state=TRACKING evaluated=789 execution_us=42947 reason=tracking_pose_accepted
x=4.99994 y=3.89998 yaw=-3.12716 score=0.919313 valid=1 mode=tracking state=TRACKING evaluated=789 execution_us=43030 reason=tracking_pose_accepted
x=4.99994 y=3.89998 yaw=-3.12809 score=0.915872 valid=1 mode=tracking state=TRACKING evaluated=807 execution_us=43423 reason=tracking_pose_accepted
x=4.99994 y=3.89998 yaw=-3.12903 score=0.919075 valid=1 mode=tracking state=TRACKING evaluated=789 execution_us=42813 reason=tracking_pose_accepted
x=4.99994 y=3.89998 yaw=-3.12996 score=0.919 valid=1 mode=tracking state=TRACKING evaluated=789 execution_us=42460 reason=tracking_pose_accepted
x=4.99994 y=3.89998 yaw=-3.1309 score=0.915399 valid=1 mode=tracking state=TRACKING evaluated=789 execution_us=42572 reason=tracking_pose_accepted
x=4.99994 y=3.89998 yaw=-3.13183 score=0.921463 valid=1 mode=tracking state=TRACKING evaluated=789 execution_us=43318 reason=tracking_pose_accepted
x=4.99994 y=3.89998 yaw=-3.13276 score=0.919624 valid=1 mode=tracking state=TRACKING evaluated=789 execution_us=43480 reason=tracking_pose_accepted
x=4.99994 y=3.89998 yaw=-3.1337 score=0.916458 valid=1 mode=tracking state=TRACKING evaluated=789 execution_us=42888 reason=tracking_pose_accepted
x=4.99994 y=3.89998 yaw=-3.13463 score=0.918028 valid=1 mode=tracking state=TRACKING evaluated=789 execution_us=42936 reason=tracking_pose_accepted
x=4.99994 y=3.89998 yaw=-3.13557 score=0.917848 valid=1 mode=tracking state=TRACKING evaluated=807 execution_us=44103 reason=tracking_pose_accepted
x=5.04994 y=3.89998 yaw=-3.11905 score=0.912202 valid=1 mode=tracking state=TRACKING evaluated=789 execution_us=43148 reason=tracking_pose_accepted
x=4.99994 y=3.89998 yaw=-3.11998 score=0.913874 valid=1 mode=tracking state=TRACKING evaluated=807 execution_us=43760 reason=tracking_pose_accepted
x=5.04994 y=3.89998 yaw=-3.12092 score=0.908915 valid=1 mode=tracking state=TRACKING evaluated=789 execution_us=42606 reason=tracking_pose_accepted
x=4.99994 y=3.89998 yaw=-3.12185 score=0.913983 valid=1 mode=tracking state=TRACKING evaluated=789 execution_us=42666 reason=tracking_pose_accepted
x=4.99994 y=3.89998 yaw=-3.12278 score=0.913092 valid=1 mode=tracking state=TRACKING evaluated=789 execution_us=42328 reason=tracking_pose_accepted
x=4.99994 y=3.89998 yaw=-3.12372 score=0.914043 valid=1 mode=tracking state=TRACKING evaluated=789 execution_us=43032 reason=tracking_pose_accepted
x=4.99994 y=3.89998 yaw=-3.12465 score=0.916922 valid=1 mode=tracking state=TRACKING evaluated=789 execution_us=43098 reason=tracking_pose_accepted
x=4.99993 y=3.89998 yaw=-3.12559 score=0.913565 valid=1 mode=tracking state=TRACKING evaluated=789 execution_us=42637 reason=tracking_pose_accepted
x=4.99993 y=3.89998 yaw=-3.12652 score=0.917443 valid=1 mode=tracking state=TRACKING evaluated=789 execution_us=42882 reason=tracking_pose_accepted
x=4.99993 y=3.89998 yaw=-3.12745 score=0.917054 valid=1 mode=tracking state=TRACKING evaluated=789 execution_us=42805 reason=tracking_pose_accepted
x=4.99993 y=3.89998 yaw=-3.12839 score=0.919 valid=1 mode=tracking state=TRACKING evaluated=789 execution_us=42767 reason=tracking_pose_accepted
x=4.99993 y=3.89998 yaw=-3.12932 score=0.915734 valid=1 mode=tracking state=TRACKING evaluated=789 execution_us=43181 reason=tracking_pose_accepted
x=4.99993 y=3.89998 yaw=-3.13026 score=0.919194 valid=1 mode=tracking state=TRACKING evaluated=789 execution_us=43031 reason=tracking_pose_accepted
x=4.99993 y=3.89998 yaw=-3.13119 score=0.920393 valid=1 mode=tracking state=TRACKING evaluated=789 execution_us=42558 reason=tracking_pose_accepted
x=4.99993 y=3.89998 yaw=-3.13213 score=0.919201 valid=1 mode=tracking state=TRACKING evaluated=789 execution_us=42632 reason=tracking_pose_accepted
x=4.99993 y=3.89998 yaw=-3.13306 score=0.920017 valid=1 mode=tracking state=TRACKING evaluated=789 execution_us=42808 reason=tracking_pose_accepted
x=4.99993 y=3.89998 yaw=-3.13399 score=0.920506 valid=1 mode=tracking state=TRACKING evaluated=789 execution_us=43299 reason=tracking_pose_accepted
x=4.99993 y=3.89998 yaw=-3.13493 score=0.919337 valid=1 mode=tracking state=TRACKING evaluated=789 execution_us=42555 reason=tracking_pose_accepted
x=4.99993 y=3.89998 yaw=-3.11841 score=0.913229 valid=1 mode=tracking state=TRACKING evaluated=789 execution_us=43265 reason=tracking_pose_accepted
x=5.04993 y=3.89998 yaw=-3.11934 score=0.912229 valid=1 mode=tracking state=TRACKING evaluated=807 execution_us=44294 reason=tracking_pose_accepted
x=5.04993 y=3.89998 yaw=-3.12028 score=0.91244 valid=1 mode=tracking state=TRACKING evaluated=789 execution_us=42636 reason=tracking_pose_accepted
x=5.04993 y=3.89998 yaw=-3.12121 score=0.910315 valid=1 mode=tracking state=TRACKING evaluated=789 execution_us=42404 reason=tracking_pose_accepted
x=4.99993 y=3.89998 yaw=-3.12215 score=0.914685 valid=1 mode=tracking state=TRACKING evaluated=789 execution_us=42844 reason=tracking_pose_accepted
x=4.99993 y=3.89998 yaw=-3.12308 score=0.912199 valid=1 mode=tracking state=TRACKING evaluated=789 execution_us=42726 reason=tracking_pose_accepted
x=4.99993 y=3.89998 yaw=-3.12401 score=0.916479 valid=1 mode=tracking state=TRACKING evaluated=789 execution_us=42355 reason=tracking_pose_accepted
x=4.99993 y=3.89998 yaw=-3.12495 score=0.915974 valid=1 mode=tracking state=TRACKING evaluated=789 execution_us=43019 reason=tracking_pose_accepted
x=4.99993 y=3.89998 yaw=-3.12588 score=0.914792 valid=1 mode=tracking state=TRACKING evaluated=789 execution_us=42478 reason=tracking_pose_accepted
x=4.99993 y=3.89998 yaw=-3.12682 score=0.920591 valid=1 mode=tracking state=TRACKING evaluated=789 execution_us=42792 reason=tracking_pose_accepted
x=4.99992 y=3.89998 yaw=-3.12775 score=0.916431 valid=1 mode=tracking state=TRACKING evaluated=807 execution_us=43696 reason=tracking_pose_accepted
x=4.94992 y=3.94998 yaw=-3.16359 score=0.912742 valid=1 mode=tracking state=TRACKING evaluated=789 execution_us=43403 reason=tracking_pose_accepted
x=4.89992 y=3.94998 yaw=-3.19943 score=0.913869 valid=1 mode=tracking state=TRACKING evaluated=789 execution_us=45328 reason=tracking_pose_accepted
x=4.79992 y=3.94998 yaw=-3.20037 score=0.917358 valid=1 mode=tracking state=TRACKING evaluated=789 execution_us=44103 reason=tracking_pose_accepted
x=4.74992 y=3.94998 yaw=-3.16639 score=0.91484 valid=1 mode=tracking state=TRACKING evaluated=807 execution_us=44252 reason=tracking_pose_accepted
x=4.64992 y=3.94998 yaw=-3.11497 score=0.905644 valid=1 mode=tracking state=TRACKING evaluated=789 execution_us=43845 reason=tracking_pose_accepted
x=4.54992 y=3.94998 yaw=-3.081 score=0.915163 valid=1 mode=tracking state=TRACKING evaluated=789 execution_us=44277 reason=tracking_pose_accepted
x=4.44992 y=3.94998 yaw=-3.06448 score=0.9133 valid=1 mode=tracking state=TRACKING evaluated=789 execution_us=44205 reason=tracking_pose_accepted
x=4.39992 y=3.94998 yaw=-3.06541 score=0.920046 valid=1 mode=tracking state=TRACKING evaluated=789 execution_us=43565 reason=tracking_pose_accepted
x=4.29992 y=3.94998 yaw=-3.0838 score=0.920067 valid=1 mode=tracking state=TRACKING evaluated=789 execution_us=43707 reason=tracking_pose_accepted
x=4.24992 y=3.94998 yaw=-3.11964 score=0.929975 valid=1 mode=tracking state=TRACKING evaluated=807 execution_us=44878 reason=tracking_pose_accepted
x=4.19992 y=3.94998 yaw=-3.17293 score=0.926572 valid=1 mode=tracking state=TRACKING evaluated=789 execution_us=44626 reason=tracking_pose_accepted
x=4.14992 y=3.94997 yaw=-3.22623 score=0.925909 valid=1 mode=tracking state=TRACKING evaluated=789 execution_us=43725 reason=tracking_pose_accepted
x=4.09992 y=3.94997 yaw=-3.27952 score=0.937128 valid=1 mode=tracking state=TRACKING evaluated=807 execution_us=44348 reason=tracking_pose_accepted
x=4.04992 y=3.99997 yaw=-3.263 score=0.934727 valid=1 mode=tracking state=TRACKING evaluated=789 execution_us=44037 reason=tracking_pose_accepted
x=3.99992 y=4.04997 yaw=-3.24648 score=0.930342 valid=1 mode=tracking state=TRACKING evaluated=789 execution_us=43970 reason=tracking_pose_accepted
x=3.94992 y=4.09998 yaw=-3.22996 score=0.934041 valid=1 mode=tracking state=TRACKING evaluated=789 execution_us=43801 reason=tracking_pose_accepted
x=3.89992 y=4.14998 yaw=-3.17854 score=0.928325 valid=1 mode=tracking state=TRACKING evaluated=789 execution_us=44766 reason=tracking_pose_accepted
x=3.84992 y=4.19998 yaw=-3.12711 score=0.926496 valid=1 mode=tracking state=TRACKING evaluated=789 execution_us=45763 reason=tracking_pose_accepted
x=3.79992 y=4.24998 yaw=-3.09314 score=0.938757 valid=1 mode=tracking state=TRACKING evaluated=789 execution_us=44945 reason=tracking_pose_accepted
x=3.79992 y=4.29998 yaw=-3.05917 score=0.946848 valid=1 mode=tracking state=TRACKING evaluated=789 execution_us=45258 reason=tracking_pose_accepted
x=3.79992 y=4.34998 yaw=-3.0601 score=0.953608 valid=1 mode=tracking state=TRACKING evaluated=789 execution_us=45173 reason=tracking_pose_accepted
x=3.74992 y=4.39998 yaw=-3.06104 score=0.953771 valid=1 mode=tracking state=TRACKING evaluated=807 execution_us=45386 reason=tracking_pose_accepted
x=3.74992 y=4.39998 yaw=-3.04452 score=0.959552 valid=1 mode=tracking state=TRACKING evaluated=789 execution_us=45682 reason=tracking_pose_accepted
x=3.74992 y=4.44998 yaw=-3.04545 score=0.958669 valid=1 mode=tracking state=TRACKING evaluated=789 execution_us=44042 reason=tracking_pose_accepted
x=3.74992 y=4.44998 yaw=-3.04639 score=0.955493 valid=1 mode=tracking state=TRACKING evaluated=789 execution_us=43762 reason=tracking_pose_accepted
x=3.74992 y=4.44998 yaw=-3.04732 score=0.955381 valid=1 mode=tracking state=TRACKING evaluated=789 execution_us=44888 reason=tracking_pose_accepted
x=3.74992 y=4.44998 yaw=-3.04825 score=0.949184 valid=1 mode=tracking state=TRACKING evaluated=789 execution_us=43683 reason=tracking_pose_accepted
x=3.79992 y=4.44998 yaw=-3.0841 score=0.940532 valid=1 mode=tracking state=TRACKING evaluated=789 execution_us=43781 reason=tracking_pose_accepted
x=3.74992 y=4.44998 yaw=-3.10248 score=0.903548 valid=1 mode=tracking state=TRACKING evaluated=789 execution_us=43560 reason=tracking_pose_accepted
x=3.74992 y=4.49998 yaw=-3.10342 score=0.92816 valid=1 mode=tracking state=TRACKING evaluated=789 execution_us=43771 reason=tracking_pose_accepted
x=3.79992 y=4.49998 yaw=-3.13926 score=0.949396 valid=1 mode=tracking state=TRACKING evaluated=807 execution_us=44358 reason=tracking_pose_accepted
x=3.79992 y=4.49998 yaw=-3.12274 score=0.95083 valid=1 mode=tracking state=TRACKING evaluated=789 execution_us=44117 reason=tracking_pose_accepted
x=3.79992 y=4.49998 yaw=-3.12367 score=0.954367 valid=1 mode=tracking state=TRACKING evaluated=807 execution_us=44280 reason=tracking_pose_accepted
x=3.79992 y=4.49998 yaw=-3.12461 score=0.940568 valid=1 mode=tracking state=TRACKING evaluated=789 execution_us=44467 reason=tracking_pose_accepted
x=3.79992 y=4.49998 yaw=-3.14299 score=0.939811 valid=1 mode=tracking state=TRACKING evaluated=789 execution_us=43552 reason=tracking_pose_accepted
x=3.79992 y=4.49998 yaw=-3.14393 score=0.935029 valid=1 mode=tracking state=TRACKING evaluated=807 execution_us=44732 reason=tracking_pose_accepted
x=3.79992 y=4.49998 yaw=-3.14486 score=0.935703 valid=1 mode=tracking state=TRACKING evaluated=789 execution_us=44489 reason=tracking_pose_accepted
x=3.79992 y=4.49998 yaw=-3.12834 score=0.940625 valid=1 mode=tracking state=TRACKING evaluated=807 execution_us=44576 reason=tracking_pose_accepted
x=3.79992 y=4.49998 yaw=-3.16418 score=0.946729 valid=1 mode=tracking state=TRACKING evaluated=789 execution_us=43860 reason=tracking_pose_accepted
x=3.79992 y=4.49998 yaw=-3.18257 score=0.939548 valid=1 mode=tracking state=TRACKING evaluated=789 execution_us=44596 reason=tracking_pose_accepted
x=3.79992 y=4.49998 yaw=-3.18351 score=0.926656 valid=1 mode=tracking state=TRACKING evaluated=807 execution_us=44766 reason=tracking_pose_accepted
x=3.79992 y=4.49998 yaw=-3.20189 score=0.925562 valid=1 mode=tracking state=TRACKING evaluated=789 execution_us=44343 reason=tracking_pose_accepted
x=3.79992 y=4.49998 yaw=-3.20283 score=0.926893 valid=1 mode=tracking state=TRACKING evaluated=807 execution_us=45275 reason=tracking_pose_accepted
x=3.79992 y=4.49998 yaw=-3.20376 score=0.929576 valid=1 mode=tracking state=TRACKING evaluated=789 execution_us=45059 reason=tracking_pose_accepted
x=3.79991 y=4.49998 yaw=-3.16979 score=0.937214 valid=1 mode=tracking state=TRACKING evaluated=807 execution_us=45403 reason=tracking_pose_accepted
x=3.79991 y=4.49998 yaw=-3.18818 score=0.935299 valid=1 mode=tracking state=TRACKING evaluated=789 execution_us=43782 reason=tracking_pose_accepted
x=3.79991 y=4.49998 yaw=-3.17166 score=0.946801 valid=1 mode=tracking state=TRACKING evaluated=807 execution_us=45082 reason=tracking_pose_accepted
x=3.79991 y=4.49998 yaw=-3.13769 score=0.949142 valid=1 mode=tracking state=TRACKING evaluated=789 execution_us=44619 reason=tracking_pose_accepted
x=3.79991 y=4.49998 yaw=-3.10371 score=0.952459 valid=1 mode=tracking state=TRACKING evaluated=789 execution_us=44417 reason=tracking_pose_accepted
x=3.79991 y=4.49998 yaw=-3.08719 score=0.956241 valid=1 mode=tracking state=TRACKING evaluated=789 execution_us=44771 reason=tracking_pose_accepted
x=3.79991 y=4.49998 yaw=-3.08813 score=0.953373 valid=1 mode=tracking state=TRACKING evaluated=789 execution_us=44399 reason=tracking_pose_accepted
x=3.84991 y=4.49998 yaw=-3.10652 score=0.955539 valid=1 mode=tracking state=TRACKING evaluated=789 execution_us=44876 reason=tracking_pose_accepted
x=3.84991 y=4.49998 yaw=-3.14236 score=0.942596 valid=1 mode=tracking state=TRACKING evaluated=789 execution_us=45263 reason=tracking_pose_accepted
x=3.79991 y=4.49998 yaw=-3.12584 score=0.954255 valid=1 mode=tracking state=TRACKING evaluated=789 execution_us=44040 reason=tracking_pose_accepted
x=3.79991 y=4.49998 yaw=-3.12677 score=0.952058 valid=1 mode=tracking state=TRACKING evaluated=789 execution_us=44416 reason=tracking_pose_accepted
x=3.79991 y=4.49998 yaw=-3.12771 score=0.952982 valid=1 mode=tracking state=TRACKING evaluated=789 execution_us=45076 reason=tracking_pose_accepted
x=3.79991 y=4.49998 yaw=-3.12864 score=0.942494 valid=1 mode=tracking state=TRACKING evaluated=789 execution_us=44101 reason=tracking_pose_accepted
x=3.79991 y=4.49998 yaw=-3.12957 score=0.94975 valid=1 mode=tracking state=TRACKING evaluated=789 execution_us=44444 reason=tracking_pose_accepted
x=3.79991 y=4.49998 yaw=-3.13051 score=0.951726 valid=1 mode=tracking state=TRACKING evaluated=789 execution_us=44830 reason=tracking_pose_accepted
x=3.79991 y=4.49998 yaw=-3.13144 score=0.949555 valid=1 mode=tracking state=TRACKING evaluated=789 execution_us=44204 reason=tracking_pose_accepted
x=3.79991 y=4.49998 yaw=-3.13238 score=0.957078 valid=1 mode=tracking state=TRACKING evaluated=789 execution_us=44372 reason=tracking_pose_accepted
x=3.79991 y=4.49998 yaw=-3.13331 score=0.953756 valid=1 mode=tracking state=TRACKING evaluated=789 execution_us=44121 reason=tracking_pose_accepted
x=3.79991 y=4.49998 yaw=-3.13424 score=0.947523 valid=1 mode=tracking state=TRACKING evaluated=789 execution_us=44142 reason=tracking_pose_accepted
x=3.79991 y=4.49998 yaw=-3.13518 score=0.950493 valid=1 mode=tracking state=TRACKING evaluated=789 execution_us=44193 reason=tracking_pose_accepted
x=3.79991 y=4.49998 yaw=-3.13611 score=0.952124 valid=1 mode=tracking state=TRACKING evaluated=789 execution_us=43496 reason=tracking_pose_accepted
x=3.79991 y=4.49998 yaw=-3.13705 score=0.946388 valid=1 mode=tracking state=TRACKING evaluated=789 execution_us=43965 reason=tracking_pose_accepted
x=3.79991 y=4.49998 yaw=-3.13798 score=0.953116 valid=1 mode=tracking state=TRACKING evaluated=789 execution_us=44099 reason=tracking_pose_accepted
x=3.79991 y=4.49998 yaw=-3.12146 score=0.947106 valid=1 mode=tracking state=TRACKING evaluated=789 execution_us=43578 reason=tracking_pose_accepted
x=3.79991 y=4.49998 yaw=-3.13985 score=0.951148 valid=1 mode=tracking state=TRACKING evaluated=789 execution_us=44474 reason=tracking_pose_accepted
x=3.79991 y=4.54998 yaw=-3.12333 score=0.946199 valid=1 mode=tracking state=TRACKING evaluated=789 execution_us=44112 reason=tracking_pose_accepted
x=3.79991 y=4.54998 yaw=-3.12426 score=0.955422 valid=1 mode=tracking state=TRACKING evaluated=789 execution_us=44052 reason=tracking_pose_accepted
x=3.79991 y=4.49998 yaw=-3.14265 score=0.953593 valid=1 mode=tracking state=TRACKING evaluated=789 execution_us=44259 reason=tracking_pose_accepted
x=3.79991 y=4.54998 yaw=-3.12613 score=0.951922 valid=1 mode=tracking state=TRACKING evaluated=789 execution_us=44104 reason=tracking_pose_accepted
x=3.79991 y=4.49998 yaw=-3.12707 score=0.953593 valid=1 mode=tracking state=TRACKING evaluated=789 execution_us=44303 reason=tracking_pose_accepted
x=3.79991 y=4.54998 yaw=-3.128 score=0.948549 valid=1 mode=tracking state=TRACKING evaluated=807 execution_us=45427 reason=tracking_pose_accepted
x=3.79991 y=4.54997 yaw=-3.12893 score=0.950954 valid=1 mode=tracking state=TRACKING evaluated=789 execution_us=43804 reason=tracking_pose_accepted
x=3.79991 y=4.54997 yaw=-3.14732 score=0.952849 valid=1 mode=tracking state=TRACKING evaluated=789 execution_us=43895 reason=tracking_pose_accepted
x=3.79991 y=4.54997 yaw=-3.1308 score=0.943948 valid=1 mode=tracking state=TRACKING evaluated=789 execution_us=44639 reason=tracking_pose_accepted
x=3.79991 y=4.54997 yaw=-3.11428 score=0.952747 valid=1 mode=tracking state=TRACKING evaluated=789 execution_us=44278 reason=tracking_pose_accepted
x=3.79991 y=4.54997 yaw=-3.13267 score=0.952542 valid=1 mode=tracking state=TRACKING evaluated=807 execution_us=45644 reason=tracking_pose_accepted
x=3.79991 y=4.54997 yaw=-3.13361 score=0.952284 valid=1 mode=tracking state=TRACKING evaluated=789 execution_us=43285 reason=tracking_pose_accepted
x=3.79991 y=4.49997 yaw=-3.13454 score=0.954524 valid=1 mode=tracking state=TRACKING evaluated=789 execution_us=43849 reason=tracking_pose_accepted
x=3.79991 y=4.54997 yaw=-3.11802 score=0.952583 valid=1 mode=tracking state=TRACKING evaluated=789 execution_us=44689 reason=tracking_pose_accepted
x=3.79991 y=4.49997 yaw=-3.13641 score=0.950625 valid=1 mode=tracking state=TRACKING evaluated=789 execution_us=44502 reason=tracking_pose_accepted
x=3.79991 y=4.49997 yaw=-3.13734 score=0.948896 valid=1 mode=tracking state=TRACKING evaluated=789 execution_us=44194 reason=tracking_pose_accepted
x=3.79991 y=4.49997 yaw=-3.13828 score=0.944087 valid=1 mode=tracking state=TRACKING evaluated=789 execution_us=44701 reason=tracking_pose_accepted
x=3.79991 y=4.49997 yaw=-3.13921 score=0.953528 valid=1 mode=tracking state=TRACKING evaluated=789 execution_us=44081 reason=tracking_pose_accepted
x=3.79991 y=4.49997 yaw=-3.14014 score=0.954066 valid=1 mode=tracking state=TRACKING evaluated=789 execution_us=44374 reason=tracking_pose_accepted
x=3.79991 y=4.54997 yaw=-3.12363 score=0.955154 valid=1 mode=tracking state=TRACKING evaluated=789 execution_us=44315 reason=tracking_pose_accepted
x=3.79991 y=4.49997 yaw=-3.14201 score=0.954968 valid=1 mode=tracking state=TRACKING evaluated=789 execution_us=44738 reason=tracking_pose_accepted
x=3.79991 y=4.54997 yaw=-3.12549 score=0.952636 valid=1 mode=tracking state=TRACKING evaluated=789 execution_us=45043 reason=tracking_pose_accepted
x=3.79991 y=4.49997 yaw=-3.14388 score=0.948978 valid=1 mode=tracking state=TRACKING evaluated=789 execution_us=43753 reason=tracking_pose_accepted
x=3.79991 y=4.54997 yaw=-3.12736 score=0.951521 valid=1 mode=tracking state=TRACKING evaluated=789 execution_us=44299 reason=tracking_pose_accepted
x=3.79991 y=4.54997 yaw=-3.1283 score=0.952662 valid=1 mode=tracking state=TRACKING evaluated=789 execution_us=43876 reason=tracking_pose_accepted
x=3.79991 y=4.49997 yaw=-3.12923 score=0.943327 valid=1 mode=tracking state=TRACKING evaluated=807 execution_us=45882 reason=tracking_pose_accepted
x=3.79991 y=4.49997 yaw=-3.13016 score=0.952351 valid=1 mode=tracking state=TRACKING evaluated=789 execution_us=44103 reason=tracking_pose_accepted
x=3.79991 y=4.49997 yaw=-3.1311 score=0.952167 valid=1 mode=tracking state=TRACKING evaluated=789 execution_us=44221 reason=tracking_pose_accepted
x=3.79991 y=4.54997 yaw=-3.13203 score=0.942948 valid=1 mode=tracking state=TRACKING evaluated=789 execution_us=44369 reason=tracking_pose_accepted
x=3.79991 y=4.49997 yaw=-3.13297 score=0.95093 valid=1 mode=tracking state=TRACKING evaluated=789 execution_us=45829 reason=tracking_pose_accepted
x=3.79991 y=4.49997 yaw=-3.1339 score=0.954454 valid=1 mode=tracking state=TRACKING evaluated=789 execution_us=44260 reason=tracking_pose_accepted
x=3.79991 y=4.49997 yaw=-3.13483 score=0.953837 valid=1 mode=tracking state=TRACKING evaluated=789 execution_us=44044 reason=tracking_pose_accepted
x=3.79991 y=4.54997 yaw=-3.13577 score=0.949184 valid=1 mode=tracking state=TRACKING evaluated=789 execution_us=44538 reason=tracking_pose_accepted
x=3.79991 y=4.49997 yaw=-3.1367 score=0.953634 valid=1 mode=tracking state=TRACKING evaluated=789 execution_us=43770 reason=tracking_pose_accepted
x=3.79991 y=4.49997 yaw=-3.13764 score=0.954445 valid=1 mode=tracking state=TRACKING evaluated=789 execution_us=43669 reason=tracking_pose_accepted
x=3.79991 y=4.49997 yaw=-3.13857 score=0.952138 valid=1 mode=tracking state=TRACKING evaluated=789 execution_us=44029 reason=tracking_pose_accepted
x=3.79991 y=4.49997 yaw=-3.13951 score=0.951774 valid=1 mode=tracking state=TRACKING evaluated=789 execution_us=44431 reason=tracking_pose_accepted
x=3.79991 y=4.54997 yaw=-3.12299 score=0.95021 valid=1 mode=tracking state=TRACKING evaluated=789 execution_us=44267 reason=tracking_pose_accepted
x=3.79991 y=4.49997 yaw=-3.14137 score=0.954804 valid=1 mode=tracking state=TRACKING evaluated=789 execution_us=43697 reason=tracking_pose_accepted
x=3.79991 y=4.49997 yaw=-3.14231 score=0.956575 valid=1 mode=tracking state=TRACKING evaluated=789 execution_us=44179 reason=tracking_pose_accepted
x=3.79991 y=4.49997 yaw=-3.12579 score=0.954763 valid=1 mode=tracking state=TRACKING evaluated=789 execution_us=44429 reason=tracking_pose_accepted
x=3.79991 y=4.54997 yaw=-3.12672 score=0.95098 valid=1 mode=tracking state=TRACKING evaluated=789 execution_us=44170 reason=tracking_pose_accepted
x=3.79991 y=4.54997 yaw=-3.14511 score=0.952662 valid=1 mode=tracking state=TRACKING evaluated=789 execution_us=43875 reason=tracking_pose_accepted
x=3.79991 y=4.54997 yaw=-3.12859 score=0.953156 valid=1 mode=tracking state=TRACKING evaluated=789 execution_us=44426 reason=tracking_pose_accepted
x=3.79991 y=4.54997 yaw=-3.12953 score=0.953528 valid=1 mode=tracking state=TRACKING evaluated=789 execution_us=43972 reason=tracking_pose_accepted
x=3.79991 y=4.49997 yaw=-3.13046 score=0.944727 valid=1 mode=tracking state=TRACKING evaluated=789 execution_us=44227 reason=tracking_pose_accepted
x=3.79991 y=4.54997 yaw=-3.13139 score=0.948856 valid=1 mode=tracking state=TRACKING evaluated=789 execution_us=44724 reason=tracking_pose_accepted
x=3.79991 y=4.54997 yaw=-3.11487 score=0.952317 valid=1 mode=tracking state=TRACKING evaluated=789 execution_us=44555 reason=tracking_pose_accepted
x=3.79991 y=4.49997 yaw=-3.13326 score=0.954385 valid=1 mode=tracking state=TRACKING evaluated=807 execution_us=45734 reason=tracking_pose_accepted
x=3.79991 y=4.54997 yaw=-3.11674 score=0.951521 valid=1 mode=tracking state=TRACKING evaluated=789 execution_us=43748 reason=tracking_pose_accepted
x=3.79991 y=4.49996 yaw=-3.13513 score=0.94672 valid=1 mode=tracking state=TRACKING evaluated=789 execution_us=44613 reason=tracking_pose_accepted
x=3.79991 y=4.49996 yaw=-3.13606 score=0.949338 valid=1 mode=tracking state=TRACKING evaluated=789 execution_us=44661 reason=tracking_pose_accepted
x=3.79991 y=4.49996 yaw=-3.137 score=0.951956 valid=1 mode=tracking state=TRACKING evaluated=789 execution_us=44170 reason=tracking_pose_accepted
x=3.79991 y=4.49996 yaw=-3.13793 score=0.954385 valid=1 mode=tracking state=TRACKING evaluated=789 execution_us=44151 reason=tracking_pose_accepted
x=3.79991 y=4.49996 yaw=-3.13887 score=0.952982 valid=1 mode=tracking state=TRACKING evaluated=789 execution_us=44862 reason=tracking_pose_accepted
x=3.79991 y=4.54996 yaw=-3.12235 score=0.95219 valid=1 mode=tracking state=TRACKING evaluated=789 execution_us=44359 reason=tracking_pose_accepted
x=3.79991 y=4.49996 yaw=-3.14073 score=0.954881 valid=1 mode=tracking state=TRACKING evaluated=789 execution_us=44731 reason=tracking_pose_accepted
x=3.79991 y=4.49996 yaw=-3.14167 score=0.95134 valid=1 mode=tracking state=TRACKING evaluated=789 execution_us=45141 reason=tracking_pose_accepted
x=3.79991 y=4.54996 yaw=-3.12515 score=0.952572 valid=1 mode=tracking state=TRACKING evaluated=789 execution_us=44403 reason=tracking_pose_accepted
x=3.79991 y=4.54996 yaw=-3.12608 score=0.954214 valid=1 mode=tracking state=TRACKING evaluated=789 execution_us=44445 reason=tracking_pose_accepted
x=3.79991 y=4.54996 yaw=-3.12702 score=0.953406 valid=1 mode=tracking state=TRACKING evaluated=789 execution_us=44000 reason=tracking_pose_accepted
x=3.79991 y=4.49996 yaw=-3.14541 score=0.945862 valid=1 mode=tracking state=TRACKING evaluated=789 execution_us=43935 reason=tracking_pose_accepted
x=3.79991 y=4.54996 yaw=-3.12889 score=0.953771 valid=1 mode=tracking state=TRACKING evaluated=789 execution_us=44752 reason=tracking_pose_accepted
x=3.79991 y=4.54996 yaw=-3.11237 score=0.95361 valid=1 mode=tracking state=TRACKING evaluated=789 execution_us=44127 reason=tracking_pose_accepted
x=3.79991 y=4.54996 yaw=-3.1133 score=0.950096 valid=1 mode=tracking state=TRACKING evaluated=789 execution_us=44742 reason=tracking_pose_accepted
x=3.79991 y=4.49996 yaw=-3.13169 score=0.952849 valid=1 mode=tracking state=TRACKING evaluated=789 execution_us=44752 reason=tracking_pose_accepted
x=3.79991 y=4.54996 yaw=-3.13262 score=0.955108 valid=1 mode=tracking state=TRACKING evaluated=789 execution_us=44153 reason=tracking_pose_accepted
x=3.79991 y=4.49996 yaw=-3.13356 score=0.955844 valid=1 mode=tracking state=TRACKING evaluated=789 execution_us=44925 reason=tracking_pose_accepted
x=3.79991 y=4.49996 yaw=-3.13449 score=0.954644 valid=1 mode=tracking state=TRACKING evaluated=807 execution_us=44943 reason=tracking_pose_accepted
x=3.79991 y=4.54996 yaw=-3.11797 score=0.953219 valid=1 mode=tracking state=TRACKING evaluated=789 execution_us=44181 reason=tracking_pose_accepted
x=3.79991 y=4.54996 yaw=-3.13636 score=0.950061 valid=1 mode=tracking state=TRACKING evaluated=789 execution_us=44619 reason=tracking_pose_accepted
x=3.79991 y=4.49996 yaw=-3.13729 score=0.949112 valid=1 mode=tracking state=TRACKING evaluated=789 execution_us=43783 reason=tracking_pose_accepted
x=3.79991 y=4.49996 yaw=-3.13823 score=0.953771 valid=1 mode=tracking state=TRACKING evaluated=789 execution_us=44255 reason=tracking_pose_accepted
x=3.79991 y=4.54996 yaw=-3.12171 score=0.950108 valid=1 mode=tracking state=TRACKING evaluated=789 execution_us=44135 reason=tracking_pose_accepted
x=3.79991 y=4.49996 yaw=-3.1401 score=0.947028 valid=1 mode=tracking state=TRACKING evaluated=789 execution_us=44239 reason=tracking_pose_accepted
x=3.79991 y=4.49996 yaw=-3.14103 score=0.954573 valid=1 mode=tracking state=TRACKING evaluated=789 execution_us=44588 reason=tracking_pose_accepted
x=3.79991 y=4.54996 yaw=-3.12451 score=0.95547 valid=1 mode=tracking state=TRACKING evaluated=789 execution_us=43739 reason=tracking_pose_accepted
x=3.79991 y=4.54996 yaw=-3.12544 score=0.951418 valid=1 mode=tracking state=TRACKING evaluated=789 execution_us=44039 reason=tracking_pose_accepted
x=3.79991 y=4.54996 yaw=-3.12638 score=0.950491 valid=1 mode=tracking state=TRACKING evaluated=789 execution_us=45621 reason=tracking_pose_accepted
x=3.79991 y=4.54996 yaw=-3.12731 score=0.954954 valid=1 mode=tracking state=TRACKING evaluated=789 execution_us=43724 reason=tracking_pose_accepted
x=3.79991 y=4.49996 yaw=-3.12825 score=0.946874 valid=1 mode=tracking state=TRACKING evaluated=789 execution_us=44240 reason=tracking_pose_accepted
x=3.79991 y=4.54996 yaw=-3.12918 score=0.953837 valid=1 mode=tracking state=TRACKING evaluated=789 execution_us=44393 reason=tracking_pose_accepted
x=3.79991 y=4.54996 yaw=-3.11266 score=0.949837 valid=1 mode=tracking state=TRACKING evaluated=789 execution_us=44132 reason=tracking_pose_accepted
x=3.79991 y=4.54996 yaw=-3.13105 score=0.948813 valid=1 mode=tracking state=TRACKING evaluated=807 execution_us=44906 reason=tracking_pose_accepted
x=3.79991 y=4.54996 yaw=-3.13198 score=0.95291 valid=1 mode=tracking state=TRACKING evaluated=789 execution_us=44127 reason=tracking_pose_accepted
x=3.79991 y=4.49996 yaw=-3.13292 score=0.953715 valid=1 mode=tracking state=TRACKING evaluated=789 execution_us=43904 reason=tracking_pose_accepted
x=3.79991 y=4.49996 yaw=-3.13385 score=0.951287 valid=1 mode=tracking state=TRACKING evaluated=807 execution_us=45829 reason=tracking_pose_accepted
x=3.79991 y=4.54996 yaw=-3.11733 score=0.950149 valid=1 mode=tracking state=TRACKING evaluated=789 execution_us=43932 reason=tracking_pose_accepted
x=3.79991 y=4.54996 yaw=-3.11827 score=0.953034 valid=1 mode=tracking state=TRACKING evaluated=789 execution_us=44557 reason=tracking_pose_accepted
x=3.79991 y=4.49995 yaw=-3.13665 score=0.953837 valid=1 mode=tracking state=TRACKING evaluated=789 execution_us=43867 reason=tracking_pose_accepted
x=3.79991 y=4.49995 yaw=-3.13759 score=0.950344 valid=1 mode=tracking state=TRACKING evaluated=789 execution_us=44567 reason=tracking_pose_accepted
x=3.79991 y=4.49995 yaw=-3.13852 score=0.956966 valid=1 mode=tracking state=TRACKING evaluated=789 execution_us=43747 reason=tracking_pose_accepted
x=3.79991 y=4.49995 yaw=-3.13946 score=0.953957 valid=1 mode=tracking state=TRACKING evaluated=789 execution_us=44256 reason=tracking_pose_accepted
x=3.79991 y=4.49995 yaw=-3.14039 score=0.946271 valid=1 mode=tracking state=TRACKING evaluated=789 execution_us=44054 reason=tracking_pose_accepted
x=3.79991 y=4.54995 yaw=-3.12387 score=0.951853 valid=1 mode=tracking state=TRACKING evaluated=789 execution_us=44755 reason=tracking_pose_accepted
x=3.79991 y=4.49995 yaw=-3.14226 score=0.953756 valid=1 mode=tracking state=TRACKING evaluated=789 execution_us=43822 reason=tracking_pose_accepted
x=3.79991 y=4.49995 yaw=-3.14319 score=0.94791 valid=1 mode=tracking state=TRACKING evaluated=789 execution_us=43873 reason=tracking_pose_accepted
x=3.79991 y=4.54995 yaw=-3.12667 score=0.952447 valid=1 mode=tracking state=TRACKING evaluated=789 execution_us=44434 reason=tracking_pose_accepted
x=3.79991 y=4.49995 yaw=-3.12761 score=0.953219 valid=1 mode=tracking state=TRACKING evaluated=789 execution_us=44604 reason=tracking_pose_accepted
x=3.79991 y=4.54995 yaw=-3.12854 score=0.955611 valid=1 mode=tracking state=TRACKING evaluated=789 execution_us=44881 reason=tracking_pose_accepted
x=3.79991 y=4.49995 yaw=-3.12948 score=0.953715 valid=1 mode=tracking state=TRACKING evaluated=789 execution_us=44308 reason=tracking_pose_accepted
x=3.79991 y=4.49995 yaw=-3.13041 score=0.953251 valid=1 mode=tracking state=TRACKING evaluated=807 execution_us=45110 reason=tracking_pose_accepted
x=3.79991 y=4.49995 yaw=-3.13135 score=0.952642 valid=1 mode=tracking state=TRACKING evaluated=789 execution_us=44070 reason=tracking_pose_accepted
x=3.79991 y=4.49995 yaw=-3.13228 score=0.94239 valid=1 mode=tracking state=TRACKING evaluated=789 execution_us=43644 reason=tracking_pose_accepted
x=3.79991 y=4.49995 yaw=-3.13321 score=0.948071 valid=1 mode=tracking state=TRACKING evaluated=789 execution_us=43658 reason=tracking_pose_accepted
x=3.79991 y=4.49995 yaw=-3.13415 score=0.953025 valid=1 mode=tracking state=TRACKING evaluated=789 execution_us=43889 reason=tracking_pose_accepted
x=3.74991 y=4.49995 yaw=-3.13508 score=0.94612 valid=1 mode=tracking state=TRACKING evaluated=789 execution_us=43433 reason=tracking_pose_accepted
x=3.69991 y=4.44995 yaw=-3.15347 score=0.919236 valid=1 mode=tracking state=TRACKING evaluated=807 execution_us=45049 reason=tracking_pose_accepted
x=3.69991 y=4.39995 yaw=-3.13695 score=0.909024 valid=1 mode=tracking state=TRACKING evaluated=789 execution_us=44624 reason=tracking_pose_accepted
x=3.64991 y=4.39995 yaw=-3.12043 score=0.911908 valid=1 mode=tracking state=TRACKING evaluated=789 execution_us=44526 reason=tracking_pose_accepted
x=3.54991 y=4.34995 yaw=-3.08646 score=0.923831 valid=1 mode=tracking state=TRACKING evaluated=789 execution_us=44441 reason=tracking_pose_accepted
x=3.4999 y=4.29995 yaw=-3.08739 score=0.90729 valid=1 mode=tracking state=TRACKING evaluated=789 execution_us=45437 reason=tracking_pose_accepted
x=3.4499 y=4.24995 yaw=-3.05342 score=0.916621 valid=1 mode=tracking state=TRACKING evaluated=789 execution_us=44693 reason=tracking_pose_accepted
x=3.3999 y=4.19995 yaw=-3.05435 score=0.909258 valid=1 mode=tracking state=TRACKING evaluated=789 execution_us=45062 reason=tracking_pose_accepted
x=3.3499 y=4.19995 yaw=-3.0902 score=0.903618 valid=1 mode=tracking state=TRACKING evaluated=789 execution_us=44642 reason=tracking_pose_accepted
x=3.3499 y=4.14996 yaw=-3.12604 score=0.905307 valid=1 mode=tracking state=TRACKING evaluated=789 execution_us=44044 reason=tracking_pose_accepted
x=3.2999 y=4.09996 yaw=-3.14442 score=0.916785 valid=1 mode=tracking state=TRACKING evaluated=807 execution_us=45064 reason=tracking_pose_accepted
x=3.2499 y=4.04996 yaw=-3.14536 score=0.933497 valid=1 mode=tracking state=TRACKING evaluated=789 execution_us=47781 reason=tracking_pose_accepted
x=3.2499 y=4.04996 yaw=-3.14629 score=0.90099 valid=1 mode=tracking state=TRACKING evaluated=789 execution_us=44882 reason=tracking_pose_accepted
x=3.1999 y=3.99996 yaw=-3.12977 score=0.905159 valid=1 mode=tracking state=TRACKING evaluated=789 execution_us=44844 reason=tracking_pose_accepted
x=3.1999 y=3.99995 yaw=-3.07835 score=0.896078 valid=0 mode=tracking state=DEGRADED evaluated=789 execution_us=44115 reason=tracking_score_below_threshold
x=3.1499 y=3.99995 yaw=-3.07835 score=0.899847 valid=0 mode=tracking state=DEGRADED evaluated=789 execution_us=44874 reason=tracking_score_below_threshold
x=3.1499 y=3.94995 yaw=-3.07835 score=0.905903 valid=1 mode=tracking state=TRACKING evaluated=789 execution_us=44078 reason=tracking_quality_restored
x=3.1499 y=3.94995 yaw=-3.09674 score=0.901826 valid=1 mode=tracking state=TRACKING evaluated=789 execution_us=44099 reason=tracking_pose_accepted
x=3.1499 y=3.89995 yaw=-3.06276 score=0.904765 valid=1 mode=tracking state=TRACKING evaluated=807 execution_us=46096 reason=tracking_pose_accepted
x=3.1499 y=3.89995 yaw=-3.0637 score=0.903814 valid=1 mode=tracking state=TRACKING evaluated=789 execution_us=44172 reason=tracking_pose_accepted
x=3.1499 y=3.89995 yaw=-3.06463 score=0.907013 valid=1 mode=tracking state=TRACKING evaluated=789 execution_us=44598 reason=tracking_pose_accepted
x=3.1499 y=3.89995 yaw=-3.08302 score=0.903707 valid=1 mode=tracking state=TRACKING evaluated=807 execution_us=45574 reason=tracking_pose_accepted
x=3.1499 y=3.84995 yaw=-3.08395 score=0.912008 valid=1 mode=tracking state=TRACKING evaluated=789 execution_us=44150 reason=tracking_pose_accepted
x=3.1499 y=3.89995 yaw=-3.06743 score=0.9222 valid=1 mode=tracking state=TRACKING evaluated=789 execution_us=44610 reason=tracking_pose_accepted
x=3.1499 y=3.89995 yaw=-3.06837 score=0.91911 valid=1 mode=tracking state=TRACKING evaluated=807 execution_us=45245 reason=tracking_pose_accepted
x=3.1499 y=3.89995 yaw=-3.08676 score=0.917181 valid=1 mode=tracking state=TRACKING evaluated=789 execution_us=44217 reason=tracking_pose_accepted
x=3.1499 y=3.89995 yaw=-3.1226 score=0.912704 valid=1 mode=tracking state=TRACKING evaluated=807 execution_us=46092 reason=tracking_pose_accepted
x=3.1499 y=3.89995 yaw=-3.17589 score=0.911888 valid=1 mode=tracking state=TRACKING evaluated=789 execution_us=44537 reason=tracking_pose_accepted
x=3.1499 y=3.89995 yaw=-3.17683 score=0.921425 valid=1 mode=tracking state=TRACKING evaluated=807 execution_us=45438 reason=tracking_pose_accepted
x=3.1499 y=3.89995 yaw=-3.17776 score=0.928791 valid=1 mode=tracking state=TRACKING evaluated=789 execution_us=44144 reason=tracking_pose_accepted
x=3.1999 y=3.89995 yaw=-3.16124 score=0.941352 valid=1 mode=tracking state=TRACKING evaluated=807 execution_us=44940 reason=tracking_pose_accepted
x=3.1999 y=3.89995 yaw=-3.10981 score=0.958548 valid=1 mode=tracking state=TRACKING evaluated=789 execution_us=44570 reason=tracking_pose_accepted
x=3.1999 y=3.89995 yaw=-3.07584 score=0.959303 valid=1 mode=tracking state=TRACKING evaluated=789 execution_us=44884 reason=tracking_pose_accepted
x=3.1999 y=3.89995 yaw=-3.07678 score=0.959616 valid=1 mode=tracking state=TRACKING evaluated=789 execution_us=44894 reason=tracking_pose_accepted
x=3.2499 y=3.94995 yaw=-3.06026 score=0.953846 valid=1 mode=tracking state=TRACKING evaluated=789 execution_us=46177 reason=tracking_pose_accepted
x=3.2499 y=3.89995 yaw=-3.04374 score=0.957523 valid=1 mode=tracking state=TRACKING evaluated=789 execution_us=44699 reason=tracking_pose_accepted
x=3.19989 y=3.89995 yaw=-3.06213 score=0.960469 valid=1 mode=tracking state=TRACKING evaluated=789 execution_us=44817 reason=tracking_pose_accepted
x=3.24989 y=3.89995 yaw=-3.06306 score=0.960327 valid=1 mode=tracking state=TRACKING evaluated=789 execution_us=45227 reason=tracking_pose_accepted
x=3.24989 y=3.89995 yaw=-3.08145 score=0.963178 valid=1 mode=tracking state=TRACKING evaluated=789 execution_us=44618 reason=tracking_pose_accepted
x=3.24989 y=3.89995 yaw=-3.11729 score=0.957633 valid=1 mode=tracking state=TRACKING evaluated=789 execution_us=44430 reason=tracking_pose_accepted
x=3.19989 y=3.89995 yaw=-3.13568 score=0.948844 valid=1 mode=tracking state=TRACKING evaluated=807 execution_us=45227 reason=tracking_pose_accepted
x=3.24989 y=3.89995 yaw=-3.1017 score=0.951604 valid=1 mode=tracking state=TRACKING evaluated=789 execution_us=44800 reason=tracking_pose_accepted
x=3.24989 y=3.89995 yaw=-3.10264 score=0.953736 valid=1 mode=tracking state=TRACKING evaluated=789 execution_us=44523 reason=tracking_pose_accepted
x=3.24989 y=3.89995 yaw=-3.10357 score=0.955913 valid=1 mode=tracking state=TRACKING evaluated=789 execution_us=44230 reason=tracking_pose_accepted
x=3.19989 y=3.89995 yaw=-3.13941 score=0.95284 valid=1 mode=tracking state=TRACKING evaluated=789 execution_us=44800 reason=tracking_pose_accepted
x=3.19989 y=3.89995 yaw=-3.12289 score=0.953396 valid=1 mode=tracking state=TRACKING evaluated=789 execution_us=44635 reason=tracking_pose_accepted
x=3.19989 y=3.94995 yaw=-3.14128 score=0.94854 valid=1 mode=tracking state=TRACKING evaluated=789 execution_us=44294 reason=tracking_pose_accepted
x=3.19989 y=3.89995 yaw=-3.12476 score=0.95461 valid=1 mode=tracking state=TRACKING evaluated=807 execution_us=45333 reason=tracking_pose_accepted
x=3.19989 y=3.89995 yaw=-3.1257 score=0.956822 valid=1 mode=tracking state=TRACKING evaluated=789 execution_us=44364 reason=tracking_pose_accepted
x=3.19989 y=3.89995 yaw=-3.12663 score=0.952941 valid=1 mode=tracking state=TRACKING evaluated=789 execution_us=45077 reason=tracking_pose_accepted
x=3.19989 y=3.89995 yaw=-3.12756 score=0.953973 valid=1 mode=tracking state=TRACKING evaluated=789 execution_us=44310 reason=tracking_pose_accepted
x=3.19989 y=3.89995 yaw=-3.11104 score=0.951746 valid=1 mode=tracking state=TRACKING evaluated=789 execution_us=44735 reason=tracking_pose_accepted
x=3.19989 y=3.89995 yaw=-3.12943 score=0.945782 valid=1 mode=tracking state=TRACKING evaluated=789 execution_us=44220 reason=tracking_pose_accepted
x=3.19989 y=3.89995 yaw=-3.13037 score=0.951997 valid=1 mode=tracking state=TRACKING evaluated=789 execution_us=44634 reason=tracking_pose_accepted
x=3.19989 y=3.89995 yaw=-3.1313 score=0.94797 valid=1 mode=tracking state=TRACKING evaluated=789 execution_us=44302 reason=tracking_pose_accepted
x=3.19989 y=3.89995 yaw=-3.13223 score=0.951648 valid=1 mode=tracking state=TRACKING evaluated=789 execution_us=44553 reason=tracking_pose_accepted
x=3.19989 y=3.89995 yaw=-3.13317 score=0.948439 valid=1 mode=tracking state=TRACKING evaluated=789 execution_us=45457 reason=tracking_pose_accepted
x=3.19989 y=3.89995 yaw=-3.1341 score=0.956153 valid=1 mode=tracking state=TRACKING evaluated=789 execution_us=44242 reason=tracking_pose_accepted
x=3.19989 y=3.89995 yaw=-3.11758 score=0.949985 valid=1 mode=tracking state=TRACKING evaluated=789 execution_us=44171 reason=tracking_pose_accepted
x=3.19989 y=3.89995 yaw=-3.11852 score=0.950224 valid=1 mode=tracking state=TRACKING evaluated=789 execution_us=44315 reason=tracking_pose_accepted
x=3.19989 y=3.89995 yaw=-3.11945 score=0.947038 valid=1 mode=tracking state=TRACKING evaluated=789 execution_us=44285 reason=tracking_pose_accepted
x=3.19989 y=3.89995 yaw=-3.12039 score=0.954363 valid=1 mode=tracking state=TRACKING evaluated=789 execution_us=44023 reason=tracking_pose_accepted
x=3.19989 y=3.89995 yaw=-3.12132 score=0.949673 valid=1 mode=tracking state=TRACKING evaluated=789 execution_us=44475 reason=tracking_pose_accepted
x=3.19989 y=3.89995 yaw=-3.12225 score=0.94905 valid=1 mode=tracking state=TRACKING evaluated=789 execution_us=44211 reason=tracking_pose_accepted
x=3.19989 y=3.89995 yaw=-3.12319 score=0.950852 valid=1 mode=tracking state=TRACKING evaluated=789 execution_us=44875 reason=tracking_pose_accepted
x=3.19989 y=3.89995 yaw=-3.12412 score=0.952009 valid=1 mode=tracking state=TRACKING evaluated=789 execution_us=44404 reason=tracking_pose_accepted
x=3.19989 y=3.89995 yaw=-3.12506 score=0.952951 valid=1 mode=tracking state=TRACKING evaluated=789 execution_us=45020 reason=tracking_pose_accepted
x=3.19989 y=3.89995 yaw=-3.12599 score=0.951535 valid=1 mode=tracking state=TRACKING evaluated=789 execution_us=44684 reason=tracking_pose_accepted
x=3.19989 y=3.89995 yaw=-3.12692 score=0.951067 valid=1 mode=tracking state=TRACKING evaluated=789 execution_us=44617 reason=tracking_pose_accepted
x=3.19989 y=3.89995 yaw=-3.12786 score=0.952325 valid=1 mode=tracking state=TRACKING evaluated=789 execution_us=44535 reason=tracking_pose_accepted
x=3.19989 y=3.89995 yaw=-3.12879 score=0.955635 valid=1 mode=tracking state=TRACKING evaluated=789 execution_us=44473 reason=tracking_pose_accepted
x=3.19989 y=3.89995 yaw=-3.12973 score=0.947345 valid=1 mode=tracking state=TRACKING evaluated=789 execution_us=44711 reason=tracking_pose_accepted
x=3.19989 y=3.89995 yaw=-3.13066 score=0.945994 valid=1 mode=tracking state=TRACKING evaluated=789 execution_us=45147 reason=tracking_pose_accepted
x=3.19989 y=3.89995 yaw=-3.1316 score=0.949995 valid=1 mode=tracking state=TRACKING evaluated=789 execution_us=44388 reason=tracking_pose_accepted
x=3.19989 y=3.89995 yaw=-3.11508 score=0.956004 valid=1 mode=tracking state=TRACKING evaluated=789 execution_us=43785 reason=tracking_pose_accepted
x=3.19989 y=3.89995 yaw=-3.13346 score=0.949651 valid=1 mode=tracking state=TRACKING evaluated=789 execution_us=44698 reason=tracking_pose_accepted
x=3.19989 y=3.89995 yaw=-3.1344 score=0.949009 valid=1 mode=tracking state=TRACKING evaluated=789 execution_us=44318 reason=tracking_pose_accepted
x=3.19989 y=3.89995 yaw=-3.11788 score=0.954362 valid=1 mode=tracking state=TRACKING evaluated=789 execution_us=44268 reason=tracking_pose_accepted
x=3.19989 y=3.89995 yaw=-3.11881 score=0.954228 valid=1 mode=tracking state=TRACKING evaluated=789 execution_us=44498 reason=tracking_pose_accepted
x=3.19989 y=3.89995 yaw=-3.11975 score=0.952459 valid=1 mode=tracking state=TRACKING evaluated=789 execution_us=44503 reason=tracking_pose_accepted
x=3.19989 y=3.89995 yaw=-3.12068 score=0.948346 valid=1 mode=tracking state=TRACKING evaluated=789 execution_us=45096 reason=tracking_pose_accepted
x=3.19989 y=3.89995 yaw=-3.12162 score=0.949215 valid=1 mode=tracking state=TRACKING evaluated=789 execution_us=43821 reason=tracking_pose_accepted
x=3.19989 y=3.89995 yaw=-3.12255 score=0.955273 valid=1 mode=tracking state=TRACKING evaluated=789 execution_us=44036 reason=tracking_pose_accepted
x=3.19989 y=3.89995 yaw=-3.12348 score=0.946395 valid=1 mode=tracking state=TRACKING evaluated=789 execution_us=44870 reason=tracking_pose_accepted
x=3.19989 y=3.89995 yaw=-3.12442 score=0.950611 valid=1 mode=tracking state=TRACKING evaluated=789 execution_us=43984 reason=tracking_pose_accepted
x=3.19989 y=3.89995 yaw=-3.12535 score=0.951477 valid=1 mode=tracking state=TRACKING evaluated=789 execution_us=44308 reason=tracking_pose_accepted
x=3.19989 y=3.89995 yaw=-3.12629 score=0.951781 valid=1 mode=tracking state=TRACKING evaluated=789 execution_us=44434 reason=tracking_pose_accepted
x=3.19989 y=3.89995 yaw=-3.12722 score=0.949273 valid=1 mode=tracking state=TRACKING evaluated=789 execution_us=44786 reason=tracking_pose_accepted
x=3.19989 y=3.89995 yaw=-3.12815 score=0.950072 valid=1 mode=tracking state=TRACKING evaluated=789 execution_us=44495 reason=tracking_pose_accepted
x=3.19989 y=3.89995 yaw=-3.12909 score=0.948293 valid=1 mode=tracking state=TRACKING evaluated=789 execution_us=44239 reason=tracking_pose_accepted
x=3.19989 y=3.89995 yaw=-3.13002 score=0.956627 valid=1 mode=tracking state=TRACKING evaluated=789 execution_us=44377 reason=tracking_pose_accepted
x=3.19989 y=3.89995 yaw=-3.13096 score=0.950507 valid=1 mode=tracking state=TRACKING evaluated=789 execution_us=45013 reason=tracking_pose_accepted
x=3.19989 y=3.89995 yaw=-3.13189 score=0.950507 valid=1 mode=tracking state=TRACKING evaluated=789 execution_us=44541 reason=tracking_pose_accepted
x=3.19989 y=3.89995 yaw=-3.11537 score=0.953627 valid=1 mode=tracking state=TRACKING evaluated=789 execution_us=44120 reason=tracking_pose_accepted
x=3.19989 y=3.89995 yaw=-3.13376 score=0.9469 valid=1 mode=tracking state=TRACKING evaluated=789 execution_us=44644 reason=tracking_pose_accepted
x=3.19989 y=3.89995 yaw=-3.11724 score=0.948398 valid=1 mode=tracking state=TRACKING evaluated=789 execution_us=44550 reason=tracking_pose_accepted
x=3.19989 y=3.89995 yaw=-3.13563 score=0.947692 valid=1 mode=tracking state=TRACKING evaluated=789 execution_us=44460 reason=tracking_pose_accepted
x=3.19989 y=3.89995 yaw=-3.11911 score=0.951661 valid=1 mode=tracking state=TRACKING evaluated=789 execution_us=45375 reason=tracking_pose_accepted
x=3.19989 y=3.89995 yaw=-3.12004 score=0.949964 valid=1 mode=tracking state=TRACKING evaluated=789 execution_us=44300 reason=tracking_pose_accepted
x=3.19989 y=3.89995 yaw=-3.12098 score=0.955384 valid=1 mode=tracking state=TRACKING evaluated=789 execution_us=44661 reason=tracking_pose_accepted
x=3.19989 y=3.89995 yaw=-3.12191 score=0.955685 valid=1 mode=tracking state=TRACKING evaluated=789 execution_us=44418 reason=tracking_pose_accepted
x=3.19989 y=3.89995 yaw=-3.12284 score=0.952951 valid=1 mode=tracking state=TRACKING evaluated=789 execution_us=44741 reason=tracking_pose_accepted
x=3.19989 y=3.89995 yaw=-3.12378 score=0.951171 valid=1 mode=tracking state=TRACKING evaluated=789 execution_us=44704 reason=tracking_pose_accepted
x=3.19989 y=3.89995 yaw=-3.12471 score=0.952274 valid=1 mode=tracking state=TRACKING evaluated=789 execution_us=44332 reason=tracking_pose_accepted
x=3.19989 y=3.89995 yaw=-3.12565 score=0.949183 valid=1 mode=tracking state=TRACKING evaluated=789 execution_us=44630 reason=tracking_pose_accepted
x=3.19989 y=3.89995 yaw=-3.12658 score=0.947145 valid=1 mode=tracking state=TRACKING evaluated=789 execution_us=45076 reason=tracking_pose_accepted
x=3.19989 y=3.89995 yaw=-3.12752 score=0.949856 valid=1 mode=tracking state=TRACKING evaluated=789 execution_us=44220 reason=tracking_pose_accepted
x=3.19988 y=3.89995 yaw=-3.111 score=0.948398 valid=1 mode=tracking state=TRACKING evaluated=789 execution_us=45154 reason=tracking_pose_accepted
x=3.19988 y=3.89995 yaw=-3.12938 score=0.951338 valid=1 mode=tracking state=TRACKING evaluated=789 execution_us=45044 reason=tracking_pose_accepted
x=3.19988 y=3.89995 yaw=-3.13032 score=0.946585 valid=1 mode=tracking state=TRACKING evaluated=789 execution_us=44756 reason=tracking_pose_accepted
x=3.19988 y=3.89995 yaw=-3.13125 score=0.95365 valid=1 mode=tracking state=TRACKING evaluated=789 execution_us=44889 reason=tracking_pose_accepted
x=3.19988 y=3.89995 yaw=-3.13219 score=0.952179 valid=1 mode=tracking state=TRACKING evaluated=789 execution_us=44322 reason=tracking_pose_accepted
x=3.19988 y=3.89995 yaw=-3.13312 score=0.950125 valid=1 mode=tracking state=TRACKING evaluated=789 execution_us=44577 reason=tracking_pose_accepted
x=3.19988 y=3.89995 yaw=-3.1166 score=0.948335 valid=1 mode=tracking state=TRACKING evaluated=789 execution_us=44981 reason=tracking_pose_accepted
x=3.19988 y=3.89995 yaw=-3.11754 score=0.95173 valid=1 mode=tracking state=TRACKING evaluated=789 execution_us=44450 reason=tracking_pose_accepted
x=3.19988 y=3.89995 yaw=-3.11847 score=0.95332 valid=1 mode=tracking state=TRACKING evaluated=789 execution_us=44470 reason=tracking_pose_accepted
x=3.19988 y=3.89995 yaw=-3.1194 score=0.956046 valid=1 mode=tracking state=TRACKING evaluated=789 execution_us=44656 reason=tracking_pose_accepted
x=3.19988 y=3.89995 yaw=-3.12034 score=0.947498 valid=1 mode=tracking state=TRACKING evaluated=789 execution_us=44633 reason=tracking_pose_accepted
x=3.19988 y=3.89995 yaw=-3.12127 score=0.95135 valid=1 mode=tracking state=TRACKING evaluated=789 execution_us=45624 reason=tracking_pose_accepted
x=3.19988 y=3.89995 yaw=-3.12221 score=0.953054 valid=1 mode=tracking state=TRACKING evaluated=789 execution_us=44349 reason=tracking_pose_accepted
x=3.19988 y=3.89995 yaw=-3.12314 score=0.949751 valid=1 mode=tracking state=TRACKING evaluated=789 execution_us=44477 reason=tracking_pose_accepted
x=3.19988 y=3.89995 yaw=-3.12407 score=0.954504 valid=1 mode=tracking state=TRACKING evaluated=789 execution_us=44516 reason=tracking_pose_accepted
x=3.19988 y=3.89995 yaw=-3.12501 score=0.952583 valid=1 mode=tracking state=TRACKING evaluated=789 execution_us=77545 reason=tracking_pose_accepted
x=3.19988 y=3.89995 yaw=-3.12594 score=0.951607 valid=1 mode=tracking state=TRACKING evaluated=789 execution_us=45493 reason=tracking_pose_accepted
x=3.19988 y=3.89995 yaw=-3.12688 score=0.953914 valid=1 mode=tracking state=TRACKING evaluated=789 execution_us=44268 reason=tracking_pose_accepted
x=3.19988 y=3.89995 yaw=-3.12781 score=0.951118 valid=1 mode=tracking state=TRACKING evaluated=789 execution_us=44378 reason=tracking_pose_accepted
x=3.19988 y=3.89995 yaw=-3.12874 score=0.953463 valid=1 mode=tracking state=TRACKING evaluated=789 execution_us=44730 reason=tracking_pose_accepted
x=3.19988 y=3.89995 yaw=-3.12968 score=0.955686 valid=1 mode=tracking state=TRACKING evaluated=789 execution_us=43676 reason=tracking_pose_accepted
x=3.19988 y=3.89995 yaw=-3.11316 score=0.956501 valid=1 mode=tracking state=TRACKING evaluated=789 execution_us=43790 reason=tracking_pose_accepted
x=3.19988 y=3.94995 yaw=-3.13155 score=0.947498 valid=1 mode=tracking state=TRACKING evaluated=789 execution_us=45085 reason=tracking_pose_accepted
x=3.19988 y=3.89995 yaw=-3.11503 score=0.951733 valid=1 mode=tracking state=TRACKING evaluated=807 execution_us=45109 reason=tracking_pose_accepted
x=3.19988 y=3.89995 yaw=-3.13342 score=0.952529 valid=1 mode=tracking state=TRACKING evaluated=789 execution_us=44269 reason=tracking_pose_accepted
x=3.19988 y=3.89995 yaw=-3.1169 score=0.951508 valid=1 mode=tracking state=TRACKING evaluated=789 execution_us=44657 reason=tracking_pose_accepted
x=3.19988 y=3.89995 yaw=-3.13528 score=0.951535 valid=1 mode=tracking state=TRACKING evaluated=789 execution_us=44107 reason=tracking_pose_accepted
x=3.19988 y=3.89995 yaw=-3.11876 score=0.95145 valid=1 mode=tracking state=TRACKING evaluated=789 execution_us=81088 reason=tracking_pose_accepted
x=3.19988 y=3.89995 yaw=-3.1197 score=0.950787 valid=1 mode=tracking state=TRACKING evaluated=789 execution_us=45737 reason=tracking_pose_accepted
x=3.19988 y=3.89995 yaw=-3.12063 score=0.953664 valid=1 mode=tracking state=TRACKING evaluated=789 execution_us=44559 reason=tracking_pose_accepted
x=3.19988 y=3.89995 yaw=-3.12157 score=0.952342 valid=1 mode=tracking state=TRACKING evaluated=789 execution_us=45110 reason=tracking_pose_accepted
x=3.19988 y=3.89995 yaw=-3.1225 score=0.953198 valid=1 mode=tracking state=TRACKING evaluated=789 execution_us=44102 reason=tracking_pose_accepted
x=3.19988 y=3.89995 yaw=-3.12344 score=0.948296 valid=1 mode=tracking state=TRACKING evaluated=789 execution_us=45474 reason=tracking_pose_accepted
x=3.19988 y=3.89995 yaw=-3.12437 score=0.950816 valid=1 mode=tracking state=TRACKING evaluated=789 execution_us=44507 reason=tracking_pose_accepted
x=3.19988 y=3.89995 yaw=-3.1253 score=0.954172 valid=1 mode=tracking state=TRACKING evaluated=789 execution_us=43734 reason=tracking_pose_accepted
x=3.19988 y=3.94995 yaw=-3.14369 score=0.945813 valid=1 mode=tracking state=TRACKING evaluated=789 execution_us=44882 reason=tracking_pose_accepted
x=3.19988 y=3.89995 yaw=-3.12717 score=0.950734 valid=1 mode=tracking state=TRACKING evaluated=789 execution_us=44804 reason=tracking_pose_accepted
x=3.19988 y=3.89995 yaw=-3.12811 score=0.951047 valid=1 mode=tracking state=TRACKING evaluated=789 execution_us=44658 reason=tracking_pose_accepted
x=3.19988 y=3.89995 yaw=-3.12904 score=0.95465 valid=1 mode=tracking state=TRACKING evaluated=789 execution_us=44776 reason=tracking_pose_accepted
x=3.19988 y=3.89995 yaw=-3.12997 score=0.951665 valid=1 mode=tracking state=TRACKING evaluated=789 execution_us=44655 reason=tracking_pose_accepted
x=3.19988 y=3.89995 yaw=-3.13091 score=0.950919 valid=1 mode=tracking state=TRACKING evaluated=789 execution_us=44418 reason=tracking_pose_accepted
x=3.19988 y=3.89995 yaw=-3.13184 score=0.950507 valid=1 mode=tracking state=TRACKING evaluated=789 execution_us=45082 reason=tracking_pose_accepted
x=3.19988 y=3.89995 yaw=-3.13278 score=0.953487 valid=1 mode=tracking state=TRACKING evaluated=789 execution_us=44179 reason=tracking_pose_accepted
x=3.19988 y=3.89995 yaw=-3.13371 score=0.948583 valid=1 mode=tracking state=TRACKING evaluated=789 execution_us=45033 reason=tracking_pose_accepted
x=3.19988 y=3.89995 yaw=-3.11719 score=0.947757 valid=1 mode=tracking state=TRACKING evaluated=789 execution_us=44922 reason=tracking_pose_accepted
x=3.19988 y=3.89995 yaw=-3.11813 score=0.950919 valid=1 mode=tracking state=TRACKING evaluated=789 execution_us=44260 reason=tracking_pose_accepted
x=3.19988 y=3.89995 yaw=-3.11906 score=0.949788 valid=1 mode=tracking state=TRACKING evaluated=789 execution_us=45045 reason=tracking_pose_accepted
x=3.19988 y=3.89995 yaw=-3.11999 score=0.951481 valid=1 mode=tracking state=TRACKING evaluated=789 execution_us=44515 reason=tracking_pose_accepted
x=3.19988 y=3.89995 yaw=-3.12093 score=0.949583 valid=1 mode=tracking state=TRACKING evaluated=789 execution_us=44597 reason=tracking_pose_accepted
x=3.24988 y=3.89995 yaw=-3.12186 score=0.948264 valid=1 mode=tracking state=TRACKING evaluated=789 execution_us=45079 reason=tracking_pose_accepted
x=3.19988 y=3.89995 yaw=-3.1228 score=0.950715 valid=1 mode=tracking state=TRACKING evaluated=789 execution_us=44420 reason=tracking_pose_accepted
x=3.24988 y=3.89995 yaw=-3.12373 score=0.950306 valid=1 mode=tracking state=TRACKING evaluated=789 execution_us=44498 reason=tracking_pose_accepted
x=3.24988 y=3.94995 yaw=-3.12466 score=0.954657 valid=1 mode=tracking state=TRACKING evaluated=789 execution_us=44638 reason=tracking_pose_accepted
x=3.29988 y=3.94995 yaw=-3.09069 score=0.951133 valid=1 mode=tracking state=TRACKING evaluated=807 execution_us=45839 reason=tracking_pose_accepted
x=3.29988 y=3.89995 yaw=-3.05672 score=0.958156 valid=1 mode=tracking state=TRACKING evaluated=789 execution_us=44872 reason=tracking_pose_accepted
x=3.34988 y=3.89995 yaw=-3.0402 score=0.95733 valid=1 mode=tracking state=TRACKING evaluated=789 execution_us=44671 reason=tracking_pose_accepted
x=3.39988 y=3.84995 yaw=-3.05859 score=0.958645 valid=1 mode=tracking state=TRACKING evaluated=807 execution_us=45718 reason=tracking_pose_accepted
x=3.44988 y=3.79994 yaw=-3.11188 score=0.95547 valid=1 mode=tracking state=TRACKING evaluated=807 execution_us=45439 reason=tracking_pose_accepted
x=3.54988 y=3.69994 yaw=-3.13027 score=0.948477 valid=1 mode=tracking state=TRACKING evaluated=807 execution_us=45417 reason=tracking_pose_accepted
x=3.54988 y=3.64994 yaw=-3.16611 score=0.961502 valid=1 mode=tracking state=TRACKING evaluated=789 execution_us=43392 reason=tracking_pose_accepted
x=3.59988 y=3.54994 yaw=-3.1845 score=0.966299 valid=1 mode=tracking state=TRACKING evaluated=789 execution_us=44622 reason=tracking_pose_accepted
x=3.64988 y=3.49994 yaw=-3.22034 score=0.95519 valid=1 mode=tracking state=TRACKING evaluated=807 execution_us=44220 reason=tracking_pose_accepted
x=3.64988 y=3.39994 yaw=-3.29109 score=0.955885 valid=1 mode=tracking state=TRACKING evaluated=789 execution_us=42876 reason=tracking_pose_accepted
x=3.64988 y=3.34994 yaw=-3.32693 score=0.972285 valid=1 mode=tracking state=TRACKING evaluated=807 execution_us=44385 reason=tracking_pose_accepted
x=3.64988 y=3.29994 yaw=-3.36277 score=0.978563 valid=1 mode=tracking state=TRACKING evaluated=807 execution_us=44019 reason=tracking_pose_accepted
x=3.64988 y=3.24994 yaw=-3.34625 score=0.973807 valid=1 mode=tracking state=TRACKING evaluated=789 execution_us=43532 reason=tracking_pose_accepted
x=3.59987 y=3.19994 yaw=-3.36464 score=0.979157 valid=1 mode=tracking state=TRACKING evaluated=807 execution_us=45005 reason=tracking_pose_accepted
x=3.59987 y=3.14994 yaw=-3.36557 score=0.97715 valid=1 mode=tracking state=TRACKING evaluated=789 execution_us=44180 reason=tracking_pose_accepted
x=3.59987 y=3.09994 yaw=-3.3665 score=0.967619 valid=1 mode=tracking state=TRACKING evaluated=789 execution_us=44873 reason=tracking_pose_accepted
x=3.59987 y=3.04994 yaw=-3.38489 score=0.957321 valid=1 mode=tracking state=TRACKING evaluated=789 execution_us=44555 reason=tracking_pose_accepted
x=3.59987 y=2.99994 yaw=-3.42073 score=0.952036 valid=1 mode=tracking state=TRACKING evaluated=789 execution_us=43463 reason=tracking_pose_accepted
x=3.54987 y=2.94994 yaw=-3.42167 score=0.964085 valid=1 mode=tracking state=TRACKING evaluated=807 execution_us=51179 reason=tracking_pose_accepted
x=3.54987 y=2.89994 yaw=-3.44005 score=0.962483 valid=1 mode=tracking state=TRACKING evaluated=789 execution_us=43837 reason=tracking_pose_accepted
x=3.54987 y=2.84994 yaw=-3.42354 score=0.95984 valid=1 mode=tracking state=TRACKING evaluated=789 execution_us=43984 reason=tracking_pose_accepted
x=3.54987 y=2.74994 yaw=-3.44192 score=0.952768 valid=1 mode=tracking state=TRACKING evaluated=789 execution_us=44519 reason=tracking_pose_accepted
x=3.54987 y=2.69994 yaw=-3.49522 score=0.936295 valid=1 mode=tracking state=TRACKING evaluated=789 execution_us=44477 reason=tracking_pose_accepted
x=3.54987 y=2.69994 yaw=-3.49615 score=0.93096 valid=1 mode=tracking state=TRACKING evaluated=789 execution_us=44649 reason=tracking_pose_accepted
x=3.49987 y=2.64994 yaw=-3.51454 score=0.944568 valid=1 mode=tracking state=TRACKING evaluated=789 execution_us=43697 reason=tracking_pose_accepted
x=3.49987 y=2.59994 yaw=-3.53293 score=0.932057 valid=1 mode=tracking state=TRACKING evaluated=789 execution_us=43817 reason=tracking_pose_accepted
x=3.44987 y=2.59994 yaw=-3.60367 score=0.957806 valid=1 mode=tracking state=TRACKING evaluated=789 execution_us=43271 reason=tracking_pose_accepted
x=3.44987 y=2.54994 yaw=-3.63951 score=0.954078 valid=1 mode=tracking state=TRACKING evaluated=789 execution_us=42648 reason=tracking_pose_accepted
x=3.39987 y=2.49994 yaw=-3.57064 score=0.948988 valid=1 mode=tracking state=TRACKING evaluated=807 execution_us=43326 reason=tracking_pose_accepted
x=3.39987 y=2.44994 yaw=-3.51921 score=0.942317 valid=1 mode=tracking state=TRACKING evaluated=789 execution_us=42767 reason=tracking_pose_accepted
x=3.39987 y=2.39994 yaw=-3.46778 score=0.942335 valid=1 mode=tracking state=TRACKING evaluated=789 execution_us=42737 reason=tracking_pose_accepted
x=3.34987 y=2.34994 yaw=-3.41636 score=0.93209 valid=1 mode=tracking state=TRACKING evaluated=789 execution_us=42778 reason=tracking_pose_accepted
x=3.34987 y=2.29994 yaw=-3.36493 score=0.947854 valid=1 mode=tracking state=TRACKING evaluated=789 execution_us=42788 reason=tracking_pose_accepted
x=3.34987 y=2.24994 yaw=-3.33096 score=0.938689 valid=1 mode=tracking state=TRACKING evaluated=789 execution_us=44411 reason=tracking_pose_accepted
x=3.29987 y=2.24994 yaw=-3.31444 score=0.942441 valid=1 mode=tracking state=TRACKING evaluated=807 execution_us=44594 reason=tracking_pose_accepted
x=3.29987 y=2.19994 yaw=-3.33283 score=0.952293 valid=1 mode=tracking state=TRACKING evaluated=789 execution_us=43299 reason=tracking_pose_accepted
x=3.29987 y=2.14994 yaw=-3.35122 score=0.952772 valid=1 mode=tracking state=TRACKING evaluated=789 execution_us=42807 reason=tracking_pose_accepted
x=3.24987 y=2.09994 yaw=-3.36961 score=0.937956 valid=1 mode=tracking state=TRACKING evaluated=789 execution_us=42614 reason=tracking_pose_accepted
x=3.24987 y=2.09994 yaw=-3.37054 score=0.947434 valid=1 mode=tracking state=TRACKING evaluated=807 execution_us=43529 reason=tracking_pose_accepted
x=3.24987 y=2.04994 yaw=-3.37147 score=0.94514 valid=1 mode=tracking state=TRACKING evaluated=807 execution_us=44207 reason=tracking_pose_accepted
x=3.24987 y=2.04994 yaw=-3.3375 score=0.93701 valid=1 mode=tracking state=TRACKING evaluated=807 execution_us=43617 reason=tracking_pose_accepted
x=3.19987 y=1.99994 yaw=-3.33843 score=0.934996 valid=1 mode=tracking state=TRACKING evaluated=807 execution_us=44206 reason=tracking_pose_accepted
x=3.19987 y=1.99994 yaw=-3.33937 score=0.946489 valid=1 mode=tracking state=TRACKING evaluated=807 execution_us=44626 reason=tracking_pose_accepted
x=3.19987 y=1.94994 yaw=-3.35776 score=0.952084 valid=1 mode=tracking state=TRACKING evaluated=807 execution_us=44231 reason=tracking_pose_accepted
x=3.19987 y=1.94994 yaw=-3.34124 score=0.943538 valid=1 mode=tracking state=TRACKING evaluated=789 execution_us=43385 reason=tracking_pose_accepted
x=3.19987 y=1.94994 yaw=-3.32472 score=0.939745 valid=1 mode=tracking state=TRACKING evaluated=789 execution_us=43645 reason=tracking_pose_accepted
x=3.19987 y=1.94994 yaw=-3.3082 score=0.938618 valid=1 mode=tracking state=TRACKING evaluated=789 execution_us=43109 reason=tracking_pose_accepted
x=3.19987 y=1.89994 yaw=-3.29168 score=0.931873 valid=1 mode=tracking state=TRACKING evaluated=789 execution_us=43343 reason=tracking_pose_accepted
x=3.14987 y=1.89994 yaw=-3.29261 score=0.934494 valid=1 mode=tracking state=TRACKING evaluated=807 execution_us=44289 reason=tracking_pose_accepted
x=3.19987 y=1.89994 yaw=-3.24119 score=0.931393 valid=1 mode=tracking state=TRACKING evaluated=807 execution_us=44387 reason=tracking_pose_accepted
x=3.19987 y=1.89994 yaw=-3.24212 score=0.933929 valid=1 mode=tracking state=TRACKING evaluated=807 execution_us=44678 reason=tracking_pose_accepted
x=3.14987 y=1.84994 yaw=-3.31287 score=0.938737 valid=1 mode=tracking state=TRACKING evaluated=807 execution_us=43773 reason=tracking_pose_accepted
x=3.14987 y=1.84994 yaw=-3.3138 score=0.940661 valid=1 mode=tracking state=TRACKING evaluated=789 execution_us=43017 reason=tracking_pose_accepted
x=3.14987 y=1.84994 yaw=-3.31474 score=0.938562 valid=1 mode=tracking state=TRACKING evaluated=789 execution_us=44420 reason=tracking_pose_accepted
x=3.14987 y=1.79994 yaw=-3.31567 score=0.942397 valid=1 mode=tracking state=TRACKING evaluated=789 execution_us=43031 reason=tracking_pose_accepted
x=3.14987 y=1.79994 yaw=-3.33406 score=0.948531 valid=1 mode=tracking state=TRACKING evaluated=807 execution_us=44452 reason=tracking_pose_accepted
x=3.14987 y=1.79994 yaw=-3.33499 score=0.949864 valid=1 mode=tracking state=TRACKING evaluated=807 execution_us=45002 reason=tracking_pose_accepted
x=3.14987 y=1.79994 yaw=-3.35338 score=0.948697 valid=1 mode=tracking state=TRACKING evaluated=807 execution_us=44493 reason=tracking_pose_accepted
x=3.14987 y=1.79994 yaw=-3.33686 score=0.946935 valid=1 mode=tracking state=TRACKING evaluated=807 execution_us=45228 reason=tracking_pose_accepted
x=3.14987 y=1.79994 yaw=-3.33779 score=0.940093 valid=1 mode=tracking state=TRACKING evaluated=807 execution_us=44906 reason=tracking_pose_accepted
x=3.14987 y=1.79994 yaw=-3.33873 score=0.940018 valid=1 mode=tracking state=TRACKING evaluated=807 execution_us=44835 reason=tracking_pose_accepted
x=3.14987 y=1.74994 yaw=-3.30476 score=0.94098 valid=1 mode=tracking state=TRACKING evaluated=807 execution_us=45452 reason=tracking_pose_accepted
x=3.14987 y=1.74994 yaw=-3.30569 score=0.94014 valid=1 mode=tracking state=TRACKING evaluated=789 execution_us=43907 reason=tracking_pose_accepted
x=3.14987 y=1.74994 yaw=-3.30662 score=0.944778 valid=1 mode=tracking state=TRACKING evaluated=789 execution_us=44075 reason=tracking_pose_accepted
x=3.14987 y=1.74994 yaw=-3.30756 score=0.939144 valid=1 mode=tracking state=TRACKING evaluated=789 execution_us=44539 reason=tracking_pose_accepted
x=3.14987 y=1.69994 yaw=-3.30849 score=0.927224 valid=1 mode=tracking state=TRACKING evaluated=789 execution_us=44174 reason=tracking_pose_accepted
x=3.14987 y=1.69994 yaw=-3.30942 score=0.934937 valid=1 mode=tracking state=TRACKING evaluated=807 execution_us=45360 reason=tracking_pose_accepted
x=3.14987 y=1.69994 yaw=-3.29291 score=0.942788 valid=1 mode=tracking state=TRACKING evaluated=807 execution_us=45030 reason=tracking_pose_accepted
x=3.14987 y=1.69994 yaw=-3.25893 score=0.944542 valid=1 mode=tracking state=TRACKING evaluated=807 execution_us=45145 reason=tracking_pose_accepted
x=3.14987 y=1.64994 yaw=-3.25987 score=0.935958 valid=1 mode=tracking state=TRACKING evaluated=807 execution_us=45562 reason=tracking_pose_accepted
x=3.14987 y=1.64994 yaw=-3.29571 score=0.941866 valid=1 mode=tracking state=TRACKING evaluated=807 execution_us=44906 reason=tracking_pose_accepted
x=3.14987 y=1.59994 yaw=-3.29664 score=0.933128 valid=1 mode=tracking state=TRACKING evaluated=807 execution_us=45310 reason=tracking_pose_accepted
x=3.14987 y=1.59994 yaw=-3.33248 score=0.938706 valid=1 mode=tracking state=TRACKING evaluated=807 execution_us=45223 reason=tracking_pose_accepted
x=3.14987 y=1.59994 yaw=-3.33342 score=0.937932 valid=1 mode=tracking state=TRACKING evaluated=807 execution_us=45411 reason=tracking_pose_accepted
x=3.19987 y=1.54994 yaw=-3.33435 score=0.941971 valid=1 mode=tracking state=TRACKING evaluated=807 execution_us=45153 reason=tracking_pose_accepted
x=3.19987 y=1.54994 yaw=-3.33528 score=0.947599 valid=1 mode=tracking state=TRACKING evaluated=807 execution_us=45106 reason=tracking_pose_accepted
x=3.19987 y=1.54994 yaw=-3.33622 score=0.945057 valid=1 mode=tracking state=TRACKING evaluated=807 execution_us=44993 reason=tracking_pose_accepted
x=3.19987 y=1.54994 yaw=-3.30225 score=0.946904 valid=1 mode=tracking state=TRACKING evaluated=807 execution_us=45291 reason=tracking_pose_accepted
x=3.19987 y=1.49994 yaw=-3.26827 score=0.940483 valid=1 mode=tracking state=TRACKING evaluated=807 execution_us=44421 reason=tracking_pose_accepted
x=3.19987 y=1.49994 yaw=-3.30411 score=0.939304 valid=1 mode=tracking state=TRACKING evaluated=807 execution_us=44358 reason=tracking_pose_accepted
x=3.24987 y=1.49994 yaw=-3.3225 score=0.950327 valid=1 mode=tracking state=TRACKING evaluated=807 execution_us=45327 reason=tracking_pose_accepted
x=3.24987 y=1.49994 yaw=-3.32343 score=0.952711 valid=1 mode=tracking state=TRACKING evaluated=807 execution_us=44209 reason=tracking_pose_accepted
x=3.24987 y=1.49994 yaw=-3.32437 score=0.94934 valid=1 mode=tracking state=TRACKING evaluated=807 execution_us=44702 reason=tracking_pose_accepted
x=3.24987 y=1.49994 yaw=-3.30785 score=0.942275 valid=1 mode=tracking state=TRACKING evaluated=807 execution_us=46292 reason=tracking_pose_accepted
x=3.24987 y=1.49994 yaw=-3.30878 score=0.945538 valid=1 mode=tracking state=TRACKING evaluated=807 execution_us=44853 reason=tracking_pose_accepted
x=3.24987 y=1.49994 yaw=-3.30972 score=0.945522 valid=1 mode=tracking state=TRACKING evaluated=807 execution_us=44584 reason=tracking_pose_accepted
x=3.24987 y=1.49994 yaw=-3.27575 score=0.944563 valid=1 mode=tracking state=TRACKING evaluated=807 execution_us=44838 reason=tracking_pose_accepted
x=3.24987 y=1.49994 yaw=-3.25923 score=0.948262 valid=1 mode=tracking state=TRACKING evaluated=807 execution_us=44806 reason=tracking_pose_accepted
x=3.24987 y=1.49994 yaw=-3.26016 score=0.952808 valid=1 mode=tracking state=TRACKING evaluated=807 execution_us=45447 reason=tracking_pose_accepted
x=3.24987 y=1.49994 yaw=-3.2611 score=0.95255 valid=1 mode=tracking state=TRACKING evaluated=807 execution_us=44748 reason=tracking_pose_accepted
x=3.24987 y=1.49994 yaw=-3.26203 score=0.953474 valid=1 mode=tracking state=TRACKING evaluated=807 execution_us=45868 reason=tracking_pose_accepted
x=3.24987 y=1.49994 yaw=-3.26296 score=0.948479 valid=1 mode=tracking state=TRACKING evaluated=807 execution_us=44622 reason=tracking_pose_accepted
x=3.24987 y=1.49994 yaw=-3.24645 score=0.949286 valid=1 mode=tracking state=TRACKING evaluated=807 execution_us=45160 reason=tracking_pose_accepted
x=3.24987 y=1.49994 yaw=-3.24738 score=0.9457 valid=1 mode=tracking state=TRACKING evaluated=807 execution_us=44703 reason=tracking_pose_accepted
x=3.24987 y=1.49994 yaw=-3.24831 score=0.944063 valid=1 mode=tracking state=TRACKING evaluated=807 execution_us=44676 reason=tracking_pose_accepted
x=3.24987 y=1.49994 yaw=-3.23179 score=0.945551 valid=1 mode=tracking state=TRACKING evaluated=807 execution_us=45200 reason=tracking_pose_accepted
x=3.24987 y=1.49994 yaw=-3.25018 score=0.949577 valid=1 mode=tracking state=TRACKING evaluated=807 execution_us=45043 reason=tracking_pose_accepted
x=3.24987 y=1.49994 yaw=-3.23366 score=0.951785 valid=1 mode=tracking state=TRACKING evaluated=807 execution_us=44647 reason=tracking_pose_accepted
x=3.24987 y=1.49994 yaw=-3.21714 score=0.949825 valid=1 mode=tracking state=TRACKING evaluated=807 execution_us=44828 reason=tracking_pose_accepted
x=3.24987 y=1.49994 yaw=-3.18317 score=0.947544 valid=1 mode=tracking state=TRACKING evaluated=807 execution_us=45163 reason=tracking_pose_accepted
x=3.24987 y=1.49994 yaw=-3.1841 score=0.954809 valid=1 mode=tracking state=TRACKING evaluated=807 execution_us=44701 reason=tracking_pose_accepted
x=3.24987 y=1.49994 yaw=-3.18504 score=0.955119 valid=1 mode=tracking state=TRACKING evaluated=807 execution_us=44963 reason=tracking_pose_accepted
x=3.24987 y=1.49994 yaw=-3.18597 score=0.95548 valid=1 mode=tracking state=TRACKING evaluated=807 execution_us=45432 reason=tracking_pose_accepted
x=3.24987 y=1.49994 yaw=-3.18691 score=0.954547 valid=1 mode=tracking state=TRACKING evaluated=807 execution_us=45351 reason=tracking_pose_accepted
x=3.24987 y=1.49994 yaw=-3.18784 score=0.954373 valid=1 mode=tracking state=TRACKING evaluated=807 execution_us=45917 reason=tracking_pose_accepted
x=3.24987 y=1.49994 yaw=-3.18878 score=0.955041 valid=1 mode=tracking state=TRACKING evaluated=807 execution_us=45022 reason=tracking_pose_accepted
x=3.24987 y=1.49994 yaw=-3.17226 score=0.953447 valid=1 mode=tracking state=TRACKING evaluated=807 execution_us=44866 reason=tracking_pose_accepted
x=3.24987 y=1.49994 yaw=-3.17319 score=0.944788 valid=1 mode=tracking state=TRACKING evaluated=807 execution_us=45452 reason=tracking_pose_accepted
x=3.24987 y=1.49994 yaw=-3.15667 score=0.941796 valid=1 mode=tracking state=TRACKING evaluated=807 execution_us=44684 reason=tracking_pose_accepted
x=3.24987 y=1.49994 yaw=-3.19251 score=0.949143 valid=1 mode=tracking state=TRACKING evaluated=807 execution_us=45054 reason=tracking_pose_accepted
x=3.24987 y=1.49994 yaw=-3.17599 score=0.948906 valid=1 mode=tracking state=TRACKING evaluated=807 execution_us=45108 reason=tracking_pose_accepted
x=3.24987 y=1.49994 yaw=-3.17693 score=0.950524 valid=1 mode=tracking state=TRACKING evaluated=807 execution_us=44702 reason=tracking_pose_accepted
x=3.24987 y=1.49994 yaw=-3.17786 score=0.951458 valid=1 mode=tracking state=TRACKING evaluated=807 execution_us=44678 reason=tracking_pose_accepted
x=3.24987 y=1.49994 yaw=-3.17879 score=0.949964 valid=1 mode=tracking state=TRACKING evaluated=807 execution_us=45279 reason=tracking_pose_accepted
x=3.24987 y=1.49994 yaw=-3.16227 score=0.950796 valid=1 mode=tracking state=TRACKING evaluated=807 execution_us=45058 reason=tracking_pose_accepted
x=3.24987 y=1.49994 yaw=-3.16321 score=0.948221 valid=1 mode=tracking state=TRACKING evaluated=807 execution_us=45645 reason=tracking_pose_accepted
x=3.24987 y=1.49994 yaw=-3.16414 score=0.945895 valid=1 mode=tracking state=TRACKING evaluated=807 execution_us=45323 reason=tracking_pose_accepted
x=3.19987 y=1.49994 yaw=-3.19998 score=0.941833 valid=1 mode=tracking state=TRACKING evaluated=807 execution_us=45034 reason=tracking_pose_accepted
x=3.19987 y=1.49994 yaw=-3.20092 score=0.946323 valid=1 mode=tracking state=TRACKING evaluated=807 execution_us=44838 reason=tracking_pose_accepted
x=3.19987 y=1.49994 yaw=-3.1844 score=0.937787 valid=1 mode=tracking state=TRACKING evaluated=807 execution_us=44821 reason=tracking_pose_accepted
x=3.19987 y=1.49994 yaw=-3.18533 score=0.940341 valid=1 mode=tracking state=TRACKING evaluated=807 execution_us=44647 reason=tracking_pose_accepted
x=3.24987 y=1.49994 yaw=-3.16881 score=0.940186 valid=1 mode=tracking state=TRACKING evaluated=807 execution_us=44820 reason=tracking_pose_accepted
x=3.24987 y=1.49994 yaw=-3.16975 score=0.946733 valid=1 mode=tracking state=TRACKING evaluated=807 execution_us=44754 reason=tracking_pose_accepted
x=3.24987 y=1.49994 yaw=-3.17068 score=0.945622 valid=1 mode=tracking state=TRACKING evaluated=807 execution_us=45554 reason=tracking_pose_accepted
x=3.24987 y=1.49994 yaw=-3.17161 score=0.947064 valid=1 mode=tracking state=TRACKING evaluated=807 execution_us=44533 reason=tracking_pose_accepted
x=3.24987 y=1.49994 yaw=-3.17255 score=0.944316 valid=1 mode=tracking state=TRACKING evaluated=807 execution_us=46031 reason=tracking_pose_accepted
x=3.19987 y=1.49994 yaw=-3.20839 score=0.940826 valid=1 mode=tracking state=TRACKING evaluated=807 execution_us=45117 reason=tracking_pose_accepted
x=3.19987 y=1.49994 yaw=-3.17442 score=0.944532 valid=1 mode=tracking state=TRACKING evaluated=807 execution_us=44993 reason=tracking_pose_accepted
x=3.19987 y=1.49994 yaw=-3.17535 score=0.945488 valid=1 mode=tracking state=TRACKING evaluated=807 execution_us=45058 reason=tracking_pose_accepted
x=3.19987 y=1.49994 yaw=-3.17628 score=0.948415 valid=1 mode=tracking state=TRACKING evaluated=807 execution_us=44554 reason=tracking_pose_accepted
x=3.19987 y=1.49994 yaw=-3.17722 score=0.950125 valid=1 mode=tracking state=TRACKING evaluated=807 execution_us=45512 reason=tracking_pose_accepted
x=3.19987 y=1.49994 yaw=-3.17815 score=0.948026 valid=1 mode=tracking state=TRACKING evaluated=807 execution_us=45064 reason=tracking_pose_accepted
x=3.19987 y=1.49994 yaw=-3.17909 score=0.947167 valid=1 mode=tracking state=TRACKING evaluated=807 execution_us=44817 reason=tracking_pose_accepted
x=3.19987 y=1.49994 yaw=-3.18002 score=0.93535 valid=1 mode=tracking state=TRACKING evaluated=807 execution_us=45234 reason=tracking_pose_accepted
x=3.19987 y=1.49994 yaw=-3.18095 score=0.93747 valid=1 mode=tracking state=TRACKING evaluated=807 execution_us=45494 reason=tracking_pose_accepted
x=3.24987 y=1.49994 yaw=-3.16443 score=0.934801 valid=1 mode=tracking state=TRACKING evaluated=807 execution_us=45124 reason=tracking_pose_accepted
x=3.19987 y=1.49994 yaw=-3.18282 score=0.93885 valid=1 mode=tracking state=TRACKING evaluated=807 execution_us=45098 reason=tracking_pose_accepted
x=3.19987 y=1.49994 yaw=-3.18376 score=0.938521 valid=1 mode=tracking state=TRACKING evaluated=807 execution_us=45485 reason=tracking_pose_accepted
x=3.19987 y=1.49994 yaw=-3.18469 score=0.941084 valid=1 mode=tracking state=TRACKING evaluated=807 execution_us=45040 reason=tracking_pose_accepted
x=3.19987 y=1.49994 yaw=-3.18562 score=0.939369 valid=1 mode=tracking state=TRACKING evaluated=807 execution_us=45332 reason=tracking_pose_accepted
x=3.19987 y=1.49994 yaw=-3.18656 score=0.938661 valid=1 mode=tracking state=TRACKING evaluated=807 execution_us=45183 reason=tracking_pose_accepted
x=3.19987 y=1.49994 yaw=-3.17004 score=0.94094 valid=1 mode=tracking state=TRACKING evaluated=807 execution_us=45142 reason=tracking_pose_accepted
x=3.19987 y=1.49994 yaw=-3.17097 score=0.94613 valid=1 mode=tracking state=TRACKING evaluated=807 execution_us=45253 reason=tracking_pose_accepted
x=3.19987 y=1.49994 yaw=-3.17191 score=0.945315 valid=1 mode=tracking state=TRACKING evaluated=807 execution_us=45100 reason=tracking_pose_accepted
x=3.19987 y=1.49994 yaw=-3.17284 score=0.939628 valid=1 mode=tracking state=TRACKING evaluated=807 execution_us=44959 reason=tracking_pose_accepted
x=3.19987 y=1.49994 yaw=-3.17377 score=0.938603 valid=1 mode=tracking state=TRACKING evaluated=807 execution_us=45501 reason=tracking_pose_accepted
x=3.19987 y=1.49994 yaw=-3.17471 score=0.946848 valid=1 mode=tracking state=TRACKING evaluated=807 execution_us=44941 reason=tracking_pose_accepted
x=3.19987 y=1.49994 yaw=-3.17564 score=0.947494 valid=1 mode=tracking state=TRACKING evaluated=807 execution_us=45255 reason=tracking_pose_accepted
x=3.19987 y=1.49994 yaw=-3.17658 score=0.949185 valid=1 mode=tracking state=TRACKING evaluated=807 execution_us=44858 reason=tracking_pose_accepted
x=3.19987 y=1.49994 yaw=-3.16006 score=0.949951 valid=1 mode=tracking state=TRACKING evaluated=807 execution_us=45001 reason=tracking_pose_accepted
x=3.19987 y=1.49994 yaw=-3.17844 score=0.948176 valid=1 mode=tracking state=TRACKING evaluated=807 execution_us=45417 reason=tracking_pose_accepted
x=3.19987 y=1.49994 yaw=-3.17938 score=0.942648 valid=1 mode=tracking state=TRACKING evaluated=807 execution_us=44797 reason=tracking_pose_accepted
x=3.19987 y=1.49994 yaw=-3.18031 score=0.942064 valid=1 mode=tracking state=TRACKING evaluated=807 execution_us=44915 reason=tracking_pose_accepted
x=3.19987 y=1.49994 yaw=-3.18125 score=0.94289 valid=1 mode=tracking state=TRACKING evaluated=807 execution_us=45332 reason=tracking_pose_accepted
x=3.19987 y=1.49994 yaw=-3.16473 score=0.944944 valid=1 mode=tracking state=TRACKING evaluated=807 execution_us=44703 reason=tracking_pose_accepted
x=3.19987 y=1.49994 yaw=-3.16566 score=0.943301 valid=1 mode=tracking state=TRACKING evaluated=807 execution_us=44988 reason=tracking_pose_accepted
x=3.19987 y=1.49994 yaw=-3.16659 score=0.938651 valid=1 mode=tracking state=TRACKING evaluated=807 execution_us=44922 reason=tracking_pose_accepted
x=3.19987 y=1.49994 yaw=-3.16753 score=0.946743 valid=1 mode=tracking state=TRACKING evaluated=807 execution_us=44592 reason=tracking_pose_accepted
x=3.19987 y=1.49994 yaw=-3.16846 score=0.949682 valid=1 mode=tracking state=TRACKING evaluated=807 execution_us=44865 reason=tracking_pose_accepted
x=3.19987 y=1.49994 yaw=-3.1694 score=0.946042 valid=1 mode=tracking state=TRACKING evaluated=807 execution_us=44957 reason=tracking_pose_accepted
x=3.19987 y=1.49994 yaw=-3.17033 score=0.944668 valid=1 mode=tracking state=TRACKING evaluated=807 execution_us=45068 reason=tracking_pose_accepted
x=3.19987 y=1.49994 yaw=-3.17126 score=0.940052 valid=1 mode=tracking state=TRACKING evaluated=807 execution_us=45324 reason=tracking_pose_accepted
x=3.19987 y=1.49994 yaw=-3.1722 score=0.935817 valid=1 mode=tracking state=TRACKING evaluated=807 execution_us=44605 reason=tracking_pose_accepted
x=3.24987 y=1.49994 yaw=-3.15568 score=0.936731 valid=1 mode=tracking state=TRACKING evaluated=807 execution_us=44772 reason=tracking_pose_accepted
x=3.24987 y=1.49994 yaw=-3.15661 score=0.938927 valid=1 mode=tracking state=TRACKING evaluated=807 execution_us=45020 reason=tracking_pose_accepted
x=3.24987 y=1.49994 yaw=-3.15755 score=0.943278 valid=1 mode=tracking state=TRACKING evaluated=807 execution_us=44248 reason=tracking_pose_accepted
x=3.24987 y=1.49994 yaw=-3.15848 score=0.935501 valid=1 mode=tracking state=TRACKING evaluated=807 execution_us=44770 reason=tracking_pose_accepted
x=3.19987 y=1.49994 yaw=-3.17687 score=0.94427 valid=1 mode=tracking state=TRACKING evaluated=807 execution_us=44857 reason=tracking_pose_accepted
x=3.19987 y=1.49994 yaw=-3.1778 score=0.940518 valid=1 mode=tracking state=TRACKING evaluated=807 execution_us=45000 reason=tracking_pose_accepted
x=3.19987 y=1.49994 yaw=-3.17873 score=0.937614 valid=1 mode=tracking state=TRACKING evaluated=807 execution_us=45413 reason=tracking_pose_accepted
x=3.19987 y=1.49994 yaw=-3.17967 score=0.938463 valid=1 mode=tracking state=TRACKING evaluated=807 execution_us=45111 reason=tracking_pose_accepted
x=3.19987 y=1.49994 yaw=-3.1806 score=0.94017 valid=1 mode=tracking state=TRACKING evaluated=807 execution_us=44950 reason=tracking_pose_accepted
x=3.19987 y=1.49994 yaw=-3.18154 score=0.942309 valid=1 mode=tracking state=TRACKING evaluated=807 execution_us=45264 reason=tracking_pose_accepted
x=3.19987 y=1.49994 yaw=-3.18247 score=0.941435 valid=1 mode=tracking state=TRACKING evaluated=807 execution_us=44758 reason=tracking_pose_accepted
x=3.19987 y=1.49994 yaw=-3.1834 score=0.937576 valid=1 mode=tracking state=TRACKING evaluated=807 execution_us=44625 reason=tracking_pose_accepted
x=3.19987 y=1.49994 yaw=-3.18434 score=0.939262 valid=1 mode=tracking state=TRACKING evaluated=807 execution_us=44963 reason=tracking_pose_accepted
x=3.24987 y=1.49994 yaw=-3.16782 score=0.93979 valid=1 mode=tracking state=TRACKING evaluated=807 execution_us=44742 reason=tracking_pose_accepted
x=3.24986 y=1.49994 yaw=-3.16875 score=0.936341 valid=1 mode=tracking state=TRACKING evaluated=807 execution_us=45287 reason=tracking_pose_accepted
x=3.24986 y=1.49994 yaw=-3.15223 score=0.932594 valid=1 mode=tracking state=TRACKING evaluated=807 execution_us=45088 reason=tracking_pose_accepted
x=3.24986 y=1.49994 yaw=-3.17062 score=0.940124 valid=1 mode=tracking state=TRACKING evaluated=807 execution_us=45311 reason=tracking_pose_accepted
x=3.19986 y=1.49994 yaw=-3.17155 score=0.936373 valid=1 mode=tracking state=TRACKING evaluated=807 execution_us=45213 reason=tracking_pose_accepted
x=3.19986 y=1.49994 yaw=-3.17249 score=0.934071 valid=1 mode=tracking state=TRACKING evaluated=807 execution_us=45159 reason=tracking_pose_accepted
x=3.24986 y=1.49994 yaw=-3.17342 score=0.936711 valid=1 mode=tracking state=TRACKING evaluated=807 execution_us=44882 reason=tracking_pose_accepted
x=3.19986 y=1.49994 yaw=-3.17436 score=0.938985 valid=1 mode=tracking state=TRACKING evaluated=807 execution_us=45603 reason=tracking_pose_accepted
x=3.19986 y=1.49994 yaw=-3.17529 score=0.938269 valid=1 mode=tracking state=TRACKING evaluated=807 execution_us=44651 reason=tracking_pose_accepted
x=3.19986 y=1.49994 yaw=-3.17622 score=0.93628 valid=1 mode=tracking state=TRACKING evaluated=807 execution_us=45237 reason=tracking_pose_accepted
x=3.19986 y=1.49994 yaw=-3.17716 score=0.938696 valid=1 mode=tracking state=TRACKING evaluated=807 execution_us=45156 reason=tracking_pose_accepted
x=3.19986 y=1.49994 yaw=-3.17809 score=0.93955 valid=1 mode=tracking state=TRACKING evaluated=807 execution_us=45138 reason=tracking_pose_accepted
x=3.19986 y=1.49994 yaw=-3.17903 score=0.942252 valid=1 mode=tracking state=TRACKING evaluated=807 execution_us=45669 reason=tracking_pose_accepted
x=3.19986 y=1.49994 yaw=-3.17996 score=0.937625 valid=1 mode=tracking state=TRACKING evaluated=807 execution_us=45105 reason=tracking_pose_accepted
x=3.19986 y=1.49994 yaw=-3.18089 score=0.940294 valid=1 mode=tracking state=TRACKING evaluated=807 execution_us=45341 reason=tracking_pose_accepted
x=3.19986 y=1.49994 yaw=-3.18183 score=0.9422 valid=1 mode=tracking state=TRACKING evaluated=807 execution_us=45691 reason=tracking_pose_accepted
x=3.24986 y=1.49994 yaw=-3.16531 score=0.942226 valid=1 mode=tracking state=TRACKING evaluated=807 execution_us=44640 reason=tracking_pose_accepted
x=3.24986 y=1.49994 yaw=-3.16624 score=0.937224 valid=1 mode=tracking state=TRACKING evaluated=807 execution_us=44875 reason=tracking_pose_accepted
x=3.24986 y=1.49994 yaw=-3.16718 score=0.939804 valid=1 mode=tracking state=TRACKING evaluated=807 execution_us=44866 reason=tracking_pose_accepted
x=3.24986 y=1.49994 yaw=-3.15066 score=0.933744 valid=1 mode=tracking state=TRACKING evaluated=807 execution_us=45009 reason=tracking_pose_accepted
x=3.19986 y=1.49994 yaw=-3.1865 score=0.93919 valid=1 mode=tracking state=TRACKING evaluated=807 execution_us=45222 reason=tracking_pose_accepted
x=3.19986 y=1.49994 yaw=-3.18743 score=0.937777 valid=1 mode=tracking state=TRACKING evaluated=807 execution_us=45280 reason=tracking_pose_accepted
x=3.19986 y=1.49994 yaw=-3.18836 score=0.936427 valid=1 mode=tracking state=TRACKING evaluated=807 execution_us=44745 reason=tracking_pose_accepted
x=3.24986 y=1.49994 yaw=-3.15439 score=0.938411 valid=1 mode=tracking state=TRACKING evaluated=807 execution_us=45255 reason=tracking_pose_accepted
x=3.19986 y=1.49994 yaw=-3.19023 score=0.93667 valid=1 mode=tracking state=TRACKING evaluated=807 execution_us=45067 reason=tracking_pose_accepted
x=3.19986 y=1.49994 yaw=-3.19117 score=0.937806 valid=1 mode=tracking state=TRACKING evaluated=807 execution_us=45419 reason=tracking_pose_accepted
x=3.24986 y=1.49994 yaw=-3.15719 score=0.937996 valid=1 mode=tracking state=TRACKING evaluated=807 execution_us=45126 reason=tracking_pose_accepted
x=3.24986 y=1.49994 yaw=-3.15813 score=0.938122 valid=1 mode=tracking state=TRACKING evaluated=807 execution_us=44490 reason=tracking_pose_accepted
x=3.24986 y=1.49994 yaw=-3.15906 score=0.935073 valid=1 mode=tracking state=TRACKING evaluated=807 execution_us=44871 reason=tracking_pose_accepted
x=3.19986 y=1.49994 yaw=-3.17745 score=0.941957 valid=1 mode=tracking state=TRACKING evaluated=807 execution_us=44938 reason=tracking_pose_accepted
x=3.19986 y=1.49994 yaw=-3.17838 score=0.941621 valid=1 mode=tracking state=TRACKING evaluated=807 execution_us=44463 reason=tracking_pose_accepted
x=3.19986 y=1.49994 yaw=-3.17932 score=0.941475 valid=1 mode=tracking state=TRACKING evaluated=807 execution_us=45308 reason=tracking_pose_accepted
x=3.24986 y=1.49994 yaw=-3.1628 score=0.933794 valid=1 mode=tracking state=TRACKING evaluated=807 execution_us=45447 reason=tracking_pose_accepted
x=3.24986 y=1.49994 yaw=-3.19864 score=0.952274 valid=1 mode=tracking state=TRACKING evaluated=807 execution_us=45021 reason=tracking_pose_accepted
x=3.24986 y=1.54994 yaw=-3.26939 score=0.942753 valid=1 mode=tracking state=TRACKING evaluated=807 execution_us=44852 reason=tracking_pose_accepted
x=3.24986 y=1.59994 yaw=-3.35759 score=0.936667 valid=1 mode=tracking state=TRACKING evaluated=807 execution_us=44568 reason=tracking_pose_accepted
x=3.29986 y=1.64994 yaw=-3.41088 score=0.924997 valid=1 mode=tracking state=TRACKING evaluated=807 execution_us=44879 reason=tracking_pose_accepted
x=3.29986 y=1.74994 yaw=-3.39436 score=0.955343 valid=1 mode=tracking state=TRACKING evaluated=807 execution_us=45188 reason=tracking_pose_accepted
x=3.29986 y=1.79994 yaw=-3.32548 score=0.945026 valid=1 mode=tracking state=TRACKING evaluated=807 execution_us=45218 reason=tracking_pose_accepted
x=3.29986 y=1.84994 yaw=-3.27406 score=0.948593 valid=1 mode=tracking state=TRACKING evaluated=807 execution_us=45953 reason=tracking_pose_accepted
x=3.29986 y=1.89994 yaw=-3.24009 score=0.944105 valid=1 mode=tracking state=TRACKING evaluated=807 execution_us=45212 reason=tracking_pose_accepted
x=3.29986 y=1.94994 yaw=-3.20611 score=0.937079 valid=1 mode=tracking state=TRACKING evaluated=807 execution_us=44515 reason=tracking_pose_accepted
x=3.29986 y=1.99994 yaw=-3.20705 score=0.943173 valid=1 mode=tracking state=TRACKING evaluated=807 execution_us=45276 reason=tracking_pose_accepted
x=3.29986 y=1.99994 yaw=-3.20798 score=0.957224 valid=1 mode=tracking state=TRACKING evaluated=789 execution_us=42663 reason=tracking_pose_accepted
x=3.29986 y=2.04994 yaw=-3.20891 score=0.940148 valid=1 mode=tracking state=TRACKING evaluated=789 execution_us=42833 reason=tracking_pose_accepted
x=3.29986 y=2.04994 yaw=-3.17494 score=0.919326 valid=1 mode=tracking state=TRACKING evaluated=807 execution_us=43329 reason=tracking_pose_accepted
x=3.29986 y=2.09994 yaw=-3.14097 score=0.926751 valid=1 mode=tracking state=TRACKING evaluated=807 execution_us=43283 reason=tracking_pose_accepted
x=3.29986 y=2.09994 yaw=-3.17681 score=0.929327 valid=1 mode=tracking state=TRACKING evaluated=807 execution_us=43492 reason=tracking_pose_accepted
x=3.29986 y=2.09994 yaw=-3.17774 score=0.928221 valid=1 mode=tracking state=TRACKING evaluated=807 execution_us=43585 reason=tracking_pose_accepted
x=3.29986 y=2.09994 yaw=-3.14377 score=0.925586 valid=1 mode=tracking state=TRACKING evaluated=807 execution_us=43779 reason=tracking_pose_accepted
x=3.29986 y=2.09994 yaw=-3.16216 score=0.918203 valid=1 mode=tracking state=TRACKING evaluated=807 execution_us=43907 reason=tracking_pose_accepted
x=3.34986 y=2.09994 yaw=-3.18055 score=0.92074 valid=1 mode=tracking state=TRACKING evaluated=807 execution_us=43464 reason=tracking_pose_accepted
x=3.34986 y=2.09994 yaw=-3.18148 score=0.914048 valid=1 mode=tracking state=TRACKING evaluated=831 execution_us=44492 reason=tracking_pose_accepted
x=3.34986 y=2.09994 yaw=-3.16496 score=0.921038 valid=1 mode=tracking state=TRACKING evaluated=831 execution_us=44807 reason=tracking_pose_accepted
x=3.34986 y=2.09994 yaw=-3.1659 score=0.927397 valid=1 mode=tracking state=TRACKING evaluated=807 execution_us=43347 reason=tracking_pose_accepted
x=3.34986 y=2.09994 yaw=-3.16683 score=0.920503 valid=1 mode=tracking state=TRACKING evaluated=807 execution_us=43460 reason=tracking_pose_accepted
x=3.34986 y=2.09994 yaw=-3.16776 score=0.926049 valid=1 mode=tracking state=TRACKING evaluated=807 execution_us=44089 reason=tracking_pose_accepted
x=3.34986 y=2.14994 yaw=-3.1687 score=0.921209 valid=1 mode=tracking state=TRACKING evaluated=807 execution_us=43921 reason=tracking_pose_accepted
x=3.34986 y=2.14994 yaw=-3.16963 score=0.915612 valid=1 mode=tracking state=TRACKING evaluated=789 execution_us=42886 reason=tracking_pose_accepted
x=3.29986 y=2.09994 yaw=-3.15311 score=0.92481 valid=1 mode=tracking state=TRACKING evaluated=807 execution_us=43407 reason=tracking_pose_accepted
x=3.29986 y=2.09994 yaw=-3.1715 score=0.934765 valid=1 mode=tracking state=TRACKING evaluated=807 execution_us=43185 reason=tracking_pose_accepted
x=3.29986 y=2.09994 yaw=-3.17244 score=0.926565 valid=1 mode=tracking state=TRACKING evaluated=807 execution_us=43401 reason=tracking_pose_accepted
x=3.29986 y=2.09994 yaw=-3.15592 score=0.926174 valid=1 mode=tracking state=TRACKING evaluated=807 execution_us=43670 reason=tracking_pose_accepted
x=3.29986 y=2.09994 yaw=-3.1743 score=0.919316 valid=1 mode=tracking state=TRACKING evaluated=807 execution_us=43473 reason=tracking_pose_accepted
x=3.29986 y=2.09994 yaw=-3.15778 score=0.919964 valid=1 mode=tracking state=TRACKING evaluated=807 execution_us=43718 reason=tracking_pose_accepted
x=3.29986 y=2.09994 yaw=-3.15872 score=0.919317 valid=1 mode=tracking state=TRACKING evaluated=807 execution_us=43787 reason=tracking_pose_accepted
x=3.29986 y=2.09994 yaw=-3.15965 score=0.919708 valid=1 mode=tracking state=TRACKING evaluated=807 execution_us=44467 reason=tracking_pose_accepted
x=3.29986 y=2.09994 yaw=-3.16059 score=0.920436 valid=1 mode=tracking state=TRACKING evaluated=807 execution_us=44515 reason=tracking_pose_accepted
x=3.29986 y=2.09994 yaw=-3.16152 score=0.920536 valid=1 mode=tracking state=TRACKING evaluated=807 execution_us=43738 reason=tracking_pose_accepted
x=3.29986 y=2.09994 yaw=-3.16245 score=0.919576 valid=1 mode=tracking state=TRACKING evaluated=807 execution_us=44585 reason=tracking_pose_accepted
x=3.29986 y=2.09994 yaw=-3.16339 score=0.92196 valid=1 mode=tracking state=TRACKING evaluated=807 execution_us=43522 reason=tracking_pose_accepted
x=3.29986 y=2.09994 yaw=-3.16432 score=0.92294 valid=1 mode=tracking state=TRACKING evaluated=807 execution_us=43437 reason=tracking_pose_accepted
x=3.29986 y=2.09994 yaw=-3.16526 score=0.920676 valid=1 mode=tracking state=TRACKING evaluated=807 execution_us=43911 reason=tracking_pose_accepted
x=3.29986 y=2.09994 yaw=-3.16619 score=0.915494 valid=1 mode=tracking state=TRACKING evaluated=807 execution_us=43239 reason=tracking_pose_accepted
x=3.29986 y=2.09994 yaw=-3.16712 score=0.920827 valid=1 mode=tracking state=TRACKING evaluated=807 execution_us=44577 reason=tracking_pose_accepted
x=3.29986 y=2.09994 yaw=-3.16806 score=0.919565 valid=1 mode=tracking state=TRACKING evaluated=807 execution_us=43725 reason=tracking_pose_accepted
x=3.29986 y=2.09994 yaw=-3.16899 score=0.919874 valid=1 mode=tracking state=TRACKING evaluated=807 execution_us=43473 reason=tracking_pose_accepted
x=3.29986 y=2.09994 yaw=-3.15247 score=0.923945 valid=1 mode=tracking state=TRACKING evaluated=807 execution_us=44981 reason=tracking_pose_accepted
x=3.29986 y=2.09994 yaw=-3.15341 score=0.922897 valid=1 mode=tracking state=TRACKING evaluated=807 execution_us=43495 reason=tracking_pose_accepted
x=3.29986 y=2.09994 yaw=-3.1718 score=0.92057 valid=1 mode=tracking state=TRACKING evaluated=807 execution_us=43716 reason=tracking_pose_accepted
x=3.29986 y=2.09994 yaw=-3.17273 score=0.917201 valid=1 mode=tracking state=TRACKING evaluated=807 execution_us=43775 reason=tracking_pose_accepted
x=3.29986 y=2.09994 yaw=-3.17366 score=0.919597 valid=1 mode=tracking state=TRACKING evaluated=807 execution_us=44333 reason=tracking_pose_accepted
x=3.29986 y=2.09994 yaw=-3.1746 score=0.923794 valid=1 mode=tracking state=TRACKING evaluated=807 execution_us=43687 reason=tracking_pose_accepted
x=3.29985 y=2.09995 yaw=-3.17553 score=0.923418 valid=1 mode=tracking state=TRACKING evaluated=807 execution_us=43961 reason=tracking_pose_accepted
x=3.29985 y=2.09995 yaw=-3.15901 score=0.921072 valid=1 mode=tracking state=TRACKING evaluated=807 execution_us=44041 reason=tracking_pose_accepted
x=3.29985 y=2.09995 yaw=-3.15995 score=0.922904 valid=1 mode=tracking state=TRACKING evaluated=807 execution_us=44155 reason=tracking_pose_accepted
x=3.29985 y=2.09995 yaw=-3.16088 score=0.919755 valid=1 mode=tracking state=TRACKING evaluated=807 execution_us=44198 reason=tracking_pose_accepted
x=3.29985 y=2.09995 yaw=-3.16181 score=0.918362 valid=1 mode=tracking state=TRACKING evaluated=807 execution_us=44200 reason=tracking_pose_accepted
x=3.29985 y=2.09995 yaw=-3.16275 score=0.922017 valid=1 mode=tracking state=TRACKING evaluated=807 execution_us=43934 reason=tracking_pose_accepted
x=3.29985 y=2.09995 yaw=-3.16368 score=0.923206 valid=1 mode=tracking state=TRACKING evaluated=807 execution_us=44663 reason=tracking_pose_accepted
x=3.29985 y=2.09995 yaw=-3.16462 score=0.922022 valid=1 mode=tracking state=TRACKING evaluated=807 execution_us=43802 reason=tracking_pose_accepted
x=3.29985 y=2.09995 yaw=-3.16555 score=0.920028 valid=1 mode=tracking state=TRACKING evaluated=807 execution_us=43954 reason=tracking_pose_accepted
x=3.29985 y=2.09995 yaw=-3.16649 score=0.917871 valid=1 mode=tracking state=TRACKING evaluated=807 execution_us=44357 reason=tracking_pose_accepted
x=3.29985 y=2.09995 yaw=-3.16742 score=0.920201 valid=1 mode=tracking state=TRACKING evaluated=807 execution_us=43748 reason=tracking_pose_accepted
x=3.29985 y=2.09995 yaw=-3.16835 score=0.919081 valid=1 mode=tracking state=TRACKING evaluated=807 execution_us=44053 reason=tracking_pose_accepted
x=3.29985 y=2.09995 yaw=-3.16929 score=0.920367 valid=1 mode=tracking state=TRACKING evaluated=807 execution_us=44612 reason=tracking_pose_accepted
x=3.29985 y=2.09995 yaw=-3.17022 score=0.921547 valid=1 mode=tracking state=TRACKING evaluated=807 execution_us=43696 reason=tracking_pose_accepted
x=3.29985 y=2.09995 yaw=-3.17116 score=0.921694 valid=1 mode=tracking state=TRACKING evaluated=807 execution_us=44212 reason=tracking_pose_accepted
x=3.29985 y=2.09995 yaw=-3.17209 score=0.921081 valid=1 mode=tracking state=TRACKING evaluated=807 execution_us=43734 reason=tracking_pose_accepted
x=3.29985 y=2.09995 yaw=-3.15557 score=0.920247 valid=1 mode=tracking state=TRACKING evaluated=807 execution_us=43638 reason=tracking_pose_accepted
x=3.29985 y=2.09995 yaw=-3.17396 score=0.920426 valid=1 mode=tracking state=TRACKING evaluated=807 execution_us=44159 reason=tracking_pose_accepted
x=3.29985 y=2.09995 yaw=-3.17489 score=0.91696 valid=1 mode=tracking state=TRACKING evaluated=807 execution_us=43632 reason=tracking_pose_accepted
x=3.29985 y=2.09995 yaw=-3.15837 score=0.920448 valid=1 mode=tracking state=TRACKING evaluated=807 execution_us=44002 reason=tracking_pose_accepted
x=3.29985 y=2.09995 yaw=-3.17676 score=0.9203 valid=1 mode=tracking state=TRACKING evaluated=807 execution_us=43161 reason=tracking_pose_accepted
x=3.29985 y=2.09995 yaw=-3.16024 score=0.920645 valid=1 mode=tracking state=TRACKING evaluated=807 execution_us=43450 reason=tracking_pose_accepted
x=3.29985 y=2.09995 yaw=-3.16118 score=0.921718 valid=1 mode=tracking state=TRACKING evaluated=807 execution_us=43252 reason=tracking_pose_accepted
x=3.29985 y=2.09995 yaw=-3.16211 score=0.919749 valid=1 mode=tracking state=TRACKING evaluated=807 execution_us=44256 reason=tracking_pose_accepted
x=3.29985 y=2.09995 yaw=-3.16304 score=0.919917 valid=1 mode=tracking state=TRACKING evaluated=807 execution_us=43636 reason=tracking_pose_accepted
x=3.29985 y=2.09995 yaw=-3.16398 score=0.92217 valid=1 mode=tracking state=TRACKING evaluated=807 execution_us=44339 reason=tracking_pose_accepted
x=3.29985 y=2.09995 yaw=-3.16491 score=0.921526 valid=1 mode=tracking state=TRACKING evaluated=807 execution_us=43757 reason=tracking_pose_accepted
x=3.29985 y=2.09995 yaw=-3.16585 score=0.920368 valid=1 mode=tracking state=TRACKING evaluated=807 execution_us=43718 reason=tracking_pose_accepted
x=3.29985 y=2.09995 yaw=-3.16678 score=0.920028 valid=1 mode=tracking state=TRACKING evaluated=807 execution_us=43529 reason=tracking_pose_accepted
x=3.29985 y=2.09995 yaw=-3.16771 score=0.918869 valid=1 mode=tracking state=TRACKING evaluated=807 execution_us=43118 reason=tracking_pose_accepted
x=3.29985 y=2.09995 yaw=-3.16865 score=0.923915 valid=1 mode=tracking state=TRACKING evaluated=807 execution_us=43485 reason=tracking_pose_accepted
x=3.29985 y=2.09995 yaw=-3.16958 score=0.918614 valid=1 mode=tracking state=TRACKING evaluated=807 execution_us=43995 reason=tracking_pose_accepted
x=3.29985 y=2.09995 yaw=-3.15306 score=0.916664 valid=1 mode=tracking state=TRACKING evaluated=807 execution_us=44115 reason=tracking_pose_accepted
x=3.29985 y=2.09995 yaw=-3.17145 score=0.923781 valid=1 mode=tracking state=TRACKING evaluated=807 execution_us=43251 reason=tracking_pose_accepted
x=3.29985 y=2.09995 yaw=-3.15493 score=0.924424 valid=1 mode=tracking state=TRACKING evaluated=807 execution_us=44239 reason=tracking_pose_accepted
x=3.29985 y=2.09995 yaw=-3.17332 score=0.919513 valid=1 mode=tracking state=TRACKING evaluated=807 execution_us=44463 reason=tracking_pose_accepted
x=3.29985 y=2.09995 yaw=-3.17425 score=0.923054 valid=1 mode=tracking state=TRACKING evaluated=807 execution_us=43839 reason=tracking_pose_accepted
x=3.29985 y=2.09995 yaw=-3.17519 score=0.925286 valid=1 mode=tracking state=TRACKING evaluated=807 execution_us=43133 reason=tracking_pose_accepted
x=3.29985 y=2.09995 yaw=-3.17612 score=0.923688 valid=1 mode=tracking state=TRACKING evaluated=807 execution_us=44265 reason=tracking_pose_accepted
x=3.29985 y=2.14995 yaw=-3.17706 score=0.912993 valid=1 mode=tracking state=TRACKING evaluated=807 execution_us=44488 reason=tracking_pose_accepted
x=3.24985 y=2.14995 yaw=-3.17799 score=0.928216 valid=1 mode=tracking state=TRACKING evaluated=789 execution_us=43602 reason=tracking_pose_accepted
x=3.24985 y=2.14995 yaw=-3.23128 score=0.928703 valid=1 mode=tracking state=TRACKING evaluated=789 execution_us=42055 reason=tracking_pose_accepted
x=3.19985 y=2.14995 yaw=-3.31948 score=0.961143 valid=1 mode=tracking state=TRACKING evaluated=789 execution_us=42969 reason=tracking_pose_accepted
x=3.14985 y=2.14995 yaw=-3.42514 score=0.953837 valid=1 mode=tracking state=TRACKING evaluated=789 execution_us=42982 reason=tracking_pose_accepted
x=3.04985 y=2.14995 yaw=-3.46098 score=0.93045 valid=1 mode=tracking state=TRACKING evaluated=789 execution_us=43277 reason=tracking_pose_accepted
x=2.99985 y=2.14995 yaw=-3.44446 score=0.932226 valid=1 mode=tracking state=TRACKING evaluated=789 execution_us=43036 reason=tracking_pose_accepted
x=2.94985 y=2.14995 yaw=-3.41049 score=0.943567 valid=1 mode=tracking state=TRACKING evaluated=789 execution_us=43126 reason=tracking_pose_accepted
x=2.84985 y=2.14995 yaw=-3.35906 score=0.923624 valid=1 mode=tracking state=TRACKING evaluated=789 execution_us=43087 reason=tracking_pose_accepted
x=2.79985 y=2.09995 yaw=-3.32509 score=0.912697 valid=1 mode=tracking state=TRACKING evaluated=789 execution_us=43087 reason=tracking_pose_accepted
x=2.74985 y=2.09995 yaw=-3.32602 score=0.924061 valid=1 mode=tracking state=TRACKING evaluated=807 execution_us=44308 reason=tracking_pose_accepted
x=2.64985 y=2.09995 yaw=-3.32696 score=0.96433 valid=1 mode=tracking state=TRACKING evaluated=807 execution_us=44448 reason=tracking_pose_accepted
x=2.59984 y=2.09995 yaw=-3.31044 score=0.948254 valid=1 mode=tracking state=TRACKING evaluated=807 execution_us=44630 reason=tracking_pose_accepted
x=2.54984 y=2.09995 yaw=-3.27647 score=0.951102 valid=1 mode=tracking state=TRACKING evaluated=807 execution_us=43586 reason=tracking_pose_accepted
x=2.54984 y=2.09995 yaw=-3.20759 score=0.938411 valid=1 mode=tracking state=TRACKING evaluated=807 execution_us=44083 reason=tracking_pose_accepted
x=2.49984 y=2.09995 yaw=-3.15616 score=0.920833 valid=1 mode=tracking state=TRACKING evaluated=807 execution_us=44372 reason=tracking_pose_accepted
x=2.44984 y=2.09995 yaw=-3.00002 score=0.909497 valid=1 mode=tracking state=TRACKING evaluated=807 execution_us=43813 reason=tracking_pose_accepted
x=2.39984 y=2.09995 yaw=-2.84387 score=0.9436 valid=1 mode=tracking state=TRACKING evaluated=807 execution_us=43488 reason=tracking_pose_accepted
x=2.39984 y=2.14995 yaw=-2.74008 score=0.958415 valid=1 mode=tracking state=TRACKING evaluated=807 execution_us=43941 reason=tracking_pose_accepted
x=2.34984 y=2.19995 yaw=-2.60139 score=0.965588 valid=1 mode=tracking state=TRACKING evaluated=789 execution_us=43473 reason=tracking_pose_accepted
x=2.29984 y=2.19995 yaw=-2.42779 score=0.968431 valid=1 mode=tracking state=TRACKING evaluated=789 execution_us=44065 reason=tracking_pose_accepted
x=2.19984 y=2.24995 yaw=-2.2542 score=0.981679 valid=1 mode=tracking state=TRACKING evaluated=789 execution_us=43133 reason=tracking_pose_accepted
x=2.09984 y=2.24995 yaw=-2.09805 score=0.984114 valid=1 mode=tracking state=TRACKING evaluated=789 execution_us=42774 reason=tracking_pose_accepted
x=2.04984 y=2.29995 yaw=-2.02917 score=0.99095 valid=1 mode=tracking state=TRACKING evaluated=807 execution_us=44579 reason=tracking_pose_accepted
x=1.99984 y=2.29995 yaw=-1.97775 score=0.98032 valid=1 mode=tracking state=TRACKING evaluated=807 execution_us=44392 reason=tracking_pose_accepted
x=1.94984 y=2.29995 yaw=-1.94377 score=0.980011 valid=1 mode=tracking state=TRACKING evaluated=807 execution_us=44811 reason=tracking_pose_accepted
x=1.84984 y=2.29995 yaw=-1.96216 score=0.949352 valid=1 mode=tracking state=TRACKING evaluated=807 execution_us=44587 reason=tracking_pose_accepted
x=1.84984 y=2.29995 yaw=-1.94564 score=0.941321 valid=1 mode=tracking state=TRACKING evaluated=807 execution_us=44575 reason=tracking_pose_accepted
x=1.74984 y=2.24995 yaw=-1.89422 score=0.949112 valid=1 mode=tracking state=TRACKING evaluated=807 execution_us=45635 reason=tracking_pose_accepted
x=1.69984 y=2.29995 yaw=-1.8777 score=0.944933 valid=1 mode=tracking state=TRACKING evaluated=807 execution_us=44670 reason=tracking_pose_accepted
x=1.69984 y=2.29995 yaw=-1.91354 score=0.939641 valid=1 mode=tracking state=TRACKING evaluated=807 execution_us=44862 reason=tracking_pose_accepted
x=1.64984 y=2.29995 yaw=-1.93192 score=0.94187 valid=1 mode=tracking state=TRACKING evaluated=807 execution_us=44933 reason=tracking_pose_accepted
x=1.59984 y=2.34995 yaw=-1.96777 score=0.925158 valid=1 mode=tracking state=TRACKING evaluated=807 execution_us=44159 reason=tracking_pose_accepted
x=1.54984 y=2.34995 yaw=-2.07342 score=0.936433 valid=1 mode=tracking state=TRACKING evaluated=807 execution_us=44109 reason=tracking_pose_accepted
x=1.54984 y=2.34995 yaw=-2.17907 score=0.922453 valid=1 mode=tracking state=TRACKING evaluated=807 execution_us=44577 reason=tracking_pose_accepted
x=1.49984 y=2.39995 yaw=-2.26727 score=0.930993 valid=1 mode=tracking state=TRACKING evaluated=807 execution_us=44061 reason=tracking_pose_accepted
x=1.44984 y=2.39995 yaw=-2.37293 score=0.937119 valid=1 mode=tracking state=TRACKING evaluated=807 execution_us=44679 reason=tracking_pose_accepted
x=1.44984 y=2.39995 yaw=-2.46113 score=0.926797 valid=1 mode=tracking state=TRACKING evaluated=807 execution_us=44740 reason=tracking_pose_accepted
x=1.39984 y=2.44995 yaw=-2.53187 score=0.932656 valid=1 mode=tracking state=TRACKING evaluated=807 execution_us=45142 reason=tracking_pose_accepted
x=1.34984 y=2.44995 yaw=-2.62008 score=0.938879 valid=1 mode=tracking state=TRACKING evaluated=807 execution_us=45725 reason=tracking_pose_accepted
x=1.34984 y=2.49995 yaw=-2.67337 score=0.9301 valid=1 mode=tracking state=TRACKING evaluated=807 execution_us=44985 reason=tracking_pose_accepted
x=1.29984 y=2.49995 yaw=-2.72666 score=0.943777 valid=1 mode=tracking state=TRACKING evaluated=807 execution_us=45191 reason=tracking_pose_accepted
x=1.29984 y=2.49995 yaw=-2.7276 score=0.950731 valid=1 mode=tracking state=TRACKING evaluated=807 execution_us=45589 reason=tracking_pose_accepted
x=1.24984 y=2.49995 yaw=-2.69363 score=0.948227 valid=1 mode=tracking state=TRACKING evaluated=807 execution_us=45499 reason=tracking_pose_accepted
x=1.19984 y=2.44995 yaw=-2.57239 score=0.948898 valid=1 mode=tracking state=TRACKING evaluated=807 execution_us=45833 reason=tracking_pose_accepted
x=1.14984 y=2.44995 yaw=-2.39879 score=0.946967 valid=1 mode=tracking state=TRACKING evaluated=807 execution_us=45657 reason=tracking_pose_accepted
x=1.09984 y=2.44995 yaw=-2.15538 score=0.954269 valid=1 mode=tracking state=TRACKING evaluated=807 execution_us=45578 reason=tracking_pose_accepted
x=1.04984 y=2.39995 yaw=-1.87706 score=0.94841 valid=1 mode=tracking state=TRACKING evaluated=807 execution_us=45690 reason=tracking_pose_accepted
x=1.04984 y=2.44995 yaw=-1.68601 score=0.942348 valid=1 mode=tracking state=TRACKING evaluated=807 execution_us=45031 reason=tracking_pose_accepted
x=0.999841 y=2.44995 yaw=-1.44259 score=0.952563 valid=1 mode=tracking state=TRACKING evaluated=807 execution_us=45284 reason=tracking_pose_accepted
x=0.999841 y=2.44995 yaw=-1.19918 score=0.959149 valid=1 mode=tracking state=TRACKING evaluated=807 execution_us=44837 reason=tracking_pose_accepted
x=0.949841 y=2.44994 yaw=-0.990676 score=0.976165 valid=1 mode=tracking state=TRACKING evaluated=807 execution_us=45225 reason=tracking_pose_accepted
x=0.949841 y=2.44994 yaw=-0.834531 score=0.967974 valid=1 mode=tracking state=TRACKING evaluated=807 execution_us=44945 reason=tracking_pose_accepted
x=0.899842 y=2.44994 yaw=-0.678385 score=0.976256 valid=1 mode=tracking state=TRACKING evaluated=807 execution_us=44935 reason=tracking_pose_accepted
x=0.899841 y=2.44994 yaw=-0.609506 score=0.971195 valid=1 mode=tracking state=TRACKING evaluated=807 execution_us=45207 reason=tracking_pose_accepted
x=0.949841 y=2.44994 yaw=-0.575534 score=0.954248 valid=1 mode=tracking state=TRACKING evaluated=807 execution_us=45711 reason=tracking_pose_accepted
x=0.949842 y=2.44994 yaw=-0.454295 score=0.965999 valid=1 mode=tracking state=TRACKING evaluated=807 execution_us=45727 reason=tracking_pose_accepted
x=0.949842 y=2.44994 yaw=-0.333056 score=0.966451 valid=1 mode=tracking state=TRACKING evaluated=807 execution_us=44418 reason=tracking_pose_accepted
x=0.949842 y=2.44994 yaw=-0.22927 score=0.968402 valid=1 mode=tracking state=TRACKING evaluated=807 execution_us=45208 reason=tracking_pose_accepted
x=0.899842 y=2.44994 yaw=-0.160391 score=0.967816 valid=1 mode=tracking state=TRACKING evaluated=807 execution_us=44352 reason=tracking_pose_accepted
x=0.899842 y=2.44994 yaw=-0.213685 score=0.968414 valid=1 mode=tracking state=TRACKING evaluated=807 execution_us=45013 reason=tracking_pose_accepted
x=0.899842 y=2.44994 yaw=-0.179713 score=0.968025 valid=1 mode=tracking state=TRACKING evaluated=807 execution_us=45160 reason=tracking_pose_accepted
x=0.899842 y=2.49994 yaw=-0.163194 score=0.971181 valid=1 mode=tracking state=TRACKING evaluated=807 execution_us=44957 reason=tracking_pose_accepted
x=0.899842 y=2.49994 yaw=-0.0768613 score=0.977269 valid=1 mode=tracking state=TRACKING evaluated=807 execution_us=44855 reason=tracking_pose_accepted
x=0.899842 y=2.49994 yaw=-0.0603422 score=0.957999 valid=1 mode=tracking state=TRACKING evaluated=807 execution_us=44772 reason=tracking_pose_accepted
x=0.849842 y=2.49994 yaw=-0.0612764 score=0.976511 valid=1 mode=tracking state=TRACKING evaluated=807 execution_us=44845 reason=tracking_pose_accepted
x=0.849842 y=2.49994 yaw=-0.0971171 score=0.970537 valid=1 mode=tracking state=TRACKING evaluated=807 execution_us=45671 reason=tracking_pose_accepted
x=0.849842 y=2.49994 yaw=-0.0456914 score=0.960068 valid=1 mode=tracking state=TRACKING evaluated=807 execution_us=45001 reason=tracking_pose_accepted
x=0.799842 y=2.49994 yaw=-0.0117189 score=0.967164 valid=1 mode=tracking state=TRACKING evaluated=807 execution_us=44829 reason=tracking_pose_accepted
x=0.799842 y=2.49994 yaw=0.00480019 score=0.978482 valid=1 mode=tracking state=TRACKING evaluated=807 execution_us=45419 reason=tracking_pose_accepted
x=0.799842 y=2.49994 yaw=0.00386602 score=0.966432 valid=1 mode=tracking state=TRACKING evaluated=807 execution_us=45116 reason=tracking_pose_accepted
x=0.799842 y=2.49994 yaw=0.0378384 score=0.962679 valid=1 mode=tracking state=TRACKING evaluated=807 execution_us=44881 reason=tracking_pose_accepted
x=0.849842 y=2.49994 yaw=0.00199768 score=0.968475 valid=1 mode=tracking state=TRACKING evaluated=807 execution_us=45565 reason=tracking_pose_accepted
x=0.849842 y=2.49994 yaw=-0.0512964 score=0.977734 valid=1 mode=tracking state=TRACKING evaluated=807 execution_us=45119 reason=tracking_pose_accepted
x=0.849842 y=2.49994 yaw=-0.0522306 score=0.976389 valid=1 mode=tracking state=TRACKING evaluated=807 execution_us=45496 reason=tracking_pose_accepted
x=0.849842 y=2.49994 yaw=-0.0531648 score=0.976574 valid=1 mode=tracking state=TRACKING evaluated=807 execution_us=44549 reason=tracking_pose_accepted
x=0.849842 y=2.49994 yaw=-0.0366456 score=0.978801 valid=1 mode=tracking state=TRACKING evaluated=807 execution_us=44914 reason=tracking_pose_accepted
x=0.849842 y=2.49994 yaw=-0.0375798 score=0.981464 valid=1 mode=tracking state=TRACKING evaluated=807 execution_us=46420 reason=tracking_pose_accepted
x=0.849842 y=2.49994 yaw=-0.038514 score=0.983346 valid=1 mode=tracking state=TRACKING evaluated=807 execution_us=45095 reason=tracking_pose_accepted
x=0.849842 y=2.49994 yaw=-0.0394482 score=0.988511 valid=1 mode=tracking state=TRACKING evaluated=807 execution_us=45066 reason=tracking_pose_accepted
x=0.849842 y=2.49994 yaw=-0.0403824 score=0.982429 valid=1 mode=tracking state=TRACKING evaluated=807 execution_us=45407 reason=tracking_pose_accepted
x=0.849842 y=2.49994 yaw=-0.0413165 score=0.98136 valid=1 mode=tracking state=TRACKING evaluated=807 execution_us=45223 reason=tracking_pose_accepted
x=0.849842 y=2.49994 yaw=-0.0422507 score=0.984909 valid=1 mode=tracking state=TRACKING evaluated=807 execution_us=45231 reason=tracking_pose_accepted
x=0.849842 y=2.49994 yaw=-0.0606382 score=0.984643 valid=1 mode=tracking state=TRACKING evaluated=807 execution_us=44675 reason=tracking_pose_accepted
x=0.899842 y=2.49994 yaw=-0.0441191 score=0.963011 valid=1 mode=tracking state=TRACKING evaluated=807 execution_us=45153 reason=tracking_pose_accepted
x=0.849842 y=2.49994 yaw=-0.0101466 score=0.969089 valid=1 mode=tracking state=TRACKING evaluated=807 execution_us=45144 reason=tracking_pose_accepted
x=0.849842 y=2.49994 yaw=0.0063725 score=0.979119 valid=1 mode=tracking state=TRACKING evaluated=807 execution_us=45306 reason=tracking_pose_accepted
x=0.849842 y=2.49994 yaw=0.00543834 score=0.982165 valid=1 mode=tracking state=TRACKING evaluated=807 execution_us=45184 reason=tracking_pose_accepted
x=0.849842 y=2.49994 yaw=0.00450415 score=0.987713 valid=1 mode=tracking state=TRACKING evaluated=807 execution_us=44756 reason=tracking_pose_accepted
x=0.849842 y=2.49994 yaw=0.00356997 score=0.986325 valid=1 mode=tracking state=TRACKING evaluated=807 execution_us=45151 reason=tracking_pose_accepted
x=0.849842 y=2.49994 yaw=0.00263578 score=0.980852 valid=1 mode=tracking state=TRACKING evaluated=807 execution_us=44847 reason=tracking_pose_accepted
x=0.849842 y=2.49994 yaw=-0.0157517 score=0.981205 valid=1 mode=tracking state=TRACKING evaluated=807 execution_us=44821 reason=tracking_pose_accepted
x=0.849842 y=2.49994 yaw=-0.0166859 score=0.98629 valid=1 mode=tracking state=TRACKING evaluated=807 execution_us=45050 reason=tracking_pose_accepted
x=0.849842 y=2.49994 yaw=-0.01762 score=0.98264 valid=1 mode=tracking state=TRACKING evaluated=807 execution_us=45922 reason=tracking_pose_accepted
x=0.849842 y=2.49994 yaw=-0.00110094 score=0.980699 valid=1 mode=tracking state=TRACKING evaluated=807 execution_us=44857 reason=tracking_pose_accepted
x=0.849842 y=2.49994 yaw=-0.0020351 score=0.978344 valid=1 mode=tracking state=TRACKING evaluated=807 execution_us=44941 reason=tracking_pose_accepted
x=0.849842 y=2.49994 yaw=-0.0204226 score=0.974423 valid=1 mode=tracking state=TRACKING evaluated=807 execution_us=45144 reason=tracking_pose_accepted
x=0.849842 y=2.49994 yaw=-0.00390346 score=0.972128 valid=1 mode=tracking state=TRACKING evaluated=807 execution_us=44531 reason=tracking_pose_accepted
x=0.849842 y=2.49994 yaw=-0.00483762 score=0.97182 valid=1 mode=tracking state=TRACKING evaluated=807 execution_us=45556 reason=tracking_pose_accepted
x=0.849842 y=2.49994 yaw=-0.0581317 score=0.970024 valid=1 mode=tracking state=TRACKING evaluated=807 execution_us=44911 reason=tracking_pose_accepted
x=0.849842 y=2.49994 yaw=-0.0590658 score=0.969363 valid=1 mode=tracking state=TRACKING evaluated=807 execution_us=45079 reason=tracking_pose_accepted
x=0.849842 y=2.49994 yaw=-0.06 score=0.96659 valid=1 mode=tracking state=TRACKING evaluated=807 execution_us=45604 reason=tracking_pose_accepted
x=0.849842 y=2.49994 yaw=-0.0609342 score=0.968984 valid=1 mode=tracking state=TRACKING evaluated=807 execution_us=44875 reason=tracking_pose_accepted
x=0.849842 y=2.49994 yaw=-0.0618684 score=0.969173 valid=1 mode=tracking state=TRACKING evaluated=807 execution_us=44401 reason=tracking_pose_accepted
x=0.849842 y=2.49994 yaw=-0.0628026 score=0.961839 valid=1 mode=tracking state=TRACKING evaluated=807 execution_us=45070 reason=tracking_pose_accepted
x=0.799843 y=2.49994 yaw=-0.0288302 score=0.962567 valid=1 mode=tracking state=TRACKING evaluated=807 execution_us=44623 reason=tracking_pose_accepted
x=0.799843 y=2.49994 yaw=-0.0472176 score=0.974238 valid=1 mode=tracking state=TRACKING evaluated=807 execution_us=45009 reason=tracking_pose_accepted
x=0.799843 y=2.49994 yaw=-0.0306985 score=0.987512 valid=1 mode=tracking state=TRACKING evaluated=807 execution_us=45247 reason=tracking_pose_accepted
x=0.799843 y=2.49994 yaw=-0.0316327 score=0.980942 valid=1 mode=tracking state=TRACKING evaluated=807 execution_us=44845 reason=tracking_pose_accepted
x=0.799843 y=2.49994 yaw=-0.0325669 score=0.980839 valid=1 mode=tracking state=TRACKING evaluated=807 execution_us=45136 reason=tracking_pose_accepted
x=0.799843 y=2.49994 yaw=-0.0335011 score=0.97642 valid=1 mode=tracking state=TRACKING evaluated=807 execution_us=45608 reason=tracking_pose_accepted
x=0.799843 y=2.49994 yaw=0.000471313 score=0.964982 valid=1 mode=tracking state=TRACKING evaluated=807 execution_us=44875 reason=tracking_pose_accepted
x=0.849843 y=2.49994 yaw=-0.0179161 score=0.963924 valid=1 mode=tracking state=TRACKING evaluated=807 execution_us=45357 reason=tracking_pose_accepted
x=0.849842 y=2.49994 yaw=-0.0188503 score=0.967028 valid=1 mode=tracking state=TRACKING evaluated=807 execution_us=44475 reason=tracking_pose_accepted
x=0.849842 y=2.49994 yaw=-0.0197845 score=0.964624 valid=1 mode=tracking state=TRACKING evaluated=807 execution_us=45156 reason=tracking_pose_accepted
x=0.849842 y=2.49994 yaw=-0.0207187 score=0.970208 valid=1 mode=tracking state=TRACKING evaluated=807 execution_us=45683 reason=tracking_pose_accepted
x=0.849842 y=2.49994 yaw=-0.0216529 score=0.970204 valid=1 mode=tracking state=TRACKING evaluated=807 execution_us=45270 reason=tracking_pose_accepted
x=0.849842 y=2.49994 yaw=-0.0400403 score=0.969353 valid=1 mode=tracking state=TRACKING evaluated=807 execution_us=45164 reason=tracking_pose_accepted
x=0.849842 y=2.49994 yaw=-0.0409745 score=0.970404 valid=1 mode=tracking state=TRACKING evaluated=807 execution_us=45354 reason=tracking_pose_accepted
x=0.849842 y=2.49994 yaw=-0.00700213 score=0.971871 valid=1 mode=tracking state=TRACKING evaluated=807 execution_us=44906 reason=tracking_pose_accepted
x=0.849842 y=2.49994 yaw=-0.00793629 score=0.970202 valid=1 mode=tracking state=TRACKING evaluated=807 execution_us=45173 reason=tracking_pose_accepted
x=0.849842 y=2.49994 yaw=-0.0263238 score=0.969448 valid=1 mode=tracking state=TRACKING evaluated=807 execution_us=45447 reason=tracking_pose_accepted
x=0.849842 y=2.49994 yaw=-0.0272579 score=0.970433 valid=1 mode=tracking state=TRACKING evaluated=807 execution_us=44697 reason=tracking_pose_accepted
x=0.849842 y=2.49994 yaw=-0.0281921 score=0.969539 valid=1 mode=tracking state=TRACKING evaluated=807 execution_us=45422 reason=tracking_pose_accepted
x=0.849842 y=2.49994 yaw=-0.0291263 score=0.970141 valid=1 mode=tracking state=TRACKING evaluated=807 execution_us=44614 reason=tracking_pose_accepted
x=0.849842 y=2.49994 yaw=-0.0126072 score=0.969488 valid=1 mode=tracking state=TRACKING evaluated=807 execution_us=45097 reason=tracking_pose_accepted
x=0.849842 y=2.49994 yaw=-0.0309947 score=0.969022 valid=1 mode=tracking state=TRACKING evaluated=807 execution_us=45653 reason=tracking_pose_accepted
x=0.849842 y=2.49994 yaw=-0.0319289 score=0.967429 valid=1 mode=tracking state=TRACKING evaluated=807 execution_us=45059 reason=tracking_pose_accepted
x=0.849842 y=2.49994 yaw=-0.0154098 score=0.970742 valid=1 mode=tracking state=TRACKING evaluated=807 execution_us=44782 reason=tracking_pose_accepted
x=0.849842 y=2.49994 yaw=-0.0337972 score=0.969086 valid=1 mode=tracking state=TRACKING evaluated=807 execution_us=45360 reason=tracking_pose_accepted
x=0.849842 y=2.49994 yaw=-0.0347314 score=0.97132 valid=1 mode=tracking state=TRACKING evaluated=807 execution_us=44862 reason=tracking_pose_accepted
x=0.849842 y=2.49994 yaw=-0.0182123 score=0.974044 valid=1 mode=tracking state=TRACKING evaluated=807 execution_us=45238 reason=tracking_pose_accepted
x=0.849842 y=2.49994 yaw=-0.0191465 score=0.973805 valid=1 mode=tracking state=TRACKING evaluated=807 execution_us=44714 reason=tracking_pose_accepted
x=0.849842 y=2.49994 yaw=-0.0200807 score=0.971433 valid=1 mode=tracking state=TRACKING evaluated=807 execution_us=45132 reason=tracking_pose_accepted
x=0.849842 y=2.49994 yaw=-0.0210149 score=0.969442 valid=1 mode=tracking state=TRACKING evaluated=807 execution_us=45271 reason=tracking_pose_accepted
x=0.849842 y=2.49994 yaw=-0.0394023 score=0.966539 valid=1 mode=tracking state=TRACKING evaluated=807 execution_us=44646 reason=tracking_pose_accepted
x=0.849842 y=2.49994 yaw=-0.0228832 score=0.969122 valid=1 mode=tracking state=TRACKING evaluated=807 execution_us=44866 reason=tracking_pose_accepted
x=0.849842 y=2.49994 yaw=-0.0238174 score=0.969217 valid=1 mode=tracking state=TRACKING evaluated=807 execution_us=45466 reason=tracking_pose_accepted
x=0.849842 y=2.49994 yaw=-0.0422049 score=0.966779 valid=1 mode=tracking state=TRACKING evaluated=807 execution_us=44800 reason=tracking_pose_accepted
x=0.849842 y=2.49994 yaw=-0.0256858 score=0.967685 valid=1 mode=tracking state=TRACKING evaluated=807 execution_us=45286 reason=tracking_pose_accepted
x=0.849842 y=2.49994 yaw=-0.00916667 score=0.966518 valid=1 mode=tracking state=TRACKING evaluated=807 execution_us=44639 reason=tracking_pose_accepted
x=0.849842 y=2.49994 yaw=-0.0275541 score=0.968854 valid=1 mode=tracking state=TRACKING evaluated=807 execution_us=44646 reason=tracking_pose_accepted
x=0.849842 y=2.49994 yaw=-0.0284883 score=0.969312 valid=1 mode=tracking state=TRACKING evaluated=807 execution_us=44796 reason=tracking_pose_accepted
x=0.849842 y=2.49994 yaw=-0.0294225 score=0.968912 valid=1 mode=tracking state=TRACKING evaluated=807 execution_us=45202 reason=tracking_pose_accepted
x=0.849842 y=2.49994 yaw=-0.0303567 score=0.969082 valid=1 mode=tracking state=TRACKING evaluated=807 execution_us=44470 reason=tracking_pose_accepted
x=0.849842 y=2.49994 yaw=-0.0312909 score=0.969948 valid=1 mode=tracking state=TRACKING evaluated=807 execution_us=44968 reason=tracking_pose_accepted
x=0.849842 y=2.49994 yaw=-0.032225 score=0.970563 valid=1 mode=tracking state=TRACKING evaluated=807 execution_us=45580 reason=tracking_pose_accepted
x=0.849842 y=2.49994 yaw=-0.0331592 score=0.968891 valid=1 mode=tracking state=TRACKING evaluated=807 execution_us=45793 reason=tracking_pose_accepted
x=0.849842 y=2.49994 yaw=-0.0166401 score=0.972282 valid=1 mode=tracking state=TRACKING evaluated=807 execution_us=44822 reason=tracking_pose_accepted
x=0.849842 y=2.49994 yaw=-0.0350276 score=0.967882 valid=1 mode=tracking state=TRACKING evaluated=807 execution_us=44830 reason=tracking_pose_accepted
x=0.849842 y=2.49994 yaw=-0.0359618 score=0.96831 valid=1 mode=tracking state=TRACKING evaluated=807 execution_us=45564 reason=tracking_pose_accepted
x=0.849842 y=2.49994 yaw=-0.0194427 score=0.970895 valid=1 mode=tracking state=TRACKING evaluated=807 execution_us=44899 reason=tracking_pose_accepted
x=0.849842 y=2.49994 yaw=-0.0203769 score=0.968984 valid=1 mode=tracking state=TRACKING evaluated=807 execution_us=45230 reason=tracking_pose_accepted
x=0.849842 y=2.49994 yaw=-0.021311 score=0.970898 valid=1 mode=tracking state=TRACKING evaluated=807 execution_us=44730 reason=tracking_pose_accepted
x=0.849842 y=2.49994 yaw=-0.0222452 score=0.970359 valid=1 mode=tracking state=TRACKING evaluated=807 execution_us=45148 reason=tracking_pose_accepted
x=0.849842 y=2.49994 yaw=0.0117272 score=0.969363 valid=1 mode=tracking state=TRACKING evaluated=807 execution_us=45290 reason=tracking_pose_accepted
x=0.849842 y=2.49994 yaw=-0.00666028 score=0.970129 valid=1 mode=tracking state=TRACKING evaluated=807 execution_us=45166 reason=tracking_pose_accepted
x=0.849842 y=2.49994 yaw=-0.042501 score=0.970074 valid=1 mode=tracking state=TRACKING evaluated=807 execution_us=45332 reason=tracking_pose_accepted
x=0.849842 y=2.49994 yaw=-0.0259819 score=0.969975 valid=1 mode=tracking state=TRACKING evaluated=807 execution_us=45541 reason=tracking_pose_accepted
x=0.849842 y=2.49994 yaw=-0.0269161 score=0.969056 valid=1 mode=tracking state=TRACKING evaluated=807 execution_us=45163 reason=tracking_pose_accepted
x=0.849842 y=2.49994 yaw=-0.0278503 score=0.970283 valid=1 mode=tracking state=TRACKING evaluated=807 execution_us=45476 reason=tracking_pose_accepted
x=0.849842 y=2.49994 yaw=-0.0113312 score=0.969585 valid=1 mode=tracking state=TRACKING evaluated=807 execution_us=45113 reason=tracking_pose_accepted
x=0.849842 y=2.49994 yaw=-0.0297186 score=0.969232 valid=1 mode=tracking state=TRACKING evaluated=807 execution_us=45019 reason=tracking_pose_accepted
x=0.849842 y=2.49994 yaw=-0.0131995 score=0.971126 valid=1 mode=tracking state=TRACKING evaluated=807 execution_us=44964 reason=tracking_pose_accepted
x=0.849842 y=2.49994 yaw=-0.0141337 score=0.970409 valid=1 mode=tracking state=TRACKING evaluated=807 execution_us=45331 reason=tracking_pose_accepted
x=0.849842 y=2.49994 yaw=-0.0325212 score=0.969308 valid=1 mode=tracking state=TRACKING evaluated=807 execution_us=45373 reason=tracking_pose_accepted
x=0.849842 y=2.49994 yaw=-0.0160021 score=0.96829 valid=1 mode=tracking state=TRACKING evaluated=807 execution_us=45730 reason=tracking_pose_accepted
x=0.849842 y=2.49994 yaw=-0.0343896 score=0.969272 valid=1 mode=tracking state=TRACKING evaluated=807 execution_us=44845 reason=tracking_pose_accepted
x=0.849842 y=2.49994 yaw=-0.0178704 score=0.969064 valid=1 mode=tracking state=TRACKING evaluated=807 execution_us=45026 reason=tracking_pose_accepted
x=0.849842 y=2.49994 yaw=-0.0188046 score=0.97105 valid=1 mode=tracking state=TRACKING evaluated=807 execution_us=45151 reason=tracking_pose_accepted
x=0.849842 y=2.49994 yaw=-0.00228552 score=0.970099 valid=1 mode=tracking state=TRACKING evaluated=807 execution_us=44522 reason=tracking_pose_accepted
x=0.849842 y=2.49994 yaw=-0.020673 score=0.969078 valid=1 mode=tracking state=TRACKING evaluated=807 execution_us=44985 reason=tracking_pose_accepted
x=0.849842 y=2.49994 yaw=-0.00415386 score=0.970437 valid=1 mode=tracking state=TRACKING evaluated=807 execution_us=45691 reason=tracking_pose_accepted
x=0.849842 y=2.49994 yaw=-0.0399946 score=0.968515 valid=1 mode=tracking state=TRACKING evaluated=807 execution_us=45015 reason=tracking_pose_accepted
x=0.849842 y=2.49994 yaw=-0.0234755 score=0.971429 valid=1 mode=tracking state=TRACKING evaluated=807 execution_us=45388 reason=tracking_pose_accepted
x=0.849842 y=2.49994 yaw=-0.00695641 score=0.970202 valid=1 mode=tracking state=TRACKING evaluated=807 execution_us=44855 reason=tracking_pose_accepted
x=0.849842 y=2.49994 yaw=-0.00789058 score=0.968495 valid=1 mode=tracking state=TRACKING evaluated=807 execution_us=46349 reason=tracking_pose_accepted
x=0.849842 y=2.49994 yaw=-0.0262781 score=0.972345 valid=1 mode=tracking state=TRACKING evaluated=807 execution_us=45479 reason=tracking_pose_accepted
x=0.849842 y=2.49994 yaw=-0.0272122 score=0.971198 valid=1 mode=tracking state=TRACKING evaluated=807 execution_us=44921 reason=tracking_pose_accepted
x=0.849842 y=2.49994 yaw=-0.0106931 score=0.969814 valid=1 mode=tracking state=TRACKING evaluated=807 execution_us=44584 reason=tracking_pose_accepted
x=0.849842 y=2.49994 yaw=-0.0290806 score=0.969808 valid=1 mode=tracking state=TRACKING evaluated=807 execution_us=44849 reason=tracking_pose_accepted
x=0.849842 y=2.49994 yaw=-0.0125615 score=0.968493 valid=1 mode=tracking state=TRACKING evaluated=807 execution_us=44211 reason=tracking_pose_accepted
x=0.849842 y=2.49994 yaw=-0.0134957 score=0.97212 valid=1 mode=tracking state=TRACKING evaluated=807 execution_us=44984 reason=tracking_pose_accepted
x=0.849842 y=2.49994 yaw=-0.0144299 score=0.97135 valid=1 mode=tracking state=TRACKING evaluated=807 execution_us=45261 reason=tracking_pose_accepted
x=0.849842 y=2.49994 yaw=-0.015364 score=0.971045 valid=1 mode=tracking state=TRACKING evaluated=807 execution_us=46117 reason=tracking_pose_accepted
x=0.849842 y=2.49994 yaw=-0.0337515 score=0.971327 valid=1 mode=tracking state=TRACKING evaluated=807 execution_us=45679 reason=tracking_pose_accepted
x=0.849842 y=2.49994 yaw=-0.0172324 score=0.971974 valid=1 mode=tracking state=TRACKING evaluated=807 execution_us=45810 reason=tracking_pose_accepted
x=0.849842 y=2.49994 yaw=-0.0181666 score=0.968373 valid=1 mode=tracking state=TRACKING evaluated=807 execution_us=45297 reason=tracking_pose_accepted
x=0.849842 y=2.49994 yaw=-0.0365541 score=0.967816 valid=1 mode=tracking state=TRACKING evaluated=807 execution_us=44867 reason=tracking_pose_accepted
x=0.849842 y=2.49994 yaw=-0.020035 score=0.970434 valid=1 mode=tracking state=TRACKING evaluated=807 execution_us=44794 reason=tracking_pose_accepted
x=0.849842 y=2.49994 yaw=-0.00351585 score=0.969129 valid=1 mode=tracking state=TRACKING evaluated=807 execution_us=51524 reason=tracking_pose_accepted
x=0.849842 y=2.49994 yaw=-0.00445002 score=0.969482 valid=1 mode=tracking state=TRACKING evaluated=807 execution_us=45210 reason=tracking_pose_accepted
x=0.849842 y=2.49994 yaw=-0.0402908 score=0.969669 valid=1 mode=tracking state=TRACKING evaluated=807 execution_us=45268 reason=tracking_pose_accepted
x=0.849842 y=2.49994 yaw=-0.0237717 score=0.972651 valid=1 mode=tracking state=TRACKING evaluated=807 execution_us=45459 reason=tracking_pose_accepted
x=0.849842 y=2.49994 yaw=0.0102007 score=0.972886 valid=1 mode=tracking state=TRACKING evaluated=807 execution_us=44947 reason=tracking_pose_accepted
x=0.849842 y=2.49994 yaw=-0.02564 score=0.969975 valid=1 mode=tracking state=TRACKING evaluated=807 execution_us=45123 reason=tracking_pose_accepted
x=0.849842 y=2.49994 yaw=-0.0265742 score=0.970231 valid=1 mode=tracking state=TRACKING evaluated=807 execution_us=45641 reason=tracking_pose_accepted
x=0.849842 y=2.49994 yaw=-0.0100551 score=0.969664 valid=1 mode=tracking state=TRACKING evaluated=807 execution_us=45177 reason=tracking_pose_accepted
x=0.849842 y=2.49994 yaw=-0.0284426 score=0.971096 valid=1 mode=tracking state=TRACKING evaluated=807 execution_us=45590 reason=tracking_pose_accepted
mission_command=STOP
x=0.849842 y=2.49994 yaw=-0.0119235 score=0.971507 valid=1 mode=tracking state=TRACKING evaluated=807 execution_us=45432 reason=tracking_pose_accepted
[YDLIDAR] Now lidar scanning has stopped!
lidar_state=STOPPED
signal_handler(15)
