mission_command=START
[YDLIDAR] SDK initializing
[YDLIDAR] SDK has been initialized
[YDLIDAR] SDK Version: 1.2.7
[YDLIDAR] Lidar successfully connected [/dev/ttyS3:230400]
[YDLIDAR] Lidar running correctly! The health status: good
Current Lidar Model Code 151
[YDLIDAR] Baseplate device info
Firmware version: 1.2
Hardware version: 1
Model: Tmini Plus
Serial: 2025042300090381
[YDLIDAR] Current scan frequency: 10.00Hz
[YDLIDAR] Current scan frequency: 10.00Hz
[YDLIDAR] Lidar init success, Elapsed time 951 ms
[YDLIDAR] Create thread 0xA6A164C0
[YDLIDAR] Successed to start scan mode, Elapsed time 2096 ms
[YDLIDAR] Scan Frequency: 10.00Hz
[YDLIDAR] Fixed Size: 400
[YDLIDAR] Sample Rate: 4.00K
[YDLIDAR] Successed to check the lidar, Elapsed time 1 ms
[2026-07-25 01:11:27][info] [YDLIDAR] Now lidar is scanning...
lidar_state=RUNNING
x=2.05 y=2.05 yaw=-0.0436336 score=0.982211 valid=1 mode=global state=RECOVERED evaluated=15444 execution_us=896900 reason=initial_global_pose_accepted
x=2.05 y=2.05 yaw=-0.0620211 score=0.9851 valid=1 mode=tracking state=RECOVERED evaluated=831 execution_us=50990 reason=recovery_confirmation_pending
x=2.05 y=2.05 yaw=-0.0629552 score=0.981727 valid=1 mode=tracking state=RECOVERED evaluated=831 execution_us=48062 reason=recovery_confirmation_pending
x=2.05 y=2.05 yaw=-0.0638894 score=0.984222 valid=1 mode=tracking state=TRACKING evaluated=831 execution_us=51782 reason=recovery_confirmed
x=2.05 y=2.05 yaw=-0.0648236 score=0.987616 valid=1 mode=tracking state=TRACKING evaluated=831 execution_us=52891 reason=tracking_pose_accepted
x=2.05 y=2.05 yaw=-0.0483045 score=0.980126 valid=1 mode=tracking state=TRACKING evaluated=831 execution_us=52264 reason=tracking_pose_accepted
x=2.05 y=2.05 yaw=-0.0666919 score=0.980486 valid=1 mode=tracking state=TRACKING evaluated=831 execution_us=51919 reason=tracking_pose_accepted
x=2.05 y=2.05 yaw=-0.0501728 score=0.978576 valid=1 mode=tracking state=TRACKING evaluated=831 execution_us=52860 reason=tracking_pose_accepted
x=2.05 y=2.05 yaw=-0.0511069 score=0.981588 valid=1 mode=tracking state=TRACKING evaluated=831 execution_us=59620 reason=tracking_pose_accepted
x=2.05 y=2.05 yaw=-0.0520411 score=0.981581 valid=1 mode=tracking state=TRACKING evaluated=831 execution_us=60488 reason=tracking_pose_accepted
x=2.05 y=2.05 yaw=-0.0529753 score=0.982431 valid=1 mode=tracking state=TRACKING evaluated=831 execution_us=58891 reason=tracking_pose_accepted
x=2.05 y=2.05 yaw=-0.0539095 score=0.98302 valid=1 mode=tracking state=TRACKING evaluated=831 execution_us=60572 reason=tracking_pose_accepted
x=2.05 y=2.05 yaw=-0.0548437 score=0.980289 valid=1 mode=tracking state=TRACKING evaluated=831 execution_us=58799 reason=tracking_pose_accepted
x=2.05 y=2.05 yaw=-0.0557779 score=0.983643 valid=1 mode=tracking state=TRACKING evaluated=831 execution_us=62661 reason=tracking_pose_accepted
x=2.05 y=2.05 yaw=-0.056712 score=0.981481 valid=1 mode=tracking state=TRACKING evaluated=831 execution_us=54995 reason=tracking_pose_accepted
x=2.05 y=2.05 yaw=-0.0576462 score=0.983966 valid=1 mode=tracking state=TRACKING evaluated=831 execution_us=56154 reason=tracking_pose_accepted
x=2.05 y=2.05 yaw=-0.0585804 score=0.981265 valid=1 mode=tracking state=TRACKING evaluated=831 execution_us=55740 reason=tracking_pose_accepted
x=2.05 y=2.05 yaw=-0.0595146 score=0.979404 valid=1 mode=tracking state=TRACKING evaluated=831 execution_us=55019 reason=tracking_pose_accepted
x=2.05 y=2.05 yaw=-0.0604488 score=0.983082 valid=1 mode=tracking state=TRACKING evaluated=831 execution_us=56149 reason=tracking_pose_accepted
x=2.05 y=2.05 yaw=-0.061383 score=0.979823 valid=1 mode=tracking state=TRACKING evaluated=831 execution_us=62427 reason=tracking_pose_accepted
x=2.05 y=2.05 yaw=-0.0623171 score=0.985372 valid=1 mode=tracking state=TRACKING evaluated=831 execution_us=60109 reason=tracking_pose_accepted
x=2.05 y=2.05 yaw=-0.0632513 score=0.98034 valid=1 mode=tracking state=TRACKING evaluated=831 execution_us=59756 reason=tracking_pose_accepted
x=2.05001 y=2.05001 yaw=-0.0641855 score=0.982104 valid=1 mode=tracking state=TRACKING evaluated=831 execution_us=60402 reason=tracking_pose_accepted
x=2.05001 y=2.05001 yaw=-0.0651197 score=0.984641 valid=1 mode=tracking state=TRACKING evaluated=831 execution_us=51156 reason=tracking_pose_accepted
x=2.05001 y=2.05001 yaw=-0.0660539 score=0.984014 valid=1 mode=tracking state=TRACKING evaluated=831 execution_us=60630 reason=tracking_pose_accepted
x=2.05001 y=2.05001 yaw=-0.0669881 score=0.987451 valid=1 mode=tracking state=TRACKING evaluated=831 execution_us=66151 reason=tracking_pose_accepted
x=2.05001 y=2.05001 yaw=-0.050469 score=0.971183 valid=1 mode=tracking state=TRACKING evaluated=831 execution_us=57753 reason=tracking_pose_accepted
x=2.05001 y=2.05001 yaw=-0.0688564 score=0.979567 valid=1 mode=tracking state=TRACKING evaluated=831 execution_us=57250 reason=tracking_pose_accepted
x=2.05001 y=2.05001 yaw=-0.0523373 score=0.983702 valid=1 mode=tracking state=TRACKING evaluated=831 execution_us=58406 reason=tracking_pose_accepted
x=2.05001 y=2.05001 yaw=-0.0532714 score=0.982882 valid=1 mode=tracking state=TRACKING evaluated=831 execution_us=58175 reason=tracking_pose_accepted
x=2.05001 y=2.05001 yaw=-0.0542056 score=0.980496 valid=1 mode=tracking state=TRACKING evaluated=831 execution_us=57819 reason=tracking_pose_accepted
x=2.05001 y=2.05001 yaw=-0.0551398 score=0.981051 valid=1 mode=tracking state=TRACKING evaluated=831 execution_us=65785 reason=tracking_pose_accepted
x=2.05001 y=2.05001 yaw=-0.056074 score=0.986187 valid=1 mode=tracking state=TRACKING evaluated=831 execution_us=51203 reason=tracking_pose_accepted
x=2.05001 y=2.05001 yaw=-0.0570082 score=0.984709 valid=1 mode=tracking state=TRACKING evaluated=831 execution_us=52439 reason=tracking_pose_accepted
x=2.05001 y=2.05001 yaw=-0.0579423 score=0.979311 valid=1 mode=tracking state=TRACKING evaluated=831 execution_us=53436 reason=tracking_pose_accepted
x=2.05001 y=2.05001 yaw=-0.0588765 score=0.984981 valid=1 mode=tracking state=TRACKING evaluated=831 execution_us=52221 reason=tracking_pose_accepted
x=2.05001 y=2.05001 yaw=-0.0598107 score=0.984627 valid=1 mode=tracking state=TRACKING evaluated=831 execution_us=52470 reason=tracking_pose_accepted
x=2.05001 y=2.05001 yaw=-0.0607449 score=0.984668 valid=1 mode=tracking state=TRACKING evaluated=831 execution_us=60518 reason=tracking_pose_accepted
x=2.05001 y=2.05001 yaw=-0.0616791 score=0.987084 valid=1 mode=tracking state=TRACKING evaluated=831 execution_us=60270 reason=tracking_pose_accepted
x=2.05001 y=2.05001 yaw=-0.0626133 score=0.987395 valid=1 mode=tracking state=TRACKING evaluated=831 execution_us=60900 reason=tracking_pose_accepted
x=2.05001 y=2.05001 yaw=-0.0635474 score=0.981983 valid=1 mode=tracking state=TRACKING evaluated=831 execution_us=58639 reason=tracking_pose_accepted
x=2.05001 y=2.05001 yaw=-0.0644816 score=0.987803 valid=1 mode=tracking state=TRACKING evaluated=831 execution_us=58246 reason=tracking_pose_accepted
x=2.05001 y=2.05001 yaw=-0.0654158 score=0.986603 valid=1 mode=tracking state=TRACKING evaluated=831 execution_us=58325 reason=tracking_pose_accepted
x=2.05001 y=2.05001 yaw=-0.06635 score=0.982554 valid=1 mode=tracking state=TRACKING evaluated=831 execution_us=55431 reason=tracking_pose_accepted
x=2.05001 y=2.05001 yaw=-0.0498309 score=0.981948 valid=1 mode=tracking state=TRACKING evaluated=831 execution_us=55217 reason=tracking_pose_accepted
x=2.05001 y=2.05001 yaw=-0.0682183 score=0.978694 valid=1 mode=tracking state=TRACKING evaluated=831 execution_us=56152 reason=tracking_pose_accepted
x=2.05001 y=2.05001 yaw=-0.0516992 score=0.980796 valid=1 mode=tracking state=TRACKING evaluated=831 execution_us=54611 reason=tracking_pose_accepted
x=2.05001 y=2.05001 yaw=-0.0526334 score=0.982882 valid=1 mode=tracking state=TRACKING evaluated=831 execution_us=55528 reason=tracking_pose_accepted
x=2.05001 y=2.05001 yaw=-0.0535675 score=0.979358 valid=1 mode=tracking state=TRACKING evaluated=831 execution_us=56250 reason=tracking_pose_accepted
x=2.05001 y=2.05001 yaw=-0.0545017 score=0.977965 valid=1 mode=tracking state=TRACKING evaluated=831 execution_us=60384 reason=tracking_pose_accepted
x=2.05001 y=2.05001 yaw=-0.0554359 score=0.984947 valid=1 mode=tracking state=TRACKING evaluated=831 execution_us=60275 reason=tracking_pose_accepted
x=2.05001 y=2.05001 yaw=-0.0563701 score=0.986425 valid=1 mode=tracking state=TRACKING evaluated=831 execution_us=59777 reason=tracking_pose_accepted
x=2.05001 y=2.05001 yaw=-0.0573043 score=0.981675 valid=1 mode=tracking state=TRACKING evaluated=831 execution_us=60540 reason=tracking_pose_accepted
x=2.05001 y=2.05001 yaw=-0.0582385 score=0.982245 valid=1 mode=tracking state=TRACKING evaluated=831 execution_us=60843 reason=tracking_pose_accepted
x=2.05001 y=2.05001 yaw=-0.0591726 score=0.984397 valid=1 mode=tracking state=TRACKING evaluated=831 execution_us=56852 reason=tracking_pose_accepted
x=2.05001 y=2.05001 yaw=-0.0601068 score=0.981067 valid=1 mode=tracking state=TRACKING evaluated=831 execution_us=58133 reason=tracking_pose_accepted
x=2.05001 y=2.05001 yaw=-0.061041 score=0.982104 valid=1 mode=tracking state=TRACKING evaluated=831 execution_us=57706 reason=tracking_pose_accepted
x=2.05001 y=2.05001 yaw=-0.0619752 score=0.976874 valid=1 mode=tracking state=TRACKING evaluated=831 execution_us=58013 reason=tracking_pose_accepted
x=2.05001 y=2.05001 yaw=-0.0629094 score=0.977823 valid=1 mode=tracking state=TRACKING evaluated=831 execution_us=58585 reason=tracking_pose_accepted
x=2.05001 y=2.05001 yaw=-0.0638436 score=0.977941 valid=1 mode=tracking state=TRACKING evaluated=831 execution_us=58108 reason=tracking_pose_accepted
x=2.05001 y=2.05001 yaw=-0.0647777 score=0.976595 valid=1 mode=tracking state=TRACKING evaluated=831 execution_us=51507 reason=tracking_pose_accepted
x=2.05001 y=2.05001 yaw=-0.0482586 score=0.973342 valid=1 mode=tracking state=TRACKING evaluated=831 execution_us=52200 reason=tracking_pose_accepted
x=2.05001 y=2.05001 yaw=-0.0491928 score=0.973973 valid=1 mode=tracking state=TRACKING evaluated=831 execution_us=52329 reason=tracking_pose_accepted
x=2.05001 y=2.05001 yaw=-0.050127 score=0.975684 valid=1 mode=tracking state=TRACKING evaluated=831 execution_us=52402 reason=tracking_pose_accepted
x=2.05002 y=2.05002 yaw=-0.0510612 score=0.982571 valid=1 mode=tracking state=TRACKING evaluated=831 execution_us=53220 reason=tracking_pose_accepted
x=2.05002 y=2.05002 yaw=-0.0519954 score=0.976035 valid=1 mode=tracking state=TRACKING evaluated=831 execution_us=52863 reason=tracking_pose_accepted
x=2.05002 y=2.05002 yaw=-0.0529295 score=0.974058 valid=1 mode=tracking state=TRACKING evaluated=831 execution_us=61330 reason=tracking_pose_accepted
x=2.05002 y=2.05002 yaw=-0.0538637 score=0.981465 valid=1 mode=tracking state=TRACKING evaluated=831 execution_us=60122 reason=tracking_pose_accepted
x=2.05002 y=2.05002 yaw=-0.0547979 score=0.986667 valid=1 mode=tracking state=TRACKING evaluated=831 execution_us=59816 reason=tracking_pose_accepted
x=2.05002 y=2.05002 yaw=-0.0557321 score=0.985177 valid=1 mode=tracking state=TRACKING evaluated=831 execution_us=60695 reason=tracking_pose_accepted
x=2.05002 y=2.05002 yaw=-0.0566663 score=0.984085 valid=1 mode=tracking state=TRACKING evaluated=831 execution_us=57459 reason=tracking_pose_accepted
x=2.05002 y=2.05002 yaw=-0.0576005 score=0.984355 valid=1 mode=tracking state=TRACKING evaluated=831 execution_us=54077 reason=tracking_pose_accepted
x=2.05002 y=2.05002 yaw=-0.0585346 score=0.984043 valid=1 mode=tracking state=TRACKING evaluated=831 execution_us=55594 reason=tracking_pose_accepted
x=2.05002 y=2.05002 yaw=-0.0594688 score=0.979513 valid=1 mode=tracking state=TRACKING evaluated=831 execution_us=54977 reason=tracking_pose_accepted
x=2.05002 y=2.05002 yaw=-0.060403 score=0.983259 valid=1 mode=tracking state=TRACKING evaluated=831 execution_us=56561 reason=tracking_pose_accepted
x=2.05002 y=2.05002 yaw=-0.0613372 score=0.980495 valid=1 mode=tracking state=TRACKING evaluated=831 execution_us=55824 reason=tracking_pose_accepted
x=2.05002 y=2.05002 yaw=-0.0622714 score=0.982369 valid=1 mode=tracking state=TRACKING evaluated=831 execution_us=55854 reason=tracking_pose_accepted
x=2.05002 y=2.05002 yaw=-0.0632056 score=0.976625 valid=1 mode=tracking state=TRACKING evaluated=831 execution_us=60170 reason=tracking_pose_accepted
x=2.05002 y=2.05002 yaw=-0.0641397 score=0.981061 valid=1 mode=tracking state=TRACKING evaluated=831 execution_us=60094 reason=tracking_pose_accepted
x=2.05002 y=2.05002 yaw=-0.0650739 score=0.979872 valid=1 mode=tracking state=TRACKING evaluated=831 execution_us=59757 reason=tracking_pose_accepted
x=2.05002 y=2.05002 yaw=-0.0660081 score=0.97851 valid=1 mode=tracking state=TRACKING evaluated=831 execution_us=60185 reason=tracking_pose_accepted
x=2.05002 y=2.05002 yaw=-0.049489 score=0.975635 valid=1 mode=tracking state=TRACKING evaluated=831 execution_us=60518 reason=tracking_pose_accepted
x=2.05002 y=2.05002 yaw=-0.0504232 score=0.978989 valid=1 mode=tracking state=TRACKING evaluated=831 execution_us=60774 reason=tracking_pose_accepted
x=2.05002 y=2.05002 yaw=-0.0513573 score=0.98163 valid=1 mode=tracking state=TRACKING evaluated=831 execution_us=56882 reason=tracking_pose_accepted
x=2.05002 y=2.05002 yaw=-0.0522915 score=0.985412 valid=1 mode=tracking state=TRACKING evaluated=831 execution_us=56928 reason=tracking_pose_accepted
x=2.05002 y=2.05002 yaw=-0.0532257 score=0.981996 valid=1 mode=tracking state=TRACKING evaluated=831 execution_us=59189 reason=tracking_pose_accepted
x=2.05002 y=2.05002 yaw=-0.0541599 score=0.986113 valid=1 mode=tracking state=TRACKING evaluated=831 execution_us=57790 reason=tracking_pose_accepted
x=2.05002 y=2.05002 yaw=-0.0550941 score=0.986737 valid=1 mode=tracking state=TRACKING evaluated=831 execution_us=58023 reason=tracking_pose_accepted
x=2.05002 y=2.05002 yaw=-0.0560283 score=0.978076 valid=1 mode=tracking state=TRACKING evaluated=831 execution_us=62255 reason=tracking_pose_accepted
x=2.05002 y=2.05002 yaw=-0.0569624 score=0.980907 valid=1 mode=tracking state=TRACKING evaluated=831 execution_us=51689 reason=tracking_pose_accepted
x=2.05002 y=2.05002 yaw=-0.0578966 score=0.979716 valid=1 mode=tracking state=TRACKING evaluated=831 execution_us=51410 reason=tracking_pose_accepted
x=2.05002 y=2.05002 yaw=-0.0588308 score=0.979036 valid=1 mode=tracking state=TRACKING evaluated=831 execution_us=51826 reason=tracking_pose_accepted
x=2.05002 y=2.05002 yaw=-0.059765 score=0.98326 valid=1 mode=tracking state=TRACKING evaluated=831 execution_us=51955 reason=tracking_pose_accepted
x=2.05002 y=2.05002 yaw=-0.0606992 score=0.982993 valid=1 mode=tracking state=TRACKING evaluated=831 execution_us=52927 reason=tracking_pose_accepted
x=2.05002 y=2.05002 yaw=-0.0616334 score=0.979404 valid=1 mode=tracking state=TRACKING evaluated=831 execution_us=59451 reason=tracking_pose_accepted
x=2.05002 y=2.05002 yaw=-0.0625675 score=0.981326 valid=1 mode=tracking state=TRACKING evaluated=831 execution_us=59633 reason=tracking_pose_accepted
x=2.05002 y=2.05002 yaw=-0.0635017 score=0.97751 valid=1 mode=tracking state=TRACKING evaluated=831 execution_us=61171 reason=tracking_pose_accepted
x=2.05002 y=2.05002 yaw=-0.0644359 score=0.975297 valid=1 mode=tracking state=TRACKING evaluated=831 execution_us=57866 reason=tracking_pose_accepted
x=2.05002 y=2.05002 yaw=-0.0479168 score=0.97485 valid=1 mode=tracking state=TRACKING evaluated=831 execution_us=57396 reason=tracking_pose_accepted
x=2.05002 y=2.05002 yaw=-0.048851 score=0.978266 valid=1 mode=tracking state=TRACKING evaluated=831 execution_us=58194 reason=tracking_pose_accepted
x=2.05002 y=2.05002 yaw=-0.0497852 score=0.974828 valid=1 mode=tracking state=TRACKING evaluated=831 execution_us=54633 reason=tracking_pose_accepted
x=2.05002 y=2.05002 yaw=-0.0507193 score=0.977345 valid=1 mode=tracking state=TRACKING evaluated=831 execution_us=54984 reason=tracking_pose_accepted
x=2.05002 y=2.05002 yaw=-0.0516535 score=0.975711 valid=1 mode=tracking state=TRACKING evaluated=831 execution_us=55193 reason=tracking_pose_accepted
x=2.05002 y=2.05002 yaw=-0.0525877 score=0.978313 valid=1 mode=tracking state=TRACKING evaluated=831 execution_us=55370 reason=tracking_pose_accepted
x=2.05002 y=2.05002 yaw=-0.0535219 score=0.980485 valid=1 mode=tracking state=TRACKING evaluated=831 execution_us=56118 reason=tracking_pose_accepted
x=2.05002 y=2.05002 yaw=-0.0544561 score=0.981142 valid=1 mode=tracking state=TRACKING evaluated=831 execution_us=62875 reason=tracking_pose_accepted
x=2.05003 y=2.05003 yaw=-0.0553903 score=0.978117 valid=1 mode=tracking state=TRACKING evaluated=831 execution_us=60697 reason=tracking_pose_accepted
x=2.05003 y=2.05003 yaw=-0.0563244 score=0.98291 valid=1 mode=tracking state=TRACKING evaluated=831 execution_us=60572 reason=tracking_pose_accepted
x=2.05003 y=2.05003 yaw=-0.0572586 score=0.981744 valid=1 mode=tracking state=TRACKING evaluated=831 execution_us=60150 reason=tracking_pose_accepted
x=2.05003 y=2.05003 yaw=-0.0581928 score=0.982056 valid=1 mode=tracking state=TRACKING evaluated=831 execution_us=60513 reason=tracking_pose_accepted
x=2.05003 y=2.05003 yaw=-0.059127 score=0.980028 valid=1 mode=tracking state=TRACKING evaluated=831 execution_us=60886 reason=tracking_pose_accepted
x=2.05003 y=2.05003 yaw=-0.0600612 score=0.97977 valid=1 mode=tracking state=TRACKING evaluated=831 execution_us=57579 reason=tracking_pose_accepted
x=2.05003 y=2.05003 yaw=-0.0609954 score=0.979036 valid=1 mode=tracking state=TRACKING evaluated=831 execution_us=57837 reason=tracking_pose_accepted
x=2.05003 y=2.05003 yaw=-0.0619295 score=0.975907 valid=1 mode=tracking state=TRACKING evaluated=831 execution_us=57495 reason=tracking_pose_accepted
x=2.05003 y=2.05003 yaw=-0.0454104 score=0.970604 valid=1 mode=tracking state=TRACKING evaluated=831 execution_us=57532 reason=tracking_pose_accepted
x=2.05003 y=2.05003 yaw=-0.0463446 score=0.970293 valid=1 mode=tracking state=TRACKING evaluated=831 execution_us=58901 reason=tracking_pose_accepted
x=2.05003 y=2.05003 yaw=-0.0472788 score=0.97607 valid=1 mode=tracking state=TRACKING evaluated=831 execution_us=58606 reason=tracking_pose_accepted
x=2.05003 y=2.05003 yaw=-0.048213 score=0.977954 valid=1 mode=tracking state=TRACKING evaluated=831 execution_us=61276 reason=tracking_pose_accepted
x=2.05003 y=2.05003 yaw=-0.0491471 score=0.978265 valid=1 mode=tracking state=TRACKING evaluated=831 execution_us=52007 reason=tracking_pose_accepted
x=2.05003 y=2.05003 yaw=-0.0500813 score=0.97562 valid=1 mode=tracking state=TRACKING evaluated=831 execution_us=52003 reason=tracking_pose_accepted
x=2.05003 y=2.05003 yaw=-0.0510155 score=0.978609 valid=1 mode=tracking state=TRACKING evaluated=831 execution_us=52226 reason=tracking_pose_accepted
x=2.05003 y=2.05003 yaw=-0.0519497 score=0.973331 valid=1 mode=tracking state=TRACKING evaluated=831 execution_us=52942 reason=tracking_pose_accepted
x=2.05003 y=2.05003 yaw=-0.0528839 score=0.975608 valid=1 mode=tracking state=TRACKING evaluated=831 execution_us=53286 reason=tracking_pose_accepted
x=2.05003 y=2.05003 yaw=-0.0538181 score=0.979709 valid=1 mode=tracking state=TRACKING evaluated=831 execution_us=60555 reason=tracking_pose_accepted
x=2.05003 y=2.05003 yaw=-0.0547522 score=0.986497 valid=1 mode=tracking state=TRACKING evaluated=831 execution_us=60232 reason=tracking_pose_accepted
x=2.05003 y=2.05003 yaw=-0.0556864 score=0.976799 valid=1 mode=tracking state=TRACKING evaluated=831 execution_us=60145 reason=tracking_pose_accepted
x=2.05003 y=2.05003 yaw=-0.0566206 score=0.981432 valid=1 mode=tracking state=TRACKING evaluated=831 execution_us=60097 reason=tracking_pose_accepted
x=2.05003 y=2.05003 yaw=-0.0575548 score=0.982817 valid=1 mode=tracking state=TRACKING evaluated=831 execution_us=61328 reason=tracking_pose_accepted
x=2.05003 y=2.05003 yaw=-0.058489 score=0.97033 valid=1 mode=tracking state=TRACKING evaluated=831 execution_us=67750 reason=tracking_pose_accepted
x=2.05003 y=2.05003 yaw=-0.0594232 score=0.977124 valid=1 mode=tracking state=TRACKING evaluated=831 execution_us=54249 reason=tracking_pose_accepted
x=2.05003 y=2.05003 yaw=-0.0603573 score=0.979202 valid=1 mode=tracking state=TRACKING evaluated=831 execution_us=54999 reason=tracking_pose_accepted
x=2.05003 y=2.05003 yaw=-0.0612915 score=0.981521 valid=1 mode=tracking state=TRACKING evaluated=831 execution_us=55562 reason=tracking_pose_accepted
x=2.05003 y=2.05003 yaw=-0.0622257 score=0.976439 valid=1 mode=tracking state=TRACKING evaluated=831 execution_us=54781 reason=tracking_pose_accepted
x=2.05003 y=2.05003 yaw=-0.0631599 score=0.975875 valid=1 mode=tracking state=TRACKING evaluated=831 execution_us=55263 reason=tracking_pose_accepted
x=2.05003 y=2.05003 yaw=-0.0640941 score=0.973052 valid=1 mode=tracking state=TRACKING evaluated=831 execution_us=59395 reason=tracking_pose_accepted
x=2.05003 y=2.05003 yaw=-0.047575 score=0.979966 valid=1 mode=tracking state=TRACKING evaluated=831 execution_us=58739 reason=tracking_pose_accepted
x=2.05003 y=2.05003 yaw=-0.0485091 score=0.973218 valid=1 mode=tracking state=TRACKING evaluated=831 execution_us=59906 reason=tracking_pose_accepted
x=2.05003 y=2.05003 yaw=-0.0494433 score=0.975866 valid=1 mode=tracking state=TRACKING evaluated=831 execution_us=60538 reason=tracking_pose_accepted
x=2.05003 y=2.05003 yaw=-0.0503775 score=0.974964 valid=1 mode=tracking state=TRACKING evaluated=831 execution_us=60296 reason=tracking_pose_accepted
x=2.05003 y=2.05003 yaw=-0.0513117 score=0.975788 valid=1 mode=tracking state=TRACKING evaluated=831 execution_us=60809 reason=tracking_pose_accepted
x=2.05003 y=2.05003 yaw=-0.0522459 score=0.979506 valid=1 mode=tracking state=TRACKING evaluated=831 execution_us=56889 reason=tracking_pose_accepted
x=2.05003 y=2.05003 yaw=-0.0531801 score=0.982571 valid=1 mode=tracking state=TRACKING evaluated=831 execution_us=56837 reason=tracking_pose_accepted
x=2.05003 y=2.05003 yaw=-0.0541142 score=0.985801 valid=1 mode=tracking state=TRACKING evaluated=831 execution_us=57925 reason=tracking_pose_accepted
x=2.05003 y=2.05003 yaw=-0.0550484 score=0.986389 valid=1 mode=tracking state=TRACKING evaluated=831 execution_us=57404 reason=tracking_pose_accepted
x=2.05003 y=2.05003 yaw=-0.0559826 score=0.986461 valid=1 mode=tracking state=TRACKING evaluated=831 execution_us=58115 reason=tracking_pose_accepted
x=2.05003 y=2.05003 yaw=-0.0569168 score=0.984127 valid=1 mode=tracking state=TRACKING evaluated=831 execution_us=58598 reason=tracking_pose_accepted
x=2.05003 y=2.05003 yaw=-0.057851 score=0.983773 valid=1 mode=tracking state=TRACKING evaluated=831 execution_us=50672 reason=tracking_pose_accepted
x=2.05003 y=2.05003 yaw=-0.0587852 score=0.981983 valid=1 mode=tracking state=TRACKING evaluated=831 execution_us=52627 reason=tracking_pose_accepted
x=2.05004 y=2.05004 yaw=-0.0597193 score=0.982508 valid=1 mode=tracking state=TRACKING evaluated=831 execution_us=53777 reason=tracking_pose_accepted
x=2.05004 y=2.05004 yaw=-0.0606535 score=0.979823 valid=1 mode=tracking state=TRACKING evaluated=831 execution_us=52380 reason=tracking_pose_accepted
x=2.05004 y=2.05004 yaw=-0.0615877 score=0.980444 valid=1 mode=tracking state=TRACKING evaluated=831 execution_us=53690 reason=tracking_pose_accepted
x=2.05004 y=2.05004 yaw=-0.0625219 score=0.980186 valid=1 mode=tracking state=TRACKING evaluated=831 execution_us=52982 reason=tracking_pose_accepted
x=2.05004 y=2.05004 yaw=-0.0634561 score=0.976893 valid=1 mode=tracking state=TRACKING evaluated=831 execution_us=59877 reason=tracking_pose_accepted
x=2.05004 y=2.05004 yaw=-0.0643903 score=0.983746 valid=1 mode=tracking state=TRACKING evaluated=831 execution_us=60533 reason=tracking_pose_accepted
x=2.05004 y=2.05004 yaw=-0.0653244 score=0.974723 valid=1 mode=tracking state=TRACKING evaluated=831 execution_us=60015 reason=tracking_pose_accepted
x=2.05004 y=2.05004 yaw=-0.0488053 score=0.975881 valid=1 mode=tracking state=TRACKING evaluated=831 execution_us=85476 reason=tracking_pose_accepted
x=2.05004 y=2.05004 yaw=-0.0497395 score=0.975944 valid=1 mode=tracking state=TRACKING evaluated=831 execution_us=93997 reason=tracking_pose_accepted
x=2.05004 y=2.05004 yaw=-0.0506737 score=0.978793 valid=1 mode=tracking state=TRACKING evaluated=831 execution_us=56973 reason=tracking_pose_accepted
x=2.05004 y=2.05004 yaw=-0.0690612 score=0.974255 valid=1 mode=tracking state=TRACKING evaluated=831 execution_us=54797 reason=tracking_pose_accepted
x=2.05004 y=2.05004 yaw=-0.052542 score=0.982993 valid=1 mode=tracking state=TRACKING evaluated=831 execution_us=55679 reason=tracking_pose_accepted
x=2.05004 y=2.05004 yaw=-0.0534762 score=0.982431 valid=1 mode=tracking state=TRACKING evaluated=831 execution_us=54158 reason=tracking_pose_accepted
x=2.05004 y=2.05004 yaw=-0.0544104 score=0.980125 valid=1 mode=tracking state=TRACKING evaluated=831 execution_us=55848 reason=tracking_pose_accepted
x=2.05004 y=2.05004 yaw=-0.0553445 score=0.979659 valid=1 mode=tracking state=TRACKING evaluated=831 execution_us=62304 reason=tracking_pose_accepted
x=2.05004 y=2.05004 yaw=-0.0562787 score=0.98122 valid=1 mode=tracking state=TRACKING evaluated=831 execution_us=59123 reason=tracking_pose_accepted
x=2.05004 y=2.05004 yaw=-0.0572129 score=0.983858 valid=1 mode=tracking state=TRACKING evaluated=831 execution_us=59698 reason=tracking_pose_accepted
x=2.05004 y=2.05004 yaw=-0.0581471 score=0.979147 valid=1 mode=tracking state=TRACKING evaluated=831 execution_us=60762 reason=tracking_pose_accepted
x=2.05004 y=2.05004 yaw=-0.0590813 score=0.982817 valid=1 mode=tracking state=TRACKING evaluated=831 execution_us=59307 reason=tracking_pose_accepted
x=2.05004 y=2.05004 yaw=-0.0600155 score=0.974275 valid=1 mode=tracking state=TRACKING evaluated=831 execution_us=59254 reason=tracking_pose_accepted
x=2.05004 y=2.05004 yaw=-0.0609496 score=0.977124 valid=1 mode=tracking state=TRACKING evaluated=831 execution_us=100086 reason=tracking_pose_accepted
x=2.05004 y=2.05004 yaw=-0.0618838 score=0.977435 valid=1 mode=tracking state=TRACKING evaluated=831 execution_us=84159 reason=tracking_pose_accepted
x=2.05004 y=2.05004 yaw=-0.0453647 score=0.9713 valid=1 mode=tracking state=TRACKING evaluated=831 execution_us=48727 reason=tracking_pose_accepted
x=2.05004 y=2.05004 yaw=-0.0462989 score=0.972632 valid=1 mode=tracking state=TRACKING evaluated=831 execution_us=56655 reason=tracking_pose_accepted
x=2.05004 y=2.05004 yaw=-0.0472331 score=0.978805 valid=1 mode=tracking state=TRACKING evaluated=831 execution_us=57025 reason=tracking_pose_accepted
x=2.05004 y=2.05004 yaw=-0.0481672 score=0.979654 valid=1 mode=tracking state=TRACKING evaluated=831 execution_us=60035 reason=tracking_pose_accepted
x=2.05004 y=2.05004 yaw=-0.0491014 score=0.976179 valid=1 mode=tracking state=TRACKING evaluated=831 execution_us=61186 reason=tracking_pose_accepted
x=2.05004 y=2.05004 yaw=-0.0500356 score=0.971875 valid=1 mode=tracking state=TRACKING evaluated=831 execution_us=51144 reason=tracking_pose_accepted
x=2.05004 y=2.05004 yaw=-0.0509698 score=0.980023 valid=1 mode=tracking state=TRACKING evaluated=831 execution_us=51654 reason=tracking_pose_accepted
x=2.05004 y=2.05004 yaw=-0.051904 score=0.983373 valid=1 mode=tracking state=TRACKING evaluated=831 execution_us=51499 reason=tracking_pose_accepted
x=2.05004 y=2.05004 yaw=-0.0528382 score=0.972323 valid=1 mode=tracking state=TRACKING evaluated=831 execution_us=52044 reason=tracking_pose_accepted
x=2.05004 y=2.05004 yaw=-0.0537723 score=0.980844 valid=1 mode=tracking state=TRACKING evaluated=831 execution_us=59424 reason=tracking_pose_accepted
x=2.05004 y=2.05004 yaw=-0.0547065 score=0.988454 valid=1 mode=tracking state=TRACKING evaluated=831 execution_us=59625 reason=tracking_pose_accepted
x=2.05004 y=2.05004 yaw=-0.0556407 score=0.983548 valid=1 mode=tracking state=TRACKING evaluated=831 execution_us=59188 reason=tracking_pose_accepted
x=2.05004 y=2.05004 yaw=-0.0565749 score=0.987362 valid=1 mode=tracking state=TRACKING evaluated=831 execution_us=59530 reason=tracking_pose_accepted
x=2.05004 y=2.05004 yaw=-0.0575091 score=0.986113 valid=1 mode=tracking state=TRACKING evaluated=831 execution_us=60306 reason=tracking_pose_accepted
x=2.05004 y=2.05004 yaw=-0.0584433 score=0.985139 valid=1 mode=tracking state=TRACKING evaluated=831 execution_us=52381 reason=tracking_pose_accepted
x=2.05004 y=2.05004 yaw=-0.0593774 score=0.982384 valid=1 mode=tracking state=TRACKING evaluated=831 execution_us=54544 reason=tracking_pose_accepted
x=2.05004 y=2.05004 yaw=-0.0603116 score=0.979624 valid=1 mode=tracking state=TRACKING evaluated=831 execution_us=54550 reason=tracking_pose_accepted
x=2.05004 y=2.05004 yaw=-0.0612458 score=0.975282 valid=1 mode=tracking state=TRACKING evaluated=831 execution_us=53578 reason=tracking_pose_accepted
x=2.05004 y=2.05004 yaw=-0.06218 score=0.980392 valid=1 mode=tracking state=TRACKING evaluated=831 execution_us=55153 reason=tracking_pose_accepted
x=2.05005 y=2.05005 yaw=-0.0631142 score=0.984447 valid=1 mode=tracking state=TRACKING evaluated=831 execution_us=54835 reason=tracking_pose_accepted
x=2.05005 y=2.05005 yaw=-0.0640484 score=0.981326 valid=1 mode=tracking state=TRACKING evaluated=831 execution_us=58168 reason=tracking_pose_accepted
x=2.05005 y=2.05005 yaw=-0.0475293 score=0.978208 valid=1 mode=tracking state=TRACKING evaluated=831 execution_us=58871 reason=tracking_pose_accepted
x=2.05005 y=2.05005 yaw=-0.0484634 score=0.97562 valid=1 mode=tracking state=TRACKING evaluated=831 execution_us=58430 reason=tracking_pose_accepted
x=2.05005 y=2.05005 yaw=-0.0493976 score=0.977625 valid=1 mode=tracking state=TRACKING evaluated=831 execution_us=58772 reason=tracking_pose_accepted
x=2.05005 y=2.05005 yaw=-0.0677851 score=0.976969 valid=1 mode=tracking state=TRACKING evaluated=831 execution_us=59418 reason=tracking_pose_accepted
x=2.05005 y=2.05005 yaw=-0.0512659 score=0.984905 valid=1 mode=tracking state=TRACKING evaluated=831 execution_us=59871 reason=tracking_pose_accepted
x=2.05005 y=2.05005 yaw=-0.0522001 score=0.985451 valid=1 mode=tracking state=TRACKING evaluated=831 execution_us=56405 reason=tracking_pose_accepted
x=2.05005 y=2.05005 yaw=-0.0531343 score=0.985876 valid=1 mode=tracking state=TRACKING evaluated=831 execution_us=56934 reason=tracking_pose_accepted
x=2.05005 y=2.05005 yaw=-0.0540685 score=0.983193 valid=1 mode=tracking state=TRACKING evaluated=831 execution_us=56284 reason=tracking_pose_accepted
x=2.05005 y=2.05005 yaw=-0.0550026 score=0.98122 valid=1 mode=tracking state=TRACKING evaluated=831 execution_us=57583 reason=tracking_pose_accepted
x=2.05005 y=2.05005 yaw=-0.0559368 score=0.983633 valid=1 mode=tracking state=TRACKING evaluated=831 execution_us=57180 reason=tracking_pose_accepted
x=2.05005 y=2.05005 yaw=-0.056871 score=0.98112 valid=1 mode=tracking state=TRACKING evaluated=831 execution_us=59993 reason=tracking_pose_accepted
x=2.05005 y=2.05005 yaw=-0.0578052 score=0.987015 valid=1 mode=tracking state=TRACKING evaluated=831 execution_us=61014 reason=tracking_pose_accepted
x=2.05005 y=2.05005 yaw=-0.0587394 score=0.985178 valid=1 mode=tracking state=TRACKING evaluated=831 execution_us=61233 reason=tracking_pose_accepted
x=2.05005 y=2.05005 yaw=-0.0596736 score=0.985721 valid=1 mode=tracking state=TRACKING evaluated=831 execution_us=62017 reason=tracking_pose_accepted
x=2.05005 y=2.05005 yaw=-0.0606077 score=0.984909 valid=1 mode=tracking state=TRACKING evaluated=831 execution_us=51953 reason=tracking_pose_accepted
x=2.05005 y=2.05005 yaw=-0.0615419 score=0.98034 valid=1 mode=tracking state=TRACKING evaluated=831 execution_us=51686 reason=tracking_pose_accepted
x=2.05005 y=2.05005 yaw=-0.0624761 score=0.980703 valid=1 mode=tracking state=TRACKING evaluated=831 execution_us=59034 reason=tracking_pose_accepted
x=2.05005 y=2.05005 yaw=-0.0634103 score=0.981829 valid=1 mode=tracking state=TRACKING evaluated=831 execution_us=59753 reason=tracking_pose_accepted
x=2.05005 y=2.05005 yaw=-0.0643445 score=0.979193 valid=1 mode=tracking state=TRACKING evaluated=831 execution_us=57988 reason=tracking_pose_accepted
x=2.05005 y=2.05005 yaw=-0.0478254 score=0.973655 valid=1 mode=tracking state=TRACKING evaluated=831 execution_us=59284 reason=tracking_pose_accepted
x=2.05005 y=2.05005 yaw=-0.0487595 score=0.978015 valid=1 mode=tracking state=TRACKING evaluated=831 execution_us=59046 reason=tracking_pose_accepted
x=2.05005 y=2.05005 yaw=-0.0496937 score=0.978832 valid=1 mode=tracking state=TRACKING evaluated=831 execution_us=59053 reason=tracking_pose_accepted
x=2.05005 y=2.05005 yaw=-0.0506279 score=0.975788 valid=1 mode=tracking state=TRACKING evaluated=831 execution_us=52903 reason=tracking_pose_accepted
x=2.05005 y=2.05005 yaw=-0.0515621 score=0.979666 valid=1 mode=tracking state=TRACKING evaluated=831 execution_us=52854 reason=tracking_pose_accepted
x=2.05005 y=2.05005 yaw=-0.0524963 score=0.984512 valid=1 mode=tracking state=TRACKING evaluated=831 execution_us=53623 reason=tracking_pose_accepted
x=2.05005 y=2.05005 yaw=-0.0534305 score=0.984283 valid=1 mode=tracking state=TRACKING evaluated=831 execution_us=53572 reason=tracking_pose_accepted
x=2.05005 y=2.05005 yaw=-0.0543646 score=0.982749 valid=1 mode=tracking state=TRACKING evaluated=831 execution_us=53589 reason=tracking_pose_accepted
x=2.05005 y=2.05005 yaw=-0.0552988 score=0.985652 valid=1 mode=tracking state=TRACKING evaluated=831 execution_us=62047 reason=tracking_pose_accepted
x=2.05005 y=2.05005 yaw=-0.056233 score=0.986192 valid=1 mode=tracking state=TRACKING evaluated=831 execution_us=58710 reason=tracking_pose_accepted
x=2.05005 y=2.05005 yaw=-0.0571672 score=0.985884 valid=1 mode=tracking state=TRACKING evaluated=831 execution_us=58859 reason=tracking_pose_accepted
x=2.05005 y=2.05005 yaw=-0.0581014 score=0.984479 valid=1 mode=tracking state=TRACKING evaluated=831 execution_us=58853 reason=tracking_pose_accepted
x=2.05005 y=2.05005 yaw=-0.0590356 score=0.981696 valid=1 mode=tracking state=TRACKING evaluated=831 execution_us=57845 reason=tracking_pose_accepted
x=2.05005 y=2.05005 yaw=-0.0599697 score=0.987362 valid=1 mode=tracking state=TRACKING evaluated=831 execution_us=59067 reason=tracking_pose_accepted
x=2.05005 y=2.05005 yaw=-0.0609039 score=0.986413 valid=1 mode=tracking state=TRACKING evaluated=831 execution_us=56113 reason=tracking_pose_accepted
x=2.05005 y=2.05005 yaw=-0.0618381 score=0.976584 valid=1 mode=tracking state=TRACKING evaluated=831 execution_us=55977 reason=tracking_pose_accepted
x=2.05005 y=2.05005 yaw=-0.0627723 score=0.981276 valid=1 mode=tracking state=TRACKING evaluated=831 execution_us=56372 reason=tracking_pose_accepted
x=2.05005 y=2.05005 yaw=-0.0637065 score=0.982726 valid=1 mode=tracking state=TRACKING evaluated=831 execution_us=55981 reason=tracking_pose_accepted
x=2.05005 y=2.05005 yaw=-0.0646407 score=0.983171 valid=1 mode=tracking state=TRACKING evaluated=831 execution_us=56906 reason=tracking_pose_accepted
x=2.05005 y=2.05005 yaw=-0.0655748 score=0.981375 valid=1 mode=tracking state=TRACKING evaluated=831 execution_us=56910 reason=tracking_pose_accepted
x=2.05005 y=2.05005 yaw=-0.0490557 score=0.97549 valid=1 mode=tracking state=TRACKING evaluated=831 execution_us=60170 reason=tracking_pose_accepted
x=2.05006 y=2.05006 yaw=-0.0499899 score=0.982118 valid=1 mode=tracking state=TRACKING evaluated=831 execution_us=61009 reason=tracking_pose_accepted
x=2.05006 y=2.05006 yaw=-0.0509241 score=0.978941 valid=1 mode=tracking state=TRACKING evaluated=831 execution_us=60891 reason=tracking_pose_accepted
x=2.05006 y=2.05006 yaw=-0.0518583 score=0.981483 valid=1 mode=tracking state=TRACKING evaluated=831 execution_us=60318 reason=tracking_pose_accepted
x=2.05006 y=2.05006 yaw=-0.0527924 score=0.986859 valid=1 mode=tracking state=TRACKING evaluated=831 execution_us=61540 reason=tracking_pose_accepted
x=2.05006 y=2.05006 yaw=-0.0537266 score=0.987484 valid=1 mode=tracking state=TRACKING evaluated=831 execution_us=66769 reason=tracking_pose_accepted
x=2.05006 y=2.05006 yaw=-0.0546608 score=0.985065 valid=1 mode=tracking state=TRACKING evaluated=831 execution_us=58393 reason=tracking_pose_accepted
x=2.05006 y=2.05006 yaw=-0.055595 score=0.984262 valid=1 mode=tracking state=TRACKING evaluated=831 execution_us=58761 reason=tracking_pose_accepted
x=2.05006 y=2.05006 yaw=-0.0565292 score=0.985763 valid=1 mode=tracking state=TRACKING evaluated=831 execution_us=58019 reason=tracking_pose_accepted
x=2.05006 y=2.05006 yaw=-0.0574634 score=0.984601 valid=1 mode=tracking state=TRACKING evaluated=831 execution_us=59061 reason=tracking_pose_accepted
x=2.05006 y=2.05006 yaw=-0.0583975 score=0.985021 valid=1 mode=tracking state=TRACKING evaluated=831 execution_us=58890 reason=tracking_pose_accepted
x=2.05006 y=2.05006 yaw=-0.0593317 score=0.984749 valid=1 mode=tracking state=TRACKING evaluated=831 execution_us=58722 reason=tracking_pose_accepted
x=2.05006 y=2.05006 yaw=-0.0602659 score=0.983179 valid=1 mode=tracking state=TRACKING evaluated=831 execution_us=52002 reason=tracking_pose_accepted
x=2.05006 y=2.05006 yaw=-0.0612001 score=0.985217 valid=1 mode=tracking state=TRACKING evaluated=831 execution_us=52796 reason=tracking_pose_accepted
x=2.05006 y=2.05006 yaw=-0.0621343 score=0.979727 valid=1 mode=tracking state=TRACKING evaluated=831 execution_us=53588 reason=tracking_pose_accepted
x=2.05006 y=2.05006 yaw=-0.0630685 score=0.983068 valid=1 mode=tracking state=TRACKING evaluated=831 execution_us=54031 reason=tracking_pose_accepted
x=2.05006 y=2.05006 yaw=-0.0640026 score=0.985683 valid=1 mode=tracking state=TRACKING evaluated=831 execution_us=52861 reason=tracking_pose_accepted
x=2.05006 y=2.05006 yaw=-0.0649368 score=0.980186 valid=1 mode=tracking state=TRACKING evaluated=831 execution_us=53662 reason=tracking_pose_accepted
x=2.05006 y=2.05006 yaw=-0.0484177 score=0.97815 valid=1 mode=tracking state=TRACKING evaluated=831 execution_us=57425 reason=tracking_pose_accepted
x=2.05006 y=2.05006 yaw=-0.0668052 score=0.980031 valid=1 mode=tracking state=TRACKING evaluated=831 execution_us=58059 reason=tracking_pose_accepted
x=2.05006 y=2.05006 yaw=-0.050286 score=0.977446 valid=1 mode=tracking state=TRACKING evaluated=831 execution_us=58338 reason=tracking_pose_accepted
x=2.05006 y=2.05006 yaw=-0.0512202 score=0.98366 valid=1 mode=tracking state=TRACKING evaluated=831 execution_us=58012 reason=tracking_pose_accepted
x=2.05006 y=2.05006 yaw=-0.0521544 score=0.981637 valid=1 mode=tracking state=TRACKING evaluated=831 execution_us=59161 reason=tracking_pose_accepted
x=2.05006 y=2.05006 yaw=-0.0530886 score=0.977183 valid=1 mode=tracking state=TRACKING evaluated=831 execution_us=59398 reason=tracking_pose_accepted
x=2.05006 y=2.05006 yaw=-0.0540227 score=0.981417 valid=1 mode=tracking state=TRACKING evaluated=831 execution_us=55274 reason=tracking_pose_accepted
x=2.05006 y=2.05006 yaw=-0.0549569 score=0.985607 valid=1 mode=tracking state=TRACKING evaluated=831 execution_us=55511 reason=tracking_pose_accepted
x=2.05006 y=2.05006 yaw=-0.0558911 score=0.984921 valid=1 mode=tracking state=TRACKING evaluated=831 execution_us=56919 reason=tracking_pose_accepted
x=2.05006 y=2.05006 yaw=-0.0568253 score=0.983445 valid=1 mode=tracking state=TRACKING evaluated=831 execution_us=55970 reason=tracking_pose_accepted
x=2.05006 y=2.05006 yaw=-0.0577595 score=0.984169 valid=1 mode=tracking state=TRACKING evaluated=831 execution_us=56378 reason=tracking_pose_accepted
x=2.05006 y=2.05006 yaw=-0.0586937 score=0.984709 valid=1 mode=tracking state=TRACKING evaluated=831 execution_us=57587 reason=tracking_pose_accepted
x=2.05006 y=2.05006 yaw=-0.0596278 score=0.982907 valid=1 mode=tracking state=TRACKING evaluated=831 execution_us=61062 reason=tracking_pose_accepted
x=2.05006 y=2.05006 yaw=-0.060562 score=0.985759 valid=1 mode=tracking state=TRACKING evaluated=831 execution_us=61266 reason=tracking_pose_accepted
x=2.05006 y=2.05006 yaw=-0.0614962 score=0.987922 valid=1 mode=tracking state=TRACKING evaluated=831 execution_us=60262 reason=tracking_pose_accepted
x=2.05006 y=2.05006 yaw=-0.0624304 score=0.982714 valid=1 mode=tracking state=TRACKING evaluated=831 execution_us=60878 reason=tracking_pose_accepted
x=2.05006 y=2.05006 yaw=-0.0633646 score=0.976035 valid=1 mode=tracking state=TRACKING evaluated=831 execution_us=61755 reason=tracking_pose_accepted
x=2.05006 y=2.05006 yaw=-0.0642988 score=0.975915 valid=1 mode=tracking state=TRACKING evaluated=831 execution_us=66765 reason=tracking_pose_accepted
x=2.05006 y=2.05006 yaw=-0.0477797 score=0.976116 valid=1 mode=tracking state=TRACKING evaluated=831 execution_us=57416 reason=tracking_pose_accepted
x=2.05006 y=2.05006 yaw=-0.0487138 score=0.975817 valid=1 mode=tracking state=TRACKING evaluated=831 execution_us=58345 reason=tracking_pose_accepted
x=2.05006 y=2.05006 yaw=-0.049648 score=0.98293 valid=1 mode=tracking state=TRACKING evaluated=831 execution_us=58080 reason=tracking_pose_accepted
x=2.05006 y=2.05006 yaw=-0.0505822 score=0.974345 valid=1 mode=tracking state=TRACKING evaluated=831 execution_us=59348 reason=tracking_pose_accepted
x=2.05006 y=2.05006 yaw=-0.0515164 score=0.981588 valid=1 mode=tracking state=TRACKING evaluated=831 execution_us=59356 reason=tracking_pose_accepted
x=2.05006 y=2.05006 yaw=-0.0524506 score=0.980588 valid=1 mode=tracking state=TRACKING evaluated=831 execution_us=66009 reason=tracking_pose_accepted
x=2.05006 y=2.05006 yaw=-0.0533847 score=0.987213 valid=1 mode=tracking state=TRACKING evaluated=831 execution_us=52883 reason=tracking_pose_accepted
x=2.05007 y=2.05007 yaw=-0.0543189 score=0.986076 valid=1 mode=tracking state=TRACKING evaluated=831 execution_us=52981 reason=tracking_pose_accepted
x=2.05007 y=2.05007 yaw=-0.0552531 score=0.980599 valid=1 mode=tracking state=TRACKING evaluated=831 execution_us=51686 reason=tracking_pose_accepted
x=2.05007 y=2.05007 yaw=-0.0561873 score=0.98531 valid=1 mode=tracking state=TRACKING evaluated=831 execution_us=53326 reason=tracking_pose_accepted
x=2.05007 y=2.05007 yaw=-0.0571215 score=0.986772 valid=1 mode=tracking state=TRACKING evaluated=831 execution_us=52929 reason=tracking_pose_accepted
x=2.05007 y=2.05007 yaw=-0.0580557 score=0.982959 valid=1 mode=tracking state=TRACKING evaluated=831 execution_us=53910 reason=tracking_pose_accepted
x=2.05007 y=2.05007 yaw=-0.0589898 score=0.986946 valid=1 mode=tracking state=TRACKING evaluated=831 execution_us=59480 reason=tracking_pose_accepted
x=2.05007 y=2.05007 yaw=-0.059924 score=0.985333 valid=1 mode=tracking state=TRACKING evaluated=831 execution_us=60068 reason=tracking_pose_accepted
x=2.05007 y=2.05007 yaw=-0.0608582 score=0.983171 valid=1 mode=tracking state=TRACKING evaluated=831 execution_us=73517 reason=tracking_pose_accepted
x=2.05007 y=2.05007 yaw=-0.0617924 score=0.977185 valid=1 mode=tracking state=TRACKING evaluated=831 execution_us=57882 reason=tracking_pose_accepted
x=2.05007 y=2.05007 yaw=-0.0627266 score=0.98209 valid=1 mode=tracking state=TRACKING evaluated=831 execution_us=63392 reason=tracking_pose_accepted
x=2.05007 y=2.05007 yaw=-0.0462075 score=0.971384 valid=1 mode=tracking state=TRACKING evaluated=831 execution_us=55094 reason=tracking_pose_accepted
x=2.05007 y=2.05007 yaw=-0.0471416 score=0.977112 valid=1 mode=tracking state=TRACKING evaluated=831 execution_us=54283 reason=tracking_pose_accepted
x=2.05007 y=2.05007 yaw=-0.0480758 score=0.980911 valid=1 mode=tracking state=TRACKING evaluated=831 execution_us=54843 reason=tracking_pose_accepted
x=2.05007 y=2.05007 yaw=-0.0664633 score=0.972063 valid=1 mode=tracking state=TRACKING evaluated=831 execution_us=55737 reason=tracking_pose_accepted
x=2.05007 y=2.05007 yaw=-0.0499441 score=0.983971 valid=1 mode=tracking state=TRACKING evaluated=831 execution_us=55306 reason=tracking_pose_accepted
x=2.05007 y=2.05007 yaw=-0.0508783 score=0.984282 valid=1 mode=tracking state=TRACKING evaluated=831 execution_us=59553 reason=tracking_pose_accepted
x=2.05007 y=2.05007 yaw=-0.0518125 score=0.988204 valid=1 mode=tracking state=TRACKING evaluated=831 execution_us=60270 reason=tracking_pose_accepted
x=2.05007 y=2.05007 yaw=-0.0527467 score=0.987797 valid=1 mode=tracking state=TRACKING evaluated=831 execution_us=59963 reason=tracking_pose_accepted
x=2.05007 y=2.05007 yaw=-0.0536809 score=0.985604 valid=1 mode=tracking state=TRACKING evaluated=831 execution_us=60908 reason=tracking_pose_accepted
x=2.05007 y=2.05007 yaw=-0.054615 score=0.987518 valid=1 mode=tracking state=TRACKING evaluated=831 execution_us=60136 reason=tracking_pose_accepted
x=2.05007 y=2.05007 yaw=-0.0555492 score=0.983676 valid=1 mode=tracking state=TRACKING evaluated=831 execution_us=60817 reason=tracking_pose_accepted
x=2.05007 y=2.05007 yaw=-0.0564834 score=0.986425 valid=1 mode=tracking state=TRACKING evaluated=831 execution_us=58386 reason=tracking_pose_accepted
x=2.05007 y=2.05007 yaw=-0.0574176 score=0.982291 valid=1 mode=tracking state=TRACKING evaluated=831 execution_us=57333 reason=tracking_pose_accepted
x=2.05007 y=2.05007 yaw=-0.0583518 score=0.984941 valid=1 mode=tracking state=TRACKING evaluated=831 execution_us=56906 reason=tracking_pose_accepted
x=2.05007 y=2.05007 yaw=-0.059286 score=0.984438 valid=1 mode=tracking state=TRACKING evaluated=831 execution_us=57372 reason=tracking_pose_accepted
x=2.05007 y=2.05007 yaw=-0.0776734 score=0.988017 valid=1 mode=tracking state=TRACKING evaluated=831 execution_us=57784 reason=tracking_pose_accepted
x=2.05007 y=2.05007 yaw=-0.043701 score=0.979506 valid=1 mode=tracking state=TRACKING evaluated=831 execution_us=58622 reason=tracking_pose_accepted
x=2.10007 y=2.05007 yaw=-0.0620884 score=0.976127 valid=1 mode=tracking state=TRACKING evaluated=831 execution_us=51725 reason=tracking_pose_accepted
x=2.10007 y=2.05007 yaw=-0.0630226 score=0.978539 valid=1 mode=tracking state=TRACKING evaluated=807 execution_us=51082 reason=tracking_pose_accepted
x=2.15007 y=2.05007 yaw=-0.0639568 score=0.966075 valid=1 mode=tracking state=TRACKING evaluated=807 execution_us=51628 reason=tracking_pose_accepted
x=2.15007 y=2.05007 yaw=-0.0474376 score=0.983633 valid=1 mode=tracking state=TRACKING evaluated=807 execution_us=51341 reason=tracking_pose_accepted
x=2.20007 y=2.05007 yaw=-0.0309185 score=0.986187 valid=1 mode=tracking state=TRACKING evaluated=807 execution_us=51988 reason=tracking_pose_accepted
x=2.25007 y=2.05007 yaw=-0.0318527 score=0.982907 valid=1 mode=tracking state=TRACKING evaluated=807 execution_us=52617 reason=tracking_pose_accepted
x=2.30007 y=2.05007 yaw=0.00211978 score=0.984537 valid=1 mode=tracking state=TRACKING evaluated=807 execution_us=59725 reason=tracking_pose_accepted
x=2.35007 y=2.05007 yaw=0.0360922 score=0.953944 valid=1 mode=tracking state=TRACKING evaluated=807 execution_us=60825 reason=tracking_pose_accepted
x=2.45007 y=2.05007 yaw=0.0526114 score=0.985791 valid=1 mode=tracking state=TRACKING evaluated=807 execution_us=57171 reason=tracking_pose_accepted
x=2.50007 y=2.00007 yaw=0.104037 score=0.984835 valid=1 mode=tracking state=TRACKING evaluated=807 execution_us=56780 reason=tracking_pose_accepted
x=2.60007 y=2.00007 yaw=0.103103 score=0.974361 valid=1 mode=tracking state=TRACKING evaluated=807 execution_us=57240 reason=tracking_pose_accepted
x=2.65007 y=2.00007 yaw=0.171982 score=0.929595 valid=1 mode=tracking state=TRACKING evaluated=807 execution_us=53586 reason=tracking_pose_accepted
x=2.75007 y=1.95007 yaw=0.240861 score=0.951892 valid=1 mode=tracking state=TRACKING evaluated=807 execution_us=54092 reason=tracking_pose_accepted
x=2.85007 y=1.95007 yaw=0.292287 score=0.970026 valid=1 mode=tracking state=TRACKING evaluated=807 execution_us=54901 reason=tracking_pose_accepted
x=2.90007 y=1.95007 yaw=0.308806 score=0.979936 valid=1 mode=tracking state=TRACKING evaluated=807 execution_us=53623 reason=tracking_pose_accepted
x=2.95007 y=1.95007 yaw=0.307872 score=0.985754 valid=1 mode=tracking state=TRACKING evaluated=807 execution_us=51975 reason=tracking_pose_accepted
x=2.95007 y=1.95007 yaw=0.254578 score=0.980342 valid=1 mode=tracking state=TRACKING evaluated=807 execution_us=53635 reason=tracking_pose_accepted
x=3.00007 y=1.95007 yaw=0.18383 score=0.977504 valid=1 mode=tracking state=TRACKING evaluated=807 execution_us=59714 reason=tracking_pose_accepted
x=3.05007 y=1.95007 yaw=0.130536 score=0.969375 valid=1 mode=tracking state=TRACKING evaluated=807 execution_us=60992 reason=tracking_pose_accepted
x=3.05007 y=2.00007 yaw=0.0946957 score=0.971728 valid=1 mode=tracking state=TRACKING evaluated=807 execution_us=57394 reason=tracking_pose_accepted
x=3.10007 y=2.00007 yaw=0.0414016 score=0.982124 valid=1 mode=tracking state=TRACKING evaluated=807 execution_us=57935 reason=tracking_pose_accepted
x=3.10007 y=2.00007 yaw=0.0055609 score=0.9906 valid=1 mode=tracking state=TRACKING evaluated=807 execution_us=59255 reason=tracking_pose_accepted
x=3.15007 y=2.00007 yaw=-0.0302798 score=0.980848 valid=1 mode=tracking state=TRACKING evaluated=807 execution_us=55639 reason=tracking_pose_accepted
x=3.15007 y=2.00008 yaw=-0.0486673 score=0.9886 valid=1 mode=tracking state=TRACKING evaluated=807 execution_us=56448 reason=tracking_pose_accepted
x=3.15007 y=2.00008 yaw=-0.0670547 score=0.990986 valid=1 mode=tracking state=TRACKING evaluated=807 execution_us=56399 reason=tracking_pose_accepted
x=3.15007 y=2.00008 yaw=-0.0854421 score=0.987898 valid=1 mode=tracking state=TRACKING evaluated=807 execution_us=56630 reason=tracking_pose_accepted
x=3.20007 y=2.00008 yaw=-0.10383 score=0.966478 valid=1 mode=tracking state=TRACKING evaluated=807 execution_us=57768 reason=tracking_pose_accepted
x=3.20007 y=2.00008 yaw=-0.104764 score=0.972753 valid=1 mode=tracking state=TRACKING evaluated=807 execution_us=64424 reason=tracking_pose_accepted
x=3.20007 y=2.00008 yaw=-0.0882446 score=0.976997 valid=1 mode=tracking state=TRACKING evaluated=807 execution_us=51098 reason=tracking_pose_accepted
x=3.20007 y=2.00008 yaw=-0.0542722 score=0.969674 valid=1 mode=tracking state=TRACKING evaluated=807 execution_us=51762 reason=tracking_pose_accepted
x=3.25007 y=2.00008 yaw=-0.0726596 score=0.984536 valid=1 mode=tracking state=TRACKING evaluated=807 execution_us=51679 reason=tracking_pose_accepted
x=3.25007 y=2.00008 yaw=-0.0561405 score=0.988817 valid=1 mode=tracking state=TRACKING evaluated=807 execution_us=52023 reason=tracking_pose_accepted
x=3.25007 y=2.00008 yaw=-0.022168 score=0.983778 valid=1 mode=tracking state=TRACKING evaluated=807 execution_us=53460 reason=tracking_pose_accepted
x=3.30007 y=2.00008 yaw=-0.00564889 score=0.977317 valid=1 mode=tracking state=TRACKING evaluated=807 execution_us=59801 reason=tracking_pose_accepted
x=3.30007 y=2.00008 yaw=0.0108703 score=0.985483 valid=1 mode=tracking state=TRACKING evaluated=831 execution_us=61795 reason=tracking_pose_accepted
x=3.30006 y=2.00008 yaw=0.00993614 score=0.981513 valid=1 mode=tracking state=TRACKING evaluated=831 execution_us=60701 reason=tracking_pose_accepted
x=3.30006 y=2.00008 yaw=-0.0259046 score=0.980039 valid=1 mode=tracking state=TRACKING evaluated=831 execution_us=58582 reason=tracking_pose_accepted
x=3.25006 y=2.00008 yaw=-0.044292 score=0.972327 valid=1 mode=tracking state=TRACKING evaluated=831 execution_us=61962 reason=tracking_pose_accepted
x=3.25006 y=2.00008 yaw=-0.0626795 score=0.98784 valid=1 mode=tracking state=TRACKING evaluated=807 execution_us=59837 reason=tracking_pose_accepted
x=3.25006 y=2.00008 yaw=-0.0636136 score=0.985523 valid=1 mode=tracking state=TRACKING evaluated=807 execution_us=51362 reason=tracking_pose_accepted
x=3.25006 y=2.00008 yaw=-0.0645478 score=0.988358 valid=1 mode=tracking state=TRACKING evaluated=807 execution_us=52909 reason=tracking_pose_accepted
x=3.25006 y=2.00008 yaw=-0.065482 score=0.986659 valid=1 mode=tracking state=TRACKING evaluated=807 execution_us=53351 reason=tracking_pose_accepted
x=3.25006 y=2.00008 yaw=-0.0664162 score=0.987232 valid=1 mode=tracking state=TRACKING evaluated=807 execution_us=53813 reason=tracking_pose_accepted
x=3.25006 y=2.00008 yaw=-0.0498971 score=0.977166 valid=1 mode=tracking state=TRACKING evaluated=807 execution_us=54111 reason=tracking_pose_accepted
x=3.25006 y=2.00008 yaw=-0.0508312 score=0.976501 valid=1 mode=tracking state=TRACKING evaluated=807 execution_us=53875 reason=tracking_pose_accepted
x=3.25006 y=1.95008 yaw=-0.0692187 score=0.976481 valid=1 mode=tracking state=TRACKING evaluated=807 execution_us=58447 reason=tracking_pose_accepted
x=3.25006 y=1.95008 yaw=-0.0701528 score=0.9772 valid=1 mode=tracking state=TRACKING evaluated=807 execution_us=58022 reason=tracking_pose_accepted
x=3.25006 y=1.95008 yaw=-0.071087 score=0.974359 valid=1 mode=tracking state=TRACKING evaluated=807 execution_us=58769 reason=tracking_pose_accepted
x=3.30006 y=2.00008 yaw=-0.0545679 score=0.975008 valid=1 mode=tracking state=TRACKING evaluated=807 execution_us=59304 reason=tracking_pose_accepted
x=3.30006 y=2.00008 yaw=-0.0555021 score=0.972336 valid=1 mode=tracking state=TRACKING evaluated=831 execution_us=60058 reason=tracking_pose_accepted
x=3.25006 y=2.05008 yaw=-0.0564363 score=0.971123 valid=1 mode=tracking state=TRACKING evaluated=807 execution_us=55332 reason=tracking_pose_accepted
x=3.25006 y=2.05008 yaw=-0.0573705 score=0.969669 valid=1 mode=tracking state=TRACKING evaluated=807 execution_us=54821 reason=tracking_pose_accepted
x=3.25006 y=2.05008 yaw=-0.0583046 score=0.971576 valid=1 mode=tracking state=TRACKING evaluated=807 execution_us=55526 reason=tracking_pose_accepted
x=3.30006 y=2.05008 yaw=-0.0592388 score=0.977376 valid=1 mode=tracking state=TRACKING evaluated=807 execution_us=56744 reason=tracking_pose_accepted
x=3.30006 y=2.00008 yaw=-0.0776263 score=0.973552 valid=1 mode=tracking state=TRACKING evaluated=831 execution_us=57220 reason=tracking_pose_accepted
x=3.30006 y=2.00008 yaw=-0.0611071 score=0.97948 valid=1 mode=tracking state=TRACKING evaluated=831 execution_us=57483 reason=tracking_pose_accepted
x=3.25006 y=2.00008 yaw=-0.044588 score=0.97112 valid=1 mode=tracking state=TRACKING evaluated=807 execution_us=60309 reason=tracking_pose_accepted
x=3.25006 y=2.05008 yaw=-0.0455222 score=0.977697 valid=1 mode=tracking state=TRACKING evaluated=807 execution_us=59660 reason=tracking_pose_accepted
x=3.25006 y=2.05008 yaw=-0.0464564 score=0.975922 valid=1 mode=tracking state=TRACKING evaluated=807 execution_us=60091 reason=tracking_pose_accepted
x=3.30006 y=2.05008 yaw=-0.0648438 score=0.97568 valid=1 mode=tracking state=TRACKING evaluated=807 execution_us=60891 reason=tracking_pose_accepted
x=3.30006 y=2.05008 yaw=-0.065778 score=0.975288 valid=1 mode=tracking state=TRACKING evaluated=831 execution_us=61868 reason=tracking_pose_accepted
x=3.30006 y=2.05008 yaw=-0.0492589 score=0.972944 valid=1 mode=tracking state=TRACKING evaluated=807 execution_us=60992 reason=tracking_pose_accepted
x=3.30006 y=2.00008 yaw=-0.0676463 score=0.965559 valid=1 mode=tracking state=TRACKING evaluated=831 execution_us=60356 reason=tracking_pose_accepted
x=3.25006 y=2.05008 yaw=-0.0511272 score=0.973027 valid=1 mode=tracking state=TRACKING evaluated=831 execution_us=59022 reason=tracking_pose_accepted
x=3.25006 y=2.05008 yaw=-0.0520613 score=0.976108 valid=1 mode=tracking state=TRACKING evaluated=807 execution_us=58864 reason=tracking_pose_accepted
x=3.30006 y=2.05008 yaw=-0.0704488 score=0.977235 valid=1 mode=tracking state=TRACKING evaluated=807 execution_us=58111 reason=tracking_pose_accepted
x=3.30006 y=2.05008 yaw=-0.0539297 score=0.97263 valid=1 mode=tracking state=TRACKING evaluated=831 execution_us=59889 reason=tracking_pose_accepted
x=3.30006 y=2.05008 yaw=-0.0548638 score=0.973856 valid=1 mode=tracking state=TRACKING evaluated=831 execution_us=67339 reason=tracking_pose_accepted
x=3.30006 y=2.05008 yaw=-0.055798 score=0.97074 valid=1 mode=tracking state=TRACKING evaluated=831 execution_us=52155 reason=tracking_pose_accepted
x=3.30006 y=2.05008 yaw=-0.0567322 score=0.973014 valid=1 mode=tracking state=TRACKING evaluated=831 execution_us=53485 reason=tracking_pose_accepted
x=3.30006 y=2.05009 yaw=-0.0576664 score=0.973179 valid=1 mode=tracking state=TRACKING evaluated=831 execution_us=53937 reason=tracking_pose_accepted
x=3.30006 y=2.05009 yaw=-0.0586006 score=0.976563 valid=1 mode=tracking state=TRACKING evaluated=831 execution_us=54203 reason=tracking_pose_accepted
x=3.30006 y=2.05009 yaw=-0.0595348 score=0.976869 valid=1 mode=tracking state=TRACKING evaluated=831 execution_us=54428 reason=tracking_pose_accepted
x=3.30006 y=2.05009 yaw=-0.0604689 score=0.976136 valid=1 mode=tracking state=TRACKING evaluated=831 execution_us=61338 reason=tracking_pose_accepted
x=3.30006 y=2.05009 yaw=-0.0614031 score=0.976989 valid=1 mode=tracking state=TRACKING evaluated=831 execution_us=61309 reason=tracking_pose_accepted
x=3.30006 y=2.05009 yaw=-0.0623373 score=0.976379 valid=1 mode=tracking state=TRACKING evaluated=831 execution_us=61917 reason=tracking_pose_accepted
x=3.30006 y=2.05009 yaw=-0.0632715 score=0.976256 valid=1 mode=tracking state=TRACKING evaluated=831 execution_us=58860 reason=tracking_pose_accepted
x=3.30006 y=2.05009 yaw=-0.0642057 score=0.981561 valid=1 mode=tracking state=TRACKING evaluated=831 execution_us=59218 reason=tracking_pose_accepted
x=3.30005 y=2.05009 yaw=-0.0651398 score=0.975935 valid=1 mode=tracking state=TRACKING evaluated=831 execution_us=60062 reason=tracking_pose_accepted
x=3.25005 y=2.05009 yaw=-0.0486207 score=0.979977 valid=1 mode=tracking state=TRACKING evaluated=831 execution_us=56170 reason=tracking_pose_accepted
x=3.25005 y=2.05009 yaw=-0.0495549 score=0.972692 valid=1 mode=tracking state=TRACKING evaluated=807 execution_us=55107 reason=tracking_pose_accepted
x=3.25005 y=2.05009 yaw=-0.0504891 score=0.972862 valid=1 mode=tracking state=TRACKING evaluated=807 execution_us=55848 reason=tracking_pose_accepted
x=3.25005 y=2.05009 yaw=-0.0514233 score=0.975136 valid=1 mode=tracking state=TRACKING evaluated=807 execution_us=55929 reason=tracking_pose_accepted
x=3.30005 y=2.05009 yaw=-0.0523575 score=0.969152 valid=1 mode=tracking state=TRACKING evaluated=807 execution_us=56585 reason=tracking_pose_accepted
x=3.30005 y=2.05009 yaw=-0.0532916 score=0.974398 valid=1 mode=tracking state=TRACKING evaluated=831 execution_us=64000 reason=tracking_pose_accepted
x=3.30005 y=2.05009 yaw=-0.0542258 score=0.97362 valid=1 mode=tracking state=TRACKING evaluated=831 execution_us=61067 reason=tracking_pose_accepted
x=3.25005 y=2.05009 yaw=-0.05516 score=0.97544 valid=1 mode=tracking state=TRACKING evaluated=831 execution_us=62038 reason=tracking_pose_accepted
x=3.30005 y=2.05009 yaw=-0.0560942 score=0.974768 valid=1 mode=tracking state=TRACKING evaluated=807 execution_us=59913 reason=tracking_pose_accepted
x=3.30005 y=2.05009 yaw=-0.0570284 score=0.975797 valid=1 mode=tracking state=TRACKING evaluated=831 execution_us=61469 reason=tracking_pose_accepted
x=3.30005 y=2.05009 yaw=-0.0579626 score=0.979632 valid=1 mode=tracking state=TRACKING evaluated=831 execution_us=61899 reason=tracking_pose_accepted
x=3.30005 y=2.05009 yaw=-0.0588968 score=0.97897 valid=1 mode=tracking state=TRACKING evaluated=831 execution_us=58253 reason=tracking_pose_accepted
x=3.30005 y=2.05009 yaw=-0.0598309 score=0.97089 valid=1 mode=tracking state=TRACKING evaluated=831 execution_us=59550 reason=tracking_pose_accepted
x=3.30005 y=2.05009 yaw=-0.0607651 score=0.976198 valid=1 mode=tracking state=TRACKING evaluated=831 execution_us=58939 reason=tracking_pose_accepted
x=3.30005 y=2.05009 yaw=-0.0616993 score=0.976989 valid=1 mode=tracking state=TRACKING evaluated=831 execution_us=58841 reason=tracking_pose_accepted
x=3.30005 y=2.05009 yaw=-0.0626335 score=0.97886 valid=1 mode=tracking state=TRACKING evaluated=831 execution_us=59471 reason=tracking_pose_accepted
x=3.30005 y=2.05009 yaw=-0.0635677 score=0.976012 valid=1 mode=tracking state=TRACKING evaluated=831 execution_us=58967 reason=tracking_pose_accepted
x=3.25005 y=2.05009 yaw=-0.0470485 score=0.97544 valid=1 mode=tracking state=TRACKING evaluated=831 execution_us=62516 reason=tracking_pose_accepted
x=3.30005 y=2.05009 yaw=-0.065436 score=0.976198 valid=1 mode=tracking state=TRACKING evaluated=807 execution_us=52127 reason=tracking_pose_accepted
x=3.30005 y=2.05009 yaw=-0.0663701 score=0.97577 valid=1 mode=tracking state=TRACKING evaluated=831 execution_us=54029 reason=tracking_pose_accepted
x=3.25005 y=2.05009 yaw=-0.049851 score=0.974874 valid=1 mode=tracking state=TRACKING evaluated=831 execution_us=53537 reason=tracking_pose_accepted
x=3.25005 y=2.05009 yaw=-0.0507852 score=0.971921 valid=1 mode=tracking state=TRACKING evaluated=807 execution_us=52372 reason=tracking_pose_accepted
x=3.30005 y=2.05009 yaw=-0.0517194 score=0.973688 valid=1 mode=tracking state=TRACKING evaluated=807 execution_us=52578 reason=tracking_pose_accepted
x=3.25005 y=2.05009 yaw=-0.0526536 score=0.970285 valid=1 mode=tracking state=TRACKING evaluated=831 execution_us=61588 reason=tracking_pose_accepted
x=3.30005 y=2.05009 yaw=-0.0535877 score=0.971503 valid=1 mode=tracking state=TRACKING evaluated=807 execution_us=59437 reason=tracking_pose_accepted
x=3.30005 y=2.05009 yaw=-0.0545219 score=0.974943 valid=1 mode=tracking state=TRACKING evaluated=831 execution_us=60879 reason=tracking_pose_accepted
x=3.25005 y=2.05009 yaw=-0.0554561 score=0.975376 valid=1 mode=tracking state=TRACKING evaluated=831 execution_us=61261 reason=tracking_pose_accepted
x=3.30005 y=2.05009 yaw=-0.0563903 score=0.977293 valid=1 mode=tracking state=TRACKING evaluated=807 execution_us=60152 reason=tracking_pose_accepted
x=3.30005 y=2.05009 yaw=-0.0573245 score=0.979579 valid=1 mode=tracking state=TRACKING evaluated=831 execution_us=58893 reason=tracking_pose_accepted
x=3.30005 y=2.05009 yaw=-0.0582587 score=0.978665 valid=1 mode=tracking state=TRACKING evaluated=831 execution_us=55524 reason=tracking_pose_accepted
x=3.25004 y=2.05009 yaw=-0.0591929 score=0.972559 valid=1 mode=tracking state=TRACKING evaluated=831 execution_us=55963 reason=tracking_pose_accepted
x=3.30004 y=2.05009 yaw=-0.060127 score=0.976621 valid=1 mode=tracking state=TRACKING evaluated=807 execution_us=55659 reason=tracking_pose_accepted
x=3.30004 y=2.05009 yaw=-0.0610612 score=0.979132 valid=1 mode=tracking state=TRACKING evaluated=831 execution_us=56522 reason=tracking_pose_accepted
x=3.30004 y=2.0501 yaw=-0.0619954 score=0.97644 valid=1 mode=tracking state=TRACKING evaluated=831 execution_us=56302 reason=tracking_pose_accepted
x=3.30004 y=2.0501 yaw=-0.0629296 score=0.977048 valid=1 mode=tracking state=TRACKING evaluated=831 execution_us=57270 reason=tracking_pose_accepted
x=3.30004 y=2.0501 yaw=-0.0638638 score=0.976501 valid=1 mode=tracking state=TRACKING evaluated=831 execution_us=60302 reason=tracking_pose_accepted
x=3.30004 y=2.0501 yaw=-0.064798 score=0.974093 valid=1 mode=tracking state=TRACKING evaluated=831 execution_us=60474 reason=tracking_pose_accepted
x=3.30004 y=2.0501 yaw=-0.0482788 score=0.975248 valid=1 mode=tracking state=TRACKING evaluated=831 execution_us=60814 reason=tracking_pose_accepted
x=3.30004 y=2.0501 yaw=-0.0666663 score=0.974057 valid=1 mode=tracking state=TRACKING evaluated=831 execution_us=61358 reason=tracking_pose_accepted
x=3.30004 y=2.0501 yaw=-0.0676004 score=0.976012 valid=1 mode=tracking state=TRACKING evaluated=831 execution_us=61680 reason=tracking_pose_accepted
x=3.30004 y=2.0501 yaw=-0.0685346 score=0.972265 valid=1 mode=tracking state=TRACKING evaluated=831 execution_us=58697 reason=tracking_pose_accepted
x=3.30004 y=2.0501 yaw=-0.0520155 score=0.972559 valid=1 mode=tracking state=TRACKING evaluated=831 execution_us=58187 reason=tracking_pose_accepted
x=3.30004 y=2.0501 yaw=-0.0529497 score=0.971953 valid=1 mode=tracking state=TRACKING evaluated=831 execution_us=58871 reason=tracking_pose_accepted
x=3.25004 y=2.0501 yaw=-0.0538839 score=0.971734 valid=1 mode=tracking state=TRACKING evaluated=831 execution_us=57714 reason=tracking_pose_accepted
x=3.30004 y=2.0501 yaw=-0.054818 score=0.97362 valid=1 mode=tracking state=TRACKING evaluated=807 execution_us=57316 reason=tracking_pose_accepted
x=3.30004 y=2.0501 yaw=-0.0557522 score=0.979024 valid=1 mode=tracking state=TRACKING evaluated=831 execution_us=59227 reason=tracking_pose_accepted
x=3.30004 y=2.0501 yaw=-0.0566864 score=0.97453 valid=1 mode=tracking state=TRACKING evaluated=831 execution_us=62046 reason=tracking_pose_accepted
x=3.30004 y=2.0501 yaw=-0.0576206 score=0.979884 valid=1 mode=tracking state=TRACKING evaluated=831 execution_us=62451 reason=tracking_pose_accepted
x=3.30004 y=2.0501 yaw=-0.0585548 score=0.970437 valid=1 mode=tracking state=TRACKING evaluated=831 execution_us=52512 reason=tracking_pose_accepted
x=3.30004 y=2.0501 yaw=-0.059489 score=0.977235 valid=1 mode=tracking state=TRACKING evaluated=831 execution_us=52303 reason=tracking_pose_accepted
x=3.30004 y=2.0501 yaw=-0.0604232 score=0.976198 valid=1 mode=tracking state=TRACKING evaluated=831 execution_us=53243 reason=tracking_pose_accepted
x=3.30004 y=2.0501 yaw=-0.0613573 score=0.976074 valid=1 mode=tracking state=TRACKING evaluated=831 execution_us=52551 reason=tracking_pose_accepted
x=3.30004 y=2.0501 yaw=-0.0622915 score=0.976684 valid=1 mode=tracking state=TRACKING evaluated=831 execution_us=59320 reason=tracking_pose_accepted
x=3.30003 y=2.0501 yaw=-0.0632257 score=0.976864 valid=1 mode=tracking state=TRACKING evaluated=831 execution_us=60666 reason=tracking_pose_accepted
x=3.30003 y=2.0501 yaw=-0.0641599 score=0.976561 valid=1 mode=tracking state=TRACKING evaluated=831 execution_us=60043 reason=tracking_pose_accepted
x=3.30003 y=2.0501 yaw=-0.0650941 score=0.973688 valid=1 mode=tracking state=TRACKING evaluated=831 execution_us=60521 reason=tracking_pose_accepted
x=3.30003 y=2.0501 yaw=-0.0660283 score=0.979381 valid=1 mode=tracking state=TRACKING evaluated=831 execution_us=60790 reason=tracking_pose_accepted
x=3.30003 y=2.0501 yaw=-0.0495091 score=0.97453 valid=1 mode=tracking state=TRACKING evaluated=831 execution_us=60591 reason=tracking_pose_accepted
x=3.30003 y=2.0501 yaw=-0.0504433 score=0.974293 valid=1 mode=tracking state=TRACKING evaluated=831 execution_us=55212 reason=tracking_pose_accepted
x=3.25003 y=2.0501 yaw=-0.0513775 score=0.9696 valid=1 mode=tracking state=TRACKING evaluated=831 execution_us=54293 reason=tracking_pose_accepted
x=3.30003 y=2.0501 yaw=-0.069765 score=0.970664 valid=1 mode=tracking state=TRACKING evaluated=807 execution_us=53474 reason=tracking_pose_accepted
x=3.30003 y=2.0501 yaw=-0.0532458 score=0.971649 valid=1 mode=tracking state=TRACKING evaluated=831 execution_us=56477 reason=tracking_pose_accepted
x=3.30003 y=2.0501 yaw=-0.05418 score=0.979685 valid=1 mode=tracking state=TRACKING evaluated=831 execution_us=54607 reason=tracking_pose_accepted
x=3.30003 y=2.0501 yaw=-0.0551142 score=0.979988 valid=1 mode=tracking state=TRACKING evaluated=831 execution_us=59265 reason=tracking_pose_accepted
x=3.30003 y=2.0501 yaw=-0.0560484 score=0.976501 valid=1 mode=tracking state=TRACKING evaluated=807 execution_us=58383 reason=tracking_pose_accepted
x=3.25003 y=2.0501 yaw=-0.0569825 score=0.984416 valid=1 mode=tracking state=TRACKING evaluated=831 execution_us=59391 reason=tracking_pose_accepted
x=3.25003 y=2.0501 yaw=-0.0579167 score=0.975832 valid=1 mode=tracking state=TRACKING evaluated=807 execution_us=58774 reason=tracking_pose_accepted
x=3.30003 y=2.0501 yaw=-0.0588509 score=0.976318 valid=1 mode=tracking state=TRACKING evaluated=807 execution_us=58831 reason=tracking_pose_accepted
x=3.25003 y=2.0501 yaw=-0.0597851 score=0.983736 valid=1 mode=tracking state=TRACKING evaluated=831 execution_us=60542 reason=tracking_pose_accepted
x=3.25003 y=2.0501 yaw=-0.0607193 score=0.979988 valid=1 mode=tracking state=TRACKING evaluated=807 execution_us=56783 reason=tracking_pose_accepted
x=3.25003 y=2.0001 yaw=-0.0442002 score=0.982824 valid=1 mode=tracking state=TRACKING evaluated=807 execution_us=56143 reason=tracking_pose_accepted
x=3.25003 y=2.0001 yaw=-0.027681 score=0.971963 valid=1 mode=tracking state=TRACKING evaluated=807 execution_us=56423 reason=tracking_pose_accepted
x=3.20003 y=1.9501 yaw=0.00629142 score=0.984688 valid=1 mode=tracking state=TRACKING evaluated=807 execution_us=56511 reason=tracking_pose_accepted
x=3.15003 y=1.9001 yaw=-0.012096 score=0.970873 valid=1 mode=tracking state=TRACKING evaluated=807 execution_us=55482 reason=tracking_pose_accepted
x=3.10003 y=1.8501 yaw=-0.0479368 score=0.914313 valid=1 mode=tracking state=TRACKING evaluated=807 execution_us=59070 reason=tracking_pose_accepted
x=3.10003 y=1.7501 yaw=-0.048871 score=0.92448 valid=1 mode=tracking state=TRACKING evaluated=807 execution_us=59888 reason=tracking_pose_accepted
x=3.05003 y=1.7001 yaw=-0.102165 score=0.928286 valid=1 mode=tracking state=TRACKING evaluated=807 execution_us=59861 reason=tracking_pose_accepted
x=3.05003 y=1.7001 yaw=-0.138006 score=0.943963 valid=1 mode=tracking state=TRACKING evaluated=807 execution_us=60482 reason=tracking_pose_accepted
x=3.00003 y=1.6501 yaw=-0.173847 score=0.977922 valid=1 mode=tracking state=TRACKING evaluated=807 execution_us=60570 reason=tracking_pose_accepted
x=3.00003 y=1.6001 yaw=-0.174781 score=0.989619 valid=1 mode=tracking state=TRACKING evaluated=807 execution_us=61364 reason=tracking_pose_accepted
x=3.00003 y=1.6001 yaw=-0.158261 score=0.984354 valid=1 mode=tracking state=TRACKING evaluated=807 execution_us=59046 reason=tracking_pose_accepted
x=2.95003 y=1.5501 yaw=-0.176649 score=0.981947 valid=1 mode=tracking state=TRACKING evaluated=807 execution_us=58653 reason=tracking_pose_accepted
x=2.95003 y=1.5501 yaw=-0.142676 score=0.982549 valid=1 mode=tracking state=TRACKING evaluated=807 execution_us=60615 reason=tracking_pose_accepted
x=2.95003 y=1.5501 yaw=-0.0912507 score=0.970437 valid=1 mode=tracking state=TRACKING evaluated=807 execution_us=59515 reason=tracking_pose_accepted
x=2.90003 y=1.5001 yaw=-0.109638 score=0.985786 valid=1 mode=tracking state=TRACKING evaluated=807 execution_us=59297 reason=tracking_pose_accepted
x=2.90003 y=1.5001 yaw=-0.128026 score=0.991532 valid=1 mode=tracking state=TRACKING evaluated=807 execution_us=59627 reason=tracking_pose_accepted
x=2.90003 y=1.5001 yaw=-0.111506 score=0.974615 valid=1 mode=tracking state=TRACKING evaluated=807 execution_us=51918 reason=tracking_pose_accepted
x=2.90003 y=1.4501 yaw=-0.0600807 score=0.986685 valid=1 mode=tracking state=TRACKING evaluated=807 execution_us=53345 reason=tracking_pose_accepted
x=2.90003 y=1.4501 yaw=-0.0086549 score=0.975432 valid=1 mode=tracking state=TRACKING evaluated=807 execution_us=53990 reason=tracking_pose_accepted
x=2.95003 y=1.4001 yaw=0.0427708 score=0.982091 valid=1 mode=tracking state=TRACKING evaluated=807 execution_us=52777 reason=tracking_pose_accepted
x=2.95003 y=1.4001 yaw=0.00693011 score=0.985786 valid=1 mode=tracking state=TRACKING evaluated=807 execution_us=53176 reason=tracking_pose_accepted
x=2.95003 y=1.4001 yaw=0.00599597 score=0.978623 valid=1 mode=tracking state=TRACKING evaluated=807 execution_us=52811 reason=tracking_pose_accepted
x=2.95003 y=1.4001 yaw=0.00506182 score=0.97588 valid=1 mode=tracking state=TRACKING evaluated=807 execution_us=60557 reason=tracking_pose_accepted
x=2.95003 y=1.4501 yaw=0.021581 score=0.982893 valid=1 mode=tracking state=TRACKING evaluated=807 execution_us=60580 reason=tracking_pose_accepted
x=2.95003 y=1.4001 yaw=-0.031713 score=0.981242 valid=1 mode=tracking state=TRACKING evaluated=807 execution_us=60364 reason=tracking_pose_accepted
x=2.95003 y=1.4501 yaw=-0.0151939 score=0.984354 valid=1 mode=tracking state=TRACKING evaluated=807 execution_us=61081 reason=tracking_pose_accepted
x=2.95003 y=1.4501 yaw=-0.016128 score=0.98977 valid=1 mode=tracking state=TRACKING evaluated=807 execution_us=59158 reason=tracking_pose_accepted
x=2.95003 y=1.4501 yaw=-0.0170622 score=0.988566 valid=1 mode=tracking state=TRACKING evaluated=807 execution_us=55809 reason=tracking_pose_accepted
x=2.95003 y=1.4501 yaw=-0.0179963 score=0.986835 valid=1 mode=tracking state=TRACKING evaluated=807 execution_us=56276 reason=tracking_pose_accepted
x=2.95003 y=1.4501 yaw=-0.0189305 score=0.980141 valid=1 mode=tracking state=TRACKING evaluated=807 execution_us=56733 reason=tracking_pose_accepted
x=2.95003 y=1.4001 yaw=-0.0373179 score=0.981194 valid=1 mode=tracking state=TRACKING evaluated=807 execution_us=55820 reason=tracking_pose_accepted
x=2.95003 y=1.4001 yaw=-0.0382521 score=0.969801 valid=1 mode=tracking state=TRACKING evaluated=807 execution_us=56483 reason=tracking_pose_accepted
x=3.00003 y=1.4501 yaw=-0.0217329 score=0.977885 valid=1 mode=tracking state=TRACKING evaluated=807 execution_us=57407 reason=tracking_pose_accepted
x=3.00003 y=1.4501 yaw=-0.0401204 score=0.988566 valid=1 mode=tracking state=TRACKING evaluated=807 execution_us=60330 reason=tracking_pose_accepted
x=3.00003 y=1.4501 yaw=-0.0585078 score=0.98661 valid=1 mode=tracking state=TRACKING evaluated=807 execution_us=60763 reason=tracking_pose_accepted
x=3.00003 y=1.4501 yaw=-0.0594419 score=0.980894 valid=1 mode=tracking state=TRACKING evaluated=807 execution_us=60893 reason=tracking_pose_accepted
x=2.95003 y=1.4501 yaw=-0.0603761 score=0.979793 valid=1 mode=tracking state=TRACKING evaluated=807 execution_us=60638 reason=tracking_pose_accepted
x=2.95003 y=1.4501 yaw=-0.0613103 score=0.988566 valid=1 mode=tracking state=TRACKING evaluated=807 execution_us=61369 reason=tracking_pose_accepted
x=2.95003 y=1.4501 yaw=-0.0622445 score=0.987965 valid=1 mode=tracking state=TRACKING evaluated=807 execution_us=65884 reason=tracking_pose_accepted
x=2.95003 y=1.4501 yaw=-0.0631787 score=0.990071 valid=1 mode=tracking state=TRACKING evaluated=807 execution_us=57239 reason=tracking_pose_accepted
x=2.95003 y=1.4501 yaw=-0.0641129 score=0.990672 valid=1 mode=tracking state=TRACKING evaluated=807 execution_us=58455 reason=tracking_pose_accepted
x=2.95003 y=1.4501 yaw=-0.065047 score=0.988896 valid=1 mode=tracking state=TRACKING evaluated=807 execution_us=58562 reason=tracking_pose_accepted
x=2.95003 y=1.4501 yaw=-0.0659812 score=0.988896 valid=1 mode=tracking state=TRACKING evaluated=807 execution_us=58351 reason=tracking_pose_accepted
x=2.95003 y=1.4501 yaw=-0.0494621 score=0.986009 valid=1 mode=tracking state=TRACKING evaluated=807 execution_us=58549 reason=tracking_pose_accepted
x=2.95003 y=1.4501 yaw=-0.0503963 score=0.983107 valid=1 mode=tracking state=TRACKING evaluated=807 execution_us=51704 reason=tracking_pose_accepted
x=2.95003 y=1.4501 yaw=-0.0513305 score=0.989536 valid=1 mode=tracking state=TRACKING evaluated=807 execution_us=53569 reason=tracking_pose_accepted
x=2.95003 y=1.4501 yaw=-0.0522646 score=0.98631 valid=1 mode=tracking state=TRACKING evaluated=807 execution_us=52399 reason=tracking_pose_accepted
x=2.95003 y=1.4501 yaw=-0.0531988 score=0.989796 valid=1 mode=tracking state=TRACKING evaluated=807 execution_us=52257 reason=tracking_pose_accepted
x=2.95003 y=1.4501 yaw=-0.054133 score=0.990696 valid=1 mode=tracking state=TRACKING evaluated=807 execution_us=53000 reason=tracking_pose_accepted
x=2.95003 y=1.4501 yaw=-0.0550672 score=0.989168 valid=1 mode=tracking state=TRACKING evaluated=807 execution_us=59333 reason=tracking_pose_accepted
x=2.95003 y=1.4501 yaw=-0.0560014 score=0.988896 valid=1 mode=tracking state=TRACKING evaluated=807 execution_us=60473 reason=tracking_pose_accepted
x=2.95003 y=1.4501 yaw=-0.0569356 score=0.989744 valid=1 mode=tracking state=TRACKING evaluated=807 execution_us=59646 reason=tracking_pose_accepted
x=2.95003 y=1.4501 yaw=-0.0578697 score=0.98977 valid=1 mode=tracking state=TRACKING evaluated=807 execution_us=59858 reason=tracking_pose_accepted
x=2.95003 y=1.4501 yaw=-0.0588039 score=0.990372 valid=1 mode=tracking state=TRACKING evaluated=807 execution_us=60630 reason=tracking_pose_accepted
x=2.95003 y=1.4501 yaw=-0.0597381 score=0.990973 valid=1 mode=tracking state=TRACKING evaluated=807 execution_us=57118 reason=tracking_pose_accepted
x=2.95003 y=1.4501 yaw=-0.0606723 score=0.990071 valid=1 mode=tracking state=TRACKING evaluated=807 execution_us=53581 reason=tracking_pose_accepted
x=2.95003 y=1.4501 yaw=-0.0616065 score=0.990071 valid=1 mode=tracking state=TRACKING evaluated=807 execution_us=54375 reason=tracking_pose_accepted
x=2.95003 y=1.4501 yaw=-0.0625407 score=0.988115 valid=1 mode=tracking state=TRACKING evaluated=807 execution_us=53694 reason=tracking_pose_accepted
x=2.95003 y=1.4501 yaw=-0.0634748 score=0.990672 valid=1 mode=tracking state=TRACKING evaluated=807 execution_us=54193 reason=tracking_pose_accepted
x=2.95003 y=1.4501 yaw=-0.064409 score=0.990096 valid=1 mode=tracking state=TRACKING evaluated=807 execution_us=55072 reason=tracking_pose_accepted
x=2.95003 y=1.4501 yaw=-0.0653432 score=0.987876 valid=1 mode=tracking state=TRACKING evaluated=807 execution_us=54869 reason=tracking_pose_accepted
x=2.95003 y=1.4501 yaw=-0.0662774 score=0.989496 valid=1 mode=tracking state=TRACKING evaluated=807 execution_us=58766 reason=tracking_pose_accepted
x=2.95003 y=1.4501 yaw=-0.0497583 score=0.981889 valid=1 mode=tracking state=TRACKING evaluated=807 execution_us=59410 reason=tracking_pose_accepted
x=2.95003 y=1.4501 yaw=-0.0506925 score=0.987513 valid=1 mode=tracking state=TRACKING evaluated=807 execution_us=59167 reason=tracking_pose_accepted
x=2.95003 y=1.4501 yaw=-0.0516266 score=0.98661 valid=1 mode=tracking state=TRACKING evaluated=807 execution_us=60018 reason=tracking_pose_accepted
x=2.95003 y=1.4501 yaw=-0.0525608 score=0.983793 valid=1 mode=tracking state=TRACKING evaluated=807 execution_us=59493 reason=tracking_pose_accepted
x=2.95003 y=1.4501 yaw=-0.053495 score=0.987245 valid=1 mode=tracking state=TRACKING evaluated=807 execution_us=58166 reason=tracking_pose_accepted
x=2.95003 y=1.4501 yaw=-0.0544292 score=0.989744 valid=1 mode=tracking state=TRACKING evaluated=807 execution_us=67683 reason=tracking_pose_accepted
x=2.95003 y=1.4501 yaw=-0.0553634 score=0.990372 valid=1 mode=tracking state=TRACKING evaluated=807 execution_us=56154 reason=tracking_pose_accepted
x=2.95003 y=1.4501 yaw=-0.0562976 score=0.990045 valid=1 mode=tracking state=TRACKING evaluated=807 execution_us=56123 reason=tracking_pose_accepted
x=2.95003 y=1.4501 yaw=-0.0572317 score=0.990672 valid=1 mode=tracking state=TRACKING evaluated=807 execution_us=56913 reason=tracking_pose_accepted
x=2.95003 y=1.4501 yaw=-0.0581659 score=0.989796 valid=1 mode=tracking state=TRACKING evaluated=807 execution_us=56784 reason=tracking_pose_accepted
x=2.95003 y=1.4501 yaw=-0.0591001 score=0.990927 valid=1 mode=tracking state=TRACKING evaluated=807 execution_us=61186 reason=tracking_pose_accepted
x=2.95003 y=1.4501 yaw=-0.0600343 score=0.989196 valid=1 mode=tracking state=TRACKING evaluated=807 execution_us=61329 reason=tracking_pose_accepted
x=2.95003 y=1.4501 yaw=-0.0609685 score=0.990347 valid=1 mode=tracking state=TRACKING evaluated=807 execution_us=61842 reason=tracking_pose_accepted
x=2.95003 y=1.4501 yaw=-0.0619027 score=0.98977 valid=1 mode=tracking state=TRACKING evaluated=807 execution_us=51719 reason=tracking_pose_accepted
x=2.95003 y=1.4501 yaw=-0.0628368 score=0.989496 valid=1 mode=tracking state=TRACKING evaluated=807 execution_us=51690 reason=tracking_pose_accepted
x=2.95003 y=1.4501 yaw=-0.063771 score=0.989469 valid=1 mode=tracking state=TRACKING evaluated=807 execution_us=51728 reason=tracking_pose_accepted
x=2.95003 y=1.4501 yaw=-0.0647052 score=0.986345 valid=1 mode=tracking state=TRACKING evaluated=807 execution_us=59236 reason=tracking_pose_accepted
x=2.95003 y=1.4501 yaw=-0.0656394 score=0.98977 valid=1 mode=tracking state=TRACKING evaluated=807 execution_us=58435 reason=tracking_pose_accepted
x=2.95003 y=1.4501 yaw=-0.0665736 score=0.984354 valid=1 mode=tracking state=TRACKING evaluated=807 execution_us=59752 reason=tracking_pose_accepted
x=2.95003 y=1.4501 yaw=-0.0675078 score=0.990372 valid=1 mode=tracking state=TRACKING evaluated=807 execution_us=60575 reason=tracking_pose_accepted
x=2.95003 y=1.4501 yaw=-0.0509887 score=0.986911 valid=1 mode=tracking state=TRACKING evaluated=807 execution_us=59570 reason=tracking_pose_accepted
x=2.95003 y=1.4501 yaw=-0.0519228 score=0.987876 valid=1 mode=tracking state=TRACKING evaluated=807 execution_us=67124 reason=tracking_pose_accepted
x=2.95003 y=1.4501 yaw=-0.052857 score=0.986911 valid=1 mode=tracking state=TRACKING evaluated=807 execution_us=52203 reason=tracking_pose_accepted
x=2.95003 y=1.4501 yaw=-0.0537912 score=0.990649 valid=1 mode=tracking state=TRACKING evaluated=807 execution_us=52790 reason=tracking_pose_accepted
x=2.95003 y=1.4501 yaw=-0.0547254 score=0.989196 valid=1 mode=tracking state=TRACKING evaluated=807 execution_us=53694 reason=tracking_pose_accepted
x=2.95003 y=1.4501 yaw=-0.0556596 score=0.986044 valid=1 mode=tracking state=TRACKING evaluated=807 execution_us=53533 reason=tracking_pose_accepted
x=2.95003 y=1.4501 yaw=-0.0565937 score=0.990347 valid=1 mode=tracking state=TRACKING evaluated=807 execution_us=53695 reason=tracking_pose_accepted
x=2.95003 y=1.4501 yaw=-0.0575279 score=0.989496 valid=1 mode=tracking state=TRACKING evaluated=807 execution_us=58147 reason=tracking_pose_accepted
x=2.95003 y=1.4501 yaw=-0.0584621 score=0.989744 valid=1 mode=tracking state=TRACKING evaluated=807 execution_us=58132 reason=tracking_pose_accepted
x=2.95003 y=1.4501 yaw=-0.0593963 score=0.98977 valid=1 mode=tracking state=TRACKING evaluated=807 execution_us=59095 reason=tracking_pose_accepted
x=2.95003 y=1.4501 yaw=-0.0603305 score=0.990372 valid=1 mode=tracking state=TRACKING evaluated=807 execution_us=58757 reason=tracking_pose_accepted
x=2.95003 y=1.4501 yaw=-0.0612646 score=0.988145 valid=1 mode=tracking state=TRACKING evaluated=807 execution_us=58560 reason=tracking_pose_accepted
x=2.95003 y=1.4501 yaw=-0.0621988 score=0.990246 valid=1 mode=tracking state=TRACKING evaluated=807 execution_us=56037 reason=tracking_pose_accepted
x=3.00003 y=1.4501 yaw=-0.0456797 score=0.990221 valid=1 mode=tracking state=TRACKING evaluated=807 execution_us=57084 reason=tracking_pose_accepted
x=3.00002 y=1.5001 yaw=-0.0117073 score=0.971493 valid=1 mode=tracking state=TRACKING evaluated=807 execution_us=55932 reason=tracking_pose_accepted
x=3.05002 y=1.5001 yaw=0.0397184 score=0.978938 valid=1 mode=tracking state=TRACKING evaluated=807 execution_us=56873 reason=tracking_pose_accepted
x=3.05002 y=1.5501 yaw=0.0562376 score=0.97813 valid=1 mode=tracking state=TRACKING evaluated=807 execution_us=56207 reason=tracking_pose_accepted
x=3.05002 y=1.6001 yaw=0.0378501 score=0.939447 valid=1 mode=tracking state=TRACKING evaluated=807 execution_us=56126 reason=tracking_pose_accepted
x=3.10002 y=1.7001 yaw=-0.0154439 score=0.960221 valid=1 mode=tracking state=TRACKING evaluated=807 execution_us=58946 reason=tracking_pose_accepted
x=3.10002 y=1.8001 yaw=-0.0687379 score=0.944241 valid=1 mode=tracking state=TRACKING evaluated=807 execution_us=58670 reason=tracking_pose_accepted
x=3.15002 y=1.8501 yaw=-0.139485 score=0.958403 valid=1 mode=tracking state=TRACKING evaluated=807 execution_us=59619 reason=tracking_pose_accepted
x=3.20002 y=1.9501 yaw=-0.175326 score=0.940431 valid=1 mode=tracking state=TRACKING evaluated=807 execution_us=58561 reason=tracking_pose_accepted
x=3.25002 y=2.0501 yaw=-0.193713 score=0.9193 valid=1 mode=tracking state=TRACKING evaluated=807 execution_us=59371 reason=tracking_pose_accepted
x=3.30002 y=2.1001 yaw=-0.212101 score=0.960774 valid=1 mode=tracking state=TRACKING evaluated=807 execution_us=65723 reason=tracking_pose_accepted
x=3.35002 y=2.2001 yaw=-0.195582 score=0.960478 valid=1 mode=tracking state=TRACKING evaluated=807 execution_us=57068 reason=tracking_pose_accepted
x=3.40002 y=2.2501 yaw=-0.179063 score=0.977635 valid=1 mode=tracking state=TRACKING evaluated=807 execution_us=57621 reason=tracking_pose_accepted
x=3.45002 y=2.3001 yaw=-0.162543 score=0.904122 valid=1 mode=tracking state=TRACKING evaluated=807 execution_us=58059 reason=tracking_pose_accepted
x=3.50002 y=2.4001 yaw=-0.0936645 score=0.96989 valid=1 mode=tracking state=TRACKING evaluated=807 execution_us=57791 reason=tracking_pose_accepted
x=3.55002 y=2.5001 yaw=-0.059692 score=0.976348 valid=1 mode=tracking state=TRACKING evaluated=789 execution_us=58239 reason=tracking_pose_accepted
x=3.60002 y=2.5501 yaw=-0.0431729 score=0.966739 valid=1 mode=tracking state=TRACKING evaluated=807 execution_us=65339 reason=tracking_pose_accepted
x=3.60002 y=2.6501 yaw=-0.0266537 score=0.963389 valid=1 mode=tracking state=TRACKING evaluated=789 execution_us=51037 reason=tracking_pose_accepted
x=3.65002 y=2.7001 yaw=-0.0624945 score=0.954917 valid=1 mode=tracking state=TRACKING evaluated=789 execution_us=50818 reason=tracking_pose_accepted
x=3.65002 y=2.8001 yaw=-0.0634286 score=0.968803 valid=1 mode=tracking state=TRACKING evaluated=807 execution_us=51029 reason=tracking_pose_accepted
x=3.70002 y=2.9001 yaw=-0.0992694 score=0.9543 valid=1 mode=tracking state=TRACKING evaluated=789 execution_us=50255 reason=tracking_pose_accepted
x=3.70002 y=2.9501 yaw=-0.100204 score=0.993242 valid=1 mode=tracking state=TRACKING evaluated=789 execution_us=52430 reason=tracking_pose_accepted
x=3.70002 y=3.0501 yaw=-0.0836844 score=0.990764 valid=1 mode=tracking state=TRACKING evaluated=789 execution_us=57709 reason=tracking_pose_accepted
x=3.75002 y=3.1001 yaw=-0.0671653 score=0.981696 valid=1 mode=tracking state=TRACKING evaluated=789 execution_us=58105 reason=tracking_pose_accepted
x=3.70002 y=3.2001 yaw=-0.0506462 score=0.992084 valid=1 mode=tracking state=TRACKING evaluated=807 execution_us=56748 reason=tracking_pose_accepted
x=3.70002 y=3.2501 yaw=-0.034127 score=0.976408 valid=1 mode=tracking state=TRACKING evaluated=789 execution_us=54840 reason=tracking_pose_accepted
x=3.70002 y=3.3501 yaw=-0.0525145 score=0.973615 valid=1 mode=tracking state=TRACKING evaluated=789 execution_us=55799 reason=tracking_pose_accepted
x=3.65002 y=3.4001 yaw=-0.105809 score=0.993636 valid=1 mode=tracking state=TRACKING evaluated=789 execution_us=55446 reason=tracking_pose_accepted
x=3.65002 y=3.4501 yaw=-0.124196 score=0.981087 valid=1 mode=tracking state=TRACKING evaluated=807 execution_us=53361 reason=tracking_pose_accepted
x=3.60002 y=3.5001 yaw=-0.160037 score=0.993752 valid=1 mode=tracking state=TRACKING evaluated=807 execution_us=54646 reason=tracking_pose_accepted
x=3.60002 y=3.5501 yaw=-0.160971 score=0.986507 valid=1 mode=tracking state=TRACKING evaluated=789 execution_us=53706 reason=tracking_pose_accepted
x=3.55002 y=3.6001 yaw=-0.179358 score=0.988904 valid=1 mode=tracking state=TRACKING evaluated=807 execution_us=55193 reason=tracking_pose_accepted
x=3.55002 y=3.6501 yaw=-0.197746 score=0.995173 valid=1 mode=tracking state=TRACKING evaluated=789 execution_us=55142 reason=tracking_pose_accepted
x=3.55002 y=3.6501 yaw=-0.163773 score=0.981947 valid=1 mode=tracking state=TRACKING evaluated=807 execution_us=60069 reason=tracking_pose_accepted
x=3.55002 y=3.7001 yaw=-0.0948943 score=0.974293 valid=1 mode=tracking state=TRACKING evaluated=807 execution_us=61475 reason=tracking_pose_accepted
x=3.50002 y=3.7501 yaw=-0.0434686 score=0.980818 valid=1 mode=tracking state=TRACKING evaluated=789 execution_us=59716 reason=tracking_pose_accepted
x=3.45002 y=3.7501 yaw=-0.00949614 score=0.982601 valid=1 mode=tracking state=TRACKING evaluated=807 execution_us=60864 reason=tracking_pose_accepted
x=3.45002 y=3.8001 yaw=-0.0104303 score=0.974617 valid=1 mode=tracking state=TRACKING evaluated=789 execution_us=59235 reason=tracking_pose_accepted
x=3.40002 y=3.8001 yaw=-0.0811776 score=0.992628 valid=1 mode=tracking state=TRACKING evaluated=789 execution_us=59677 reason=tracking_pose_accepted
x=3.40002 y=3.8001 yaw=-0.0995651 score=0.983237 valid=1 mode=tracking state=TRACKING evaluated=807 execution_us=56404 reason=tracking_pose_accepted
x=3.35002 y=3.8501 yaw=-0.100499 score=0.977352 valid=1 mode=tracking state=TRACKING evaluated=789 execution_us=55890 reason=tracking_pose_accepted
x=3.35002 y=3.8501 yaw=-0.101433 score=0.988508 valid=1 mode=tracking state=TRACKING evaluated=789 execution_us=56247 reason=tracking_pose_accepted
x=3.35002 y=3.8501 yaw=-0.0849143 score=0.991529 valid=1 mode=tracking state=TRACKING evaluated=807 execution_us=59405 reason=tracking_pose_accepted
x=3.35002 y=3.8501 yaw=-0.0683952 score=0.982868 valid=1 mode=tracking state=TRACKING evaluated=807 execution_us=58031 reason=tracking_pose_accepted
x=3.30002 y=3.8501 yaw=-0.051876 score=0.983818 valid=1 mode=tracking state=TRACKING evaluated=831 execution_us=59032 reason=tracking_pose_accepted
x=3.30002 y=3.8501 yaw=-0.0528102 score=0.97994 valid=1 mode=tracking state=TRACKING evaluated=807 execution_us=62187 reason=tracking_pose_accepted
x=3.30002 y=3.8501 yaw=-0.0537444 score=0.977376 valid=1 mode=tracking state=TRACKING evaluated=789 execution_us=50323 reason=tracking_pose_accepted
x=3.35002 y=3.8501 yaw=-0.0546786 score=0.9772 valid=1 mode=tracking state=TRACKING evaluated=789 execution_us=50397 reason=tracking_pose_accepted
x=3.35002 y=3.8501 yaw=-0.073066 score=0.978017 valid=1 mode=tracking state=TRACKING evaluated=807 execution_us=51869 reason=tracking_pose_accepted
x=3.35002 y=3.8501 yaw=-0.0740002 score=0.976653 valid=1 mode=tracking state=TRACKING evaluated=789 execution_us=50550 reason=tracking_pose_accepted
x=3.35002 y=3.8501 yaw=-0.0574811 score=0.984917 valid=1 mode=tracking state=TRACKING evaluated=789 execution_us=58562 reason=tracking_pose_accepted
x=3.35002 y=3.8501 yaw=-0.0584152 score=0.982824 valid=1 mode=tracking state=TRACKING evaluated=789 execution_us=57950 reason=tracking_pose_accepted
x=3.35002 y=3.8501 yaw=-0.0593494 score=0.984536 valid=1 mode=tracking state=TRACKING evaluated=789 execution_us=58318 reason=tracking_pose_accepted
x=3.35002 y=3.8501 yaw=-0.0777369 score=0.98733 valid=1 mode=tracking state=TRACKING evaluated=789 execution_us=59478 reason=tracking_pose_accepted
x=3.35002 y=3.8501 yaw=-0.0786711 score=0.988933 valid=1 mode=tracking state=TRACKING evaluated=789 execution_us=58822 reason=tracking_pose_accepted
x=3.35002 y=3.8501 yaw=-0.0796052 score=0.983626 valid=1 mode=tracking state=TRACKING evaluated=789 execution_us=59318 reason=tracking_pose_accepted
x=3.35002 y=3.8501 yaw=-0.0805394 score=0.98211 valid=1 mode=tracking state=TRACKING evaluated=789 execution_us=51816 reason=tracking_pose_accepted
x=3.35002 y=3.8501 yaw=-0.0640203 score=0.980342 valid=1 mode=tracking state=TRACKING evaluated=789 execution_us=53167 reason=tracking_pose_accepted
x=3.35002 y=3.8501 yaw=-0.0824078 score=0.979533 valid=1 mode=tracking state=TRACKING evaluated=789 execution_us=53079 reason=tracking_pose_accepted
x=3.35002 y=3.8501 yaw=-0.0658886 score=0.98393 valid=1 mode=tracking state=TRACKING evaluated=789 execution_us=53407 reason=tracking_pose_accepted
x=3.35002 y=3.8501 yaw=-0.0668228 score=0.981608 valid=1 mode=tracking state=TRACKING evaluated=807 execution_us=54392 reason=tracking_pose_accepted
x=3.35002 y=3.8501 yaw=-0.067757 score=0.982868 valid=1 mode=tracking state=TRACKING evaluated=789 execution_us=53868 reason=tracking_pose_accepted
x=3.35002 y=3.8501 yaw=-0.0686911 score=0.979078 valid=1 mode=tracking state=TRACKING evaluated=789 execution_us=57315 reason=tracking_pose_accepted
x=3.35002 y=3.8501 yaw=-0.0696253 score=0.97994 valid=1 mode=tracking state=TRACKING evaluated=789 execution_us=59494 reason=tracking_pose_accepted
x=3.35002 y=3.8501 yaw=-0.0705595 score=0.978637 valid=1 mode=tracking state=TRACKING evaluated=789 execution_us=58634 reason=tracking_pose_accepted
x=3.35002 y=3.8501 yaw=-0.0540404 score=0.98632 valid=1 mode=tracking state=TRACKING evaluated=789 execution_us=58094 reason=tracking_pose_accepted
x=3.35002 y=3.8501 yaw=-0.0549746 score=0.979685 valid=1 mode=tracking state=TRACKING evaluated=789 execution_us=58119 reason=tracking_pose_accepted
x=3.35002 y=3.8501 yaw=-0.0559088 score=0.986016 valid=1 mode=tracking state=TRACKING evaluated=807 execution_us=65201 reason=tracking_pose_accepted
x=3.35002 y=3.8501 yaw=-0.0568429 score=0.987232 valid=1 mode=tracking state=TRACKING evaluated=789 execution_us=54811 reason=tracking_pose_accepted
x=3.35001 y=3.8501 yaw=-0.0752304 score=0.977317 valid=1 mode=tracking state=TRACKING evaluated=807 execution_us=56493 reason=tracking_pose_accepted
x=3.35001 y=3.8501 yaw=-0.0587113 score=0.97832 valid=1 mode=tracking state=TRACKING evaluated=807 execution_us=56593 reason=tracking_pose_accepted
x=3.35001 y=3.8501 yaw=-0.0770987 score=0.982475 valid=1 mode=tracking state=TRACKING evaluated=789 execution_us=55225 reason=tracking_pose_accepted
x=3.35001 y=3.8501 yaw=-0.0780329 score=0.989318 valid=1 mode=tracking state=TRACKING evaluated=789 execution_us=56504 reason=tracking_pose_accepted
x=3.35001 y=3.8501 yaw=-0.0615138 score=0.986159 valid=1 mode=tracking state=TRACKING evaluated=789 execution_us=59084 reason=tracking_pose_accepted
x=3.35001 y=3.8501 yaw=-0.0449946 score=0.984465 valid=1 mode=tracking state=TRACKING evaluated=789 execution_us=59960 reason=tracking_pose_accepted
x=3.35001 y=3.8501 yaw=-0.0633821 score=0.982868 valid=1 mode=tracking state=TRACKING evaluated=789 execution_us=60312 reason=tracking_pose_accepted
x=3.35001 y=3.8501 yaw=-0.0643162 score=0.989968 valid=1 mode=tracking state=TRACKING evaluated=789 execution_us=59987 reason=tracking_pose_accepted
x=3.35001 y=3.8501 yaw=-0.0477971 score=0.991985 valid=1 mode=tracking state=TRACKING evaluated=789 execution_us=60915 reason=tracking_pose_accepted
x=3.35001 y=3.8501 yaw=-0.0661846 score=0.985446 valid=1 mode=tracking state=TRACKING evaluated=789 execution_us=50553 reason=tracking_pose_accepted
x=3.35001 y=3.8501 yaw=-0.0671187 score=0.982459 valid=1 mode=tracking state=TRACKING evaluated=789 execution_us=57300 reason=tracking_pose_accepted
x=3.35001 y=3.8501 yaw=-0.0505996 score=0.983172 valid=1 mode=tracking state=TRACKING evaluated=831 execution_us=60402 reason=tracking_pose_accepted
x=3.35001 y=3.85009 yaw=-0.0689871 score=0.986962 valid=1 mode=tracking state=TRACKING evaluated=807 execution_us=58625 reason=tracking_pose_accepted
x=3.35001 y=3.85009 yaw=-0.0524679 score=0.988839 valid=1 mode=tracking state=TRACKING evaluated=789 execution_us=58142 reason=tracking_pose_accepted
x=3.35001 y=3.85009 yaw=-0.0534021 score=0.99276 valid=1 mode=tracking state=TRACKING evaluated=789 execution_us=58652 reason=tracking_pose_accepted
x=3.35001 y=3.85009 yaw=-0.0543363 score=0.991314 valid=1 mode=tracking state=TRACKING evaluated=789 execution_us=57272 reason=tracking_pose_accepted
x=3.35001 y=3.85009 yaw=-0.0378172 score=0.984456 valid=1 mode=tracking state=TRACKING evaluated=789 execution_us=51480 reason=tracking_pose_accepted
x=3.35001 y=3.85009 yaw=-0.0562046 score=0.983128 valid=1 mode=tracking state=TRACKING evaluated=789 execution_us=52377 reason=tracking_pose_accepted
x=3.35001 y=3.85009 yaw=-0.0571388 score=0.981352 valid=1 mode=tracking state=TRACKING evaluated=807 execution_us=53209 reason=tracking_pose_accepted
x=3.30001 y=3.85009 yaw=-0.0580729 score=0.977411 valid=1 mode=tracking state=TRACKING evaluated=789 execution_us=53265 reason=tracking_pose_accepted
x=3.35001 y=3.85009 yaw=-0.0590071 score=0.978472 valid=1 mode=tracking state=TRACKING evaluated=807 execution_us=53957 reason=tracking_pose_accepted
x=3.35001 y=3.85009 yaw=-0.042488 score=0.983669 valid=1 mode=tracking state=TRACKING evaluated=807 execution_us=60360 reason=tracking_pose_accepted
x=3.35001 y=3.85009 yaw=-0.0608755 score=0.984496 valid=1 mode=tracking state=TRACKING evaluated=789 execution_us=60237 reason=tracking_pose_accepted
x=3.35001 y=3.85009 yaw=-0.0443563 score=0.986894 valid=1 mode=tracking state=TRACKING evaluated=789 execution_us=56484 reason=tracking_pose_accepted
x=3.35001 y=3.85009 yaw=-0.0452905 score=0.981098 valid=1 mode=tracking state=TRACKING evaluated=789 execution_us=56792 reason=tracking_pose_accepted
x=3.35001 y=3.85009 yaw=-0.063678 score=0.979374 valid=1 mode=tracking state=TRACKING evaluated=807 execution_us=58585 reason=tracking_pose_accepted
x=3.35001 y=3.85009 yaw=-0.0471588 score=0.982717 valid=1 mode=tracking state=TRACKING evaluated=807 execution_us=58197 reason=tracking_pose_accepted
x=3.35001 y=3.85009 yaw=-0.048093 score=0.984496 valid=1 mode=tracking state=TRACKING evaluated=789 execution_us=54000 reason=tracking_pose_accepted
x=3.35001 y=3.85009 yaw=-0.0490272 score=0.986088 valid=1 mode=tracking state=TRACKING evaluated=789 execution_us=54676 reason=tracking_pose_accepted
x=3.35001 y=3.85009 yaw=-0.0499613 score=0.986124 valid=1 mode=tracking state=TRACKING evaluated=789 execution_us=54894 reason=tracking_pose_accepted
x=3.35001 y=3.85009 yaw=-0.0508955 score=0.983669 valid=1 mode=tracking state=TRACKING evaluated=789 execution_us=55661 reason=tracking_pose_accepted
x=3.35001 y=3.85009 yaw=-0.0518297 score=0.981345 valid=1 mode=tracking state=TRACKING evaluated=789 execution_us=55203 reason=tracking_pose_accepted
x=3.35001 y=3.85009 yaw=-0.0527639 score=0.982322 valid=1 mode=tracking state=TRACKING evaluated=789 execution_us=54809 reason=tracking_pose_accepted
x=3.35001 y=3.85009 yaw=-0.0536981 score=0.984233 valid=1 mode=tracking state=TRACKING evaluated=789 execution_us=59199 reason=tracking_pose_accepted
x=3.35001 y=3.85009 yaw=-0.0546323 score=0.981959 valid=1 mode=tracking state=TRACKING evaluated=789 execution_us=59215 reason=tracking_pose_accepted
x=3.35001 y=3.85009 yaw=-0.0555664 score=0.981959 valid=1 mode=tracking state=TRACKING evaluated=789 execution_us=59708 reason=tracking_pose_accepted
x=3.35001 y=3.85009 yaw=-0.0565006 score=0.980543 valid=1 mode=tracking state=TRACKING evaluated=789 execution_us=50028 reason=tracking_pose_accepted
x=3.35001 y=3.85009 yaw=-0.0574348 score=0.980493 valid=1 mode=tracking state=TRACKING evaluated=789 execution_us=59976 reason=tracking_pose_accepted
x=3.35001 y=3.85009 yaw=-0.058369 score=0.981656 valid=1 mode=tracking state=TRACKING evaluated=789 execution_us=60489 reason=tracking_pose_accepted
x=3.35001 y=3.85009 yaw=-0.0593032 score=0.980443 valid=1 mode=tracking state=TRACKING evaluated=789 execution_us=56462 reason=tracking_pose_accepted
x=3.35001 y=3.85009 yaw=-0.0427841 score=0.983971 valid=1 mode=tracking state=TRACKING evaluated=789 execution_us=56699 reason=tracking_pose_accepted
x=3.35001 y=3.85009 yaw=-0.0437182 score=0.984839 valid=1 mode=tracking state=TRACKING evaluated=789 execution_us=57547 reason=tracking_pose_accepted
x=3.35001 y=3.85009 yaw=-0.0446524 score=0.982627 valid=1 mode=tracking state=TRACKING evaluated=807 execution_us=57476 reason=tracking_pose_accepted
x=3.35001 y=3.85009 yaw=-0.0455866 score=0.982322 valid=1 mode=tracking state=TRACKING evaluated=789 execution_us=56878 reason=tracking_pose_accepted
x=3.35001 y=3.85009 yaw=-0.0465208 score=0.984917 valid=1 mode=tracking state=TRACKING evaluated=789 execution_us=64837 reason=tracking_pose_accepted
x=3.35001 y=3.85009 yaw=-0.047455 score=0.986624 valid=1 mode=tracking state=TRACKING evaluated=789 execution_us=50836 reason=tracking_pose_accepted
x=3.35001 y=3.85009 yaw=-0.0483892 score=0.986693 valid=1 mode=tracking state=TRACKING evaluated=789 execution_us=51608 reason=tracking_pose_accepted
x=3.35001 y=3.85009 yaw=-0.0493233 score=0.982565 valid=1 mode=tracking state=TRACKING evaluated=789 execution_us=51678 reason=tracking_pose_accepted
x=3.35001 y=3.85009 yaw=-0.0502575 score=0.984917 valid=1 mode=tracking state=TRACKING evaluated=789 execution_us=51920 reason=tracking_pose_accepted
x=3.35001 y=3.85009 yaw=-0.0511917 score=0.983366 valid=1 mode=tracking state=TRACKING evaluated=789 execution_us=52874 reason=tracking_pose_accepted
x=3.35001 y=3.85009 yaw=-0.0521259 score=0.981098 valid=1 mode=tracking state=TRACKING evaluated=789 execution_us=58970 reason=tracking_pose_accepted
x=3.35001 y=3.85009 yaw=-0.0530601 score=0.982565 valid=1 mode=tracking state=TRACKING evaluated=789 execution_us=58819 reason=tracking_pose_accepted
x=3.35001 y=3.85009 yaw=-0.0539943 score=0.982824 valid=1 mode=tracking state=TRACKING evaluated=789 execution_us=59026 reason=tracking_pose_accepted
x=3.35001 y=3.85009 yaw=-0.0549284 score=0.980696 valid=1 mode=tracking state=TRACKING evaluated=789 execution_us=58827 reason=tracking_pose_accepted
x=3.35001 y=3.85009 yaw=-0.0558626 score=0.980696 valid=1 mode=tracking state=TRACKING evaluated=789 execution_us=59416 reason=tracking_pose_accepted
x=3.35001 y=3.85009 yaw=-0.0567968 score=0.981608 valid=1 mode=tracking state=TRACKING evaluated=789 execution_us=56770 reason=tracking_pose_accepted
x=3.35001 y=3.85009 yaw=-0.057731 score=0.981049 valid=1 mode=tracking state=TRACKING evaluated=789 execution_us=53412 reason=tracking_pose_accepted
x=3.35001 y=3.85009 yaw=-0.0586652 score=0.981448 valid=1 mode=tracking state=TRACKING evaluated=789 execution_us=54469 reason=tracking_pose_accepted
x=3.35001 y=3.85009 yaw=-0.0421461 score=0.985066 valid=1 mode=tracking state=TRACKING evaluated=789 execution_us=53503 reason=tracking_pose_accepted
x=3.35001 y=3.85009 yaw=-0.0430802 score=0.982912 valid=1 mode=tracking state=TRACKING evaluated=789 execution_us=53957 reason=tracking_pose_accepted
x=3.35001 y=3.85009 yaw=-0.0440144 score=0.983323 valid=1 mode=tracking state=TRACKING evaluated=807 execution_us=55980 reason=tracking_pose_accepted
x=3.35001 y=3.85009 yaw=-0.0449486 score=0.985749 valid=1 mode=tracking state=TRACKING evaluated=807 execution_us=62102 reason=tracking_pose_accepted
x=3.35001 y=3.85009 yaw=-0.0458828 score=0.98261 valid=1 mode=tracking state=TRACKING evaluated=789 execution_us=58072 reason=tracking_pose_accepted
x=3.35001 y=3.85009 yaw=-0.046817 score=0.985446 valid=1 mode=tracking state=TRACKING evaluated=807 execution_us=59576 reason=tracking_pose_accepted
x=3.35001 y=3.85009 yaw=-0.0477511 score=0.986052 valid=1 mode=tracking state=TRACKING evaluated=789 execution_us=58414 reason=tracking_pose_accepted
x=3.35001 y=3.85009 yaw=-0.0486853 score=0.985822 valid=1 mode=tracking state=TRACKING evaluated=789 execution_us=59241 reason=tracking_pose_accepted
x=3.35001 y=3.85009 yaw=-0.0496195 score=0.983669 valid=1 mode=tracking state=TRACKING evaluated=789 execution_us=58966 reason=tracking_pose_accepted
x=3.35001 y=3.85009 yaw=-0.0505537 score=0.985181 valid=1 mode=tracking state=TRACKING evaluated=789 execution_us=55715 reason=tracking_pose_accepted
x=3.35001 y=3.85009 yaw=-0.0514879 score=0.984839 valid=1 mode=tracking state=TRACKING evaluated=789 execution_us=56130 reason=tracking_pose_accepted
x=3.35001 y=3.85009 yaw=-0.0524221 score=0.981 valid=1 mode=tracking state=TRACKING evaluated=789 execution_us=55377 reason=tracking_pose_accepted
x=3.35001 y=3.85009 yaw=-0.0533562 score=0.981959 valid=1 mode=tracking state=TRACKING evaluated=789 execution_us=55998 reason=tracking_pose_accepted
x=3.35001 y=3.85009 yaw=-0.0542904 score=0.981049 valid=1 mode=tracking state=TRACKING evaluated=789 execution_us=55965 reason=tracking_pose_accepted
x=3.35001 y=3.85009 yaw=-0.0552246 score=0.981098 valid=1 mode=tracking state=TRACKING evaluated=789 execution_us=56117 reason=tracking_pose_accepted
x=3.35001 y=3.85009 yaw=-0.0736121 score=0.981304 valid=1 mode=tracking state=TRACKING evaluated=789 execution_us=59497 reason=tracking_pose_accepted
x=3.35001 y=3.85009 yaw=-0.0570929 score=0.979888 valid=1 mode=tracking state=TRACKING evaluated=789 execution_us=60550 reason=tracking_pose_accepted
x=3.35001 y=3.85009 yaw=-0.0580271 score=0.980443 valid=1 mode=tracking state=TRACKING evaluated=831 execution_us=62596 reason=tracking_pose_accepted
x=3.35001 y=3.85009 yaw=-0.041508 score=0.981098 valid=1 mode=tracking state=TRACKING evaluated=789 execution_us=61362 reason=tracking_pose_accepted
x=3.35001 y=3.85009 yaw=-0.0424422 score=0.981854 valid=1 mode=tracking state=TRACKING evaluated=789 execution_us=50396 reason=tracking_pose_accepted
x=3.35001 y=3.85009 yaw=-0.0433763 score=0.981513 valid=1 mode=tracking state=TRACKING evaluated=807 execution_us=51009 reason=tracking_pose_accepted
x=3.35001 y=3.85009 yaw=-0.0443105 score=0.984504 valid=1 mode=tracking state=TRACKING evaluated=789 execution_us=58766 reason=tracking_pose_accepted
x=3.35001 y=3.85009 yaw=-0.0452447 score=0.982824 valid=1 mode=tracking state=TRACKING evaluated=807 execution_us=58208 reason=tracking_pose_accepted
x=3.35001 y=3.85009 yaw=-0.0461789 score=0.986052 valid=1 mode=tracking state=TRACKING evaluated=807 execution_us=59058 reason=tracking_pose_accepted
x=3.35001 y=3.85009 yaw=-0.0471131 score=0.986659 valid=1 mode=tracking state=TRACKING evaluated=789 execution_us=59214 reason=tracking_pose_accepted
x=3.35001 y=3.85009 yaw=-0.0480473 score=0.981448 valid=1 mode=tracking state=TRACKING evaluated=789 execution_us=58419 reason=tracking_pose_accepted
x=3.35001 y=3.85009 yaw=-0.0489814 score=0.980191 valid=1 mode=tracking state=TRACKING evaluated=807 execution_us=66619 reason=tracking_pose_accepted
x=3.35001 y=3.85009 yaw=-0.0499156 score=0.981959 valid=1 mode=tracking state=TRACKING evaluated=807 execution_us=51977 reason=tracking_pose_accepted
x=3.35001 y=3.85009 yaw=-0.0508498 score=0.983172 valid=1 mode=tracking state=TRACKING evaluated=807 execution_us=52726 reason=tracking_pose_accepted
x=3.35001 y=3.85009 yaw=-0.051784 score=0.982005 valid=1 mode=tracking state=TRACKING evaluated=789 execution_us=53007 reason=tracking_pose_accepted
x=3.35001 y=3.85009 yaw=-0.0527182 score=0.981959 valid=1 mode=tracking state=TRACKING evaluated=789 execution_us=52026 reason=tracking_pose_accepted
x=3.35001 y=3.85009 yaw=-0.0536524 score=0.98175 valid=1 mode=tracking state=TRACKING evaluated=789 execution_us=52894 reason=tracking_pose_accepted
x=3.35001 y=3.85009 yaw=-0.0545865 score=0.980191 valid=1 mode=tracking state=TRACKING evaluated=789 execution_us=57386 reason=tracking_pose_accepted
x=3.35001 y=3.85009 yaw=-0.0555207 score=0.981656 valid=1 mode=tracking state=TRACKING evaluated=789 execution_us=56468 reason=tracking_pose_accepted
x=3.35001 y=3.85009 yaw=-0.0564549 score=0.981352 valid=1 mode=tracking state=TRACKING evaluated=789 execution_us=57469 reason=tracking_pose_accepted
x=3.35001 y=3.85009 yaw=-0.0573891 score=0.981049 valid=1 mode=tracking state=TRACKING evaluated=789 execution_us=57585 reason=tracking_pose_accepted
x=3.35001 y=3.85009 yaw=-0.0583233 score=0.981098 valid=1 mode=tracking state=TRACKING evaluated=789 execution_us=57676 reason=tracking_pose_accepted
x=3.35001 y=3.85009 yaw=-0.0418042 score=0.981959 valid=1 mode=tracking state=TRACKING evaluated=789 execution_us=58491 reason=tracking_pose_accepted
x=3.35001 y=3.85009 yaw=-0.0601916 score=0.980746 valid=1 mode=tracking state=TRACKING evaluated=789 execution_us=54679 reason=tracking_pose_accepted
x=3.35001 y=3.85009 yaw=-0.0436725 score=0.982932 valid=1 mode=tracking state=TRACKING evaluated=807 execution_us=55562 reason=tracking_pose_accepted
x=3.35001 y=3.85009 yaw=-0.0446066 score=0.982308 valid=1 mode=tracking state=TRACKING evaluated=789 execution_us=56380 reason=tracking_pose_accepted
x=3.35001 y=3.85009 yaw=-0.0455408 score=0.985446 valid=1 mode=tracking state=TRACKING evaluated=807 execution_us=55668 reason=tracking_pose_accepted
x=3.35001 y=3.85009 yaw=-0.046475 score=0.986659 valid=1 mode=tracking state=TRACKING evaluated=789 execution_us=55247 reason=tracking_pose_accepted
x=3.35001 y=3.85009 yaw=-0.0474092 score=0.984761 valid=1 mode=tracking state=TRACKING evaluated=789 execution_us=58657 reason=tracking_pose_accepted
x=3.35 y=3.85009 yaw=-0.0483434 score=0.981959 valid=1 mode=tracking state=TRACKING evaluated=807 execution_us=60601 reason=tracking_pose_accepted
x=3.35 y=3.85009 yaw=-0.0492776 score=0.98393 valid=1 mode=tracking state=TRACKING evaluated=807 execution_us=61283 reason=tracking_pose_accepted
x=3.35 y=3.85009 yaw=-0.0502117 score=0.985638 valid=1 mode=tracking state=TRACKING evaluated=789 execution_us=59310 reason=tracking_pose_accepted
x=3.35 y=3.85009 yaw=-0.0511459 score=0.980696 valid=1 mode=tracking state=TRACKING evaluated=789 execution_us=59781 reason=tracking_pose_accepted
x=3.35 y=3.85009 yaw=-0.0520801 score=0.983432 valid=1 mode=tracking state=TRACKING evaluated=789 execution_us=60429 reason=tracking_pose_accepted
x=3.35 y=3.85009 yaw=-0.0530143 score=0.982051 valid=1 mode=tracking state=TRACKING evaluated=789 execution_us=56757 reason=tracking_pose_accepted
x=3.35 y=3.85009 yaw=-0.0539485 score=0.981352 valid=1 mode=tracking state=TRACKING evaluated=789 execution_us=56839 reason=tracking_pose_accepted
x=3.35 y=3.85009 yaw=-0.0548827 score=0.984012 valid=1 mode=tracking state=TRACKING evaluated=789 execution_us=57452 reason=tracking_pose_accepted
x=3.35 y=3.85009 yaw=-0.0558168 score=0.981304 valid=1 mode=tracking state=TRACKING evaluated=789 execution_us=57099 reason=tracking_pose_accepted
x=3.35 y=3.85009 yaw=-0.0742043 score=0.982582 valid=1 mode=tracking state=TRACKING evaluated=789 execution_us=57506 reason=tracking_pose_accepted
x=3.35 y=3.85009 yaw=-0.0751385 score=0.983172 valid=1 mode=tracking state=TRACKING evaluated=789 execution_us=57517 reason=tracking_pose_accepted
x=3.35 y=3.85009 yaw=-0.0760726 score=0.982606 valid=1 mode=tracking state=TRACKING evaluated=789 execution_us=50274 reason=tracking_pose_accepted
x=3.35 y=3.85009 yaw=-0.0421003 score=0.981098 valid=1 mode=tracking state=TRACKING evaluated=789 execution_us=51928 reason=tracking_pose_accepted
x=3.35 y=3.90009 yaw=-0.0604877 score=0.989968 valid=1 mode=tracking state=TRACKING evaluated=807 execution_us=52258 reason=tracking_pose_accepted
x=3.4 y=3.90009 yaw=-0.0439685 score=0.97947 valid=1 mode=tracking state=TRACKING evaluated=789 execution_us=52061 reason=tracking_pose_accepted
x=3.45 y=3.95009 yaw=-0.0798093 score=0.980191 valid=1 mode=tracking state=TRACKING evaluated=807 execution_us=53250 reason=tracking_pose_accepted
x=3.5 y=3.95009 yaw=-0.0981967 score=0.978281 valid=1 mode=tracking state=TRACKING evaluated=831 execution_us=53975 reason=tracking_pose_accepted
x=3.55 y=4.00009 yaw=-0.151491 score=0.980845 valid=1 mode=tracking state=TRACKING evaluated=807 execution_us=60645 reason=tracking_pose_accepted
x=3.65 y=4.05009 yaw=-0.222238 score=0.960684 valid=1 mode=tracking state=TRACKING evaluated=789 execution_us=58692 reason=tracking_pose_accepted
x=3.75 y=4.05009 yaw=-0.240626 score=0.974246 valid=1 mode=tracking state=TRACKING evaluated=789 execution_us=58716 reason=tracking_pose_accepted
x=3.8 y=4.1001 yaw=-0.24156 score=0.975554 valid=1 mode=tracking state=TRACKING evaluated=789 execution_us=59609 reason=tracking_pose_accepted
x=3.85 y=4.1501 yaw=-0.225041 score=0.975119 valid=1 mode=tracking state=TRACKING evaluated=807 execution_us=57579 reason=tracking_pose_accepted
x=3.85 y=4.1501 yaw=-0.191068 score=0.990034 valid=1 mode=tracking state=TRACKING evaluated=789 execution_us=53981 reason=tracking_pose_accepted
x=3.9 y=4.2001 yaw=-0.174549 score=0.987616 valid=1 mode=tracking state=TRACKING evaluated=789 execution_us=53887 reason=tracking_pose_accepted
x=3.9 y=4.2501 yaw=-0.15803 score=0.989403 valid=1 mode=tracking state=TRACKING evaluated=807 execution_us=54545 reason=tracking_pose_accepted
x=3.9 y=4.3001 yaw=-0.158964 score=0.983475 valid=1 mode=tracking state=TRACKING evaluated=789 execution_us=54085 reason=tracking_pose_accepted
x=3.9 y=4.3001 yaw=-0.159898 score=0.98943 valid=1 mode=tracking state=TRACKING evaluated=789 execution_us=53950 reason=tracking_pose_accepted
x=3.9 y=4.3001 yaw=-0.143379 score=0.979567 valid=1 mode=tracking state=TRACKING evaluated=789 execution_us=53164 reason=tracking_pose_accepted
x=3.95 y=4.3501 yaw=-0.109407 score=0.980443 valid=1 mode=tracking state=TRACKING evaluated=789 execution_us=58301 reason=tracking_pose_accepted
x=3.95 y=4.3501 yaw=-0.110341 score=0.984069 valid=1 mode=tracking state=TRACKING evaluated=807 execution_us=58884 reason=tracking_pose_accepted
x=3.95 y=4.4001 yaw=-0.0763684 score=0.990247 valid=1 mode=tracking state=TRACKING evaluated=789 execution_us=58156 reason=tracking_pose_accepted
x=3.95 y=4.4001 yaw=-0.0598492 score=0.989736 valid=1 mode=tracking state=TRACKING evaluated=789 execution_us=58916 reason=tracking_pose_accepted
x=3.95 y=4.4001 yaw=-0.0607834 score=0.992321 valid=1 mode=tracking state=TRACKING evaluated=789 execution_us=58171 reason=tracking_pose_accepted
x=3.95 y=4.4001 yaw=-0.0617176 score=0.992014 valid=1 mode=tracking state=TRACKING evaluated=789 execution_us=58512 reason=tracking_pose_accepted
x=3.95 y=4.4501 yaw=-0.0626518 score=0.992321 valid=1 mode=tracking state=TRACKING evaluated=789 execution_us=55277 reason=tracking_pose_accepted
x=3.95 y=4.4501 yaw=-0.063586 score=0.988266 valid=1 mode=tracking state=TRACKING evaluated=789 execution_us=46013 reason=tracking_pose_accepted
x=3.95 y=4.4501 yaw=-0.0819734 score=0.986776 valid=1 mode=tracking state=TRACKING evaluated=789 execution_us=55588 reason=tracking_pose_accepted
x=3.9 y=4.4501 yaw=-0.0829076 score=0.981464 valid=1 mode=tracking state=TRACKING evaluated=789 execution_us=55832 reason=tracking_pose_accepted
x=3.95 y=4.4501 yaw=-0.118748 score=0.985675 valid=1 mode=tracking state=TRACKING evaluated=789 execution_us=56595 reason=tracking_pose_accepted
x=3.95 y=4.4501 yaw=-0.102229 score=0.982824 valid=1 mode=tracking state=TRACKING evaluated=807 execution_us=61163 reason=tracking_pose_accepted
x=3.95 y=4.4501 yaw=-0.103163 score=0.994845 valid=1 mode=tracking state=TRACKING evaluated=789 execution_us=50390 reason=tracking_pose_accepted
x=3.95 y=4.4501 yaw=-0.104098 score=0.991792 valid=1 mode=tracking state=TRACKING evaluated=807 execution_us=51384 reason=tracking_pose_accepted
x=3.95 y=4.4501 yaw=-0.105032 score=0.989539 valid=1 mode=tracking state=TRACKING evaluated=789 execution_us=51514 reason=tracking_pose_accepted
x=3.95 y=4.4501 yaw=-0.0885126 score=0.982645 valid=1 mode=tracking state=TRACKING evaluated=789 execution_us=50478 reason=tracking_pose_accepted
x=3.95 y=4.4501 yaw=-0.0894468 score=0.988511 valid=1 mode=tracking state=TRACKING evaluated=789 execution_us=50818 reason=tracking_pose_accepted
x=3.95 y=4.4501 yaw=-0.090381 score=0.989863 valid=1 mode=tracking state=TRACKING evaluated=789 execution_us=58087 reason=tracking_pose_accepted
x=3.95 y=4.4501 yaw=-0.0913152 score=0.98217 valid=1 mode=tracking state=TRACKING evaluated=789 execution_us=58117 reason=tracking_pose_accepted
x=3.95 y=4.4501 yaw=-0.0922493 score=0.985907 valid=1 mode=tracking state=TRACKING evaluated=789 execution_us=58898 reason=tracking_pose_accepted
x=3.95 y=4.4501 yaw=-0.0757302 score=0.991792 valid=1 mode=tracking state=TRACKING evaluated=789 execution_us=59107 reason=tracking_pose_accepted
x=3.95 y=4.4501 yaw=-0.0766644 score=0.992321 valid=1 mode=tracking state=TRACKING evaluated=789 execution_us=58811 reason=tracking_pose_accepted
x=3.95 y=4.4501 yaw=-0.0775986 score=0.989124 valid=1 mode=tracking state=TRACKING evaluated=789 execution_us=60168 reason=tracking_pose_accepted
x=3.95 y=4.4501 yaw=-0.0785328 score=0.985791 valid=1 mode=tracking state=TRACKING evaluated=789 execution_us=52027 reason=tracking_pose_accepted
x=3.95 y=4.4501 yaw=-0.0620137 score=0.987656 valid=1 mode=tracking state=TRACKING evaluated=789 execution_us=51942 reason=tracking_pose_accepted
x=3.95 y=4.4501 yaw=-0.0629478 score=0.995733 valid=1 mode=tracking state=TRACKING evaluated=789 execution_us=53021 reason=tracking_pose_accepted
x=3.95 y=4.4501 yaw=-0.063882 score=0.985864 valid=1 mode=tracking state=TRACKING evaluated=789 execution_us=52701 reason=tracking_pose_accepted
x=3.95 y=4.4501 yaw=-0.0648162 score=0.98989 valid=1 mode=tracking state=TRACKING evaluated=789 execution_us=52779 reason=tracking_pose_accepted
x=3.95 y=4.4501 yaw=-0.0482971 score=0.993549 valid=1 mode=tracking state=TRACKING evaluated=789 execution_us=56893 reason=tracking_pose_accepted
x=3.95 y=4.4501 yaw=-0.0666845 score=0.987559 valid=1 mode=tracking state=TRACKING evaluated=789 execution_us=56398 reason=tracking_pose_accepted
x=3.95 y=4.4501 yaw=-0.0676187 score=0.988388 valid=1 mode=tracking state=TRACKING evaluated=789 execution_us=57634 reason=tracking_pose_accepted
x=3.95 y=4.4501 yaw=-0.0685529 score=0.988429 valid=1 mode=tracking state=TRACKING evaluated=789 execution_us=57180 reason=tracking_pose_accepted
x=3.95 y=4.4501 yaw=-0.0694871 score=0.988575 valid=1 mode=tracking state=TRACKING evaluated=789 execution_us=56547 reason=tracking_pose_accepted
x=3.95 y=4.4501 yaw=-0.0704212 score=0.989221 valid=1 mode=tracking state=TRACKING evaluated=789 execution_us=57606 reason=tracking_pose_accepted
x=3.95 y=4.4501 yaw=-0.0713554 score=0.988113 valid=1 mode=tracking state=TRACKING evaluated=807 execution_us=54830 reason=tracking_pose_accepted
x=3.95 y=4.4501 yaw=-0.0722896 score=0.989305 valid=1 mode=tracking state=TRACKING evaluated=789 execution_us=54040 reason=tracking_pose_accepted
x=3.95 y=4.4501 yaw=-0.0732238 score=0.992248 valid=1 mode=tracking state=TRACKING evaluated=789 execution_us=54634 reason=tracking_pose_accepted
x=3.95 y=4.4501 yaw=-0.0567047 score=0.995428 valid=1 mode=tracking state=TRACKING evaluated=789 execution_us=54512 reason=tracking_pose_accepted
x=3.95 y=4.4501 yaw=-0.0576389 score=0.993888 valid=1 mode=tracking state=TRACKING evaluated=789 execution_us=55209 reason=tracking_pose_accepted
x=3.95 y=4.4501 yaw=-0.058573 score=0.9945 valid=1 mode=tracking state=TRACKING evaluated=789 execution_us=58787 reason=tracking_pose_accepted
x=3.95 y=4.4501 yaw=-0.0595072 score=0.992552 valid=1 mode=tracking state=TRACKING evaluated=789 execution_us=59368 reason=tracking_pose_accepted
x=3.95 y=4.4501 yaw=-0.0604414 score=0.995766 valid=1 mode=tracking state=TRACKING evaluated=789 execution_us=60087 reason=tracking_pose_accepted
x=3.95 y=4.4501 yaw=-0.0613756 score=0.995428 valid=1 mode=tracking state=TRACKING evaluated=789 execution_us=59676 reason=tracking_pose_accepted
x=3.95 y=4.4501 yaw=-0.0623098 score=0.994485 valid=1 mode=tracking state=TRACKING evaluated=789 execution_us=59674 reason=tracking_pose_accepted
x=3.95 y=4.4501 yaw=-0.0632439 score=0.991336 valid=1 mode=tracking state=TRACKING evaluated=789 execution_us=60375 reason=tracking_pose_accepted
x=3.95 y=4.4501 yaw=-0.0641781 score=0.995085 valid=1 mode=tracking state=TRACKING evaluated=789 execution_us=55837 reason=tracking_pose_accepted
x=3.95 y=4.4501 yaw=-0.0651123 score=0.994819 valid=1 mode=tracking state=TRACKING evaluated=789 execution_us=57004 reason=tracking_pose_accepted
x=3.95 y=4.4501 yaw=-0.0660465 score=0.994792 valid=1 mode=tracking state=TRACKING evaluated=789 execution_us=56393 reason=tracking_pose_accepted
x=3.95 y=4.4501 yaw=-0.0669807 score=0.992188 valid=1 mode=tracking state=TRACKING evaluated=789 execution_us=56837 reason=tracking_pose_accepted
x=3.95 y=4.4501 yaw=-0.0679149 score=0.990986 valid=1 mode=tracking state=TRACKING evaluated=789 execution_us=58132 reason=tracking_pose_accepted
x=3.95 y=4.4501 yaw=-0.068849 score=0.988358 valid=1 mode=tracking state=TRACKING evaluated=789 execution_us=57230 reason=tracking_pose_accepted
x=3.95 y=4.4501 yaw=-0.0697832 score=0.991268 valid=1 mode=tracking state=TRACKING evaluated=789 execution_us=51023 reason=tracking_pose_accepted
x=3.95 y=4.4501 yaw=-0.0707174 score=0.991618 valid=1 mode=tracking state=TRACKING evaluated=789 execution_us=51266 reason=tracking_pose_accepted
x=3.95 y=4.4501 yaw=-0.0716516 score=0.989916 valid=1 mode=tracking state=TRACKING evaluated=789 execution_us=51513 reason=tracking_pose_accepted
x=3.95 y=4.4501 yaw=-0.0725858 score=0.987809 valid=1 mode=tracking state=TRACKING evaluated=789 execution_us=52089 reason=tracking_pose_accepted
x=3.95 y=4.4501 yaw=-0.0560667 score=0.985332 valid=1 mode=tracking state=TRACKING evaluated=789 execution_us=51783 reason=tracking_pose_accepted
x=3.95 y=4.4501 yaw=-0.0570008 score=0.987286 valid=1 mode=tracking state=TRACKING evaluated=789 execution_us=51546 reason=tracking_pose_accepted
x=3.95 y=4.4501 yaw=-0.057935 score=0.993142 valid=1 mode=tracking state=TRACKING evaluated=789 execution_us=59586 reason=tracking_pose_accepted
x=3.95 y=4.4501 yaw=-0.0588692 score=0.991902 valid=1 mode=tracking state=TRACKING evaluated=789 execution_us=59056 reason=tracking_pose_accepted
x=3.95 y=4.4501 yaw=-0.0598034 score=0.996017 valid=1 mode=tracking state=TRACKING evaluated=789 execution_us=59108 reason=tracking_pose_accepted
x=3.95 y=4.4501 yaw=-0.0607376 score=0.995733 valid=1 mode=tracking state=TRACKING evaluated=789 execution_us=57177 reason=tracking_pose_accepted
x=3.95 y=4.4501 yaw=-0.0616718 score=0.993873 valid=1 mode=tracking state=TRACKING evaluated=789 execution_us=56240 reason=tracking_pose_accepted
x=3.95 y=4.4501 yaw=-0.0626059 score=0.992533 valid=1 mode=tracking state=TRACKING evaluated=789 execution_us=52902 reason=tracking_pose_accepted
x=3.95 y=4.4501 yaw=-0.0635401 score=0.9928 valid=1 mode=tracking state=TRACKING evaluated=789 execution_us=53361 reason=tracking_pose_accepted
x=3.95 y=4.4501 yaw=-0.0644743 score=0.995123 valid=1 mode=tracking state=TRACKING evaluated=789 execution_us=53023 reason=tracking_pose_accepted
x=3.95 y=4.4501 yaw=-0.0654085 score=0.9928 valid=1 mode=tracking state=TRACKING evaluated=789 execution_us=53822 reason=tracking_pose_accepted
x=3.95 y=4.4501 yaw=-0.0663427 score=0.991944 valid=1 mode=tracking state=TRACKING evaluated=789 execution_us=54187 reason=tracking_pose_accepted
x=3.95 y=4.4501 yaw=-0.0672769 score=0.991575 valid=1 mode=tracking state=TRACKING evaluated=789 execution_us=53617 reason=tracking_pose_accepted
x=3.95 y=4.4501 yaw=-0.068211 score=0.991839 valid=1 mode=tracking state=TRACKING evaluated=789 execution_us=58238 reason=tracking_pose_accepted
x=3.95 y=4.4501 yaw=-0.0691452 score=0.99164 valid=1 mode=tracking state=TRACKING evaluated=789 execution_us=58492 reason=tracking_pose_accepted
x=3.95 y=4.4501 yaw=-0.0700794 score=0.992874 valid=1 mode=tracking state=TRACKING evaluated=789 execution_us=58779 reason=tracking_pose_accepted
x=3.95 y=4.4501 yaw=-0.0710136 score=0.989332 valid=1 mode=tracking state=TRACKING evaluated=789 execution_us=59182 reason=tracking_pose_accepted
x=3.95 y=4.4501 yaw=-0.0719478 score=0.988664 valid=1 mode=tracking state=TRACKING evaluated=789 execution_us=58699 reason=tracking_pose_accepted
x=3.95 y=4.4501 yaw=-0.072882 score=0.988083 valid=1 mode=tracking state=TRACKING evaluated=789 execution_us=55734 reason=tracking_pose_accepted
x=3.95 y=4.4501 yaw=-0.0563628 score=0.995123 valid=1 mode=tracking state=TRACKING evaluated=789 execution_us=55772 reason=tracking_pose_accepted
x=3.95 y=4.4501 yaw=-0.057297 score=0.990552 valid=1 mode=tracking state=TRACKING evaluated=789 execution_us=55622 reason=tracking_pose_accepted
x=3.95 y=4.4501 yaw=-0.0582312 score=0.996647 valid=1 mode=tracking state=TRACKING evaluated=789 execution_us=56697 reason=tracking_pose_accepted
x=3.95 y=4.4501 yaw=-0.0591654 score=0.994471 valid=1 mode=tracking state=TRACKING evaluated=789 execution_us=55985 reason=tracking_pose_accepted
x=3.95 y=4.4501 yaw=-0.0600996 score=0.992838 valid=1 mode=tracking state=TRACKING evaluated=789 execution_us=56153 reason=tracking_pose_accepted
x=3.95 y=4.4501 yaw=-0.0610337 score=0.992474 valid=1 mode=tracking state=TRACKING evaluated=789 execution_us=50593 reason=tracking_pose_accepted
x=3.95 y=4.4501 yaw=-0.0619679 score=0.9928 valid=1 mode=tracking state=TRACKING evaluated=789 execution_us=49998 reason=tracking_pose_accepted
x=3.95 y=4.4501 yaw=-0.0629021 score=0.994845 valid=1 mode=tracking state=TRACKING evaluated=789 execution_us=50912 reason=tracking_pose_accepted
x=3.95 y=4.4501 yaw=-0.0638363 score=0.995416 valid=1 mode=tracking state=TRACKING evaluated=789 execution_us=51077 reason=tracking_pose_accepted
x=3.95 y=4.4501 yaw=-0.0647705 score=0.990247 valid=1 mode=tracking state=TRACKING evaluated=789 execution_us=50746 reason=tracking_pose_accepted
x=3.95 y=4.4501 yaw=-0.0657047 score=0.991618 valid=1 mode=tracking state=TRACKING evaluated=789 execution_us=58192 reason=tracking_pose_accepted
x=3.95 y=4.4501 yaw=-0.0666388 score=0.993125 valid=1 mode=tracking state=TRACKING evaluated=789 execution_us=57747 reason=tracking_pose_accepted
x=3.95 y=4.4501 yaw=-0.067573 score=0.992513 valid=1 mode=tracking state=TRACKING evaluated=789 execution_us=57609 reason=tracking_pose_accepted
x=3.95 y=4.4501 yaw=-0.0685072 score=0.989028 valid=1 mode=tracking state=TRACKING evaluated=789 execution_us=58949 reason=tracking_pose_accepted
x=3.95 y=4.4501 yaw=-0.0694414 score=0.989332 valid=1 mode=tracking state=TRACKING evaluated=807 execution_us=59370 reason=tracking_pose_accepted
x=3.95 y=4.4501 yaw=-0.0703756 score=0.989556 valid=1 mode=tracking state=TRACKING evaluated=789 execution_us=58665 reason=tracking_pose_accepted
x=3.95 y=4.4501 yaw=-0.0713098 score=0.989583 valid=1 mode=tracking state=TRACKING evaluated=789 execution_us=59235 reason=tracking_pose_accepted
x=3.95 y=4.4501 yaw=-0.0547907 score=0.98989 valid=1 mode=tracking state=TRACKING evaluated=789 execution_us=52265 reason=tracking_pose_accepted
x=3.95 y=4.4501 yaw=-0.0731781 score=0.988113 valid=1 mode=tracking state=TRACKING evaluated=789 execution_us=52705 reason=tracking_pose_accepted
x=3.95 y=4.4501 yaw=-0.056659 score=0.993736 valid=1 mode=tracking state=TRACKING evaluated=789 execution_us=52901 reason=tracking_pose_accepted
x=3.95 y=4.4501 yaw=-0.0575931 score=0.993447 valid=1 mode=tracking state=TRACKING evaluated=789 execution_us=52998 reason=tracking_pose_accepted
x=3.95 y=4.4501 yaw=-0.0585273 score=0.990502 valid=1 mode=tracking state=TRACKING evaluated=789 execution_us=53323 reason=tracking_pose_accepted
x=3.95 y=4.4501 yaw=-0.0594615 score=0.995711 valid=1 mode=tracking state=TRACKING evaluated=789 execution_us=56611 reason=tracking_pose_accepted
x=3.95 y=4.4501 yaw=-0.0603957 score=0.994179 valid=1 mode=tracking state=TRACKING evaluated=789 execution_us=56819 reason=tracking_pose_accepted
x=3.95 y=4.4501 yaw=-0.0613299 score=0.992819 valid=1 mode=tracking state=TRACKING evaluated=789 execution_us=58329 reason=tracking_pose_accepted
x=3.95 y=4.4501 yaw=-0.062264 score=0.994133 valid=1 mode=tracking state=TRACKING evaluated=789 execution_us=57290 reason=tracking_pose_accepted
x=3.95 y=4.4501 yaw=-0.0631982 score=0.994209 valid=1 mode=tracking state=TRACKING evaluated=789 execution_us=58397 reason=tracking_pose_accepted
x=3.95 y=4.4501 yaw=-0.0641324 score=0.993888 valid=1 mode=tracking state=TRACKING evaluated=789 execution_us=54930 reason=tracking_pose_accepted
x=3.95 y=4.4501 yaw=-0.0650666 score=0.9945 valid=1 mode=tracking state=TRACKING evaluated=789 execution_us=54651 reason=tracking_pose_accepted
x=3.95 y=4.4501 yaw=-0.0660008 score=0.991923 valid=1 mode=tracking state=TRACKING evaluated=789 execution_us=55447 reason=tracking_pose_accepted
x=3.95 y=4.4501 yaw=-0.066935 score=0.990986 valid=1 mode=tracking state=TRACKING evaluated=789 execution_us=55014 reason=tracking_pose_accepted
x=3.95 y=4.4501 yaw=-0.0678691 score=0.994485 valid=1 mode=tracking state=TRACKING evaluated=789 execution_us=55049 reason=tracking_pose_accepted
x=3.95 y=4.4501 yaw=-0.0688033 score=0.989529 valid=1 mode=tracking state=TRACKING evaluated=789 execution_us=55454 reason=tracking_pose_accepted
x=3.95 y=4.4501 yaw=-0.0697375 score=0.992167 valid=1 mode=tracking state=TRACKING evaluated=789 execution_us=58338 reason=tracking_pose_accepted
x=3.95 y=4.4501 yaw=-0.0706717 score=0.992552 valid=1 mode=tracking state=TRACKING evaluated=789 execution_us=59817 reason=tracking_pose_accepted
x=3.95 y=4.4501 yaw=-0.0716059 score=0.988113 valid=1 mode=tracking state=TRACKING evaluated=789 execution_us=59894 reason=tracking_pose_accepted
x=3.95 y=4.4501 yaw=-0.0550868 score=0.995711 valid=1 mode=tracking state=TRACKING evaluated=789 execution_us=59619 reason=tracking_pose_accepted
x=3.95 y=4.4501 yaw=-0.0560209 score=0.987286 valid=1 mode=tracking state=TRACKING evaluated=789 execution_us=60265 reason=tracking_pose_accepted
x=3.95 y=4.4501 yaw=-0.0569551 score=0.994805 valid=1 mode=tracking state=TRACKING evaluated=789 execution_us=49963 reason=tracking_pose_accepted
x=3.95 y=4.4501 yaw=-0.0578893 score=0.996028 valid=1 mode=tracking state=TRACKING evaluated=789 execution_us=56554 reason=tracking_pose_accepted
x=3.95 y=4.4501 yaw=-0.0588235 score=0.9945 valid=1 mode=tracking state=TRACKING evaluated=789 execution_us=58580 reason=tracking_pose_accepted
x=3.95 y=4.4501 yaw=-0.0597577 score=0.995123 valid=1 mode=tracking state=TRACKING evaluated=789 execution_us=56680 reason=tracking_pose_accepted
x=3.95 y=4.4501 yaw=-0.0606918 score=0.994805 valid=1 mode=tracking state=TRACKING evaluated=789 execution_us=56841 reason=tracking_pose_accepted
x=3.95 y=4.4501 yaw=-0.061626 score=0.994528 valid=1 mode=tracking state=TRACKING evaluated=789 execution_us=57736 reason=tracking_pose_accepted
x=3.95 y=4.4501 yaw=-0.0625602 score=0.994179 valid=1 mode=tracking state=TRACKING evaluated=789 execution_us=64000 reason=tracking_pose_accepted
x=3.95 y=4.4501 yaw=-0.0634944 score=0.993873 valid=1 mode=tracking state=TRACKING evaluated=789 execution_us=51506 reason=tracking_pose_accepted
x=3.95 y=4.4501 yaw=-0.0644286 score=0.9945 valid=1 mode=tracking state=TRACKING evaluated=789 execution_us=51742 reason=tracking_pose_accepted
x=3.95 y=4.4501 yaw=-0.0653628 score=0.994805 valid=1 mode=tracking state=TRACKING evaluated=789 execution_us=51698 reason=tracking_pose_accepted
x=3.95 y=4.4501 yaw=-0.0662969 score=0.994485 valid=1 mode=tracking state=TRACKING evaluated=789 execution_us=52354 reason=tracking_pose_accepted
x=3.95 y=4.4501 yaw=-0.0672311 score=0.989221 valid=1 mode=tracking state=TRACKING evaluated=789 execution_us=51726 reason=tracking_pose_accepted
x=3.95 y=4.4501 yaw=-0.0681653 score=0.991336 valid=1 mode=tracking state=TRACKING evaluated=789 execution_us=101178 reason=tracking_pose_accepted
x=3.95 y=4.4501 yaw=-0.0690995 score=0.99186 valid=1 mode=tracking state=TRACKING evaluated=789 execution_us=99205 reason=tracking_pose_accepted
x=3.95 y=4.4501 yaw=-0.0700337 score=0.991358 valid=1 mode=tracking state=TRACKING evaluated=789 execution_us=46713 reason=tracking_pose_accepted
x=3.95 y=4.4501 yaw=-0.0535146 score=0.9945 valid=1 mode=tracking state=TRACKING evaluated=789 execution_us=55892 reason=tracking_pose_accepted
x=3.95 y=4.4501 yaw=-0.0544487 score=0.983456 valid=1 mode=tracking state=TRACKING evaluated=789 execution_us=56481 reason=tracking_pose_accepted
x=4 y=4.4501 yaw=-0.0728362 score=0.991813 valid=1 mode=tracking state=TRACKING evaluated=789 execution_us=53153 reason=tracking_pose_accepted
x=4.05 y=4.4501 yaw=-0.108677 score=0.981854 valid=1 mode=tracking state=TRACKING evaluated=789 execution_us=53748 reason=tracking_pose_accepted
x=4.1 y=4.4501 yaw=-0.127064 score=0.973166 valid=1 mode=tracking state=TRACKING evaluated=789 execution_us=53451 reason=tracking_pose_accepted
x=4.2 y=4.4001 yaw=-0.145452 score=0.96352 valid=1 mode=tracking state=TRACKING evaluated=789 execution_us=53626 reason=tracking_pose_accepted
x=4.25 y=4.3501 yaw=-0.198746 score=0.963008 valid=1 mode=tracking state=TRACKING evaluated=789 execution_us=54625 reason=tracking_pose_accepted
x=4.35 y=4.3001 yaw=-0.19968 score=0.964001 valid=1 mode=tracking state=TRACKING evaluated=789 execution_us=55198 reason=tracking_pose_accepted
x=4.4 y=4.2501 yaw=-0.218067 score=0.962 valid=1 mode=tracking state=TRACKING evaluated=789 execution_us=59307 reason=tracking_pose_accepted
x=4.45 y=4.2001 yaw=-0.201548 score=0.967998 valid=1 mode=tracking state=TRACKING evaluated=789 execution_us=95805 reason=tracking_pose_accepted
x=4.55 y=4.1501 yaw=-0.185029 score=0.955189 valid=1 mode=tracking state=TRACKING evaluated=789 execution_us=97382 reason=tracking_pose_accepted
x=4.6 y=4.1001 yaw=-0.16851 score=0.962359 valid=1 mode=tracking state=TRACKING evaluated=789 execution_us=47014 reason=tracking_pose_accepted
x=4.65 y=4.1001 yaw=-0.186898 score=0.974616 valid=1 mode=tracking state=TRACKING evaluated=789 execution_us=60744 reason=tracking_pose_accepted
x=4.7 y=4.1001 yaw=-0.170378 score=0.968054 valid=1 mode=tracking state=TRACKING evaluated=789 execution_us=54977 reason=tracking_pose_accepted
x=4.8 y=4.1001 yaw=-0.153859 score=0.953429 valid=1 mode=tracking state=TRACKING evaluated=789 execution_us=55779 reason=tracking_pose_accepted
x=4.85 y=4.0501 yaw=-0.102434 score=0.954388 valid=1 mode=tracking state=TRACKING evaluated=789 execution_us=55768 reason=tracking_pose_accepted
x=4.89999 y=4.0501 yaw=-0.0510078 score=0.941033 valid=1 mode=tracking state=TRACKING evaluated=789 execution_us=56069 reason=tracking_pose_accepted
x=4.94999 y=4.0001 yaw=-0.0170353 score=0.969305 valid=1 mode=tracking state=TRACKING evaluated=789 execution_us=58483 reason=tracking_pose_accepted
x=4.94999 y=3.9501 yaw=-0.000516159 score=0.977808 valid=1 mode=tracking state=TRACKING evaluated=789 execution_us=56826 reason=tracking_pose_accepted
x=4.99999 y=3.9501 yaw=-0.0189036 score=0.979328 valid=1 mode=tracking state=TRACKING evaluated=789 execution_us=59328 reason=tracking_pose_accepted
x=5.04999 y=3.9001 yaw=-0.0721976 score=0.992704 valid=1 mode=tracking state=TRACKING evaluated=789 execution_us=60056 reason=tracking_pose_accepted
x=5.04999 y=3.8501 yaw=-0.108038 score=0.97872 valid=1 mode=tracking state=TRACKING evaluated=789 execution_us=59519 reason=tracking_pose_accepted
x=5.04999 y=3.8501 yaw=-0.108973 score=0.969901 valid=1 mode=tracking state=TRACKING evaluated=789 execution_us=60771 reason=tracking_pose_accepted
x=5.09999 y=3.8001 yaw=-0.12736 score=0.977569 valid=1 mode=tracking state=TRACKING evaluated=807 execution_us=50308 reason=tracking_pose_accepted
x=5.09999 y=3.8001 yaw=-0.128294 score=0.982245 valid=1 mode=tracking state=TRACKING evaluated=789 execution_us=49858 reason=tracking_pose_accepted
x=5.09999 y=3.7501 yaw=-0.146682 score=0.982435 valid=1 mode=tracking state=TRACKING evaluated=789 execution_us=57859 reason=tracking_pose_accepted
x=5.09999 y=3.7501 yaw=-0.147616 score=0.988451 valid=1 mode=tracking state=TRACKING evaluated=789 execution_us=56914 reason=tracking_pose_accepted
x=5.09999 y=3.7501 yaw=-0.14855 score=0.979875 valid=1 mode=tracking state=TRACKING evaluated=789 execution_us=56739 reason=tracking_pose_accepted
x=5.09999 y=3.7501 yaw=-0.149484 score=0.983831 valid=1 mode=tracking state=TRACKING evaluated=789 execution_us=57683 reason=tracking_pose_accepted
x=5.14999 y=3.7501 yaw=-0.150418 score=0.97208 valid=1 mode=tracking state=TRACKING evaluated=789 execution_us=59105 reason=tracking_pose_accepted
x=5.14999 y=3.7501 yaw=-0.133899 score=0.988451 valid=1 mode=tracking state=TRACKING evaluated=789 execution_us=58214 reason=tracking_pose_accepted
x=5.14999 y=3.7501 yaw=-0.11738 score=0.988942 valid=1 mode=tracking state=TRACKING evaluated=807 execution_us=52761 reason=tracking_pose_accepted
x=5.14999 y=3.7501 yaw=-0.100861 score=0.986792 valid=1 mode=tracking state=TRACKING evaluated=789 execution_us=52469 reason=tracking_pose_accepted
x=5.14999 y=3.8001 yaw=-0.101795 score=0.970445 valid=1 mode=tracking state=TRACKING evaluated=789 execution_us=53032 reason=tracking_pose_accepted
x=5.14999 y=3.8001 yaw=-0.0503691 score=0.984109 valid=1 mode=tracking state=TRACKING evaluated=789 execution_us=52554 reason=tracking_pose_accepted
x=5.14999 y=3.8001 yaw=-0.0338499 score=0.991771 valid=1 mode=tracking state=TRACKING evaluated=789 execution_us=52610 reason=tracking_pose_accepted
x=5.14999 y=3.8001 yaw=-0.0173308 score=0.988388 valid=1 mode=tracking state=TRACKING evaluated=807 execution_us=60547 reason=tracking_pose_accepted
x=5.14999 y=3.8001 yaw=-0.0182649 score=0.987809 valid=1 mode=tracking state=TRACKING evaluated=789 execution_us=56514 reason=tracking_pose_accepted
x=5.14998 y=3.8001 yaw=-0.0191991 score=0.98961 valid=1 mode=tracking state=TRACKING evaluated=789 execution_us=56790 reason=tracking_pose_accepted
x=5.14998 y=3.8001 yaw=-0.0201332 score=0.990527 valid=1 mode=tracking state=TRACKING evaluated=789 execution_us=57053 reason=tracking_pose_accepted
x=5.14998 y=3.8001 yaw=-0.0210673 score=0.989249 valid=1 mode=tracking state=TRACKING evaluated=789 execution_us=56977 reason=tracking_pose_accepted
x=5.14998 y=3.8001 yaw=-0.0220014 score=0.990576 valid=1 mode=tracking state=TRACKING evaluated=789 execution_us=58723 reason=tracking_pose_accepted
x=5.14998 y=3.8001 yaw=-0.0229356 score=0.990478 valid=1 mode=tracking state=TRACKING evaluated=789 execution_us=54552 reason=tracking_pose_accepted
x=5.14998 y=3.8001 yaw=-0.0238697 score=0.992628 valid=1 mode=tracking state=TRACKING evaluated=789 execution_us=54482 reason=tracking_pose_accepted
x=5.14998 y=3.8001 yaw=-0.0248038 score=0.992361 valid=1 mode=tracking state=TRACKING evaluated=789 execution_us=55672 reason=tracking_pose_accepted
x=5.14998 y=3.8001 yaw=-0.0257379 score=0.994224 valid=1 mode=tracking state=TRACKING evaluated=789 execution_us=55305 reason=tracking_pose_accepted
x=5.14998 y=3.8001 yaw=-0.026672 score=0.995733 valid=1 mode=tracking state=TRACKING evaluated=789 execution_us=55620 reason=tracking_pose_accepted
x=5.14998 y=3.8001 yaw=-0.0276062 score=0.992897 valid=1 mode=tracking state=TRACKING evaluated=789 execution_us=56124 reason=tracking_pose_accepted
x=5.14998 y=3.8001 yaw=-0.0285403 score=0.989556 valid=1 mode=tracking state=TRACKING evaluated=789 execution_us=59099 reason=tracking_pose_accepted
x=5.14998 y=3.8001 yaw=-0.0294745 score=0.992228 valid=1 mode=tracking state=TRACKING evaluated=789 execution_us=60039 reason=tracking_pose_accepted
x=5.14998 y=3.8001 yaw=-0.0304086 score=0.982384 valid=1 mode=tracking state=TRACKING evaluated=807 execution_us=61220 reason=tracking_pose_accepted
x=5.14998 y=3.8001 yaw=-0.0313428 score=0.978094 valid=1 mode=tracking state=TRACKING evaluated=789 execution_us=59429 reason=tracking_pose_accepted
x=5.14998 y=3.8001 yaw=-0.032277 score=0.983607 valid=1 mode=tracking state=TRACKING evaluated=789 execution_us=60529 reason=tracking_pose_accepted
x=5.14998 y=3.8001 yaw=-0.0332111 score=0.993924 valid=1 mode=tracking state=TRACKING evaluated=789 execution_us=56257 reason=tracking_pose_accepted
x=5.14998 y=3.8001 yaw=-0.0341453 score=0.996936 valid=1 mode=tracking state=TRACKING evaluated=789 execution_us=56702 reason=tracking_pose_accepted
x=5.14998 y=3.8001 yaw=-0.0525327 score=0.98904 valid=1 mode=tracking state=TRACKING evaluated=807 execution_us=58314 reason=tracking_pose_accepted
x=5.14998 y=3.8001 yaw=-0.0534669 score=0.982645 valid=1 mode=tracking state=TRACKING evaluated=789 execution_us=56566 reason=tracking_pose_accepted
x=5.14998 y=3.8001 yaw=-0.0544011 score=0.99343 valid=1 mode=tracking state=TRACKING evaluated=789 execution_us=56998 reason=tracking_pose_accepted
x=5.14998 y=3.8001 yaw=-0.0553353 score=0.996612 valid=1 mode=tracking state=TRACKING evaluated=789 execution_us=56710 reason=tracking_pose_accepted
x=5.14997 y=3.8001 yaw=-0.0562694 score=0.986016 valid=1 mode=tracking state=TRACKING evaluated=789 execution_us=50595 reason=tracking_pose_accepted
x=5.09997 y=3.8001 yaw=-0.0572036 score=0.979473 valid=1 mode=tracking state=TRACKING evaluated=789 execution_us=50974 reason=tracking_pose_accepted
x=5.09997 y=3.8001 yaw=-0.0581378 score=0.97988 valid=1 mode=tracking state=TRACKING evaluated=789 execution_us=50724 reason=tracking_pose_accepted
x=5.09997 y=3.8001 yaw=-0.059072 score=0.982537 valid=1 mode=tracking state=TRACKING evaluated=789 execution_us=50931 reason=tracking_pose_accepted
x=5.09997 y=3.8001 yaw=-0.0600062 score=0.98315 valid=1 mode=tracking state=TRACKING evaluated=789 execution_us=51755 reason=tracking_pose_accepted
x=5.09997 y=3.8001 yaw=-0.0609404 score=0.980646 valid=1 mode=tracking state=TRACKING evaluated=789 execution_us=51442 reason=tracking_pose_accepted
x=5.09997 y=3.8001 yaw=-0.0618745 score=0.978134 valid=1 mode=tracking state=TRACKING evaluated=789 execution_us=57880 reason=tracking_pose_accepted
x=5.09997 y=3.8001 yaw=-0.0628087 score=0.977998 valid=1 mode=tracking state=TRACKING evaluated=789 execution_us=58686 reason=tracking_pose_accepted
x=5.09997 y=3.8001 yaw=-0.0637429 score=0.979832 valid=1 mode=tracking state=TRACKING evaluated=789 execution_us=58995 reason=tracking_pose_accepted
x=5.09997 y=3.8001 yaw=-0.0646771 score=0.980138 valid=1 mode=tracking state=TRACKING evaluated=789 execution_us=59699 reason=tracking_pose_accepted
x=5.14997 y=3.8001 yaw=-0.0656113 score=0.976409 valid=1 mode=tracking state=TRACKING evaluated=789 execution_us=59160 reason=tracking_pose_accepted
x=5.14997 y=3.8001 yaw=-0.0665454 score=0.981713 valid=1 mode=tracking state=TRACKING evaluated=789 execution_us=56589 reason=tracking_pose_accepted
x=5.14997 y=3.8001 yaw=-0.0849329 score=0.97589 valid=1 mode=tracking state=TRACKING evaluated=789 execution_us=53875 reason=tracking_pose_accepted
x=5.09997 y=3.8001 yaw=-0.0684138 score=0.978915 valid=1 mode=tracking state=TRACKING evaluated=789 execution_us=53222 reason=tracking_pose_accepted
x=5.14997 y=3.8001 yaw=-0.0693479 score=0.976623 valid=1 mode=tracking state=TRACKING evaluated=789 execution_us=53407 reason=tracking_pose_accepted
x=5.09997 y=3.8001 yaw=-0.0702821 score=0.974144 valid=1 mode=tracking state=TRACKING evaluated=789 execution_us=54150 reason=tracking_pose_accepted
x=5.14997 y=3.8001 yaw=-0.0712163 score=0.984416 valid=1 mode=tracking state=TRACKING evaluated=789 execution_us=53581 reason=tracking_pose_accepted
x=5.14997 y=3.80009 yaw=-0.0721505 score=0.976775 valid=1 mode=tracking state=TRACKING evaluated=807 execution_us=58621 reason=tracking_pose_accepted
x=5.14997 y=3.80009 yaw=-0.0730847 score=0.983146 valid=1 mode=tracking state=TRACKING evaluated=789 execution_us=57548 reason=tracking_pose_accepted
x=5.14997 y=3.80009 yaw=-0.0740189 score=0.974918 valid=1 mode=tracking state=TRACKING evaluated=807 execution_us=58712 reason=tracking_pose_accepted
x=5.09997 y=3.80009 yaw=-0.0574997 score=0.979212 valid=1 mode=tracking state=TRACKING evaluated=789 execution_us=58499 reason=tracking_pose_accepted
x=5.09996 y=3.80009 yaw=-0.0584339 score=0.980495 valid=1 mode=tracking state=TRACKING evaluated=807 execution_us=59087 reason=tracking_pose_accepted
x=5.09996 y=3.80009 yaw=-0.0593681 score=0.980751 valid=1 mode=tracking state=TRACKING evaluated=789 execution_us=58493 reason=tracking_pose_accepted
x=5.09996 y=3.80009 yaw=-0.0603023 score=0.979933 valid=1 mode=tracking state=TRACKING evaluated=789 execution_us=55799 reason=tracking_pose_accepted
x=5.09996 y=3.80009 yaw=-0.0612365 score=0.986141 valid=1 mode=tracking state=TRACKING evaluated=789 execution_us=54942 reason=tracking_pose_accepted
x=5.09996 y=3.80009 yaw=-0.0621707 score=0.98203 valid=1 mode=tracking state=TRACKING evaluated=789 execution_us=55169 reason=tracking_pose_accepted
x=5.09996 y=3.80009 yaw=-0.0631048 score=0.979632 valid=1 mode=tracking state=TRACKING evaluated=789 execution_us=55939 reason=tracking_pose_accepted
x=5.09996 y=3.80009 yaw=-0.064039 score=0.982475 valid=1 mode=tracking state=TRACKING evaluated=789 execution_us=55850 reason=tracking_pose_accepted
x=5.09996 y=3.80009 yaw=-0.0649732 score=0.982475 valid=1 mode=tracking state=TRACKING evaluated=789 execution_us=56308 reason=tracking_pose_accepted
x=5.09996 y=3.80009 yaw=-0.0659074 score=0.981007 valid=1 mode=tracking state=TRACKING evaluated=789 execution_us=58912 reason=tracking_pose_accepted
x=5.09996 y=3.80009 yaw=-0.0668416 score=0.984081 valid=1 mode=tracking state=TRACKING evaluated=789 execution_us=59981 reason=tracking_pose_accepted
x=5.09996 y=3.80009 yaw=-0.0677757 score=0.983735 valid=1 mode=tracking state=TRACKING evaluated=789 execution_us=60499 reason=tracking_pose_accepted
x=5.09996 y=3.80009 yaw=-0.0687099 score=0.983113 valid=1 mode=tracking state=TRACKING evaluated=789 execution_us=49534 reason=tracking_pose_accepted
x=5.14996 y=3.80009 yaw=-0.0696441 score=0.976836 valid=1 mode=tracking state=TRACKING evaluated=789 execution_us=59949 reason=tracking_pose_accepted
x=5.14996 y=3.80009 yaw=-0.0705783 score=0.983237 valid=1 mode=tracking state=TRACKING evaluated=789 execution_us=50833 reason=tracking_pose_accepted
x=5.14996 y=3.80009 yaw=-0.0715125 score=0.976552 valid=1 mode=tracking state=TRACKING evaluated=789 execution_us=57319 reason=tracking_pose_accepted
x=5.09996 y=3.80009 yaw=-0.0549934 score=0.972673 valid=1 mode=tracking state=TRACKING evaluated=789 execution_us=56991 reason=tracking_pose_accepted
x=5.09996 y=3.80009 yaw=-0.0384743 score=0.974382 valid=1 mode=tracking state=TRACKING evaluated=789 execution_us=57269 reason=tracking_pose_accepted
x=5.09996 y=3.80009 yaw=-0.0568617 score=0.976902 valid=1 mode=tracking state=TRACKING evaluated=789 execution_us=56857 reason=tracking_pose_accepted
x=5.09996 y=3.80009 yaw=-0.0577959 score=0.976592 valid=1 mode=tracking state=TRACKING evaluated=789 execution_us=58726 reason=tracking_pose_accepted
x=5.09996 y=3.80009 yaw=-0.05873 score=0.977635 valid=1 mode=tracking state=TRACKING evaluated=789 execution_us=64785 reason=tracking_pose_accepted
x=5.09996 y=3.80009 yaw=-0.0596642 score=0.980341 valid=1 mode=tracking state=TRACKING evaluated=789 execution_us=51675 reason=tracking_pose_accepted
x=5.09995 y=3.80009 yaw=-0.0605984 score=0.974418 valid=1 mode=tracking state=TRACKING evaluated=789 execution_us=51816 reason=tracking_pose_accepted
x=5.09995 y=3.80009 yaw=-0.0615326 score=0.977063 valid=1 mode=tracking state=TRACKING evaluated=789 execution_us=51491 reason=tracking_pose_accepted
x=5.14995 y=3.80009 yaw=-0.0624668 score=0.97316 valid=1 mode=tracking state=TRACKING evaluated=789 execution_us=52436 reason=tracking_pose_accepted
x=5.14995 y=3.80009 yaw=-0.0634009 score=0.979075 valid=1 mode=tracking state=TRACKING evaluated=789 execution_us=52782 reason=tracking_pose_accepted
x=5.09995 y=3.80009 yaw=-0.0468818 score=0.977158 valid=1 mode=tracking state=TRACKING evaluated=807 execution_us=60864 reason=tracking_pose_accepted
x=5.14995 y=3.80009 yaw=-0.047816 score=0.973924 valid=1 mode=tracking state=TRACKING evaluated=789 execution_us=56967 reason=tracking_pose_accepted
x=5.14995 y=3.80009 yaw=-0.0487502 score=0.976789 valid=1 mode=tracking state=TRACKING evaluated=789 execution_us=55940 reason=tracking_pose_accepted
x=5.14995 y=3.80009 yaw=-0.0496844 score=0.978401 valid=1 mode=tracking state=TRACKING evaluated=807 execution_us=57498 reason=tracking_pose_accepted
x=5.14995 y=3.80009 yaw=-0.0506185 score=0.98029 valid=1 mode=tracking state=TRACKING evaluated=789 execution_us=56772 reason=tracking_pose_accepted
x=5.14995 y=3.80009 yaw=-0.0515527 score=0.981213 valid=1 mode=tracking state=TRACKING evaluated=789 execution_us=62391 reason=tracking_pose_accepted
x=5.14995 y=3.80009 yaw=-0.0524869 score=0.978707 valid=1 mode=tracking state=TRACKING evaluated=789 execution_us=53923 reason=tracking_pose_accepted
x=5.09995 y=3.80009 yaw=-0.0534211 score=0.980392 valid=1 mode=tracking state=TRACKING evaluated=789 execution_us=54429 reason=tracking_pose_accepted
x=5.14995 y=3.80009 yaw=-0.0543553 score=0.976369 valid=1 mode=tracking state=TRACKING evaluated=789 execution_us=54394 reason=tracking_pose_accepted
x=5.14995 y=3.80009 yaw=-0.0552895 score=0.98157 valid=1 mode=tracking state=TRACKING evaluated=789 execution_us=54953 reason=tracking_pose_accepted
x=5.14995 y=3.80009 yaw=-0.0562236 score=0.973052 valid=1 mode=tracking state=TRACKING evaluated=789 execution_us=52167 reason=tracking_pose_accepted
x=5.14995 y=3.80009 yaw=-0.0571578 score=0.974026 valid=1 mode=tracking state=TRACKING evaluated=789 execution_us=58815 reason=tracking_pose_accepted
x=5.09995 y=3.80009 yaw=-0.0406387 score=0.974918 valid=1 mode=tracking state=TRACKING evaluated=789 execution_us=59655 reason=tracking_pose_accepted
x=5.09995 y=3.80009 yaw=-0.0415729 score=0.979679 valid=1 mode=tracking state=TRACKING evaluated=807 execution_us=60092 reason=tracking_pose_accepted
x=5.09995 y=3.80009 yaw=-0.0425071 score=0.975096 valid=1 mode=tracking state=TRACKING evaluated=789 execution_us=59611 reason=tracking_pose_accepted
x=5.09995 y=3.80009 yaw=-0.0434413 score=0.975887 valid=1 mode=tracking state=TRACKING evaluated=789 execution_us=59992 reason=tracking_pose_accepted
x=5.14995 y=3.80009 yaw=-0.0443754 score=0.971807 valid=1 mode=tracking state=TRACKING evaluated=789 execution_us=56465 reason=tracking_pose_accepted
x=5.14994 y=3.80009 yaw=-0.0627629 score=0.977167 valid=1 mode=tracking state=TRACKING evaluated=789 execution_us=56077 reason=tracking_pose_accepted
x=5.09994 y=3.80009 yaw=-0.0462438 score=0.979779 valid=1 mode=tracking state=TRACKING evaluated=789 execution_us=56522 reason=tracking_pose_accepted
x=5.09994 y=3.80009 yaw=-0.0471779 score=0.982216 valid=1 mode=tracking state=TRACKING evaluated=789 execution_us=56706 reason=tracking_pose_accepted
x=5.09994 y=3.80009 yaw=-0.0481121 score=0.982735 valid=1 mode=tracking state=TRACKING evaluated=789 execution_us=57093 reason=tracking_pose_accepted
x=5.09994 y=3.80009 yaw=-0.0490463 score=0.980597 valid=1 mode=tracking state=TRACKING evaluated=789 execution_us=56275 reason=tracking_pose_accepted
x=5.14994 y=3.80009 yaw=-0.0499805 score=0.978596 valid=1 mode=tracking state=TRACKING evaluated=789 execution_us=59245 reason=tracking_pose_accepted
x=5.09994 y=3.80009 yaw=-0.0509147 score=0.977482 valid=1 mode=tracking state=TRACKING evaluated=789 execution_us=50503 reason=tracking_pose_accepted
x=5.09994 y=3.80009 yaw=-0.0518488 score=0.976144 valid=1 mode=tracking state=TRACKING evaluated=789 execution_us=50222 reason=tracking_pose_accepted
x=5.14994 y=3.80009 yaw=-0.052783 score=0.974095 valid=1 mode=tracking state=TRACKING evaluated=789 execution_us=51927 reason=tracking_pose_accepted
x=5.09994 y=3.80009 yaw=-0.0537172 score=0.975635 valid=1 mode=tracking state=TRACKING evaluated=789 execution_us=51140 reason=tracking_pose_accepted
x=5.14994 y=3.80009 yaw=-0.0546513 score=0.977022 valid=1 mode=tracking state=TRACKING evaluated=807 execution_us=51196 reason=tracking_pose_accepted
x=5.14994 y=3.80009 yaw=-0.0555855 score=0.980433 valid=1 mode=tracking state=TRACKING evaluated=789 execution_us=59423 reason=tracking_pose_accepted
x=5.09994 y=3.80009 yaw=-0.0390664 score=0.973491 valid=1 mode=tracking state=TRACKING evaluated=789 execution_us=58224 reason=tracking_pose_accepted
x=5.09994 y=3.80009 yaw=-0.0400005 score=0.974438 valid=1 mode=tracking state=TRACKING evaluated=789 execution_us=57573 reason=tracking_pose_accepted
x=5.09994 y=3.80009 yaw=-0.0409346 score=0.979122 valid=1 mode=tracking state=TRACKING evaluated=789 execution_us=59190 reason=tracking_pose_accepted
x=5.09994 y=3.80009 yaw=-0.0418688 score=0.976409 valid=1 mode=tracking state=TRACKING evaluated=789 execution_us=58349 reason=tracking_pose_accepted
x=5.09994 y=3.80009 yaw=-0.042803 score=0.975401 valid=1 mode=tracking state=TRACKING evaluated=789 execution_us=58670 reason=tracking_pose_accepted
x=5.09994 y=3.80009 yaw=-0.0437372 score=0.979143 valid=1 mode=tracking state=TRACKING evaluated=789 execution_us=52203 reason=tracking_pose_accepted
x=5.09994 y=3.80009 yaw=-0.0446714 score=0.975707 valid=1 mode=tracking state=TRACKING evaluated=789 execution_us=52464 reason=tracking_pose_accepted
x=5.09994 y=3.80009 yaw=-0.0456056 score=0.977982 valid=1 mode=tracking state=TRACKING evaluated=789 execution_us=52982 reason=tracking_pose_accepted
x=5.09994 y=3.80009 yaw=-0.0465397 score=0.97886 valid=1 mode=tracking state=TRACKING evaluated=789 execution_us=52980 reason=tracking_pose_accepted
x=5.09993 y=3.80009 yaw=-0.0474739 score=0.981109 valid=1 mode=tracking state=TRACKING evaluated=789 execution_us=52523 reason=tracking_pose_accepted
x=5.09993 y=3.80009 yaw=-0.0484081 score=0.97861 valid=1 mode=tracking state=TRACKING evaluated=789 execution_us=57726 reason=tracking_pose_accepted
x=5.09993 y=3.80009 yaw=-0.0493423 score=0.98029 valid=1 mode=tracking state=TRACKING evaluated=789 execution_us=57128 reason=tracking_pose_accepted
x=5.09993 y=3.80009 yaw=-0.0502765 score=0.979167 valid=1 mode=tracking state=TRACKING evaluated=789 execution_us=57149 reason=tracking_pose_accepted
x=5.09993 y=3.80009 yaw=-0.0512107 score=0.979315 valid=1 mode=tracking state=TRACKING evaluated=789 execution_us=58635 reason=tracking_pose_accepted
x=5.09993 y=3.80009 yaw=-0.0521448 score=0.977771 valid=1 mode=tracking state=TRACKING evaluated=789 execution_us=57324 reason=tracking_pose_accepted
x=5.14993 y=3.80009 yaw=-0.053079 score=0.975054 valid=1 mode=tracking state=TRACKING evaluated=789 execution_us=62948 reason=tracking_pose_accepted
x=5.14993 y=3.80009 yaw=-0.0540131 score=0.976165 valid=1 mode=tracking state=TRACKING evaluated=807 execution_us=56289 reason=tracking_pose_accepted
x=5.14993 y=3.80009 yaw=-0.0549473 score=0.976103 valid=1 mode=tracking state=TRACKING evaluated=789 execution_us=54682 reason=tracking_pose_accepted
x=5.14993 y=3.80009 yaw=-0.0558815 score=0.971861 valid=1 mode=tracking state=TRACKING evaluated=807 execution_us=56556 reason=tracking_pose_accepted
x=5.14993 y=3.80009 yaw=-0.0568156 score=0.975048 valid=1 mode=tracking state=TRACKING evaluated=789 execution_us=55416 reason=tracking_pose_accepted
x=5.09993 y=3.80009 yaw=-0.0402965 score=0.975225 valid=1 mode=tracking state=TRACKING evaluated=807 execution_us=57369 reason=tracking_pose_accepted
x=5.14993 y=3.80009 yaw=-0.0586839 score=0.976297 valid=1 mode=tracking state=TRACKING evaluated=789 execution_us=59391 reason=tracking_pose_accepted
x=5.09993 y=3.80009 yaw=-0.0421648 score=0.977122 valid=1 mode=tracking state=TRACKING evaluated=789 execution_us=59244 reason=tracking_pose_accepted
x=5.09993 y=3.80009 yaw=-0.0430989 score=0.971655 valid=1 mode=tracking state=TRACKING evaluated=807 execution_us=61844 reason=tracking_pose_accepted
x=5.09993 y=3.80009 yaw=-0.0440331 score=0.977693 valid=1 mode=tracking state=TRACKING evaluated=789 execution_us=60010 reason=tracking_pose_accepted
x=5.09993 y=3.80009 yaw=-0.0449673 score=0.980852 valid=1 mode=tracking state=TRACKING evaluated=789 execution_us=59874 reason=tracking_pose_accepted
x=5.09993 y=3.80009 yaw=-0.0459015 score=0.976808 valid=1 mode=tracking state=TRACKING evaluated=789 execution_us=60484 reason=tracking_pose_accepted
x=5.09993 y=3.80009 yaw=-0.0468357 score=0.979167 valid=1 mode=tracking state=TRACKING evaluated=789 execution_us=56477 reason=tracking_pose_accepted
x=5.09993 y=3.80009 yaw=-0.0477699 score=0.97861 valid=1 mode=tracking state=TRACKING evaluated=789 execution_us=56814 reason=tracking_pose_accepted
x=5.14993 y=3.80009 yaw=-0.048704 score=0.975797 valid=1 mode=tracking state=TRACKING evaluated=789 execution_us=57678 reason=tracking_pose_accepted
x=5.09992 y=3.80009 yaw=-0.0496382 score=0.978202 valid=1 mode=tracking state=TRACKING evaluated=789 execution_us=57227 reason=tracking_pose_accepted
x=5.09992 y=3.80009 yaw=-0.0505724 score=0.977175 valid=1 mode=tracking state=TRACKING evaluated=789 execution_us=57005 reason=tracking_pose_accepted
x=5.09992 y=3.80009 yaw=-0.0515066 score=0.981105 valid=1 mode=tracking state=TRACKING evaluated=789 execution_us=58068 reason=tracking_pose_accepted
x=5.14992 y=3.80009 yaw=-0.0524408 score=0.967845 valid=1 mode=tracking state=TRACKING evaluated=789 execution_us=50870 reason=tracking_pose_accepted
x=5.14992 y=3.80009 yaw=-0.0533749 score=0.98285 valid=1 mode=tracking state=TRACKING evaluated=789 execution_us=50860 reason=tracking_pose_accepted
x=5.14992 y=3.80009 yaw=-0.0543091 score=0.979977 valid=1 mode=tracking state=TRACKING evaluated=789 execution_us=50587 reason=tracking_pose_accepted
x=5.14992 y=3.80009 yaw=-0.0552433 score=0.979427 valid=1 mode=tracking state=TRACKING evaluated=789 execution_us=51374 reason=tracking_pose_accepted
x=5.14992 y=3.80009 yaw=-0.0561775 score=0.975362 valid=1 mode=tracking state=TRACKING evaluated=789 execution_us=52170 reason=tracking_pose_accepted
x=5.09992 y=3.80008 yaw=-0.0396583 score=0.972128 valid=1 mode=tracking state=TRACKING evaluated=789 execution_us=58208 reason=tracking_pose_accepted
x=5.14992 y=3.80008 yaw=-0.0580458 score=0.972112 valid=1 mode=tracking state=TRACKING evaluated=807 execution_us=60005 reason=tracking_pose_accepted
x=5.09992 y=3.80008 yaw=-0.0415267 score=0.98157 valid=1 mode=tracking state=TRACKING evaluated=789 execution_us=59492 reason=tracking_pose_accepted
x=5.09992 y=3.80008 yaw=-0.0424608 score=0.978539 valid=1 mode=tracking state=TRACKING evaluated=789 execution_us=56280 reason=tracking_pose_accepted
x=5.09992 y=3.80008 yaw=-0.043395 score=0.977576 valid=1 mode=tracking state=TRACKING evaluated=789 execution_us=55681 reason=tracking_pose_accepted
x=5.09992 y=3.80008 yaw=-0.0443292 score=0.981256 valid=1 mode=tracking state=TRACKING evaluated=789 execution_us=56321 reason=tracking_pose_accepted
x=5.09992 y=3.80008 yaw=-0.0452634 score=0.979275 valid=1 mode=tracking state=TRACKING evaluated=789 execution_us=52520 reason=tracking_pose_accepted
x=5.09992 y=3.80008 yaw=-0.0461975 score=0.97897 valid=1 mode=tracking state=TRACKING evaluated=789 execution_us=53743 reason=tracking_pose_accepted
x=5.09992 y=3.80008 yaw=-0.0471317 score=0.978915 valid=1 mode=tracking state=TRACKING evaluated=789 execution_us=53136 reason=tracking_pose_accepted
x=5.09992 y=3.80008 yaw=-0.0480659 score=0.978791 valid=1 mode=tracking state=TRACKING evaluated=789 execution_us=53268 reason=tracking_pose_accepted
x=5.09992 y=3.80008 yaw=-0.0490001 score=0.982384 valid=1 mode=tracking state=TRACKING evaluated=789 execution_us=54491 reason=tracking_pose_accepted
x=5.09992 y=3.80008 yaw=-0.0499343 score=0.979419 valid=1 mode=tracking state=TRACKING evaluated=789 execution_us=53780 reason=tracking_pose_accepted
x=5.14992 y=3.80008 yaw=-0.0508685 score=0.976041 valid=1 mode=tracking state=TRACKING evaluated=789 execution_us=57460 reason=tracking_pose_accepted
x=5.09991 y=3.80008 yaw=-0.0518027 score=0.979119 valid=1 mode=tracking state=TRACKING evaluated=789 execution_us=58641 reason=tracking_pose_accepted
x=5.14991 y=3.80008 yaw=-0.0527368 score=0.978762 valid=1 mode=tracking state=TRACKING evaluated=789 execution_us=58454 reason=tracking_pose_accepted
x=5.14991 y=3.80008 yaw=-0.053671 score=0.977216 valid=1 mode=tracking state=TRACKING evaluated=789 execution_us=58307 reason=tracking_pose_accepted
x=5.14991 y=3.80008 yaw=-0.0546052 score=0.972692 valid=1 mode=tracking state=TRACKING evaluated=807 execution_us=59772 reason=tracking_pose_accepted
x=5.14991 y=3.80008 yaw=-0.0555394 score=0.974709 valid=1 mode=tracking state=TRACKING evaluated=789 execution_us=59035 reason=tracking_pose_accepted
x=5.14991 y=3.80008 yaw=-0.0564736 score=0.979873 valid=1 mode=tracking state=TRACKING evaluated=807 execution_us=57393 reason=tracking_pose_accepted
x=5.09991 y=3.80008 yaw=-0.0399544 score=0.976951 valid=1 mode=tracking state=TRACKING evaluated=789 execution_us=55362 reason=tracking_pose_accepted
x=5.09991 y=3.80008 yaw=-0.0408886 score=0.974812 valid=1 mode=tracking state=TRACKING evaluated=807 execution_us=56452 reason=tracking_pose_accepted
x=5.09991 y=3.80008 yaw=-0.0418227 score=0.976103 valid=1 mode=tracking state=TRACKING evaluated=789 execution_us=56210 reason=tracking_pose_accepted
x=5.09991 y=3.80008 yaw=-0.0427569 score=0.981209 valid=1 mode=tracking state=TRACKING evaluated=789 execution_us=55936 reason=tracking_pose_accepted
x=5.09991 y=3.80008 yaw=-0.0436911 score=0.977676 valid=1 mode=tracking state=TRACKING evaluated=789 execution_us=59278 reason=tracking_pose_accepted
x=5.09991 y=3.80008 yaw=-0.0446253 score=0.978248 valid=1 mode=tracking state=TRACKING evaluated=789 execution_us=51071 reason=tracking_pose_accepted
x=5.14991 y=3.80008 yaw=-0.0455595 score=0.976989 valid=1 mode=tracking state=TRACKING evaluated=789 execution_us=60262 reason=tracking_pose_accepted
x=5.09991 y=3.80008 yaw=-0.0464937 score=0.979112 valid=1 mode=tracking state=TRACKING evaluated=789 execution_us=60750 reason=tracking_pose_accepted
x=5.09991 y=3.80008 yaw=-0.0474278 score=0.980034 valid=1 mode=tracking state=TRACKING evaluated=789 execution_us=50280 reason=tracking_pose_accepted
x=5.09991 y=3.80008 yaw=-0.048362 score=0.979112 valid=1 mode=tracking state=TRACKING evaluated=789 execution_us=50428 reason=tracking_pose_accepted
x=5.09991 y=3.80008 yaw=-0.0492962 score=0.979419 valid=1 mode=tracking state=TRACKING evaluated=789 execution_us=57865 reason=tracking_pose_accepted
x=5.09991 y=3.80008 yaw=-0.0502304 score=0.980341 valid=1 mode=tracking state=TRACKING evaluated=789 execution_us=57544 reason=tracking_pose_accepted
x=5.09991 y=3.80008 yaw=-0.0511646 score=0.977423 valid=1 mode=tracking state=TRACKING evaluated=789 execution_us=57098 reason=tracking_pose_accepted
x=5.09991 y=3.80008 yaw=-0.0520988 score=0.982907 valid=1 mode=tracking state=TRACKING evaluated=789 execution_us=57939 reason=tracking_pose_accepted
x=5.14991 y=3.80008 yaw=-0.0530329 score=0.994332 valid=1 mode=tracking state=TRACKING evaluated=789 execution_us=57414 reason=tracking_pose_accepted
x=5.1499 y=3.80008 yaw=-0.0714204 score=0.987047 valid=1 mode=tracking state=TRACKING evaluated=789 execution_us=58708 reason=tracking_pose_accepted
x=5.1999 y=3.80008 yaw=-0.107261 score=0.975859 valid=1 mode=tracking state=TRACKING evaluated=789 execution_us=50204 reason=tracking_pose_accepted
x=5.2999 y=3.80008 yaw=-0.143102 score=0.964584 valid=1 mode=tracking state=TRACKING evaluated=789 execution_us=51497 reason=tracking_pose_accepted
x=5.3499 y=3.80008 yaw=-0.126583 score=0.963162 valid=1 mode=tracking state=TRACKING evaluated=789 execution_us=52291 reason=tracking_pose_accepted
x=5.4499 y=3.80008 yaw=-0.14497 score=0.965547 valid=1 mode=tracking state=TRACKING evaluated=789 execution_us=52423 reason=tracking_pose_accepted
x=5.5499 y=3.80008 yaw=-0.0935445 score=0.968505 valid=1 mode=tracking state=TRACKING evaluated=789 execution_us=52503 reason=tracking_pose_accepted
x=5.6499 y=3.80008 yaw=-0.059572 score=0.96493 valid=1 mode=tracking state=TRACKING evaluated=789 execution_us=53924 reason=tracking_pose_accepted
x=5.6999 y=3.80008 yaw=-0.0255996 score=0.97798 valid=1 mode=tracking state=TRACKING evaluated=789 execution_us=56629 reason=tracking_pose_accepted
x=5.7999 y=3.80008 yaw=-0.0265337 score=0.985526 valid=1 mode=tracking state=TRACKING evaluated=789 execution_us=56601 reason=tracking_pose_accepted
x=5.8499 y=3.80008 yaw=-0.0274679 score=0.965816 valid=1 mode=tracking state=TRACKING evaluated=807 execution_us=57389 reason=tracking_pose_accepted
x=5.9499 y=3.80008 yaw=-0.0458553 score=0.970968 valid=1 mode=tracking state=TRACKING evaluated=789 execution_us=56465 reason=tracking_pose_accepted
x=6.0499 y=3.80008 yaw=-0.0816961 score=0.988819 valid=1 mode=tracking state=TRACKING evaluated=789 execution_us=56808 reason=tracking_pose_accepted
x=6.0999 y=3.80008 yaw=-0.0651769 score=0.992838 valid=1 mode=tracking state=TRACKING evaluated=789 execution_us=53465 reason=tracking_pose_accepted
x=6.1499 y=3.80008 yaw=-0.0835644 score=0.989458 valid=1 mode=tracking state=TRACKING evaluated=789 execution_us=53560 reason=tracking_pose_accepted
x=6.1999 y=3.80008 yaw=-0.0844986 score=0.981304 valid=1 mode=tracking state=TRACKING evaluated=789 execution_us=55201 reason=tracking_pose_accepted
x=6.2499 y=3.80008 yaw=-0.0854327 score=0.976379 valid=1 mode=tracking state=TRACKING evaluated=789 execution_us=54373 reason=tracking_pose_accepted
x=6.2999 y=3.80008 yaw=-0.0689136 score=0.979214 valid=1 mode=tracking state=TRACKING evaluated=789 execution_us=54980 reason=tracking_pose_accepted
x=6.3499 y=3.80008 yaw=-0.0523945 score=0.98583 valid=1 mode=tracking state=TRACKING evaluated=789 execution_us=55916 reason=tracking_pose_accepted
x=6.3499 y=3.75008 yaw=-0.0533286 score=0.98587 valid=1 mode=tracking state=TRACKING evaluated=789 execution_us=58563 reason=tracking_pose_accepted
x=6.3999 y=3.75008 yaw=-0.0717161 score=0.992647 valid=1 mode=tracking state=TRACKING evaluated=807 execution_us=60073 reason=tracking_pose_accepted
x=6.3999 y=3.75008 yaw=-0.0901035 score=0.983888 valid=1 mode=tracking state=TRACKING evaluated=789 execution_us=58715 reason=tracking_pose_accepted
x=6.39989 y=3.75008 yaw=-0.108491 score=0.993376 valid=1 mode=tracking state=TRACKING evaluated=789 execution_us=59576 reason=tracking_pose_accepted
x=6.34989 y=3.75008 yaw=-0.0919718 score=0.981449 valid=1 mode=tracking state=TRACKING evaluated=789 execution_us=60020 reason=tracking_pose_accepted
x=6.34989 y=3.75008 yaw=-0.092906 score=0.987617 valid=1 mode=tracking state=TRACKING evaluated=789 execution_us=59809 reason=tracking_pose_accepted
x=6.34989 y=3.80008 yaw=-0.0763869 score=0.98784 valid=1 mode=tracking state=TRACKING evaluated=789 execution_us=55932 reason=tracking_pose_accepted
x=6.34989 y=3.80008 yaw=-0.077321 score=0.988694 valid=1 mode=tracking state=TRACKING evaluated=789 execution_us=56588 reason=tracking_pose_accepted
x=6.29989 y=3.80008 yaw=-0.0782552 score=0.972151 valid=1 mode=tracking state=TRACKING evaluated=789 execution_us=55968 reason=tracking_pose_accepted
x=6.29989 y=3.75008 yaw=-0.0791894 score=0.981355 valid=1 mode=tracking state=TRACKING evaluated=789 execution_us=56889 reason=tracking_pose_accepted
x=6.29989 y=3.75008 yaw=-0.0801236 score=0.985149 valid=1 mode=tracking state=TRACKING evaluated=789 execution_us=57039 reason=tracking_pose_accepted
x=6.29989 y=3.75008 yaw=-0.0810578 score=0.984395 valid=1 mode=tracking state=TRACKING evaluated=789 execution_us=57019 reason=tracking_pose_accepted
x=6.29989 y=3.75008 yaw=-0.0819919 score=0.985003 valid=1 mode=tracking state=TRACKING evaluated=789 execution_us=51425 reason=tracking_pose_accepted
x=6.29989 y=3.75008 yaw=-0.0829261 score=0.984587 valid=1 mode=tracking state=TRACKING evaluated=789 execution_us=50726 reason=tracking_pose_accepted
x=6.29989 y=3.75008 yaw=-0.066407 score=0.980392 valid=1 mode=tracking state=TRACKING evaluated=789 execution_us=49782 reason=tracking_pose_accepted
x=6.29989 y=3.75008 yaw=-0.0673412 score=0.976995 valid=1 mode=tracking state=TRACKING evaluated=789 execution_us=51778 reason=tracking_pose_accepted
x=6.29989 y=3.75008 yaw=-0.0682754 score=0.977603 valid=1 mode=tracking state=TRACKING evaluated=789 execution_us=50395 reason=tracking_pose_accepted
x=6.29989 y=3.75008 yaw=-0.0692095 score=0.982875 valid=1 mode=tracking state=TRACKING evaluated=789 execution_us=51576 reason=tracking_pose_accepted
x=6.29989 y=3.75008 yaw=-0.0701437 score=0.985335 valid=1 mode=tracking state=TRACKING evaluated=789 execution_us=55694 reason=tracking_pose_accepted
x=6.29989 y=3.75008 yaw=-0.0710779 score=0.984739 valid=1 mode=tracking state=TRACKING evaluated=789 execution_us=58481 reason=tracking_pose_accepted
x=6.29989 y=3.75008 yaw=-0.0720121 score=0.980535 valid=1 mode=tracking state=TRACKING evaluated=789 execution_us=59113 reason=tracking_pose_accepted
x=6.29989 y=3.75008 yaw=-0.0729463 score=0.977372 valid=1 mode=tracking state=TRACKING evaluated=789 execution_us=58371 reason=tracking_pose_accepted
x=6.34989 y=3.75008 yaw=-0.0738805 score=0.975832 valid=1 mode=tracking state=TRACKING evaluated=789 execution_us=59059 reason=tracking_pose_accepted
x=6.34988 y=3.75008 yaw=-0.0748146 score=0.98029 valid=1 mode=tracking state=TRACKING evaluated=789 execution_us=53157 reason=tracking_pose_accepted
x=6.34988 y=3.75008 yaw=-0.0757488 score=0.987047 valid=1 mode=tracking state=TRACKING evaluated=789 execution_us=52255 reason=tracking_pose_accepted
x=6.34988 y=3.75008 yaw=-0.076683 score=0.983237 valid=1 mode=tracking state=TRACKING evaluated=789 execution_us=52851 reason=tracking_pose_accepted
x=6.29988 y=3.75008 yaw=-0.0601639 score=0.97788 valid=1 mode=tracking state=TRACKING evaluated=789 execution_us=52693 reason=tracking_pose_accepted
x=6.34988 y=3.75008 yaw=-0.0785514 score=0.981345 valid=1 mode=tracking state=TRACKING evaluated=789 execution_us=53015 reason=tracking_pose_accepted
x=6.34988 y=3.75008 yaw=-0.0794855 score=0.979514 valid=1 mode=tracking state=TRACKING evaluated=789 execution_us=59909 reason=tracking_pose_accepted
x=6.34988 y=3.75008 yaw=-0.0804197 score=0.982435 valid=1 mode=tracking state=TRACKING evaluated=789 execution_us=57045 reason=tracking_pose_accepted
x=6.29988 y=3.75008 yaw=-0.0639006 score=0.978411 valid=1 mode=tracking state=TRACKING evaluated=789 execution_us=57508 reason=tracking_pose_accepted
x=6.29988 y=3.75008 yaw=-0.0648347 score=0.980229 valid=1 mode=tracking state=TRACKING evaluated=789 execution_us=58317 reason=tracking_pose_accepted
x=6.29988 y=3.75008 yaw=-0.0657689 score=0.980117 valid=1 mode=tracking state=TRACKING evaluated=789 execution_us=57420 reason=tracking_pose_accepted
x=6.29988 y=3.75008 yaw=-0.0667031 score=0.977869 valid=1 mode=tracking state=TRACKING evaluated=789 execution_us=57804 reason=tracking_pose_accepted
x=6.29988 y=3.75008 yaw=-0.0676373 score=0.977261 valid=1 mode=tracking state=TRACKING evaluated=789 execution_us=54981 reason=tracking_pose_accepted
x=6.34988 y=3.75008 yaw=-0.0685715 score=0.9772 valid=1 mode=tracking state=TRACKING evaluated=789 execution_us=54637 reason=tracking_pose_accepted
x=6.29988 y=3.75008 yaw=-0.0695057 score=0.976073 valid=1 mode=tracking state=TRACKING evaluated=789 execution_us=54762 reason=tracking_pose_accepted
x=6.29988 y=3.75008 yaw=-0.0704398 score=0.978976 valid=1 mode=tracking state=TRACKING evaluated=789 execution_us=55644 reason=tracking_pose_accepted
x=6.29988 y=3.75008 yaw=-0.0539207 score=0.978787 valid=1 mode=tracking state=TRACKING evaluated=789 execution_us=55521 reason=tracking_pose_accepted
x=6.34988 y=3.75008 yaw=-0.0723082 score=0.979374 valid=1 mode=tracking state=TRACKING evaluated=789 execution_us=56371 reason=tracking_pose_accepted
x=6.34988 y=3.75008 yaw=-0.0732423 score=0.985332 valid=1 mode=tracking state=TRACKING evaluated=789 execution_us=58933 reason=tracking_pose_accepted
x=6.34988 y=3.75008 yaw=-0.0741765 score=0.981408 valid=1 mode=tracking state=TRACKING evaluated=789 execution_us=59614 reason=tracking_pose_accepted
x=6.34988 y=3.75008 yaw=-0.0751107 score=0.981408 valid=1 mode=tracking state=TRACKING evaluated=789 execution_us=60388 reason=tracking_pose_accepted
x=6.29988 y=3.75008 yaw=-0.0585916 score=0.979835 valid=1 mode=tracking state=TRACKING evaluated=789 execution_us=60137 reason=tracking_pose_accepted
x=6.34987 y=3.75008 yaw=-0.076979 score=0.98598 valid=1 mode=tracking state=TRACKING evaluated=789 execution_us=50102 reason=tracking_pose_accepted
x=6.34987 y=3.75008 yaw=-0.0779132 score=0.984497 valid=1 mode=tracking state=TRACKING evaluated=789 execution_us=50718 reason=tracking_pose_accepted
x=6.34987 y=3.75008 yaw=-0.0788474 score=0.981345 valid=1 mode=tracking state=TRACKING evaluated=789 execution_us=56983 reason=tracking_pose_accepted
x=6.34987 y=3.75008 yaw=-0.0797815 score=0.978259 valid=1 mode=tracking state=TRACKING evaluated=789 execution_us=57485 reason=tracking_pose_accepted
x=6.29987 y=3.75008 yaw=-0.0632624 score=0.98022 valid=1 mode=tracking state=TRACKING evaluated=789 execution_us=57264 reason=tracking_pose_accepted
x=6.29987 y=3.75008 yaw=-0.0641966 score=0.978589 valid=1 mode=tracking state=TRACKING evaluated=789 execution_us=57426 reason=tracking_pose_accepted
x=6.29987 y=3.75008 yaw=-0.0651308 score=0.979864 valid=1 mode=tracking state=TRACKING evaluated=789 execution_us=58432 reason=tracking_pose_accepted
x=6.29987 y=3.75008 yaw=-0.066065 score=0.976218 valid=1 mode=tracking state=TRACKING evaluated=789 execution_us=64758 reason=tracking_pose_accepted
x=6.29987 y=3.75008 yaw=-0.0669992 score=0.976123 valid=1 mode=tracking state=TRACKING evaluated=789 execution_us=51201 reason=tracking_pose_accepted
x=6.29987 y=3.75008 yaw=-0.0679334 score=0.977852 valid=1 mode=tracking state=TRACKING evaluated=789 execution_us=51195 reason=tracking_pose_accepted
x=6.29987 y=3.75008 yaw=-0.0688675 score=0.978528 valid=1 mode=tracking state=TRACKING evaluated=789 execution_us=51566 reason=tracking_pose_accepted
x=6.29987 y=3.75008 yaw=-0.0698017 score=0.977713 valid=1 mode=tracking state=TRACKING evaluated=789 execution_us=52473 reason=tracking_pose_accepted
x=6.29987 y=3.75008 yaw=-0.0532826 score=0.977126 valid=1 mode=tracking state=TRACKING evaluated=789 execution_us=51722 reason=tracking_pose_accepted
x=6.34987 y=3.75008 yaw=-0.07167 score=0.978513 valid=1 mode=tracking state=TRACKING evaluated=789 execution_us=58416 reason=tracking_pose_accepted
x=6.34987 y=3.75008 yaw=-0.0726042 score=0.978401 valid=1 mode=tracking state=TRACKING evaluated=789 execution_us=59033 reason=tracking_pose_accepted
x=6.34987 y=3.75008 yaw=-0.0735384 score=0.981152 valid=1 mode=tracking state=TRACKING evaluated=789 execution_us=56406 reason=tracking_pose_accepted
x=6.29987 y=3.75008 yaw=-0.0570193 score=0.978923 valid=1 mode=tracking state=TRACKING evaluated=789 execution_us=55876 reason=tracking_pose_accepted
x=6.34987 y=3.75008 yaw=-0.0754067 score=0.983736 valid=1 mode=tracking state=TRACKING evaluated=789 execution_us=57111 reason=tracking_pose_accepted
x=6.29987 y=3.75008 yaw=-0.0588876 score=0.979875 valid=1 mode=tracking state=TRACKING evaluated=789 execution_us=56412 reason=tracking_pose_accepted
x=6.34987 y=3.75008 yaw=-0.077275 score=0.982475 valid=1 mode=tracking state=TRACKING evaluated=789 execution_us=53256 reason=tracking_pose_accepted
x=6.34987 y=3.75008 yaw=-0.0782092 score=0.979208 valid=1 mode=tracking state=TRACKING evaluated=789 execution_us=53241 reason=tracking_pose_accepted
x=6.34986 y=3.75008 yaw=-0.0791434 score=0.982983 valid=1 mode=tracking state=TRACKING evaluated=789 execution_us=53594 reason=tracking_pose_accepted
x=6.34986 y=3.75008 yaw=-0.0800775 score=0.985043 valid=1 mode=tracking state=TRACKING evaluated=789 execution_us=54490 reason=tracking_pose_accepted
x=6.29986 y=3.75008 yaw=-0.0635584 score=0.979823 valid=1 mode=tracking state=TRACKING evaluated=789 execution_us=53629 reason=tracking_pose_accepted
x=6.29986 y=3.75008 yaw=-0.0644926 score=0.976532 valid=1 mode=tracking state=TRACKING evaluated=789 execution_us=60829 reason=tracking_pose_accepted
x=6.29986 y=3.75008 yaw=-0.0654268 score=0.97644 valid=1 mode=tracking state=TRACKING evaluated=789 execution_us=58955 reason=tracking_pose_accepted
x=6.29986 y=3.75008 yaw=-0.066361 score=0.977247 valid=1 mode=tracking state=TRACKING evaluated=789 execution_us=57567 reason=tracking_pose_accepted
x=6.29986 y=3.75008 yaw=-0.0672952 score=0.975238 valid=1 mode=tracking state=TRACKING evaluated=789 execution_us=58351 reason=tracking_pose_accepted
x=6.29986 y=3.75008 yaw=-0.0682293 score=0.976399 valid=1 mode=tracking state=TRACKING evaluated=789 execution_us=58747 reason=tracking_pose_accepted
x=6.29986 y=3.75008 yaw=-0.0691635 score=0.980117 valid=1 mode=tracking state=TRACKING evaluated=789 execution_us=58603 reason=tracking_pose_accepted
x=6.34986 y=3.75008 yaw=-0.0700977 score=0.979427 valid=1 mode=tracking state=TRACKING evaluated=789 execution_us=55462 reason=tracking_pose_accepted
x=6.29986 y=3.75008 yaw=-0.0535786 score=0.976126 valid=1 mode=tracking state=TRACKING evaluated=789 execution_us=55562 reason=tracking_pose_accepted
x=6.34986 y=3.75008 yaw=-0.071966 score=0.98029 valid=1 mode=tracking state=TRACKING evaluated=789 execution_us=56348 reason=tracking_pose_accepted
x=6.34986 y=3.75008 yaw=-0.0729002 score=0.97932 valid=1 mode=tracking state=TRACKING evaluated=789 execution_us=55922 reason=tracking_pose_accepted
x=6.29986 y=3.75008 yaw=-0.0563811 score=0.978563 valid=1 mode=tracking state=TRACKING evaluated=789 execution_us=55875 reason=tracking_pose_accepted
x=6.34986 y=3.75008 yaw=-0.0747686 score=0.980903 valid=1 mode=tracking state=TRACKING evaluated=789 execution_us=55969 reason=tracking_pose_accepted
x=6.29986 y=3.75008 yaw=-0.0582494 score=0.979371 valid=1 mode=tracking state=TRACKING evaluated=789 execution_us=59578 reason=tracking_pose_accepted
x=6.34986 y=3.75008 yaw=-0.0766369 score=0.983041 valid=1 mode=tracking state=TRACKING evaluated=789 execution_us=49917 reason=tracking_pose_accepted
x=6.34986 y=3.75008 yaw=-0.077571 score=0.97971 valid=1 mode=tracking state=TRACKING evaluated=789 execution_us=50403 reason=tracking_pose_accepted
x=6.34986 y=3.75008 yaw=-0.0785052 score=0.983999 valid=1 mode=tracking state=TRACKING evaluated=789 execution_us=50713 reason=tracking_pose_accepted
x=6.34986 y=3.75008 yaw=-0.0794394 score=0.981036 valid=1 mode=tracking state=TRACKING evaluated=789 execution_us=50076 reason=tracking_pose_accepted
x=6.29986 y=3.75008 yaw=-0.0629202 score=0.979493 valid=1 mode=tracking state=TRACKING evaluated=789 execution_us=50787 reason=tracking_pose_accepted
x=6.34986 y=3.75008 yaw=-0.0813077 score=0.982068 valid=1 mode=tracking state=TRACKING evaluated=789 execution_us=57888 reason=tracking_pose_accepted
x=6.34985 y=3.75008 yaw=-0.0822418 score=0.97696 valid=1 mode=tracking state=TRACKING evaluated=789 execution_us=57596 reason=tracking_pose_accepted
x=6.29985 y=3.75008 yaw=-0.0657227 score=0.977466 valid=1 mode=tracking state=TRACKING evaluated=789 execution_us=58495 reason=tracking_pose_accepted
x=6.29985 y=3.75008 yaw=-0.0666569 score=0.977727 valid=1 mode=tracking state=TRACKING evaluated=789 execution_us=57973 reason=tracking_pose_accepted
x=6.29985 y=3.75008 yaw=-0.067591 score=0.97863 valid=1 mode=tracking state=TRACKING evaluated=789 execution_us=58325 reason=tracking_pose_accepted
x=6.29985 y=3.75008 yaw=-0.0685252 score=0.979254 valid=1 mode=tracking state=TRACKING evaluated=789 execution_us=58933 reason=tracking_pose_accepted
x=6.29985 y=3.75008 yaw=-0.0694594 score=0.976266 valid=1 mode=tracking state=TRACKING evaluated=789 execution_us=51707 reason=tracking_pose_accepted
x=6.29985 y=3.75008 yaw=-0.0703936 score=0.976024 valid=1 mode=tracking state=TRACKING evaluated=789 execution_us=52011 reason=tracking_pose_accepted
x=6.29985 y=3.75008 yaw=-0.0538745 score=0.975427 valid=1 mode=tracking state=TRACKING evaluated=789 execution_us=52538 reason=tracking_pose_accepted
x=6.29985 y=3.75008 yaw=-0.0722619 score=0.976756 valid=1 mode=tracking state=TRACKING evaluated=789 execution_us=52201 reason=tracking_pose_accepted
x=6.29985 y=3.75008 yaw=-0.0557428 score=0.979173 valid=1 mode=tracking state=TRACKING evaluated=789 execution_us=53119 reason=tracking_pose_accepted
x=6.34985 y=3.75008 yaw=-0.0741302 score=0.980903 valid=1 mode=tracking state=TRACKING evaluated=789 execution_us=57252 reason=tracking_pose_accepted
x=6.34985 y=3.75008 yaw=-0.0750644 score=0.98136 valid=1 mode=tracking state=TRACKING evaluated=789 execution_us=56154 reason=tracking_pose_accepted
x=6.29985 y=3.75008 yaw=-0.0585453 score=0.978508 valid=1 mode=tracking state=TRACKING evaluated=789 execution_us=57421 reason=tracking_pose_accepted
x=6.34985 y=3.75008 yaw=-0.0769327 score=0.98632 valid=1 mode=tracking state=TRACKING evaluated=789 execution_us=56738 reason=tracking_pose_accepted
x=6.34985 y=3.75008 yaw=-0.0778669 score=0.981201 valid=1 mode=tracking state=TRACKING evaluated=789 execution_us=57290 reason=tracking_pose_accepted
x=6.29985 y=3.75008 yaw=-0.0613478 score=0.980076 valid=1 mode=tracking state=TRACKING evaluated=789 execution_us=54307 reason=tracking_pose_accepted
x=6.34985 y=3.75008 yaw=-0.0797352 score=0.981097 valid=1 mode=tracking state=TRACKING evaluated=789 execution_us=53361 reason=tracking_pose_accepted
x=6.34985 y=3.75008 yaw=-0.0806694 score=0.976318 valid=1 mode=tracking state=TRACKING evaluated=789 execution_us=54763 reason=tracking_pose_accepted
x=6.29985 y=3.75008 yaw=-0.0641502 score=0.978574 valid=1 mode=tracking state=TRACKING evaluated=789 execution_us=54944 reason=tracking_pose_accepted
x=6.29985 y=3.75008 yaw=-0.0650844 score=0.9792 valid=1 mode=tracking state=TRACKING evaluated=789 execution_us=54248 reason=tracking_pose_accepted
x=6.29985 y=3.75008 yaw=-0.0660186 score=0.979348 valid=1 mode=tracking state=TRACKING evaluated=789 execution_us=55168 reason=tracking_pose_accepted
x=6.34984 y=3.75008 yaw=-0.0669528 score=0.977941 valid=1 mode=tracking state=TRACKING evaluated=789 execution_us=57466 reason=tracking_pose_accepted
x=6.29984 y=3.75008 yaw=-0.067887 score=0.978076 valid=1 mode=tracking state=TRACKING evaluated=789 execution_us=60316 reason=tracking_pose_accepted
x=6.29984 y=3.75008 yaw=-0.0688212 score=0.976837 valid=1 mode=tracking state=TRACKING evaluated=789 execution_us=58930 reason=tracking_pose_accepted
x=6.34984 y=3.75008 yaw=-0.0697553 score=0.980341 valid=1 mode=tracking state=TRACKING evaluated=789 execution_us=59068 reason=tracking_pose_accepted
x=6.34984 y=3.75008 yaw=-0.0706895 score=0.98029 valid=1 mode=tracking state=TRACKING evaluated=789 execution_us=59950 reason=tracking_pose_accepted
x=6.34984 y=3.75008 yaw=-0.0716237 score=0.976896 valid=1 mode=tracking state=TRACKING evaluated=789 execution_us=59920 reason=tracking_pose_accepted
x=6.34984 y=3.75008 yaw=-0.0725579 score=0.97549 valid=1 mode=tracking state=TRACKING evaluated=789 execution_us=55765 reason=tracking_pose_accepted
x=6.34984 y=3.75008 yaw=-0.0734921 score=0.980739 valid=1 mode=tracking state=TRACKING evaluated=789 execution_us=56454 reason=tracking_pose_accepted
x=6.34984 y=3.75008 yaw=-0.0744263 score=0.988846 valid=1 mode=tracking state=TRACKING evaluated=789 execution_us=56046 reason=tracking_pose_accepted
x=6.34984 y=3.75008 yaw=-0.0753604 score=0.981408 valid=1 mode=tracking state=TRACKING evaluated=789 execution_us=56618 reason=tracking_pose_accepted
x=6.34984 y=3.75008 yaw=-0.0762946 score=0.983694 valid=1 mode=tracking state=TRACKING evaluated=789 execution_us=58205 reason=tracking_pose_accepted
x=6.34984 y=3.75008 yaw=-0.0772288 score=0.985675 valid=1 mode=tracking state=TRACKING evaluated=789 execution_us=63884 reason=tracking_pose_accepted
x=6.34984 y=3.75008 yaw=-0.078163 score=0.985269 valid=1 mode=tracking state=TRACKING evaluated=789 execution_us=50562 reason=tracking_pose_accepted
x=6.34984 y=3.75008 yaw=-0.0790972 score=0.983956 valid=1 mode=tracking state=TRACKING evaluated=789 execution_us=50795 reason=tracking_pose_accepted
x=6.34984 y=3.75008 yaw=-0.0800314 score=0.985767 valid=1 mode=tracking state=TRACKING evaluated=789 execution_us=50993 reason=tracking_pose_accepted
x=6.34984 y=3.75008 yaw=-0.0809655 score=0.982945 valid=1 mode=tracking state=TRACKING evaluated=789 execution_us=51463 reason=tracking_pose_accepted
x=6.34984 y=3.75008 yaw=-0.0818997 score=0.978599 valid=1 mode=tracking state=TRACKING evaluated=789 execution_us=51277 reason=tracking_pose_accepted
x=6.29984 y=3.75008 yaw=-0.0653805 score=0.978324 valid=1 mode=tracking state=TRACKING evaluated=789 execution_us=67883 reason=tracking_pose_accepted
x=6.29984 y=3.75008 yaw=-0.0663147 score=0.975221 valid=1 mode=tracking state=TRACKING evaluated=789 execution_us=59128 reason=tracking_pose_accepted
x=6.34984 y=3.75008 yaw=-0.0672489 score=0.97836 valid=1 mode=tracking state=TRACKING evaluated=789 execution_us=58798 reason=tracking_pose_accepted
x=6.29984 y=3.75008 yaw=-0.0681831 score=0.976471 valid=1 mode=tracking state=TRACKING evaluated=789 execution_us=58504 reason=tracking_pose_accepted
x=6.34983 y=3.75008 yaw=-0.0691173 score=0.977504 valid=1 mode=tracking state=TRACKING evaluated=789 execution_us=59789 reason=tracking_pose_accepted
x=6.34983 y=3.75008 yaw=-0.0700515 score=0.978248 valid=1 mode=tracking state=TRACKING evaluated=789 execution_us=58890 reason=tracking_pose_accepted
x=6.34983 y=3.75008 yaw=-0.0709856 score=0.978299 valid=1 mode=tracking state=TRACKING evaluated=789 execution_us=52538 reason=tracking_pose_accepted
x=6.29983 y=3.75008 yaw=-0.0544665 score=0.976552 valid=1 mode=tracking state=TRACKING evaluated=789 execution_us=52107 reason=tracking_pose_accepted
x=6.34983 y=3.75008 yaw=-0.072854 score=0.986555 valid=1 mode=tracking state=TRACKING evaluated=789 execution_us=52375 reason=tracking_pose_accepted
x=6.34983 y=3.75008 yaw=-0.0737881 score=0.981005 valid=1 mode=tracking state=TRACKING evaluated=789 execution_us=53309 reason=tracking_pose_accepted
x=6.34983 y=3.75008 yaw=-0.0747223 score=0.98918 valid=1 mode=tracking state=TRACKING evaluated=789 execution_us=53015 reason=tracking_pose_accepted
x=6.34983 y=3.75008 yaw=-0.0756565 score=0.9863 valid=1 mode=tracking state=TRACKING evaluated=789 execution_us=52892 reason=tracking_pose_accepted
x=6.34983 y=3.75008 yaw=-0.0765907 score=0.981207 valid=1 mode=tracking state=TRACKING evaluated=789 execution_us=57114 reason=tracking_pose_accepted
x=6.29983 y=3.75008 yaw=-0.0600716 score=0.976572 valid=1 mode=tracking state=TRACKING evaluated=789 execution_us=57050 reason=tracking_pose_accepted
x=6.34983 y=3.80008 yaw=-0.0610057 score=0.988694 valid=1 mode=tracking state=TRACKING evaluated=789 execution_us=57569 reason=tracking_pose_accepted
x=6.34983 y=3.80008 yaw=-0.0444866 score=0.991161 valid=1 mode=tracking state=TRACKING evaluated=807 execution_us=58819 reason=tracking_pose_accepted
x=6.34983 y=3.80008 yaw=-0.0279675 score=0.981928 valid=1 mode=tracking state=TRACKING evaluated=789 execution_us=58636 reason=tracking_pose_accepted
x=6.34983 y=3.85008 yaw=0.0234582 score=0.976531 valid=1 mode=tracking state=TRACKING evaluated=789 execution_us=56060 reason=tracking_pose_accepted
x=6.39983 y=3.90008 yaw=0.0574307 score=0.983379 valid=1 mode=tracking state=TRACKING evaluated=789 execution_us=55181 reason=tracking_pose_accepted
x=6.39983 y=3.95008 yaw=0.0914031 score=0.982464 valid=1 mode=tracking state=TRACKING evaluated=807 execution_us=56184 reason=tracking_pose_accepted
x=6.34983 y=4.05008 yaw=0.125376 score=0.987147 valid=1 mode=tracking state=TRACKING evaluated=789 execution_us=55837 reason=tracking_pose_accepted
x=6.34983 y=4.05008 yaw=0.106988 score=0.970821 valid=1 mode=tracking state=TRACKING evaluated=789 execution_us=54267 reason=tracking_pose_accepted
x=6.34983 y=4.10008 yaw=0.0711474 score=0.96601 valid=1 mode=tracking state=TRACKING evaluated=789 execution_us=53582 reason=tracking_pose_accepted
x=6.34983 y=4.15008 yaw=0.0178534 score=0.980855 valid=1 mode=tracking state=TRACKING evaluated=789 execution_us=57402 reason=tracking_pose_accepted
x=6.34983 y=4.20008 yaw=-0.000534061 score=0.982715 valid=1 mode=tracking state=TRACKING evaluated=789 execution_us=58601 reason=tracking_pose_accepted
x=6.34983 y=4.20008 yaw=-0.0189215 score=0.976808 valid=1 mode=tracking state=TRACKING evaluated=789 execution_us=59243 reason=tracking_pose_accepted
x=6.34982 y=4.25008 yaw=0.0325042 score=0.974551 valid=1 mode=tracking state=TRACKING evaluated=789 execution_us=59443 reason=tracking_pose_accepted
x=6.34982 y=4.25008 yaw=0.0490234 score=0.988154 valid=1 mode=tracking state=TRACKING evaluated=789 execution_us=59704 reason=tracking_pose_accepted
x=6.34982 y=4.25008 yaw=0.030636 score=0.988307 valid=1 mode=tracking state=TRACKING evaluated=789 execution_us=60354 reason=tracking_pose_accepted
x=6.34982 y=4.25008 yaw=0.0122485 score=0.987693 valid=1 mode=tracking state=TRACKING evaluated=789 execution_us=55852 reason=tracking_pose_accepted
x=6.34982 y=4.25008 yaw=-0.00613892 score=0.977104 valid=1 mode=tracking state=TRACKING evaluated=789 execution_us=56347 reason=tracking_pose_accepted
x=6.29982 y=4.30008 yaw=-0.00707306 score=0.976388 valid=1 mode=tracking state=TRACKING evaluated=789 execution_us=56573 reason=tracking_pose_accepted
x=6.29982 y=4.30008 yaw=-0.0254605 score=0.984283 valid=1 mode=tracking state=TRACKING evaluated=789 execution_us=56687 reason=tracking_pose_accepted
x=6.29982 y=4.30008 yaw=-0.0438479 score=0.98358 valid=1 mode=tracking state=TRACKING evaluated=789 execution_us=58092 reason=tracking_pose_accepted
x=6.29982 y=4.30008 yaw=-0.0273288 score=0.975483 valid=1 mode=tracking state=TRACKING evaluated=789 execution_us=58679 reason=tracking_pose_accepted
x=6.34982 y=4.30008 yaw=-0.0108097 score=0.990072 valid=1 mode=tracking state=TRACKING evaluated=789 execution_us=49967 reason=tracking_pose_accepted
x=6.34982 y=4.30008 yaw=0.00570949 score=0.996304 valid=1 mode=tracking state=TRACKING evaluated=789 execution_us=51873 reason=tracking_pose_accepted
x=6.34982 y=4.30008 yaw=0.00477536 score=0.993201 valid=1 mode=tracking state=TRACKING evaluated=789 execution_us=52248 reason=tracking_pose_accepted
x=6.34982 y=4.30008 yaw=-0.0136121 score=0.994637 valid=1 mode=tracking state=TRACKING evaluated=789 execution_us=51051 reason=tracking_pose_accepted
x=6.34982 y=4.30008 yaw=-0.0145462 score=0.993784 valid=1 mode=tracking state=TRACKING evaluated=789 execution_us=52590 reason=tracking_pose_accepted
x=6.34982 y=4.30008 yaw=-0.0154803 score=0.996603 valid=1 mode=tracking state=TRACKING evaluated=789 execution_us=58022 reason=tracking_pose_accepted
x=6.34982 y=4.30008 yaw=-0.0164144 score=0.996345 valid=1 mode=tracking state=TRACKING evaluated=789 execution_us=58710 reason=tracking_pose_accepted
x=6.34982 y=4.30008 yaw=-0.0173486 score=0.99663 valid=1 mode=tracking state=TRACKING evaluated=789 execution_us=58925 reason=tracking_pose_accepted
x=6.34982 y=4.30008 yaw=-0.0182827 score=0.996333 valid=1 mode=tracking state=TRACKING evaluated=789 execution_us=59248 reason=tracking_pose_accepted
x=6.34982 y=4.30008 yaw=-0.0192168 score=0.997228 valid=1 mode=tracking state=TRACKING evaluated=789 execution_us=56751 reason=tracking_pose_accepted
x=6.34982 y=4.30008 yaw=-0.0201509 score=0.994332 valid=1 mode=tracking state=TRACKING evaluated=789 execution_us=56125 reason=tracking_pose_accepted
x=6.34982 y=4.30008 yaw=-0.0210851 score=0.995264 valid=1 mode=tracking state=TRACKING evaluated=789 execution_us=52686 reason=tracking_pose_accepted
x=6.34981 y=4.30008 yaw=-0.0220192 score=0.994332 valid=1 mode=tracking state=TRACKING evaluated=789 execution_us=53681 reason=tracking_pose_accepted
x=6.34981 y=4.30008 yaw=-0.0229533 score=0.992513 valid=1 mode=tracking state=TRACKING evaluated=789 execution_us=53091 reason=tracking_pose_accepted
x=6.34981 y=4.30008 yaw=-0.0238874 score=0.989124 valid=1 mode=tracking state=TRACKING evaluated=789 execution_us=53577 reason=tracking_pose_accepted
x=6.34981 y=4.35008 yaw=-0.0248216 score=0.983635 valid=1 mode=tracking state=TRACKING evaluated=789 execution_us=54711 reason=tracking_pose_accepted
x=6.34981 y=4.35008 yaw=-0.0257557 score=0.987131 valid=1 mode=tracking state=TRACKING evaluated=789 execution_us=60692 reason=tracking_pose_accepted
x=6.34981 y=4.35008 yaw=-0.0266898 score=0.991078 valid=1 mode=tracking state=TRACKING evaluated=789 execution_us=58952 reason=tracking_pose_accepted
x=6.34981 y=4.35008 yaw=-0.0101706 score=0.996952 valid=1 mode=tracking state=TRACKING evaluated=789 execution_us=58365 reason=tracking_pose_accepted
x=6.34981 y=4.35008 yaw=-0.0285581 score=0.992025 valid=1 mode=tracking state=TRACKING evaluated=789 execution_us=58373 reason=tracking_pose_accepted
x=6.34981 y=4.35008 yaw=-0.0294922 score=0.988397 valid=1 mode=tracking state=TRACKING evaluated=789 execution_us=59190 reason=tracking_pose_accepted
x=6.34981 y=4.35009 yaw=-0.012973 score=0.993464 valid=1 mode=tracking state=TRACKING evaluated=789 execution_us=58537 reason=tracking_pose_accepted
x=6.34981 y=4.35009 yaw=-0.0139072 score=0.990576 valid=1 mode=tracking state=TRACKING evaluated=789 execution_us=55254 reason=tracking_pose_accepted
x=6.34981 y=4.35009 yaw=-0.0148413 score=0.994485 valid=1 mode=tracking state=TRACKING evaluated=789 execution_us=55296 reason=tracking_pose_accepted
x=6.34981 y=4.35009 yaw=-0.0157754 score=0.997574 valid=1 mode=tracking state=TRACKING evaluated=789 execution_us=55491 reason=tracking_pose_accepted
x=6.34981 y=4.35009 yaw=-0.0167095 score=0.996343 valid=1 mode=tracking state=TRACKING evaluated=789 execution_us=55272 reason=tracking_pose_accepted
x=6.34981 y=4.35009 yaw=-0.0176437 score=0.990272 valid=1 mode=tracking state=TRACKING evaluated=789 execution_us=55726 reason=tracking_pose_accepted
x=6.34981 y=4.35009 yaw=-0.0185778 score=0.984093 valid=1 mode=tracking state=TRACKING evaluated=789 execution_us=56446 reason=tracking_pose_accepted
x=6.34981 y=4.40009 yaw=-0.0195119 score=0.988478 valid=1 mode=tracking state=TRACKING evaluated=789 execution_us=60948 reason=tracking_pose_accepted
x=6.34981 y=4.35009 yaw=-0.020446 score=0.992361 valid=1 mode=tracking state=TRACKING evaluated=789 execution_us=50438 reason=tracking_pose_accepted
x=6.34981 y=4.35009 yaw=-0.0213802 score=0.996038 valid=1 mode=tracking state=TRACKING evaluated=789 execution_us=49995 reason=tracking_pose_accepted
x=6.34981 y=4.35009 yaw=-0.0223143 score=0.989112 valid=1 mode=tracking state=TRACKING evaluated=789 execution_us=51182 reason=tracking_pose_accepted
x=6.34981 y=4.35009 yaw=-0.0232484 score=0.988397 valid=1 mode=tracking state=TRACKING evaluated=789 execution_us=50559 reason=tracking_pose_accepted
x=6.3498 y=4.35009 yaw=-0.0241825 score=0.982973 valid=1 mode=tracking state=TRACKING evaluated=789 execution_us=57343 reason=tracking_pose_accepted
x=6.3498 y=4.40009 yaw=-0.0251167 score=0.97923 valid=1 mode=tracking state=TRACKING evaluated=789 execution_us=58240 reason=tracking_pose_accepted
x=6.3498 y=4.40009 yaw=-0.0260508 score=0.982051 valid=1 mode=tracking state=TRACKING evaluated=789 execution_us=58268 reason=tracking_pose_accepted
x=6.3498 y=4.40009 yaw=-0.0269849 score=0.982627 valid=1 mode=tracking state=TRACKING evaluated=789 execution_us=58978 reason=tracking_pose_accepted
x=6.3498 y=4.35009 yaw=-0.027919 score=0.985866 valid=1 mode=tracking state=TRACKING evaluated=789 execution_us=58957 reason=tracking_pose_accepted
x=6.3498 y=4.35009 yaw=-0.0463065 score=0.984314 valid=1 mode=tracking state=TRACKING evaluated=789 execution_us=58723 reason=tracking_pose_accepted
x=6.3498 y=4.40009 yaw=-0.0297873 score=0.984761 valid=1 mode=tracking state=TRACKING evaluated=789 execution_us=52807 reason=tracking_pose_accepted
x=6.3498 y=4.40009 yaw=-0.0307215 score=0.989717 valid=1 mode=tracking state=TRACKING evaluated=789 execution_us=52354 reason=tracking_pose_accepted
x=6.3498 y=4.40009 yaw=-0.0316556 score=0.98936 valid=1 mode=tracking state=TRACKING evaluated=789 execution_us=53658 reason=tracking_pose_accepted
x=6.3498 y=4.35009 yaw=-0.0325897 score=0.986249 valid=1 mode=tracking state=TRACKING evaluated=789 execution_us=52557 reason=tracking_pose_accepted
x=6.3498 y=4.35009 yaw=-0.0509771 score=0.986918 valid=1 mode=tracking state=TRACKING evaluated=789 execution_us=52800 reason=tracking_pose_accepted
x=6.3498 y=4.35009 yaw=-0.034458 score=0.987809 valid=1 mode=tracking state=TRACKING evaluated=789 execution_us=59149 reason=tracking_pose_accepted
x=6.3498 y=4.40009 yaw=-0.0353922 score=0.988205 valid=1 mode=tracking state=TRACKING evaluated=789 execution_us=59947 reason=tracking_pose_accepted
x=6.3498 y=4.40009 yaw=-0.0363263 score=0.989691 valid=1 mode=tracking state=TRACKING evaluated=789 execution_us=59506 reason=tracking_pose_accepted
x=6.3498 y=4.40009 yaw=-0.0372604 score=0.990617 valid=1 mode=tracking state=TRACKING evaluated=789 execution_us=57461 reason=tracking_pose_accepted
x=6.3498 y=4.40009 yaw=-0.0381945 score=0.98556 valid=1 mode=tracking state=TRACKING evaluated=789 execution_us=56684 reason=tracking_pose_accepted
x=6.3498 y=4.35009 yaw=-0.0391286 score=0.985828 valid=1 mode=tracking state=TRACKING evaluated=789 execution_us=56843 reason=tracking_pose_accepted
x=6.3498 y=4.35009 yaw=-0.0400628 score=0.981456 valid=1 mode=tracking state=TRACKING evaluated=789 execution_us=54431 reason=tracking_pose_accepted
x=6.3498 y=4.40009 yaw=-0.0409969 score=0.983584 valid=1 mode=tracking state=TRACKING evaluated=789 execution_us=53935 reason=tracking_pose_accepted
x=6.3498 y=4.40009 yaw=-0.0419311 score=0.98328 valid=1 mode=tracking state=TRACKING evaluated=789 execution_us=53969 reason=tracking_pose_accepted
x=6.3498 y=4.40009 yaw=-0.0428653 score=0.981443 valid=1 mode=tracking state=TRACKING evaluated=789 execution_us=54946 reason=tracking_pose_accepted
x=6.34979 y=4.35009 yaw=-0.0437995 score=0.984039 valid=1 mode=tracking state=TRACKING evaluated=789 execution_us=54228 reason=tracking_pose_accepted
x=6.34979 y=4.35009 yaw=-0.0447336 score=0.985604 valid=1 mode=tracking state=TRACKING evaluated=789 execution_us=55220 reason=tracking_pose_accepted
x=6.34979 y=4.35009 yaw=-0.0456678 score=0.983582 valid=1 mode=tracking state=TRACKING evaluated=789 execution_us=58200 reason=tracking_pose_accepted
x=6.34979 y=4.35009 yaw=-0.046602 score=0.985337 valid=1 mode=tracking state=TRACKING evaluated=789 execution_us=58936 reason=tracking_pose_accepted
x=6.34979 y=4.40009 yaw=-0.0300829 score=0.988175 valid=1 mode=tracking state=TRACKING evaluated=789 execution_us=59453 reason=tracking_pose_accepted
x=6.34979 y=4.40009 yaw=-0.031017 score=0.989637 valid=1 mode=tracking state=TRACKING evaluated=789 execution_us=58894 reason=tracking_pose_accepted
x=6.34979 y=4.40009 yaw=-0.0319511 score=0.988723 valid=1 mode=tracking state=TRACKING evaluated=789 execution_us=59141 reason=tracking_pose_accepted
x=6.34979 y=4.40009 yaw=-0.0328852 score=0.986016 valid=1 mode=tracking state=TRACKING evaluated=789 execution_us=59874 reason=tracking_pose_accepted
x=6.34979 y=4.35009 yaw=-0.0338194 score=0.987504 valid=1 mode=tracking state=TRACKING evaluated=789 execution_us=56548 reason=tracking_pose_accepted
x=6.34979 y=4.40009 yaw=-0.0347535 score=0.988752 valid=1 mode=tracking state=TRACKING evaluated=789 execution_us=56370 reason=tracking_pose_accepted
x=6.34979 y=4.40009 yaw=-0.0356876 score=0.989664 valid=1 mode=tracking state=TRACKING evaluated=789 execution_us=56866 reason=tracking_pose_accepted
x=6.34979 y=4.40009 yaw=-0.0366217 score=0.989994 valid=1 mode=tracking state=TRACKING evaluated=789 execution_us=56926 reason=tracking_pose_accepted
x=6.34979 y=4.40009 yaw=-0.0375559 score=0.98936 valid=1 mode=tracking state=TRACKING evaluated=789 execution_us=101536 reason=tracking_pose_accepted
x=6.34979 y=4.40009 yaw=-0.03849 score=0.981592 valid=1 mode=tracking state=TRACKING evaluated=789 execution_us=95393 reason=tracking_pose_accepted
x=6.34979 y=4.40009 yaw=-0.0394241 score=0.983499 valid=1 mode=tracking state=TRACKING evaluated=789 execution_us=47044 reason=tracking_pose_accepted
x=6.34979 y=4.40009 yaw=-0.0403582 score=0.98328 valid=1 mode=tracking state=TRACKING evaluated=789 execution_us=52004 reason=tracking_pose_accepted
x=6.34979 y=4.35009 yaw=-0.0412924 score=0.979568 valid=1 mode=tracking state=TRACKING evaluated=789 execution_us=51447 reason=tracking_pose_accepted
x=6.34979 y=4.40009 yaw=-0.0422266 score=0.984324 valid=1 mode=tracking state=TRACKING evaluated=789 execution_us=51778 reason=tracking_pose_accepted
x=6.34979 y=4.35009 yaw=-0.0431607 score=0.984081 valid=1 mode=tracking state=TRACKING evaluated=789 execution_us=51570 reason=tracking_pose_accepted
x=6.34979 y=4.35009 yaw=-0.0440949 score=0.981935 valid=1 mode=tracking state=TRACKING evaluated=789 execution_us=58600 reason=tracking_pose_accepted
x=6.34979 y=4.35009 yaw=-0.0450291 score=0.985337 valid=1 mode=tracking state=TRACKING evaluated=789 execution_us=59180 reason=tracking_pose_accepted
x=6.34978 y=4.40009 yaw=-0.02851 score=0.985143 valid=1 mode=tracking state=TRACKING evaluated=789 execution_us=58969 reason=tracking_pose_accepted
x=6.34978 y=4.40009 yaw=-0.0294441 score=0.987199 valid=1 mode=tracking state=TRACKING evaluated=789 execution_us=59814 reason=tracking_pose_accepted
x=6.34978 y=4.40009 yaw=-0.0303782 score=0.989637 valid=1 mode=tracking state=TRACKING evaluated=789 execution_us=59239 reason=tracking_pose_accepted
x=6.34978 y=4.40009 yaw=-0.0313123 score=0.98784 valid=1 mode=tracking state=TRACKING evaluated=789 execution_us=51466 reason=tracking_pose_accepted
x=6.34978 y=4.40009 yaw=-0.0322465 score=0.98639 valid=1 mode=tracking state=TRACKING evaluated=789 execution_us=93223 reason=tracking_pose_accepted
x=6.34978 y=4.40009 yaw=-0.0331806 score=0.986928 valid=1 mode=tracking state=TRACKING evaluated=789 execution_us=48199 reason=tracking_pose_accepted
x=6.34978 y=4.40009 yaw=-0.0341147 score=0.988752 valid=1 mode=tracking state=TRACKING evaluated=789 execution_us=53027 reason=tracking_pose_accepted
x=6.34978 y=4.40009 yaw=-0.0350488 score=0.990856 valid=1 mode=tracking state=TRACKING evaluated=789 execution_us=54053 reason=tracking_pose_accepted
x=6.34978 y=4.40009 yaw=-0.035983 score=0.98936 valid=1 mode=tracking state=TRACKING evaluated=789 execution_us=55018 reason=tracking_pose_accepted
x=6.34978 y=4.40009 yaw=-0.0369171 score=0.988781 valid=1 mode=tracking state=TRACKING evaluated=789 execution_us=57578 reason=tracking_pose_accepted
x=6.34978 y=4.40009 yaw=-0.0378512 score=0.988752 valid=1 mode=tracking state=TRACKING evaluated=789 execution_us=58220 reason=tracking_pose_accepted
x=6.34978 y=4.40009 yaw=-0.0387853 score=0.985523 valid=1 mode=tracking state=TRACKING evaluated=789 execution_us=58944 reason=tracking_pose_accepted
x=6.34978 y=4.35009 yaw=-0.0397194 score=0.98133 valid=1 mode=tracking state=TRACKING evaluated=789 execution_us=57542 reason=tracking_pose_accepted
x=6.34978 y=4.40009 yaw=-0.0406536 score=0.985066 valid=1 mode=tracking state=TRACKING evaluated=789 execution_us=57958 reason=tracking_pose_accepted
x=6.34978 y=4.40009 yaw=-0.0415878 score=0.983323 valid=1 mode=tracking state=TRACKING evaluated=789 execution_us=54017 reason=tracking_pose_accepted
x=6.34978 y=4.40009 yaw=-0.042522 score=0.982064 valid=1 mode=tracking state=TRACKING evaluated=789 execution_us=54596 reason=tracking_pose_accepted
x=6.34978 y=4.35009 yaw=-0.0434561 score=0.982145 valid=1 mode=tracking state=TRACKING evaluated=789 execution_us=55043 reason=tracking_pose_accepted
x=6.34978 y=4.35009 yaw=-0.0443903 score=0.981801 valid=1 mode=tracking state=TRACKING evaluated=789 execution_us=54915 reason=tracking_pose_accepted
x=6.34978 y=4.35009 yaw=-0.0453245 score=0.979377 valid=1 mode=tracking state=TRACKING evaluated=789 execution_us=56231 reason=tracking_pose_accepted
x=6.34978 y=4.40009 yaw=-0.0288054 score=0.989028 valid=1 mode=tracking state=TRACKING evaluated=789 execution_us=55504 reason=tracking_pose_accepted
x=6.34978 y=4.40009 yaw=-0.0297395 score=0.987568 valid=1 mode=tracking state=TRACKING evaluated=789 execution_us=58656 reason=tracking_pose_accepted
x=6.34977 y=4.40009 yaw=-0.0306736 score=0.986624 valid=1 mode=tracking state=TRACKING evaluated=789 execution_us=59680 reason=tracking_pose_accepted
x=6.34977 y=4.40009 yaw=-0.0316077 score=0.986962 valid=1 mode=tracking state=TRACKING evaluated=789 execution_us=59244 reason=tracking_pose_accepted
x=6.34977 y=4.40009 yaw=-0.0325419 score=0.98784 valid=1 mode=tracking state=TRACKING evaluated=789 execution_us=59729 reason=tracking_pose_accepted
x=6.34977 y=4.40009 yaw=-0.033476 score=0.990833 valid=1 mode=tracking state=TRACKING evaluated=789 execution_us=59865 reason=tracking_pose_accepted
x=6.34977 y=4.40009 yaw=-0.0344101 score=0.989664 valid=1 mode=tracking state=TRACKING evaluated=789 execution_us=49800 reason=tracking_pose_accepted
x=6.34977 y=4.40009 yaw=-0.0353442 score=0.989388 valid=1 mode=tracking state=TRACKING evaluated=789 execution_us=57582 reason=tracking_pose_accepted
x=6.34977 y=4.40009 yaw=-0.0362784 score=0.988752 valid=1 mode=tracking state=TRACKING evaluated=789 execution_us=57325 reason=tracking_pose_accepted
x=6.34977 y=4.40009 yaw=-0.0372125 score=0.985864 valid=1 mode=tracking state=TRACKING evaluated=789 execution_us=56797 reason=tracking_pose_accepted
x=6.34977 y=4.40009 yaw=-0.0381466 score=0.984952 valid=1 mode=tracking state=TRACKING evaluated=789 execution_us=58499 reason=tracking_pose_accepted
x=6.34977 y=4.40009 yaw=-0.0390807 score=0.986742 valid=1 mode=tracking state=TRACKING evaluated=789 execution_us=57596 reason=tracking_pose_accepted
x=6.34977 y=4.40009 yaw=-0.0400148 score=0.987013 valid=1 mode=tracking state=TRACKING evaluated=789 execution_us=64213 reason=tracking_pose_accepted
x=6.34977 y=4.35009 yaw=-0.040949 score=0.983166 valid=1 mode=tracking state=TRACKING evaluated=789 execution_us=51345 reason=tracking_pose_accepted
x=6.34977 y=4.35009 yaw=-0.0418832 score=0.982363 valid=1 mode=tracking state=TRACKING evaluated=789 execution_us=50939 reason=tracking_pose_accepted
x=6.34977 y=4.35009 yaw=-0.0428174 score=0.982672 valid=1 mode=tracking state=TRACKING evaluated=789 execution_us=51538 reason=tracking_pose_accepted
x=6.34977 y=4.40009 yaw=-0.0437516 score=0.983473 valid=1 mode=tracking state=TRACKING evaluated=789 execution_us=51591 reason=tracking_pose_accepted
x=6.34977 y=4.35009 yaw=-0.0446857 score=0.984162 valid=1 mode=tracking state=TRACKING evaluated=789 execution_us=52063 reason=tracking_pose_accepted
x=6.34977 y=4.35009 yaw=-0.0456199 score=0.980938 valid=1 mode=tracking state=TRACKING evaluated=789 execution_us=59461 reason=tracking_pose_accepted
x=6.34977 y=4.40009 yaw=-0.0291008 score=0.988205 valid=1 mode=tracking state=TRACKING evaluated=789 execution_us=59353 reason=tracking_pose_accepted
x=6.34977 y=4.40009 yaw=-0.0300349 score=0.986693 valid=1 mode=tracking state=TRACKING evaluated=789 execution_us=59065 reason=tracking_pose_accepted
x=6.34977 y=4.40009 yaw=-0.030969 score=0.987568 valid=1 mode=tracking state=TRACKING evaluated=789 execution_us=59503 reason=tracking_pose_accepted
x=6.34977 y=4.40009 yaw=-0.0319031 score=0.989637 valid=1 mode=tracking state=TRACKING evaluated=789 execution_us=56164 reason=tracking_pose_accepted
x=6.34976 y=4.40009 yaw=-0.0328373 score=0.988723 valid=1 mode=tracking state=TRACKING evaluated=789 execution_us=52997 reason=tracking_pose_accepted
x=6.34976 y=4.40009 yaw=-0.0337714 score=0.988448 valid=1 mode=tracking state=TRACKING evaluated=789 execution_us=53425 reason=tracking_pose_accepted
x=6.34976 y=4.40009 yaw=-0.0347055 score=0.989084 valid=1 mode=tracking state=TRACKING evaluated=789 execution_us=53080 reason=tracking_pose_accepted
x=6.34976 y=4.40009 yaw=-0.0356396 score=0.989056 valid=1 mode=tracking state=TRACKING evaluated=789 execution_us=54043 reason=tracking_pose_accepted
x=6.34976 y=4.40009 yaw=-0.0365738 score=0.989388 valid=1 mode=tracking state=TRACKING evaluated=789 execution_us=53876 reason=tracking_pose_accepted
x=6.34976 y=4.40009 yaw=-0.0375079 score=0.989637 valid=1 mode=tracking state=TRACKING evaluated=789 execution_us=53817 reason=tracking_pose_accepted
x=6.34976 y=4.40009 yaw=-0.038442 score=0.985372 valid=1 mode=tracking state=TRACKING evaluated=789 execution_us=58286 reason=tracking_pose_accepted
x=6.34976 y=4.40009 yaw=-0.0393761 score=0.98411 valid=1 mode=tracking state=TRACKING evaluated=789 execution_us=57513 reason=tracking_pose_accepted
x=6.34976 y=4.35009 yaw=-0.0403102 score=0.980372 valid=1 mode=tracking state=TRACKING evaluated=789 execution_us=58240 reason=tracking_pose_accepted
x=6.34976 y=4.40009 yaw=-0.0412444 score=0.984648 valid=1 mode=tracking state=TRACKING evaluated=789 execution_us=58325 reason=tracking_pose_accepted
x=6.34976 y=4.40009 yaw=-0.0421786 score=0.983017 valid=1 mode=tracking state=TRACKING evaluated=789 execution_us=58169 reason=tracking_pose_accepted
x=6.34976 y=4.40009 yaw=-0.0431128 score=0.981091 valid=1 mode=tracking state=TRACKING evaluated=789 execution_us=59147 reason=tracking_pose_accepted
x=6.34976 y=4.35009 yaw=-0.0440469 score=0.981585 valid=1 mode=tracking state=TRACKING evaluated=789 execution_us=55133 reason=tracking_pose_accepted
x=6.34976 y=4.40009 yaw=-0.0275278 score=0.98784 valid=1 mode=tracking state=TRACKING evaluated=789 execution_us=55015 reason=tracking_pose_accepted
x=6.34976 y=4.35009 yaw=-0.0459152 score=0.981504 valid=1 mode=tracking state=TRACKING evaluated=789 execution_us=56033 reason=tracking_pose_accepted
x=6.34976 y=4.35009 yaw=-0.0468494 score=0.982976 valid=1 mode=tracking state=TRACKING evaluated=789 execution_us=55456 reason=tracking_pose_accepted
x=6.34976 y=4.40009 yaw=-0.0303303 score=0.988448 valid=1 mode=tracking state=TRACKING evaluated=789 execution_us=55294 reason=tracking_pose_accepted
x=6.34976 y=4.40009 yaw=-0.0312644 score=0.988418 valid=1 mode=tracking state=TRACKING evaluated=789 execution_us=63484 reason=tracking_pose_accepted
x=6.34976 y=4.40009 yaw=-0.0321985 score=0.988752 valid=1 mode=tracking state=TRACKING evaluated=789 execution_us=59762 reason=tracking_pose_accepted
x=6.34976 y=4.40009 yaw=-0.0331327 score=0.988508 valid=1 mode=tracking state=TRACKING evaluated=789 execution_us=60254 reason=tracking_pose_accepted
mission_command=STOP
x=6.34976 y=4.40009 yaw=-0.0340668 score=0.990552 valid=1 mode=tracking state=TRACKING evaluated=789 execution_us=59096 reason=tracking_pose_accepted
[YDLIDAR] Now lidar scanning has stopped!
lidar_state=STOPPED
signal_handler(15)
