mission_command=START
[YDLIDAR] SDK initializing
[YDLIDAR] SDK has been initialized
[YDLIDAR] SDK Version: 1.2.7
[YDLIDAR] Lidar successfully connected [/dev/ttyS3:230400]
[YDLIDAR] Lidar running correctly! The health status: good
Current Lidar Model Code 151
[YDLIDAR] Baseplate device info
Firmware version: 1.2
Hardware version: 1
Model: Tmini Plus
Serial: 2025042300090381
[YDLIDAR] Current scan frequency: 10.00Hz
[YDLIDAR] Current scan frequency: 10.00Hz
[YDLIDAR] Lidar init success, Elapsed time 1028 ms
[YDLIDAR] Create thread 0xA69CA4C0
[YDLIDAR] Successed to start scan mode, Elapsed time 2097 ms
[YDLIDAR] Scan Frequency: 10.00Hz
[YDLIDAR] Fixed Size: 400
[YDLIDAR] Sample Rate: 4.00K
[YDLIDAR] Successed to check the lidar, Elapsed time 0 ms
[2026-07-24 01:25:54][info] [YDLIDAR] Now lidar is scanning...
lidar_state=RUNNING
x=3.25 y=2.1 yaw=1.13446 score=0.980895 valid=1 mode=global state=RECOVERED evaluated=15444 execution_us=837857 reason=initial_global_pose_accepted
x=3.25 y=2.1 yaw=1.13353 score=0.982405 valid=1 mode=tracking state=RECOVERED evaluated=789 execution_us=45700 reason=recovery_confirmation_pending
x=3.25 y=2.1 yaw=1.1326 score=0.98519 valid=1 mode=tracking state=RECOVERED evaluated=789 execution_us=44032 reason=recovery_confirmation_pending
x=3.25 y=2.1 yaw=1.13166 score=0.983162 valid=1 mode=tracking state=TRACKING evaluated=789 execution_us=43557 reason=recovery_confirmed
x=3.25 y=2.1 yaw=1.13073 score=0.983813 valid=1 mode=tracking state=TRACKING evaluated=789 execution_us=43089 reason=tracking_pose_accepted
x=3.25 y=2.1 yaw=1.14725 score=0.98344 valid=1 mode=tracking state=TRACKING evaluated=789 execution_us=42991 reason=tracking_pose_accepted
x=3.25 y=2.1 yaw=1.12886 score=0.98421 valid=1 mode=tracking state=TRACKING evaluated=789 execution_us=43457 reason=tracking_pose_accepted
x=3.25 y=2.1 yaw=1.12792 score=0.983486 valid=1 mode=tracking state=TRACKING evaluated=789 execution_us=43450 reason=tracking_pose_accepted
x=3.25 y=2.1 yaw=1.12699 score=0.981507 valid=1 mode=tracking state=TRACKING evaluated=789 execution_us=43568 reason=tracking_pose_accepted
x=3.25 y=2.1 yaw=1.12606 score=0.981609 valid=1 mode=tracking state=TRACKING evaluated=789 execution_us=43504 reason=tracking_pose_accepted
x=3.25 y=2.1 yaw=1.12512 score=0.982368 valid=1 mode=tracking state=TRACKING evaluated=789 execution_us=43345 reason=tracking_pose_accepted
x=3.25 y=2.1 yaw=1.12419 score=0.98143 valid=1 mode=tracking state=TRACKING evaluated=789 execution_us=43423 reason=tracking_pose_accepted
x=3.25 y=2.1 yaw=1.14071 score=0.983362 valid=1 mode=tracking state=TRACKING evaluated=789 execution_us=43605 reason=tracking_pose_accepted
x=3.25 y=2.1 yaw=1.13977 score=0.981183 valid=1 mode=tracking state=TRACKING evaluated=789 execution_us=44086 reason=tracking_pose_accepted
x=3.25 y=2.1 yaw=1.13884 score=0.985344 valid=1 mode=tracking state=TRACKING evaluated=789 execution_us=43164 reason=tracking_pose_accepted
x=3.25 y=2.1 yaw=1.15536 score=0.980526 valid=1 mode=tracking state=TRACKING evaluated=789 execution_us=43746 reason=tracking_pose_accepted
x=3.25 y=2.1 yaw=1.13697 score=0.98451 valid=1 mode=tracking state=TRACKING evaluated=789 execution_us=43536 reason=tracking_pose_accepted
x=3.25 y=2.1 yaw=1.13604 score=0.981222 valid=1 mode=tracking state=TRACKING evaluated=789 execution_us=43679 reason=tracking_pose_accepted
x=3.25 y=2.1 yaw=1.1351 score=0.983886 valid=1 mode=tracking state=TRACKING evaluated=789 execution_us=43062 reason=tracking_pose_accepted
x=3.25 y=2.1 yaw=1.13417 score=0.981081 valid=1 mode=tracking state=TRACKING evaluated=789 execution_us=42852 reason=tracking_pose_accepted
x=3.25 y=2.1 yaw=1.13323 score=0.980964 valid=1 mode=tracking state=TRACKING evaluated=789 execution_us=43990 reason=tracking_pose_accepted
x=3.25 y=2.1 yaw=1.1323 score=0.980537 valid=1 mode=tracking state=TRACKING evaluated=789 execution_us=44470 reason=tracking_pose_accepted
x=3.25 y=2.1 yaw=1.14882 score=0.98344 valid=1 mode=tracking state=TRACKING evaluated=789 execution_us=43400 reason=tracking_pose_accepted
x=3.25 y=2.1 yaw=1.13043 score=0.983124 valid=1 mode=tracking state=TRACKING evaluated=789 execution_us=44165 reason=tracking_pose_accepted
x=3.25 y=2.1 yaw=1.1295 score=0.982549 valid=1 mode=tracking state=TRACKING evaluated=789 execution_us=43655 reason=tracking_pose_accepted
x=3.25 y=2.1 yaw=1.12856 score=0.981971 valid=1 mode=tracking state=TRACKING evaluated=789 execution_us=43732 reason=tracking_pose_accepted
x=3.25 y=2.1 yaw=1.12763 score=0.983586 valid=1 mode=tracking state=TRACKING evaluated=789 execution_us=43193 reason=tracking_pose_accepted
x=3.25 y=2.1 yaw=1.12669 score=0.982296 valid=1 mode=tracking state=TRACKING evaluated=789 execution_us=43401 reason=tracking_pose_accepted
x=3.25 y=2.1 yaw=1.16067 score=0.98301 valid=1 mode=tracking state=TRACKING evaluated=789 execution_us=44075 reason=tracking_pose_accepted
x=3.25 y=2.1 yaw=1.12483 score=0.98215 valid=1 mode=tracking state=TRACKING evaluated=789 execution_us=43280 reason=tracking_pose_accepted
x=3.25 y=2.1 yaw=1.14135 score=0.981412 valid=1 mode=tracking state=TRACKING evaluated=789 execution_us=43341 reason=tracking_pose_accepted
x=3.25 y=2.1 yaw=1.14041 score=0.979799 valid=1 mode=tracking state=TRACKING evaluated=789 execution_us=43371 reason=tracking_pose_accepted
x=3.25 y=2.1 yaw=1.13948 score=0.978561 valid=1 mode=tracking state=TRACKING evaluated=789 execution_us=43731 reason=tracking_pose_accepted
x=3.25 y=2.1 yaw=1.13854 score=0.981357 valid=1 mode=tracking state=TRACKING evaluated=789 execution_us=43663 reason=tracking_pose_accepted
x=3.25 y=2.1 yaw=1.13761 score=0.983507 valid=1 mode=tracking state=TRACKING evaluated=789 execution_us=43764 reason=tracking_pose_accepted
x=3.25 y=2.1 yaw=1.13667 score=0.982156 valid=1 mode=tracking state=TRACKING evaluated=789 execution_us=43481 reason=tracking_pose_accepted
x=3.25 y=2.1 yaw=1.13574 score=0.982165 valid=1 mode=tracking state=TRACKING evaluated=789 execution_us=43422 reason=tracking_pose_accepted
x=3.25 y=2.1 yaw=1.13481 score=0.984013 valid=1 mode=tracking state=TRACKING evaluated=789 execution_us=43327 reason=tracking_pose_accepted
x=3.25 y=2.1 yaw=1.13387 score=0.983346 valid=1 mode=tracking state=TRACKING evaluated=789 execution_us=43024 reason=tracking_pose_accepted
x=3.25 y=2.1 yaw=1.13294 score=0.981655 valid=1 mode=tracking state=TRACKING evaluated=789 execution_us=43854 reason=tracking_pose_accepted
x=3.25 y=2.1 yaw=1.132 score=0.983787 valid=1 mode=tracking state=TRACKING evaluated=789 execution_us=43392 reason=tracking_pose_accepted
x=3.25 y=2.1 yaw=1.13107 score=0.98339 valid=1 mode=tracking state=TRACKING evaluated=789 execution_us=43404 reason=tracking_pose_accepted
x=3.25 y=2.1 yaw=1.14759 score=0.982186 valid=1 mode=tracking state=TRACKING evaluated=789 execution_us=43242 reason=tracking_pose_accepted
x=3.25 y=2.1 yaw=1.1292 score=0.985206 valid=1 mode=tracking state=TRACKING evaluated=789 execution_us=43661 reason=tracking_pose_accepted
x=3.25 y=2.1 yaw=1.12827 score=0.982938 valid=1 mode=tracking state=TRACKING evaluated=789 execution_us=44009 reason=tracking_pose_accepted
x=3.25 y=2.1 yaw=1.12733 score=0.983007 valid=1 mode=tracking state=TRACKING evaluated=789 execution_us=43434 reason=tracking_pose_accepted
x=3.25 y=2.1 yaw=1.1264 score=0.981713 valid=1 mode=tracking state=TRACKING evaluated=789 execution_us=43243 reason=tracking_pose_accepted
x=3.25 y=2.1 yaw=1.16037 score=0.981928 valid=1 mode=tracking state=TRACKING evaluated=789 execution_us=43740 reason=tracking_pose_accepted
x=3.25 y=2.1 yaw=1.14198 score=0.983051 valid=1 mode=tracking state=TRACKING evaluated=789 execution_us=43272 reason=tracking_pose_accepted
x=3.25 y=2.1 yaw=1.1585 score=0.981816 valid=1 mode=tracking state=TRACKING evaluated=789 execution_us=43478 reason=tracking_pose_accepted
x=3.25 y=2.1 yaw=1.14012 score=0.981099 valid=1 mode=tracking state=TRACKING evaluated=789 execution_us=43318 reason=tracking_pose_accepted
x=3.25 y=2.1 yaw=1.13918 score=0.981606 valid=1 mode=tracking state=TRACKING evaluated=789 execution_us=43358 reason=tracking_pose_accepted
x=3.25 y=2.1 yaw=1.13825 score=0.984499 valid=1 mode=tracking state=TRACKING evaluated=789 execution_us=43567 reason=tracking_pose_accepted
x=3.25 y=2.1 yaw=1.13731 score=0.983024 valid=1 mode=tracking state=TRACKING evaluated=789 execution_us=43371 reason=tracking_pose_accepted
x=3.25 y=2.1 yaw=1.13638 score=0.981533 valid=1 mode=tracking state=TRACKING evaluated=789 execution_us=43451 reason=tracking_pose_accepted
x=3.25 y=2.1 yaw=1.13545 score=0.981367 valid=1 mode=tracking state=TRACKING evaluated=789 execution_us=43727 reason=tracking_pose_accepted
x=3.25 y=2.1 yaw=1.13451 score=0.981205 valid=1 mode=tracking state=TRACKING evaluated=789 execution_us=43652 reason=tracking_pose_accepted
x=3.25 y=2.1 yaw=1.13358 score=0.983432 valid=1 mode=tracking state=TRACKING evaluated=789 execution_us=43442 reason=tracking_pose_accepted
x=3.25 y=2.1 yaw=1.13264 score=0.983562 valid=1 mode=tracking state=TRACKING evaluated=789 execution_us=44059 reason=tracking_pose_accepted
x=3.25 y=2.1 yaw=1.13171 score=0.980227 valid=1 mode=tracking state=TRACKING evaluated=789 execution_us=43771 reason=tracking_pose_accepted
x=3.25 y=2.1 yaw=1.13077 score=0.98214 valid=1 mode=tracking state=TRACKING evaluated=789 execution_us=43368 reason=tracking_pose_accepted
x=3.25 y=2.1 yaw=1.12984 score=0.983856 valid=1 mode=tracking state=TRACKING evaluated=789 execution_us=43425 reason=tracking_pose_accepted
x=3.25 y=2.1 yaw=1.12891 score=0.983899 valid=1 mode=tracking state=TRACKING evaluated=789 execution_us=43280 reason=tracking_pose_accepted
x=3.25 y=2.1 yaw=1.16288 score=0.981575 valid=1 mode=tracking state=TRACKING evaluated=789 execution_us=43510 reason=tracking_pose_accepted
x=3.25 y=2.1 yaw=1.12704 score=0.983456 valid=1 mode=tracking state=TRACKING evaluated=789 execution_us=43313 reason=tracking_pose_accepted
x=3.25 y=2.1 yaw=1.14356 score=0.981049 valid=1 mode=tracking state=TRACKING evaluated=789 execution_us=43534 reason=tracking_pose_accepted
x=3.25 y=2.1 yaw=1.16008 score=0.982144 valid=1 mode=tracking state=TRACKING evaluated=789 execution_us=43763 reason=tracking_pose_accepted
x=3.25 y=2.1 yaw=1.12424 score=0.982103 valid=1 mode=tracking state=TRACKING evaluated=789 execution_us=43230 reason=tracking_pose_accepted
x=3.25 y=2.1 yaw=1.14075 score=0.98394 valid=1 mode=tracking state=TRACKING evaluated=789 execution_us=43419 reason=tracking_pose_accepted
x=3.25 y=2.1 yaw=1.13982 score=0.983137 valid=1 mode=tracking state=TRACKING evaluated=789 execution_us=44093 reason=tracking_pose_accepted
x=3.25 y=2.1 yaw=1.13889 score=0.980815 valid=1 mode=tracking state=TRACKING evaluated=789 execution_us=43532 reason=tracking_pose_accepted
x=3.25 y=2.1 yaw=1.13795 score=0.98088 valid=1 mode=tracking state=TRACKING evaluated=789 execution_us=43506 reason=tracking_pose_accepted
x=3.25 y=2.1 yaw=1.13702 score=0.98358 valid=1 mode=tracking state=TRACKING evaluated=789 execution_us=43093 reason=tracking_pose_accepted
x=3.25 y=2.1 yaw=1.13608 score=0.984864 valid=1 mode=tracking state=TRACKING evaluated=789 execution_us=43331 reason=tracking_pose_accepted
x=3.25 y=2.1 yaw=1.13515 score=0.981532 valid=1 mode=tracking state=TRACKING evaluated=789 execution_us=43444 reason=tracking_pose_accepted
x=3.25 y=2.1 yaw=1.13422 score=0.981755 valid=1 mode=tracking state=TRACKING evaluated=789 execution_us=42892 reason=tracking_pose_accepted
x=3.25 y=2.1 yaw=1.13328 score=0.983471 valid=1 mode=tracking state=TRACKING evaluated=789 execution_us=43136 reason=tracking_pose_accepted
x=3.25 y=2.1 yaw=1.13235 score=0.983124 valid=1 mode=tracking state=TRACKING evaluated=789 execution_us=43532 reason=tracking_pose_accepted
x=3.25 y=2.1 yaw=1.13141 score=0.983165 valid=1 mode=tracking state=TRACKING evaluated=789 execution_us=43191 reason=tracking_pose_accepted
x=3.25 y=2.1 yaw=1.14793 score=0.98344 valid=1 mode=tracking state=TRACKING evaluated=789 execution_us=43214 reason=tracking_pose_accepted
x=3.25 y=2.1 yaw=1.147 score=0.983527 valid=1 mode=tracking state=TRACKING evaluated=789 execution_us=43671 reason=tracking_pose_accepted
x=3.25 y=2.1 yaw=1.12861 score=0.982187 valid=1 mode=tracking state=TRACKING evaluated=789 execution_us=43336 reason=tracking_pose_accepted
x=3.25 y=2.1 yaw=1.14513 score=0.980578 valid=1 mode=tracking state=TRACKING evaluated=789 execution_us=43708 reason=tracking_pose_accepted
x=3.25 y=2.1 yaw=1.12674 score=0.980975 valid=1 mode=tracking state=TRACKING evaluated=789 execution_us=43054 reason=tracking_pose_accepted
x=3.25 y=2.1 yaw=1.12581 score=0.983798 valid=1 mode=tracking state=TRACKING evaluated=789 execution_us=79127 reason=tracking_pose_accepted
x=3.25 y=2.1 yaw=1.12487 score=0.982275 valid=1 mode=tracking state=TRACKING evaluated=789 execution_us=43992 reason=tracking_pose_accepted
x=3.25 y=2.1 yaw=1.12394 score=0.982509 valid=1 mode=tracking state=TRACKING evaluated=789 execution_us=43231 reason=tracking_pose_accepted
x=3.25 y=2.1 yaw=1.12301 score=0.981068 valid=1 mode=tracking state=TRACKING evaluated=789 execution_us=43271 reason=tracking_pose_accepted
x=3.25 y=2.1 yaw=1.13952 score=0.983627 valid=1 mode=tracking state=TRACKING evaluated=789 execution_us=43474 reason=tracking_pose_accepted
x=3.25 y=2.1 yaw=1.13859 score=0.979934 valid=1 mode=tracking state=TRACKING evaluated=789 execution_us=43216 reason=tracking_pose_accepted
x=3.25 y=2.1 yaw=1.13766 score=0.980143 valid=1 mode=tracking state=TRACKING evaluated=789 execution_us=43485 reason=tracking_pose_accepted
x=3.25 y=2.1 yaw=1.13672 score=0.983336 valid=1 mode=tracking state=TRACKING evaluated=789 execution_us=43240 reason=tracking_pose_accepted
x=3.25 y=2.1 yaw=1.13579 score=0.980905 valid=1 mode=tracking state=TRACKING evaluated=789 execution_us=43138 reason=tracking_pose_accepted
x=3.25 y=2.1 yaw=1.13485 score=0.983702 valid=1 mode=tracking state=TRACKING evaluated=789 execution_us=43968 reason=tracking_pose_accepted
x=3.25 y=2.1 yaw=1.13392 score=0.982722 valid=1 mode=tracking state=TRACKING evaluated=789 execution_us=43307 reason=tracking_pose_accepted
x=3.25 y=2.1 yaw=1.13299 score=0.983079 valid=1 mode=tracking state=TRACKING evaluated=789 execution_us=43392 reason=tracking_pose_accepted
x=3.25 y=2.1 yaw=1.13205 score=0.982498 valid=1 mode=tracking state=TRACKING evaluated=789 execution_us=79725 reason=tracking_pose_accepted
x=3.25 y=2.1 yaw=1.13112 score=0.982187 valid=1 mode=tracking state=TRACKING evaluated=789 execution_us=44655 reason=tracking_pose_accepted
x=3.25 y=2.1 yaw=1.13018 score=0.980538 valid=1 mode=tracking state=TRACKING evaluated=789 execution_us=43441 reason=tracking_pose_accepted
x=3.25 y=2.1 yaw=1.16416 score=0.982515 valid=1 mode=tracking state=TRACKING evaluated=789 execution_us=43222 reason=tracking_pose_accepted
x=3.25 y=2.1 yaw=1.12831 score=0.982848 valid=1 mode=tracking state=TRACKING evaluated=789 execution_us=44057 reason=tracking_pose_accepted
x=3.25 y=2.1 yaw=1.12738 score=0.982803 valid=1 mode=tracking state=TRACKING evaluated=789 execution_us=44059 reason=tracking_pose_accepted
x=3.25 y=2.1 yaw=1.12645 score=0.982343 valid=1 mode=tracking state=TRACKING evaluated=789 execution_us=43488 reason=tracking_pose_accepted
x=3.25 y=2.1 yaw=1.16042 score=0.98188 valid=1 mode=tracking state=TRACKING evaluated=789 execution_us=54276 reason=tracking_pose_accepted
x=3.25 y=2.1 yaw=1.15948 score=0.981305 valid=1 mode=tracking state=TRACKING evaluated=789 execution_us=44352 reason=tracking_pose_accepted
x=3.25 y=2.1 yaw=1.12364 score=0.982233 valid=1 mode=tracking state=TRACKING evaluated=789 execution_us=43525 reason=tracking_pose_accepted
x=3.25 y=2.1 yaw=1.14016 score=0.981703 valid=1 mode=tracking state=TRACKING evaluated=789 execution_us=43723 reason=tracking_pose_accepted
x=3.25 y=2.1 yaw=1.13923 score=0.982275 valid=1 mode=tracking state=TRACKING evaluated=789 execution_us=43736 reason=tracking_pose_accepted
x=3.25 y=2.1 yaw=1.15575 score=0.979695 valid=1 mode=tracking state=TRACKING evaluated=789 execution_us=43293 reason=tracking_pose_accepted
x=3.25 y=2.1 yaw=1.13736 score=0.983422 valid=1 mode=tracking state=TRACKING evaluated=789 execution_us=43557 reason=tracking_pose_accepted
x=3.25 y=2.1 yaw=1.13643 score=0.982841 valid=1 mode=tracking state=TRACKING evaluated=789 execution_us=43261 reason=tracking_pose_accepted
x=3.25 y=2.1 yaw=1.13549 score=0.981775 valid=1 mode=tracking state=TRACKING evaluated=789 execution_us=43593 reason=tracking_pose_accepted
x=3.25 y=2.1 yaw=1.13456 score=0.980745 valid=1 mode=tracking state=TRACKING evaluated=789 execution_us=43705 reason=tracking_pose_accepted
x=3.25 y=2.1 yaw=1.13362 score=0.982755 valid=1 mode=tracking state=TRACKING evaluated=789 execution_us=43272 reason=tracking_pose_accepted
x=3.25 y=2.1 yaw=1.1676 score=0.981419 valid=1 mode=tracking state=TRACKING evaluated=789 execution_us=43338 reason=tracking_pose_accepted
x=3.25 y=2.1 yaw=1.13176 score=0.981048 valid=1 mode=tracking state=TRACKING evaluated=789 execution_us=43415 reason=tracking_pose_accepted
x=3.25 y=2.1 yaw=1.14828 score=0.981099 valid=1 mode=tracking state=TRACKING evaluated=789 execution_us=43371 reason=tracking_pose_accepted
x=3.25 y=2.1 yaw=1.12989 score=0.983508 valid=1 mode=tracking state=TRACKING evaluated=789 execution_us=43049 reason=tracking_pose_accepted
x=3.25 y=2.1 yaw=1.12895 score=0.985245 valid=1 mode=tracking state=TRACKING evaluated=789 execution_us=45043 reason=tracking_pose_accepted
x=3.25 y=2.1 yaw=1.16293 score=0.981977 valid=1 mode=tracking state=TRACKING evaluated=789 execution_us=43220 reason=tracking_pose_accepted
x=3.25 y=2.1 yaw=1.12709 score=0.984936 valid=1 mode=tracking state=TRACKING evaluated=789 execution_us=43799 reason=tracking_pose_accepted
x=3.25 y=2.1 yaw=1.12615 score=0.98308 valid=1 mode=tracking state=TRACKING evaluated=789 execution_us=42932 reason=tracking_pose_accepted
x=3.25 y=2.1 yaw=1.16012 score=0.981975 valid=1 mode=tracking state=TRACKING evaluated=789 execution_us=43426 reason=tracking_pose_accepted
x=3.25 y=2.1 yaw=1.12428 score=0.981651 valid=1 mode=tracking state=TRACKING evaluated=789 execution_us=43602 reason=tracking_pose_accepted
x=3.25 y=2.1 yaw=1.1408 score=0.981461 valid=1 mode=tracking state=TRACKING evaluated=789 execution_us=43170 reason=tracking_pose_accepted
x=3.25 y=2.1 yaw=1.13987 score=0.981199 valid=1 mode=tracking state=TRACKING evaluated=789 execution_us=44428 reason=tracking_pose_accepted
x=3.25 y=2.1 yaw=1.13893 score=0.982176 valid=1 mode=tracking state=TRACKING evaluated=789 execution_us=43194 reason=tracking_pose_accepted
x=3.25 y=2.1 yaw=1.138 score=0.983048 valid=1 mode=tracking state=TRACKING evaluated=789 execution_us=43319 reason=tracking_pose_accepted
x=3.25 y=2.1 yaw=1.13707 score=0.983627 valid=1 mode=tracking state=TRACKING evaluated=789 execution_us=43389 reason=tracking_pose_accepted
x=3.25 y=2.1 yaw=1.13613 score=0.981326 valid=1 mode=tracking state=TRACKING evaluated=789 execution_us=43213 reason=tracking_pose_accepted
x=3.25 y=2.1 yaw=1.1352 score=0.981367 valid=1 mode=tracking state=TRACKING evaluated=789 execution_us=43465 reason=tracking_pose_accepted
x=3.25 y=2.1 yaw=1.13426 score=0.979817 valid=1 mode=tracking state=TRACKING evaluated=789 execution_us=43339 reason=tracking_pose_accepted
x=3.25 y=2.1 yaw=1.13333 score=0.98366 valid=1 mode=tracking state=TRACKING evaluated=789 execution_us=43124 reason=tracking_pose_accepted
x=3.25 y=2.1 yaw=1.13239 score=0.978519 valid=1 mode=tracking state=TRACKING evaluated=789 execution_us=43513 reason=tracking_pose_accepted
x=3.25 y=2.1 yaw=1.14891 score=0.98255 valid=1 mode=tracking state=TRACKING evaluated=789 execution_us=43592 reason=tracking_pose_accepted
x=3.25 y=2.1 yaw=1.13053 score=0.983899 valid=1 mode=tracking state=TRACKING evaluated=789 execution_us=43469 reason=tracking_pose_accepted
x=3.25 y=2.1 yaw=1.12959 score=0.983235 valid=1 mode=tracking state=TRACKING evaluated=789 execution_us=43471 reason=tracking_pose_accepted
x=3.25 y=2.1 yaw=1.12866 score=0.983318 valid=1 mode=tracking state=TRACKING evaluated=789 execution_us=43504 reason=tracking_pose_accepted
x=3.25 y=2.1 yaw=1.12772 score=0.983414 valid=1 mode=tracking state=TRACKING evaluated=789 execution_us=43290 reason=tracking_pose_accepted
x=3.25 y=2.1 yaw=1.12679 score=0.982829 valid=1 mode=tracking state=TRACKING evaluated=789 execution_us=43567 reason=tracking_pose_accepted
x=3.25 y=2.1 yaw=1.12586 score=0.982654 valid=1 mode=tracking state=TRACKING evaluated=789 execution_us=43476 reason=tracking_pose_accepted
x=3.25 y=2.1 yaw=1.15983 score=0.981665 valid=1 mode=tracking state=TRACKING evaluated=789 execution_us=43572 reason=tracking_pose_accepted
x=3.25 y=2.1 yaw=1.15889 score=0.98207 valid=1 mode=tracking state=TRACKING evaluated=789 execution_us=44457 reason=tracking_pose_accepted
x=3.25 y=2.1 yaw=1.14051 score=0.981049 valid=1 mode=tracking state=TRACKING evaluated=789 execution_us=43339 reason=tracking_pose_accepted
x=3.25 y=2.1 yaw=1.13957 score=0.980765 valid=1 mode=tracking state=TRACKING evaluated=789 execution_us=43587 reason=tracking_pose_accepted
x=3.25 y=2.1 yaw=1.13864 score=0.981696 valid=1 mode=tracking state=TRACKING evaluated=789 execution_us=43839 reason=tracking_pose_accepted
x=3.25 y=2.1 yaw=1.1377 score=0.980299 valid=1 mode=tracking state=TRACKING evaluated=789 execution_us=44433 reason=tracking_pose_accepted
x=3.25 y=2.1 yaw=1.13677 score=0.98227 valid=1 mode=tracking state=TRACKING evaluated=789 execution_us=43566 reason=tracking_pose_accepted
x=3.25 y=2.1 yaw=1.13584 score=0.982617 valid=1 mode=tracking state=TRACKING evaluated=789 execution_us=43488 reason=tracking_pose_accepted
x=3.25 y=2.1 yaw=1.1349 score=0.981581 valid=1 mode=tracking state=TRACKING evaluated=789 execution_us=43271 reason=tracking_pose_accepted
x=3.25 y=2.1 yaw=1.13397 score=0.981156 valid=1 mode=tracking state=TRACKING evaluated=789 execution_us=44141 reason=tracking_pose_accepted
x=3.25 y=2.1 yaw=1.13303 score=0.981156 valid=1 mode=tracking state=TRACKING evaluated=789 execution_us=43463 reason=tracking_pose_accepted
x=3.25 y=2.1 yaw=1.1321 score=0.982145 valid=1 mode=tracking state=TRACKING evaluated=789 execution_us=43470 reason=tracking_pose_accepted
x=3.25 y=2.1 yaw=1.13116 score=0.98592 valid=1 mode=tracking state=TRACKING evaluated=789 execution_us=43249 reason=tracking_pose_accepted
x=3.25 y=2.1 yaw=1.13023 score=0.984751 valid=1 mode=tracking state=TRACKING evaluated=789 execution_us=43155 reason=tracking_pose_accepted
x=3.25 y=2.1 yaw=1.1293 score=0.980936 valid=1 mode=tracking state=TRACKING evaluated=789 execution_us=43743 reason=tracking_pose_accepted
x=3.25 y=2.1 yaw=1.12836 score=0.982207 valid=1 mode=tracking state=TRACKING evaluated=789 execution_us=43211 reason=tracking_pose_accepted
x=3.25 y=2.1 yaw=1.16233 score=0.981616 valid=1 mode=tracking state=TRACKING evaluated=789 execution_us=43386 reason=tracking_pose_accepted
x=3.25 y=2.1 yaw=1.12649 score=0.982857 valid=1 mode=tracking state=TRACKING evaluated=789 execution_us=43671 reason=tracking_pose_accepted
x=3.25 y=2.1 yaw=1.16047 score=0.981354 valid=1 mode=tracking state=TRACKING evaluated=789 execution_us=43281 reason=tracking_pose_accepted
x=3.25 y=2.1 yaw=1.15953 score=0.981665 valid=1 mode=tracking state=TRACKING evaluated=789 execution_us=43461 reason=tracking_pose_accepted
x=3.25 y=2.1 yaw=1.14114 score=0.98151 valid=1 mode=tracking state=TRACKING evaluated=789 execution_us=43679 reason=tracking_pose_accepted
x=3.25 y=2.1 yaw=1.14021 score=0.981099 valid=1 mode=tracking state=TRACKING evaluated=789 execution_us=43360 reason=tracking_pose_accepted
x=3.25 y=2.1 yaw=1.13928 score=0.981606 valid=1 mode=tracking state=TRACKING evaluated=789 execution_us=43306 reason=tracking_pose_accepted
x=3.25 y=2.1 yaw=1.13834 score=0.981016 valid=1 mode=tracking state=TRACKING evaluated=789 execution_us=43469 reason=tracking_pose_accepted
x=3.25 y=2.1 yaw=1.13741 score=0.984512 valid=1 mode=tracking state=TRACKING evaluated=789 execution_us=43010 reason=tracking_pose_accepted
x=3.25 y=2.1 yaw=1.13647 score=0.981065 valid=1 mode=tracking state=TRACKING evaluated=789 execution_us=44096 reason=tracking_pose_accepted
x=3.25 y=2.1 yaw=1.13554 score=0.982212 valid=1 mode=tracking state=TRACKING evaluated=789 execution_us=44010 reason=tracking_pose_accepted
x=3.25 y=2.1 yaw=1.13461 score=0.981706 valid=1 mode=tracking state=TRACKING evaluated=789 execution_us=43333 reason=tracking_pose_accepted
x=3.25 y=2.1 yaw=1.13367 score=0.981804 valid=1 mode=tracking state=TRACKING evaluated=789 execution_us=43404 reason=tracking_pose_accepted
x=3.25 y=2.1 yaw=1.13274 score=0.982894 valid=1 mode=tracking state=TRACKING evaluated=789 execution_us=42711 reason=tracking_pose_accepted
x=3.25 y=2.1 yaw=1.1318 score=0.982722 valid=1 mode=tracking state=TRACKING evaluated=789 execution_us=43424 reason=tracking_pose_accepted
x=3.25 y=2.1 yaw=1.13087 score=0.986233 valid=1 mode=tracking state=TRACKING evaluated=789 execution_us=43432 reason=tracking_pose_accepted
x=3.25 y=2.1 yaw=1.12994 score=0.985104 valid=1 mode=tracking state=TRACKING evaluated=789 execution_us=43251 reason=tracking_pose_accepted
x=3.25 y=2.1 yaw=1.129 score=0.983676 valid=1 mode=tracking state=TRACKING evaluated=789 execution_us=43770 reason=tracking_pose_accepted
x=3.25 y=2.1 yaw=1.12807 score=0.982979 valid=1 mode=tracking state=TRACKING evaluated=789 execution_us=43071 reason=tracking_pose_accepted
x=3.25 y=2.1 yaw=1.12713 score=0.982566 valid=1 mode=tracking state=TRACKING evaluated=789 execution_us=43453 reason=tracking_pose_accepted
x=3.25 y=2.1 yaw=1.1262 score=0.982993 valid=1 mode=tracking state=TRACKING evaluated=789 execution_us=44195 reason=tracking_pose_accepted
x=3.25 y=2.1 yaw=1.16017 score=0.981886 valid=1 mode=tracking state=TRACKING evaluated=789 execution_us=43353 reason=tracking_pose_accepted
x=3.25 y=2.1 yaw=1.15924 score=0.981247 valid=1 mode=tracking state=TRACKING evaluated=789 execution_us=43252 reason=tracking_pose_accepted
x=3.25 y=2.1 yaw=1.14085 score=0.981084 valid=1 mode=tracking state=TRACKING evaluated=789 execution_us=43746 reason=tracking_pose_accepted
x=3.25 y=2.1 yaw=1.15737 score=0.980423 valid=1 mode=tracking state=TRACKING evaluated=789 execution_us=43695 reason=tracking_pose_accepted
x=3.25 y=2.1 yaw=1.13898 score=0.982348 valid=1 mode=tracking state=TRACKING evaluated=789 execution_us=43425 reason=tracking_pose_accepted
x=3.25 y=2.1 yaw=1.13805 score=0.981046 valid=1 mode=tracking state=TRACKING evaluated=789 execution_us=43700 reason=tracking_pose_accepted
x=3.25 y=2.1 yaw=1.13711 score=0.980184 valid=1 mode=tracking state=TRACKING evaluated=789 execution_us=43491 reason=tracking_pose_accepted
x=3.25 y=2.1 yaw=1.13618 score=0.980361 valid=1 mode=tracking state=TRACKING evaluated=789 execution_us=43610 reason=tracking_pose_accepted
x=3.25 y=2.1 yaw=1.1527 score=0.979749 valid=1 mode=tracking state=TRACKING evaluated=789 execution_us=43446 reason=tracking_pose_accepted
x=3.25 y=2.1 yaw=1.13431 score=0.983427 valid=1 mode=tracking state=TRACKING evaluated=789 execution_us=43434 reason=tracking_pose_accepted
x=3.25 y=2.1 yaw=1.13338 score=0.980745 valid=1 mode=tracking state=TRACKING evaluated=789 execution_us=43710 reason=tracking_pose_accepted
x=3.25 y=2.1 yaw=1.13244 score=0.983478 valid=1 mode=tracking state=TRACKING evaluated=789 execution_us=43565 reason=tracking_pose_accepted
x=3.25 y=2.1 yaw=1.14896 score=0.98207 valid=1 mode=tracking state=TRACKING evaluated=789 execution_us=43667 reason=tracking_pose_accepted
x=3.25 y=2.1 yaw=1.13057 score=0.981917 valid=1 mode=tracking state=TRACKING evaluated=789 execution_us=43459 reason=tracking_pose_accepted
x=3.25 y=2.1 yaw=1.14709 score=0.983614 valid=1 mode=tracking state=TRACKING evaluated=789 execution_us=43592 reason=tracking_pose_accepted
x=3.25 y=2.1 yaw=1.16361 score=0.981477 valid=1 mode=tracking state=TRACKING evaluated=789 execution_us=43126 reason=tracking_pose_accepted
x=3.25 y=2.1 yaw=1.12777 score=0.983274 valid=1 mode=tracking state=TRACKING evaluated=789 execution_us=43117 reason=tracking_pose_accepted
x=3.25 y=2.1 yaw=1.12684 score=0.982608 valid=1 mode=tracking state=TRACKING evaluated=789 execution_us=43234 reason=tracking_pose_accepted
x=3.25 y=2.1 yaw=1.1259 score=0.982944 valid=1 mode=tracking state=TRACKING evaluated=789 execution_us=43722 reason=tracking_pose_accepted
x=3.25 y=2.1 yaw=1.12497 score=0.982368 valid=1 mode=tracking state=TRACKING evaluated=789 execution_us=43220 reason=tracking_pose_accepted
x=3.25 y=2.1 yaw=1.12403 score=0.982368 valid=1 mode=tracking state=TRACKING evaluated=789 execution_us=43401 reason=tracking_pose_accepted
x=3.25 y=2.1 yaw=1.14055 score=0.983768 valid=1 mode=tracking state=TRACKING evaluated=789 execution_us=42711 reason=tracking_pose_accepted
x=3.25 y=2.1 yaw=1.13962 score=0.981917 valid=1 mode=tracking state=TRACKING evaluated=789 execution_us=43313 reason=tracking_pose_accepted
x=3.25 y=2.1 yaw=1.13869 score=0.981141 valid=1 mode=tracking state=TRACKING evaluated=789 execution_us=43009 reason=tracking_pose_accepted
x=3.25 y=2.1 yaw=1.13775 score=0.980661 valid=1 mode=tracking state=TRACKING evaluated=789 execution_us=43733 reason=tracking_pose_accepted
x=3.25 y=2.1 yaw=1.13682 score=0.983031 valid=1 mode=tracking state=TRACKING evaluated=789 execution_us=43305 reason=tracking_pose_accepted
x=3.25 y=2.1 yaw=1.13588 score=0.981846 valid=1 mode=tracking state=TRACKING evaluated=789 execution_us=43466 reason=tracking_pose_accepted
x=3.25 y=2.1 yaw=1.13495 score=0.980184 valid=1 mode=tracking state=TRACKING evaluated=789 execution_us=43117 reason=tracking_pose_accepted
x=3.25 y=2.1 yaw=1.13401 score=0.981056 valid=1 mode=tracking state=TRACKING evaluated=789 execution_us=43186 reason=tracking_pose_accepted
x=3.25 y=2.1 yaw=1.13308 score=0.985183 valid=1 mode=tracking state=TRACKING evaluated=789 execution_us=43502 reason=tracking_pose_accepted
x=3.25 y=2.1 yaw=1.13215 score=0.983346 valid=1 mode=tracking state=TRACKING evaluated=789 execution_us=43078 reason=tracking_pose_accepted
x=3.25 y=2.1 yaw=1.13121 score=0.985766 valid=1 mode=tracking state=TRACKING evaluated=789 execution_us=43419 reason=tracking_pose_accepted
x=3.25 y=2.1 yaw=1.13028 score=0.981779 valid=1 mode=tracking state=TRACKING evaluated=789 execution_us=43383 reason=tracking_pose_accepted
x=3.25 y=2.1 yaw=1.16425 score=0.98179 valid=1 mode=tracking state=TRACKING evaluated=789 execution_us=43270 reason=tracking_pose_accepted
x=3.25 y=2.1 yaw=1.12841 score=0.984418 valid=1 mode=tracking state=TRACKING evaluated=789 execution_us=43721 reason=tracking_pose_accepted
x=3.25 y=2.1 yaw=1.12748 score=0.9835 valid=1 mode=tracking state=TRACKING evaluated=789 execution_us=43149 reason=tracking_pose_accepted
x=3.25 y=2.1 yaw=1.12654 score=0.98309 valid=1 mode=tracking state=TRACKING evaluated=789 execution_us=43590 reason=tracking_pose_accepted
x=3.25 y=2.1 yaw=1.12561 score=0.982944 valid=1 mode=tracking state=TRACKING evaluated=789 execution_us=44108 reason=tracking_pose_accepted
x=3.25 y=2.1 yaw=1.12467 score=0.981825 valid=1 mode=tracking state=TRACKING evaluated=789 execution_us=43402 reason=tracking_pose_accepted
x=3.25 y=2.1 yaw=1.15865 score=0.980734 valid=1 mode=tracking state=TRACKING evaluated=789 execution_us=43590 reason=tracking_pose_accepted
x=3.25 y=2.1 yaw=1.14026 score=0.981034 valid=1 mode=tracking state=TRACKING evaluated=789 execution_us=44060 reason=tracking_pose_accepted
x=3.25 y=2.1 yaw=1.13932 score=0.980361 valid=1 mode=tracking state=TRACKING evaluated=789 execution_us=43315 reason=tracking_pose_accepted
x=3.25 y=2.1 yaw=1.13839 score=0.97978 valid=1 mode=tracking state=TRACKING evaluated=789 execution_us=43516 reason=tracking_pose_accepted
x=3.25 y=2.1 yaw=1.13746 score=0.985317 valid=1 mode=tracking state=TRACKING evaluated=789 execution_us=43743 reason=tracking_pose_accepted
x=3.25 y=2.1 yaw=1.13652 score=0.986425 valid=1 mode=tracking state=TRACKING evaluated=789 execution_us=43673 reason=tracking_pose_accepted
x=3.25 y=2.1 yaw=1.13559 score=0.981532 valid=1 mode=tracking state=TRACKING evaluated=789 execution_us=43626 reason=tracking_pose_accepted
x=3.25 y=2.1 yaw=1.13465 score=0.981131 valid=1 mode=tracking state=TRACKING evaluated=789 execution_us=43408 reason=tracking_pose_accepted
x=3.25 y=2.1 yaw=1.13372 score=0.983519 valid=1 mode=tracking state=TRACKING evaluated=789 execution_us=43559 reason=tracking_pose_accepted
x=3.25 y=2.1 yaw=1.13278 score=0.983305 valid=1 mode=tracking state=TRACKING evaluated=789 execution_us=43312 reason=tracking_pose_accepted
x=3.25 y=2.1 yaw=1.13185 score=0.982405 valid=1 mode=tracking state=TRACKING evaluated=789 execution_us=42947 reason=tracking_pose_accepted
x=3.25 y=2.1 yaw=1.13092 score=0.982735 valid=1 mode=tracking state=TRACKING evaluated=789 execution_us=42917 reason=tracking_pose_accepted
x=3.25 y=2.1 yaw=1.12998 score=0.980683 valid=1 mode=tracking state=TRACKING evaluated=789 execution_us=43344 reason=tracking_pose_accepted
x=3.25 y=2.1 yaw=1.1465 score=0.98068 valid=1 mode=tracking state=TRACKING evaluated=789 execution_us=43419 reason=tracking_pose_accepted
x=3.25 y=2.1 yaw=1.12811 score=0.980722 valid=1 mode=tracking state=TRACKING evaluated=789 execution_us=44194 reason=tracking_pose_accepted
x=3.25 y=2.1 yaw=1.16209 score=0.981094 valid=1 mode=tracking state=TRACKING evaluated=789 execution_us=43521 reason=tracking_pose_accepted
x=3.25 y=2.1 yaw=1.12625 score=0.982343 valid=1 mode=tracking state=TRACKING evaluated=789 execution_us=43117 reason=tracking_pose_accepted
x=3.25 y=2.1 yaw=1.12531 score=0.982369 valid=1 mode=tracking state=TRACKING evaluated=789 execution_us=43616 reason=tracking_pose_accepted
x=3.25 y=2.1 yaw=1.14183 score=0.980933 valid=1 mode=tracking state=TRACKING evaluated=789 execution_us=43233 reason=tracking_pose_accepted
x=3.25 y=2.1 yaw=1.12344 score=0.981176 valid=1 mode=tracking state=TRACKING evaluated=789 execution_us=43434 reason=tracking_pose_accepted
x=3.25 y=2.1 yaw=1.13996 score=0.980518 valid=1 mode=tracking state=TRACKING evaluated=789 execution_us=43332 reason=tracking_pose_accepted
x=3.25 y=2.1 yaw=1.13903 score=0.981451 valid=1 mode=tracking state=TRACKING evaluated=789 execution_us=42703 reason=tracking_pose_accepted
x=3.25 y=2.1 yaw=1.13809 score=0.982637 valid=1 mode=tracking state=TRACKING evaluated=789 execution_us=43472 reason=tracking_pose_accepted
x=3.25 y=2.1 yaw=1.13716 score=0.979881 valid=1 mode=tracking state=TRACKING evaluated=789 execution_us=42918 reason=tracking_pose_accepted
x=3.25 y=2.1 yaw=1.13623 score=0.941218 valid=1 mode=tracking state=TRACKING evaluated=789 execution_us=42868 reason=tracking_pose_accepted
x=3.25 y=2.1 yaw=1.13529 score=0.927722 valid=1 mode=tracking state=TRACKING evaluated=789 execution_us=43591 reason=tracking_pose_accepted
x=3.25 y=2.1 yaw=1.13436 score=0.938073 valid=1 mode=tracking state=TRACKING evaluated=789 execution_us=43046 reason=tracking_pose_accepted
x=3.25 y=2.1 yaw=1.13342 score=0.943232 valid=1 mode=tracking state=TRACKING evaluated=789 execution_us=42961 reason=tracking_pose_accepted
x=3.25 y=2.1 yaw=1.13249 score=0.939915 valid=1 mode=tracking state=TRACKING evaluated=789 execution_us=43179 reason=tracking_pose_accepted
x=3.25 y=2.1 yaw=1.13156 score=0.929505 valid=1 mode=tracking state=TRACKING evaluated=789 execution_us=43407 reason=tracking_pose_accepted
x=3.25 y=2.1 yaw=1.13062 score=0.918438 valid=1 mode=tracking state=TRACKING evaluated=789 execution_us=43430 reason=tracking_pose_accepted
x=3.25 y=2.1 yaw=1.12969 score=0.899378 valid=0 mode=tracking state=DEGRADED evaluated=789 execution_us=43281 reason=tracking_score_below_threshold
x=3.25 y=2.1 yaw=1.12969 score=0.884001 valid=0 mode=tracking state=DEGRADED evaluated=789 execution_us=43308 reason=tracking_score_below_threshold
x=3.25 y=2.1 yaw=1.12969 score=0.876146 valid=0 mode=tracking state=LOST evaluated=789 execution_us=43475 reason=rejection_limit_reached
x=3.25 y=2.1 yaw=1.13446 score=0.869106 valid=0 mode=global state=LOST evaluated=15444 execution_us=838419 reason=global_score_below_threshold
x=6.95 y=6.05 yaw=-1.94168 score=1 valid=1 mode=global state=RECOVERED evaluated=15444 execution_us=435135 reason=global_relocalization_accepted
x=7 y=4.55 yaw=-2.53603 score=1 valid=1 mode=tracking state=RECOVERED evaluated=789 execution_us=22475 reason=recovery_confirmation_pending
x=7.05 y=3.25 yaw=-3.13037 score=1 valid=1 mode=tracking state=RECOVERED evaluated=789 execution_us=22515 reason=recovery_confirmation_pending
x=5.9 y=3.2 yaw=-3.72472 score=0.966557 valid=1 mode=tracking state=TRACKING evaluated=789 execution_us=22893 reason=recovery_confirmed
x=4.6 y=3.2 yaw=-4.31906 score=1 valid=1 mode=tracking state=TRACKING evaluated=789 execution_us=21954 reason=tracking_pose_accepted
x=4.1 y=1.65 yaw=-4.91341 score=1 valid=1 mode=tracking state=TRACKING evaluated=789 execution_us=21280 reason=tracking_pose_accepted
x=4 y=0.149999 yaw=-5.50776 score=1 valid=1 mode=tracking state=TRACKING evaluated=807 execution_us=22694 reason=tracking_pose_accepted
x=3.4 y=0.149999 yaw=-6.1021 score=1 valid=1 mode=tracking state=TRACKING evaluated=807 execution_us=21285 reason=tracking_pose_accepted
x=2.9 y=0.149999 yaw=-6.69645 score=1 valid=1 mode=tracking state=TRACKING evaluated=807 execution_us=20837 reason=tracking_pose_accepted
x=1.7 y=0.149999 yaw=-7.15117 score=1 valid=1 mode=tracking state=TRACKING evaluated=807 execution_us=20483 reason=tracking_pose_accepted
x=1.7 y=0.0999994 yaw=-7.74551 score=1 valid=1 mode=tracking state=TRACKING evaluated=831 execution_us=21288 reason=tracking_pose_accepted
x=1.55 y=0.149999 yaw=-7.92098 score=1 valid=1 mode=tracking state=TRACKING evaluated=807 execution_us=19110 reason=tracking_pose_accepted
x=1.7 y=0.149999 yaw=-8.51533 score=1 valid=1 mode=tracking state=TRACKING evaluated=807 execution_us=18234 reason=tracking_pose_accepted
x=1.75 y=0.149999 yaw=-8.55117 score=1 valid=1 mode=tracking state=TRACKING evaluated=807 execution_us=20956 reason=tracking_pose_accepted
x=1.55 y=0.149999 yaw=-9.14551 score=1 valid=1 mode=tracking state=TRACKING evaluated=831 execution_us=18783 reason=tracking_pose_accepted
x=1.65 y=0.199999 yaw=-9.73986 score=1 valid=1 mode=tracking state=TRACKING evaluated=831 execution_us=18513 reason=tracking_pose_accepted
x=1.65 y=0.199999 yaw=-10.3342 score=1 valid=1 mode=tracking state=TRACKING evaluated=831 execution_us=19789 reason=tracking_pose_accepted
x=1.7 y=0.199999 yaw=-10.9285 score=1 valid=1 mode=tracking state=TRACKING evaluated=831 execution_us=20149 reason=tracking_pose_accepted
x=1.55 y=0.199999 yaw=-11.5229 score=1 valid=1 mode=tracking state=TRACKING evaluated=831 execution_us=19742 reason=tracking_pose_accepted
x=1.6 y=0.199999 yaw=-12.1172 score=1 valid=1 mode=tracking state=TRACKING evaluated=831 execution_us=18491 reason=tracking_pose_accepted
x=1.6 y=0.149999 yaw=-12.7116 score=1 valid=1 mode=tracking state=TRACKING evaluated=831 execution_us=18973 reason=tracking_pose_accepted
x=1.7 y=0.149999 yaw=-13.3059 score=1 valid=1 mode=tracking state=TRACKING evaluated=807 execution_us=18208 reason=tracking_pose_accepted
x=1.55 y=0.149999 yaw=-13.9003 score=1 valid=1 mode=tracking state=TRACKING evaluated=831 execution_us=19458 reason=tracking_pose_accepted
x=1.5 y=0.149999 yaw=-14.4946 score=1 valid=1 mode=tracking state=TRACKING evaluated=831 execution_us=20100 reason=tracking_pose_accepted
x=1.7 y=0.149999 yaw=-15.089 score=1 valid=1 mode=tracking state=TRACKING evaluated=831 execution_us=18916 reason=tracking_pose_accepted
x=1.7 y=0.149999 yaw=-15.6833 score=1 valid=1 mode=tracking state=TRACKING evaluated=831 execution_us=18850 reason=tracking_pose_accepted
x=1.65 y=0.199999 yaw=-15.8588 score=1 valid=1 mode=tracking state=TRACKING evaluated=831 execution_us=20338 reason=tracking_pose_accepted
x=1.65 y=0.199999 yaw=-16.4531 score=1 valid=1 mode=tracking state=TRACKING evaluated=807 execution_us=18837 reason=tracking_pose_accepted
x=1.55 y=0.199999 yaw=-17.0475 score=1 valid=1 mode=tracking state=TRACKING evaluated=831 execution_us=18987 reason=tracking_pose_accepted
x=1.6 y=0.199999 yaw=-17.6418 score=1 valid=1 mode=tracking state=TRACKING evaluated=831 execution_us=19204 reason=tracking_pose_accepted
x=1.55 y=0.199999 yaw=-18.2362 score=1 valid=1 mode=tracking state=TRACKING evaluated=831 execution_us=18263 reason=tracking_pose_accepted
x=1.75 y=0.149999 yaw=-18.8305 score=1 valid=1 mode=tracking state=TRACKING evaluated=831 execution_us=19236 reason=tracking_pose_accepted
x=1.7 y=0.149999 yaw=-19.4249 score=1 valid=1 mode=tracking state=TRACKING evaluated=789 execution_us=18359 reason=tracking_pose_accepted
x=1.7 y=0.149999 yaw=-20.0192 score=1 valid=1 mode=tracking state=TRACKING evaluated=831 execution_us=19162 reason=tracking_pose_accepted
x=1.55 y=0.149999 yaw=-20.6135 score=1 valid=1 mode=tracking state=TRACKING evaluated=831 execution_us=19349 reason=tracking_pose_accepted
x=1.5 y=0.149999 yaw=-21.2079 score=1 valid=1 mode=tracking state=TRACKING evaluated=831 execution_us=19421 reason=tracking_pose_accepted
x=1.7 y=0.149999 yaw=-21.8022 score=1 valid=1 mode=tracking state=TRACKING evaluated=831 execution_us=21561 reason=tracking_pose_accepted
x=1.7 y=0.149999 yaw=-21.6985 score=1 valid=1 mode=tracking state=TRACKING evaluated=831 execution_us=20102 reason=tracking_pose_accepted
x=1.7 y=0.149999 yaw=-21.839 score=1 valid=1 mode=tracking state=TRACKING evaluated=831 execution_us=19206 reason=tracking_pose_accepted
x=1.6 y=0.149999 yaw=-22.2937 score=1 valid=1 mode=tracking state=TRACKING evaluated=831 execution_us=19621 reason=tracking_pose_accepted
x=1.7 y=0.199999 yaw=-22.8881 score=1 valid=1 mode=tracking state=TRACKING evaluated=831 execution_us=18808 reason=tracking_pose_accepted
x=1.55 y=0.199999 yaw=-23.4824 score=1 valid=1 mode=tracking state=TRACKING evaluated=831 execution_us=20095 reason=tracking_pose_accepted
x=1.6 y=0.199999 yaw=-24.0768 score=1 valid=1 mode=tracking state=TRACKING evaluated=831 execution_us=19898 reason=tracking_pose_accepted
x=1.55 y=0.199999 yaw=-24.6711 score=1 valid=1 mode=tracking state=TRACKING evaluated=831 execution_us=19818 reason=tracking_pose_accepted
x=1.75 y=0.149999 yaw=-25.2655 score=1 valid=1 mode=tracking state=TRACKING evaluated=831 execution_us=18716 reason=tracking_pose_accepted
x=1.7 y=0.149999 yaw=-25.8598 score=1 valid=1 mode=tracking state=TRACKING evaluated=789 execution_us=17784 reason=tracking_pose_accepted
x=1.7 y=0.149999 yaw=-26.4541 score=1 valid=1 mode=tracking state=TRACKING evaluated=831 execution_us=19570 reason=tracking_pose_accepted
x=1.55001 y=0.149999 yaw=-27.0485 score=1 valid=1 mode=tracking state=TRACKING evaluated=831 execution_us=20087 reason=tracking_pose_accepted
x=1.50001 y=0.149999 yaw=-27.6428 score=1 valid=1 mode=tracking state=TRACKING evaluated=831 execution_us=18840 reason=tracking_pose_accepted
x=1.70001 y=0.199999 yaw=-28.2372 score=0.999312 valid=1 mode=tracking state=TRACKING evaluated=831 execution_us=20558 reason=tracking_pose_accepted
x=1.65001 y=0.199999 yaw=-28.8315 score=1 valid=1 mode=tracking state=TRACKING evaluated=831 execution_us=19789 reason=tracking_pose_accepted
x=1.75001 y=0.199999 yaw=-29.4259 score=1 valid=1 mode=tracking state=TRACKING evaluated=831 execution_us=18158 reason=tracking_pose_accepted
x=1.75001 y=0.199999 yaw=-30.0202 score=1 valid=1 mode=tracking state=TRACKING evaluated=807 execution_us=18876 reason=tracking_pose_accepted
x=1.75001 y=0.199999 yaw=-30.6146 score=1 valid=1 mode=tracking state=TRACKING evaluated=807 execution_us=19116 reason=tracking_pose_accepted
x=1.75001 y=0.149999 yaw=-31.174 score=1 valid=1 mode=tracking state=TRACKING evaluated=807 execution_us=19180 reason=tracking_pose_accepted
x=1.70001 y=0.149999 yaw=-31.7683 score=1 valid=1 mode=tracking state=TRACKING evaluated=789 execution_us=19458 reason=tracking_pose_accepted
x=1.70001 y=0.149999 yaw=-32.3627 score=1 valid=1 mode=tracking state=TRACKING evaluated=831 execution_us=19719 reason=tracking_pose_accepted
x=1.55001 y=0.149999 yaw=-32.957 score=1 valid=1 mode=tracking state=TRACKING evaluated=831 execution_us=19465 reason=tracking_pose_accepted
x=1.50001 y=0.149999 yaw=-33.5514 score=1 valid=1 mode=tracking state=TRACKING evaluated=831 execution_us=19938 reason=tracking_pose_accepted
x=1.75001 y=0.149999 yaw=-34.1457 score=1 valid=1 mode=tracking state=TRACKING evaluated=831 execution_us=20431 reason=tracking_pose_accepted
x=1.70001 y=0.199999 yaw=-34.7401 score=1 valid=1 mode=tracking state=TRACKING evaluated=807 execution_us=19738 reason=tracking_pose_accepted
x=1.65001 y=0.199999 yaw=-35.3344 score=0.999324 valid=1 mode=tracking state=TRACKING evaluated=831 execution_us=20662 reason=tracking_pose_accepted
x=1.70001 y=0.199999 yaw=-35.9288 score=1 valid=1 mode=tracking state=TRACKING evaluated=831 execution_us=19965 reason=tracking_pose_accepted
x=1.55001 y=0.199999 yaw=-36.5231 score=1 valid=1 mode=tracking state=TRACKING evaluated=831 execution_us=20933 reason=tracking_pose_accepted
x=1.75001 y=0.199999 yaw=-37.0651 score=0.998655 valid=1 mode=tracking state=TRACKING evaluated=831 execution_us=20751 reason=tracking_pose_accepted
x=1.65001 y=0.149999 yaw=-37.6594 score=1 valid=1 mode=tracking state=TRACKING evaluated=807 execution_us=18867 reason=tracking_pose_accepted
x=1.70001 y=0.149999 yaw=-38.2538 score=1 valid=1 mode=tracking state=TRACKING evaluated=807 execution_us=19049 reason=tracking_pose_accepted
x=1.70001 y=0.149999 yaw=-38.8481 score=1 valid=1 mode=tracking state=TRACKING evaluated=831 execution_us=20145 reason=tracking_pose_accepted
x=1.55001 y=0.149999 yaw=-39.4425 score=1 valid=1 mode=tracking state=TRACKING evaluated=807 execution_us=19899 reason=tracking_pose_accepted
x=1.70001 y=0.149999 yaw=-40.0368 score=1 valid=1 mode=tracking state=TRACKING evaluated=831 execution_us=20345 reason=tracking_pose_accepted
x=1.70001 y=0.149999 yaw=-40.6312 score=1 valid=1 mode=tracking state=TRACKING evaluated=831 execution_us=20663 reason=tracking_pose_accepted
x=1.70001 y=0.149999 yaw=-40.8066 score=1 valid=1 mode=tracking state=TRACKING evaluated=831 execution_us=21196 reason=tracking_pose_accepted
x=1.70001 y=0.149999 yaw=-40.7727 score=1 valid=1 mode=tracking state=TRACKING evaluated=831 execution_us=21068 reason=tracking_pose_accepted
x=1.70001 y=0.149999 yaw=-40.7736 score=1 valid=1 mode=tracking state=TRACKING evaluated=831 execution_us=20662 reason=tracking_pose_accepted
x=1.70001 y=0.149999 yaw=-40.6698 score=1 valid=1 mode=tracking state=TRACKING evaluated=831 execution_us=20782 reason=tracking_pose_accepted
x=1.70001 y=0.149999 yaw=-40.7057 score=0.994444 valid=1 mode=tracking state=TRACKING evaluated=831 execution_us=21409 reason=tracking_pose_accepted
x=1.70001 y=0.149999 yaw=-40.6019 score=0.994444 valid=1 mode=tracking state=TRACKING evaluated=831 execution_us=24589 reason=tracking_pose_accepted
x=1.70001 y=0.149999 yaw=-40.4981 score=1 valid=1 mode=tracking state=TRACKING evaluated=831 execution_us=20613 reason=tracking_pose_accepted
x=1.70001 y=0.199999 yaw=-40.8132 score=1 valid=1 mode=tracking state=TRACKING evaluated=831 execution_us=20733 reason=tracking_pose_accepted
x=1.70001 y=0.199999 yaw=-41.4075 score=0.9993 valid=1 mode=tracking state=TRACKING evaluated=807 execution_us=19120 reason=tracking_pose_accepted
x=1.75001 y=0.199999 yaw=-42.0019 score=1 valid=1 mode=tracking state=TRACKING evaluated=831 execution_us=21507 reason=tracking_pose_accepted
x=1.75001 y=0.199999 yaw=-42.5962 score=1 valid=1 mode=tracking state=TRACKING evaluated=807 execution_us=20156 reason=tracking_pose_accepted
x=1.75001 y=0.199999 yaw=-43.1906 score=1 valid=1 mode=tracking state=TRACKING evaluated=807 execution_us=20592 reason=tracking_pose_accepted
x=1.75001 y=0.199999 yaw=-43.7849 score=0.995425 valid=1 mode=tracking state=TRACKING evaluated=807 execution_us=20597 reason=tracking_pose_accepted
x=1.70001 y=0.149999 yaw=-44.3793 score=1 valid=1 mode=tracking state=TRACKING evaluated=807 execution_us=20394 reason=tracking_pose_accepted
x=1.70001 y=0.149999 yaw=-44.9736 score=1 valid=1 mode=tracking state=TRACKING evaluated=807 execution_us=20199 reason=tracking_pose_accepted
x=1.55001 y=0.149999 yaw=-45.568 score=1 valid=1 mode=tracking state=TRACKING evaluated=831 execution_us=20478 reason=tracking_pose_accepted
x=1.55001 y=0.149999 yaw=-46.1623 score=1 valid=1 mode=tracking state=TRACKING evaluated=831 execution_us=20510 reason=tracking_pose_accepted
x=1.75001 y=0.149999 yaw=-46.7217 score=1 valid=1 mode=tracking state=TRACKING evaluated=831 execution_us=22153 reason=tracking_pose_accepted
x=1.70001 y=0.199999 yaw=-47.3161 score=1 valid=1 mode=tracking state=TRACKING evaluated=831 execution_us=22745 reason=tracking_pose_accepted
x=1.75001 y=0.199999 yaw=-47.9104 score=1 valid=1 mode=tracking state=TRACKING evaluated=831 execution_us=21889 reason=tracking_pose_accepted
x=1.75001 y=0.199999 yaw=-48.5048 score=1 valid=1 mode=tracking state=TRACKING evaluated=807 execution_us=24439 reason=tracking_pose_accepted
x=1.75001 y=0.199999 yaw=-49.0991 score=1 valid=1 mode=tracking state=TRACKING evaluated=807 execution_us=23645 reason=tracking_pose_accepted
x=1.75001 y=0.199999 yaw=-49.6935 score=1 valid=1 mode=tracking state=TRACKING evaluated=807 execution_us=18602 reason=tracking_pose_accepted
x=1.75001 y=0.149999 yaw=-50.2878 score=1 valid=1 mode=tracking state=TRACKING evaluated=807 execution_us=19870 reason=tracking_pose_accepted
x=1.70001 y=0.149998 yaw=-50.7425 score=1 valid=1 mode=tracking state=TRACKING evaluated=789 execution_us=20463 reason=tracking_pose_accepted
x=1.70001 y=0.149998 yaw=-51.3369 score=1 valid=1 mode=tracking state=TRACKING evaluated=831 execution_us=18773 reason=tracking_pose_accepted
x=1.55001 y=0.149998 yaw=-51.9312 score=1 valid=1 mode=tracking state=TRACKING evaluated=831 execution_us=20204 reason=tracking_pose_accepted
x=1.70001 y=0.149998 yaw=-52.5256 score=1 valid=1 mode=tracking state=TRACKING evaluated=831 execution_us=22065 reason=tracking_pose_accepted
x=1.70001 y=0.149998 yaw=-52.701 score=1 valid=1 mode=tracking state=TRACKING evaluated=831 execution_us=20391 reason=tracking_pose_accepted
x=1.70001 y=0.149998 yaw=-53.2954 score=1 valid=1 mode=tracking state=TRACKING evaluated=831 execution_us=18641 reason=tracking_pose_accepted
x=1.65001 y=0.149998 yaw=-53.4708 score=1 valid=1 mode=tracking state=TRACKING evaluated=831 execution_us=19602 reason=tracking_pose_accepted
x=1.70001 y=0.199998 yaw=-53.5067 score=1 valid=1 mode=tracking state=TRACKING evaluated=831 execution_us=19764 reason=tracking_pose_accepted
x=1.65001 y=0.199998 yaw=-54.101 score=1 valid=1 mode=tracking state=TRACKING evaluated=789 execution_us=19063 reason=tracking_pose_accepted
x=1.75001 y=0.199998 yaw=-54.6954 score=1 valid=1 mode=tracking state=TRACKING evaluated=831 execution_us=21112 reason=tracking_pose_accepted
x=1.70001 y=0.199998 yaw=-55.2897 score=1 valid=1 mode=tracking state=TRACKING evaluated=831 execution_us=20620 reason=tracking_pose_accepted
x=1.55001 y=0.199998 yaw=-55.8841 score=1 valid=1 mode=tracking state=TRACKING evaluated=807 execution_us=18211 reason=tracking_pose_accepted
x=1.75001 y=0.149998 yaw=-56.4784 score=1 valid=1 mode=tracking state=TRACKING evaluated=831 execution_us=21534 reason=tracking_pose_accepted
x=1.70001 y=0.149998 yaw=-57.0728 score=1 valid=1 mode=tracking state=TRACKING evaluated=789 execution_us=17059 reason=tracking_pose_accepted
x=1.70001 y=0.149998 yaw=-57.6671 score=1 valid=1 mode=tracking state=TRACKING evaluated=831 execution_us=21415 reason=tracking_pose_accepted
x=1.55001 y=0.149998 yaw=-58.2615 score=1 valid=1 mode=tracking state=TRACKING evaluated=831 execution_us=20319 reason=tracking_pose_accepted
x=1.55001 y=0.149998 yaw=-58.8558 score=1 valid=1 mode=tracking state=TRACKING evaluated=831 execution_us=21304 reason=tracking_pose_accepted
x=1.70001 y=0.149998 yaw=-59.4501 score=0.989474 valid=1 mode=tracking state=TRACKING evaluated=831 execution_us=22783 reason=tracking_pose_accepted
x=1.70001 y=0.149998 yaw=-59.3289 score=1 valid=1 mode=tracking state=TRACKING evaluated=831 execution_us=21560 reason=tracking_pose_accepted
x=1.70001 y=0.149998 yaw=-59.5044 score=0.994565 valid=1 mode=tracking state=TRACKING evaluated=831 execution_us=21861 reason=tracking_pose_accepted
x=1.70001 y=0.149998 yaw=-59.8195 score=1 valid=1 mode=tracking state=TRACKING evaluated=831 execution_us=20961 reason=tracking_pose_accepted
x=1.70001 y=0.199998 yaw=-59.7157 score=0.997936 valid=1 mode=tracking state=TRACKING evaluated=831 execution_us=20394 reason=tracking_pose_accepted
x=1.65001 y=0.199998 yaw=-60.31 score=1 valid=1 mode=tracking state=TRACKING evaluated=807 execution_us=19813 reason=tracking_pose_accepted
x=1.75001 y=0.199998 yaw=-60.9044 score=1 valid=1 mode=tracking state=TRACKING evaluated=831 execution_us=21257 reason=tracking_pose_accepted
x=1.60001 y=0.199998 yaw=-61.4987 score=1 valid=1 mode=tracking state=TRACKING evaluated=831 execution_us=22214 reason=tracking_pose_accepted
x=1.55001 y=0.199998 yaw=-62.0931 score=0.998171 valid=1 mode=tracking state=TRACKING evaluated=831 execution_us=22995 reason=tracking_pose_accepted
x=1.75001 y=0.199998 yaw=-62.6525 score=0.998181 valid=1 mode=tracking state=TRACKING evaluated=831 execution_us=22924 reason=tracking_pose_accepted
x=1.70001 y=0.149998 yaw=-63.2469 score=1 valid=1 mode=tracking state=TRACKING evaluated=831 execution_us=21097 reason=tracking_pose_accepted
x=1.70001 y=0.149998 yaw=-63.8412 score=1 valid=1 mode=tracking state=TRACKING evaluated=789 execution_us=21905 reason=tracking_pose_accepted
x=1.55001 y=0.149998 yaw=-64.4355 score=1 valid=1 mode=tracking state=TRACKING evaluated=807 execution_us=20657 reason=tracking_pose_accepted
x=1.55001 y=0.149998 yaw=-65.0299 score=1 valid=1 mode=tracking state=TRACKING evaluated=831 execution_us=20916 reason=tracking_pose_accepted
x=1.75001 y=0.149998 yaw=-65.6242 score=1 valid=1 mode=tracking state=TRACKING evaluated=831 execution_us=21234 reason=tracking_pose_accepted
x=1.70001 y=0.199998 yaw=-66.2186 score=1 valid=1 mode=tracking state=TRACKING evaluated=831 execution_us=22631 reason=tracking_pose_accepted
x=1.70001 y=0.199998 yaw=-66.8129 score=1 valid=1 mode=tracking state=TRACKING evaluated=831 execution_us=21497 reason=tracking_pose_accepted
x=1.70001 y=0.199998 yaw=-67.4073 score=1 valid=1 mode=tracking state=TRACKING evaluated=807 execution_us=21691 reason=tracking_pose_accepted
x=1.55001 y=0.199998 yaw=-68.0016 score=1 valid=1 mode=tracking state=TRACKING evaluated=807 execution_us=22262 reason=tracking_pose_accepted
x=1.75001 y=0.199998 yaw=-68.596 score=1 valid=1 mode=tracking state=TRACKING evaluated=831 execution_us=21868 reason=tracking_pose_accepted
x=1.75001 y=0.149998 yaw=-69.1903 score=1 valid=1 mode=tracking state=TRACKING evaluated=807 execution_us=20344 reason=tracking_pose_accepted
x=1.70001 y=0.149998 yaw=-69.7847 score=1 valid=1 mode=tracking state=TRACKING evaluated=789 execution_us=20996 reason=tracking_pose_accepted
x=1.70001 y=0.149998 yaw=-70.379 score=1 valid=1 mode=tracking state=TRACKING evaluated=831 execution_us=21763 reason=tracking_pose_accepted
x=1.55001 y=0.149998 yaw=-70.9733 score=1 valid=1 mode=tracking state=TRACKING evaluated=831 execution_us=21842 reason=tracking_pose_accepted
x=1.70001 y=0.149998 yaw=-71.5677 score=0.994444 valid=1 mode=tracking state=TRACKING evaluated=831 execution_us=21777 reason=tracking_pose_accepted
x=1.70001 y=0.149998 yaw=-71.4639 score=1 valid=1 mode=tracking state=TRACKING evaluated=831 execution_us=22844 reason=tracking_pose_accepted
x=1.70001 y=0.149998 yaw=-71.3601 score=1 valid=1 mode=tracking state=TRACKING evaluated=831 execution_us=23559 reason=tracking_pose_accepted
x=1.70001 y=0.149998 yaw=-71.5356 score=1 valid=1 mode=tracking state=TRACKING evaluated=831 execution_us=22911 reason=tracking_pose_accepted
x=1.70001 y=0.149998 yaw=-71.6761 score=1 valid=1 mode=tracking state=TRACKING evaluated=831 execution_us=23368 reason=tracking_pose_accepted
x=1.70001 y=0.149998 yaw=-71.5724 score=0.994924 valid=1 mode=tracking state=TRACKING evaluated=831 execution_us=23492 reason=tracking_pose_accepted
x=1.70001 y=0.149998 yaw=-71.8875 score=1 valid=1 mode=tracking state=TRACKING evaluated=807 execution_us=22889 reason=tracking_pose_accepted
x=1.70001 y=0.149998 yaw=-71.7837 score=1 valid=1 mode=tracking state=TRACKING evaluated=807 execution_us=21945 reason=tracking_pose_accepted
x=1.70001 y=0.149998 yaw=-71.9591 score=1 valid=1 mode=tracking state=TRACKING evaluated=831 execution_us=22151 reason=tracking_pose_accepted
x=1.70001 y=0.149998 yaw=-71.8554 score=1 valid=1 mode=tracking state=TRACKING evaluated=831 execution_us=21778 reason=tracking_pose_accepted
x=1.70001 y=0.149998 yaw=-71.8388 score=1 valid=1 mode=tracking state=TRACKING evaluated=831 execution_us=22222 reason=tracking_pose_accepted
x=1.70001 y=0.149998 yaw=-71.7001 score=1 valid=1 mode=tracking state=TRACKING evaluated=807 execution_us=22207 reason=tracking_pose_accepted
x=1.70001 y=0.149998 yaw=-71.736 score=1 valid=1 mode=tracking state=TRACKING evaluated=831 execution_us=23035 reason=tracking_pose_accepted
x=1.70001 y=0.149998 yaw=-71.7718 score=1 valid=1 mode=tracking state=TRACKING evaluated=831 execution_us=24011 reason=tracking_pose_accepted
x=1.70001 y=0.149998 yaw=-71.668 score=1 valid=1 mode=tracking state=TRACKING evaluated=831 execution_us=21804 reason=tracking_pose_accepted
x=1.75001 y=0.149998 yaw=-71.8435 score=1 valid=1 mode=tracking state=TRACKING evaluated=831 execution_us=21095 reason=tracking_pose_accepted
x=1.70001 y=0.199998 yaw=-72.4379 score=1 valid=1 mode=tracking state=TRACKING evaluated=831 execution_us=23003 reason=tracking_pose_accepted
x=1.65001 y=0.199998 yaw=-73.0322 score=1 valid=1 mode=tracking state=TRACKING evaluated=831 execution_us=22634 reason=tracking_pose_accepted
x=1.70001 y=0.199998 yaw=-73.6265 score=1 valid=1 mode=tracking state=TRACKING evaluated=831 execution_us=21970 reason=tracking_pose_accepted
x=1.55001 y=0.199998 yaw=-74.2209 score=1 valid=1 mode=tracking state=TRACKING evaluated=831 execution_us=21765 reason=tracking_pose_accepted
x=1.75001 y=0.199998 yaw=-74.7803 score=0.998748 valid=1 mode=tracking state=TRACKING evaluated=831 execution_us=21991 reason=tracking_pose_accepted
x=1.75001 y=0.199998 yaw=-75.3747 score=0.995596 valid=1 mode=tracking state=TRACKING evaluated=831 execution_us=21936 reason=tracking_pose_accepted
x=1.75001 y=0.149998 yaw=-75.969 score=1 valid=1 mode=tracking state=TRACKING evaluated=831 execution_us=21542 reason=tracking_pose_accepted
x=1.70001 y=0.149998 yaw=-76.5634 score=1 valid=1 mode=tracking state=TRACKING evaluated=807 execution_us=20870 reason=tracking_pose_accepted
x=1.55001 y=0.149998 yaw=-77.1577 score=1 valid=1 mode=tracking state=TRACKING evaluated=807 execution_us=21749 reason=tracking_pose_accepted
x=1.70001 y=0.149998 yaw=-77.6822 score=1 valid=1 mode=tracking state=TRACKING evaluated=831 execution_us=22301 reason=tracking_pose_accepted
x=1.70001 y=0.149998 yaw=-77.9973 score=1 valid=1 mode=tracking state=TRACKING evaluated=831 execution_us=22246 reason=tracking_pose_accepted
x=1.70001 y=0.149998 yaw=-77.9808 score=1 valid=1 mode=tracking state=TRACKING evaluated=831 execution_us=21839 reason=tracking_pose_accepted
x=1.70001 y=0.149998 yaw=-77.877 score=1 valid=1 mode=tracking state=TRACKING evaluated=831 execution_us=22266 reason=tracking_pose_accepted
x=1.70001 y=0.149998 yaw=-77.7732 score=0.994737 valid=1 mode=tracking state=TRACKING evaluated=831 execution_us=22587 reason=tracking_pose_accepted
x=1.70001 y=0.149998 yaw=-78.0883 score=1 valid=1 mode=tracking state=TRACKING evaluated=831 execution_us=22846 reason=tracking_pose_accepted
x=1.70001 y=0.149998 yaw=-78.1242 score=1 valid=1 mode=tracking state=TRACKING evaluated=831 execution_us=22412 reason=tracking_pose_accepted
x=1.70001 y=0.149998 yaw=-78.16 score=1 valid=1 mode=tracking state=TRACKING evaluated=831 execution_us=23281 reason=tracking_pose_accepted
x=1.75001 y=0.149998 yaw=-78.1959 score=0.994845 valid=1 mode=tracking state=TRACKING evaluated=831 execution_us=23023 reason=tracking_pose_accepted
x=1.70001 y=0.199998 yaw=-78.7902 score=1 valid=1 mode=tracking state=TRACKING evaluated=807 execution_us=21172 reason=tracking_pose_accepted
x=1.70001 y=0.199998 yaw=-79.3845 score=1 valid=1 mode=tracking state=TRACKING evaluated=831 execution_us=23681 reason=tracking_pose_accepted
x=1.70001 y=0.199998 yaw=-79.9789 score=1 valid=1 mode=tracking state=TRACKING evaluated=831 execution_us=22030 reason=tracking_pose_accepted
x=1.75001 y=0.199998 yaw=-80.5732 score=0.999384 valid=1 mode=tracking state=TRACKING evaluated=831 execution_us=22679 reason=tracking_pose_accepted
x=1.75001 y=0.199998 yaw=-81.1152 score=0.998742 valid=1 mode=tracking state=TRACKING evaluated=807 execution_us=21884 reason=tracking_pose_accepted
x=1.75001 y=0.149998 yaw=-81.7096 score=1 valid=1 mode=tracking state=TRACKING evaluated=807 execution_us=20660 reason=tracking_pose_accepted
x=1.70001 y=0.149998 yaw=-82.3039 score=1 valid=1 mode=tracking state=TRACKING evaluated=789 execution_us=18203 reason=tracking_pose_accepted
x=1.70001 y=0.149998 yaw=-82.8982 score=1 valid=1 mode=tracking state=TRACKING evaluated=831 execution_us=20592 reason=tracking_pose_accepted
x=1.55001 y=0.149998 yaw=-83.4926 score=1 valid=1 mode=tracking state=TRACKING evaluated=831 execution_us=21167 reason=tracking_pose_accepted
x=1.50001 y=0.149998 yaw=-84.0869 score=1 valid=1 mode=tracking state=TRACKING evaluated=831 execution_us=19875 reason=tracking_pose_accepted
x=1.70001 y=0.199998 yaw=-84.6813 score=0.995773 valid=1 mode=tracking state=TRACKING evaluated=831 execution_us=20402 reason=tracking_pose_accepted
x=1.65001 y=0.199998 yaw=-85.2756 score=1 valid=1 mode=tracking state=TRACKING evaluated=831 execution_us=20251 reason=tracking_pose_accepted
x=1.70001 y=0.199998 yaw=-85.87 score=1 valid=1 mode=tracking state=TRACKING evaluated=831 execution_us=20568 reason=tracking_pose_accepted
x=1.55001 y=0.199998 yaw=-86.4643 score=1 valid=1 mode=tracking state=TRACKING evaluated=831 execution_us=19775 reason=tracking_pose_accepted
x=1.60001 y=0.199998 yaw=-87.0587 score=1 valid=1 mode=tracking state=TRACKING evaluated=831 execution_us=20176 reason=tracking_pose_accepted
x=1.55001 y=0.199998 yaw=-87.6356 score=1 valid=1 mode=tracking state=TRACKING evaluated=831 execution_us=20272 reason=tracking_pose_accepted
x=1.60001 y=0.149998 yaw=-88.2299 score=1 valid=1 mode=tracking state=TRACKING evaluated=831 execution_us=20405 reason=tracking_pose_accepted
x=1.70001 y=0.149998 yaw=-88.8242 score=1 valid=1 mode=tracking state=TRACKING evaluated=807 execution_us=19679 reason=tracking_pose_accepted
x=1.55001 y=0.149998 yaw=-89.4186 score=1 valid=1 mode=tracking state=TRACKING evaluated=831 execution_us=20043 reason=tracking_pose_accepted
x=1.50001 y=0.149998 yaw=-90.0129 score=1 valid=1 mode=tracking state=TRACKING evaluated=831 execution_us=20911 reason=tracking_pose_accepted
x=1.75001 y=0.149998 yaw=-90.6073 score=1 valid=1 mode=tracking state=TRACKING evaluated=831 execution_us=20439 reason=tracking_pose_accepted
x=1.70001 y=0.199998 yaw=-91.2016 score=0.998707 valid=1 mode=tracking state=TRACKING evaluated=831 execution_us=23125 reason=tracking_pose_accepted
x=1.65001 y=0.199998 yaw=-91.796 score=1 valid=1 mode=tracking state=TRACKING evaluated=831 execution_us=20485 reason=tracking_pose_accepted
x=1.70001 y=0.199998 yaw=-92.3903 score=1 valid=1 mode=tracking state=TRACKING evaluated=831 execution_us=21061 reason=tracking_pose_accepted
x=1.55001 y=0.199998 yaw=-92.9847 score=1 valid=1 mode=tracking state=TRACKING evaluated=831 execution_us=18832 reason=tracking_pose_accepted
x=1.60001 y=0.199998 yaw=-93.579 score=0.999328 valid=1 mode=tracking state=TRACKING evaluated=831 execution_us=20645 reason=tracking_pose_accepted
x=1.55001 y=0.199998 yaw=-94.1733 score=0.998583 valid=1 mode=tracking state=TRACKING evaluated=831 execution_us=20485 reason=tracking_pose_accepted
x=1.70001 y=0.149998 yaw=-94.7677 score=1 valid=1 mode=tracking state=TRACKING evaluated=831 execution_us=20152 reason=tracking_pose_accepted
x=1.70001 y=0.149998 yaw=-95.362 score=1 valid=1 mode=tracking state=TRACKING evaluated=789 execution_us=19600 reason=tracking_pose_accepted
x=1.55001 y=0.149998 yaw=-95.9564 score=1 valid=1 mode=tracking state=TRACKING evaluated=807 execution_us=19208 reason=tracking_pose_accepted
x=1.55001 y=0.149998 yaw=-96.5507 score=1 valid=1 mode=tracking state=TRACKING evaluated=831 execution_us=21307 reason=tracking_pose_accepted
x=1.70001 y=0.149998 yaw=-97.1451 score=1 valid=1 mode=tracking state=TRACKING evaluated=807 execution_us=20527 reason=tracking_pose_accepted
x=1.70001 y=0.149998 yaw=-97.0413 score=0.994186 valid=1 mode=tracking state=TRACKING evaluated=807 execution_us=19993 reason=tracking_pose_accepted
x=1.70001 y=0.149998 yaw=-97.3564 score=1 valid=1 mode=tracking state=TRACKING evaluated=807 execution_us=19970 reason=tracking_pose_accepted
x=1.60001 y=0.149998 yaw=-97.6715 score=1 valid=1 mode=tracking state=TRACKING evaluated=831 execution_us=21958 reason=tracking_pose_accepted
x=1.65001 y=0.199998 yaw=-98.2658 score=1 valid=1 mode=tracking state=TRACKING evaluated=831 execution_us=20956 reason=tracking_pose_accepted
x=1.70001 y=0.199997 yaw=-98.8602 score=1 valid=1 mode=tracking state=TRACKING evaluated=831 execution_us=20822 reason=tracking_pose_accepted
x=1.55001 y=0.199997 yaw=-99.4545 score=1 valid=1 mode=tracking state=TRACKING evaluated=831 execution_us=20313 reason=tracking_pose_accepted
x=1.75001 y=0.199997 yaw=-100.049 score=0.998591 valid=1 mode=tracking state=TRACKING evaluated=831 execution_us=19723 reason=tracking_pose_accepted
x=1.75001 y=0.149997 yaw=-100.643 score=1 valid=1 mode=tracking state=TRACKING evaluated=807 execution_us=19537 reason=tracking_pose_accepted
x=1.70001 y=0.149997 yaw=-101.238 score=1 valid=1 mode=tracking state=TRACKING evaluated=789 execution_us=18818 reason=tracking_pose_accepted
x=1.70001 y=0.149997 yaw=-101.832 score=1 valid=1 mode=tracking state=TRACKING evaluated=831 execution_us=20283 reason=tracking_pose_accepted
x=1.55001 y=0.149997 yaw=-102.426 score=1 valid=1 mode=tracking state=TRACKING evaluated=831 execution_us=20008 reason=tracking_pose_accepted
x=1.50001 y=0.149997 yaw=-103.021 score=1 valid=1 mode=tracking state=TRACKING evaluated=831 execution_us=19884 reason=tracking_pose_accepted
x=1.70001 y=0.149997 yaw=-103.615 score=1 valid=1 mode=tracking state=TRACKING evaluated=831 execution_us=20564 reason=tracking_pose_accepted
x=1.75001 y=0.149997 yaw=-103.476 score=0.994118 valid=1 mode=tracking state=TRACKING evaluated=831 execution_us=20641 reason=tracking_pose_accepted
x=1.70001 y=0.199997 yaw=-104.071 score=1 valid=1 mode=tracking state=TRACKING evaluated=807 execution_us=20276 reason=tracking_pose_accepted
x=1.65001 y=0.199997 yaw=-104.665 score=1 valid=1 mode=tracking state=TRACKING evaluated=831 execution_us=20113 reason=tracking_pose_accepted
x=1.60002 y=0.199997 yaw=-105.259 score=1 valid=1 mode=tracking state=TRACKING evaluated=831 execution_us=18782 reason=tracking_pose_accepted
x=1.55002 y=0.199997 yaw=-105.854 score=1 valid=1 mode=tracking state=TRACKING evaluated=831 execution_us=20659 reason=tracking_pose_accepted
x=1.75002 y=0.199997 yaw=-106.448 score=1 valid=1 mode=tracking state=TRACKING evaluated=831 execution_us=19492 reason=tracking_pose_accepted
x=1.75002 y=0.149997 yaw=-107.042 score=1 valid=1 mode=tracking state=TRACKING evaluated=831 execution_us=21764 reason=tracking_pose_accepted
x=1.70002 y=0.149997 yaw=-107.637 score=1 valid=1 mode=tracking state=TRACKING evaluated=807 execution_us=19889 reason=tracking_pose_accepted
x=1.70002 y=0.149997 yaw=-108.231 score=1 valid=1 mode=tracking state=TRACKING evaluated=807 execution_us=20296 reason=tracking_pose_accepted
x=1.55002 y=0.149997 yaw=-108.825 score=1 valid=1 mode=tracking state=TRACKING evaluated=807 execution_us=20450 reason=tracking_pose_accepted
x=1.70002 y=0.149997 yaw=-109.42 score=1 valid=1 mode=tracking state=TRACKING evaluated=831 execution_us=20067 reason=tracking_pose_accepted
x=1.70002 y=0.149997 yaw=-109.595 score=1 valid=1 mode=tracking state=TRACKING evaluated=831 execution_us=20946 reason=tracking_pose_accepted
x=1.70002 y=0.149997 yaw=-109.771 score=1 valid=1 mode=tracking state=TRACKING evaluated=831 execution_us=21040 reason=tracking_pose_accepted
x=1.70002 y=0.149997 yaw=-109.806 score=1 valid=1 mode=tracking state=TRACKING evaluated=831 execution_us=20366 reason=tracking_pose_accepted
x=1.70002 y=0.149997 yaw=-109.842 score=1 valid=1 mode=tracking state=TRACKING evaluated=831 execution_us=20060 reason=tracking_pose_accepted
x=1.60002 y=0.149997 yaw=-110.157 score=1 valid=1 mode=tracking state=TRACKING evaluated=831 execution_us=19698 reason=tracking_pose_accepted
x=1.70002 y=0.199997 yaw=-110.752 score=1 valid=1 mode=tracking state=TRACKING evaluated=831 execution_us=21320 reason=tracking_pose_accepted
x=1.70002 y=0.199997 yaw=-111.346 score=1 valid=1 mode=tracking state=TRACKING evaluated=831 execution_us=20701 reason=tracking_pose_accepted
x=1.55002 y=0.199997 yaw=-111.94 score=1 valid=1 mode=tracking state=TRACKING evaluated=807 execution_us=21140 reason=tracking_pose_accepted
x=1.75002 y=0.199997 yaw=-112.535 score=1 valid=1 mode=tracking state=TRACKING evaluated=831 execution_us=20584 reason=tracking_pose_accepted
x=1.65002 y=0.149997 yaw=-113.129 score=1 valid=1 mode=tracking state=TRACKING evaluated=807 execution_us=20068 reason=tracking_pose_accepted
x=1.70002 y=0.149997 yaw=-113.723 score=1 valid=1 mode=tracking state=TRACKING evaluated=807 execution_us=19341 reason=tracking_pose_accepted
x=1.70002 y=0.149997 yaw=-114.318 score=1 valid=1 mode=tracking state=TRACKING evaluated=831 execution_us=21345 reason=tracking_pose_accepted
x=1.55002 y=0.149997 yaw=-114.912 score=1 valid=1 mode=tracking state=TRACKING evaluated=807 execution_us=19797 reason=tracking_pose_accepted
x=1.55002 y=0.149997 yaw=-115.507 score=1 valid=1 mode=tracking state=TRACKING evaluated=831 execution_us=20808 reason=tracking_pose_accepted
x=1.70002 y=0.149997 yaw=-116.101 score=1 valid=1 mode=tracking state=TRACKING evaluated=831 execution_us=20772 reason=tracking_pose_accepted
x=1.70002 y=0.149997 yaw=-115.997 score=1 valid=1 mode=tracking state=TRACKING evaluated=831 execution_us=21186 reason=tracking_pose_accepted
x=1.70002 y=0.199997 yaw=-116.452 score=0.998171 valid=1 mode=tracking state=TRACKING evaluated=831 execution_us=22915 reason=tracking_pose_accepted
x=1.75002 y=0.199997 yaw=-117.046 score=0.999426 valid=1 mode=tracking state=TRACKING evaluated=789 execution_us=22666 reason=tracking_pose_accepted
x=1.75002 y=0.199997 yaw=-117.64 score=1 valid=1 mode=tracking state=TRACKING evaluated=831 execution_us=23324 reason=tracking_pose_accepted
x=1.60002 y=0.199997 yaw=-118.235 score=0.999397 valid=1 mode=tracking state=TRACKING evaluated=831 execution_us=23042 reason=tracking_pose_accepted
x=1.55002 y=0.199997 yaw=-118.829 score=1 valid=1 mode=tracking state=TRACKING evaluated=831 execution_us=20286 reason=tracking_pose_accepted
x=1.75002 y=0.149997 yaw=-119.424 score=1 valid=1 mode=tracking state=TRACKING evaluated=831 execution_us=20905 reason=tracking_pose_accepted
x=1.70002 y=0.149997 yaw=-120.018 score=1 valid=1 mode=tracking state=TRACKING evaluated=807 execution_us=22883 reason=tracking_pose_accepted
x=1.70002 y=0.149997 yaw=-120.612 score=1 valid=1 mode=tracking state=TRACKING evaluated=807 execution_us=23519 reason=tracking_pose_accepted
x=1.55002 y=0.149997 yaw=-121.207 score=1 valid=1 mode=tracking state=TRACKING evaluated=807 execution_us=20604 reason=tracking_pose_accepted
x=1.50002 y=0.149997 yaw=-121.801 score=1 valid=1 mode=tracking state=TRACKING evaluated=831 execution_us=20542 reason=tracking_pose_accepted
x=1.70002 y=0.149997 yaw=-122.395 score=0.994505 valid=1 mode=tracking state=TRACKING evaluated=831 execution_us=22025 reason=tracking_pose_accepted
x=1.70002 y=0.149997 yaw=-122.291 score=0.995261 valid=1 mode=tracking state=TRACKING evaluated=807 execution_us=24830 reason=tracking_pose_accepted
x=1.70002 y=0.199997 yaw=-122.467 score=0.995386 valid=1 mode=tracking state=TRACKING evaluated=807 execution_us=23608 reason=tracking_pose_accepted
x=1.70002 y=0.199997 yaw=-123.061 score=0.9989 valid=1 mode=tracking state=TRACKING evaluated=789 execution_us=23957 reason=tracking_pose_accepted
x=1.75002 y=0.199997 yaw=-123.656 score=1 valid=1 mode=tracking state=TRACKING evaluated=807 execution_us=23783 reason=tracking_pose_accepted
x=1.75002 y=0.199997 yaw=-124.25 score=1 valid=1 mode=tracking state=TRACKING evaluated=831 execution_us=24522 reason=tracking_pose_accepted
x=1.75002 y=0.199997 yaw=-124.844 score=1 valid=1 mode=tracking state=TRACKING evaluated=831 execution_us=22023 reason=tracking_pose_accepted
x=1.75002 y=0.199997 yaw=-125.439 score=1 valid=1 mode=tracking state=TRACKING evaluated=831 execution_us=22165 reason=tracking_pose_accepted
x=1.75002 y=0.149997 yaw=-126.033 score=1 valid=1 mode=tracking state=TRACKING evaluated=831 execution_us=23052 reason=tracking_pose_accepted
x=1.70002 y=0.149997 yaw=-126.191 score=1 valid=1 mode=tracking state=TRACKING evaluated=807 execution_us=24013 reason=tracking_pose_accepted
x=1.70002 y=0.149997 yaw=-126.785 score=1 valid=1 mode=tracking state=TRACKING evaluated=831 execution_us=23666 reason=tracking_pose_accepted
x=1.55002 y=0.149997 yaw=-127.38 score=1 valid=1 mode=tracking state=TRACKING evaluated=807 execution_us=22942 reason=tracking_pose_accepted
x=1.70002 y=0.149997 yaw=-127.939 score=1 valid=1 mode=tracking state=TRACKING evaluated=831 execution_us=23948 reason=tracking_pose_accepted
x=1.70002 y=0.149997 yaw=-128.376 score=1 valid=1 mode=tracking state=TRACKING evaluated=831 execution_us=25114 reason=tracking_pose_accepted
x=1.70002 y=0.149997 yaw=-128.273 score=0.994792 valid=1 mode=tracking state=TRACKING evaluated=831 execution_us=22791 reason=tracking_pose_accepted
x=1.70002 y=0.149997 yaw=-128.308 score=0.995049 valid=1 mode=tracking state=TRACKING evaluated=831 execution_us=23893 reason=tracking_pose_accepted
x=1.70002 y=0.149997 yaw=-128.466 score=0.995074 valid=1 mode=tracking state=TRACKING evaluated=831 execution_us=23996 reason=tracking_pose_accepted
x=1.70002 y=0.149997 yaw=-128.363 score=1 valid=1 mode=tracking state=TRACKING evaluated=831 execution_us=23525 reason=tracking_pose_accepted
x=1.70002 y=0.149997 yaw=-128.259 score=1 valid=1 mode=tracking state=TRACKING evaluated=831 execution_us=25059 reason=tracking_pose_accepted
x=1.70002 y=0.149997 yaw=-128.12 score=1 valid=1 mode=tracking state=TRACKING evaluated=831 execution_us=23082 reason=tracking_pose_accepted
x=1.70002 y=0.149997 yaw=-128.156 score=1 valid=1 mode=tracking state=TRACKING evaluated=831 execution_us=23959 reason=tracking_pose_accepted
x=1.70002 y=0.149997 yaw=-128.157 score=1 valid=1 mode=tracking state=TRACKING evaluated=831 execution_us=23976 reason=tracking_pose_accepted
x=1.75002 y=0.149997 yaw=-128.332 score=1 valid=1 mode=tracking state=TRACKING evaluated=831 execution_us=24579 reason=tracking_pose_accepted
x=1.65002 y=0.199997 yaw=-128.927 score=0.999328 valid=1 mode=tracking state=TRACKING evaluated=831 execution_us=20973 reason=tracking_pose_accepted
x=1.65002 y=0.199997 yaw=-129.521 score=1 valid=1 mode=tracking state=TRACKING evaluated=831 execution_us=22024 reason=tracking_pose_accepted
x=1.70002 y=0.199997 yaw=-130.115 score=1 valid=1 mode=tracking state=TRACKING evaluated=831 execution_us=20279 reason=tracking_pose_accepted
x=1.55002 y=0.199997 yaw=-130.71 score=1 valid=1 mode=tracking state=TRACKING evaluated=831 execution_us=21031 reason=tracking_pose_accepted
x=1.60002 y=0.199997 yaw=-131.304 score=1 valid=1 mode=tracking state=TRACKING evaluated=831 execution_us=20799 reason=tracking_pose_accepted
x=1.75002 y=0.149997 yaw=-131.898 score=1 valid=1 mode=tracking state=TRACKING evaluated=831 execution_us=21557 reason=tracking_pose_accepted
x=1.70002 y=0.149997 yaw=-132.493 score=1 valid=1 mode=tracking state=TRACKING evaluated=807 execution_us=19595 reason=tracking_pose_accepted
x=1.70002 y=0.149997 yaw=-133.087 score=1 valid=1 mode=tracking state=TRACKING evaluated=831 execution_us=20251 reason=tracking_pose_accepted
x=1.55002 y=0.149997 yaw=-133.682 score=1 valid=1 mode=tracking state=TRACKING evaluated=831 execution_us=21471 reason=tracking_pose_accepted
x=1.50002 y=0.149997 yaw=-134.276 score=1 valid=1 mode=tracking state=TRACKING evaluated=831 execution_us=20355 reason=tracking_pose_accepted
x=1.70002 y=0.149997 yaw=-134.87 score=1 valid=1 mode=tracking state=TRACKING evaluated=831 execution_us=20831 reason=tracking_pose_accepted
x=1.70002 y=0.149997 yaw=-134.906 score=1 valid=1 mode=tracking state=TRACKING evaluated=831 execution_us=21196 reason=tracking_pose_accepted
x=1.70002 y=0.149997 yaw=-134.924 score=1 valid=1 mode=tracking state=TRACKING evaluated=831 execution_us=22008 reason=tracking_pose_accepted
x=1.70002 y=0.149997 yaw=-134.96 score=1 valid=1 mode=tracking state=TRACKING evaluated=831 execution_us=21579 reason=tracking_pose_accepted
x=1.70002 y=0.149997 yaw=-134.996 score=1 valid=1 mode=tracking state=TRACKING evaluated=831 execution_us=20902 reason=tracking_pose_accepted
x=1.70002 y=0.149997 yaw=-134.892 score=0.994186 valid=1 mode=tracking state=TRACKING evaluated=831 execution_us=20860 reason=tracking_pose_accepted
x=1.70002 y=0.149997 yaw=-134.789 score=0.994286 valid=1 mode=tracking state=TRACKING evaluated=831 execution_us=21334 reason=tracking_pose_accepted
x=1.70002 y=0.149997 yaw=-134.947 score=1 valid=1 mode=tracking state=TRACKING evaluated=831 execution_us=21568 reason=tracking_pose_accepted
x=1.70002 y=0.199997 yaw=-134.982 score=0.996658 valid=1 mode=tracking state=TRACKING evaluated=831 execution_us=21175 reason=tracking_pose_accepted
x=1.70002 y=0.199997 yaw=-135.577 score=1 valid=1 mode=tracking state=TRACKING evaluated=807 execution_us=20892 reason=tracking_pose_accepted
x=1.70002 y=0.199997 yaw=-136.171 score=1 valid=1 mode=tracking state=TRACKING evaluated=831 execution_us=20756 reason=tracking_pose_accepted
x=1.55002 y=0.199997 yaw=-136.765 score=1 valid=1 mode=tracking state=TRACKING evaluated=831 execution_us=21463 reason=tracking_pose_accepted
x=1.60002 y=0.199997 yaw=-137.36 score=0.999332 valid=1 mode=tracking state=TRACKING evaluated=831 execution_us=20703 reason=tracking_pose_accepted
x=1.55002 y=0.199997 yaw=-137.954 score=0.998685 valid=1 mode=tracking state=TRACKING evaluated=831 execution_us=21063 reason=tracking_pose_accepted
x=1.70002 y=0.149997 yaw=-138.549 score=1 valid=1 mode=tracking state=TRACKING evaluated=831 execution_us=20823 reason=tracking_pose_accepted
x=1.70002 y=0.149997 yaw=-139.143 score=1 valid=1 mode=tracking state=TRACKING evaluated=789 execution_us=19797 reason=tracking_pose_accepted
x=1.70002 y=0.149997 yaw=-139.737 score=1 valid=1 mode=tracking state=TRACKING evaluated=807 execution_us=20685 reason=tracking_pose_accepted
x=1.55002 y=0.149997 yaw=-140.332 score=1 valid=1 mode=tracking state=TRACKING evaluated=807 execution_us=20445 reason=tracking_pose_accepted
x=1.55002 y=0.149997 yaw=-140.926 score=1 valid=1 mode=tracking state=TRACKING evaluated=831 execution_us=21087 reason=tracking_pose_accepted
x=1.65002 y=0.199997 yaw=-141.52 score=1 valid=1 mode=tracking state=TRACKING evaluated=831 execution_us=22265 reason=tracking_pose_accepted
x=1.75002 y=0.199997 yaw=-142.115 score=1 valid=1 mode=tracking state=TRACKING evaluated=831 execution_us=22051 reason=tracking_pose_accepted
x=1.70002 y=0.199997 yaw=-142.709 score=1 valid=1 mode=tracking state=TRACKING evaluated=831 execution_us=20400 reason=tracking_pose_accepted
x=1.55002 y=0.199997 yaw=-143.303 score=1 valid=1 mode=tracking state=TRACKING evaluated=831 execution_us=21354 reason=tracking_pose_accepted
x=1.75002 y=0.199997 yaw=-143.898 score=1 valid=1 mode=tracking state=TRACKING evaluated=831 execution_us=20447 reason=tracking_pose_accepted
x=1.75002 y=0.149997 yaw=-144.492 score=1 valid=1 mode=tracking state=TRACKING evaluated=831 execution_us=20620 reason=tracking_pose_accepted
x=1.70002 y=0.149997 yaw=-145.086 score=1 valid=1 mode=tracking state=TRACKING evaluated=807 execution_us=20803 reason=tracking_pose_accepted
x=1.70002 y=0.149997 yaw=-145.681 score=1 valid=1 mode=tracking state=TRACKING evaluated=831 execution_us=26790 reason=tracking_pose_accepted
x=1.55002 y=0.149997 yaw=-146.275 score=1 valid=1 mode=tracking state=TRACKING evaluated=807 execution_us=21343 reason=tracking_pose_accepted
x=1.50002 y=0.149997 yaw=-146.87 score=1 valid=1 mode=tracking state=TRACKING evaluated=831 execution_us=20681 reason=tracking_pose_accepted
x=1.70002 y=0.149997 yaw=-147.464 score=1 valid=1 mode=tracking state=TRACKING evaluated=831 execution_us=21265 reason=tracking_pose_accepted
x=1.70002 y=0.149997 yaw=-147.36 score=0.994737 valid=1 mode=tracking state=TRACKING evaluated=807 execution_us=21925 reason=tracking_pose_accepted
x=1.70002 y=0.149996 yaw=-147.256 score=1 valid=1 mode=tracking state=TRACKING evaluated=789 execution_us=20588 reason=tracking_pose_accepted
x=1.70002 y=0.149996 yaw=-147.1 score=1 valid=1 mode=tracking state=TRACKING evaluated=831 execution_us=22049 reason=tracking_pose_accepted
x=1.70002 y=0.149996 yaw=-146.996 score=1 valid=1 mode=tracking state=TRACKING evaluated=807 execution_us=20314 reason=tracking_pose_accepted
x=1.70002 y=0.149996 yaw=-146.997 score=1 valid=1 mode=tracking state=TRACKING evaluated=831 execution_us=21112 reason=tracking_pose_accepted
x=1.70002 y=0.149996 yaw=-147.452 score=0.99435 valid=1 mode=tracking state=TRACKING evaluated=831 execution_us=21113 reason=tracking_pose_accepted
x=1.75002 y=0.149996 yaw=-147.313 score=1 valid=1 mode=tracking state=TRACKING evaluated=807 execution_us=21294 reason=tracking_pose_accepted
x=1.70002 y=0.199996 yaw=-147.908 score=0.999361 valid=1 mode=tracking state=TRACKING evaluated=831 execution_us=22686 reason=tracking_pose_accepted
x=1.70002 y=0.199996 yaw=-148.502 score=1 valid=1 mode=tracking state=TRACKING evaluated=831 execution_us=21514 reason=tracking_pose_accepted
x=1.55002 y=0.199996 yaw=-149.096 score=1 valid=1 mode=tracking state=TRACKING evaluated=807 execution_us=20349 reason=tracking_pose_accepted
x=1.75002 y=0.199996 yaw=-149.691 score=1 valid=1 mode=tracking state=TRACKING evaluated=831 execution_us=21308 reason=tracking_pose_accepted
x=1.75002 y=0.199996 yaw=-150.285 score=0.999374 valid=1 mode=tracking state=TRACKING evaluated=807 execution_us=21703 reason=tracking_pose_accepted
x=1.75002 y=0.149996 yaw=-150.879 score=1 valid=1 mode=tracking state=TRACKING evaluated=807 execution_us=21321 reason=tracking_pose_accepted
x=1.70002 y=0.149996 yaw=-151.474 score=1 valid=1 mode=tracking state=TRACKING evaluated=789 execution_us=20524 reason=tracking_pose_accepted
x=1.70002 y=0.149996 yaw=-152.068 score=1 valid=1 mode=tracking state=TRACKING evaluated=831 execution_us=20212 reason=tracking_pose_accepted
x=1.55002 y=0.149996 yaw=-152.662 score=1 valid=1 mode=tracking state=TRACKING evaluated=831 execution_us=21982 reason=tracking_pose_accepted
x=1.55002 y=0.149996 yaw=-153.257 score=1 valid=1 mode=tracking state=TRACKING evaluated=831 execution_us=20973 reason=tracking_pose_accepted
x=1.70002 y=0.199996 yaw=-153.851 score=0.995475 valid=1 mode=tracking state=TRACKING evaluated=831 execution_us=22099 reason=tracking_pose_accepted
x=1.70002 y=0.199996 yaw=-154.446 score=1 valid=1 mode=tracking state=TRACKING evaluated=831 execution_us=20860 reason=tracking_pose_accepted
x=1.75002 y=0.199996 yaw=-155.04 score=1 valid=1 mode=tracking state=TRACKING evaluated=831 execution_us=21083 reason=tracking_pose_accepted
x=1.75002 y=0.199996 yaw=-155.634 score=1 valid=1 mode=tracking state=TRACKING evaluated=807 execution_us=21093 reason=tracking_pose_accepted
x=1.60002 y=0.199996 yaw=-156.229 score=1 valid=1 mode=tracking state=TRACKING evaluated=807 execution_us=20116 reason=tracking_pose_accepted
x=1.55002 y=0.199996 yaw=-156.823 score=0.997371 valid=1 mode=tracking state=TRACKING evaluated=831 execution_us=21336 reason=tracking_pose_accepted
x=1.70002 y=0.149996 yaw=-157.417 score=1 valid=1 mode=tracking state=TRACKING evaluated=831 execution_us=20793 reason=tracking_pose_accepted
x=1.70002 y=0.149996 yaw=-158.012 score=1 valid=1 mode=tracking state=TRACKING evaluated=807 execution_us=19909 reason=tracking_pose_accepted
x=1.55002 y=0.149996 yaw=-158.606 score=1 valid=1 mode=tracking state=TRACKING evaluated=831 execution_us=21227 reason=tracking_pose_accepted
x=1.50002 y=0.149996 yaw=-159.2 score=1 valid=1 mode=tracking state=TRACKING evaluated=831 execution_us=20578 reason=tracking_pose_accepted
x=1.75002 y=0.149996 yaw=-159.795 score=0.994318 valid=1 mode=tracking state=TRACKING evaluated=831 execution_us=22469 reason=tracking_pose_accepted
x=1.70002 y=0.199996 yaw=-160.389 score=0.999364 valid=1 mode=tracking state=TRACKING evaluated=807 execution_us=21520 reason=tracking_pose_accepted
x=1.65002 y=0.199996 yaw=-160.984 score=1 valid=1 mode=tracking state=TRACKING evaluated=831 execution_us=21026 reason=tracking_pose_accepted
x=1.70002 y=0.199996 yaw=-161.578 score=1 valid=1 mode=tracking state=TRACKING evaluated=831 execution_us=22747 reason=tracking_pose_accepted
x=1.55002 y=0.199996 yaw=-162.172 score=1 valid=1 mode=tracking state=TRACKING evaluated=831 execution_us=21164 reason=tracking_pose_accepted
x=1.75002 y=0.199996 yaw=-162.767 score=0.998755 valid=1 mode=tracking state=TRACKING evaluated=831 execution_us=22176 reason=tracking_pose_accepted
x=1.75002 y=0.149996 yaw=-163.361 score=1 valid=1 mode=tracking state=TRACKING evaluated=807 execution_us=20742 reason=tracking_pose_accepted
x=1.70002 y=0.149996 yaw=-163.955 score=1 valid=1 mode=tracking state=TRACKING evaluated=789 execution_us=20803 reason=tracking_pose_accepted
x=1.70002 y=0.149996 yaw=-164.55 score=1 valid=1 mode=tracking state=TRACKING evaluated=831 execution_us=22163 reason=tracking_pose_accepted
x=1.55002 y=0.149996 yaw=-165.144 score=1 valid=1 mode=tracking state=TRACKING evaluated=831 execution_us=20825 reason=tracking_pose_accepted
x=1.50002 y=0.149996 yaw=-165.738 score=1 valid=1 mode=tracking state=TRACKING evaluated=831 execution_us=21617 reason=tracking_pose_accepted
x=1.70002 y=0.199996 yaw=-166.333 score=0.989011 valid=1 mode=tracking state=TRACKING evaluated=831 execution_us=21889 reason=tracking_pose_accepted
x=1.65002 y=0.199996 yaw=-166.927 score=1 valid=1 mode=tracking state=TRACKING evaluated=831 execution_us=21268 reason=tracking_pose_accepted
x=1.70002 y=0.199996 yaw=-167.521 score=1 valid=1 mode=tracking state=TRACKING evaluated=831 execution_us=20761 reason=tracking_pose_accepted
x=1.55002 y=0.199996 yaw=-168.116 score=1 valid=1 mode=tracking state=TRACKING evaluated=831 execution_us=22309 reason=tracking_pose_accepted
x=1.60002 y=0.199996 yaw=-168.71 score=1 valid=1 mode=tracking state=TRACKING evaluated=831 execution_us=21864 reason=tracking_pose_accepted
x=1.55002 y=0.199996 yaw=-169.305 score=0.999374 valid=1 mode=tracking state=TRACKING evaluated=831 execution_us=22082 reason=tracking_pose_accepted
x=1.60003 y=0.149996 yaw=-169.899 score=1 valid=1 mode=tracking state=TRACKING evaluated=831 execution_us=21767 reason=tracking_pose_accepted
x=1.70003 y=0.149996 yaw=-170.493 score=1 valid=1 mode=tracking state=TRACKING evaluated=807 execution_us=20659 reason=tracking_pose_accepted
x=1.70003 y=0.149996 yaw=-171.088 score=1 valid=1 mode=tracking state=TRACKING evaluated=831 execution_us=22310 reason=tracking_pose_accepted
x=1.55003 y=0.149996 yaw=-171.682 score=1 valid=1 mode=tracking state=TRACKING evaluated=807 execution_us=20597 reason=tracking_pose_accepted
x=1.55003 y=0.149996 yaw=-172.276 score=1 valid=1 mode=tracking state=TRACKING evaluated=831 execution_us=20872 reason=tracking_pose_accepted
x=1.70003 y=0.199996 yaw=-172.871 score=0.998728 valid=1 mode=tracking state=TRACKING evaluated=831 execution_us=22274 reason=tracking_pose_accepted
x=1.70003 y=0.199996 yaw=-173.465 score=1 valid=1 mode=tracking state=TRACKING evaluated=831 execution_us=21155 reason=tracking_pose_accepted
x=1.75003 y=0.199996 yaw=-174.059 score=1 valid=1 mode=tracking state=TRACKING evaluated=807 execution_us=20748 reason=tracking_pose_accepted
x=1.75003 y=0.199996 yaw=-174.654 score=1 valid=1 mode=tracking state=TRACKING evaluated=831 execution_us=21100 reason=tracking_pose_accepted
x=1.75003 y=0.199996 yaw=-175.248 score=1 valid=1 mode=tracking state=TRACKING evaluated=831 execution_us=21774 reason=tracking_pose_accepted
x=1.75003 y=0.199996 yaw=-175.808 score=0.996245 valid=1 mode=tracking state=TRACKING evaluated=831 execution_us=22566 reason=tracking_pose_accepted
x=1.70003 y=0.149996 yaw=-176.402 score=1 valid=1 mode=tracking state=TRACKING evaluated=831 execution_us=21204 reason=tracking_pose_accepted
x=1.70003 y=0.149996 yaw=-176.996 score=1 valid=1 mode=tracking state=TRACKING evaluated=789 execution_us=21195 reason=tracking_pose_accepted
x=1.55003 y=0.149996 yaw=-177.591 score=1 valid=1 mode=tracking state=TRACKING evaluated=807 execution_us=21541 reason=tracking_pose_accepted
x=1.50003 y=0.149996 yaw=-178.185 score=1 valid=1 mode=tracking state=TRACKING evaluated=831 execution_us=21561 reason=tracking_pose_accepted
x=1.70003 y=0.149996 yaw=-178.779 score=1 valid=1 mode=tracking state=TRACKING evaluated=831 execution_us=22069 reason=tracking_pose_accepted
x=1.70003 y=0.149996 yaw=-178.955 score=1 valid=1 mode=tracking state=TRACKING evaluated=831 execution_us=22373 reason=tracking_pose_accepted
x=1.65003 y=0.199996 yaw=-179.13 score=0.998707 valid=1 mode=tracking state=TRACKING evaluated=807 execution_us=21186 reason=tracking_pose_accepted
x=1.65003 y=0.199996 yaw=-179.725 score=0.999324 valid=1 mode=tracking state=TRACKING evaluated=807 execution_us=19974 reason=tracking_pose_accepted
x=1.75003 y=0.199996 yaw=-180.319 score=1 valid=1 mode=tracking state=TRACKING evaluated=831 execution_us=21833 reason=tracking_pose_accepted
x=1.75003 y=0.199996 yaw=-180.913 score=1 valid=1 mode=tracking state=TRACKING evaluated=831 execution_us=22236 reason=tracking_pose_accepted
x=1.75003 y=0.199996 yaw=-181.508 score=1 valid=1 mode=tracking state=TRACKING evaluated=831 execution_us=21605 reason=tracking_pose_accepted
x=1.75003 y=0.149996 yaw=-182.05 score=1 valid=1 mode=tracking state=TRACKING evaluated=831 execution_us=20399 reason=tracking_pose_accepted
x=1.70003 y=0.149996 yaw=-182.644 score=1 valid=1 mode=tracking state=TRACKING evaluated=807 execution_us=20517 reason=tracking_pose_accepted
x=1.70003 y=0.149996 yaw=-183.239 score=1 valid=1 mode=tracking state=TRACKING evaluated=807 execution_us=21228 reason=tracking_pose_accepted
x=1.55003 y=0.149996 yaw=-183.833 score=1 valid=1 mode=tracking state=TRACKING evaluated=807 execution_us=21395 reason=tracking_pose_accepted
x=1.50003 y=0.149996 yaw=-184.427 score=1 valid=1 mode=tracking state=TRACKING evaluated=831 execution_us=21348 reason=tracking_pose_accepted
x=1.70003 y=0.149996 yaw=-185.022 score=0.994536 valid=1 mode=tracking state=TRACKING evaluated=831 execution_us=22112 reason=tracking_pose_accepted
x=1.75003 y=0.149996 yaw=-185.005 score=1 valid=1 mode=tracking state=TRACKING evaluated=807 execution_us=21492 reason=tracking_pose_accepted
x=1.70003 y=0.199996 yaw=-185.599 score=1 valid=1 mode=tracking state=TRACKING evaluated=831 execution_us=22693 reason=tracking_pose_accepted
x=1.70003 y=0.199996 yaw=-186.194 score=1 valid=1 mode=tracking state=TRACKING evaluated=831 execution_us=20522 reason=tracking_pose_accepted
x=1.75003 y=0.199996 yaw=-186.788 score=1 valid=1 mode=tracking state=TRACKING evaluated=807 execution_us=21470 reason=tracking_pose_accepted
x=1.60003 y=0.199996 yaw=-187.382 score=1 valid=1 mode=tracking state=TRACKING evaluated=831 execution_us=21890 reason=tracking_pose_accepted
x=1.55003 y=0.199996 yaw=-187.977 score=0.999371 valid=1 mode=tracking state=TRACKING evaluated=831 execution_us=21906 reason=tracking_pose_accepted
x=1.75003 y=0.199996 yaw=-188.571 score=0.997311 valid=1 mode=tracking state=TRACKING evaluated=831 execution_us=20683 reason=tracking_pose_accepted
x=1.70003 y=0.149996 yaw=-189.166 score=1 valid=1 mode=tracking state=TRACKING evaluated=831 execution_us=21223 reason=tracking_pose_accepted
x=1.70003 y=0.149996 yaw=-189.76 score=1 valid=1 mode=tracking state=TRACKING evaluated=789 execution_us=20948 reason=tracking_pose_accepted
x=1.55003 y=0.149996 yaw=-190.354 score=1 valid=1 mode=tracking state=TRACKING evaluated=807 execution_us=21021 reason=tracking_pose_accepted
x=1.70003 y=0.149996 yaw=-190.949 score=1 valid=1 mode=tracking state=TRACKING evaluated=831 execution_us=21778 reason=tracking_pose_accepted
x=2.10003 y=0.199996 yaw=-190.775 score=0.516472 valid=0 mode=tracking state=DEGRADED evaluated=831 execution_us=41862 reason=tracking_score_below_threshold
x=2.15003 y=0.149996 yaw=-190.566 score=0.331718 valid=0 mode=tracking state=DEGRADED evaluated=831 execution_us=45458 reason=tracking_score_below_threshold
x=2.25003 y=1.7 yaw=-190.496 score=0.684552 valid=0 mode=tracking state=LOST evaluated=831 execution_us=46040 reason=rejection_limit_reached
x=3.25 y=1.5 yaw=1.15628 score=0.919425 valid=1 mode=global state=RECOVERED evaluated=15444 execution_us=867574 reason=global_relocalization_accepted
x=3.25 y=1.5 yaw=1.13789 score=0.987822 valid=1 mode=tracking state=RECOVERED evaluated=807 execution_us=47381 reason=recovery_confirmation_pending
x=3.25 y=1.5 yaw=1.13696 score=0.98887 valid=1 mode=tracking state=RECOVERED evaluated=807 execution_us=46729 reason=recovery_confirmation_pending
x=3.25 y=1.5 yaw=1.13602 score=0.988438 valid=1 mode=tracking state=TRACKING evaluated=807 execution_us=46420 reason=recovery_confirmed
x=3.25 y=1.5 yaw=1.15254 score=0.987566 valid=1 mode=tracking state=TRACKING evaluated=807 execution_us=46214 reason=tracking_pose_accepted
x=3.25 y=1.5 yaw=1.13416 score=0.984142 valid=1 mode=tracking state=TRACKING evaluated=807 execution_us=45905 reason=tracking_pose_accepted
x=3.25 y=1.5 yaw=1.15068 score=0.987328 valid=1 mode=tracking state=TRACKING evaluated=807 execution_us=45888 reason=tracking_pose_accepted
x=3.25 y=1.5 yaw=1.14974 score=0.99038 valid=1 mode=tracking state=TRACKING evaluated=807 execution_us=45542 reason=tracking_pose_accepted
x=3.25 y=1.5 yaw=1.14881 score=0.988506 valid=1 mode=tracking state=TRACKING evaluated=807 execution_us=46058 reason=tracking_pose_accepted
x=3.25 y=1.5 yaw=1.14787 score=0.990241 valid=1 mode=tracking state=TRACKING evaluated=807 execution_us=45845 reason=tracking_pose_accepted
x=3.25 y=1.5 yaw=1.14694 score=0.98995 valid=1 mode=tracking state=TRACKING evaluated=807 execution_us=46208 reason=tracking_pose_accepted
x=3.25 y=1.5 yaw=1.146 score=0.989873 valid=1 mode=tracking state=TRACKING evaluated=807 execution_us=45518 reason=tracking_pose_accepted
x=3.25 y=1.5 yaw=1.14507 score=0.989873 valid=1 mode=tracking state=TRACKING evaluated=807 execution_us=45671 reason=tracking_pose_accepted
x=3.25 y=1.5 yaw=1.14414 score=0.990176 valid=1 mode=tracking state=TRACKING evaluated=807 execution_us=45710 reason=tracking_pose_accepted
x=3.25 y=1.5 yaw=1.1432 score=0.990846 valid=1 mode=tracking state=TRACKING evaluated=807 execution_us=45920 reason=tracking_pose_accepted
x=3.25 y=1.5 yaw=1.14227 score=0.988729 valid=1 mode=tracking state=TRACKING evaluated=807 execution_us=46126 reason=tracking_pose_accepted
x=3.25 y=1.5 yaw=1.14133 score=0.988689 valid=1 mode=tracking state=TRACKING evaluated=807 execution_us=45861 reason=tracking_pose_accepted
x=3.25 y=1.5 yaw=1.1404 score=0.988497 valid=1 mode=tracking state=TRACKING evaluated=807 execution_us=45567 reason=tracking_pose_accepted
x=3.25 y=1.5 yaw=1.13947 score=0.989032 valid=1 mode=tracking state=TRACKING evaluated=807 execution_us=46023 reason=tracking_pose_accepted
x=3.25 y=1.5 yaw=1.13853 score=0.987118 valid=1 mode=tracking state=TRACKING evaluated=807 execution_us=45028 reason=tracking_pose_accepted
x=3.25 y=1.5 yaw=1.1376 score=0.98762 valid=1 mode=tracking state=TRACKING evaluated=807 execution_us=45611 reason=tracking_pose_accepted
x=3.25 y=1.5 yaw=1.13666 score=0.988235 valid=1 mode=tracking state=TRACKING evaluated=807 execution_us=45607 reason=tracking_pose_accepted
x=3.25 y=1.5 yaw=1.13573 score=0.988266 valid=1 mode=tracking state=TRACKING evaluated=807 execution_us=45671 reason=tracking_pose_accepted
x=3.25 y=1.5 yaw=1.13479 score=0.987217 valid=1 mode=tracking state=TRACKING evaluated=807 execution_us=46064 reason=tracking_pose_accepted
x=3.25 y=1.5 yaw=1.15131 score=0.983404 valid=1 mode=tracking state=TRACKING evaluated=807 execution_us=45779 reason=tracking_pose_accepted
x=3.25 y=1.5 yaw=1.15038 score=0.98763 valid=1 mode=tracking state=TRACKING evaluated=807 execution_us=45554 reason=tracking_pose_accepted
x=3.25 y=1.5 yaw=1.14945 score=0.99015 valid=1 mode=tracking state=TRACKING evaluated=807 execution_us=45917 reason=tracking_pose_accepted
x=3.25 y=1.5 yaw=1.14851 score=0.990201 valid=1 mode=tracking state=TRACKING evaluated=807 execution_us=45546 reason=tracking_pose_accepted
x=3.25 y=1.5 yaw=1.14758 score=0.990201 valid=1 mode=tracking state=TRACKING evaluated=807 execution_us=45666 reason=tracking_pose_accepted
x=3.25 y=1.5 yaw=1.14664 score=0.990504 valid=1 mode=tracking state=TRACKING evaluated=807 execution_us=45816 reason=tracking_pose_accepted
x=3.25 y=1.5 yaw=1.14571 score=0.98982 valid=1 mode=tracking state=TRACKING evaluated=807 execution_us=45374 reason=tracking_pose_accepted
x=3.25 y=1.5 yaw=1.14478 score=0.990201 valid=1 mode=tracking state=TRACKING evaluated=807 execution_us=45914 reason=tracking_pose_accepted
x=3.25 y=1.5 yaw=1.14384 score=0.990241 valid=1 mode=tracking state=TRACKING evaluated=807 execution_us=46061 reason=tracking_pose_accepted
x=3.25 y=1.5 yaw=1.14291 score=0.989321 valid=1 mode=tracking state=TRACKING evaluated=807 execution_us=45969 reason=tracking_pose_accepted
x=3.25 y=1.5 yaw=1.14197 score=0.989239 valid=1 mode=tracking state=TRACKING evaluated=807 execution_us=46207 reason=tracking_pose_accepted
x=3.25 y=1.5 yaw=1.14104 score=0.987066 valid=1 mode=tracking state=TRACKING evaluated=807 execution_us=45753 reason=tracking_pose_accepted
x=3.25 y=1.5 yaw=1.1401 score=0.98752 valid=1 mode=tracking state=TRACKING evaluated=807 execution_us=45909 reason=tracking_pose_accepted
x=3.25 y=1.5 yaw=1.13917 score=0.988053 valid=1 mode=tracking state=TRACKING evaluated=807 execution_us=45651 reason=tracking_pose_accepted
x=3.25 y=1.5 yaw=1.13824 score=0.988801 valid=1 mode=tracking state=TRACKING evaluated=807 execution_us=46504 reason=tracking_pose_accepted
x=3.25 y=1.5 yaw=1.1373 score=0.987217 valid=1 mode=tracking state=TRACKING evaluated=807 execution_us=45877 reason=tracking_pose_accepted
x=3.25 y=1.5 yaw=1.13637 score=0.987822 valid=1 mode=tracking state=TRACKING evaluated=807 execution_us=45981 reason=tracking_pose_accepted
x=3.25 y=1.5 yaw=1.13543 score=0.984405 valid=1 mode=tracking state=TRACKING evaluated=807 execution_us=45717 reason=tracking_pose_accepted
x=3.25 y=1.5 yaw=1.15195 score=0.988205 valid=1 mode=tracking state=TRACKING evaluated=807 execution_us=46180 reason=tracking_pose_accepted
x=3.25 y=1.5 yaw=1.15102 score=0.990782 valid=1 mode=tracking state=TRACKING evaluated=807 execution_us=45686 reason=tracking_pose_accepted
x=3.25 y=1.5 yaw=1.15008 score=0.990504 valid=1 mode=tracking state=TRACKING evaluated=807 execution_us=46104 reason=tracking_pose_accepted
x=3.25 y=1.5 yaw=1.14915 score=0.990806 valid=1 mode=tracking state=TRACKING evaluated=807 execution_us=46295 reason=tracking_pose_accepted
x=3.25 y=1.5 yaw=1.14822 score=0.989455 valid=1 mode=tracking state=TRACKING evaluated=807 execution_us=45718 reason=tracking_pose_accepted
x=3.25 y=1.5 yaw=1.14728 score=0.99052 valid=1 mode=tracking state=TRACKING evaluated=807 execution_us=45866 reason=tracking_pose_accepted
x=3.25 y=1.5 yaw=1.14635 score=0.990504 valid=1 mode=tracking state=TRACKING evaluated=807 execution_us=46097 reason=tracking_pose_accepted
x=3.25 y=1.5 yaw=1.14541 score=0.990528 valid=1 mode=tracking state=TRACKING evaluated=807 execution_us=45974 reason=tracking_pose_accepted
x=3.25 y=1.5 yaw=1.14448 score=0.990176 valid=1 mode=tracking state=TRACKING evaluated=807 execution_us=45771 reason=tracking_pose_accepted
x=3.25 y=1.5 yaw=1.14355 score=0.988963 valid=1 mode=tracking state=TRACKING evaluated=807 execution_us=45574 reason=tracking_pose_accepted
x=3.25 y=1.5 yaw=1.14261 score=0.989899 valid=1 mode=tracking state=TRACKING evaluated=807 execution_us=45752 reason=tracking_pose_accepted
x=3.25 y=1.5 yaw=1.14168 score=0.989939 valid=1 mode=tracking state=TRACKING evaluated=807 execution_us=46142 reason=tracking_pose_accepted
x=3.25 y=1.5 yaw=1.14074 score=0.987419 valid=1 mode=tracking state=TRACKING evaluated=807 execution_us=45600 reason=tracking_pose_accepted
x=3.25 y=1.5 yaw=1.13981 score=0.989939 valid=1 mode=tracking state=TRACKING evaluated=807 execution_us=45774 reason=tracking_pose_accepted
x=3.25 y=1.5 yaw=1.13888 score=0.987721 valid=1 mode=tracking state=TRACKING evaluated=807 execution_us=45884 reason=tracking_pose_accepted
x=3.25 y=1.5 yaw=1.13794 score=0.984766 valid=1 mode=tracking state=TRACKING evaluated=807 execution_us=45878 reason=tracking_pose_accepted
x=3.25 y=1.5 yaw=1.13701 score=0.987455 valid=1 mode=tracking state=TRACKING evaluated=807 execution_us=45503 reason=tracking_pose_accepted
x=3.25 y=1.5 yaw=1.13607 score=0.988568 valid=1 mode=tracking state=TRACKING evaluated=807 execution_us=46698 reason=tracking_pose_accepted
x=3.25 y=1.5 yaw=1.13514 score=0.982916 valid=1 mode=tracking state=TRACKING evaluated=807 execution_us=45857 reason=tracking_pose_accepted
x=3.25 y=1.5 yaw=1.1342 score=0.98388 valid=1 mode=tracking state=TRACKING evaluated=807 execution_us=46058 reason=tracking_pose_accepted
x=3.25 y=1.5 yaw=1.15072 score=0.986553 valid=1 mode=tracking state=TRACKING evaluated=807 execution_us=45215 reason=tracking_pose_accepted
x=3.25 y=1.5 yaw=1.14979 score=0.988235 valid=1 mode=tracking state=TRACKING evaluated=807 execution_us=45628 reason=tracking_pose_accepted
x=3.25 y=1.5 yaw=1.14886 score=0.989623 valid=1 mode=tracking state=TRACKING evaluated=807 execution_us=45955 reason=tracking_pose_accepted
x=3.25 y=1.5 yaw=1.14792 score=0.991086 valid=1 mode=tracking state=TRACKING evaluated=807 execution_us=45627 reason=tracking_pose_accepted
x=3.25 y=1.5 yaw=1.14699 score=0.990544 valid=1 mode=tracking state=TRACKING evaluated=807 execution_us=45748 reason=tracking_pose_accepted
x=3.25 y=1.5 yaw=1.14605 score=0.990504 valid=1 mode=tracking state=TRACKING evaluated=807 execution_us=45891 reason=tracking_pose_accepted
x=3.25 y=1.5 yaw=1.14512 score=0.990141 valid=1 mode=tracking state=TRACKING evaluated=807 execution_us=45822 reason=tracking_pose_accepted
x=3.25 y=1.5 yaw=1.14418 score=0.989925 valid=1 mode=tracking state=TRACKING evaluated=807 execution_us=46181 reason=tracking_pose_accepted
x=3.25 y=1.5 yaw=1.14325 score=0.990812 valid=1 mode=tracking state=TRACKING evaluated=807 execution_us=45198 reason=tracking_pose_accepted
x=3.25 y=1.5 yaw=1.14232 score=0.990544 valid=1 mode=tracking state=TRACKING evaluated=807 execution_us=45949 reason=tracking_pose_accepted
x=3.25 y=1.5 yaw=1.14138 score=0.989925 valid=1 mode=tracking state=TRACKING evaluated=807 execution_us=46345 reason=tracking_pose_accepted
x=3.25 y=1.5 yaw=1.14045 score=0.988991 valid=1 mode=tracking state=TRACKING evaluated=807 execution_us=48105 reason=tracking_pose_accepted
x=3.25 y=1.5 yaw=1.13951 score=0.988729 valid=1 mode=tracking state=TRACKING evaluated=807 execution_us=45867 reason=tracking_pose_accepted
x=3.25 y=1.5 yaw=1.13858 score=0.988991 valid=1 mode=tracking state=TRACKING evaluated=807 execution_us=45939 reason=tracking_pose_accepted
x=3.25 y=1.5 yaw=1.13765 score=0.987552 valid=1 mode=tracking state=TRACKING evaluated=807 execution_us=45857 reason=tracking_pose_accepted
x=3.25 y=1.5 yaw=1.13671 score=0.987892 valid=1 mode=tracking state=TRACKING evaluated=807 execution_us=45770 reason=tracking_pose_accepted
x=3.25 y=1.5 yaw=1.13578 score=0.987661 valid=1 mode=tracking state=TRACKING evaluated=807 execution_us=45814 reason=tracking_pose_accepted
x=3.25 y=1.5 yaw=1.13484 score=0.986012 valid=1 mode=tracking state=TRACKING evaluated=807 execution_us=45888 reason=tracking_pose_accepted
x=3.25 y=1.5 yaw=1.15136 score=0.987933 valid=1 mode=tracking state=TRACKING evaluated=807 execution_us=47018 reason=tracking_pose_accepted
x=3.25 y=1.5 yaw=1.15043 score=0.984616 valid=1 mode=tracking state=TRACKING evaluated=807 execution_us=45654 reason=tracking_pose_accepted
x=3.25 y=1.5 yaw=1.14949 score=0.98763 valid=1 mode=tracking state=TRACKING evaluated=807 execution_us=45912 reason=tracking_pose_accepted
x=3.25 y=1.5 yaw=1.14856 score=0.990806 valid=1 mode=tracking state=TRACKING evaluated=807 execution_us=46153 reason=tracking_pose_accepted
x=3.25 y=1.5 yaw=1.14763 score=0.989832 valid=1 mode=tracking state=TRACKING evaluated=807 execution_us=45754 reason=tracking_pose_accepted
x=3.25 y=1.5 yaw=1.14669 score=0.991108 valid=1 mode=tracking state=TRACKING evaluated=807 execution_us=45838 reason=tracking_pose_accepted
x=3.25 y=1.5 yaw=1.14576 score=0.990504 valid=1 mode=tracking state=TRACKING evaluated=807 execution_us=45862 reason=tracking_pose_accepted
x=3.25 y=1.5 yaw=1.14482 score=0.991108 valid=1 mode=tracking state=TRACKING evaluated=807 execution_us=45899 reason=tracking_pose_accepted
x=3.25 y=1.5 yaw=1.14389 score=0.989925 valid=1 mode=tracking state=TRACKING evaluated=807 execution_us=46410 reason=tracking_pose_accepted
x=3.25 y=1.5 yaw=1.14296 score=0.990201 valid=1 mode=tracking state=TRACKING evaluated=807 execution_us=45610 reason=tracking_pose_accepted
x=3.25 y=1.5 yaw=1.14202 score=0.988497 valid=1 mode=tracking state=TRACKING evaluated=807 execution_us=45873 reason=tracking_pose_accepted
x=3.25 y=1.5 yaw=1.14109 score=0.989334 valid=1 mode=tracking state=TRACKING evaluated=807 execution_us=46147 reason=tracking_pose_accepted
x=3.25 y=1.5 yaw=1.14015 score=0.989239 valid=1 mode=tracking state=TRACKING evaluated=807 execution_us=45194 reason=tracking_pose_accepted
x=3.25 y=1.5 yaw=1.13922 score=0.986461 valid=1 mode=tracking state=TRACKING evaluated=807 execution_us=45694 reason=tracking_pose_accepted
x=3.25 y=1.5 yaw=1.13828 score=0.984607 valid=1 mode=tracking state=TRACKING evaluated=807 execution_us=45846 reason=tracking_pose_accepted
x=3.25 y=1.5 yaw=1.13735 score=0.987552 valid=1 mode=tracking state=TRACKING evaluated=807 execution_us=45774 reason=tracking_pose_accepted
x=3.25 y=1.5 yaw=1.13642 score=0.984686 valid=1 mode=tracking state=TRACKING evaluated=807 execution_us=45741 reason=tracking_pose_accepted
x=3.25 y=1.5 yaw=1.13548 score=0.983739 valid=1 mode=tracking state=TRACKING evaluated=807 execution_us=81258 reason=tracking_pose_accepted
x=3.25 y=1.5 yaw=1.152 score=0.985628 valid=1 mode=tracking state=TRACKING evaluated=807 execution_us=46627 reason=tracking_pose_accepted
x=3.25 y=1.5 yaw=1.15107 score=0.987792 valid=1 mode=tracking state=TRACKING evaluated=807 execution_us=46113 reason=tracking_pose_accepted
x=3.25 y=1.5 yaw=1.15013 score=0.984757 valid=1 mode=tracking state=TRACKING evaluated=807 execution_us=45603 reason=tracking_pose_accepted
x=3.25 y=1.5 yaw=1.1492 score=0.987489 valid=1 mode=tracking state=TRACKING evaluated=807 execution_us=46244 reason=tracking_pose_accepted
x=3.25 y=1.5 yaw=1.14826 score=0.987933 valid=1 mode=tracking state=TRACKING evaluated=807 execution_us=45792 reason=tracking_pose_accepted
x=3.25 y=1.5 yaw=1.14733 score=0.99083 valid=1 mode=tracking state=TRACKING evaluated=807 execution_us=45822 reason=tracking_pose_accepted
x=3.25 y=1.5 yaw=1.1464 score=0.990439 valid=1 mode=tracking state=TRACKING evaluated=807 execution_us=45643 reason=tracking_pose_accepted
x=3.25 y=1.5 yaw=1.14546 score=0.990846 valid=1 mode=tracking state=TRACKING evaluated=807 execution_us=45755 reason=tracking_pose_accepted
x=3.25 y=1.5 yaw=1.14453 score=0.990528 valid=1 mode=tracking state=TRACKING evaluated=807 execution_us=45814 reason=tracking_pose_accepted
x=3.25 y=1.5 yaw=1.14359 score=0.990718 valid=1 mode=tracking state=TRACKING evaluated=807 execution_us=46027 reason=tracking_pose_accepted
x=3.25 y=1.5 yaw=1.14266 score=0.990241 valid=1 mode=tracking state=TRACKING evaluated=807 execution_us=85458 reason=tracking_pose_accepted
x=3.25 y=1.5 yaw=1.14173 score=0.990846 valid=1 mode=tracking state=TRACKING evaluated=807 execution_us=68945 reason=tracking_pose_accepted
x=3.25 y=1.5 yaw=1.14079 score=0.988935 valid=1 mode=tracking state=TRACKING evaluated=807 execution_us=46298 reason=tracking_pose_accepted
x=3.25 y=1.5 yaw=1.13986 score=0.989637 valid=1 mode=tracking state=TRACKING evaluated=807 execution_us=45883 reason=tracking_pose_accepted
x=3.25 y=1.5 yaw=1.13892 score=0.989036 valid=1 mode=tracking state=TRACKING evaluated=807 execution_us=45593 reason=tracking_pose_accepted
x=3.25 y=1.5 yaw=1.13799 score=0.984687 valid=1 mode=tracking state=TRACKING evaluated=807 execution_us=46270 reason=tracking_pose_accepted
x=3.25 y=1.5 yaw=1.13706 score=0.985543 valid=1 mode=tracking state=TRACKING evaluated=807 execution_us=45346 reason=tracking_pose_accepted
x=3.25 y=1.5 yaw=1.13612 score=0.984607 valid=1 mode=tracking state=TRACKING evaluated=807 execution_us=46090 reason=tracking_pose_accepted
x=3.25 y=1.5 yaw=1.13519 score=0.983519 valid=1 mode=tracking state=TRACKING evaluated=807 execution_us=45955 reason=tracking_pose_accepted
x=3.25 y=1.5 yaw=1.13425 score=0.985822 valid=1 mode=tracking state=TRACKING evaluated=807 execution_us=46146 reason=tracking_pose_accepted
x=3.25 y=1.5 yaw=1.15077 score=0.991108 valid=1 mode=tracking state=TRACKING evaluated=807 execution_us=47002 reason=tracking_pose_accepted
x=3.25 y=1.5 yaw=1.14984 score=0.985967 valid=1 mode=tracking state=TRACKING evaluated=807 execution_us=45927 reason=tracking_pose_accepted
x=3.25 y=1.5 yaw=1.1489 score=0.989925 valid=1 mode=tracking state=TRACKING evaluated=807 execution_us=45831 reason=tracking_pose_accepted
x=3.25 y=1.5 yaw=1.14797 score=0.989428 valid=1 mode=tracking state=TRACKING evaluated=807 execution_us=46186 reason=tracking_pose_accepted
x=3.25 y=1.5 yaw=1.14704 score=0.987262 valid=1 mode=tracking state=TRACKING evaluated=807 execution_us=45540 reason=tracking_pose_accepted
x=3.25 y=1.5 yaw=1.1461 score=0.990846 valid=1 mode=tracking state=TRACKING evaluated=807 execution_us=45846 reason=tracking_pose_accepted
x=3.25 y=1.5 yaw=1.14517 score=0.991045 valid=1 mode=tracking state=TRACKING evaluated=807 execution_us=45805 reason=tracking_pose_accepted
x=3.25 y=1.5 yaw=1.14423 score=0.991149 valid=1 mode=tracking state=TRACKING evaluated=807 execution_us=46525 reason=tracking_pose_accepted
x=3.25 y=1.5 yaw=1.1433 score=0.990161 valid=1 mode=tracking state=TRACKING evaluated=807 execution_us=46186 reason=tracking_pose_accepted
x=3.25 y=1.5 yaw=1.14236 score=0.990266 valid=1 mode=tracking state=TRACKING evaluated=807 execution_us=45761 reason=tracking_pose_accepted
x=3.25 y=1.5 yaw=1.14143 score=0.990241 valid=1 mode=tracking state=TRACKING evaluated=807 execution_us=45456 reason=tracking_pose_accepted
x=3.25 y=1.5 yaw=1.1405 score=0.988951 valid=1 mode=tracking state=TRACKING evaluated=807 execution_us=45914 reason=tracking_pose_accepted
x=3.25 y=1.5 yaw=1.13956 score=0.988387 valid=1 mode=tracking state=TRACKING evaluated=807 execution_us=45503 reason=tracking_pose_accepted
x=3.25 y=1.5 yaw=1.13863 score=0.989334 valid=1 mode=tracking state=TRACKING evaluated=807 execution_us=45811 reason=tracking_pose_accepted
x=3.25 y=1.5 yaw=1.13769 score=0.985618 valid=1 mode=tracking state=TRACKING evaluated=807 execution_us=45695 reason=tracking_pose_accepted
x=3.25 y=1.5 yaw=1.13676 score=0.987822 valid=1 mode=tracking state=TRACKING evaluated=807 execution_us=45848 reason=tracking_pose_accepted
x=3.25 y=1.5 yaw=1.13583 score=0.987419 valid=1 mode=tracking state=TRACKING evaluated=807 execution_us=46333 reason=tracking_pose_accepted
x=3.25 y=1.5 yaw=1.13489 score=0.984081 valid=1 mode=tracking state=TRACKING evaluated=807 execution_us=45495 reason=tracking_pose_accepted
x=3.25 y=1.5 yaw=1.15141 score=0.98506 valid=1 mode=tracking state=TRACKING evaluated=807 execution_us=45465 reason=tracking_pose_accepted
x=3.25 y=1.5 yaw=1.15048 score=0.986315 valid=1 mode=tracking state=TRACKING evaluated=807 execution_us=46193 reason=tracking_pose_accepted
x=3.25 y=1.5 yaw=1.14954 score=0.987026 valid=1 mode=tracking state=TRACKING evaluated=807 execution_us=45431 reason=tracking_pose_accepted
x=3.25 y=1.5 yaw=1.14861 score=0.990504 valid=1 mode=tracking state=TRACKING evaluated=807 execution_us=45927 reason=tracking_pose_accepted
x=3.25 y=1.5 yaw=1.14767 score=0.990125 valid=1 mode=tracking state=TRACKING evaluated=807 execution_us=45630 reason=tracking_pose_accepted
x=3.25 y=1.5 yaw=1.14674 score=0.990504 valid=1 mode=tracking state=TRACKING evaluated=807 execution_us=45742 reason=tracking_pose_accepted
x=3.25 y=1.5 yaw=1.14581 score=0.989522 valid=1 mode=tracking state=TRACKING evaluated=807 execution_us=45835 reason=tracking_pose_accepted
x=3.25 y=1.5 yaw=1.14487 score=0.989631 valid=1 mode=tracking state=TRACKING evaluated=807 execution_us=45491 reason=tracking_pose_accepted
x=3.25 y=1.5 yaw=1.14394 score=0.988963 valid=1 mode=tracking state=TRACKING evaluated=807 execution_us=45668 reason=tracking_pose_accepted
x=3.25 y=1.5 yaw=1.143 score=0.990241 valid=1 mode=tracking state=TRACKING evaluated=807 execution_us=46326 reason=tracking_pose_accepted
x=3.25 y=1.5 yaw=1.14207 score=0.988991 valid=1 mode=tracking state=TRACKING evaluated=807 execution_us=45588 reason=tracking_pose_accepted
x=3.25 y=1.5 yaw=1.14114 score=0.989671 valid=1 mode=tracking state=TRACKING evaluated=807 execution_us=45542 reason=tracking_pose_accepted
x=3.25 y=1.5 yaw=1.1402 score=0.988963 valid=1 mode=tracking state=TRACKING evaluated=807 execution_us=46032 reason=tracking_pose_accepted
x=3.25 y=1.5 yaw=1.13927 score=0.988326 valid=1 mode=tracking state=TRACKING evaluated=807 execution_us=45597 reason=tracking_pose_accepted
x=3.25 y=1.5 yaw=1.13833 score=0.987293 valid=1 mode=tracking state=TRACKING evaluated=807 execution_us=45653 reason=tracking_pose_accepted
x=3.25 y=1.5 yaw=1.1374 score=0.987217 valid=1 mode=tracking state=TRACKING evaluated=807 execution_us=45947 reason=tracking_pose_accepted
x=3.25 y=1.5 yaw=1.13646 score=0.983434 valid=1 mode=tracking state=TRACKING evaluated=807 execution_us=45940 reason=tracking_pose_accepted
x=3.25 y=1.5 yaw=1.13553 score=0.986915 valid=1 mode=tracking state=TRACKING evaluated=807 execution_us=46299 reason=tracking_pose_accepted
x=3.25 y=1.5 yaw=1.15205 score=0.984599 valid=1 mode=tracking state=TRACKING evaluated=807 execution_us=46519 reason=tracking_pose_accepted
x=3.25 y=1.5 yaw=1.15112 score=0.987933 valid=1 mode=tracking state=TRACKING evaluated=807 execution_us=46070 reason=tracking_pose_accepted
x=3.25 y=1.5 yaw=1.15018 score=0.98763 valid=1 mode=tracking state=TRACKING evaluated=807 execution_us=46312 reason=tracking_pose_accepted
x=3.25 y=1.5 yaw=1.14925 score=0.985981 valid=1 mode=tracking state=TRACKING evaluated=807 execution_us=45528 reason=tracking_pose_accepted
x=3.25 y=1.5 yaw=1.14831 score=0.989569 valid=1 mode=tracking state=TRACKING evaluated=807 execution_us=46146 reason=tracking_pose_accepted
x=3.25 y=1.5 yaw=1.14738 score=0.989637 valid=1 mode=tracking state=TRACKING evaluated=807 execution_us=46067 reason=tracking_pose_accepted
x=3.25 y=1.5 yaw=1.14644 score=0.989925 valid=1 mode=tracking state=TRACKING evaluated=807 execution_us=45870 reason=tracking_pose_accepted
x=3.25 y=1.5 yaw=1.14551 score=0.990176 valid=1 mode=tracking state=TRACKING evaluated=807 execution_us=45695 reason=tracking_pose_accepted
x=3.25 y=1.5 yaw=1.14458 score=0.990544 valid=1 mode=tracking state=TRACKING evaluated=807 execution_us=45969 reason=tracking_pose_accepted
x=3.25 y=1.5 yaw=1.14364 score=0.989569 valid=1 mode=tracking state=TRACKING evaluated=807 execution_us=46412 reason=tracking_pose_accepted
x=3.25 y=1.5 yaw=1.14271 score=0.990846 valid=1 mode=tracking state=TRACKING evaluated=807 execution_us=46371 reason=tracking_pose_accepted
x=3.25 y=1.5 yaw=1.14177 score=0.98906 valid=1 mode=tracking state=TRACKING evaluated=807 execution_us=45613 reason=tracking_pose_accepted
x=3.25 y=1.5 yaw=1.14084 score=0.986681 valid=1 mode=tracking state=TRACKING evaluated=807 execution_us=45881 reason=tracking_pose_accepted
x=3.25 y=1.5 yaw=1.13991 score=0.987991 valid=1 mode=tracking state=TRACKING evaluated=807 execution_us=45588 reason=tracking_pose_accepted
x=3.25 y=1.5 yaw=1.13897 score=0.989974 valid=1 mode=tracking state=TRACKING evaluated=807 execution_us=45567 reason=tracking_pose_accepted
x=3.25 y=1.5 yaw=1.13804 score=0.988729 valid=1 mode=tracking state=TRACKING evaluated=807 execution_us=45648 reason=tracking_pose_accepted
x=3.25 y=1.5 yaw=1.1371 score=0.984123 valid=1 mode=tracking state=TRACKING evaluated=807 execution_us=45845 reason=tracking_pose_accepted
x=3.25 y=1.5 yaw=1.13617 score=0.987278 valid=1 mode=tracking state=TRACKING evaluated=807 execution_us=45701 reason=tracking_pose_accepted
x=3.25 y=1.5 yaw=1.13524 score=0.986814 valid=1 mode=tracking state=TRACKING evaluated=807 execution_us=46082 reason=tracking_pose_accepted
x=3.25 y=1.5 yaw=1.15175 score=0.984152 valid=1 mode=tracking state=TRACKING evaluated=807 execution_us=45647 reason=tracking_pose_accepted
x=3.25 y=1.5 yaw=1.15082 score=0.988538 valid=1 mode=tracking state=TRACKING evaluated=807 execution_us=46369 reason=tracking_pose_accepted
x=3.25 y=1.5 yaw=1.14989 score=0.988215 valid=1 mode=tracking state=TRACKING evaluated=807 execution_us=45546 reason=tracking_pose_accepted
x=3.25 y=1.5 yaw=1.14895 score=0.989899 valid=1 mode=tracking state=TRACKING evaluated=807 execution_us=45704 reason=tracking_pose_accepted
x=3.25 y=1.5 yaw=1.14802 score=0.988529 valid=1 mode=tracking state=TRACKING evaluated=807 execution_us=45540 reason=tracking_pose_accepted
x=3.25 y=1.5 yaw=1.14708 score=0.991108 valid=1 mode=tracking state=TRACKING evaluated=807 execution_us=45807 reason=tracking_pose_accepted
x=3.25 y=1.5 yaw=1.14615 score=0.989873 valid=1 mode=tracking state=TRACKING evaluated=807 execution_us=45659 reason=tracking_pose_accepted
x=3.25 y=1.5 yaw=1.14522 score=0.990226 valid=1 mode=tracking state=TRACKING evaluated=807 execution_us=46170 reason=tracking_pose_accepted
x=3.25 y=1.5 yaw=1.14428 score=0.989873 valid=1 mode=tracking state=TRACKING evaluated=807 execution_us=45356 reason=tracking_pose_accepted
x=3.25 y=1.5 yaw=1.14335 score=0.990544 valid=1 mode=tracking state=TRACKING evaluated=807 execution_us=45676 reason=tracking_pose_accepted
x=3.25 y=1.5 yaw=1.14241 score=0.988628 valid=1 mode=tracking state=TRACKING evaluated=807 execution_us=46175 reason=tracking_pose_accepted
x=3.25 y=1.5 yaw=1.14148 score=0.988195 valid=1 mode=tracking state=TRACKING evaluated=807 execution_us=46484 reason=tracking_pose_accepted
x=3.25 y=1.5 yaw=1.14054 score=0.988387 valid=1 mode=tracking state=TRACKING evaluated=807 execution_us=45722 reason=tracking_pose_accepted
x=3.25 y=1.5 yaw=1.13961 score=0.988487 valid=1 mode=tracking state=TRACKING evaluated=807 execution_us=45924 reason=tracking_pose_accepted
x=3.25 y=1.5 yaw=1.13868 score=0.988427 valid=1 mode=tracking state=TRACKING evaluated=807 execution_us=45870 reason=tracking_pose_accepted
x=3.25 y=1.5 yaw=1.13774 score=0.98729 valid=1 mode=tracking state=TRACKING evaluated=807 execution_us=46009 reason=tracking_pose_accepted
x=3.25 y=1.5 yaw=1.13681 score=0.983959 valid=1 mode=tracking state=TRACKING evaluated=807 execution_us=45962 reason=tracking_pose_accepted
x=3.25 y=1.5 yaw=1.13587 score=0.984972 valid=1 mode=tracking state=TRACKING evaluated=807 execution_us=45641 reason=tracking_pose_accepted
x=3.25 y=1.5 yaw=1.13494 score=0.984101 valid=1 mode=tracking state=TRACKING evaluated=807 execution_us=46234 reason=tracking_pose_accepted
x=3.25 y=1.5 yaw=1.13401 score=0.983091 valid=1 mode=tracking state=TRACKING evaluated=807 execution_us=45589 reason=tracking_pose_accepted
x=3.25 y=1.5 yaw=1.15052 score=0.986513 valid=1 mode=tracking state=TRACKING evaluated=807 execution_us=45562 reason=tracking_pose_accepted
x=3.25 y=1.5 yaw=1.14959 score=0.989294 valid=1 mode=tracking state=TRACKING evaluated=807 execution_us=46117 reason=tracking_pose_accepted
x=3.25 y=1.5 yaw=1.14866 score=0.989925 valid=1 mode=tracking state=TRACKING evaluated=807 execution_us=46046 reason=tracking_pose_accepted
x=3.25 y=1.5 yaw=1.14772 score=0.988459 valid=1 mode=tracking state=TRACKING evaluated=807 execution_us=45564 reason=tracking_pose_accepted
x=3.25 y=1.5 yaw=1.14679 score=0.990544 valid=1 mode=tracking state=TRACKING evaluated=807 execution_us=46280 reason=tracking_pose_accepted
x=3.25 y=1.5 yaw=1.14585 score=0.990226 valid=1 mode=tracking state=TRACKING evaluated=807 execution_us=46369 reason=tracking_pose_accepted
x=3.25 y=1.5 yaw=1.14492 score=0.988367 valid=1 mode=tracking state=TRACKING evaluated=807 execution_us=45819 reason=tracking_pose_accepted
x=3.25 y=1.5 yaw=1.14399 score=0.989899 valid=1 mode=tracking state=TRACKING evaluated=807 execution_us=45835 reason=tracking_pose_accepted
x=3.25 y=1.5 yaw=1.14305 score=0.988931 valid=1 mode=tracking state=TRACKING evaluated=807 execution_us=45673 reason=tracking_pose_accepted
x=3.25 y=1.5 yaw=1.14212 score=0.989133 valid=1 mode=tracking state=TRACKING evaluated=807 execution_us=46171 reason=tracking_pose_accepted
x=3.25 y=1.5 yaw=1.14118 score=0.989637 valid=1 mode=tracking state=TRACKING evaluated=807 execution_us=45553 reason=tracking_pose_accepted
x=3.25 y=1.5 yaw=1.14025 score=0.988124 valid=1 mode=tracking state=TRACKING evaluated=807 execution_us=45732 reason=tracking_pose_accepted
x=3.25 y=1.5 yaw=1.13932 score=0.989032 valid=1 mode=tracking state=TRACKING evaluated=807 execution_us=46642 reason=tracking_pose_accepted
x=3.25 y=1.5 yaw=1.13838 score=0.986578 valid=1 mode=tracking state=TRACKING evaluated=807 execution_us=45721 reason=tracking_pose_accepted
x=3.25 y=1.5 yaw=1.13745 score=0.988498 valid=1 mode=tracking state=TRACKING evaluated=807 execution_us=45590 reason=tracking_pose_accepted
x=3.25 y=1.5 yaw=1.13651 score=0.987721 valid=1 mode=tracking state=TRACKING evaluated=807 execution_us=45499 reason=tracking_pose_accepted
x=3.25 y=1.5 yaw=1.13558 score=0.984283 valid=1 mode=tracking state=TRACKING evaluated=807 execution_us=45232 reason=tracking_pose_accepted
x=3.25 y=1.5 yaw=1.1521 score=0.987933 valid=1 mode=tracking state=TRACKING evaluated=807 execution_us=46047 reason=tracking_pose_accepted
x=3.25 y=1.5 yaw=1.15116 score=0.988577 valid=1 mode=tracking state=TRACKING evaluated=807 execution_us=45620 reason=tracking_pose_accepted
x=3.25 y=1.5 yaw=1.15023 score=0.989321 valid=1 mode=tracking state=TRACKING evaluated=807 execution_us=46157 reason=tracking_pose_accepted
x=3.25 y=1.5 yaw=1.1493 score=0.987026 valid=1 mode=tracking state=TRACKING evaluated=807 execution_us=45865 reason=tracking_pose_accepted
x=3.25 y=1.5 yaw=1.14836 score=0.986992 valid=1 mode=tracking state=TRACKING evaluated=807 execution_us=45582 reason=tracking_pose_accepted
x=3.25 y=1.5 yaw=1.14743 score=0.98902 valid=1 mode=tracking state=TRACKING evaluated=807 execution_us=45936 reason=tracking_pose_accepted
x=3.25 y=1.5 yaw=1.14649 score=0.989939 valid=1 mode=tracking state=TRACKING evaluated=807 execution_us=45819 reason=tracking_pose_accepted
x=3.25 y=1.5 yaw=1.14556 score=0.989251 valid=1 mode=tracking state=TRACKING evaluated=807 execution_us=45448 reason=tracking_pose_accepted
x=3.25 y=1.5 yaw=1.14462 score=0.990504 valid=1 mode=tracking state=TRACKING evaluated=807 execution_us=46092 reason=tracking_pose_accepted
x=3.25 y=1.5 yaw=1.14369 score=0.990544 valid=1 mode=tracking state=TRACKING evaluated=807 execution_us=45708 reason=tracking_pose_accepted
x=3.25 y=1.5 yaw=1.14276 score=0.987822 valid=1 mode=tracking state=TRACKING evaluated=807 execution_us=45667 reason=tracking_pose_accepted
x=3.25 y=1.5 yaw=1.14182 score=0.989211 valid=1 mode=tracking state=TRACKING evaluated=807 execution_us=45931 reason=tracking_pose_accepted
x=3.25 y=1.5 yaw=1.14089 score=0.988991 valid=1 mode=tracking state=TRACKING evaluated=807 execution_us=45504 reason=tracking_pose_accepted
x=3.25 y=1.5 yaw=1.13995 score=0.985453 valid=1 mode=tracking state=TRACKING evaluated=807 execution_us=45608 reason=tracking_pose_accepted
x=3.25 y=1.5 yaw=1.13902 score=0.989064 valid=1 mode=tracking state=TRACKING evaluated=807 execution_us=45729 reason=tracking_pose_accepted
x=3.25 y=1.5 yaw=1.13809 score=0.986012 valid=1 mode=tracking state=TRACKING evaluated=807 execution_us=45823 reason=tracking_pose_accepted
x=3.25 y=1.5 yaw=1.13715 score=0.987217 valid=1 mode=tracking state=TRACKING evaluated=807 execution_us=47006 reason=tracking_pose_accepted
x=3.25 y=1.5 yaw=1.13622 score=0.984082 valid=1 mode=tracking state=TRACKING evaluated=807 execution_us=45715 reason=tracking_pose_accepted
x=3.25 y=1.5 yaw=1.13528 score=0.987015 valid=1 mode=tracking state=TRACKING evaluated=807 execution_us=45936 reason=tracking_pose_accepted
x=3.25 y=1.5 yaw=1.13435 score=0.986753 valid=1 mode=tracking state=TRACKING evaluated=807 execution_us=46292 reason=tracking_pose_accepted
x=3.25 y=1.5 yaw=1.13341 score=0.986083 valid=1 mode=tracking state=TRACKING evaluated=807 execution_us=45860 reason=tracking_pose_accepted
x=3.25 y=1.5 yaw=1.14993 score=0.988316 valid=1 mode=tracking state=TRACKING evaluated=807 execution_us=45882 reason=tracking_pose_accepted
x=3.25 y=1.5 yaw=1.149 score=0.990504 valid=1 mode=tracking state=TRACKING evaluated=807 execution_us=46025 reason=tracking_pose_accepted
x=3.25 y=1.5 yaw=1.14807 score=0.988689 valid=1 mode=tracking state=TRACKING evaluated=807 execution_us=45844 reason=tracking_pose_accepted
x=3.25 y=1.5 yaw=1.14713 score=0.989569 valid=1 mode=tracking state=TRACKING evaluated=807 execution_us=45757 reason=tracking_pose_accepted
x=3.25 y=1.5 yaw=1.1462 score=0.990504 valid=1 mode=tracking state=TRACKING evaluated=807 execution_us=45979 reason=tracking_pose_accepted
x=3.25 y=1.5 yaw=1.14526 score=0.990504 valid=1 mode=tracking state=TRACKING evaluated=807 execution_us=45901 reason=tracking_pose_accepted
x=3.25 y=1.5 yaw=1.14433 score=0.990014 valid=1 mode=tracking state=TRACKING evaluated=807 execution_us=46301 reason=tracking_pose_accepted
x=3.25 y=1.5 yaw=1.1434 score=0.989294 valid=1 mode=tracking state=TRACKING evaluated=807 execution_us=45732 reason=tracking_pose_accepted
x=3.25 y=1.5 yaw=1.14246 score=0.990782 valid=1 mode=tracking state=TRACKING evaluated=807 execution_us=45733 reason=tracking_pose_accepted
x=3.25 y=1.5 yaw=1.14153 score=0.989899 valid=1 mode=tracking state=TRACKING evaluated=807 execution_us=45817 reason=tracking_pose_accepted
x=3.25 y=1.5 yaw=1.14059 score=0.98959 valid=1 mode=tracking state=TRACKING evaluated=807 execution_us=45354 reason=tracking_pose_accepted
x=3.25 y=1.5 yaw=1.13966 score=0.988427 valid=1 mode=tracking state=TRACKING evaluated=807 execution_us=45715 reason=tracking_pose_accepted
x=3.25 y=1.5 yaw=1.13872 score=0.987727 valid=1 mode=tracking state=TRACKING evaluated=807 execution_us=45419 reason=tracking_pose_accepted
x=3.25 y=1.5 yaw=1.13779 score=0.988842 valid=1 mode=tracking state=TRACKING evaluated=807 execution_us=45542 reason=tracking_pose_accepted
x=3.25 y=1.5 yaw=1.13686 score=0.987151 valid=1 mode=tracking state=TRACKING evaluated=807 execution_us=45832 reason=tracking_pose_accepted
x=3.25 y=1.5 yaw=1.13592 score=0.986612 valid=1 mode=tracking state=TRACKING evaluated=807 execution_us=45554 reason=tracking_pose_accepted
x=3.25 y=1.5 yaw=1.13499 score=0.983275 valid=1 mode=tracking state=TRACKING evaluated=807 execution_us=45671 reason=tracking_pose_accepted
x=3.25 y=1.5 yaw=1.15151 score=0.98545 valid=1 mode=tracking state=TRACKING evaluated=807 execution_us=46059 reason=tracking_pose_accepted
x=3.25 y=1.5 yaw=1.15057 score=0.98763 valid=1 mode=tracking state=TRACKING evaluated=807 execution_us=45838 reason=tracking_pose_accepted
x=3.25 y=1.5 yaw=1.14964 score=0.98628 valid=1 mode=tracking state=TRACKING evaluated=807 execution_us=45843 reason=tracking_pose_accepted
x=3.25 y=1.5 yaw=1.1487 score=0.987328 valid=1 mode=tracking state=TRACKING evaluated=807 execution_us=45866 reason=tracking_pose_accepted
x=3.25 y=1.5 yaw=1.14777 score=0.990504 valid=1 mode=tracking state=TRACKING evaluated=807 execution_us=45766 reason=tracking_pose_accepted
x=3.25 y=1.5 yaw=1.14684 score=0.989873 valid=1 mode=tracking state=TRACKING evaluated=807 execution_us=45580 reason=tracking_pose_accepted
x=3.25 y=1.5 yaw=1.1459 score=0.989542 valid=1 mode=tracking state=TRACKING evaluated=807 execution_us=45214 reason=tracking_pose_accepted
x=3.25 y=1.5 yaw=1.14497 score=0.989294 valid=1 mode=tracking state=TRACKING evaluated=807 execution_us=45752 reason=tracking_pose_accepted
x=3.25 y=1.5 yaw=1.14403 score=0.990201 valid=1 mode=tracking state=TRACKING evaluated=807 execution_us=46232 reason=tracking_pose_accepted
x=3.25 y=1.5 yaw=1.1431 score=0.990241 valid=1 mode=tracking state=TRACKING evaluated=807 execution_us=45429 reason=tracking_pose_accepted
x=3.25 y=1.5 yaw=1.14217 score=0.988931 valid=1 mode=tracking state=TRACKING evaluated=807 execution_us=45755 reason=tracking_pose_accepted
x=3.25 y=1.5 yaw=1.14123 score=0.988387 valid=1 mode=tracking state=TRACKING evaluated=807 execution_us=45614 reason=tracking_pose_accepted
x=3.25 y=1.5 yaw=1.1403 score=0.989105 valid=1 mode=tracking state=TRACKING evaluated=807 execution_us=45681 reason=tracking_pose_accepted
x=3.25 y=1.5 yaw=1.13936 score=0.988124 valid=1 mode=tracking state=TRACKING evaluated=807 execution_us=45734 reason=tracking_pose_accepted
x=3.25 y=1.5 yaw=1.13843 score=0.988449 valid=1 mode=tracking state=TRACKING evaluated=807 execution_us=45336 reason=tracking_pose_accepted
x=3.25 y=1.5 yaw=1.13749 score=0.987192 valid=1 mode=tracking state=TRACKING evaluated=807 execution_us=45625 reason=tracking_pose_accepted
x=3.25 y=1.5 yaw=1.13656 score=0.98752 valid=1 mode=tracking state=TRACKING evaluated=807 execution_us=46464 reason=tracking_pose_accepted
x=3.25 y=1.5 yaw=1.15308 score=0.985146 valid=1 mode=tracking state=TRACKING evaluated=807 execution_us=46221 reason=tracking_pose_accepted
x=3.25 y=1.5 yaw=1.13469 score=0.98261 valid=1 mode=tracking state=TRACKING evaluated=807 execution_us=45670 reason=tracking_pose_accepted
x=3.25 y=1.5 yaw=1.15121 score=0.984293 valid=1 mode=tracking state=TRACKING evaluated=807 execution_us=45813 reason=tracking_pose_accepted
x=3.25 y=1.5 yaw=1.15028 score=0.987026 valid=1 mode=tracking state=TRACKING evaluated=807 execution_us=45642 reason=tracking_pose_accepted
x=3.25 y=1.5 yaw=1.14934 score=0.988747 valid=1 mode=tracking state=TRACKING evaluated=807 execution_us=46160 reason=tracking_pose_accepted
x=3.25 y=1.5 yaw=1.14841 score=0.988963 valid=1 mode=tracking state=TRACKING evaluated=807 execution_us=46052 reason=tracking_pose_accepted
x=3.25 y=1.5 yaw=1.14748 score=0.98982 valid=1 mode=tracking state=TRACKING evaluated=807 execution_us=45693 reason=tracking_pose_accepted
x=3.25 y=1.5 yaw=1.14654 score=0.990479 valid=1 mode=tracking state=TRACKING evaluated=807 execution_us=46128 reason=tracking_pose_accepted
x=3.25 y=1.5 yaw=1.14561 score=0.9887 valid=1 mode=tracking state=TRACKING evaluated=807 execution_us=45520 reason=tracking_pose_accepted
x=3.25 y=1.5 yaw=1.14467 score=0.990226 valid=1 mode=tracking state=TRACKING evaluated=807 execution_us=46001 reason=tracking_pose_accepted
x=3.25 y=1.5 yaw=1.14374 score=0.990216 valid=1 mode=tracking state=TRACKING evaluated=807 execution_us=46337 reason=tracking_pose_accepted
x=3.25 y=1.5 yaw=1.1428 score=0.989939 valid=1 mode=tracking state=TRACKING evaluated=807 execution_us=45639 reason=tracking_pose_accepted
x=3.25 y=1.5 yaw=1.14187 score=0.989671 valid=1 mode=tracking state=TRACKING evaluated=807 execution_us=45731 reason=tracking_pose_accepted
x=3.25 y=1.5 yaw=1.14094 score=0.989233 valid=1 mode=tracking state=TRACKING evaluated=807 execution_us=45875 reason=tracking_pose_accepted
x=3.25 y=1.5 yaw=1.14 score=0.988498 valid=1 mode=tracking state=TRACKING evaluated=807 execution_us=45723 reason=tracking_pose_accepted
x=3.25 y=1.5 yaw=1.13907 score=0.989032 valid=1 mode=tracking state=TRACKING evaluated=807 execution_us=45807 reason=tracking_pose_accepted
x=3.25 y=1.5 yaw=1.13813 score=0.984384 valid=1 mode=tracking state=TRACKING evaluated=807 execution_us=45884 reason=tracking_pose_accepted
x=3.25 y=1.5 yaw=1.1372 score=0.988801 valid=1 mode=tracking state=TRACKING evaluated=807 execution_us=45731 reason=tracking_pose_accepted
x=3.25 y=1.5 yaw=1.13627 score=0.988266 valid=1 mode=tracking state=TRACKING evaluated=807 execution_us=46184 reason=tracking_pose_accepted
x=3.25 y=1.5 yaw=1.13533 score=0.98752 valid=1 mode=tracking state=TRACKING evaluated=807 execution_us=45614 reason=tracking_pose_accepted
x=3.25 y=1.5 yaw=1.15185 score=0.987328 valid=1 mode=tracking state=TRACKING evaluated=807 execution_us=45600 reason=tracking_pose_accepted
x=3.25 y=1.5 yaw=1.15092 score=0.984537 valid=1 mode=tracking state=TRACKING evaluated=807 execution_us=45687 reason=tracking_pose_accepted
x=3.25 y=1.5 yaw=1.14998 score=0.987262 valid=1 mode=tracking state=TRACKING evaluated=807 execution_us=45502 reason=tracking_pose_accepted
x=3.25 y=1.5 yaw=1.14905 score=0.990176 valid=1 mode=tracking state=TRACKING evaluated=807 execution_us=45516 reason=tracking_pose_accepted
x=3.25 y=1.5 yaw=1.14811 score=0.986992 valid=1 mode=tracking state=TRACKING evaluated=807 execution_us=45775 reason=tracking_pose_accepted
x=3.25 y=1.5 yaw=1.14718 score=0.989899 valid=1 mode=tracking state=TRACKING evaluated=807 execution_us=45742 reason=tracking_pose_accepted
x=3.25 y=1.5 yaw=1.14625 score=0.990806 valid=1 mode=tracking state=TRACKING evaluated=807 execution_us=46130 reason=tracking_pose_accepted
x=3.25 y=1.5 yaw=1.14531 score=0.990975 valid=1 mode=tracking state=TRACKING evaluated=807 execution_us=45060 reason=tracking_pose_accepted
x=3.25 y=1.5 yaw=1.14438 score=0.989515 valid=1 mode=tracking state=TRACKING evaluated=807 execution_us=45497 reason=tracking_pose_accepted
x=3.25 y=1.5 yaw=1.14344 score=0.989838 valid=1 mode=tracking state=TRACKING evaluated=807 execution_us=46171 reason=tracking_pose_accepted
x=3.25 y=1.5 yaw=1.14251 score=0.989092 valid=1 mode=tracking state=TRACKING evaluated=807 execution_us=45669 reason=tracking_pose_accepted
x=3.25 y=1.5 yaw=1.14158 score=0.990544 valid=1 mode=tracking state=TRACKING evaluated=807 execution_us=45740 reason=tracking_pose_accepted
x=3.25 y=1.5 yaw=1.14064 score=0.988497 valid=1 mode=tracking state=TRACKING evaluated=807 execution_us=45941 reason=tracking_pose_accepted
x=3.25 y=1.5 yaw=1.13971 score=0.986874 valid=1 mode=tracking state=TRACKING evaluated=807 execution_us=45791 reason=tracking_pose_accepted
x=3.25 y=1.5 yaw=1.13877 score=0.98879 valid=1 mode=tracking state=TRACKING evaluated=807 execution_us=45776 reason=tracking_pose_accepted
x=3.25 y=1.5 yaw=1.13784 score=0.986159 valid=1 mode=tracking state=TRACKING evaluated=807 execution_us=45850 reason=tracking_pose_accepted
x=3.25 y=1.5 yaw=1.1369 score=0.985175 valid=1 mode=tracking state=TRACKING evaluated=807 execution_us=45522 reason=tracking_pose_accepted
x=3.25 y=1.5 yaw=1.13597 score=0.986148 valid=1 mode=tracking state=TRACKING evaluated=807 execution_us=46640 reason=tracking_pose_accepted
x=3.25 y=1.5 yaw=1.13504 score=0.982832 valid=1 mode=tracking state=TRACKING evaluated=807 execution_us=45700 reason=tracking_pose_accepted
x=3.25 y=1.5 yaw=1.15156 score=0.987328 valid=1 mode=tracking state=TRACKING evaluated=807 execution_us=45934 reason=tracking_pose_accepted
x=3.25 y=1.5 yaw=1.15062 score=0.990201 valid=1 mode=tracking state=TRACKING evaluated=807 execution_us=45938 reason=tracking_pose_accepted
x=3.25 y=1.5 yaw=1.14969 score=0.988276 valid=1 mode=tracking state=TRACKING evaluated=807 execution_us=45950 reason=tracking_pose_accepted
x=3.25 y=1.5 yaw=1.14875 score=0.98866 valid=1 mode=tracking state=TRACKING evaluated=807 execution_us=45719 reason=tracking_pose_accepted
x=3.25 y=1.5 yaw=1.14782 score=0.990201 valid=1 mode=tracking state=TRACKING evaluated=807 execution_us=45957 reason=tracking_pose_accepted
x=3.25 y=1.5 yaw=1.14688 score=0.988588 valid=1 mode=tracking state=TRACKING evaluated=807 execution_us=45879 reason=tracking_pose_accepted
x=3.25 y=1.5 yaw=1.14595 score=0.989925 valid=1 mode=tracking state=TRACKING evaluated=807 execution_us=46484 reason=tracking_pose_accepted
x=3.25 y=1.5 yaw=1.14502 score=0.990201 valid=1 mode=tracking state=TRACKING evaluated=807 execution_us=45689 reason=tracking_pose_accepted
x=3.25 y=1.5 yaw=1.14408 score=0.990216 valid=1 mode=tracking state=TRACKING evaluated=807 execution_us=45847 reason=tracking_pose_accepted
x=3.25 y=1.5 yaw=1.14315 score=0.990544 valid=1 mode=tracking state=TRACKING evaluated=807 execution_us=46214 reason=tracking_pose_accepted
x=3.25 y=1.5 yaw=1.14221 score=0.988991 valid=1 mode=tracking state=TRACKING evaluated=807 execution_us=46191 reason=tracking_pose_accepted
x=3.25 y=1.5 yaw=1.14128 score=0.989233 valid=1 mode=tracking state=TRACKING evaluated=807 execution_us=45990 reason=tracking_pose_accepted
x=3.25 y=1.5 yaw=1.14035 score=0.98866 valid=1 mode=tracking state=TRACKING evaluated=807 execution_us=45953 reason=tracking_pose_accepted
x=3.25 y=1.5 yaw=1.13941 score=0.98879 valid=1 mode=tracking state=TRACKING evaluated=807 execution_us=45646 reason=tracking_pose_accepted
x=3.25 y=1.5 yaw=1.13848 score=0.987721 valid=1 mode=tracking state=TRACKING evaluated=807 execution_us=45878 reason=tracking_pose_accepted
x=3.25 y=1.5 yaw=1.13754 score=0.983394 valid=1 mode=tracking state=TRACKING evaluated=807 execution_us=45376 reason=tracking_pose_accepted
x=3.25 y=1.5 yaw=1.15406 score=0.984112 valid=1 mode=tracking state=TRACKING evaluated=807 execution_us=45565 reason=tracking_pose_accepted
x=3.25 y=1.5 yaw=1.15313 score=0.984415 valid=1 mode=tracking state=TRACKING evaluated=807 execution_us=45937 reason=tracking_pose_accepted
x=3.25 y=1.5 yaw=1.15219 score=0.984152 valid=1 mode=tracking state=TRACKING evaluated=807 execution_us=45435 reason=tracking_pose_accepted
x=3.25 y=1.5 yaw=1.15126 score=0.987026 valid=1 mode=tracking state=TRACKING evaluated=807 execution_us=45820 reason=tracking_pose_accepted
x=3.25 y=1.5 yaw=1.15033 score=0.986421 valid=1 mode=tracking state=TRACKING evaluated=807 execution_us=45927 reason=tracking_pose_accepted
x=3.25 y=1.5 yaw=1.14939 score=0.989211 valid=1 mode=tracking state=TRACKING evaluated=807 execution_us=45536 reason=tracking_pose_accepted
x=3.25 y=1.5 yaw=1.14846 score=0.988014 valid=1 mode=tracking state=TRACKING evaluated=807 execution_us=45823 reason=tracking_pose_accepted
x=3.25 y=1.5 yaw=1.14752 score=0.990504 valid=1 mode=tracking state=TRACKING evaluated=807 execution_us=45717 reason=tracking_pose_accepted
x=3.25 y=1.5 yaw=1.14659 score=0.987921 valid=1 mode=tracking state=TRACKING evaluated=807 execution_us=45407 reason=tracking_pose_accepted
x=3.25 y=1.5 yaw=1.14566 score=0.990846 valid=1 mode=tracking state=TRACKING evaluated=807 execution_us=46128 reason=tracking_pose_accepted
x=3.25 y=1.5 yaw=1.14472 score=0.990176 valid=1 mode=tracking state=TRACKING evaluated=807 execution_us=46248 reason=tracking_pose_accepted
x=3.25 y=1.5 yaw=1.14379 score=0.990479 valid=1 mode=tracking state=TRACKING evaluated=807 execution_us=45618 reason=tracking_pose_accepted
x=3.25 y=1.5 yaw=1.14285 score=0.991149 valid=1 mode=tracking state=TRACKING evaluated=807 execution_us=46076 reason=tracking_pose_accepted
x=3.25 y=1.5 yaw=1.14192 score=0.988758 valid=1 mode=tracking state=TRACKING evaluated=807 execution_us=45641 reason=tracking_pose_accepted
x=3.25 y=1.5 yaw=1.14099 score=0.988427 valid=1 mode=tracking state=TRACKING evaluated=807 execution_us=45741 reason=tracking_pose_accepted
x=3.25 y=1.5 yaw=1.14005 score=0.990227 valid=1 mode=tracking state=TRACKING evaluated=807 execution_us=45762 reason=tracking_pose_accepted
x=3.25 y=1.5 yaw=1.13912 score=0.989133 valid=1 mode=tracking state=TRACKING evaluated=807 execution_us=45826 reason=tracking_pose_accepted
x=3.25 y=1.5 yaw=1.13818 score=0.987721 valid=1 mode=tracking state=TRACKING evaluated=807 execution_us=46163 reason=tracking_pose_accepted
x=3.25 y=1.5 yaw=1.13725 score=0.986687 valid=1 mode=tracking state=TRACKING evaluated=807 execution_us=45773 reason=tracking_pose_accepted
x=3.25 y=1.5 yaw=1.13631 score=0.983 valid=1 mode=tracking state=TRACKING evaluated=807 execution_us=45925 reason=tracking_pose_accepted
x=3.25 y=1.5 yaw=1.13538 score=0.982529 valid=1 mode=tracking state=TRACKING evaluated=807 execution_us=46325 reason=tracking_pose_accepted
x=3.25 y=1.5 yaw=1.1519 score=0.98763 valid=1 mode=tracking state=TRACKING evaluated=807 execution_us=45710 reason=tracking_pose_accepted
x=3.25 y=1.5 yaw=1.15097 score=0.987026 valid=1 mode=tracking state=TRACKING evaluated=807 execution_us=45798 reason=tracking_pose_accepted
x=3.25 y=1.5 yaw=1.15003 score=0.989899 valid=1 mode=tracking state=TRACKING evaluated=807 execution_us=46142 reason=tracking_pose_accepted
x=3.25 y=1.5 yaw=1.1491 score=0.988833 valid=1 mode=tracking state=TRACKING evaluated=807 execution_us=45784 reason=tracking_pose_accepted
x=3.25 y=1.5 yaw=1.14816 score=0.987328 valid=1 mode=tracking state=TRACKING evaluated=807 execution_us=46076 reason=tracking_pose_accepted
x=3.25 y=1.5 yaw=1.14723 score=0.990241 valid=1 mode=tracking state=TRACKING evaluated=807 execution_us=46161 reason=tracking_pose_accepted
x=3.25 y=1.5 yaw=1.14629 score=0.990241 valid=1 mode=tracking state=TRACKING evaluated=807 execution_us=45920 reason=tracking_pose_accepted
mission_command=STOP
x=3.25 y=1.5 yaw=1.14536 score=0.990479 valid=1 mode=tracking state=TRACKING evaluated=807 execution_us=46573 reason=tracking_pose_accepted
[YDLIDAR] Now lidar scanning has stopped!
lidar_state=STOPPED
signal_handler(15)
