mission_command=START
[YDLIDAR] SDK initializing
[YDLIDAR] SDK has been initialized
[YDLIDAR] SDK Version: 1.2.7
[YDLIDAR] Lidar successfully connected [/dev/ttyS3:230400]
[YDLIDAR] Lidar running correctly! The health status: good
Current Lidar Model Code 151
[YDLIDAR] Baseplate device info
Firmware version: 1.2
Hardware version: 1
Model: Tmini Plus
Serial: 2025042300090381
[YDLIDAR] Current scan frequency: 10.00Hz
[YDLIDAR] Current scan frequency: 10.00Hz
[YDLIDAR] Lidar init success, Elapsed time 1040 ms
[YDLIDAR] Create thread 0xA69EE4C0
[YDLIDAR] Successed to start scan mode, Elapsed time 2097 ms
[YDLIDAR] Scan Frequency: 10.00Hz
[YDLIDAR] Fixed Size: 400
[YDLIDAR] Sample Rate: 4.00K
[YDLIDAR] Successed to check the lidar, Elapsed time 0 ms
[2026-07-25 01:46:16][info] [YDLIDAR] Now lidar is scanning...
lidar_state=RUNNING
x=2.1 y=2.05 yaw=-0.0654502 score=0.980696 valid=1 mode=global state=RECOVERED evaluated=15444 execution_us=908585 reason=initial_global_pose_accepted
x=2.1 y=2.05 yaw=-0.0663844 score=0.978992 valid=1 mode=tracking state=RECOVERED evaluated=807 execution_us=47968 reason=recovery_confirmation_pending
x=2.1 y=2.05 yaw=-0.0673186 score=0.978904 valid=1 mode=tracking state=RECOVERED evaluated=807 execution_us=47732 reason=recovery_confirmation_pending
x=2.1 y=2.05 yaw=-0.0682528 score=0.978936 valid=1 mode=tracking state=TRACKING evaluated=807 execution_us=46383 reason=recovery_confirmed
x=2.1 y=2.05 yaw=-0.0517337 score=0.979513 valid=1 mode=tracking state=TRACKING evaluated=807 execution_us=52549 reason=tracking_pose_accepted
x=2.1 y=2.05 yaw=-0.0701211 score=0.979137 valid=1 mode=tracking state=TRACKING evaluated=807 execution_us=56019 reason=tracking_pose_accepted
x=2.1 y=2.05 yaw=-0.053602 score=0.982768 valid=1 mode=tracking state=TRACKING evaluated=807 execution_us=57529 reason=tracking_pose_accepted
x=2.1 y=2.05 yaw=-0.0719894 score=0.976846 valid=1 mode=tracking state=TRACKING evaluated=807 execution_us=56371 reason=tracking_pose_accepted
x=2.1 y=2.05 yaw=-0.0554703 score=0.977688 valid=1 mode=tracking state=TRACKING evaluated=807 execution_us=57096 reason=tracking_pose_accepted
x=2.1 y=2.05 yaw=-0.0564044 score=0.983573 valid=1 mode=tracking state=TRACKING evaluated=807 execution_us=57650 reason=tracking_pose_accepted
x=2.1 y=2.05 yaw=-0.0747919 score=0.979567 valid=1 mode=tracking state=TRACKING evaluated=807 execution_us=58294 reason=tracking_pose_accepted
x=2.1 y=2.05 yaw=-0.075726 score=0.981588 valid=1 mode=tracking state=TRACKING evaluated=807 execution_us=55249 reason=tracking_pose_accepted
x=2.1 y=2.05 yaw=-0.0766602 score=0.975167 valid=1 mode=tracking state=TRACKING evaluated=807 execution_us=54863 reason=tracking_pose_accepted
x=2.1 y=2.05 yaw=-0.0775944 score=0.976784 valid=1 mode=tracking state=TRACKING evaluated=807 execution_us=55061 reason=tracking_pose_accepted
x=2.1 y=2.05 yaw=-0.0610753 score=0.983886 valid=1 mode=tracking state=TRACKING evaluated=807 execution_us=55670 reason=tracking_pose_accepted
x=2.1 y=2.05 yaw=-0.0620095 score=0.976408 valid=1 mode=tracking state=TRACKING evaluated=807 execution_us=55715 reason=tracking_pose_accepted
x=2.1 y=2.05 yaw=-0.0803969 score=0.976996 valid=1 mode=tracking state=TRACKING evaluated=807 execution_us=56179 reason=tracking_pose_accepted
x=2.1 y=2.05 yaw=-0.0813311 score=0.974236 valid=1 mode=tracking state=TRACKING evaluated=807 execution_us=59645 reason=tracking_pose_accepted
x=2.1 y=2.05 yaw=-0.064812 score=0.976533 valid=1 mode=tracking state=TRACKING evaluated=807 execution_us=59228 reason=tracking_pose_accepted
x=2.1 y=2.05 yaw=-0.0657461 score=0.975843 valid=1 mode=tracking state=TRACKING evaluated=807 execution_us=60028 reason=tracking_pose_accepted
x=2.1 y=2.05 yaw=-0.0666803 score=0.976719 valid=1 mode=tracking state=TRACKING evaluated=807 execution_us=59869 reason=tracking_pose_accepted
x=2.1 y=2.05 yaw=-0.0676145 score=0.979081 valid=1 mode=tracking state=TRACKING evaluated=807 execution_us=61458 reason=tracking_pose_accepted
x=2.1 y=2.05001 yaw=-0.0685487 score=0.976471 valid=1 mode=tracking state=TRACKING evaluated=807 execution_us=61078 reason=tracking_pose_accepted
x=2.1 y=2.05001 yaw=-0.0520296 score=0.977345 valid=1 mode=tracking state=TRACKING evaluated=807 execution_us=57522 reason=tracking_pose_accepted
x=2.1 y=2.05001 yaw=-0.070417 score=0.976532 valid=1 mode=tracking state=TRACKING evaluated=807 execution_us=57178 reason=tracking_pose_accepted
x=2.1 y=2.05001 yaw=-0.0713512 score=0.979248 valid=1 mode=tracking state=TRACKING evaluated=807 execution_us=57461 reason=tracking_pose_accepted
x=2.1 y=2.05001 yaw=-0.0722854 score=0.979412 valid=1 mode=tracking state=TRACKING evaluated=807 execution_us=57763 reason=tracking_pose_accepted
x=2.1 y=2.05001 yaw=-0.0732196 score=0.978213 valid=1 mode=tracking state=TRACKING evaluated=807 execution_us=58040 reason=tracking_pose_accepted
x=2.1 y=2.05001 yaw=-0.0567004 score=0.97972 valid=1 mode=tracking state=TRACKING evaluated=807 execution_us=58098 reason=tracking_pose_accepted
x=2.1 y=2.05001 yaw=-0.0576346 score=0.977628 valid=1 mode=tracking state=TRACKING evaluated=807 execution_us=50063 reason=tracking_pose_accepted
x=2.1 y=2.05001 yaw=-0.0760221 score=0.977532 valid=1 mode=tracking state=TRACKING evaluated=807 execution_us=51714 reason=tracking_pose_accepted
x=2.1 y=2.05001 yaw=-0.0769562 score=0.978483 valid=1 mode=tracking state=TRACKING evaluated=807 execution_us=51808 reason=tracking_pose_accepted
x=2.1 y=2.05001 yaw=-0.0778904 score=0.975843 valid=1 mode=tracking state=TRACKING evaluated=807 execution_us=51535 reason=tracking_pose_accepted
x=2.1 y=2.05001 yaw=-0.0788246 score=0.978426 valid=1 mode=tracking state=TRACKING evaluated=807 execution_us=53815 reason=tracking_pose_accepted
x=2.1 y=2.05001 yaw=-0.0623055 score=0.979047 valid=1 mode=tracking state=TRACKING evaluated=807 execution_us=52250 reason=tracking_pose_accepted
x=2.1 y=2.05001 yaw=-0.0632396 score=0.978936 valid=1 mode=tracking state=TRACKING evaluated=807 execution_us=58667 reason=tracking_pose_accepted
x=2.1 y=2.05001 yaw=-0.0816271 score=0.974613 valid=1 mode=tracking state=TRACKING evaluated=807 execution_us=59833 reason=tracking_pose_accepted
x=2.1 y=2.05001 yaw=-0.065108 score=0.981588 valid=1 mode=tracking state=TRACKING evaluated=807 execution_us=56124 reason=tracking_pose_accepted
x=2.1 y=2.05001 yaw=-0.0660421 score=0.979614 valid=1 mode=tracking state=TRACKING evaluated=807 execution_us=56690 reason=tracking_pose_accepted
x=2.1 y=2.05001 yaw=-0.0669763 score=0.978992 valid=1 mode=tracking state=TRACKING evaluated=807 execution_us=56123 reason=tracking_pose_accepted
x=2.1 y=2.05001 yaw=-0.0504572 score=0.975595 valid=1 mode=tracking state=TRACKING evaluated=807 execution_us=56265 reason=tracking_pose_accepted
x=2.1 y=2.05001 yaw=-0.0513914 score=0.976935 valid=1 mode=tracking state=TRACKING evaluated=807 execution_us=54176 reason=tracking_pose_accepted
x=2.1 y=2.05001 yaw=-0.0697789 score=0.975714 valid=1 mode=tracking state=TRACKING evaluated=807 execution_us=52560 reason=tracking_pose_accepted
x=2.1 y=2.05001 yaw=-0.0532597 score=0.979823 valid=1 mode=tracking state=TRACKING evaluated=807 execution_us=53533 reason=tracking_pose_accepted
x=2.1 y=2.05001 yaw=-0.0716472 score=0.981521 valid=1 mode=tracking state=TRACKING evaluated=807 execution_us=54530 reason=tracking_pose_accepted
x=2.1 y=2.05001 yaw=-0.055128 score=0.980075 valid=1 mode=tracking state=TRACKING evaluated=807 execution_us=54618 reason=tracking_pose_accepted
x=2.1 y=2.05001 yaw=-0.0735155 score=0.979506 valid=1 mode=tracking state=TRACKING evaluated=807 execution_us=54013 reason=tracking_pose_accepted
x=2.1 y=2.05001 yaw=-0.0744496 score=0.979212 valid=1 mode=tracking state=TRACKING evaluated=807 execution_us=58281 reason=tracking_pose_accepted
x=2.1 y=2.05001 yaw=-0.0579305 score=0.980444 valid=1 mode=tracking state=TRACKING evaluated=807 execution_us=58147 reason=tracking_pose_accepted
x=2.1 y=2.05001 yaw=-0.076318 score=0.978254 valid=1 mode=tracking state=TRACKING evaluated=807 execution_us=58536 reason=tracking_pose_accepted
x=2.1 y=2.05001 yaw=-0.0597988 score=0.978288 valid=1 mode=tracking state=TRACKING evaluated=807 execution_us=58583 reason=tracking_pose_accepted
x=2.1 y=2.05001 yaw=-0.0781863 score=0.975971 valid=1 mode=tracking state=TRACKING evaluated=807 execution_us=58356 reason=tracking_pose_accepted
x=2.1 y=2.05001 yaw=-0.0616671 score=0.975232 valid=1 mode=tracking state=TRACKING evaluated=807 execution_us=55687 reason=tracking_pose_accepted
x=2.1 y=2.05001 yaw=-0.0626013 score=0.976657 valid=1 mode=tracking state=TRACKING evaluated=807 execution_us=55255 reason=tracking_pose_accepted
x=2.1 y=2.05001 yaw=-0.0635355 score=0.976346 valid=1 mode=tracking state=TRACKING evaluated=807 execution_us=56314 reason=tracking_pose_accepted
x=2.1 y=2.05001 yaw=-0.0644697 score=0.976161 valid=1 mode=tracking state=TRACKING evaluated=807 execution_us=55843 reason=tracking_pose_accepted
x=2.1 y=2.05001 yaw=-0.0654038 score=0.976657 valid=1 mode=tracking state=TRACKING evaluated=807 execution_us=55795 reason=tracking_pose_accepted
x=2.1 y=2.05001 yaw=-0.0488847 score=0.979716 valid=1 mode=tracking state=TRACKING evaluated=807 execution_us=56169 reason=tracking_pose_accepted
x=2.1 y=2.05001 yaw=-0.0672722 score=0.976471 valid=1 mode=tracking state=TRACKING evaluated=807 execution_us=59538 reason=tracking_pose_accepted
x=2.1 y=2.05001 yaw=-0.0682063 score=0.976346 valid=1 mode=tracking state=TRACKING evaluated=807 execution_us=59709 reason=tracking_pose_accepted
x=2.1 y=2.05001 yaw=-0.0691405 score=0.981539 valid=1 mode=tracking state=TRACKING evaluated=807 execution_us=60016 reason=tracking_pose_accepted
x=2.1 y=2.05001 yaw=-0.0700747 score=0.981015 valid=1 mode=tracking state=TRACKING evaluated=807 execution_us=49654 reason=tracking_pose_accepted
x=2.1 y=2.05001 yaw=-0.0710089 score=0.972622 valid=1 mode=tracking state=TRACKING evaluated=807 execution_us=49759 reason=tracking_pose_accepted
x=2.1 y=2.05001 yaw=-0.0719431 score=0.979303 valid=1 mode=tracking state=TRACKING evaluated=807 execution_us=50890 reason=tracking_pose_accepted
x=2.1 y=2.05002 yaw=-0.055424 score=0.975971 valid=1 mode=tracking state=TRACKING evaluated=807 execution_us=56743 reason=tracking_pose_accepted
x=2.1 y=2.05002 yaw=-0.0738114 score=0.984675 valid=1 mode=tracking state=TRACKING evaluated=807 execution_us=57979 reason=tracking_pose_accepted
x=2.1 y=2.05002 yaw=-0.0747456 score=0.975907 valid=1 mode=tracking state=TRACKING evaluated=807 execution_us=57700 reason=tracking_pose_accepted
x=2.1 y=2.05002 yaw=-0.0756797 score=0.978539 valid=1 mode=tracking state=TRACKING evaluated=807 execution_us=58477 reason=tracking_pose_accepted
x=2.1 y=2.05002 yaw=-0.0766139 score=0.979157 valid=1 mode=tracking state=TRACKING evaluated=807 execution_us=59109 reason=tracking_pose_accepted
x=2.1 y=2.05002 yaw=-0.0600948 score=0.983437 valid=1 mode=tracking state=TRACKING evaluated=807 execution_us=58417 reason=tracking_pose_accepted
x=2.1 y=2.05002 yaw=-0.0784823 score=0.978231 valid=1 mode=tracking state=TRACKING evaluated=807 execution_us=60901 reason=tracking_pose_accepted
x=2.1 y=2.05002 yaw=-0.0794164 score=0.977063 valid=1 mode=tracking state=TRACKING evaluated=807 execution_us=51750 reason=tracking_pose_accepted
x=2.1 y=2.05002 yaw=-0.0803506 score=0.980914 valid=1 mode=tracking state=TRACKING evaluated=807 execution_us=51417 reason=tracking_pose_accepted
x=2.1 y=2.05002 yaw=-0.0638315 score=0.981948 valid=1 mode=tracking state=TRACKING evaluated=807 execution_us=51971 reason=tracking_pose_accepted
x=2.1 y=2.05002 yaw=-0.0647656 score=0.976035 valid=1 mode=tracking state=TRACKING evaluated=807 execution_us=52652 reason=tracking_pose_accepted
x=2.1 y=2.05002 yaw=-0.0656998 score=0.978483 valid=1 mode=tracking state=TRACKING evaluated=807 execution_us=53451 reason=tracking_pose_accepted
x=2.1 y=2.05002 yaw=-0.066634 score=0.978992 valid=1 mode=tracking state=TRACKING evaluated=807 execution_us=60301 reason=tracking_pose_accepted
x=2.1 y=2.05002 yaw=-0.0501149 score=0.976916 valid=1 mode=tracking state=TRACKING evaluated=807 execution_us=56643 reason=tracking_pose_accepted
x=2.1 y=2.05002 yaw=-0.0685024 score=0.978992 valid=1 mode=tracking state=TRACKING evaluated=807 execution_us=56222 reason=tracking_pose_accepted
x=2.1 y=2.05002 yaw=-0.0694365 score=0.979357 valid=1 mode=tracking state=TRACKING evaluated=807 execution_us=56894 reason=tracking_pose_accepted
x=2.1 y=2.05002 yaw=-0.0703707 score=0.979047 valid=1 mode=tracking state=TRACKING evaluated=807 execution_us=56009 reason=tracking_pose_accepted
x=2.1 y=2.05002 yaw=-0.0713049 score=0.975971 valid=1 mode=tracking state=TRACKING evaluated=807 execution_us=56246 reason=tracking_pose_accepted
x=2.1 y=2.05002 yaw=-0.0722391 score=0.97622 valid=1 mode=tracking state=TRACKING evaluated=807 execution_us=53334 reason=tracking_pose_accepted
x=2.1 y=2.05002 yaw=-0.0731732 score=0.981276 valid=1 mode=tracking state=TRACKING evaluated=807 execution_us=52932 reason=tracking_pose_accepted
x=2.1 y=2.05002 yaw=-0.0566541 score=0.982772 valid=1 mode=tracking state=TRACKING evaluated=807 execution_us=54312 reason=tracking_pose_accepted
x=2.1 y=2.05002 yaw=-0.0750416 score=0.980754 valid=1 mode=tracking state=TRACKING evaluated=807 execution_us=53918 reason=tracking_pose_accepted
x=2.1 y=2.05002 yaw=-0.0585224 score=0.980235 valid=1 mode=tracking state=TRACKING evaluated=807 execution_us=54187 reason=tracking_pose_accepted
x=2.1 y=2.05002 yaw=-0.0769099 score=0.977495 valid=1 mode=tracking state=TRACKING evaluated=807 execution_us=61750 reason=tracking_pose_accepted
x=2.1 y=2.05002 yaw=-0.077844 score=0.975971 valid=1 mode=tracking state=TRACKING evaluated=807 execution_us=57441 reason=tracking_pose_accepted
x=2.1 y=2.05002 yaw=-0.0613249 score=0.98034 valid=1 mode=tracking state=TRACKING evaluated=807 execution_us=58194 reason=tracking_pose_accepted
x=2.1 y=2.05002 yaw=-0.0622591 score=0.977747 valid=1 mode=tracking state=TRACKING evaluated=807 execution_us=58672 reason=tracking_pose_accepted
x=2.1 y=2.05002 yaw=-0.0631933 score=0.981852 valid=1 mode=tracking state=TRACKING evaluated=807 execution_us=57970 reason=tracking_pose_accepted
x=2.1 y=2.05002 yaw=-0.0641275 score=0.978737 valid=1 mode=tracking state=TRACKING evaluated=807 execution_us=59072 reason=tracking_pose_accepted
x=2.1 y=2.05002 yaw=-0.0650616 score=0.976346 valid=1 mode=tracking state=TRACKING evaluated=807 execution_us=55090 reason=tracking_pose_accepted
x=2.1 y=2.05002 yaw=-0.0659958 score=0.978539 valid=1 mode=tracking state=TRACKING evaluated=807 execution_us=55597 reason=tracking_pose_accepted
x=2.1 y=2.05002 yaw=-0.06693 score=0.979573 valid=1 mode=tracking state=TRACKING evaluated=807 execution_us=56514 reason=tracking_pose_accepted
x=2.1 y=2.05002 yaw=-0.0678642 score=0.979573 valid=1 mode=tracking state=TRACKING evaluated=807 execution_us=56722 reason=tracking_pose_accepted
x=2.1 y=2.05002 yaw=-0.0687984 score=0.975978 valid=1 mode=tracking state=TRACKING evaluated=807 execution_us=56203 reason=tracking_pose_accepted
x=2.1 y=2.05002 yaw=-0.0697326 score=0.979047 valid=1 mode=tracking state=TRACKING evaluated=807 execution_us=56142 reason=tracking_pose_accepted
x=2.1 y=2.05002 yaw=-0.0706667 score=0.976902 valid=1 mode=tracking state=TRACKING evaluated=807 execution_us=60265 reason=tracking_pose_accepted
x=2.1 y=2.05002 yaw=-0.0716009 score=0.975412 valid=1 mode=tracking state=TRACKING evaluated=807 execution_us=60205 reason=tracking_pose_accepted
x=2.1 y=2.05002 yaw=-0.0725351 score=0.980495 valid=1 mode=tracking state=TRACKING evaluated=807 execution_us=50739 reason=tracking_pose_accepted
x=2.1 y=2.05002 yaw=-0.0734693 score=0.976035 valid=1 mode=tracking state=TRACKING evaluated=807 execution_us=60434 reason=tracking_pose_accepted
x=2.1 y=2.05002 yaw=-0.0744035 score=0.981948 valid=1 mode=tracking state=TRACKING evaluated=807 execution_us=50532 reason=tracking_pose_accepted
x=2.1 y=2.05002 yaw=-0.0753377 score=0.976907 valid=1 mode=tracking state=TRACKING evaluated=807 execution_us=56886 reason=tracking_pose_accepted
x=2.1 y=2.05002 yaw=-0.0762718 score=0.976035 valid=1 mode=tracking state=TRACKING evaluated=807 execution_us=57326 reason=tracking_pose_accepted
x=2.1 y=2.05003 yaw=-0.0597527 score=0.975724 valid=1 mode=tracking state=TRACKING evaluated=807 execution_us=58390 reason=tracking_pose_accepted
x=2.1 y=2.05003 yaw=-0.0781402 score=0.976157 valid=1 mode=tracking state=TRACKING evaluated=807 execution_us=57213 reason=tracking_pose_accepted
x=2.1 y=2.05003 yaw=-0.0790743 score=0.978848 valid=1 mode=tracking state=TRACKING evaluated=807 execution_us=58418 reason=tracking_pose_accepted
x=2.1 y=2.05003 yaw=-0.0800085 score=0.975167 valid=1 mode=tracking state=TRACKING evaluated=807 execution_us=58558 reason=tracking_pose_accepted
x=2.1 y=2.05003 yaw=-0.0634894 score=0.976533 valid=1 mode=tracking state=TRACKING evaluated=807 execution_us=64645 reason=tracking_pose_accepted
x=2.1 y=2.05003 yaw=-0.0644236 score=0.97728 valid=1 mode=tracking state=TRACKING evaluated=807 execution_us=51371 reason=tracking_pose_accepted
x=2.1 y=2.05003 yaw=-0.0653578 score=0.977029 valid=1 mode=tracking state=TRACKING evaluated=807 execution_us=51739 reason=tracking_pose_accepted
x=2.1 y=2.05003 yaw=-0.0662919 score=0.976286 valid=1 mode=tracking state=TRACKING evaluated=807 execution_us=52403 reason=tracking_pose_accepted
x=2.1 y=2.05003 yaw=-0.0672261 score=0.981804 valid=1 mode=tracking state=TRACKING evaluated=807 execution_us=52237 reason=tracking_pose_accepted
x=2.1 y=2.05003 yaw=-0.0681603 score=0.976595 valid=1 mode=tracking state=TRACKING evaluated=807 execution_us=52014 reason=tracking_pose_accepted
x=2.1 y=2.05003 yaw=-0.0516412 score=0.978116 valid=1 mode=tracking state=TRACKING evaluated=807 execution_us=58973 reason=tracking_pose_accepted
x=2.1 y=2.05003 yaw=-0.0700287 score=0.981539 valid=1 mode=tracking state=TRACKING evaluated=807 execution_us=56419 reason=tracking_pose_accepted
x=2.1 y=2.05003 yaw=-0.0709628 score=0.978992 valid=1 mode=tracking state=TRACKING evaluated=807 execution_us=56070 reason=tracking_pose_accepted
x=2.1 y=2.05003 yaw=-0.071897 score=0.98209 valid=1 mode=tracking state=TRACKING evaluated=807 execution_us=56643 reason=tracking_pose_accepted
x=2.1 y=2.05003 yaw=-0.0728312 score=0.979819 valid=1 mode=tracking state=TRACKING evaluated=807 execution_us=56796 reason=tracking_pose_accepted
x=2.1 y=2.05003 yaw=-0.0737654 score=0.978737 valid=1 mode=tracking state=TRACKING evaluated=807 execution_us=56891 reason=tracking_pose_accepted
x=2.1 y=2.05003 yaw=-0.0746995 score=0.981686 valid=1 mode=tracking state=TRACKING evaluated=807 execution_us=53779 reason=tracking_pose_accepted
x=2.1 y=2.05003 yaw=-0.0756337 score=0.978936 valid=1 mode=tracking state=TRACKING evaluated=807 execution_us=53254 reason=tracking_pose_accepted
x=2.1 y=2.05003 yaw=-0.0765679 score=0.978426 valid=1 mode=tracking state=TRACKING evaluated=807 execution_us=53176 reason=tracking_pose_accepted
x=2.1 y=2.05003 yaw=-0.0775021 score=0.978992 valid=1 mode=tracking state=TRACKING evaluated=807 execution_us=54036 reason=tracking_pose_accepted
x=2.1 y=2.05003 yaw=-0.060983 score=0.978452 valid=1 mode=tracking state=TRACKING evaluated=807 execution_us=53691 reason=tracking_pose_accepted
x=2.1 y=2.05003 yaw=-0.0619171 score=0.976969 valid=1 mode=tracking state=TRACKING evaluated=807 execution_us=57530 reason=tracking_pose_accepted
x=2.1 y=2.05003 yaw=-0.0803046 score=0.977554 valid=1 mode=tracking state=TRACKING evaluated=807 execution_us=58919 reason=tracking_pose_accepted
x=2.1 y=2.05003 yaw=-0.0637855 score=0.978737 valid=1 mode=tracking state=TRACKING evaluated=807 execution_us=58532 reason=tracking_pose_accepted
x=2.1 y=2.05003 yaw=-0.0647196 score=0.976029 valid=1 mode=tracking state=TRACKING evaluated=807 execution_us=58497 reason=tracking_pose_accepted
x=2.1 y=2.05003 yaw=-0.0656538 score=0.978567 valid=1 mode=tracking state=TRACKING evaluated=807 execution_us=58243 reason=tracking_pose_accepted
x=2.1 y=2.05003 yaw=-0.066588 score=0.976907 valid=1 mode=tracking state=TRACKING evaluated=807 execution_us=59444 reason=tracking_pose_accepted
x=2.1 y=2.05003 yaw=-0.0675222 score=0.979102 valid=1 mode=tracking state=TRACKING evaluated=807 execution_us=56229 reason=tracking_pose_accepted
x=2.1 y=2.05003 yaw=-0.0684564 score=0.978936 valid=1 mode=tracking state=TRACKING evaluated=807 execution_us=55015 reason=tracking_pose_accepted
x=2.1 y=2.05003 yaw=-0.0693906 score=0.9819 valid=1 mode=tracking state=TRACKING evaluated=807 execution_us=55857 reason=tracking_pose_accepted
x=2.1 y=2.05003 yaw=-0.0703247 score=0.976532 valid=1 mode=tracking state=TRACKING evaluated=807 execution_us=56401 reason=tracking_pose_accepted
x=2.1 y=2.05003 yaw=-0.0712589 score=0.981065 valid=1 mode=tracking state=TRACKING evaluated=807 execution_us=55843 reason=tracking_pose_accepted
x=2.1 y=2.05003 yaw=-0.0721931 score=0.978904 valid=1 mode=tracking state=TRACKING evaluated=807 execution_us=53858 reason=tracking_pose_accepted
x=2.1 y=2.05003 yaw=-0.0731273 score=0.979137 valid=1 mode=tracking state=TRACKING evaluated=807 execution_us=59899 reason=tracking_pose_accepted
x=2.1 y=2.05003 yaw=-0.0566082 score=0.977882 valid=1 mode=tracking state=TRACKING evaluated=807 execution_us=59814 reason=tracking_pose_accepted
x=2.1 y=2.05003 yaw=-0.0749956 score=0.976784 valid=1 mode=tracking state=TRACKING evaluated=807 execution_us=50562 reason=tracking_pose_accepted
x=2.1 y=2.05003 yaw=-0.0759298 score=0.976471 valid=1 mode=tracking state=TRACKING evaluated=807 execution_us=49669 reason=tracking_pose_accepted
x=2.1 y=2.05003 yaw=-0.076864 score=0.979412 valid=1 mode=tracking state=TRACKING evaluated=807 execution_us=50648 reason=tracking_pose_accepted
x=2.1 y=2.05003 yaw=-0.0777981 score=0.978426 valid=1 mode=tracking state=TRACKING evaluated=807 execution_us=57990 reason=tracking_pose_accepted
x=2.1 y=2.05003 yaw=-0.061279 score=0.976595 valid=1 mode=tracking state=TRACKING evaluated=807 execution_us=57073 reason=tracking_pose_accepted
x=2.1 y=2.05003 yaw=-0.0796665 score=0.975412 valid=1 mode=tracking state=TRACKING evaluated=807 execution_us=57478 reason=tracking_pose_accepted
x=2.1 y=2.05003 yaw=-0.0806006 score=0.977672 valid=1 mode=tracking state=TRACKING evaluated=807 execution_us=58772 reason=tracking_pose_accepted
x=2.1 y=2.05004 yaw=-0.0466282 score=0.977063 valid=1 mode=tracking state=TRACKING evaluated=807 execution_us=57592 reason=tracking_pose_accepted
x=2.1 y=2.05004 yaw=-0.082469 score=0.975054 valid=1 mode=tracking state=TRACKING evaluated=807 execution_us=59054 reason=tracking_pose_accepted
x=2.1 y=2.05004 yaw=-0.0659498 score=0.978992 valid=1 mode=tracking state=TRACKING evaluated=807 execution_us=50329 reason=tracking_pose_accepted
x=2.1 y=2.05004 yaw=-0.066884 score=0.981539 valid=1 mode=tracking state=TRACKING evaluated=807 execution_us=51386 reason=tracking_pose_accepted
x=2.1 y=2.05004 yaw=-0.0678182 score=0.973599 valid=1 mode=tracking state=TRACKING evaluated=807 execution_us=52999 reason=tracking_pose_accepted
x=2.1 y=2.05004 yaw=-0.0687524 score=0.979668 valid=1 mode=tracking state=TRACKING evaluated=807 execution_us=51851 reason=tracking_pose_accepted
x=2.1 y=2.05004 yaw=-0.0696865 score=0.979721 valid=1 mode=tracking state=TRACKING evaluated=807 execution_us=52149 reason=tracking_pose_accepted
x=2.1 y=2.05004 yaw=-0.0706207 score=0.97622 valid=1 mode=tracking state=TRACKING evaluated=807 execution_us=55937 reason=tracking_pose_accepted
x=2.1 y=2.05004 yaw=-0.0715549 score=0.979047 valid=1 mode=tracking state=TRACKING evaluated=807 execution_us=58987 reason=tracking_pose_accepted
x=2.1 y=2.05004 yaw=-0.0550358 score=0.980444 valid=1 mode=tracking state=TRACKING evaluated=807 execution_us=59627 reason=tracking_pose_accepted
x=2.1 y=2.05004 yaw=-0.0734233 score=0.978848 valid=1 mode=tracking state=TRACKING evaluated=807 execution_us=56608 reason=tracking_pose_accepted
x=2.1 y=2.05004 yaw=-0.0743574 score=0.98065 valid=1 mode=tracking state=TRACKING evaluated=807 execution_us=56647 reason=tracking_pose_accepted
x=2.1 y=2.05004 yaw=-0.0752916 score=0.97377 valid=1 mode=tracking state=TRACKING evaluated=807 execution_us=57347 reason=tracking_pose_accepted
x=2.1 y=2.05004 yaw=-0.0762258 score=0.979357 valid=1 mode=tracking state=TRACKING evaluated=807 execution_us=53367 reason=tracking_pose_accepted
x=2.1 y=2.05004 yaw=-0.07716 score=0.976098 valid=1 mode=tracking state=TRACKING evaluated=807 execution_us=53109 reason=tracking_pose_accepted
x=2.1 y=2.05004 yaw=-0.0606408 score=0.976408 valid=1 mode=tracking state=TRACKING evaluated=807 execution_us=54245 reason=tracking_pose_accepted
x=2.1 y=2.05004 yaw=-0.0790283 score=0.977554 valid=1 mode=tracking state=TRACKING evaluated=807 execution_us=53758 reason=tracking_pose_accepted
x=2.1 y=2.05004 yaw=-0.0625092 score=0.976098 valid=1 mode=tracking state=TRACKING evaluated=807 execution_us=53622 reason=tracking_pose_accepted
x=2.1 y=2.05004 yaw=-0.0634433 score=0.981015 valid=1 mode=tracking state=TRACKING evaluated=807 execution_us=57625 reason=tracking_pose_accepted
x=2.1 y=2.05004 yaw=-0.0643775 score=0.976969 valid=1 mode=tracking state=TRACKING evaluated=807 execution_us=57243 reason=tracking_pose_accepted
x=2.1 y=2.05004 yaw=-0.082765 score=0.974613 valid=1 mode=tracking state=TRACKING evaluated=807 execution_us=58502 reason=tracking_pose_accepted
x=2.1 y=2.05004 yaw=-0.0662458 score=0.97888 valid=1 mode=tracking state=TRACKING evaluated=807 execution_us=57589 reason=tracking_pose_accepted
x=2.1 y=2.05004 yaw=-0.06718 score=0.979819 valid=1 mode=tracking state=TRACKING evaluated=807 execution_us=57833 reason=tracking_pose_accepted
x=2.1 y=2.05004 yaw=-0.0681142 score=0.97956 valid=1 mode=tracking state=TRACKING evaluated=807 execution_us=58601 reason=tracking_pose_accepted
x=2.1 y=2.05004 yaw=-0.0690484 score=0.97956 valid=1 mode=tracking state=TRACKING evaluated=807 execution_us=54722 reason=tracking_pose_accepted
x=2.1 y=2.05004 yaw=-0.0699825 score=0.979412 valid=1 mode=tracking state=TRACKING evaluated=807 execution_us=55390 reason=tracking_pose_accepted
x=2.1 y=2.05004 yaw=-0.0709167 score=0.979925 valid=1 mode=tracking state=TRACKING evaluated=807 execution_us=55473 reason=tracking_pose_accepted
x=2.1 y=2.05004 yaw=-0.0718509 score=0.976657 valid=1 mode=tracking state=TRACKING evaluated=807 execution_us=55183 reason=tracking_pose_accepted
x=2.1 y=2.05004 yaw=-0.0727851 score=0.980808 valid=1 mode=tracking state=TRACKING evaluated=807 execution_us=55828 reason=tracking_pose_accepted
x=2.1 y=2.05004 yaw=-0.0737193 score=0.98065 valid=1 mode=tracking state=TRACKING evaluated=807 execution_us=56031 reason=tracking_pose_accepted
x=2.1 y=2.05004 yaw=-0.0746535 score=0.979872 valid=1 mode=tracking state=TRACKING evaluated=807 execution_us=59656 reason=tracking_pose_accepted
x=2.1 y=2.05004 yaw=-0.0755876 score=0.982617 valid=1 mode=tracking state=TRACKING evaluated=807 execution_us=61439 reason=tracking_pose_accepted
x=2.1 y=2.05004 yaw=-0.0765218 score=0.979626 valid=1 mode=tracking state=TRACKING evaluated=807 execution_us=60569 reason=tracking_pose_accepted
x=2.1 y=2.05004 yaw=-0.077456 score=0.979412 valid=1 mode=tracking state=TRACKING evaluated=807 execution_us=60604 reason=tracking_pose_accepted
x=2.1 y=2.05004 yaw=-0.0783902 score=0.979157 valid=1 mode=tracking state=TRACKING evaluated=807 execution_us=50573 reason=tracking_pose_accepted
x=2.1 y=2.05004 yaw=-0.0618711 score=0.975843 valid=1 mode=tracking state=TRACKING evaluated=807 execution_us=56475 reason=tracking_pose_accepted
x=2.1 y=2.05004 yaw=-0.0628053 score=0.979819 valid=1 mode=tracking state=TRACKING evaluated=807 execution_us=56908 reason=tracking_pose_accepted
x=2.1 y=2.05004 yaw=-0.0637394 score=0.976719 valid=1 mode=tracking state=TRACKING evaluated=807 execution_us=57490 reason=tracking_pose_accepted
x=2.1 y=2.05004 yaw=-0.0646736 score=0.981996 valid=1 mode=tracking state=TRACKING evaluated=807 execution_us=57464 reason=tracking_pose_accepted
x=2.1 y=2.05004 yaw=-0.0656078 score=0.976595 valid=1 mode=tracking state=TRACKING evaluated=807 execution_us=58155 reason=tracking_pose_accepted
x=2.1 y=2.05004 yaw=-0.066542 score=0.97408 valid=1 mode=tracking state=TRACKING evaluated=807 execution_us=57920 reason=tracking_pose_accepted
x=2.1 y=2.05005 yaw=-0.0674762 score=0.976969 valid=1 mode=tracking state=TRACKING evaluated=807 execution_us=50875 reason=tracking_pose_accepted
x=2.1 y=2.05005 yaw=-0.0509571 score=0.976916 valid=1 mode=tracking state=TRACKING evaluated=807 execution_us=51967 reason=tracking_pose_accepted
x=2.1 y=2.05005 yaw=-0.0693445 score=0.978992 valid=1 mode=tracking state=TRACKING evaluated=807 execution_us=51165 reason=tracking_pose_accepted
x=2.1 y=2.05005 yaw=-0.0702787 score=0.976969 valid=1 mode=tracking state=TRACKING evaluated=807 execution_us=51666 reason=tracking_pose_accepted
x=2.1 y=2.05005 yaw=-0.0712128 score=0.979872 valid=1 mode=tracking state=TRACKING evaluated=807 execution_us=52029 reason=tracking_pose_accepted
x=2.1 y=2.05005 yaw=-0.0546937 score=0.983843 valid=1 mode=tracking state=TRACKING evaluated=807 execution_us=58060 reason=tracking_pose_accepted
x=2.1 y=2.05005 yaw=-0.0730812 score=0.982972 valid=1 mode=tracking state=TRACKING evaluated=807 execution_us=59357 reason=tracking_pose_accepted
x=2.1 y=2.05005 yaw=-0.056562 score=0.978624 valid=1 mode=tracking state=TRACKING evaluated=807 execution_us=58734 reason=tracking_pose_accepted
x=2.1 y=2.05005 yaw=-0.0749495 score=0.980031 valid=1 mode=tracking state=TRACKING evaluated=807 execution_us=59261 reason=tracking_pose_accepted
x=2.1 y=2.05005 yaw=-0.0758836 score=0.976907 valid=1 mode=tracking state=TRACKING evaluated=807 execution_us=59497 reason=tracking_pose_accepted
x=2.1 y=2.05005 yaw=-0.0768178 score=0.976533 valid=1 mode=tracking state=TRACKING evaluated=807 execution_us=58469 reason=tracking_pose_accepted
x=2.1 y=2.05005 yaw=-0.077752 score=0.979047 valid=1 mode=tracking state=TRACKING evaluated=807 execution_us=53303 reason=tracking_pose_accepted
x=2.1 y=2.05005 yaw=-0.0786862 score=0.978094 valid=1 mode=tracking state=TRACKING evaluated=807 execution_us=53604 reason=tracking_pose_accepted
x=2.1 y=2.05005 yaw=-0.0621671 score=0.978824 valid=1 mode=tracking state=TRACKING evaluated=807 execution_us=52447 reason=tracking_pose_accepted
x=2.1 y=2.05005 yaw=-0.0805545 score=0.97851 valid=1 mode=tracking state=TRACKING evaluated=807 execution_us=52804 reason=tracking_pose_accepted
x=2.1 y=2.05005 yaw=-0.0814887 score=0.97622 valid=1 mode=tracking state=TRACKING evaluated=807 execution_us=53500 reason=tracking_pose_accepted
x=2.1 y=2.05005 yaw=-0.0649696 score=0.97329 valid=1 mode=tracking state=TRACKING evaluated=807 execution_us=54143 reason=tracking_pose_accepted
x=2.1 y=2.05005 yaw=-0.0659037 score=0.974834 valid=1 mode=tracking state=TRACKING evaluated=807 execution_us=58297 reason=tracking_pose_accepted
x=2.1 y=2.05005 yaw=-0.0493846 score=0.977435 valid=1 mode=tracking state=TRACKING evaluated=807 execution_us=57440 reason=tracking_pose_accepted
x=2.1 y=2.05005 yaw=-0.0677721 score=0.979357 valid=1 mode=tracking state=TRACKING evaluated=807 execution_us=57476 reason=tracking_pose_accepted
x=2.1 y=2.05005 yaw=-0.0687062 score=0.976408 valid=1 mode=tracking state=TRACKING evaluated=807 execution_us=58580 reason=tracking_pose_accepted
x=2.1 y=2.05005 yaw=-0.0696404 score=0.973668 valid=1 mode=tracking state=TRACKING evaluated=807 execution_us=58125 reason=tracking_pose_accepted
x=2.1 y=2.05005 yaw=-0.0705746 score=0.97721 valid=1 mode=tracking state=TRACKING evaluated=807 execution_us=54990 reason=tracking_pose_accepted
x=2.1 y=2.05005 yaw=-0.0715088 score=0.979412 valid=1 mode=tracking state=TRACKING evaluated=807 execution_us=55400 reason=tracking_pose_accepted
x=2.1 y=2.05005 yaw=-0.0549897 score=0.980081 valid=1 mode=tracking state=TRACKING evaluated=807 execution_us=54897 reason=tracking_pose_accepted
x=2.1 y=2.05005 yaw=-0.0733771 score=0.979668 valid=1 mode=tracking state=TRACKING evaluated=807 execution_us=69193 reason=tracking_pose_accepted
x=2.1 y=2.05005 yaw=-0.0743113 score=0.978254 valid=1 mode=tracking state=TRACKING evaluated=807 execution_us=55256 reason=tracking_pose_accepted
x=2.1 y=2.05005 yaw=-0.0752455 score=0.976907 valid=1 mode=tracking state=TRACKING evaluated=807 execution_us=54855 reason=tracking_pose_accepted
x=2.1 y=2.05005 yaw=-0.0761796 score=0.979102 valid=1 mode=tracking state=TRACKING evaluated=807 execution_us=59360 reason=tracking_pose_accepted
x=2.1 y=2.05005 yaw=-0.0771138 score=0.976595 valid=1 mode=tracking state=TRACKING evaluated=807 execution_us=59098 reason=tracking_pose_accepted
x=2.1 y=2.05005 yaw=-0.078048 score=0.978173 valid=1 mode=tracking state=TRACKING evaluated=807 execution_us=59757 reason=tracking_pose_accepted
x=2.1 y=2.05005 yaw=-0.0789822 score=0.974988 valid=1 mode=tracking state=TRACKING evaluated=807 execution_us=50197 reason=tracking_pose_accepted
x=2.1 y=2.05005 yaw=-0.0799164 score=0.976098 valid=1 mode=tracking state=TRACKING evaluated=807 execution_us=60850 reason=tracking_pose_accepted
x=2.1 y=2.05005 yaw=-0.0633973 score=0.978848 valid=1 mode=tracking state=TRACKING evaluated=807 execution_us=50353 reason=tracking_pose_accepted
x=2.1 y=2.05005 yaw=-0.0643314 score=0.97408 valid=1 mode=tracking state=TRACKING evaluated=807 execution_us=56834 reason=tracking_pose_accepted
x=2.1 y=2.05005 yaw=-0.0652656 score=0.976224 valid=1 mode=tracking state=TRACKING evaluated=807 execution_us=56967 reason=tracking_pose_accepted
x=2.1 y=2.05005 yaw=-0.0661998 score=0.976283 valid=1 mode=tracking state=TRACKING evaluated=807 execution_us=57390 reason=tracking_pose_accepted
x=2.1 y=2.05005 yaw=-0.067134 score=0.979102 valid=1 mode=tracking state=TRACKING evaluated=807 execution_us=57057 reason=tracking_pose_accepted
x=2.1 y=2.05005 yaw=-0.0680682 score=0.976471 valid=1 mode=tracking state=TRACKING evaluated=807 execution_us=57034 reason=tracking_pose_accepted
x=2.1 y=2.05005 yaw=-0.0690023 score=0.97715 valid=1 mode=tracking state=TRACKING evaluated=807 execution_us=60736 reason=tracking_pose_accepted
x=2.1 y=2.05005 yaw=-0.0699365 score=0.978936 valid=1 mode=tracking state=TRACKING evaluated=807 execution_us=51936 reason=tracking_pose_accepted
x=2.1 y=2.05005 yaw=-0.0708707 score=0.978737 valid=1 mode=tracking state=TRACKING evaluated=807 execution_us=51066 reason=tracking_pose_accepted
x=2.1 y=2.05006 yaw=-0.0718049 score=0.97722 valid=1 mode=tracking state=TRACKING evaluated=807 execution_us=51350 reason=tracking_pose_accepted
x=2.1 y=2.05006 yaw=-0.0727391 score=0.983548 valid=1 mode=tracking state=TRACKING evaluated=807 execution_us=51042 reason=tracking_pose_accepted
x=2.1 y=2.05006 yaw=-0.0736733 score=0.978483 valid=1 mode=tracking state=TRACKING evaluated=807 execution_us=51967 reason=tracking_pose_accepted
x=2.1 y=2.05006 yaw=-0.0746074 score=0.978992 valid=1 mode=tracking state=TRACKING evaluated=807 execution_us=58290 reason=tracking_pose_accepted
x=2.1 y=2.05006 yaw=-0.0755416 score=0.979819 valid=1 mode=tracking state=TRACKING evaluated=807 execution_us=58339 reason=tracking_pose_accepted
x=2.1 y=2.05006 yaw=-0.0764758 score=0.978737 valid=1 mode=tracking state=TRACKING evaluated=807 execution_us=59687 reason=tracking_pose_accepted
x=2.1 y=2.05006 yaw=-0.0599567 score=0.976161 valid=1 mode=tracking state=TRACKING evaluated=807 execution_us=58617 reason=tracking_pose_accepted
x=2.1 y=2.05006 yaw=-0.0783442 score=0.975971 valid=1 mode=tracking state=TRACKING evaluated=807 execution_us=58841 reason=tracking_pose_accepted
x=2.1 y=2.05006 yaw=-0.0792783 score=0.977922 valid=1 mode=tracking state=TRACKING evaluated=807 execution_us=56488 reason=tracking_pose_accepted
x=2.1 y=2.05006 yaw=-0.0627592 score=0.976657 valid=1 mode=tracking state=TRACKING evaluated=807 execution_us=52302 reason=tracking_pose_accepted
x=2.1 y=2.05006 yaw=-0.0811467 score=0.974746 valid=1 mode=tracking state=TRACKING evaluated=807 execution_us=53418 reason=tracking_pose_accepted
x=2.1 y=2.05006 yaw=-0.0646275 score=0.975529 valid=1 mode=tracking state=TRACKING evaluated=807 execution_us=50766 reason=tracking_pose_accepted
x=2.1 y=2.05006 yaw=-0.0481084 score=0.97403 valid=1 mode=tracking state=TRACKING evaluated=807 execution_us=52667 reason=tracking_pose_accepted
x=2.1 y=2.05006 yaw=-0.0664958 score=0.976719 valid=1 mode=tracking state=TRACKING evaluated=807 execution_us=53766 reason=tracking_pose_accepted
x=2.1 y=2.05006 yaw=-0.06743 score=0.981588 valid=1 mode=tracking state=TRACKING evaluated=807 execution_us=56623 reason=tracking_pose_accepted
x=2.1 y=2.05006 yaw=-0.0683642 score=0.976595 valid=1 mode=tracking state=TRACKING evaluated=807 execution_us=56919 reason=tracking_pose_accepted
x=2.1 y=2.05006 yaw=-0.0692983 score=0.981755 valid=1 mode=tracking state=TRACKING evaluated=807 execution_us=57513 reason=tracking_pose_accepted
x=2.1 y=2.05006 yaw=-0.0702325 score=0.977459 valid=1 mode=tracking state=TRACKING evaluated=807 execution_us=57639 reason=tracking_pose_accepted
x=2.1 y=2.05006 yaw=-0.0711667 score=0.981948 valid=1 mode=tracking state=TRACKING evaluated=807 execution_us=57293 reason=tracking_pose_accepted
x=2.1 y=2.05006 yaw=-0.0721009 score=0.982399 valid=1 mode=tracking state=TRACKING evaluated=807 execution_us=58164 reason=tracking_pose_accepted
x=2.1 y=2.05006 yaw=-0.0730351 score=0.977098 valid=1 mode=tracking state=TRACKING evaluated=807 execution_us=54002 reason=tracking_pose_accepted
x=2.1 y=2.05006 yaw=-0.0739693 score=0.980599 valid=1 mode=tracking state=TRACKING evaluated=807 execution_us=55338 reason=tracking_pose_accepted
x=2.1 y=2.05006 yaw=-0.0749034 score=0.976161 valid=1 mode=tracking state=TRACKING evaluated=807 execution_us=54317 reason=tracking_pose_accepted
x=2.1 y=2.05006 yaw=-0.0758376 score=0.977029 valid=1 mode=tracking state=TRACKING evaluated=807 execution_us=54811 reason=tracking_pose_accepted
x=2.1 y=2.05006 yaw=-0.0767718 score=0.976157 valid=1 mode=tracking state=TRACKING evaluated=807 execution_us=54767 reason=tracking_pose_accepted
x=2.1 y=2.05006 yaw=-0.077706 score=0.978369 valid=1 mode=tracking state=TRACKING evaluated=807 execution_us=55445 reason=tracking_pose_accepted
x=2.1 y=2.05006 yaw=-0.0786402 score=0.978737 valid=1 mode=tracking state=TRACKING evaluated=807 execution_us=59351 reason=tracking_pose_accepted
x=2.1 y=2.05006 yaw=-0.0621211 score=0.976969 valid=1 mode=tracking state=TRACKING evaluated=807 execution_us=59668 reason=tracking_pose_accepted
x=2.1 y=2.05006 yaw=-0.0630552 score=0.975788 valid=1 mode=tracking state=TRACKING evaluated=807 execution_us=59710 reason=tracking_pose_accepted
x=2.1 y=2.05006 yaw=-0.0639894 score=0.976719 valid=1 mode=tracking state=TRACKING evaluated=807 execution_us=60349 reason=tracking_pose_accepted
x=2.1 y=2.05006 yaw=-0.0649236 score=0.975915 valid=1 mode=tracking state=TRACKING evaluated=807 execution_us=60371 reason=tracking_pose_accepted
x=2.1 y=2.05006 yaw=-0.0658578 score=0.976969 valid=1 mode=tracking state=TRACKING evaluated=807 execution_us=65121 reason=tracking_pose_accepted
x=2.1 y=2.05006 yaw=-0.066792 score=0.973389 valid=1 mode=tracking state=TRACKING evaluated=807 execution_us=54635 reason=tracking_pose_accepted
x=2.1 y=2.05006 yaw=-0.0677262 score=0.976969 valid=1 mode=tracking state=TRACKING evaluated=807 execution_us=56266 reason=tracking_pose_accepted
x=2.1 y=2.05006 yaw=-0.0686603 score=0.979193 valid=1 mode=tracking state=TRACKING evaluated=807 execution_us=56560 reason=tracking_pose_accepted
x=2.1 y=2.05006 yaw=-0.0695945 score=0.979157 valid=1 mode=tracking state=TRACKING evaluated=807 execution_us=57621 reason=tracking_pose_accepted
x=2.1 y=2.05006 yaw=-0.0705287 score=0.978624 valid=1 mode=tracking state=TRACKING evaluated=807 execution_us=56752 reason=tracking_pose_accepted
x=2.1 y=2.05006 yaw=-0.0714629 score=0.979721 valid=1 mode=tracking state=TRACKING evaluated=807 execution_us=60781 reason=tracking_pose_accepted
x=2.1 y=2.05006 yaw=-0.0723971 score=0.979303 valid=1 mode=tracking state=TRACKING evaluated=807 execution_us=51356 reason=tracking_pose_accepted
x=2.1 y=2.05006 yaw=-0.0733313 score=0.979248 valid=1 mode=tracking state=TRACKING evaluated=807 execution_us=50289 reason=tracking_pose_accepted
x=2.1 y=2.05006 yaw=-0.0742654 score=0.979047 valid=1 mode=tracking state=TRACKING evaluated=807 execution_us=51317 reason=tracking_pose_accepted
x=2.1 y=2.05006 yaw=-0.0751996 score=0.976902 valid=1 mode=tracking state=TRACKING evaluated=807 execution_us=51072 reason=tracking_pose_accepted
x=2.1 y=2.05007 yaw=-0.0586805 score=0.984283 valid=1 mode=tracking state=TRACKING evaluated=807 execution_us=50809 reason=tracking_pose_accepted
x=2.1 y=2.05007 yaw=-0.0596147 score=0.981948 valid=1 mode=tracking state=TRACKING evaluated=807 execution_us=58461 reason=tracking_pose_accepted
x=2.1 y=2.05007 yaw=-0.0780021 score=0.974723 valid=1 mode=tracking state=TRACKING evaluated=807 execution_us=58212 reason=tracking_pose_accepted
x=2.1 y=2.05007 yaw=-0.061483 score=0.97408 valid=1 mode=tracking state=TRACKING evaluated=807 execution_us=58445 reason=tracking_pose_accepted
x=2.1 y=2.05007 yaw=-0.0798705 score=0.978116 valid=1 mode=tracking state=TRACKING evaluated=807 execution_us=58814 reason=tracking_pose_accepted
x=2.1 y=2.05007 yaw=-0.0633513 score=0.982525 valid=1 mode=tracking state=TRACKING evaluated=807 execution_us=58753 reason=tracking_pose_accepted
x=2.1 y=2.05007 yaw=-0.0642855 score=0.979506 valid=1 mode=tracking state=TRACKING evaluated=807 execution_us=58972 reason=tracking_pose_accepted
x=2.1 y=2.05007 yaw=-0.0477664 score=0.972882 valid=1 mode=tracking state=TRACKING evaluated=807 execution_us=50708 reason=tracking_pose_accepted
x=2.15 y=2.05007 yaw=-0.0312472 score=0.975163 valid=1 mode=tracking state=TRACKING evaluated=807 execution_us=52189 reason=tracking_pose_accepted
x=2.15 y=2.05007 yaw=0.0027252 score=0.980846 valid=1 mode=tracking state=TRACKING evaluated=807 execution_us=53231 reason=tracking_pose_accepted
x=2.2 y=2.05007 yaw=0.0366977 score=0.967469 valid=1 mode=tracking state=TRACKING evaluated=807 execution_us=53102 reason=tracking_pose_accepted
x=2.2 y=2.05007 yaw=0.0706701 score=0.982141 valid=1 mode=tracking state=TRACKING evaluated=807 execution_us=51454 reason=tracking_pose_accepted
x=2.25 y=2.05007 yaw=0.069736 score=0.986568 valid=1 mode=tracking state=TRACKING evaluated=807 execution_us=60185 reason=tracking_pose_accepted
x=2.3 y=2.05007 yaw=0.0513485 score=0.979709 valid=1 mode=tracking state=TRACKING evaluated=807 execution_us=56455 reason=tracking_pose_accepted
x=2.3 y=2.05007 yaw=0.0329611 score=0.987867 valid=1 mode=tracking state=TRACKING evaluated=807 execution_us=57122 reason=tracking_pose_accepted
x=2.35 y=2.05007 yaw=0.0145736 score=0.978498 valid=1 mode=tracking state=TRACKING evaluated=807 execution_us=56644 reason=tracking_pose_accepted
x=2.35 y=2.05007 yaw=0.0136395 score=0.99401 valid=1 mode=tracking state=TRACKING evaluated=807 execution_us=57104 reason=tracking_pose_accepted
x=2.4 y=2.05007 yaw=0.0301586 score=0.992533 valid=1 mode=tracking state=TRACKING evaluated=807 execution_us=58504 reason=tracking_pose_accepted
x=2.45 y=2.05007 yaw=0.0292245 score=0.978498 valid=1 mode=tracking state=TRACKING evaluated=807 execution_us=54029 reason=tracking_pose_accepted
x=2.45 y=2.05007 yaw=0.0282903 score=0.996007 valid=1 mode=tracking state=TRACKING evaluated=807 execution_us=54181 reason=tracking_pose_accepted
x=2.5 y=2.05007 yaw=0.00990289 score=0.979779 valid=1 mode=tracking state=TRACKING evaluated=807 execution_us=54738 reason=tracking_pose_accepted
x=2.55 y=2.05007 yaw=-0.0259378 score=0.963708 valid=1 mode=tracking state=TRACKING evaluated=807 execution_us=55091 reason=tracking_pose_accepted
x=2.55 y=2.05007 yaw=-0.0617786 score=0.973027 valid=1 mode=tracking state=TRACKING evaluated=807 execution_us=54802 reason=tracking_pose_accepted
x=2.6 y=2.05007 yaw=-0.0976193 score=0.986413 valid=1 mode=tracking state=TRACKING evaluated=807 execution_us=54428 reason=tracking_pose_accepted
x=2.65 y=2.05007 yaw=-0.13346 score=0.985256 valid=1 mode=tracking state=TRACKING evaluated=807 execution_us=58432 reason=tracking_pose_accepted
x=2.7 y=2.05007 yaw=-0.169301 score=0.969048 valid=1 mode=tracking state=TRACKING evaluated=807 execution_us=59342 reason=tracking_pose_accepted
x=2.7 y=2.05007 yaw=-0.187688 score=0.994652 valid=1 mode=tracking state=TRACKING evaluated=807 execution_us=59049 reason=tracking_pose_accepted
x=2.75 y=2.05007 yaw=-0.206076 score=0.988358 valid=1 mode=tracking state=TRACKING evaluated=807 execution_us=59372 reason=tracking_pose_accepted
x=2.8 y=2.05007 yaw=-0.20701 score=0.966692 valid=1 mode=tracking state=TRACKING evaluated=807 execution_us=60325 reason=tracking_pose_accepted
x=2.79999 y=2.05007 yaw=-0.207944 score=0.988083 valid=1 mode=tracking state=TRACKING evaluated=807 execution_us=60341 reason=tracking_pose_accepted
x=2.84999 y=2.05007 yaw=-0.208878 score=0.992055 valid=1 mode=tracking state=TRACKING evaluated=807 execution_us=56911 reason=tracking_pose_accepted
x=2.89999 y=2.05007 yaw=-0.209812 score=0.984447 valid=1 mode=tracking state=TRACKING evaluated=807 execution_us=57670 reason=tracking_pose_accepted
x=2.94999 y=2.05007 yaw=-0.210747 score=0.983652 valid=1 mode=tracking state=TRACKING evaluated=807 execution_us=57626 reason=tracking_pose_accepted
x=2.99999 y=2.05007 yaw=-0.176774 score=0.977482 valid=1 mode=tracking state=TRACKING evaluated=807 execution_us=58191 reason=tracking_pose_accepted
x=2.99999 y=2.05007 yaw=-0.142802 score=0.97568 valid=1 mode=tracking state=TRACKING evaluated=807 execution_us=58750 reason=tracking_pose_accepted
x=3.04999 y=2.05007 yaw=-0.143736 score=0.991207 valid=1 mode=tracking state=TRACKING evaluated=807 execution_us=61592 reason=tracking_pose_accepted
x=3.09999 y=2.05007 yaw=-0.14467 score=0.975136 valid=1 mode=tracking state=TRACKING evaluated=807 execution_us=52216 reason=tracking_pose_accepted
x=3.09999 y=2.05007 yaw=-0.110698 score=0.983326 valid=1 mode=tracking state=TRACKING evaluated=807 execution_us=50913 reason=tracking_pose_accepted
x=3.14999 y=2.05007 yaw=-0.129085 score=0.975887 valid=1 mode=tracking state=TRACKING evaluated=807 execution_us=51006 reason=tracking_pose_accepted
x=3.14999 y=2.10007 yaw=-0.112566 score=0.961657 valid=1 mode=tracking state=TRACKING evaluated=807 execution_us=51659 reason=tracking_pose_accepted
x=3.19999 y=2.10007 yaw=-0.0960467 score=0.985987 valid=1 mode=tracking state=TRACKING evaluated=789 execution_us=50479 reason=tracking_pose_accepted
x=3.19999 y=2.10007 yaw=-0.0620743 score=0.979732 valid=1 mode=tracking state=TRACKING evaluated=789 execution_us=50640 reason=tracking_pose_accepted
x=3.24999 y=2.10007 yaw=-0.0455551 score=0.97897 valid=1 mode=tracking state=TRACKING evaluated=789 execution_us=57488 reason=tracking_pose_accepted
x=3.24999 y=2.10007 yaw=-0.029036 score=0.98328 valid=1 mode=tracking state=TRACKING evaluated=789 execution_us=58061 reason=tracking_pose_accepted
x=3.24999 y=2.05007 yaw=-0.0299702 score=0.980088 valid=1 mode=tracking state=TRACKING evaluated=789 execution_us=59696 reason=tracking_pose_accepted
x=3.24999 y=2.05007 yaw=-0.0658109 score=0.978805 valid=1 mode=tracking state=TRACKING evaluated=807 execution_us=58326 reason=tracking_pose_accepted
x=3.24999 y=2.05007 yaw=-0.101652 score=0.983873 valid=1 mode=tracking state=TRACKING evaluated=807 execution_us=59479 reason=tracking_pose_accepted
x=3.29999 y=2.05007 yaw=-0.120039 score=0.975922 valid=1 mode=tracking state=TRACKING evaluated=807 execution_us=51693 reason=tracking_pose_accepted
x=3.29999 y=2.05008 yaw=-0.120973 score=0.983804 valid=1 mode=tracking state=TRACKING evaluated=807 execution_us=53320 reason=tracking_pose_accepted
x=3.29999 y=2.05008 yaw=-0.104454 score=0.990272 valid=1 mode=tracking state=TRACKING evaluated=807 execution_us=53510 reason=tracking_pose_accepted
x=3.29999 y=2.05008 yaw=-0.0704817 score=0.987047 valid=1 mode=tracking state=TRACKING evaluated=807 execution_us=53796 reason=tracking_pose_accepted
x=3.29999 y=2.05008 yaw=-0.0714158 score=0.97948 valid=1 mode=tracking state=TRACKING evaluated=807 execution_us=53961 reason=tracking_pose_accepted
x=3.29999 y=2.05008 yaw=-0.0548967 score=0.977504 valid=1 mode=tracking state=TRACKING evaluated=807 execution_us=62398 reason=tracking_pose_accepted
x=3.34999 y=2.05008 yaw=-0.0732842 score=0.978927 valid=1 mode=tracking state=TRACKING evaluated=807 execution_us=58814 reason=tracking_pose_accepted
x=3.29999 y=2.05008 yaw=-0.0742183 score=0.97832 valid=1 mode=tracking state=TRACKING evaluated=831 execution_us=59729 reason=tracking_pose_accepted
x=3.29999 y=2.05008 yaw=-0.0576992 score=0.990322 valid=1 mode=tracking state=TRACKING evaluated=807 execution_us=59190 reason=tracking_pose_accepted
x=3.29999 y=2.05008 yaw=-0.0586334 score=0.990833 valid=1 mode=tracking state=TRACKING evaluated=807 execution_us=57642 reason=tracking_pose_accepted
x=3.29999 y=2.05008 yaw=-0.0595675 score=0.991876 valid=1 mode=tracking state=TRACKING evaluated=807 execution_us=58835 reason=tracking_pose_accepted
x=3.29999 y=2.05008 yaw=-0.0605017 score=0.98961 valid=1 mode=tracking state=TRACKING evaluated=807 execution_us=55280 reason=tracking_pose_accepted
x=3.29999 y=2.05008 yaw=-0.0614359 score=0.989084 valid=1 mode=tracking state=TRACKING evaluated=807 execution_us=55100 reason=tracking_pose_accepted
x=3.29999 y=2.05008 yaw=-0.0623701 score=0.989942 valid=1 mode=tracking state=TRACKING evaluated=807 execution_us=55740 reason=tracking_pose_accepted
x=3.29999 y=2.05008 yaw=-0.0633043 score=0.991161 valid=1 mode=tracking state=TRACKING evaluated=807 execution_us=55055 reason=tracking_pose_accepted
x=3.29999 y=2.05008 yaw=-0.0642385 score=0.985791 valid=1 mode=tracking state=TRACKING evaluated=807 execution_us=55231 reason=tracking_pose_accepted
x=3.29999 y=2.05008 yaw=-0.0651726 score=0.9856 valid=1 mode=tracking state=TRACKING evaluated=807 execution_us=56039 reason=tracking_pose_accepted
x=3.29999 y=2.05008 yaw=-0.0486535 score=0.979526 valid=1 mode=tracking state=TRACKING evaluated=807 execution_us=59024 reason=tracking_pose_accepted
x=3.29999 y=2.05008 yaw=-0.0495877 score=0.968384 valid=1 mode=tracking state=TRACKING evaluated=807 execution_us=59521 reason=tracking_pose_accepted
x=3.29999 y=2.00008 yaw=-0.0679752 score=0.970283 valid=1 mode=tracking state=TRACKING evaluated=807 execution_us=59848 reason=tracking_pose_accepted
x=3.29999 y=2.00008 yaw=-0.0689093 score=0.971661 valid=1 mode=tracking state=TRACKING evaluated=807 execution_us=59358 reason=tracking_pose_accepted
x=3.29999 y=2.05008 yaw=-0.0523902 score=0.983303 valid=1 mode=tracking state=TRACKING evaluated=807 execution_us=59703 reason=tracking_pose_accepted
x=3.29999 y=2.05008 yaw=-0.0533244 score=0.985638 valid=1 mode=tracking state=TRACKING evaluated=807 execution_us=60280 reason=tracking_pose_accepted
x=3.29999 y=2.05008 yaw=-0.0542586 score=0.980644 valid=1 mode=tracking state=TRACKING evaluated=807 execution_us=57270 reason=tracking_pose_accepted
x=3.29999 y=2.05008 yaw=-0.0551927 score=0.979936 valid=1 mode=tracking state=TRACKING evaluated=807 execution_us=57502 reason=tracking_pose_accepted
x=3.29999 y=2.05008 yaw=-0.0561269 score=0.979328 valid=1 mode=tracking state=TRACKING evaluated=807 execution_us=57156 reason=tracking_pose_accepted
x=3.29999 y=2.05008 yaw=-0.0570611 score=0.976864 valid=1 mode=tracking state=TRACKING evaluated=807 execution_us=58849 reason=tracking_pose_accepted
x=3.29999 y=2.05008 yaw=-0.0579953 score=0.982338 valid=1 mode=tracking state=TRACKING evaluated=807 execution_us=57388 reason=tracking_pose_accepted
x=3.29999 y=2.05008 yaw=-0.0589295 score=0.982216 valid=1 mode=tracking state=TRACKING evaluated=807 execution_us=64203 reason=tracking_pose_accepted
x=3.29999 y=2.05008 yaw=-0.0598637 score=0.982565 valid=1 mode=tracking state=TRACKING evaluated=807 execution_us=51339 reason=tracking_pose_accepted
x=3.29999 y=2.05008 yaw=-0.0607978 score=0.976982 valid=1 mode=tracking state=TRACKING evaluated=807 execution_us=51965 reason=tracking_pose_accepted
x=3.29999 y=2.00008 yaw=-0.061732 score=0.965344 valid=1 mode=tracking state=TRACKING evaluated=807 execution_us=51139 reason=tracking_pose_accepted
x=3.29999 y=2.00008 yaw=-0.0626662 score=0.975922 valid=1 mode=tracking state=TRACKING evaluated=807 execution_us=51721 reason=tracking_pose_accepted
x=3.29999 y=2.00008 yaw=-0.0636004 score=0.969904 valid=1 mode=tracking state=TRACKING evaluated=807 execution_us=52541 reason=tracking_pose_accepted
x=3.29999 y=2.05008 yaw=-0.0470813 score=0.982824 valid=1 mode=tracking state=TRACKING evaluated=807 execution_us=58492 reason=tracking_pose_accepted
x=3.29999 y=2.05008 yaw=-0.0480154 score=0.979632 valid=1 mode=tracking state=TRACKING evaluated=807 execution_us=58967 reason=tracking_pose_accepted
x=3.29999 y=2.05008 yaw=-0.0489496 score=0.975503 valid=1 mode=tracking state=TRACKING evaluated=807 execution_us=58785 reason=tracking_pose_accepted
x=3.29999 y=2.05008 yaw=-0.0673371 score=0.974398 valid=1 mode=tracking state=TRACKING evaluated=807 execution_us=59292 reason=tracking_pose_accepted
x=3.29999 y=2.05008 yaw=-0.0508179 score=0.97872 valid=1 mode=tracking state=TRACKING evaluated=807 execution_us=59449 reason=tracking_pose_accepted
x=3.29999 y=2.05008 yaw=-0.0517521 score=0.984416 valid=1 mode=tracking state=TRACKING evaluated=807 execution_us=58743 reason=tracking_pose_accepted
x=3.29999 y=2.05008 yaw=-0.0526863 score=0.9848 valid=1 mode=tracking state=TRACKING evaluated=807 execution_us=52374 reason=tracking_pose_accepted
x=3.29999 y=2.05008 yaw=-0.0536205 score=0.983084 valid=1 mode=tracking state=TRACKING evaluated=807 execution_us=52423 reason=tracking_pose_accepted
x=3.29999 y=2.05008 yaw=-0.0545547 score=0.977293 valid=1 mode=tracking state=TRACKING evaluated=807 execution_us=52648 reason=tracking_pose_accepted
x=3.29999 y=2.05008 yaw=-0.0554889 score=0.98252 valid=1 mode=tracking state=TRACKING evaluated=807 execution_us=53562 reason=tracking_pose_accepted
x=3.29998 y=2.05008 yaw=-0.056423 score=0.976923 valid=1 mode=tracking state=TRACKING evaluated=807 execution_us=53368 reason=tracking_pose_accepted
x=3.29998 y=2.05009 yaw=-0.0573572 score=0.982655 valid=1 mode=tracking state=TRACKING evaluated=807 execution_us=59698 reason=tracking_pose_accepted
x=3.29998 y=2.05009 yaw=-0.0582914 score=0.984641 valid=1 mode=tracking state=TRACKING evaluated=807 execution_us=59834 reason=tracking_pose_accepted
x=3.29998 y=2.05009 yaw=-0.0592256 score=0.985408 valid=1 mode=tracking state=TRACKING evaluated=807 execution_us=58136 reason=tracking_pose_accepted
x=3.29998 y=2.05009 yaw=-0.0601598 score=0.983475 valid=1 mode=tracking state=TRACKING evaluated=807 execution_us=58095 reason=tracking_pose_accepted
x=3.29998 y=2.05009 yaw=-0.061094 score=0.985408 valid=1 mode=tracking state=TRACKING evaluated=807 execution_us=58203 reason=tracking_pose_accepted
x=3.29998 y=2.05009 yaw=-0.0620281 score=0.977352 valid=1 mode=tracking state=TRACKING evaluated=807 execution_us=57773 reason=tracking_pose_accepted
x=3.29998 y=2.05009 yaw=-0.0629623 score=0.979779 valid=1 mode=tracking state=TRACKING evaluated=807 execution_us=54865 reason=tracking_pose_accepted
x=3.29998 y=2.05009 yaw=-0.0464432 score=0.985181 valid=1 mode=tracking state=TRACKING evaluated=807 execution_us=55051 reason=tracking_pose_accepted
x=3.29998 y=2.05009 yaw=-0.0473774 score=0.982824 valid=1 mode=tracking state=TRACKING evaluated=807 execution_us=55017 reason=tracking_pose_accepted
x=3.29998 y=2.05009 yaw=-0.0483116 score=0.982565 valid=1 mode=tracking state=TRACKING evaluated=807 execution_us=55623 reason=tracking_pose_accepted
x=3.29998 y=2.05009 yaw=-0.0492457 score=0.977771 valid=1 mode=tracking state=TRACKING evaluated=807 execution_us=55235 reason=tracking_pose_accepted
x=3.29998 y=2.05009 yaw=-0.0501799 score=0.980544 valid=1 mode=tracking state=TRACKING evaluated=807 execution_us=55521 reason=tracking_pose_accepted
x=3.29998 y=2.05009 yaw=-0.0511141 score=0.984456 valid=1 mode=tracking state=TRACKING evaluated=807 execution_us=59634 reason=tracking_pose_accepted
x=3.29998 y=2.05009 yaw=-0.0520483 score=0.982824 valid=1 mode=tracking state=TRACKING evaluated=807 execution_us=59827 reason=tracking_pose_accepted
x=3.29998 y=2.05009 yaw=-0.0529825 score=0.983652 valid=1 mode=tracking state=TRACKING evaluated=807 execution_us=59926 reason=tracking_pose_accepted
x=3.29998 y=2.05009 yaw=-0.0539167 score=0.977846 valid=1 mode=tracking state=TRACKING evaluated=807 execution_us=59678 reason=tracking_pose_accepted
x=3.29998 y=2.05009 yaw=-0.0548508 score=0.98261 valid=1 mode=tracking state=TRACKING evaluated=807 execution_us=60140 reason=tracking_pose_accepted
x=3.29998 y=2.05009 yaw=-0.055785 score=0.985104 valid=1 mode=tracking state=TRACKING evaluated=807 execution_us=60660 reason=tracking_pose_accepted
x=3.29998 y=2.05009 yaw=-0.0567192 score=0.980138 valid=1 mode=tracking state=TRACKING evaluated=807 execution_us=56042 reason=tracking_pose_accepted
x=3.29998 y=2.05009 yaw=-0.0576534 score=0.984839 valid=1 mode=tracking state=TRACKING evaluated=807 execution_us=56761 reason=tracking_pose_accepted
x=3.29998 y=2.05009 yaw=-0.0585876 score=0.983084 valid=1 mode=tracking state=TRACKING evaluated=807 execution_us=57163 reason=tracking_pose_accepted
x=3.29998 y=2.05009 yaw=-0.0595218 score=0.978151 valid=1 mode=tracking state=TRACKING evaluated=807 execution_us=56779 reason=tracking_pose_accepted
x=3.29998 y=2.05009 yaw=-0.0604559 score=0.980594 valid=1 mode=tracking state=TRACKING evaluated=807 execution_us=57463 reason=tracking_pose_accepted
x=3.29998 y=2.05009 yaw=-0.0613901 score=0.985066 valid=1 mode=tracking state=TRACKING evaluated=807 execution_us=57153 reason=tracking_pose_accepted
x=3.29998 y=2.05009 yaw=-0.0623243 score=0.979685 valid=1 mode=tracking state=TRACKING evaluated=807 execution_us=61563 reason=tracking_pose_accepted
x=3.29998 y=2.05009 yaw=-0.0632585 score=0.979078 valid=1 mode=tracking state=TRACKING evaluated=807 execution_us=61985 reason=tracking_pose_accepted
x=3.29998 y=2.05009 yaw=-0.0641927 score=0.980848 valid=1 mode=tracking state=TRACKING evaluated=807 execution_us=50658 reason=tracking_pose_accepted
x=3.29998 y=2.05009 yaw=-0.0476736 score=0.97796 valid=1 mode=tracking state=TRACKING evaluated=807 execution_us=51149 reason=tracking_pose_accepted
x=3.29998 y=2.05009 yaw=-0.0486077 score=0.980342 valid=1 mode=tracking state=TRACKING evaluated=807 execution_us=51600 reason=tracking_pose_accepted
x=3.29998 y=2.05009 yaw=-0.0495419 score=0.980544 valid=1 mode=tracking state=TRACKING evaluated=807 execution_us=51440 reason=tracking_pose_accepted
x=3.29998 y=2.05009 yaw=-0.0504761 score=0.980039 valid=1 mode=tracking state=TRACKING evaluated=807 execution_us=58338 reason=tracking_pose_accepted
x=3.29998 y=2.05009 yaw=-0.0514103 score=0.980189 valid=1 mode=tracking state=TRACKING evaluated=807 execution_us=58609 reason=tracking_pose_accepted
x=3.29998 y=2.05009 yaw=-0.0523445 score=0.982912 valid=1 mode=tracking state=TRACKING evaluated=807 execution_us=58806 reason=tracking_pose_accepted
x=3.29998 y=2.05009 yaw=-0.0532787 score=0.97796 valid=1 mode=tracking state=TRACKING evaluated=807 execution_us=59531 reason=tracking_pose_accepted
x=3.29998 y=2.05009 yaw=-0.0542128 score=0.977411 valid=1 mode=tracking state=TRACKING evaluated=807 execution_us=59285 reason=tracking_pose_accepted
x=3.29998 y=2.05009 yaw=-0.055147 score=0.979579 valid=1 mode=tracking state=TRACKING evaluated=807 execution_us=65900 reason=tracking_pose_accepted
x=3.29998 y=2.05009 yaw=-0.0560812 score=0.982262 valid=1 mode=tracking state=TRACKING evaluated=807 execution_us=53119 reason=tracking_pose_accepted
x=3.29998 y=2.05009 yaw=-0.0570154 score=0.980799 valid=1 mode=tracking state=TRACKING evaluated=807 execution_us=52183 reason=tracking_pose_accepted
x=3.29998 y=2.05009 yaw=-0.0579496 score=0.977714 valid=1 mode=tracking state=TRACKING evaluated=807 execution_us=52636 reason=tracking_pose_accepted
x=3.29998 y=2.05009 yaw=-0.0588838 score=0.977903 valid=1 mode=tracking state=TRACKING evaluated=807 execution_us=52911 reason=tracking_pose_accepted
x=3.29998 y=2.05009 yaw=-0.0598179 score=0.98261 valid=1 mode=tracking state=TRACKING evaluated=807 execution_us=53200 reason=tracking_pose_accepted
x=3.29998 y=2.05009 yaw=-0.0607521 score=0.982216 valid=1 mode=tracking state=TRACKING evaluated=807 execution_us=60057 reason=tracking_pose_accepted
x=3.29998 y=2.0501 yaw=-0.0616863 score=0.980189 valid=1 mode=tracking state=TRACKING evaluated=807 execution_us=57169 reason=tracking_pose_accepted
x=3.29998 y=2.0501 yaw=-0.0451672 score=0.979381 valid=1 mode=tracking state=TRACKING evaluated=807 execution_us=57227 reason=tracking_pose_accepted
x=3.29998 y=2.0501 yaw=-0.0461013 score=0.980189 valid=1 mode=tracking state=TRACKING evaluated=807 execution_us=57744 reason=tracking_pose_accepted
x=3.29998 y=2.0501 yaw=-0.0470355 score=0.979936 valid=1 mode=tracking state=TRACKING evaluated=807 execution_us=57340 reason=tracking_pose_accepted
x=3.29998 y=2.0501 yaw=-0.065423 score=0.977526 valid=1 mode=tracking state=TRACKING evaluated=807 execution_us=58140 reason=tracking_pose_accepted
x=3.29998 y=2.0501 yaw=-0.0489039 score=0.982124 valid=1 mode=tracking state=TRACKING evaluated=807 execution_us=54883 reason=tracking_pose_accepted
x=3.29998 y=2.0501 yaw=-0.049838 score=0.980594 valid=1 mode=tracking state=TRACKING evaluated=807 execution_us=54162 reason=tracking_pose_accepted
x=3.29998 y=2.0501 yaw=-0.0507722 score=0.980189 valid=1 mode=tracking state=TRACKING evaluated=807 execution_us=54427 reason=tracking_pose_accepted
x=3.29998 y=2.0501 yaw=-0.0517064 score=0.980544 valid=1 mode=tracking state=TRACKING evaluated=807 execution_us=55089 reason=tracking_pose_accepted
x=3.29998 y=2.0501 yaw=-0.0526406 score=0.980544 valid=1 mode=tracking state=TRACKING evaluated=807 execution_us=54999 reason=tracking_pose_accepted
x=3.29998 y=2.0501 yaw=-0.0535748 score=0.982956 valid=1 mode=tracking state=TRACKING evaluated=807 execution_us=59727 reason=tracking_pose_accepted
x=3.29997 y=2.0501 yaw=-0.0545089 score=0.979936 valid=1 mode=tracking state=TRACKING evaluated=807 execution_us=59072 reason=tracking_pose_accepted
x=3.29997 y=2.0501 yaw=-0.0554431 score=0.982475 valid=1 mode=tracking state=TRACKING evaluated=807 execution_us=59147 reason=tracking_pose_accepted
x=3.29997 y=2.0501 yaw=-0.0563773 score=0.983128 valid=1 mode=tracking state=TRACKING evaluated=807 execution_us=59653 reason=tracking_pose_accepted
x=3.29997 y=2.0501 yaw=-0.0573115 score=0.977656 valid=1 mode=tracking state=TRACKING evaluated=807 execution_us=59138 reason=tracking_pose_accepted
x=3.29997 y=2.0501 yaw=-0.0582457 score=0.98252 valid=1 mode=tracking state=TRACKING evaluated=807 execution_us=59682 reason=tracking_pose_accepted
x=3.29997 y=2.0501 yaw=-0.0591799 score=0.979632 valid=1 mode=tracking state=TRACKING evaluated=807 execution_us=56557 reason=tracking_pose_accepted
x=3.29997 y=2.0501 yaw=-0.0601141 score=0.979936 valid=1 mode=tracking state=TRACKING evaluated=807 execution_us=56125 reason=tracking_pose_accepted
x=3.29997 y=2.0501 yaw=-0.0610482 score=0.984761 valid=1 mode=tracking state=TRACKING evaluated=807 execution_us=56613 reason=tracking_pose_accepted
x=3.29997 y=2.0501 yaw=-0.0619824 score=0.975136 valid=1 mode=tracking state=TRACKING evaluated=807 execution_us=56721 reason=tracking_pose_accepted
x=3.29997 y=2.0501 yaw=-0.0629166 score=0.979988 valid=1 mode=tracking state=TRACKING evaluated=807 execution_us=57173 reason=tracking_pose_accepted
x=3.29997 y=2.0501 yaw=-0.0463975 score=0.980291 valid=1 mode=tracking state=TRACKING evaluated=807 execution_us=58339 reason=tracking_pose_accepted
x=3.29997 y=2.0501 yaw=-0.0473316 score=0.979936 valid=1 mode=tracking state=TRACKING evaluated=807 execution_us=60583 reason=tracking_pose_accepted
x=3.29997 y=2.0501 yaw=-0.0482658 score=0.982565 valid=1 mode=tracking state=TRACKING evaluated=807 execution_us=60291 reason=tracking_pose_accepted
x=3.29997 y=2.0501 yaw=-0.0492 score=0.979381 valid=1 mode=tracking state=TRACKING evaluated=807 execution_us=61617 reason=tracking_pose_accepted
x=3.29997 y=2.0501 yaw=-0.0501342 score=0.979936 valid=1 mode=tracking state=TRACKING evaluated=807 execution_us=60855 reason=tracking_pose_accepted
x=3.29997 y=2.0501 yaw=-0.0510684 score=0.980291 valid=1 mode=tracking state=TRACKING evaluated=807 execution_us=61265 reason=tracking_pose_accepted
x=3.29997 y=2.0501 yaw=-0.0520026 score=0.980342 valid=1 mode=tracking state=TRACKING evaluated=807 execution_us=51408 reason=tracking_pose_accepted
x=3.29997 y=2.0501 yaw=-0.0529367 score=0.983084 valid=1 mode=tracking state=TRACKING evaluated=807 execution_us=57684 reason=tracking_pose_accepted
x=3.29997 y=2.0501 yaw=-0.0538709 score=0.982655 valid=1 mode=tracking state=TRACKING evaluated=807 execution_us=58763 reason=tracking_pose_accepted
x=3.29997 y=2.0501 yaw=-0.0548051 score=0.983084 valid=1 mode=tracking state=TRACKING evaluated=807 execution_us=58075 reason=tracking_pose_accepted
x=3.29997 y=2.0501 yaw=-0.0557393 score=0.98278 valid=1 mode=tracking state=TRACKING evaluated=807 execution_us=58028 reason=tracking_pose_accepted
x=3.29997 y=2.0501 yaw=-0.0566735 score=0.983128 valid=1 mode=tracking state=TRACKING evaluated=807 execution_us=58712 reason=tracking_pose_accepted
x=3.29997 y=2.0501 yaw=-0.0576077 score=0.979832 valid=1 mode=tracking state=TRACKING evaluated=807 execution_us=50755 reason=tracking_pose_accepted
x=3.29997 y=2.0501 yaw=-0.0585419 score=0.98217 valid=1 mode=tracking state=TRACKING evaluated=807 execution_us=51853 reason=tracking_pose_accepted
x=3.29997 y=2.0501 yaw=-0.059476 score=0.979832 valid=1 mode=tracking state=TRACKING evaluated=807 execution_us=51965 reason=tracking_pose_accepted
x=3.29997 y=2.0501 yaw=-0.0604102 score=0.981656 valid=1 mode=tracking state=TRACKING evaluated=807 execution_us=52112 reason=tracking_pose_accepted
x=3.29997 y=2.0501 yaw=-0.0613444 score=0.979737 valid=1 mode=tracking state=TRACKING evaluated=807 execution_us=52805 reason=tracking_pose_accepted
x=3.29997 y=2.0501 yaw=-0.0622786 score=0.984721 valid=1 mode=tracking state=TRACKING evaluated=807 execution_us=51726 reason=tracking_pose_accepted
x=3.29997 y=2.0501 yaw=-0.0632128 score=0.980799 valid=1 mode=tracking state=TRACKING evaluated=807 execution_us=58988 reason=tracking_pose_accepted
x=3.29997 y=2.0501 yaw=-0.0466937 score=0.981912 valid=1 mode=tracking state=TRACKING evaluated=807 execution_us=59902 reason=tracking_pose_accepted
x=3.29997 y=2.0501 yaw=-0.0476278 score=0.979988 valid=1 mode=tracking state=TRACKING evaluated=807 execution_us=69296 reason=tracking_pose_accepted
x=3.29997 y=2.05011 yaw=-0.048562 score=0.979841 valid=1 mode=tracking state=TRACKING evaluated=807 execution_us=60553 reason=tracking_pose_accepted
x=3.29997 y=2.05011 yaw=-0.0494962 score=0.985181 valid=1 mode=tracking state=TRACKING evaluated=807 execution_us=59016 reason=tracking_pose_accepted
x=3.29997 y=2.05011 yaw=-0.0504304 score=0.982565 valid=1 mode=tracking state=TRACKING evaluated=807 execution_us=62565 reason=tracking_pose_accepted
x=3.29997 y=2.05011 yaw=-0.0513646 score=0.982353 valid=1 mode=tracking state=TRACKING evaluated=807 execution_us=54456 reason=tracking_pose_accepted
x=3.29997 y=2.05011 yaw=-0.0522987 score=0.982353 valid=1 mode=tracking state=TRACKING evaluated=807 execution_us=54407 reason=tracking_pose_accepted
x=3.29997 y=2.05011 yaw=-0.0532329 score=0.979884 valid=1 mode=tracking state=TRACKING evaluated=807 execution_us=54422 reason=tracking_pose_accepted
x=3.29997 y=2.05011 yaw=-0.0541671 score=0.982868 valid=1 mode=tracking state=TRACKING evaluated=807 execution_us=55077 reason=tracking_pose_accepted
x=3.29997 y=2.05011 yaw=-0.0551013 score=0.980392 valid=1 mode=tracking state=TRACKING evaluated=807 execution_us=54820 reason=tracking_pose_accepted
x=3.29997 y=2.05011 yaw=-0.0560355 score=0.977166 valid=1 mode=tracking state=TRACKING evaluated=807 execution_us=58481 reason=tracking_pose_accepted
x=3.29996 y=2.05011 yaw=-0.0569697 score=0.98269 valid=1 mode=tracking state=TRACKING evaluated=807 execution_us=58823 reason=tracking_pose_accepted
x=3.29996 y=2.05011 yaw=-0.0579039 score=0.983128 valid=1 mode=tracking state=TRACKING evaluated=807 execution_us=58486 reason=tracking_pose_accepted
x=3.29996 y=2.05011 yaw=-0.058838 score=0.977469 valid=1 mode=tracking state=TRACKING evaluated=807 execution_us=58942 reason=tracking_pose_accepted
x=3.29996 y=2.05011 yaw=-0.0597722 score=0.98278 valid=1 mode=tracking state=TRACKING evaluated=807 execution_us=58777 reason=tracking_pose_accepted
x=3.29996 y=2.05011 yaw=-0.0607064 score=0.984536 valid=1 mode=tracking state=TRACKING evaluated=807 execution_us=59477 reason=tracking_pose_accepted
x=3.29996 y=2.05011 yaw=-0.0616406 score=0.980039 valid=1 mode=tracking state=TRACKING evaluated=807 execution_us=56222 reason=tracking_pose_accepted
x=3.29996 y=2.05011 yaw=-0.0451215 score=0.985408 valid=1 mode=tracking state=TRACKING evaluated=807 execution_us=56506 reason=tracking_pose_accepted
x=3.29996 y=2.05011 yaw=-0.0460556 score=0.979789 valid=1 mode=tracking state=TRACKING evaluated=807 execution_us=56336 reason=tracking_pose_accepted
x=3.29996 y=2.05011 yaw=-0.0469898 score=0.984496 valid=1 mode=tracking state=TRACKING evaluated=807 execution_us=56795 reason=tracking_pose_accepted
x=3.29996 y=2.05011 yaw=-0.047924 score=0.979434 valid=1 mode=tracking state=TRACKING evaluated=807 execution_us=56434 reason=tracking_pose_accepted
x=3.29996 y=2.05011 yaw=-0.0488582 score=0.985027 valid=1 mode=tracking state=TRACKING evaluated=807 execution_us=55889 reason=tracking_pose_accepted
x=3.29996 y=2.05011 yaw=-0.0497924 score=0.979737 valid=1 mode=tracking state=TRACKING evaluated=807 execution_us=60448 reason=tracking_pose_accepted
x=3.29996 y=2.05011 yaw=-0.0507265 score=0.98024 valid=1 mode=tracking state=TRACKING evaluated=807 execution_us=60510 reason=tracking_pose_accepted
x=3.29996 y=2.05011 yaw=-0.0516607 score=0.982956 valid=1 mode=tracking state=TRACKING evaluated=807 execution_us=61925 reason=tracking_pose_accepted
x=3.29996 y=2.05011 yaw=-0.0525949 score=0.979526 valid=1 mode=tracking state=TRACKING evaluated=807 execution_us=60063 reason=tracking_pose_accepted
x=3.29996 y=2.05011 yaw=-0.0535291 score=0.982868 valid=1 mode=tracking state=TRACKING evaluated=807 execution_us=60693 reason=tracking_pose_accepted
x=3.29996 y=2.05011 yaw=-0.0544633 score=0.982051 valid=1 mode=tracking state=TRACKING evaluated=807 execution_us=61868 reason=tracking_pose_accepted
x=3.29996 y=2.05011 yaw=-0.0553975 score=0.982565 valid=1 mode=tracking state=TRACKING evaluated=807 execution_us=57208 reason=tracking_pose_accepted
x=3.29996 y=2.05011 yaw=-0.0563317 score=0.98252 valid=1 mode=tracking state=TRACKING evaluated=807 execution_us=57096 reason=tracking_pose_accepted
x=3.29996 y=2.05011 yaw=-0.0572658 score=0.982475 valid=1 mode=tracking state=TRACKING evaluated=807 execution_us=57638 reason=tracking_pose_accepted
x=3.29996 y=2.05011 yaw=-0.0582 score=0.982868 valid=1 mode=tracking state=TRACKING evaluated=807 execution_us=57476 reason=tracking_pose_accepted
x=3.29996 y=2.05011 yaw=-0.0591342 score=0.977107 valid=1 mode=tracking state=TRACKING evaluated=807 execution_us=57618 reason=tracking_pose_accepted
x=3.29996 y=2.05011 yaw=-0.0600684 score=0.985104 valid=1 mode=tracking state=TRACKING evaluated=807 execution_us=60789 reason=tracking_pose_accepted
x=3.29996 y=2.05011 yaw=-0.0610026 score=0.979579 valid=1 mode=tracking state=TRACKING evaluated=807 execution_us=50908 reason=tracking_pose_accepted
x=3.29996 y=2.05011 yaw=-0.0619368 score=0.979832 valid=1 mode=tracking state=TRACKING evaluated=807 execution_us=51953 reason=tracking_pose_accepted
x=3.29996 y=2.05011 yaw=-0.0628709 score=0.982262 valid=1 mode=tracking state=TRACKING evaluated=807 execution_us=51717 reason=tracking_pose_accepted
x=3.29996 y=2.05011 yaw=-0.0638051 score=0.980291 valid=1 mode=tracking state=TRACKING evaluated=807 execution_us=51717 reason=tracking_pose_accepted
x=3.29996 y=2.05011 yaw=-0.047286 score=0.984761 valid=1 mode=tracking state=TRACKING evaluated=807 execution_us=52444 reason=tracking_pose_accepted
x=3.29996 y=2.05011 yaw=-0.0482202 score=0.979789 valid=1 mode=tracking state=TRACKING evaluated=807 execution_us=59325 reason=tracking_pose_accepted
x=3.29996 y=2.05011 yaw=-0.0491544 score=0.980138 valid=1 mode=tracking state=TRACKING evaluated=807 execution_us=58909 reason=tracking_pose_accepted
x=3.29996 y=2.05011 yaw=-0.0500885 score=0.980189 valid=1 mode=tracking state=TRACKING evaluated=807 execution_us=59755 reason=tracking_pose_accepted
x=3.29996 y=2.05011 yaw=-0.0510227 score=0.980141 valid=1 mode=tracking state=TRACKING evaluated=807 execution_us=60091 reason=tracking_pose_accepted
x=3.29996 y=2.05011 yaw=-0.0519569 score=0.980291 valid=1 mode=tracking state=TRACKING evaluated=807 execution_us=60567 reason=tracking_pose_accepted
x=3.29996 y=2.05012 yaw=-0.0528911 score=0.979789 valid=1 mode=tracking state=TRACKING evaluated=807 execution_us=60067 reason=tracking_pose_accepted
x=3.29996 y=2.05012 yaw=-0.0538253 score=0.986249 valid=1 mode=tracking state=TRACKING evaluated=807 execution_us=52653 reason=tracking_pose_accepted
x=3.29996 y=2.05012 yaw=-0.0547595 score=0.979434 valid=1 mode=tracking state=TRACKING evaluated=807 execution_us=54294 reason=tracking_pose_accepted
x=3.29996 y=2.05012 yaw=-0.0556937 score=0.98009 valid=1 mode=tracking state=TRACKING evaluated=807 execution_us=53816 reason=tracking_pose_accepted
x=3.29996 y=2.05012 yaw=-0.0566278 score=0.982124 valid=1 mode=tracking state=TRACKING evaluated=807 execution_us=53420 reason=tracking_pose_accepted
x=3.29996 y=2.05012 yaw=-0.057562 score=0.982262 valid=1 mode=tracking state=TRACKING evaluated=807 execution_us=54657 reason=tracking_pose_accepted
x=3.29995 y=2.05012 yaw=-0.0584962 score=0.982262 valid=1 mode=tracking state=TRACKING evaluated=807 execution_us=58404 reason=tracking_pose_accepted
x=3.29995 y=2.05012 yaw=-0.0594304 score=0.976744 valid=1 mode=tracking state=TRACKING evaluated=807 execution_us=57349 reason=tracking_pose_accepted
x=3.29995 y=2.05012 yaw=-0.0603646 score=0.985027 valid=1 mode=tracking state=TRACKING evaluated=807 execution_us=57772 reason=tracking_pose_accepted
x=3.29995 y=2.05012 yaw=-0.0612988 score=0.981912 valid=1 mode=tracking state=TRACKING evaluated=807 execution_us=58313 reason=tracking_pose_accepted
x=3.29995 y=2.05012 yaw=-0.0622329 score=0.980694 valid=1 mode=tracking state=TRACKING evaluated=807 execution_us=59485 reason=tracking_pose_accepted
x=3.29995 y=2.05012 yaw=-0.0631671 score=0.97796 valid=1 mode=tracking state=TRACKING evaluated=807 execution_us=58599 reason=tracking_pose_accepted
x=3.29995 y=2.05012 yaw=-0.0641013 score=0.985143 valid=1 mode=tracking state=TRACKING evaluated=807 execution_us=55303 reason=tracking_pose_accepted
x=3.29995 y=2.05012 yaw=-0.0475822 score=0.948796 valid=1 mode=tracking state=TRACKING evaluated=807 execution_us=55555 reason=tracking_pose_accepted
x=3.29995 y=2.05012 yaw=-0.0485164 score=0.941329 valid=1 mode=tracking state=TRACKING evaluated=807 execution_us=55366 reason=tracking_pose_accepted
x=3.29995 y=2.05012 yaw=-0.0494505 score=0.941176 valid=1 mode=tracking state=TRACKING evaluated=807 execution_us=55289 reason=tracking_pose_accepted
x=3.29995 y=2.05012 yaw=-0.0503847 score=0.943163 valid=1 mode=tracking state=TRACKING evaluated=807 execution_us=55962 reason=tracking_pose_accepted
x=3.29995 y=2.05012 yaw=-0.0513189 score=0.941176 valid=1 mode=tracking state=TRACKING evaluated=807 execution_us=55242 reason=tracking_pose_accepted
x=3.29995 y=2.05012 yaw=-0.0522531 score=0.938273 valid=1 mode=tracking state=TRACKING evaluated=807 execution_us=59640 reason=tracking_pose_accepted
x=3.29995 y=2.05012 yaw=-0.0531873 score=0.943152 valid=1 mode=tracking state=TRACKING evaluated=807 execution_us=91273 reason=tracking_pose_accepted
x=3.29995 y=2.05012 yaw=-0.0541214 score=0.945619 valid=1 mode=tracking state=TRACKING evaluated=807 execution_us=57707 reason=tracking_pose_accepted
x=3.29995 y=2.05012 yaw=-0.0550556 score=0.945006 valid=1 mode=tracking state=TRACKING evaluated=807 execution_us=60140 reason=tracking_pose_accepted
x=3.29995 y=2.05012 yaw=-0.0559898 score=0.943456 valid=1 mode=tracking state=TRACKING evaluated=807 execution_us=60865 reason=tracking_pose_accepted
x=3.29995 y=2.05012 yaw=-0.056924 score=0.948088 valid=1 mode=tracking state=TRACKING evaluated=807 execution_us=56526 reason=tracking_pose_accepted
x=3.29995 y=2.05012 yaw=-0.0578582 score=0.946538 valid=1 mode=tracking state=TRACKING evaluated=807 execution_us=56540 reason=tracking_pose_accepted
x=3.29995 y=2.05012 yaw=-0.0587924 score=0.949317 valid=1 mode=tracking state=TRACKING evaluated=807 execution_us=56557 reason=tracking_pose_accepted
x=3.29995 y=2.05012 yaw=-0.0597266 score=0.957149 valid=1 mode=tracking state=TRACKING evaluated=807 execution_us=57606 reason=tracking_pose_accepted
x=3.29995 y=2.05012 yaw=-0.0606607 score=0.947627 valid=1 mode=tracking state=TRACKING evaluated=807 execution_us=57001 reason=tracking_pose_accepted
x=3.29995 y=2.05012 yaw=-0.0615949 score=0.950497 valid=1 mode=tracking state=TRACKING evaluated=807 execution_us=57131 reason=tracking_pose_accepted
x=3.29995 y=2.05012 yaw=-0.0625291 score=0.947256 valid=1 mode=tracking state=TRACKING evaluated=807 execution_us=61020 reason=tracking_pose_accepted
x=3.29995 y=2.05012 yaw=-0.0634633 score=0.939062 valid=1 mode=tracking state=TRACKING evaluated=807 execution_us=50414 reason=tracking_pose_accepted
x=3.29995 y=2.05012 yaw=-0.0469442 score=0.948429 valid=1 mode=tracking state=TRACKING evaluated=807 execution_us=88758 reason=tracking_pose_accepted
x=3.29995 y=2.05012 yaw=-0.0478783 score=0.980189 valid=1 mode=tracking state=TRACKING evaluated=807 execution_us=65879 reason=tracking_pose_accepted
x=3.29995 y=2.05012 yaw=-0.0488125 score=0.982565 valid=1 mode=tracking state=TRACKING evaluated=807 execution_us=58441 reason=tracking_pose_accepted
x=3.29995 y=2.05012 yaw=-0.0497467 score=0.981912 valid=1 mode=tracking state=TRACKING evaluated=807 execution_us=58219 reason=tracking_pose_accepted
x=3.29995 y=2.05012 yaw=-0.0506809 score=0.983084 valid=1 mode=tracking state=TRACKING evaluated=807 execution_us=59075 reason=tracking_pose_accepted
x=3.29995 y=2.05012 yaw=-0.0516151 score=0.98261 valid=1 mode=tracking state=TRACKING evaluated=807 execution_us=60904 reason=tracking_pose_accepted
x=3.29995 y=2.05012 yaw=-0.0525493 score=0.985294 valid=1 mode=tracking state=TRACKING evaluated=807 execution_us=59982 reason=tracking_pose_accepted
x=3.29995 y=2.05012 yaw=-0.0534834 score=0.979579 valid=1 mode=tracking state=TRACKING evaluated=807 execution_us=58984 reason=tracking_pose_accepted
x=3.29995 y=2.05012 yaw=-0.0544176 score=0.980291 valid=1 mode=tracking state=TRACKING evaluated=807 execution_us=51831 reason=tracking_pose_accepted
x=3.29995 y=2.05012 yaw=-0.0553518 score=0.982262 valid=1 mode=tracking state=TRACKING evaluated=807 execution_us=53315 reason=tracking_pose_accepted
x=3.29995 y=2.05012 yaw=-0.056286 score=0.982262 valid=1 mode=tracking state=TRACKING evaluated=807 execution_us=53060 reason=tracking_pose_accepted
x=3.29995 y=2.05013 yaw=-0.0572202 score=0.982429 valid=1 mode=tracking state=TRACKING evaluated=807 execution_us=52751 reason=tracking_pose_accepted
x=3.29995 y=2.05013 yaw=-0.0581544 score=0.977048 valid=1 mode=tracking state=TRACKING evaluated=807 execution_us=53505 reason=tracking_pose_accepted
x=3.29995 y=2.05013 yaw=-0.0590886 score=0.985027 valid=1 mode=tracking state=TRACKING evaluated=807 execution_us=53032 reason=tracking_pose_accepted
x=3.29995 y=2.05013 yaw=-0.0600227 score=0.98024 valid=1 mode=tracking state=TRACKING evaluated=807 execution_us=60686 reason=tracking_pose_accepted
x=3.29995 y=2.05013 yaw=-0.0609569 score=0.988326 valid=1 mode=tracking state=TRACKING evaluated=807 execution_us=57902 reason=tracking_pose_accepted
x=3.29995 y=2.05013 yaw=-0.0444378 score=0.979632 valid=1 mode=tracking state=TRACKING evaluated=807 execution_us=57643 reason=tracking_pose_accepted
x=3.29995 y=2.05013 yaw=-0.045372 score=0.978073 valid=1 mode=tracking state=TRACKING evaluated=807 execution_us=58322 reason=tracking_pose_accepted
x=3.29995 y=2.05013 yaw=-0.0463061 score=0.982005 valid=1 mode=tracking state=TRACKING evaluated=807 execution_us=57761 reason=tracking_pose_accepted
x=3.29995 y=2.05013 yaw=-0.0472403 score=0.979936 valid=1 mode=tracking state=TRACKING evaluated=807 execution_us=54017 reason=tracking_pose_accepted
x=3.29995 y=2.05013 yaw=-0.0481745 score=0.979779 valid=1 mode=tracking state=TRACKING evaluated=807 execution_us=54300 reason=tracking_pose_accepted
x=3.29995 y=2.05013 yaw=-0.0491087 score=0.980291 valid=1 mode=tracking state=TRACKING evaluated=807 execution_us=54753 reason=tracking_pose_accepted
x=3.29995 y=2.05013 yaw=-0.0500429 score=0.977469 valid=1 mode=tracking state=TRACKING evaluated=807 execution_us=55347 reason=tracking_pose_accepted
x=3.29995 y=2.05013 yaw=-0.0509771 score=0.979381 valid=1 mode=tracking state=TRACKING evaluated=807 execution_us=54968 reason=tracking_pose_accepted
x=3.29995 y=2.05013 yaw=-0.0519112 score=0.980189 valid=1 mode=tracking state=TRACKING evaluated=807 execution_us=54708 reason=tracking_pose_accepted
x=3.29995 y=2.05013 yaw=-0.0528454 score=0.98252 valid=1 mode=tracking state=TRACKING evaluated=807 execution_us=59568 reason=tracking_pose_accepted
x=3.29994 y=2.05013 yaw=-0.0537796 score=0.98009 valid=1 mode=tracking state=TRACKING evaluated=807 execution_us=59472 reason=tracking_pose_accepted
x=3.29994 y=2.05013 yaw=-0.0547138 score=0.983084 valid=1 mode=tracking state=TRACKING evaluated=807 execution_us=59116 reason=tracking_pose_accepted
x=3.29994 y=2.05013 yaw=-0.055648 score=0.982384 valid=1 mode=tracking state=TRACKING evaluated=807 execution_us=59790 reason=tracking_pose_accepted
x=3.29994 y=2.05013 yaw=-0.0565822 score=0.98217 valid=1 mode=tracking state=TRACKING evaluated=807 execution_us=58948 reason=tracking_pose_accepted
x=3.29994 y=2.05013 yaw=-0.0575164 score=0.979632 valid=1 mode=tracking state=TRACKING evaluated=807 execution_us=59432 reason=tracking_pose_accepted
x=3.29994 y=2.05013 yaw=-0.0584505 score=0.979381 valid=1 mode=tracking state=TRACKING evaluated=807 execution_us=56463 reason=tracking_pose_accepted
x=3.29994 y=2.05013 yaw=-0.0593847 score=0.985066 valid=1 mode=tracking state=TRACKING evaluated=807 execution_us=55970 reason=tracking_pose_accepted
x=3.29994 y=2.05013 yaw=-0.0603189 score=0.979832 valid=1 mode=tracking state=TRACKING evaluated=807 execution_us=54607 reason=tracking_pose_accepted
x=3.29994 y=2.05013 yaw=-0.0612531 score=0.985027 valid=1 mode=tracking state=TRACKING evaluated=807 execution_us=55952 reason=tracking_pose_accepted
x=3.29994 y=2.05013 yaw=-0.0621873 score=0.984917 valid=1 mode=tracking state=TRACKING evaluated=807 execution_us=57148 reason=tracking_pose_accepted
x=3.29994 y=2.05013 yaw=-0.0456682 score=0.984761 valid=1 mode=tracking state=TRACKING evaluated=807 execution_us=59995 reason=tracking_pose_accepted
x=3.29994 y=2.05013 yaw=-0.0640556 score=0.982565 valid=1 mode=tracking state=TRACKING evaluated=807 execution_us=60529 reason=tracking_pose_accepted
x=3.29994 y=2.05013 yaw=-0.0475365 score=0.977283 valid=1 mode=tracking state=TRACKING evaluated=807 execution_us=61224 reason=tracking_pose_accepted
x=3.29994 y=2.05013 yaw=-0.0484706 score=0.977293 valid=1 mode=tracking state=TRACKING evaluated=807 execution_us=50534 reason=tracking_pose_accepted
x=3.29994 y=2.05013 yaw=-0.0494048 score=0.98261 valid=1 mode=tracking state=TRACKING evaluated=807 execution_us=61608 reason=tracking_pose_accepted
x=3.29994 y=2.05013 yaw=-0.050339 score=0.982475 valid=1 mode=tracking state=TRACKING evaluated=807 execution_us=61282 reason=tracking_pose_accepted
x=3.29994 y=2.05013 yaw=-0.0512732 score=0.979579 valid=1 mode=tracking state=TRACKING evaluated=807 execution_us=57167 reason=tracking_pose_accepted
x=3.29994 y=2.05013 yaw=-0.0522074 score=0.982216 valid=1 mode=tracking state=TRACKING evaluated=807 execution_us=57636 reason=tracking_pose_accepted
x=3.29994 y=2.05013 yaw=-0.0531415 score=0.980189 valid=1 mode=tracking state=TRACKING evaluated=807 execution_us=58328 reason=tracking_pose_accepted
x=3.29994 y=2.05013 yaw=-0.0540757 score=0.983 valid=1 mode=tracking state=TRACKING evaluated=807 execution_us=58378 reason=tracking_pose_accepted
x=3.29994 y=2.05013 yaw=-0.0550099 score=0.980544 valid=1 mode=tracking state=TRACKING evaluated=807 execution_us=58344 reason=tracking_pose_accepted
x=3.29994 y=2.05013 yaw=-0.0559441 score=0.98252 valid=1 mode=tracking state=TRACKING evaluated=807 execution_us=59025 reason=tracking_pose_accepted
x=3.29994 y=2.05013 yaw=-0.0568783 score=0.977411 valid=1 mode=tracking state=TRACKING evaluated=807 execution_us=52016 reason=tracking_pose_accepted
x=3.29994 y=2.05013 yaw=-0.0578125 score=0.982475 valid=1 mode=tracking state=TRACKING evaluated=807 execution_us=51912 reason=tracking_pose_accepted
x=3.29994 y=2.05013 yaw=-0.0587467 score=0.979632 valid=1 mode=tracking state=TRACKING evaluated=807 execution_us=52637 reason=tracking_pose_accepted
x=3.29994 y=2.05013 yaw=-0.0596808 score=0.984761 valid=1 mode=tracking state=TRACKING evaluated=807 execution_us=52277 reason=tracking_pose_accepted
x=3.29994 y=2.05013 yaw=-0.060615 score=0.982475 valid=1 mode=tracking state=TRACKING evaluated=807 execution_us=52996 reason=tracking_pose_accepted
x=3.29994 y=2.05014 yaw=-0.0615492 score=0.984721 valid=1 mode=tracking state=TRACKING evaluated=807 execution_us=60404 reason=tracking_pose_accepted
x=3.29994 y=2.05014 yaw=-0.0624834 score=0.981561 valid=1 mode=tracking state=TRACKING evaluated=807 execution_us=59380 reason=tracking_pose_accepted
x=3.29994 y=2.05014 yaw=-0.0634176 score=0.985408 valid=1 mode=tracking state=TRACKING evaluated=807 execution_us=60455 reason=tracking_pose_accepted
x=3.29994 y=2.05014 yaw=-0.0468985 score=0.980544 valid=1 mode=tracking state=TRACKING evaluated=807 execution_us=59984 reason=tracking_pose_accepted
x=3.29994 y=2.05014 yaw=-0.0478326 score=0.979737 valid=1 mode=tracking state=TRACKING evaluated=807 execution_us=60562 reason=tracking_pose_accepted
x=3.29994 y=2.05014 yaw=-0.0487668 score=0.980291 valid=1 mode=tracking state=TRACKING evaluated=807 execution_us=60535 reason=tracking_pose_accepted
x=3.29994 y=2.05014 yaw=-0.049701 score=0.980291 valid=1 mode=tracking state=TRACKING evaluated=807 execution_us=52361 reason=tracking_pose_accepted
x=3.29994 y=2.05014 yaw=-0.0506352 score=0.98217 valid=1 mode=tracking state=TRACKING evaluated=807 execution_us=54376 reason=tracking_pose_accepted
x=3.29994 y=2.05014 yaw=-0.0515694 score=0.98261 valid=1 mode=tracking state=TRACKING evaluated=807 execution_us=53994 reason=tracking_pose_accepted
x=3.29994 y=2.05014 yaw=-0.0525035 score=0.979779 valid=1 mode=tracking state=TRACKING evaluated=807 execution_us=53740 reason=tracking_pose_accepted
x=3.29994 y=2.05014 yaw=-0.0534377 score=0.981408 valid=1 mode=tracking state=TRACKING evaluated=807 execution_us=54666 reason=tracking_pose_accepted
x=3.29993 y=2.05014 yaw=-0.0543719 score=0.980342 valid=1 mode=tracking state=TRACKING evaluated=807 execution_us=54595 reason=tracking_pose_accepted
x=3.29993 y=2.05014 yaw=-0.0553061 score=0.982262 valid=1 mode=tracking state=TRACKING evaluated=807 execution_us=57810 reason=tracking_pose_accepted
x=3.29993 y=2.05014 yaw=-0.0562403 score=0.982124 valid=1 mode=tracking state=TRACKING evaluated=807 execution_us=58378 reason=tracking_pose_accepted
x=3.29993 y=2.05014 yaw=-0.0571745 score=0.980189 valid=1 mode=tracking state=TRACKING evaluated=807 execution_us=58176 reason=tracking_pose_accepted
x=3.29993 y=2.05014 yaw=-0.0581087 score=0.97644 valid=1 mode=tracking state=TRACKING evaluated=807 execution_us=58671 reason=tracking_pose_accepted
x=3.29993 y=2.05014 yaw=-0.0590428 score=0.977293 valid=1 mode=tracking state=TRACKING evaluated=807 execution_us=58448 reason=tracking_pose_accepted
x=3.29993 y=2.05014 yaw=-0.059977 score=0.979936 valid=1 mode=tracking state=TRACKING evaluated=807 execution_us=58923 reason=tracking_pose_accepted
x=3.29993 y=2.05014 yaw=-0.0609112 score=0.982353 valid=1 mode=tracking state=TRACKING evaluated=807 execution_us=56122 reason=tracking_pose_accepted
x=3.29993 y=2.05014 yaw=-0.0618454 score=0.988326 valid=1 mode=tracking state=TRACKING evaluated=807 execution_us=55634 reason=tracking_pose_accepted
x=3.29993 y=2.05014 yaw=-0.0453263 score=0.985104 valid=1 mode=tracking state=TRACKING evaluated=807 execution_us=55429 reason=tracking_pose_accepted
x=3.29993 y=2.05014 yaw=-0.0462604 score=0.979078 valid=1 mode=tracking state=TRACKING evaluated=807 execution_us=57330 reason=tracking_pose_accepted
x=3.29993 y=2.05014 yaw=-0.0471946 score=0.982868 valid=1 mode=tracking state=TRACKING evaluated=807 execution_us=55579 reason=tracking_pose_accepted
x=3.29993 y=2.05014 yaw=-0.0481288 score=0.977656 valid=1 mode=tracking state=TRACKING evaluated=807 execution_us=62510 reason=tracking_pose_accepted
x=3.29993 y=2.05014 yaw=-0.049063 score=0.976501 valid=1 mode=tracking state=TRACKING evaluated=807 execution_us=59685 reason=tracking_pose_accepted
x=3.24993 y=2.00014 yaw=-0.0674505 score=0.973829 valid=1 mode=tracking state=TRACKING evaluated=807 execution_us=59912 reason=tracking_pose_accepted
x=3.24993 y=2.00014 yaw=-0.0683846 score=0.99088 valid=1 mode=tracking state=TRACKING evaluated=807 execution_us=60429 reason=tracking_pose_accepted
x=3.24993 y=2.00014 yaw=-0.0693188 score=0.985256 valid=1 mode=tracking state=TRACKING evaluated=807 execution_us=60150 reason=tracking_pose_accepted
x=3.19993 y=1.95014 yaw=-0.070253 score=0.97972 valid=1 mode=tracking state=TRACKING evaluated=807 execution_us=59912 reason=tracking_pose_accepted
x=3.19993 y=1.90014 yaw=-0.0362806 score=0.98024 valid=1 mode=tracking state=TRACKING evaluated=807 execution_us=66931 reason=tracking_pose_accepted
x=3.14993 y=1.85014 yaw=-0.0372147 score=0.978017 valid=1 mode=tracking state=TRACKING evaluated=789 execution_us=56050 reason=tracking_pose_accepted
x=3.14993 y=1.80014 yaw=-0.0032423 score=0.949171 valid=1 mode=tracking state=TRACKING evaluated=807 execution_us=57308 reason=tracking_pose_accepted
x=3.09993 y=1.75014 yaw=-0.00417643 score=0.928621 valid=1 mode=tracking state=TRACKING evaluated=807 execution_us=58369 reason=tracking_pose_accepted
x=3.09993 y=1.70014 yaw=0.029796 score=0.927159 valid=1 mode=tracking state=TRACKING evaluated=807 execution_us=57716 reason=tracking_pose_accepted
x=3.04993 y=1.65014 yaw=0.0463151 score=0.933894 valid=1 mode=tracking state=TRACKING evaluated=807 execution_us=58685 reason=tracking_pose_accepted
x=3.04993 y=1.60014 yaw=0.0104744 score=0.940022 valid=1 mode=tracking state=TRACKING evaluated=807 execution_us=61287 reason=tracking_pose_accepted
x=2.99993 y=1.55014 yaw=-0.0428196 score=0.98552 valid=1 mode=tracking state=TRACKING evaluated=807 execution_us=61260 reason=tracking_pose_accepted
x=2.99993 y=1.55014 yaw=-0.0437538 score=0.989717 valid=1 mode=tracking state=TRACKING evaluated=807 execution_us=62031 reason=tracking_pose_accepted
x=2.99993 y=1.50014 yaw=-0.0446879 score=0.981993 valid=1 mode=tracking state=TRACKING evaluated=807 execution_us=51654 reason=tracking_pose_accepted
x=2.99993 y=1.50014 yaw=-0.0805287 score=0.994584 valid=1 mode=tracking state=TRACKING evaluated=807 execution_us=62127 reason=tracking_pose_accepted
x=2.99993 y=1.50014 yaw=-0.0989162 score=0.990625 valid=1 mode=tracking state=TRACKING evaluated=807 execution_us=52334 reason=tracking_pose_accepted
x=2.99993 y=1.50014 yaw=-0.082397 score=0.978075 valid=1 mode=tracking state=TRACKING evaluated=807 execution_us=59213 reason=tracking_pose_accepted
x=2.94993 y=1.45014 yaw=-0.0484246 score=0.979892 valid=1 mode=tracking state=TRACKING evaluated=807 execution_us=60794 reason=tracking_pose_accepted
x=2.94993 y=1.45014 yaw=-0.0493587 score=0.989619 valid=1 mode=tracking state=TRACKING evaluated=807 execution_us=59726 reason=tracking_pose_accepted
x=2.94993 y=1.45014 yaw=-0.0677462 score=0.980642 valid=1 mode=tracking state=TRACKING evaluated=807 execution_us=59376 reason=tracking_pose_accepted
x=2.89993 y=1.40014 yaw=-0.12104 score=0.983752 valid=1 mode=tracking state=TRACKING evaluated=807 execution_us=59588 reason=tracking_pose_accepted
x=2.89993 y=1.40014 yaw=-0.121974 score=0.988235 valid=1 mode=tracking state=TRACKING evaluated=807 execution_us=65619 reason=tracking_pose_accepted
x=2.89993 y=1.40014 yaw=-0.122909 score=0.983043 valid=1 mode=tracking state=TRACKING evaluated=807 execution_us=52703 reason=tracking_pose_accepted
x=2.89993 y=1.40014 yaw=-0.141296 score=0.985786 valid=1 mode=tracking state=TRACKING evaluated=807 execution_us=53550 reason=tracking_pose_accepted
x=2.89993 y=1.40014 yaw=-0.14223 score=0.982443 valid=1 mode=tracking state=TRACKING evaluated=807 execution_us=52729 reason=tracking_pose_accepted
x=2.89993 y=1.40014 yaw=-0.125711 score=0.98159 valid=1 mode=tracking state=TRACKING evaluated=807 execution_us=53253 reason=tracking_pose_accepted
x=2.89993 y=1.40014 yaw=-0.126645 score=0.97614 valid=1 mode=tracking state=TRACKING evaluated=807 execution_us=53804 reason=tracking_pose_accepted
x=2.94993 y=1.40014 yaw=-0.110126 score=0.969988 valid=1 mode=tracking state=TRACKING evaluated=807 execution_us=61132 reason=tracking_pose_accepted
x=2.94993 y=1.45014 yaw=-0.0761536 score=0.968487 valid=1 mode=tracking state=TRACKING evaluated=807 execution_us=60794 reason=tracking_pose_accepted
x=2.94993 y=1.45014 yaw=-0.0247278 score=0.978391 valid=1 mode=tracking state=TRACKING evaluated=807 execution_us=60280 reason=tracking_pose_accepted
x=2.94993 y=1.45014 yaw=-0.0431153 score=0.973562 valid=1 mode=tracking state=TRACKING evaluated=807 execution_us=59765 reason=tracking_pose_accepted
x=2.94992 y=1.45014 yaw=-0.0440494 score=0.978431 valid=1 mode=tracking state=TRACKING evaluated=807 execution_us=59524 reason=tracking_pose_accepted
x=2.89992 y=1.45014 yaw=-0.0449836 score=0.988595 valid=1 mode=tracking state=TRACKING evaluated=807 execution_us=59645 reason=tracking_pose_accepted
x=2.89992 y=1.45014 yaw=-0.0459178 score=0.987395 valid=1 mode=tracking state=TRACKING evaluated=807 execution_us=52631 reason=tracking_pose_accepted
x=2.89992 y=1.45014 yaw=-0.0468519 score=0.985444 valid=1 mode=tracking state=TRACKING evaluated=807 execution_us=53739 reason=tracking_pose_accepted
x=2.94992 y=1.45014 yaw=-0.0477861 score=0.978091 valid=1 mode=tracking state=TRACKING evaluated=807 execution_us=53323 reason=tracking_pose_accepted
x=2.94992 y=1.45014 yaw=-0.0487203 score=0.985594 valid=1 mode=tracking state=TRACKING evaluated=807 execution_us=53691 reason=tracking_pose_accepted
x=2.94992 y=1.45014 yaw=-0.0496545 score=0.982699 valid=1 mode=tracking state=TRACKING evaluated=807 execution_us=53642 reason=tracking_pose_accepted
x=2.94992 y=1.45014 yaw=-0.068042 score=0.980894 valid=1 mode=tracking state=TRACKING evaluated=807 execution_us=61228 reason=tracking_pose_accepted
x=2.94992 y=1.40014 yaw=-0.103883 score=0.968858 valid=1 mode=tracking state=TRACKING evaluated=807 execution_us=58578 reason=tracking_pose_accepted
x=2.89992 y=1.40014 yaw=-0.12227 score=0.97296 valid=1 mode=tracking state=TRACKING evaluated=807 execution_us=58306 reason=tracking_pose_accepted
x=2.89992 y=1.45014 yaw=-0.123204 score=0.984956 valid=1 mode=tracking state=TRACKING evaluated=807 execution_us=58709 reason=tracking_pose_accepted
x=2.89992 y=1.45014 yaw=-0.106685 score=0.98661 valid=1 mode=tracking state=TRACKING evaluated=807 execution_us=59322 reason=tracking_pose_accepted
x=2.89992 y=1.45014 yaw=-0.107619 score=0.98881 valid=1 mode=tracking state=TRACKING evaluated=807 execution_us=64197 reason=tracking_pose_accepted
x=2.89992 y=1.45014 yaw=-0.108553 score=0.97994 valid=1 mode=tracking state=TRACKING evaluated=807 execution_us=55566 reason=tracking_pose_accepted
x=2.94992 y=1.45014 yaw=-0.109488 score=0.985594 valid=1 mode=tracking state=TRACKING evaluated=807 execution_us=56173 reason=tracking_pose_accepted
x=2.94992 y=1.45014 yaw=-0.0929684 score=0.982956 valid=1 mode=tracking state=TRACKING evaluated=807 execution_us=55760 reason=tracking_pose_accepted
x=2.89992 y=1.45014 yaw=-0.111356 score=0.990996 valid=1 mode=tracking state=TRACKING evaluated=807 execution_us=56478 reason=tracking_pose_accepted
x=2.89992 y=1.45014 yaw=-0.11229 score=0.990996 valid=1 mode=tracking state=TRACKING evaluated=807 execution_us=56640 reason=tracking_pose_accepted
x=2.94992 y=1.45014 yaw=-0.0957708 score=0.980192 valid=1 mode=tracking state=TRACKING evaluated=807 execution_us=62832 reason=tracking_pose_accepted
x=2.89992 y=1.45014 yaw=-0.096705 score=0.983493 valid=1 mode=tracking state=TRACKING evaluated=807 execution_us=60346 reason=tracking_pose_accepted
x=2.94992 y=1.45014 yaw=-0.0801859 score=0.986495 valid=1 mode=tracking state=TRACKING evaluated=807 execution_us=60019 reason=tracking_pose_accepted
x=2.94992 y=1.45014 yaw=-0.08112 score=0.971639 valid=1 mode=tracking state=TRACKING evaluated=807 execution_us=60469 reason=tracking_pose_accepted
x=2.89992 y=1.45014 yaw=-0.0820542 score=0.989112 valid=1 mode=tracking state=TRACKING evaluated=807 execution_us=60395 reason=tracking_pose_accepted
x=2.89992 y=1.45014 yaw=-0.0829884 score=0.98537 valid=1 mode=tracking state=TRACKING evaluated=807 execution_us=60604 reason=tracking_pose_accepted
x=2.89992 y=1.45014 yaw=-0.0839226 score=0.985106 valid=1 mode=tracking state=TRACKING evaluated=807 execution_us=57617 reason=tracking_pose_accepted
x=2.94992 y=1.45014 yaw=-0.0674035 score=0.97292 valid=1 mode=tracking state=TRACKING evaluated=807 execution_us=57344 reason=tracking_pose_accepted
x=2.94992 y=1.45014 yaw=-0.0683376 score=0.980192 valid=1 mode=tracking state=TRACKING evaluated=807 execution_us=57741 reason=tracking_pose_accepted
x=2.94992 y=1.45014 yaw=-0.0692718 score=0.982143 valid=1 mode=tracking state=TRACKING evaluated=807 execution_us=58472 reason=tracking_pose_accepted
x=2.94992 y=1.45014 yaw=-0.070206 score=0.976982 valid=1 mode=tracking state=TRACKING evaluated=807 execution_us=57449 reason=tracking_pose_accepted
x=2.89992 y=1.45014 yaw=-0.0711402 score=0.989168 valid=1 mode=tracking state=TRACKING evaluated=807 execution_us=57968 reason=tracking_pose_accepted
x=2.89992 y=1.45014 yaw=-0.0720744 score=0.988306 valid=1 mode=tracking state=TRACKING evaluated=807 execution_us=50574 reason=tracking_pose_accepted
x=2.89992 y=1.45014 yaw=-0.0730086 score=0.986844 valid=1 mode=tracking state=TRACKING evaluated=807 execution_us=62124 reason=tracking_pose_accepted
x=2.89992 y=1.45014 yaw=-0.0739427 score=0.988445 valid=1 mode=tracking state=TRACKING evaluated=807 execution_us=51786 reason=tracking_pose_accepted
x=2.89992 y=1.45014 yaw=-0.0748769 score=0.99338 valid=1 mode=tracking state=TRACKING evaluated=807 execution_us=51902 reason=tracking_pose_accepted
x=2.89992 y=1.45014 yaw=-0.0758111 score=0.989946 valid=1 mode=tracking state=TRACKING evaluated=807 execution_us=52385 reason=tracking_pose_accepted
x=2.89992 y=1.45014 yaw=-0.059292 score=0.986345 valid=1 mode=tracking state=TRACKING evaluated=807 execution_us=52882 reason=tracking_pose_accepted
x=2.89992 y=1.45014 yaw=-0.0776795 score=0.985557 valid=1 mode=tracking state=TRACKING evaluated=807 execution_us=59321 reason=tracking_pose_accepted
x=2.89992 y=1.45014 yaw=-0.0611603 score=0.98631 valid=1 mode=tracking state=TRACKING evaluated=807 execution_us=59375 reason=tracking_pose_accepted
x=2.89992 y=1.45014 yaw=-0.0620945 score=0.983493 valid=1 mode=tracking state=TRACKING evaluated=807 execution_us=60842 reason=tracking_pose_accepted
x=2.89992 y=1.45014 yaw=-0.0630286 score=0.984012 valid=1 mode=tracking state=TRACKING evaluated=807 execution_us=60003 reason=tracking_pose_accepted
x=2.89992 y=1.45014 yaw=-0.0639628 score=0.990096 valid=1 mode=tracking state=TRACKING evaluated=807 execution_us=60670 reason=tracking_pose_accepted
x=2.89992 y=1.45014 yaw=-0.0474437 score=0.988306 valid=1 mode=tracking state=TRACKING evaluated=807 execution_us=52916 reason=tracking_pose_accepted
x=2.89992 y=1.45014 yaw=-0.0658312 score=0.984244 valid=1 mode=tracking state=TRACKING evaluated=807 execution_us=54288 reason=tracking_pose_accepted
x=2.94992 y=1.45014 yaw=-0.049312 score=0.982353 valid=1 mode=tracking state=TRACKING evaluated=807 execution_us=54296 reason=tracking_pose_accepted
x=2.94992 y=1.45014 yaw=-0.0502462 score=0.981843 valid=1 mode=tracking state=TRACKING evaluated=807 execution_us=54127 reason=tracking_pose_accepted
x=2.89992 y=1.45014 yaw=-0.0511804 score=0.97612 valid=1 mode=tracking state=TRACKING evaluated=807 execution_us=54176 reason=tracking_pose_accepted
x=2.89992 y=1.45014 yaw=-0.0521146 score=0.981194 valid=1 mode=tracking state=TRACKING evaluated=807 execution_us=54979 reason=tracking_pose_accepted
x=2.89992 y=1.45014 yaw=-0.0530487 score=0.986576 valid=1 mode=tracking state=TRACKING evaluated=807 execution_us=57899 reason=tracking_pose_accepted
x=2.89992 y=1.45014 yaw=-0.0539829 score=0.988839 valid=1 mode=tracking state=TRACKING evaluated=807 execution_us=58322 reason=tracking_pose_accepted
x=2.89992 y=1.45014 yaw=-0.0549171 score=0.989496 valid=1 mode=tracking state=TRACKING evaluated=807 execution_us=59316 reason=tracking_pose_accepted
x=2.89992 y=1.45014 yaw=-0.0558513 score=0.989496 valid=1 mode=tracking state=TRACKING evaluated=807 execution_us=59084 reason=tracking_pose_accepted
x=2.89992 y=1.45014 yaw=-0.0567855 score=0.987845 valid=1 mode=tracking state=TRACKING evaluated=807 execution_us=58911 reason=tracking_pose_accepted
x=2.89992 y=1.45014 yaw=-0.0577197 score=0.986911 valid=1 mode=tracking state=TRACKING evaluated=807 execution_us=76812 reason=tracking_pose_accepted
x=2.89992 y=1.45014 yaw=-0.0586538 score=0.990396 valid=1 mode=tracking state=TRACKING evaluated=807 execution_us=54126 reason=tracking_pose_accepted
x=2.89992 y=1.45014 yaw=-0.059588 score=0.988595 valid=1 mode=tracking state=TRACKING evaluated=807 execution_us=56734 reason=tracking_pose_accepted
x=2.89992 y=1.45014 yaw=-0.0605222 score=0.985068 valid=1 mode=tracking state=TRACKING evaluated=807 execution_us=55844 reason=tracking_pose_accepted
x=2.89992 y=1.45014 yaw=-0.0614564 score=0.988896 valid=1 mode=tracking state=TRACKING evaluated=807 execution_us=56174 reason=tracking_pose_accepted
x=2.89992 y=1.45014 yaw=-0.0449373 score=0.983793 valid=1 mode=tracking state=TRACKING evaluated=807 execution_us=56914 reason=tracking_pose_accepted
x=2.89992 y=1.45014 yaw=-0.0633247 score=0.990696 valid=1 mode=tracking state=TRACKING evaluated=807 execution_us=59745 reason=tracking_pose_accepted
x=2.89992 y=1.45014 yaw=-0.0642589 score=0.987179 valid=1 mode=tracking state=TRACKING evaluated=807 execution_us=60163 reason=tracking_pose_accepted
x=2.89992 y=1.45014 yaw=-0.0651931 score=0.985256 valid=1 mode=tracking state=TRACKING evaluated=807 execution_us=60745 reason=tracking_pose_accepted
x=2.89992 y=1.45014 yaw=-0.048674 score=0.98661 valid=1 mode=tracking state=TRACKING evaluated=807 execution_us=60332 reason=tracking_pose_accepted
x=2.89992 y=1.45014 yaw=-0.0496081 score=0.988635 valid=1 mode=tracking state=TRACKING evaluated=807 execution_us=61172 reason=tracking_pose_accepted
x=2.89992 y=1.45014 yaw=-0.0505423 score=0.988577 valid=1 mode=tracking state=TRACKING evaluated=807 execution_us=60639 reason=tracking_pose_accepted
x=2.89992 y=1.45014 yaw=-0.0514765 score=0.989196 valid=1 mode=tracking state=TRACKING evaluated=807 execution_us=57110 reason=tracking_pose_accepted
x=2.89992 y=1.45014 yaw=-0.0524107 score=0.989796 valid=1 mode=tracking state=TRACKING evaluated=807 execution_us=57790 reason=tracking_pose_accepted
x=2.89992 y=1.45014 yaw=-0.0533449 score=0.98977 valid=1 mode=tracking state=TRACKING evaluated=807 execution_us=57085 reason=tracking_pose_accepted
x=2.89992 y=1.45014 yaw=-0.054279 score=0.989822 valid=1 mode=tracking state=TRACKING evaluated=807 execution_us=60218 reason=tracking_pose_accepted
x=2.89992 y=1.45014 yaw=-0.0552132 score=0.988595 valid=1 mode=tracking state=TRACKING evaluated=807 execution_us=58613 reason=tracking_pose_accepted
x=2.89992 y=1.45014 yaw=-0.0561474 score=0.987545 valid=1 mode=tracking state=TRACKING evaluated=807 execution_us=64627 reason=tracking_pose_accepted
x=2.89992 y=1.45014 yaw=-0.0570816 score=0.988896 valid=1 mode=tracking state=TRACKING evaluated=807 execution_us=61528 reason=tracking_pose_accepted
x=2.89992 y=1.45014 yaw=-0.0580158 score=0.987814 valid=1 mode=tracking state=TRACKING evaluated=807 execution_us=51479 reason=tracking_pose_accepted
x=2.89992 y=1.45014 yaw=-0.05895 score=0.989796 valid=1 mode=tracking state=TRACKING evaluated=807 execution_us=51659 reason=tracking_pose_accepted
x=2.89992 y=1.45014 yaw=-0.0598841 score=0.987995 valid=1 mode=tracking state=TRACKING evaluated=807 execution_us=52227 reason=tracking_pose_accepted
x=2.89992 y=1.45014 yaw=-0.0608183 score=0.986911 valid=1 mode=tracking state=TRACKING evaluated=807 execution_us=51654 reason=tracking_pose_accepted
x=2.89992 y=1.45014 yaw=-0.0617525 score=0.989469 valid=1 mode=tracking state=TRACKING evaluated=807 execution_us=58622 reason=tracking_pose_accepted
x=2.89992 y=1.45014 yaw=-0.0626867 score=0.987845 valid=1 mode=tracking state=TRACKING evaluated=807 execution_us=59491 reason=tracking_pose_accepted
x=2.89992 y=1.45014 yaw=-0.0636209 score=0.986345 valid=1 mode=tracking state=TRACKING evaluated=807 execution_us=58828 reason=tracking_pose_accepted
x=2.89992 y=1.45014 yaw=-0.0645551 score=0.987212 valid=1 mode=tracking state=TRACKING evaluated=807 execution_us=59033 reason=tracking_pose_accepted
x=2.89992 y=1.45014 yaw=-0.048036 score=0.983233 valid=1 mode=tracking state=TRACKING evaluated=807 execution_us=59624 reason=tracking_pose_accepted
x=2.89992 y=1.45014 yaw=-0.0489701 score=0.987245 valid=1 mode=tracking state=TRACKING evaluated=807 execution_us=59683 reason=tracking_pose_accepted
x=2.89992 y=1.45014 yaw=-0.0499043 score=0.988936 valid=1 mode=tracking state=TRACKING evaluated=807 execution_us=60357 reason=tracking_pose_accepted
x=2.89992 y=1.45014 yaw=-0.0508385 score=0.989496 valid=1 mode=tracking state=TRACKING evaluated=807 execution_us=52654 reason=tracking_pose_accepted
x=2.89992 y=1.45014 yaw=-0.0517727 score=0.989744 valid=1 mode=tracking state=TRACKING evaluated=807 execution_us=52833 reason=tracking_pose_accepted
x=2.89992 y=1.45014 yaw=-0.0527069 score=0.988595 valid=1 mode=tracking state=TRACKING evaluated=807 execution_us=53806 reason=tracking_pose_accepted
x=2.89992 y=1.45014 yaw=-0.053641 score=0.990372 valid=1 mode=tracking state=TRACKING evaluated=807 execution_us=53591 reason=tracking_pose_accepted
x=2.89992 y=1.45014 yaw=-0.0545752 score=0.989796 valid=1 mode=tracking state=TRACKING evaluated=807 execution_us=53533 reason=tracking_pose_accepted
x=2.89992 y=1.45014 yaw=-0.0555094 score=0.990347 valid=1 mode=tracking state=TRACKING evaluated=807 execution_us=57650 reason=tracking_pose_accepted
x=2.89992 y=1.45014 yaw=-0.0564436 score=0.989196 valid=1 mode=tracking state=TRACKING evaluated=807 execution_us=57126 reason=tracking_pose_accepted
x=2.89992 y=1.45014 yaw=-0.0573778 score=0.988717 valid=1 mode=tracking state=TRACKING evaluated=807 execution_us=58190 reason=tracking_pose_accepted
x=2.89992 y=1.45014 yaw=-0.058312 score=0.988566 valid=1 mode=tracking state=TRACKING evaluated=807 execution_us=58821 reason=tracking_pose_accepted
x=2.89992 y=1.45014 yaw=-0.0592461 score=0.991297 valid=1 mode=tracking state=TRACKING evaluated=807 execution_us=58316 reason=tracking_pose_accepted
x=2.89992 y=1.45014 yaw=-0.0601803 score=0.98977 valid=1 mode=tracking state=TRACKING evaluated=807 execution_us=63844 reason=tracking_pose_accepted
x=2.89992 y=1.45014 yaw=-0.0611145 score=0.988595 valid=1 mode=tracking state=TRACKING evaluated=807 execution_us=54815 reason=tracking_pose_accepted
x=2.89992 y=1.45014 yaw=-0.0620487 score=0.987481 valid=1 mode=tracking state=TRACKING evaluated=807 execution_us=55143 reason=tracking_pose_accepted
x=2.89992 y=1.45014 yaw=-0.0629829 score=0.990096 valid=1 mode=tracking state=TRACKING evaluated=807 execution_us=55762 reason=tracking_pose_accepted
x=2.89992 y=1.45014 yaw=-0.0639171 score=0.984694 valid=1 mode=tracking state=TRACKING evaluated=807 execution_us=55383 reason=tracking_pose_accepted
x=2.89992 y=1.45014 yaw=-0.0473979 score=0.989442 valid=1 mode=tracking state=TRACKING evaluated=807 execution_us=55409 reason=tracking_pose_accepted
x=2.89992 y=1.45014 yaw=-0.0657854 score=0.984733 valid=1 mode=tracking state=TRACKING evaluated=807 execution_us=59483 reason=tracking_pose_accepted
x=2.89992 y=1.45014 yaw=-0.0492663 score=0.986645 valid=1 mode=tracking state=TRACKING evaluated=807 execution_us=59922 reason=tracking_pose_accepted
x=2.89992 y=1.45014 yaw=-0.0502004 score=0.986651 valid=1 mode=tracking state=TRACKING evaluated=807 execution_us=60278 reason=tracking_pose_accepted
x=2.89992 y=1.45014 yaw=-0.0511346 score=0.990396 valid=1 mode=tracking state=TRACKING evaluated=807 execution_us=59892 reason=tracking_pose_accepted
x=2.89992 y=1.45014 yaw=-0.0520688 score=0.988936 valid=1 mode=tracking state=TRACKING evaluated=807 execution_us=60187 reason=tracking_pose_accepted
x=2.89992 y=1.45014 yaw=-0.053003 score=0.98977 valid=1 mode=tracking state=TRACKING evaluated=807 execution_us=60811 reason=tracking_pose_accepted
x=2.89992 y=1.45014 yaw=-0.0539372 score=0.989496 valid=1 mode=tracking state=TRACKING evaluated=807 execution_us=56869 reason=tracking_pose_accepted
x=2.89992 y=1.45014 yaw=-0.0548713 score=0.98977 valid=1 mode=tracking state=TRACKING evaluated=807 execution_us=56832 reason=tracking_pose_accepted
x=2.89992 y=1.45014 yaw=-0.0558055 score=0.987179 valid=1 mode=tracking state=TRACKING evaluated=807 execution_us=56859 reason=tracking_pose_accepted
x=2.89992 y=1.45014 yaw=-0.0567397 score=0.98977 valid=1 mode=tracking state=TRACKING evaluated=807 execution_us=57134 reason=tracking_pose_accepted
x=2.89992 y=1.45014 yaw=-0.0576739 score=0.989196 valid=1 mode=tracking state=TRACKING evaluated=807 execution_us=57513 reason=tracking_pose_accepted
x=2.89992 y=1.45014 yaw=-0.0586081 score=0.991297 valid=1 mode=tracking state=TRACKING evaluated=807 execution_us=63631 reason=tracking_pose_accepted
x=2.89992 y=1.45014 yaw=-0.0595423 score=0.989442 valid=1 mode=tracking state=TRACKING evaluated=807 execution_us=60140 reason=tracking_pose_accepted
x=2.89992 y=1.45014 yaw=-0.0604764 score=0.990696 valid=1 mode=tracking state=TRACKING evaluated=807 execution_us=62555 reason=tracking_pose_accepted
x=2.89992 y=1.45014 yaw=-0.0614106 score=0.98977 valid=1 mode=tracking state=TRACKING evaluated=807 execution_us=61204 reason=tracking_pose_accepted
x=2.89992 y=1.45014 yaw=-0.0623448 score=0.988478 valid=1 mode=tracking state=TRACKING evaluated=807 execution_us=61039 reason=tracking_pose_accepted
x=2.89992 y=1.45014 yaw=-0.063279 score=0.984273 valid=1 mode=tracking state=TRACKING evaluated=807 execution_us=51110 reason=tracking_pose_accepted
x=2.89992 y=1.45014 yaw=-0.0642132 score=0.987245 valid=1 mode=tracking state=TRACKING evaluated=807 execution_us=58125 reason=tracking_pose_accepted
x=2.89992 y=1.45014 yaw=-0.0651474 score=0.987783 valid=1 mode=tracking state=TRACKING evaluated=807 execution_us=58616 reason=tracking_pose_accepted
x=2.89992 y=1.45014 yaw=-0.0486282 score=0.988896 valid=1 mode=tracking state=TRACKING evaluated=807 execution_us=58073 reason=tracking_pose_accepted
x=2.89992 y=1.45014 yaw=-0.0495624 score=0.989469 valid=1 mode=tracking state=TRACKING evaluated=807 execution_us=58777 reason=tracking_pose_accepted
x=2.89992 y=1.45014 yaw=-0.0504966 score=0.987481 valid=1 mode=tracking state=TRACKING evaluated=807 execution_us=58848 reason=tracking_pose_accepted
x=2.89992 y=1.45014 yaw=-0.0514308 score=0.989469 valid=1 mode=tracking state=TRACKING evaluated=807 execution_us=58645 reason=tracking_pose_accepted
x=2.89992 y=1.45014 yaw=-0.052365 score=0.989442 valid=1 mode=tracking state=TRACKING evaluated=807 execution_us=50835 reason=tracking_pose_accepted
x=2.89992 y=1.45014 yaw=-0.0532991 score=0.990096 valid=1 mode=tracking state=TRACKING evaluated=807 execution_us=52637 reason=tracking_pose_accepted
x=2.89992 y=1.45014 yaw=-0.0542333 score=0.988595 valid=1 mode=tracking state=TRACKING evaluated=807 execution_us=52177 reason=tracking_pose_accepted
x=2.89992 y=1.45014 yaw=-0.0551675 score=0.989744 valid=1 mode=tracking state=TRACKING evaluated=807 execution_us=52263 reason=tracking_pose_accepted
x=2.89992 y=1.45014 yaw=-0.0561017 score=0.990696 valid=1 mode=tracking state=TRACKING evaluated=807 execution_us=52905 reason=tracking_pose_accepted
x=2.89992 y=1.45014 yaw=-0.0570359 score=0.989442 valid=1 mode=tracking state=TRACKING evaluated=807 execution_us=52630 reason=tracking_pose_accepted
x=2.89992 y=1.45014 yaw=-0.0579701 score=0.991297 valid=1 mode=tracking state=TRACKING evaluated=807 execution_us=60125 reason=tracking_pose_accepted
x=2.89992 y=1.45014 yaw=-0.0589042 score=0.989796 valid=1 mode=tracking state=TRACKING evaluated=807 execution_us=59702 reason=tracking_pose_accepted
x=2.89992 y=1.45014 yaw=-0.0598384 score=0.989388 valid=1 mode=tracking state=TRACKING evaluated=807 execution_us=59095 reason=tracking_pose_accepted
x=2.89992 y=1.45014 yaw=-0.0607726 score=0.990996 valid=1 mode=tracking state=TRACKING evaluated=807 execution_us=60915 reason=tracking_pose_accepted
x=2.89992 y=1.45014 yaw=-0.0617068 score=0.987783 valid=1 mode=tracking state=TRACKING evaluated=807 execution_us=60331 reason=tracking_pose_accepted
x=2.89992 y=1.45014 yaw=-0.062641 score=0.988867 valid=1 mode=tracking state=TRACKING evaluated=807 execution_us=53911 reason=tracking_pose_accepted
x=2.89992 y=1.45014 yaw=-0.0461219 score=0.985671 valid=1 mode=tracking state=TRACKING evaluated=807 execution_us=54318 reason=tracking_pose_accepted
x=2.89992 y=1.45014 yaw=-0.047056 score=0.988867 valid=1 mode=tracking state=TRACKING evaluated=807 execution_us=54334 reason=tracking_pose_accepted
x=2.89992 y=1.45014 yaw=-0.0654435 score=0.985594 valid=1 mode=tracking state=TRACKING evaluated=807 execution_us=55338 reason=tracking_pose_accepted
x=2.89992 y=1.45014 yaw=-0.0489244 score=0.988867 valid=1 mode=tracking state=TRACKING evaluated=807 execution_us=54921 reason=tracking_pose_accepted
x=2.89992 y=1.45014 yaw=-0.0498585 score=0.989469 valid=1 mode=tracking state=TRACKING evaluated=807 execution_us=54558 reason=tracking_pose_accepted
x=2.89992 y=1.45014 yaw=-0.0507927 score=0.988896 valid=1 mode=tracking state=TRACKING evaluated=807 execution_us=59218 reason=tracking_pose_accepted
x=2.89992 y=1.45014 yaw=-0.0517269 score=0.990045 valid=1 mode=tracking state=TRACKING evaluated=807 execution_us=58394 reason=tracking_pose_accepted
x=2.89992 y=1.45014 yaw=-0.0526611 score=0.988566 valid=1 mode=tracking state=TRACKING evaluated=807 execution_us=59035 reason=tracking_pose_accepted
x=2.89992 y=1.45014 yaw=-0.0535953 score=0.990045 valid=1 mode=tracking state=TRACKING evaluated=807 execution_us=59469 reason=tracking_pose_accepted
x=2.89992 y=1.45014 yaw=-0.0545294 score=0.988896 valid=1 mode=tracking state=TRACKING evaluated=807 execution_us=59250 reason=tracking_pose_accepted
x=2.89992 y=1.45014 yaw=-0.0554636 score=0.986645 valid=1 mode=tracking state=TRACKING evaluated=807 execution_us=59630 reason=tracking_pose_accepted
x=2.89992 y=1.45014 yaw=-0.0563978 score=0.987481 valid=1 mode=tracking state=TRACKING evaluated=807 execution_us=55987 reason=tracking_pose_accepted
x=2.89992 y=1.45014 yaw=-0.057332 score=0.990096 valid=1 mode=tracking state=TRACKING evaluated=807 execution_us=56480 reason=tracking_pose_accepted
x=2.89992 y=1.45014 yaw=-0.0582662 score=0.988867 valid=1 mode=tracking state=TRACKING evaluated=807 execution_us=56878 reason=tracking_pose_accepted
x=2.89992 y=1.45014 yaw=-0.0592004 score=0.987545 valid=1 mode=tracking state=TRACKING evaluated=807 execution_us=56640 reason=tracking_pose_accepted
x=2.89992 y=1.45014 yaw=-0.0601345 score=0.989196 valid=1 mode=tracking state=TRACKING evaluated=807 execution_us=56661 reason=tracking_pose_accepted
x=2.89992 y=1.45014 yaw=-0.0610687 score=0.990396 valid=1 mode=tracking state=TRACKING evaluated=807 execution_us=60406 reason=tracking_pose_accepted
x=2.89992 y=1.45014 yaw=-0.0620029 score=0.987783 valid=1 mode=tracking state=TRACKING evaluated=807 execution_us=60220 reason=tracking_pose_accepted
x=2.89992 y=1.45014 yaw=-0.0629371 score=0.990045 valid=1 mode=tracking state=TRACKING evaluated=807 execution_us=60373 reason=tracking_pose_accepted
x=2.89992 y=1.45014 yaw=-0.0638713 score=0.985557 valid=1 mode=tracking state=TRACKING evaluated=807 execution_us=60396 reason=tracking_pose_accepted
x=2.89992 y=1.45014 yaw=-0.0648055 score=0.984994 valid=1 mode=tracking state=TRACKING evaluated=807 execution_us=61349 reason=tracking_pose_accepted
x=2.89992 y=1.45014 yaw=-0.0482864 score=0.986918 valid=1 mode=tracking state=TRACKING evaluated=807 execution_us=61246 reason=tracking_pose_accepted
x=2.89992 y=1.45014 yaw=-0.0492205 score=0.98661 valid=1 mode=tracking state=TRACKING evaluated=807 execution_us=57223 reason=tracking_pose_accepted
x=2.89992 y=1.45014 yaw=-0.0501547 score=0.986507 valid=1 mode=tracking state=TRACKING evaluated=807 execution_us=56873 reason=tracking_pose_accepted
x=2.89992 y=1.45014 yaw=-0.0510889 score=0.984394 valid=1 mode=tracking state=TRACKING evaluated=807 execution_us=58243 reason=tracking_pose_accepted
x=2.89992 y=1.45014 yaw=-0.0520231 score=0.989168 valid=1 mode=tracking state=TRACKING evaluated=807 execution_us=57434 reason=tracking_pose_accepted
x=2.89992 y=1.45014 yaw=-0.0529573 score=0.989496 valid=1 mode=tracking state=TRACKING evaluated=807 execution_us=57789 reason=tracking_pose_accepted
x=2.89992 y=1.45014 yaw=-0.0538914 score=0.988839 valid=1 mode=tracking state=TRACKING evaluated=807 execution_us=58188 reason=tracking_pose_accepted
x=2.89992 y=1.45014 yaw=-0.0548256 score=0.988896 valid=1 mode=tracking state=TRACKING evaluated=807 execution_us=51423 reason=tracking_pose_accepted
x=2.89992 y=1.45014 yaw=-0.0557598 score=0.987814 valid=1 mode=tracking state=TRACKING evaluated=807 execution_us=51457 reason=tracking_pose_accepted
x=2.89992 y=1.45014 yaw=-0.056694 score=0.989796 valid=1 mode=tracking state=TRACKING evaluated=807 execution_us=51843 reason=tracking_pose_accepted
x=2.89992 y=1.45014 yaw=-0.0576282 score=0.990696 valid=1 mode=tracking state=TRACKING evaluated=807 execution_us=51908 reason=tracking_pose_accepted
x=2.89992 y=1.45014 yaw=-0.0585624 score=0.989469 valid=1 mode=tracking state=TRACKING evaluated=807 execution_us=52680 reason=tracking_pose_accepted
x=2.89992 y=1.45014 yaw=-0.0594965 score=0.986582 valid=1 mode=tracking state=TRACKING evaluated=807 execution_us=51466 reason=tracking_pose_accepted
x=2.89992 y=1.45014 yaw=-0.0604307 score=0.990396 valid=1 mode=tracking state=TRACKING evaluated=807 execution_us=58996 reason=tracking_pose_accepted
x=2.89992 y=1.45014 yaw=-0.0613649 score=0.989796 valid=1 mode=tracking state=TRACKING evaluated=807 execution_us=60038 reason=tracking_pose_accepted
x=2.89992 y=1.45014 yaw=-0.0622991 score=0.986616 valid=1 mode=tracking state=TRACKING evaluated=807 execution_us=58907 reason=tracking_pose_accepted
x=2.89992 y=1.45014 yaw=-0.0632333 score=0.987245 valid=1 mode=tracking state=TRACKING evaluated=807 execution_us=59566 reason=tracking_pose_accepted
x=2.89992 y=1.45014 yaw=-0.0641675 score=0.988145 valid=1 mode=tracking state=TRACKING evaluated=807 execution_us=59835 reason=tracking_pose_accepted
x=2.89992 y=1.45014 yaw=-0.0476483 score=0.984012 valid=1 mode=tracking state=TRACKING evaluated=807 execution_us=66269 reason=tracking_pose_accepted
x=2.89992 y=1.45014 yaw=-0.0660358 score=0.983643 valid=1 mode=tracking state=TRACKING evaluated=807 execution_us=53953 reason=tracking_pose_accepted
x=2.89992 y=1.45014 yaw=-0.0495167 score=0.984394 valid=1 mode=tracking state=TRACKING evaluated=807 execution_us=53724 reason=tracking_pose_accepted
x=2.89992 y=1.45014 yaw=-0.0504508 score=0.988577 valid=1 mode=tracking state=TRACKING evaluated=807 execution_us=53887 reason=tracking_pose_accepted
x=2.89992 y=1.45014 yaw=-0.051385 score=0.989196 valid=1 mode=tracking state=TRACKING evaluated=807 execution_us=54566 reason=tracking_pose_accepted
x=2.89992 y=1.45014 yaw=-0.0523192 score=0.989796 valid=1 mode=tracking state=TRACKING evaluated=807 execution_us=54168 reason=tracking_pose_accepted
x=2.89992 y=1.45014 yaw=-0.0532534 score=0.990649 valid=1 mode=tracking state=TRACKING evaluated=807 execution_us=60604 reason=tracking_pose_accepted
x=2.89992 y=1.45014 yaw=-0.0541876 score=0.98977 valid=1 mode=tracking state=TRACKING evaluated=807 execution_us=58250 reason=tracking_pose_accepted
x=2.89992 y=1.45014 yaw=-0.0551217 score=0.989496 valid=1 mode=tracking state=TRACKING evaluated=807 execution_us=58446 reason=tracking_pose_accepted
x=2.89992 y=1.45014 yaw=-0.0560559 score=0.987481 valid=1 mode=tracking state=TRACKING evaluated=807 execution_us=58884 reason=tracking_pose_accepted
x=2.89992 y=1.45014 yaw=-0.0569901 score=0.990096 valid=1 mode=tracking state=TRACKING evaluated=807 execution_us=58861 reason=tracking_pose_accepted
x=2.89992 y=1.45014 yaw=-0.0579243 score=0.989469 valid=1 mode=tracking state=TRACKING evaluated=807 execution_us=63840 reason=tracking_pose_accepted
x=2.89992 y=1.45014 yaw=-0.0588585 score=0.986978 valid=1 mode=tracking state=TRACKING evaluated=807 execution_us=56285 reason=tracking_pose_accepted
x=2.89992 y=1.45014 yaw=-0.0597927 score=0.988145 valid=1 mode=tracking state=TRACKING evaluated=807 execution_us=55439 reason=tracking_pose_accepted
x=2.89992 y=1.45014 yaw=-0.0607268 score=0.98977 valid=1 mode=tracking state=TRACKING evaluated=807 execution_us=55408 reason=tracking_pose_accepted
x=2.89992 y=1.45014 yaw=-0.061661 score=0.990096 valid=1 mode=tracking state=TRACKING evaluated=807 execution_us=56251 reason=tracking_pose_accepted
x=2.89992 y=1.45014 yaw=-0.0625952 score=0.989442 valid=1 mode=tracking state=TRACKING evaluated=807 execution_us=56088 reason=tracking_pose_accepted
x=2.89992 y=1.45014 yaw=-0.0635294 score=0.984694 valid=1 mode=tracking state=TRACKING evaluated=807 execution_us=59349 reason=tracking_pose_accepted
x=2.89992 y=1.45014 yaw=-0.0470103 score=0.98293 valid=1 mode=tracking state=TRACKING evaluated=807 execution_us=59666 reason=tracking_pose_accepted
x=2.89992 y=1.45014 yaw=-0.0479444 score=0.986945 valid=1 mode=tracking state=TRACKING evaluated=807 execution_us=59718 reason=tracking_pose_accepted
x=2.89992 y=1.45014 yaw=-0.0488786 score=0.984053 valid=1 mode=tracking state=TRACKING evaluated=807 execution_us=60483 reason=tracking_pose_accepted
x=2.89992 y=1.45014 yaw=-0.0498128 score=0.986044 valid=1 mode=tracking state=TRACKING evaluated=807 execution_us=59957 reason=tracking_pose_accepted
x=2.89992 y=1.45014 yaw=-0.050747 score=0.987179 valid=1 mode=tracking state=TRACKING evaluated=807 execution_us=59902 reason=tracking_pose_accepted
x=2.89992 y=1.45014 yaw=-0.0516812 score=0.990696 valid=1 mode=tracking state=TRACKING evaluated=807 execution_us=57415 reason=tracking_pose_accepted
x=2.89992 y=1.45014 yaw=-0.0526154 score=0.98661 valid=1 mode=tracking state=TRACKING evaluated=807 execution_us=56603 reason=tracking_pose_accepted
x=2.89992 y=1.45014 yaw=-0.0535495 score=0.989469 valid=1 mode=tracking state=TRACKING evaluated=807 execution_us=57084 reason=tracking_pose_accepted
x=2.89992 y=1.45014 yaw=-0.0544837 score=0.989496 valid=1 mode=tracking state=TRACKING evaluated=807 execution_us=57493 reason=tracking_pose_accepted
x=2.89992 y=1.45014 yaw=-0.0554179 score=0.98881 valid=1 mode=tracking state=TRACKING evaluated=807 execution_us=57028 reason=tracking_pose_accepted
x=2.89992 y=1.45014 yaw=-0.0563521 score=0.990071 valid=1 mode=tracking state=TRACKING evaluated=807 execution_us=64603 reason=tracking_pose_accepted
x=2.89992 y=1.45014 yaw=-0.0572863 score=0.986542 valid=1 mode=tracking state=TRACKING evaluated=807 execution_us=60164 reason=tracking_pose_accepted
x=2.89992 y=1.45014 yaw=-0.0582205 score=0.989796 valid=1 mode=tracking state=TRACKING evaluated=807 execution_us=60926 reason=tracking_pose_accepted
x=2.89992 y=1.45014 yaw=-0.0591546 score=0.990996 valid=1 mode=tracking state=TRACKING evaluated=807 execution_us=62175 reason=tracking_pose_accepted
x=2.89992 y=1.45014 yaw=-0.0600888 score=0.989744 valid=1 mode=tracking state=TRACKING evaluated=807 execution_us=50634 reason=tracking_pose_accepted
x=2.89992 y=1.45014 yaw=-0.061023 score=0.990696 valid=1 mode=tracking state=TRACKING evaluated=807 execution_us=51192 reason=tracking_pose_accepted
x=2.89992 y=1.45014 yaw=-0.0619572 score=0.987545 valid=1 mode=tracking state=TRACKING evaluated=807 execution_us=58504 reason=tracking_pose_accepted
x=2.89992 y=1.45014 yaw=-0.0628914 score=0.984012 valid=1 mode=tracking state=TRACKING evaluated=807 execution_us=58261 reason=tracking_pose_accepted
x=2.89992 y=1.45014 yaw=-0.0638256 score=0.985557 valid=1 mode=tracking state=TRACKING evaluated=807 execution_us=59210 reason=tracking_pose_accepted
x=2.89992 y=1.45014 yaw=-0.0473065 score=0.985711 valid=1 mode=tracking state=TRACKING evaluated=807 execution_us=58741 reason=tracking_pose_accepted
x=2.89992 y=1.45014 yaw=-0.0482406 score=0.986645 valid=1 mode=tracking state=TRACKING evaluated=807 execution_us=58987 reason=tracking_pose_accepted
x=2.89992 y=1.45014 yaw=-0.0491748 score=0.989236 valid=1 mode=tracking state=TRACKING evaluated=807 execution_us=59705 reason=tracking_pose_accepted
x=2.89992 y=1.45014 yaw=-0.050109 score=0.989236 valid=1 mode=tracking state=TRACKING evaluated=807 execution_us=52365 reason=tracking_pose_accepted
x=2.89992 y=1.45014 yaw=-0.0510432 score=0.972025 valid=1 mode=tracking state=TRACKING evaluated=807 execution_us=51886 reason=tracking_pose_accepted
x=2.89992 y=1.45014 yaw=-0.0519774 score=0.943747 valid=1 mode=tracking state=TRACKING evaluated=807 execution_us=52483 reason=tracking_pose_accepted
x=2.89992 y=1.45014 yaw=-0.0529115 score=0.941674 valid=1 mode=tracking state=TRACKING evaluated=807 execution_us=51715 reason=tracking_pose_accepted
x=2.89992 y=1.45014 yaw=-0.0538457 score=0.933121 valid=1 mode=tracking state=TRACKING evaluated=807 execution_us=51908 reason=tracking_pose_accepted
x=2.89992 y=1.45014 yaw=-0.0547799 score=0.941176 valid=1 mode=tracking state=TRACKING evaluated=807 execution_us=52423 reason=tracking_pose_accepted
x=2.89992 y=1.45014 yaw=-0.0557141 score=0.942386 valid=1 mode=tracking state=TRACKING evaluated=807 execution_us=59297 reason=tracking_pose_accepted
x=2.89992 y=1.45014 yaw=-0.0566483 score=0.94783 valid=1 mode=tracking state=TRACKING evaluated=807 execution_us=60210 reason=tracking_pose_accepted
x=2.89992 y=1.45014 yaw=-0.0575825 score=0.95364 valid=1 mode=tracking state=TRACKING evaluated=807 execution_us=59617 reason=tracking_pose_accepted
x=2.89992 y=1.45014 yaw=-0.0585166 score=0.956147 valid=1 mode=tracking state=TRACKING evaluated=807 execution_us=59751 reason=tracking_pose_accepted
x=2.89992 y=1.45014 yaw=-0.0594508 score=0.954902 valid=1 mode=tracking state=TRACKING evaluated=807 execution_us=60222 reason=tracking_pose_accepted
x=2.89992 y=1.45014 yaw=-0.060385 score=0.95212 valid=1 mode=tracking state=TRACKING evaluated=807 execution_us=51550 reason=tracking_pose_accepted
x=2.89992 y=1.45014 yaw=-0.0613192 score=0.944193 valid=1 mode=tracking state=TRACKING evaluated=807 execution_us=53835 reason=tracking_pose_accepted
x=2.89992 y=1.45014 yaw=-0.0622534 score=0.945108 valid=1 mode=tracking state=TRACKING evaluated=807 execution_us=53484 reason=tracking_pose_accepted
x=2.89992 y=1.45014 yaw=-0.0631876 score=0.943288 valid=1 mode=tracking state=TRACKING evaluated=807 execution_us=53584 reason=tracking_pose_accepted
x=2.89992 y=1.45014 yaw=-0.0466684 score=0.948548 valid=1 mode=tracking state=TRACKING evaluated=807 execution_us=54494 reason=tracking_pose_accepted
x=2.89992 y=1.45014 yaw=-0.0476026 score=0.952981 valid=1 mode=tracking state=TRACKING evaluated=807 execution_us=53631 reason=tracking_pose_accepted
x=2.89992 y=1.45014 yaw=-0.0485368 score=0.955316 valid=1 mode=tracking state=TRACKING evaluated=807 execution_us=60914 reason=tracking_pose_accepted
x=2.89992 y=1.45014 yaw=-0.049471 score=0.989469 valid=1 mode=tracking state=TRACKING evaluated=807 execution_us=58458 reason=tracking_pose_accepted
x=2.89992 y=1.45014 yaw=-0.0504052 score=0.989496 valid=1 mode=tracking state=TRACKING evaluated=807 execution_us=57496 reason=tracking_pose_accepted
x=2.89992 y=1.45014 yaw=-0.0513393 score=0.989796 valid=1 mode=tracking state=TRACKING evaluated=807 execution_us=58432 reason=tracking_pose_accepted
x=2.89992 y=1.45014 yaw=-0.0522735 score=0.989536 valid=1 mode=tracking state=TRACKING evaluated=807 execution_us=58523 reason=tracking_pose_accepted
x=2.89992 y=1.45014 yaw=-0.0532077 score=0.987212 valid=1 mode=tracking state=TRACKING evaluated=807 execution_us=58204 reason=tracking_pose_accepted
x=2.89992 y=1.45014 yaw=-0.0541419 score=0.98977 valid=1 mode=tracking state=TRACKING evaluated=807 execution_us=54464 reason=tracking_pose_accepted
x=2.89992 y=1.45014 yaw=-0.0550761 score=0.989168 valid=1 mode=tracking state=TRACKING evaluated=807 execution_us=55947 reason=tracking_pose_accepted
x=2.89992 y=1.45014 yaw=-0.0560103 score=0.989496 valid=1 mode=tracking state=TRACKING evaluated=807 execution_us=55086 reason=tracking_pose_accepted
x=2.89992 y=1.45014 yaw=-0.0569444 score=0.990372 valid=1 mode=tracking state=TRACKING evaluated=807 execution_us=55384 reason=tracking_pose_accepted
x=2.89992 y=1.45014 yaw=-0.0578786 score=0.988867 valid=1 mode=tracking state=TRACKING evaluated=807 execution_us=54839 reason=tracking_pose_accepted
x=2.89992 y=1.45014 yaw=-0.0588128 score=0.987845 valid=1 mode=tracking state=TRACKING evaluated=807 execution_us=61729 reason=tracking_pose_accepted
x=2.89992 y=1.45014 yaw=-0.059747 score=0.990996 valid=1 mode=tracking state=TRACKING evaluated=807 execution_us=59641 reason=tracking_pose_accepted
x=2.89992 y=1.45014 yaw=-0.0606812 score=0.989796 valid=1 mode=tracking state=TRACKING evaluated=807 execution_us=59062 reason=tracking_pose_accepted
x=2.89992 y=1.45014 yaw=-0.0616154 score=0.988577 valid=1 mode=tracking state=TRACKING evaluated=807 execution_us=59161 reason=tracking_pose_accepted
x=2.89992 y=1.45014 yaw=-0.0625495 score=0.987212 valid=1 mode=tracking state=TRACKING evaluated=807 execution_us=59411 reason=tracking_pose_accepted
x=2.89992 y=1.45014 yaw=-0.0460304 score=0.984394 valid=1 mode=tracking state=TRACKING evaluated=807 execution_us=59633 reason=tracking_pose_accepted
x=2.89992 y=1.45014 yaw=-0.0469646 score=0.988936 valid=1 mode=tracking state=TRACKING evaluated=807 execution_us=56609 reason=tracking_pose_accepted
x=2.89992 y=1.45014 yaw=-0.0478988 score=0.990096 valid=1 mode=tracking state=TRACKING evaluated=807 execution_us=56786 reason=tracking_pose_accepted
x=2.89992 y=1.45014 yaw=-0.048833 score=0.986239 valid=1 mode=tracking state=TRACKING evaluated=807 execution_us=55984 reason=tracking_pose_accepted
x=2.89992 y=1.45014 yaw=-0.0497672 score=0.989469 valid=1 mode=tracking state=TRACKING evaluated=807 execution_us=56898 reason=tracking_pose_accepted
x=2.89992 y=1.45014 yaw=-0.0507013 score=0.988537 valid=1 mode=tracking state=TRACKING evaluated=807 execution_us=56506 reason=tracking_pose_accepted
x=2.89992 y=1.45014 yaw=-0.0516355 score=0.989796 valid=1 mode=tracking state=TRACKING evaluated=807 execution_us=56798 reason=tracking_pose_accepted
x=2.89992 y=1.45014 yaw=-0.0525697 score=0.989496 valid=1 mode=tracking state=TRACKING evaluated=807 execution_us=60613 reason=tracking_pose_accepted
x=2.89992 y=1.45014 yaw=-0.0535039 score=0.987179 valid=1 mode=tracking state=TRACKING evaluated=807 execution_us=60718 reason=tracking_pose_accepted
x=2.89992 y=1.45014 yaw=-0.0544381 score=0.990696 valid=1 mode=tracking state=TRACKING evaluated=807 execution_us=61576 reason=tracking_pose_accepted
x=2.89992 y=1.45014 yaw=-0.0553723 score=0.988896 valid=1 mode=tracking state=TRACKING evaluated=807 execution_us=61376 reason=tracking_pose_accepted
x=2.89992 y=1.45014 yaw=-0.0563064 score=0.987876 valid=1 mode=tracking state=TRACKING evaluated=807 execution_us=61372 reason=tracking_pose_accepted
x=2.89992 y=1.45014 yaw=-0.0572406 score=0.98881 valid=1 mode=tracking state=TRACKING evaluated=807 execution_us=62740 reason=tracking_pose_accepted
x=2.89992 y=1.45014 yaw=-0.0581748 score=0.990396 valid=1 mode=tracking state=TRACKING evaluated=807 execution_us=58457 reason=tracking_pose_accepted
x=2.89992 y=1.45014 yaw=-0.059109 score=0.988839 valid=1 mode=tracking state=TRACKING evaluated=807 execution_us=57673 reason=tracking_pose_accepted
x=2.89992 y=1.45014 yaw=-0.0600432 score=0.989196 valid=1 mode=tracking state=TRACKING evaluated=807 execution_us=58743 reason=tracking_pose_accepted
x=2.89992 y=1.45014 yaw=-0.0609774 score=0.986542 valid=1 mode=tracking state=TRACKING evaluated=807 execution_us=58106 reason=tracking_pose_accepted
x=2.89992 y=1.45014 yaw=-0.0619115 score=0.990096 valid=1 mode=tracking state=TRACKING evaluated=807 execution_us=58648 reason=tracking_pose_accepted
x=2.89992 y=1.45014 yaw=-0.0628457 score=0.984994 valid=1 mode=tracking state=TRACKING evaluated=807 execution_us=61499 reason=tracking_pose_accepted
x=2.89992 y=1.45014 yaw=-0.0463266 score=0.988635 valid=1 mode=tracking state=TRACKING evaluated=807 execution_us=52302 reason=tracking_pose_accepted
x=2.89992 y=1.45014 yaw=-0.0472608 score=0.985744 valid=1 mode=tracking state=TRACKING evaluated=807 execution_us=52857 reason=tracking_pose_accepted
x=2.89992 y=1.45014 yaw=-0.048195 score=0.986645 valid=1 mode=tracking state=TRACKING evaluated=807 execution_us=52330 reason=tracking_pose_accepted
x=2.89992 y=1.45014 yaw=-0.0491291 score=0.986013 valid=1 mode=tracking state=TRACKING evaluated=807 execution_us=52520 reason=tracking_pose_accepted
x=2.89992 y=1.45014 yaw=-0.0500633 score=0.988839 valid=1 mode=tracking state=TRACKING evaluated=807 execution_us=52737 reason=tracking_pose_accepted
x=2.89992 y=1.45014 yaw=-0.0509975 score=0.989496 valid=1 mode=tracking state=TRACKING evaluated=807 execution_us=59199 reason=tracking_pose_accepted
x=2.89992 y=1.45014 yaw=-0.0519317 score=0.984994 valid=1 mode=tracking state=TRACKING evaluated=807 execution_us=59138 reason=tracking_pose_accepted
x=2.89992 y=1.45014 yaw=-0.0528659 score=0.990696 valid=1 mode=tracking state=TRACKING evaluated=807 execution_us=59775 reason=tracking_pose_accepted
x=2.89992 y=1.45014 yaw=-0.0538001 score=0.989496 valid=1 mode=tracking state=TRACKING evaluated=807 execution_us=59990 reason=tracking_pose_accepted
x=2.89992 y=1.45014 yaw=-0.0547342 score=0.989496 valid=1 mode=tracking state=TRACKING evaluated=807 execution_us=60563 reason=tracking_pose_accepted
x=2.89992 y=1.45014 yaw=-0.0556684 score=0.990096 valid=1 mode=tracking state=TRACKING evaluated=807 execution_us=60395 reason=tracking_pose_accepted
x=2.89992 y=1.45014 yaw=-0.0566026 score=0.987845 valid=1 mode=tracking state=TRACKING evaluated=807 execution_us=53507 reason=tracking_pose_accepted
x=2.89992 y=1.45014 yaw=-0.0575368 score=0.986878 valid=1 mode=tracking state=TRACKING evaluated=807 execution_us=54185 reason=tracking_pose_accepted
x=2.89992 y=1.45014 yaw=-0.058471 score=0.989717 valid=1 mode=tracking state=TRACKING evaluated=807 execution_us=53015 reason=tracking_pose_accepted
x=2.89992 y=1.45014 yaw=-0.0594052 score=0.986044 valid=1 mode=tracking state=TRACKING evaluated=807 execution_us=54639 reason=tracking_pose_accepted
x=2.89992 y=1.45014 yaw=-0.0603393 score=0.986878 valid=1 mode=tracking state=TRACKING evaluated=807 execution_us=54122 reason=tracking_pose_accepted
x=2.89992 y=1.45014 yaw=-0.0612735 score=0.989796 valid=1 mode=tracking state=TRACKING evaluated=807 execution_us=61199 reason=tracking_pose_accepted
x=2.89992 y=1.45014 yaw=-0.0622077 score=0.990096 valid=1 mode=tracking state=TRACKING evaluated=807 execution_us=58158 reason=tracking_pose_accepted
x=2.89992 y=1.45014 yaw=-0.0631419 score=0.984394 valid=1 mode=tracking state=TRACKING evaluated=807 execution_us=58239 reason=tracking_pose_accepted
x=2.89992 y=1.45014 yaw=-0.0466228 score=0.986952 valid=1 mode=tracking state=TRACKING evaluated=807 execution_us=58281 reason=tracking_pose_accepted
x=2.89992 y=1.45014 yaw=-0.0650102 score=0.984917 valid=1 mode=tracking state=TRACKING evaluated=807 execution_us=58764 reason=tracking_pose_accepted
x=2.89992 y=1.45014 yaw=-0.0484911 score=0.987212 valid=1 mode=tracking state=TRACKING evaluated=807 execution_us=58255 reason=tracking_pose_accepted
x=2.89992 y=1.45014 yaw=-0.0494253 score=0.989536 valid=1 mode=tracking state=TRACKING evaluated=807 execution_us=55093 reason=tracking_pose_accepted
x=2.89992 y=1.45014 yaw=-0.0503594 score=0.989415 valid=1 mode=tracking state=TRACKING evaluated=807 execution_us=59681 reason=tracking_pose_accepted
x=2.89992 y=1.45014 yaw=-0.0512936 score=0.989717 valid=1 mode=tracking state=TRACKING evaluated=807 execution_us=55023 reason=tracking_pose_accepted
x=2.89992 y=1.45014 yaw=-0.0522278 score=0.990071 valid=1 mode=tracking state=TRACKING evaluated=807 execution_us=55314 reason=tracking_pose_accepted
x=2.89992 y=1.45014 yaw=-0.053162 score=0.989796 valid=1 mode=tracking state=TRACKING evaluated=807 execution_us=55891 reason=tracking_pose_accepted
x=2.89992 y=1.45014 yaw=-0.0540962 score=0.990396 valid=1 mode=tracking state=TRACKING evaluated=807 execution_us=59401 reason=tracking_pose_accepted
x=2.89992 y=1.45014 yaw=-0.0550304 score=0.989796 valid=1 mode=tracking state=TRACKING evaluated=807 execution_us=60631 reason=tracking_pose_accepted
x=2.89992 y=1.45014 yaw=-0.0559645 score=0.987481 valid=1 mode=tracking state=TRACKING evaluated=807 execution_us=59450 reason=tracking_pose_accepted
x=2.89992 y=1.45014 yaw=-0.0568987 score=0.990071 valid=1 mode=tracking state=TRACKING evaluated=807 execution_us=59895 reason=tracking_pose_accepted
x=2.89992 y=1.45014 yaw=-0.0578329 score=0.990096 valid=1 mode=tracking state=TRACKING evaluated=807 execution_us=60625 reason=tracking_pose_accepted
x=2.89992 y=1.45014 yaw=-0.0587671 score=0.989196 valid=1 mode=tracking state=TRACKING evaluated=807 execution_us=60018 reason=tracking_pose_accepted
x=2.89992 y=1.45014 yaw=-0.0597013 score=0.988475 valid=1 mode=tracking state=TRACKING evaluated=807 execution_us=57221 reason=tracking_pose_accepted
x=2.89992 y=1.45014 yaw=-0.0606355 score=0.986945 valid=1 mode=tracking state=TRACKING evaluated=807 execution_us=57458 reason=tracking_pose_accepted
x=2.89992 y=1.45014 yaw=-0.0615696 score=0.986645 valid=1 mode=tracking state=TRACKING evaluated=807 execution_us=56724 reason=tracking_pose_accepted
x=2.89992 y=1.45014 yaw=-0.0625038 score=0.983793 valid=1 mode=tracking state=TRACKING evaluated=807 execution_us=57458 reason=tracking_pose_accepted
x=2.89992 y=1.45014 yaw=-0.063438 score=0.987513 valid=1 mode=tracking state=TRACKING evaluated=807 execution_us=57047 reason=tracking_pose_accepted
x=2.89992 y=1.45014 yaw=-0.0469189 score=0.984655 valid=1 mode=tracking state=TRACKING evaluated=807 execution_us=59088 reason=tracking_pose_accepted
x=2.89992 y=1.45014 yaw=-0.0478531 score=0.98393 valid=1 mode=tracking state=TRACKING evaluated=807 execution_us=60920 reason=tracking_pose_accepted
x=2.89992 y=1.45014 yaw=-0.0487873 score=0.988508 valid=1 mode=tracking state=TRACKING evaluated=807 execution_us=61159 reason=tracking_pose_accepted
x=2.89992 y=1.45014 yaw=-0.0497214 score=0.989236 valid=1 mode=tracking state=TRACKING evaluated=807 execution_us=61582 reason=tracking_pose_accepted
x=2.89992 y=1.45014 yaw=-0.0506556 score=0.989196 valid=1 mode=tracking state=TRACKING evaluated=807 execution_us=51540 reason=tracking_pose_accepted
x=2.89992 y=1.45014 yaw=-0.0515898 score=0.990436 valid=1 mode=tracking state=TRACKING evaluated=807 execution_us=62105 reason=tracking_pose_accepted
x=2.89992 y=1.45014 yaw=-0.052524 score=0.990396 valid=1 mode=tracking state=TRACKING evaluated=807 execution_us=67653 reason=tracking_pose_accepted
x=2.89992 y=1.45014 yaw=-0.0534582 score=0.986576 valid=1 mode=tracking state=TRACKING evaluated=807 execution_us=58491 reason=tracking_pose_accepted
x=2.89992 y=1.45014 yaw=-0.0543924 score=0.987179 valid=1 mode=tracking state=TRACKING evaluated=807 execution_us=58089 reason=tracking_pose_accepted
x=2.89992 y=1.45014 yaw=-0.0553265 score=0.987513 valid=1 mode=tracking state=TRACKING evaluated=807 execution_us=59168 reason=tracking_pose_accepted
x=2.89992 y=1.45014 yaw=-0.0562607 score=0.989196 valid=1 mode=tracking state=TRACKING evaluated=807 execution_us=58902 reason=tracking_pose_accepted
x=2.89992 y=1.45014 yaw=-0.0571949 score=0.989196 valid=1 mode=tracking state=TRACKING evaluated=807 execution_us=58667 reason=tracking_pose_accepted
x=2.89992 y=1.45014 yaw=-0.0581291 score=0.989496 valid=1 mode=tracking state=TRACKING evaluated=807 execution_us=66346 reason=tracking_pose_accepted
x=2.89992 y=1.45014 yaw=-0.0590633 score=0.990372 valid=1 mode=tracking state=TRACKING evaluated=807 execution_us=51378 reason=tracking_pose_accepted
x=2.89992 y=1.45014 yaw=-0.0599975 score=0.986239 valid=1 mode=tracking state=TRACKING evaluated=807 execution_us=52186 reason=tracking_pose_accepted
x=2.89992 y=1.45014 yaw=-0.0609316 score=0.987876 valid=1 mode=tracking state=TRACKING evaluated=807 execution_us=53543 reason=tracking_pose_accepted
x=2.89992 y=1.45014 yaw=-0.0618658 score=0.988445 valid=1 mode=tracking state=TRACKING evaluated=807 execution_us=52681 reason=tracking_pose_accepted
x=2.89992 y=1.45014 yaw=-0.0628 score=0.986945 valid=1 mode=tracking state=TRACKING evaluated=807 execution_us=53299 reason=tracking_pose_accepted
x=2.89992 y=1.45014 yaw=-0.0637342 score=0.985294 valid=1 mode=tracking state=TRACKING evaluated=807 execution_us=56952 reason=tracking_pose_accepted
x=2.89992 y=1.45014 yaw=-0.0472151 score=0.989509 valid=1 mode=tracking state=TRACKING evaluated=807 execution_us=59819 reason=tracking_pose_accepted
x=2.89992 y=1.45014 yaw=-0.0481492 score=0.988635 valid=1 mode=tracking state=TRACKING evaluated=807 execution_us=60554 reason=tracking_pose_accepted
x=2.89992 y=1.45014 yaw=-0.0490834 score=0.986645 valid=1 mode=tracking state=TRACKING evaluated=807 execution_us=59920 reason=tracking_pose_accepted
x=2.89992 y=1.45014 yaw=-0.0500176 score=0.990071 valid=1 mode=tracking state=TRACKING evaluated=807 execution_us=60049 reason=tracking_pose_accepted
x=2.89992 y=1.45014 yaw=-0.0509518 score=0.989796 valid=1 mode=tracking state=TRACKING evaluated=807 execution_us=52999 reason=tracking_pose_accepted
x=2.89992 y=1.45014 yaw=-0.051886 score=0.990372 valid=1 mode=tracking state=TRACKING evaluated=807 execution_us=54194 reason=tracking_pose_accepted
x=2.89992 y=1.45014 yaw=-0.0528202 score=0.989469 valid=1 mode=tracking state=TRACKING evaluated=807 execution_us=54218 reason=tracking_pose_accepted
x=2.89992 y=1.45014 yaw=-0.0537543 score=0.98977 valid=1 mode=tracking state=TRACKING evaluated=807 execution_us=54690 reason=tracking_pose_accepted
x=2.89992 y=1.45014 yaw=-0.0546885 score=0.98914 valid=1 mode=tracking state=TRACKING evaluated=807 execution_us=54578 reason=tracking_pose_accepted
x=2.89992 y=1.45014 yaw=-0.0556227 score=0.990996 valid=1 mode=tracking state=TRACKING evaluated=807 execution_us=55162 reason=tracking_pose_accepted
x=2.89992 y=1.45014 yaw=-0.0565569 score=0.990096 valid=1 mode=tracking state=TRACKING evaluated=807 execution_us=58524 reason=tracking_pose_accepted
x=2.89992 y=1.45014 yaw=-0.0574911 score=0.991274 valid=1 mode=tracking state=TRACKING evaluated=807 execution_us=95267 reason=tracking_pose_accepted
x=2.89992 y=1.45014 yaw=-0.0584253 score=0.991297 valid=1 mode=tracking state=TRACKING evaluated=807 execution_us=102976 reason=tracking_pose_accepted
x=2.89992 y=1.45014 yaw=-0.0593594 score=0.990096 valid=1 mode=tracking state=TRACKING evaluated=807 execution_us=48699 reason=tracking_pose_accepted
x=2.89992 y=1.45014 yaw=-0.0602936 score=0.986878 valid=1 mode=tracking state=TRACKING evaluated=807 execution_us=59254 reason=tracking_pose_accepted
x=2.89992 y=1.45014 yaw=-0.0612278 score=0.990372 valid=1 mode=tracking state=TRACKING evaluated=807 execution_us=55969 reason=tracking_pose_accepted
x=2.89992 y=1.45014 yaw=-0.062162 score=0.984956 valid=1 mode=tracking state=TRACKING evaluated=807 execution_us=56391 reason=tracking_pose_accepted
x=2.89992 y=1.45014 yaw=-0.0630962 score=0.987212 valid=1 mode=tracking state=TRACKING evaluated=807 execution_us=56606 reason=tracking_pose_accepted
x=2.89992 y=1.45014 yaw=-0.0640304 score=0.982655 valid=1 mode=tracking state=TRACKING evaluated=807 execution_us=56421 reason=tracking_pose_accepted
x=2.89992 y=1.45014 yaw=-0.0475113 score=0.989536 valid=1 mode=tracking state=TRACKING evaluated=807 execution_us=56415 reason=tracking_pose_accepted
x=2.89992 y=1.45014 yaw=-0.0484454 score=0.988577 valid=1 mode=tracking state=TRACKING evaluated=807 execution_us=56434 reason=tracking_pose_accepted
x=2.89992 y=1.45014 yaw=-0.0668329 score=0.983343 valid=1 mode=tracking state=TRACKING evaluated=807 execution_us=61545 reason=tracking_pose_accepted
x=2.89992 y=1.45014 yaw=-0.0503137 score=0.989496 valid=1 mode=tracking state=TRACKING evaluated=807 execution_us=60529 reason=tracking_pose_accepted
x=2.89992 y=1.45014 yaw=-0.0512479 score=0.989836 valid=1 mode=tracking state=TRACKING evaluated=807 execution_us=102132 reason=tracking_pose_accepted
x=2.89992 y=1.45014 yaw=-0.0521821 score=0.990096 valid=1 mode=tracking state=TRACKING evaluated=807 execution_us=97053 reason=tracking_pose_accepted
x=2.89992 y=1.45014 yaw=-0.0531163 score=0.989496 valid=1 mode=tracking state=TRACKING evaluated=807 execution_us=48685 reason=tracking_pose_accepted
x=2.89992 y=1.45014 yaw=-0.0540505 score=0.987545 valid=1 mode=tracking state=TRACKING evaluated=807 execution_us=58763 reason=tracking_pose_accepted
x=2.89992 y=1.45014 yaw=-0.0549846 score=0.989469 valid=1 mode=tracking state=TRACKING evaluated=807 execution_us=57059 reason=tracking_pose_accepted
x=2.89992 y=1.45014 yaw=-0.0559188 score=0.989796 valid=1 mode=tracking state=TRACKING evaluated=807 execution_us=58737 reason=tracking_pose_accepted
x=2.89992 y=1.45014 yaw=-0.056853 score=0.990396 valid=1 mode=tracking state=TRACKING evaluated=807 execution_us=57451 reason=tracking_pose_accepted
x=2.89992 y=1.45014 yaw=-0.0577872 score=0.986878 valid=1 mode=tracking state=TRACKING evaluated=807 execution_us=57392 reason=tracking_pose_accepted
x=2.89992 y=1.45014 yaw=-0.0587214 score=0.990672 valid=1 mode=tracking state=TRACKING evaluated=807 execution_us=59340 reason=tracking_pose_accepted
x=2.89992 y=1.45014 yaw=-0.0596556 score=0.989168 valid=1 mode=tracking state=TRACKING evaluated=807 execution_us=51181 reason=tracking_pose_accepted
x=2.89992 y=1.45014 yaw=-0.0605897 score=0.98914 valid=1 mode=tracking state=TRACKING evaluated=807 execution_us=51213 reason=tracking_pose_accepted
x=2.89992 y=1.45014 yaw=-0.0615239 score=0.986945 valid=1 mode=tracking state=TRACKING evaluated=807 execution_us=51776 reason=tracking_pose_accepted
x=2.89992 y=1.45014 yaw=-0.0624581 score=0.984956 valid=1 mode=tracking state=TRACKING evaluated=807 execution_us=51410 reason=tracking_pose_accepted
x=2.89992 y=1.45014 yaw=-0.0633923 score=0.984094 valid=1 mode=tracking state=TRACKING evaluated=807 execution_us=52494 reason=tracking_pose_accepted
x=2.89992 y=1.45014 yaw=-0.0468732 score=0.985973 valid=1 mode=tracking state=TRACKING evaluated=807 execution_us=51581 reason=tracking_pose_accepted
x=2.89992 y=1.45014 yaw=-0.0478074 score=0.982143 valid=1 mode=tracking state=TRACKING evaluated=807 execution_us=58465 reason=tracking_pose_accepted
x=2.89992 y=1.45014 yaw=-0.0487415 score=0.986952 valid=1 mode=tracking state=TRACKING evaluated=807 execution_us=59184 reason=tracking_pose_accepted
x=2.89992 y=1.45014 yaw=-0.0496757 score=0.989168 valid=1 mode=tracking state=TRACKING evaluated=807 execution_us=59812 reason=tracking_pose_accepted
x=2.89992 y=1.45014 yaw=-0.0506099 score=0.989196 valid=1 mode=tracking state=TRACKING evaluated=807 execution_us=59052 reason=tracking_pose_accepted
x=2.89992 y=1.45014 yaw=-0.0515441 score=0.989469 valid=1 mode=tracking state=TRACKING evaluated=807 execution_us=59526 reason=tracking_pose_accepted
x=2.89992 y=1.45014 yaw=-0.0524783 score=0.989496 valid=1 mode=tracking state=TRACKING evaluated=807 execution_us=66284 reason=tracking_pose_accepted
x=2.89992 y=1.45014 yaw=-0.0534125 score=0.990347 valid=1 mode=tracking state=TRACKING evaluated=807 execution_us=53568 reason=tracking_pose_accepted
x=2.89992 y=1.45014 yaw=-0.0543466 score=0.988896 valid=1 mode=tracking state=TRACKING evaluated=807 execution_us=53344 reason=tracking_pose_accepted
x=2.89992 y=1.45014 yaw=-0.0552808 score=0.990096 valid=1 mode=tracking state=TRACKING evaluated=807 execution_us=53659 reason=tracking_pose_accepted
x=2.89992 y=1.45014 yaw=-0.056215 score=0.98977 valid=1 mode=tracking state=TRACKING evaluated=807 execution_us=53794 reason=tracking_pose_accepted
x=2.89992 y=1.45014 yaw=-0.0571492 score=0.989796 valid=1 mode=tracking state=TRACKING evaluated=807 execution_us=53606 reason=tracking_pose_accepted
x=2.89992 y=1.45014 yaw=-0.0580834 score=0.988839 valid=1 mode=tracking state=TRACKING evaluated=807 execution_us=59995 reason=tracking_pose_accepted
x=2.89992 y=1.45014 yaw=-0.0590176 score=0.987147 valid=1 mode=tracking state=TRACKING evaluated=807 execution_us=57888 reason=tracking_pose_accepted
x=2.89992 y=1.45014 yaw=-0.0599517 score=0.990071 valid=1 mode=tracking state=TRACKING evaluated=807 execution_us=57427 reason=tracking_pose_accepted
x=2.89992 y=1.45014 yaw=-0.0608859 score=0.989796 valid=1 mode=tracking state=TRACKING evaluated=807 execution_us=58021 reason=tracking_pose_accepted
x=2.89992 y=1.45014 yaw=-0.0618201 score=0.986945 valid=1 mode=tracking state=TRACKING evaluated=807 execution_us=57956 reason=tracking_pose_accepted
x=2.89992 y=1.45014 yaw=-0.0627543 score=0.987513 valid=1 mode=tracking state=TRACKING evaluated=807 execution_us=54613 reason=tracking_pose_accepted
x=2.89992 y=1.45014 yaw=-0.0636885 score=0.988084 valid=1 mode=tracking state=TRACKING evaluated=807 execution_us=54884 reason=tracking_pose_accepted
x=2.89992 y=1.45014 yaw=-0.0471694 score=0.988548 valid=1 mode=tracking state=TRACKING evaluated=807 execution_us=54375 reason=tracking_pose_accepted
x=2.89992 y=1.45014 yaw=-0.0481035 score=0.98661 valid=1 mode=tracking state=TRACKING evaluated=807 execution_us=54990 reason=tracking_pose_accepted
x=2.89992 y=1.45014 yaw=-0.0490377 score=0.98914 valid=1 mode=tracking state=TRACKING evaluated=807 execution_us=55256 reason=tracking_pose_accepted
x=2.89992 y=1.45014 yaw=-0.0499719 score=0.990372 valid=1 mode=tracking state=TRACKING evaluated=807 execution_us=55318 reason=tracking_pose_accepted
x=2.89992 y=1.45014 yaw=-0.0509061 score=0.990696 valid=1 mode=tracking state=TRACKING evaluated=807 execution_us=58956 reason=tracking_pose_accepted
x=2.89992 y=1.45014 yaw=-0.0518403 score=0.990136 valid=1 mode=tracking state=TRACKING evaluated=807 execution_us=60527 reason=tracking_pose_accepted
x=2.89992 y=1.45014 yaw=-0.0527744 score=0.989796 valid=1 mode=tracking state=TRACKING evaluated=807 execution_us=59664 reason=tracking_pose_accepted
x=2.89992 y=1.45014 yaw=-0.0537086 score=0.990396 valid=1 mode=tracking state=TRACKING evaluated=807 execution_us=60197 reason=tracking_pose_accepted
x=2.89992 y=1.45014 yaw=-0.0546428 score=0.987449 valid=1 mode=tracking state=TRACKING evaluated=807 execution_us=59385 reason=tracking_pose_accepted
x=2.89992 y=1.45014 yaw=-0.055577 score=0.98977 valid=1 mode=tracking state=TRACKING evaluated=807 execution_us=59719 reason=tracking_pose_accepted
x=2.89992 y=1.45014 yaw=-0.0565112 score=0.989469 valid=1 mode=tracking state=TRACKING evaluated=807 execution_us=56625 reason=tracking_pose_accepted
x=2.89992 y=1.45014 yaw=-0.0574454 score=0.989717 valid=1 mode=tracking state=TRACKING evaluated=807 execution_us=55682 reason=tracking_pose_accepted
x=2.89992 y=1.45014 yaw=-0.0583795 score=0.988896 valid=1 mode=tracking state=TRACKING evaluated=807 execution_us=56273 reason=tracking_pose_accepted
x=2.89992 y=1.45014 yaw=-0.0593137 score=0.98661 valid=1 mode=tracking state=TRACKING evaluated=807 execution_us=56651 reason=tracking_pose_accepted
x=2.89992 y=1.45014 yaw=-0.0602479 score=0.990996 valid=1 mode=tracking state=TRACKING evaluated=807 execution_us=56519 reason=tracking_pose_accepted
x=2.89992 y=1.45014 yaw=-0.0611821 score=0.989496 valid=1 mode=tracking state=TRACKING evaluated=807 execution_us=60561 reason=tracking_pose_accepted
x=2.89992 y=1.45014 yaw=-0.0621163 score=0.986274 valid=1 mode=tracking state=TRACKING evaluated=807 execution_us=60521 reason=tracking_pose_accepted
x=2.89992 y=1.45014 yaw=-0.0630505 score=0.988145 valid=1 mode=tracking state=TRACKING evaluated=807 execution_us=61827 reason=tracking_pose_accepted
x=2.89992 y=1.45014 yaw=-0.0465314 score=0.986084 valid=1 mode=tracking state=TRACKING evaluated=807 execution_us=61694 reason=tracking_pose_accepted
x=2.89992 y=1.45014 yaw=-0.0474655 score=0.98541 valid=1 mode=tracking state=TRACKING evaluated=807 execution_us=60879 reason=tracking_pose_accepted
x=2.89992 y=1.45014 yaw=-0.0483997 score=0.98885 valid=1 mode=tracking state=TRACKING evaluated=807 execution_us=66134 reason=tracking_pose_accepted
x=2.89992 y=1.45014 yaw=-0.0493339 score=0.99002 valid=1 mode=tracking state=TRACKING evaluated=807 execution_us=57739 reason=tracking_pose_accepted
x=2.89992 y=1.45014 yaw=-0.0502681 score=0.989455 valid=1 mode=tracking state=TRACKING evaluated=807 execution_us=57003 reason=tracking_pose_accepted
x=2.89992 y=1.45014 yaw=-0.0512023 score=0.98977 valid=1 mode=tracking state=TRACKING evaluated=807 execution_us=58190 reason=tracking_pose_accepted
x=2.89992 y=1.45014 yaw=-0.0521364 score=0.989496 valid=1 mode=tracking state=TRACKING evaluated=807 execution_us=58464 reason=tracking_pose_accepted
x=2.89992 y=1.45014 yaw=-0.0530706 score=0.989415 valid=1 mode=tracking state=TRACKING evaluated=807 execution_us=58225 reason=tracking_pose_accepted
x=2.89992 y=1.45014 yaw=-0.0540048 score=0.986878 valid=1 mode=tracking state=TRACKING evaluated=807 execution_us=62098 reason=tracking_pose_accepted
x=2.89992 y=1.45014 yaw=-0.054939 score=0.990372 valid=1 mode=tracking state=TRACKING evaluated=807 execution_us=51768 reason=tracking_pose_accepted
x=2.89992 y=1.45014 yaw=-0.0558732 score=0.987179 valid=1 mode=tracking state=TRACKING evaluated=807 execution_us=51748 reason=tracking_pose_accepted
x=2.89992 y=1.45014 yaw=-0.0568074 score=0.989168 valid=1 mode=tracking state=TRACKING evaluated=807 execution_us=52462 reason=tracking_pose_accepted
x=2.89992 y=1.45014 yaw=-0.0577415 score=0.987212 valid=1 mode=tracking state=TRACKING evaluated=807 execution_us=51829 reason=tracking_pose_accepted
x=2.89992 y=1.45014 yaw=-0.0586757 score=0.989196 valid=1 mode=tracking state=TRACKING evaluated=807 execution_us=52116 reason=tracking_pose_accepted
x=2.89992 y=1.45014 yaw=-0.0596099 score=0.990973 valid=1 mode=tracking state=TRACKING evaluated=807 execution_us=52391 reason=tracking_pose_accepted
x=2.89992 y=1.45014 yaw=-0.0605441 score=0.988265 valid=1 mode=tracking state=TRACKING evaluated=807 execution_us=58710 reason=tracking_pose_accepted
x=2.89992 y=1.45014 yaw=-0.0614783 score=0.989496 valid=1 mode=tracking state=TRACKING evaluated=807 execution_us=59864 reason=tracking_pose_accepted
x=2.89992 y=1.45014 yaw=-0.0624125 score=0.984994 valid=1 mode=tracking state=TRACKING evaluated=807 execution_us=59631 reason=tracking_pose_accepted
x=2.89992 y=1.45014 yaw=-0.0633466 score=0.984094 valid=1 mode=tracking state=TRACKING evaluated=807 execution_us=59850 reason=tracking_pose_accepted
x=2.89992 y=1.45014 yaw=-0.0642808 score=0.984694 valid=1 mode=tracking state=TRACKING evaluated=807 execution_us=60845 reason=tracking_pose_accepted
x=2.89992 y=1.45014 yaw=-0.0477617 score=0.988896 valid=1 mode=tracking state=TRACKING evaluated=807 execution_us=53483 reason=tracking_pose_accepted
x=2.89992 y=1.45014 yaw=-0.0486959 score=0.984354 valid=1 mode=tracking state=TRACKING evaluated=807 execution_us=53593 reason=tracking_pose_accepted
x=2.89992 y=1.45014 yaw=-0.0496301 score=0.989796 valid=1 mode=tracking state=TRACKING evaluated=807 execution_us=54388 reason=tracking_pose_accepted
x=2.89992 y=1.45014 yaw=-0.0505642 score=0.989744 valid=1 mode=tracking state=TRACKING evaluated=807 execution_us=53813 reason=tracking_pose_accepted
x=2.89992 y=1.45014 yaw=-0.0514984 score=0.989744 valid=1 mode=tracking state=TRACKING evaluated=807 execution_us=53798 reason=tracking_pose_accepted
x=2.89992 y=1.45014 yaw=-0.0524326 score=0.989469 valid=1 mode=tracking state=TRACKING evaluated=807 execution_us=57831 reason=tracking_pose_accepted
x=2.89992 y=1.45014 yaw=-0.0533668 score=0.990372 valid=1 mode=tracking state=TRACKING evaluated=807 execution_us=57544 reason=tracking_pose_accepted
x=2.89992 y=1.45014 yaw=-0.054301 score=0.989469 valid=1 mode=tracking state=TRACKING evaluated=807 execution_us=58496 reason=tracking_pose_accepted
x=2.89992 y=1.45014 yaw=-0.0552352 score=0.987212 valid=1 mode=tracking state=TRACKING evaluated=807 execution_us=58396 reason=tracking_pose_accepted
x=2.89992 y=1.45014 yaw=-0.0561693 score=0.987245 valid=1 mode=tracking state=TRACKING evaluated=807 execution_us=59236 reason=tracking_pose_accepted
x=2.89992 y=1.45014 yaw=-0.0571035 score=0.990096 valid=1 mode=tracking state=TRACKING evaluated=807 execution_us=59164 reason=tracking_pose_accepted
x=2.89992 y=1.45014 yaw=-0.0580377 score=0.987513 valid=1 mode=tracking state=TRACKING evaluated=807 execution_us=54311 reason=tracking_pose_accepted
x=2.89992 y=1.45014 yaw=-0.0589719 score=0.990696 valid=1 mode=tracking state=TRACKING evaluated=807 execution_us=54749 reason=tracking_pose_accepted
x=2.89992 y=1.45014 yaw=-0.0599061 score=0.990996 valid=1 mode=tracking state=TRACKING evaluated=807 execution_us=55204 reason=tracking_pose_accepted
x=2.89992 y=1.45014 yaw=-0.0608403 score=0.990096 valid=1 mode=tracking state=TRACKING evaluated=807 execution_us=55245 reason=tracking_pose_accepted
x=2.89992 y=1.45014 yaw=-0.0617744 score=0.988781 valid=1 mode=tracking state=TRACKING evaluated=807 execution_us=55488 reason=tracking_pose_accepted
x=2.89992 y=1.45014 yaw=-0.0627086 score=0.988896 valid=1 mode=tracking state=TRACKING evaluated=807 execution_us=62112 reason=tracking_pose_accepted
x=2.89992 y=1.45014 yaw=-0.0636428 score=0.987814 valid=1 mode=tracking state=TRACKING evaluated=807 execution_us=58998 reason=tracking_pose_accepted
x=2.89992 y=1.45014 yaw=-0.0471237 score=0.988306 valid=1 mode=tracking state=TRACKING evaluated=807 execution_us=59822 reason=tracking_pose_accepted
x=2.89992 y=1.45014 yaw=-0.0480579 score=0.986945 valid=1 mode=tracking state=TRACKING evaluated=807 execution_us=59642 reason=tracking_pose_accepted
x=2.89992 y=1.45014 yaw=-0.0489921 score=0.989181 valid=1 mode=tracking state=TRACKING evaluated=807 execution_us=59504 reason=tracking_pose_accepted
x=2.89992 y=1.45014 yaw=-0.0499262 score=0.989196 valid=1 mode=tracking state=TRACKING evaluated=807 execution_us=60324 reason=tracking_pose_accepted
x=2.89992 y=1.45014 yaw=-0.0508604 score=0.990096 valid=1 mode=tracking state=TRACKING evaluated=807 execution_us=56510 reason=tracking_pose_accepted
x=2.89992 y=1.45014 yaw=-0.0517946 score=0.990071 valid=1 mode=tracking state=TRACKING evaluated=807 execution_us=57097 reason=tracking_pose_accepted
x=2.89992 y=1.45014 yaw=-0.0527288 score=0.989168 valid=1 mode=tracking state=TRACKING evaluated=807 execution_us=56521 reason=tracking_pose_accepted
x=2.89992 y=1.45014 yaw=-0.053663 score=0.991274 valid=1 mode=tracking state=TRACKING evaluated=807 execution_us=56376 reason=tracking_pose_accepted
x=2.89992 y=1.45014 yaw=-0.0545972 score=0.990672 valid=1 mode=tracking state=TRACKING evaluated=807 execution_us=57147 reason=tracking_pose_accepted
x=2.89992 y=1.45014 yaw=-0.0555313 score=0.990096 valid=1 mode=tracking state=TRACKING evaluated=807 execution_us=56485 reason=tracking_pose_accepted
x=2.89992 y=1.45014 yaw=-0.0564655 score=0.987212 valid=1 mode=tracking state=TRACKING evaluated=807 execution_us=60118 reason=tracking_pose_accepted
x=2.89992 y=1.45014 yaw=-0.0573997 score=0.991597 valid=1 mode=tracking state=TRACKING evaluated=807 execution_us=61120 reason=tracking_pose_accepted
x=2.89992 y=1.45014 yaw=-0.0583339 score=0.990696 valid=1 mode=tracking state=TRACKING evaluated=807 execution_us=50852 reason=tracking_pose_accepted
x=2.89992 y=1.45014 yaw=-0.0592681 score=0.989196 valid=1 mode=tracking state=TRACKING evaluated=807 execution_us=61557 reason=tracking_pose_accepted
x=2.89992 y=1.45014 yaw=-0.0602023 score=0.989442 valid=1 mode=tracking state=TRACKING evaluated=807 execution_us=61592 reason=tracking_pose_accepted
x=2.89992 y=1.45014 yaw=-0.0611364 score=0.990996 valid=1 mode=tracking state=TRACKING evaluated=807 execution_us=51267 reason=tracking_pose_accepted
x=2.89992 y=1.45014 yaw=-0.0620706 score=0.990045 valid=1 mode=tracking state=TRACKING evaluated=807 execution_us=59852 reason=tracking_pose_accepted
x=2.89992 y=1.45014 yaw=-0.0630048 score=0.984655 valid=1 mode=tracking state=TRACKING evaluated=807 execution_us=58171 reason=tracking_pose_accepted
x=2.89992 y=1.45014 yaw=-0.063939 score=0.984694 valid=1 mode=tracking state=TRACKING evaluated=807 execution_us=58483 reason=tracking_pose_accepted
x=2.89992 y=1.45014 yaw=-0.0474199 score=0.987974 valid=1 mode=tracking state=TRACKING evaluated=807 execution_us=58829 reason=tracking_pose_accepted
x=2.89992 y=1.45014 yaw=-0.048354 score=0.983792 valid=1 mode=tracking state=TRACKING evaluated=807 execution_us=58610 reason=tracking_pose_accepted
x=2.89992 y=1.45014 yaw=-0.0492882 score=0.988936 valid=1 mode=tracking state=TRACKING evaluated=807 execution_us=65345 reason=tracking_pose_accepted
x=2.89992 y=1.45014 yaw=-0.0502224 score=0.990396 valid=1 mode=tracking state=TRACKING evaluated=807 execution_us=51553 reason=tracking_pose_accepted
x=2.89992 y=1.45014 yaw=-0.0511566 score=0.989496 valid=1 mode=tracking state=TRACKING evaluated=807 execution_us=52345 reason=tracking_pose_accepted
x=2.89992 y=1.45014 yaw=-0.0520908 score=0.990045 valid=1 mode=tracking state=TRACKING evaluated=807 execution_us=52549 reason=tracking_pose_accepted
x=2.89992 y=1.45014 yaw=-0.053025 score=0.987179 valid=1 mode=tracking state=TRACKING evaluated=807 execution_us=52201 reason=tracking_pose_accepted
x=2.89992 y=1.45014 yaw=-0.0539591 score=0.990396 valid=1 mode=tracking state=TRACKING evaluated=807 execution_us=52726 reason=tracking_pose_accepted
x=2.89992 y=1.45014 yaw=-0.0548933 score=0.987481 valid=1 mode=tracking state=TRACKING evaluated=807 execution_us=52656 reason=tracking_pose_accepted
x=2.89992 y=1.45014 yaw=-0.0558275 score=0.989196 valid=1 mode=tracking state=TRACKING evaluated=807 execution_us=59518 reason=tracking_pose_accepted
x=2.89992 y=1.45014 yaw=-0.0567617 score=0.990696 valid=1 mode=tracking state=TRACKING evaluated=807 execution_us=59398 reason=tracking_pose_accepted
x=2.89992 y=1.45014 yaw=-0.0576959 score=0.987449 valid=1 mode=tracking state=TRACKING evaluated=807 execution_us=59713 reason=tracking_pose_accepted
x=2.89992 y=1.45014 yaw=-0.0586301 score=0.989796 valid=1 mode=tracking state=TRACKING evaluated=807 execution_us=59777 reason=tracking_pose_accepted
x=2.89992 y=1.45014 yaw=-0.0595642 score=0.987814 valid=1 mode=tracking state=TRACKING evaluated=807 execution_us=59922 reason=tracking_pose_accepted
x=2.89992 y=1.45014 yaw=-0.0604984 score=0.990696 valid=1 mode=tracking state=TRACKING evaluated=807 execution_us=52516 reason=tracking_pose_accepted
x=2.89992 y=1.45014 yaw=-0.0614326 score=0.985294 valid=1 mode=tracking state=TRACKING evaluated=807 execution_us=53580 reason=tracking_pose_accepted
x=2.89992 y=1.45014 yaw=-0.0623668 score=0.988746 valid=1 mode=tracking state=TRACKING evaluated=807 execution_us=54482 reason=tracking_pose_accepted
x=2.89992 y=1.45014 yaw=-0.063301 score=0.987695 valid=1 mode=tracking state=TRACKING evaluated=807 execution_us=54072 reason=tracking_pose_accepted
x=2.89992 y=1.45014 yaw=-0.0642352 score=0.985557 valid=1 mode=tracking state=TRACKING evaluated=807 execution_us=53288 reason=tracking_pose_accepted
x=2.89992 y=1.45014 yaw=-0.0477161 score=0.985256 valid=1 mode=tracking state=TRACKING evaluated=807 execution_us=53936 reason=tracking_pose_accepted
x=2.89992 y=1.45014 yaw=-0.0486502 score=0.98914 valid=1 mode=tracking state=TRACKING evaluated=807 execution_us=57495 reason=tracking_pose_accepted
x=2.89992 y=1.45014 yaw=-0.0495844 score=0.98631 valid=1 mode=tracking state=TRACKING evaluated=807 execution_us=57492 reason=tracking_pose_accepted
x=2.89992 y=1.45014 yaw=-0.0505186 score=0.986952 valid=1 mode=tracking state=TRACKING evaluated=807 execution_us=58323 reason=tracking_pose_accepted
x=2.89992 y=1.45014 yaw=-0.0514528 score=0.990096 valid=1 mode=tracking state=TRACKING evaluated=807 execution_us=58594 reason=tracking_pose_accepted
x=2.89992 y=1.45014 yaw=-0.052387 score=0.981843 valid=1 mode=tracking state=TRACKING evaluated=807 execution_us=59006 reason=tracking_pose_accepted
x=2.89992 y=1.45014 yaw=-0.0533211 score=0.989796 valid=1 mode=tracking state=TRACKING evaluated=807 execution_us=63675 reason=tracking_pose_accepted
x=2.89992 y=1.45014 yaw=-0.0542553 score=0.990396 valid=1 mode=tracking state=TRACKING evaluated=807 execution_us=55233 reason=tracking_pose_accepted
x=2.89992 y=1.45014 yaw=-0.0551895 score=0.990372 valid=1 mode=tracking state=TRACKING evaluated=807 execution_us=56050 reason=tracking_pose_accepted
x=2.89992 y=1.45014 yaw=-0.0561237 score=0.990973 valid=1 mode=tracking state=TRACKING evaluated=807 execution_us=55147 reason=tracking_pose_accepted
x=2.89992 y=1.45014 yaw=-0.0570579 score=0.987179 valid=1 mode=tracking state=TRACKING evaluated=807 execution_us=55262 reason=tracking_pose_accepted
x=2.89992 y=1.45014 yaw=-0.0579921 score=0.988896 valid=1 mode=tracking state=TRACKING evaluated=807 execution_us=56333 reason=tracking_pose_accepted
x=2.89992 y=1.45014 yaw=-0.0589262 score=0.987513 valid=1 mode=tracking state=TRACKING evaluated=807 execution_us=59109 reason=tracking_pose_accepted
x=2.89992 y=1.45014 yaw=-0.0598604 score=0.991297 valid=1 mode=tracking state=TRACKING evaluated=807 execution_us=60309 reason=tracking_pose_accepted
x=2.89992 y=1.45014 yaw=-0.0607946 score=0.988115 valid=1 mode=tracking state=TRACKING evaluated=807 execution_us=59841 reason=tracking_pose_accepted
x=2.89992 y=1.45014 yaw=-0.0617288 score=0.99002 valid=1 mode=tracking state=TRACKING evaluated=807 execution_us=60945 reason=tracking_pose_accepted
x=2.89992 y=1.45014 yaw=-0.062663 score=0.985594 valid=1 mode=tracking state=TRACKING evaluated=807 execution_us=60668 reason=tracking_pose_accepted
x=2.89992 y=1.45014 yaw=-0.0635972 score=0.985858 valid=1 mode=tracking state=TRACKING evaluated=807 execution_us=60037 reason=tracking_pose_accepted
x=2.89992 y=1.45014 yaw=-0.0470781 score=0.984314 valid=1 mode=tracking state=TRACKING evaluated=807 execution_us=56483 reason=tracking_pose_accepted
x=2.89992 y=1.45014 yaw=-0.0480122 score=0.986009 valid=1 mode=tracking state=TRACKING evaluated=807 execution_us=57182 reason=tracking_pose_accepted
x=2.89992 y=1.45014 yaw=-0.0489464 score=0.984994 valid=1 mode=tracking state=TRACKING evaluated=807 execution_us=57110 reason=tracking_pose_accepted
x=2.89992 y=1.45014 yaw=-0.0498806 score=0.986918 valid=1 mode=tracking state=TRACKING evaluated=807 execution_us=56767 reason=tracking_pose_accepted
x=2.89992 y=1.45014 yaw=-0.0508148 score=0.988475 valid=1 mode=tracking state=TRACKING evaluated=807 execution_us=57447 reason=tracking_pose_accepted
x=2.89992 y=1.45014 yaw=-0.0517489 score=0.987212 valid=1 mode=tracking state=TRACKING evaluated=807 execution_us=57227 reason=tracking_pose_accepted
x=2.89992 y=1.45014 yaw=-0.0526831 score=0.988896 valid=1 mode=tracking state=TRACKING evaluated=807 execution_us=61808 reason=tracking_pose_accepted
x=2.89992 y=1.45014 yaw=-0.0536173 score=0.984839 valid=1 mode=tracking state=TRACKING evaluated=807 execution_us=60566 reason=tracking_pose_accepted
x=2.89992 y=1.45014 yaw=-0.0545515 score=0.990696 valid=1 mode=tracking state=TRACKING evaluated=807 execution_us=61798 reason=tracking_pose_accepted
x=2.89992 y=1.45014 yaw=-0.0554857 score=0.988084 valid=1 mode=tracking state=TRACKING evaluated=807 execution_us=51799 reason=tracking_pose_accepted
x=2.89992 y=1.45014 yaw=-0.0564199 score=0.990071 valid=1 mode=tracking state=TRACKING evaluated=807 execution_us=61628 reason=tracking_pose_accepted
x=2.89992 y=1.45014 yaw=-0.057354 score=0.990071 valid=1 mode=tracking state=TRACKING evaluated=807 execution_us=58356 reason=tracking_pose_accepted
x=2.89992 y=1.45014 yaw=-0.0582882 score=0.989469 valid=1 mode=tracking state=TRACKING evaluated=807 execution_us=58561 reason=tracking_pose_accepted
x=2.89992 y=1.45014 yaw=-0.0592224 score=0.989796 valid=1 mode=tracking state=TRACKING evaluated=807 execution_us=58681 reason=tracking_pose_accepted
x=2.89992 y=1.45014 yaw=-0.0601566 score=0.991274 valid=1 mode=tracking state=TRACKING evaluated=807 execution_us=58897 reason=tracking_pose_accepted
x=2.89992 y=1.45014 yaw=-0.0610908 score=0.987845 valid=1 mode=tracking state=TRACKING evaluated=807 execution_us=58755 reason=tracking_pose_accepted
x=2.89992 y=1.45014 yaw=-0.062025 score=0.986576 valid=1 mode=tracking state=TRACKING evaluated=807 execution_us=58457 reason=tracking_pose_accepted
x=2.89992 y=1.45014 yaw=-0.0629591 score=0.984878 valid=1 mode=tracking state=TRACKING evaluated=807 execution_us=61600 reason=tracking_pose_accepted
x=2.89992 y=1.45014 yaw=-0.0638933 score=0.986693 valid=1 mode=tracking state=TRACKING evaluated=807 execution_us=52835 reason=tracking_pose_accepted
x=2.89992 y=1.45014 yaw=-0.0473742 score=0.98661 valid=1 mode=tracking state=TRACKING evaluated=807 execution_us=52606 reason=tracking_pose_accepted
x=2.89992 y=1.45014 yaw=-0.0483084 score=0.986645 valid=1 mode=tracking state=TRACKING evaluated=807 execution_us=53419 reason=tracking_pose_accepted
x=2.89992 y=1.45014 yaw=-0.0492426 score=0.987545 valid=1 mode=tracking state=TRACKING evaluated=807 execution_us=52961 reason=tracking_pose_accepted
x=2.89992 y=1.45014 yaw=-0.0501768 score=0.986645 valid=1 mode=tracking state=TRACKING evaluated=807 execution_us=52965 reason=tracking_pose_accepted
x=2.89992 y=1.45014 yaw=-0.0511109 score=0.98977 valid=1 mode=tracking state=TRACKING evaluated=807 execution_us=59854 reason=tracking_pose_accepted
x=2.89992 y=1.45014 yaw=-0.0520451 score=0.990372 valid=1 mode=tracking state=TRACKING evaluated=807 execution_us=59660 reason=tracking_pose_accepted
x=2.89992 y=1.45014 yaw=-0.0529793 score=0.988867 valid=1 mode=tracking state=TRACKING evaluated=807 execution_us=60022 reason=tracking_pose_accepted
x=2.89992 y=1.45014 yaw=-0.0539135 score=0.987449 valid=1 mode=tracking state=TRACKING evaluated=807 execution_us=59405 reason=tracking_pose_accepted
x=2.89992 y=1.45014 yaw=-0.0548477 score=0.98977 valid=1 mode=tracking state=TRACKING evaluated=807 execution_us=59566 reason=tracking_pose_accepted
x=2.89992 y=1.45014 yaw=-0.0557819 score=0.989469 valid=1 mode=tracking state=TRACKING evaluated=807 execution_us=66346 reason=tracking_pose_accepted
x=2.89992 y=1.45014 yaw=-0.056716 score=0.988867 valid=1 mode=tracking state=TRACKING evaluated=807 execution_us=52843 reason=tracking_pose_accepted
x=2.89992 y=1.45014 yaw=-0.0576502 score=0.989496 valid=1 mode=tracking state=TRACKING evaluated=807 execution_us=53502 reason=tracking_pose_accepted
x=2.89992 y=1.45014 yaw=-0.0585844 score=0.986878 valid=1 mode=tracking state=TRACKING evaluated=807 execution_us=53832 reason=tracking_pose_accepted
x=2.89992 y=1.45014 yaw=-0.0595186 score=0.990071 valid=1 mode=tracking state=TRACKING evaluated=807 execution_us=53773 reason=tracking_pose_accepted
x=2.89992 y=1.45014 yaw=-0.0604528 score=0.990396 valid=1 mode=tracking state=TRACKING evaluated=807 execution_us=62684 reason=tracking_pose_accepted
x=2.89992 y=1.45014 yaw=-0.061387 score=0.990396 valid=1 mode=tracking state=TRACKING evaluated=807 execution_us=58424 reason=tracking_pose_accepted
x=2.89992 y=1.45014 yaw=-0.0623211 score=0.987783 valid=1 mode=tracking state=TRACKING evaluated=807 execution_us=58057 reason=tracking_pose_accepted
x=2.89992 y=1.45014 yaw=-0.0632553 score=0.985594 valid=1 mode=tracking state=TRACKING evaluated=807 execution_us=59054 reason=tracking_pose_accepted
x=2.89992 y=1.45014 yaw=-0.0641895 score=0.986194 valid=1 mode=tracking state=TRACKING evaluated=807 execution_us=58800 reason=tracking_pose_accepted
x=2.89992 y=1.45014 yaw=-0.0476704 score=0.981796 valid=1 mode=tracking state=TRACKING evaluated=807 execution_us=58954 reason=tracking_pose_accepted
x=2.89992 y=1.45014 yaw=-0.0486046 score=0.988577 valid=1 mode=tracking state=TRACKING evaluated=807 execution_us=60366 reason=tracking_pose_accepted
x=2.89992 y=1.45014 yaw=-0.066992 score=0.983602 valid=1 mode=tracking state=TRACKING evaluated=807 execution_us=55768 reason=tracking_pose_accepted
x=2.89992 y=1.45014 yaw=-0.0504729 score=0.989536 valid=1 mode=tracking state=TRACKING evaluated=807 execution_us=56632 reason=tracking_pose_accepted
x=2.89992 y=1.45014 yaw=-0.0514071 score=0.989469 valid=1 mode=tracking state=TRACKING evaluated=807 execution_us=56052 reason=tracking_pose_accepted
x=2.89992 y=1.45014 yaw=-0.0523412 score=0.990372 valid=1 mode=tracking state=TRACKING evaluated=807 execution_us=56156 reason=tracking_pose_accepted
x=2.89992 y=1.45014 yaw=-0.0532754 score=0.990071 valid=1 mode=tracking state=TRACKING evaluated=807 execution_us=56682 reason=tracking_pose_accepted
x=2.89992 y=1.45014 yaw=-0.0542096 score=0.990096 valid=1 mode=tracking state=TRACKING evaluated=807 execution_us=56243 reason=tracking_pose_accepted
x=2.89992 y=1.45014 yaw=-0.0551438 score=0.990696 valid=1 mode=tracking state=TRACKING evaluated=807 execution_us=59918 reason=tracking_pose_accepted
x=2.89992 y=1.45014 yaw=-0.056078 score=0.991297 valid=1 mode=tracking state=TRACKING evaluated=807 execution_us=60620 reason=tracking_pose_accepted
x=2.89992 y=1.45014 yaw=-0.0570122 score=0.990396 valid=1 mode=tracking state=TRACKING evaluated=807 execution_us=60442 reason=tracking_pose_accepted
x=2.89992 y=1.45014 yaw=-0.0579463 score=0.98977 valid=1 mode=tracking state=TRACKING evaluated=807 execution_us=60452 reason=tracking_pose_accepted
x=2.89992 y=1.45014 yaw=-0.0588805 score=0.990071 valid=1 mode=tracking state=TRACKING evaluated=807 execution_us=60726 reason=tracking_pose_accepted
x=2.89992 y=1.45014 yaw=-0.0598147 score=0.987179 valid=1 mode=tracking state=TRACKING evaluated=807 execution_us=65825 reason=tracking_pose_accepted
x=2.89992 y=1.45014 yaw=-0.0607489 score=0.989717 valid=1 mode=tracking state=TRACKING evaluated=807 execution_us=57457 reason=tracking_pose_accepted
x=2.89992 y=1.45014 yaw=-0.0616831 score=0.984615 valid=1 mode=tracking state=TRACKING evaluated=807 execution_us=56778 reason=tracking_pose_accepted
x=2.89992 y=1.45014 yaw=-0.0626173 score=0.985294 valid=1 mode=tracking state=TRACKING evaluated=807 execution_us=57471 reason=tracking_pose_accepted
x=2.89992 y=1.45014 yaw=-0.0635514 score=0.985557 valid=1 mode=tracking state=TRACKING evaluated=807 execution_us=57623 reason=tracking_pose_accepted
x=2.89992 y=1.45014 yaw=-0.0644856 score=0.986194 valid=1 mode=tracking state=TRACKING evaluated=807 execution_us=57710 reason=tracking_pose_accepted
x=2.89992 y=1.45014 yaw=-0.0479665 score=0.986013 valid=1 mode=tracking state=TRACKING evaluated=807 execution_us=60403 reason=tracking_pose_accepted
x=2.89992 y=1.45014 yaw=-0.0489007 score=0.988867 valid=1 mode=tracking state=TRACKING evaluated=807 execution_us=60694 reason=tracking_pose_accepted
x=2.89992 y=1.45014 yaw=-0.0498349 score=0.989112 valid=1 mode=tracking state=TRACKING evaluated=807 execution_us=61201 reason=tracking_pose_accepted
x=2.89992 y=1.45014 yaw=-0.050769 score=0.990412 valid=1 mode=tracking state=TRACKING evaluated=807 execution_us=52728 reason=tracking_pose_accepted
x=2.89992 y=1.45014 yaw=-0.0517032 score=0.990696 valid=1 mode=tracking state=TRACKING evaluated=807 execution_us=51534 reason=tracking_pose_accepted
x=2.89992 y=1.45014 yaw=-0.0526374 score=0.990372 valid=1 mode=tracking state=TRACKING evaluated=807 execution_us=51635 reason=tracking_pose_accepted
x=2.89992 y=1.45014 yaw=-0.0535716 score=0.989196 valid=1 mode=tracking state=TRACKING evaluated=807 execution_us=59498 reason=tracking_pose_accepted
x=2.89992 y=1.45014 yaw=-0.0545058 score=0.990347 valid=1 mode=tracking state=TRACKING evaluated=807 execution_us=58679 reason=tracking_pose_accepted
x=2.89992 y=1.45014 yaw=-0.05544 score=0.990071 valid=1 mode=tracking state=TRACKING evaluated=807 execution_us=58569 reason=tracking_pose_accepted
x=2.89992 y=1.45014 yaw=-0.0563741 score=0.990372 valid=1 mode=tracking state=TRACKING evaluated=807 execution_us=59184 reason=tracking_pose_accepted
x=2.89992 y=1.45014 yaw=-0.0573083 score=0.990071 valid=1 mode=tracking state=TRACKING evaluated=807 execution_us=58705 reason=tracking_pose_accepted
x=2.89992 y=1.45014 yaw=-0.0582425 score=0.990672 valid=1 mode=tracking state=TRACKING evaluated=807 execution_us=59219 reason=tracking_pose_accepted
x=2.89992 y=1.45014 yaw=-0.0591767 score=0.990045 valid=1 mode=tracking state=TRACKING evaluated=807 execution_us=51467 reason=tracking_pose_accepted
x=2.89992 y=1.45014 yaw=-0.0601109 score=0.987245 valid=1 mode=tracking state=TRACKING evaluated=807 execution_us=52326 reason=tracking_pose_accepted
x=2.89992 y=1.45014 yaw=-0.0610451 score=0.988746 valid=1 mode=tracking state=TRACKING evaluated=807 execution_us=53126 reason=tracking_pose_accepted
x=2.89992 y=1.45014 yaw=-0.0619792 score=0.984917 valid=1 mode=tracking state=TRACKING evaluated=807 execution_us=52264 reason=tracking_pose_accepted
x=2.89992 y=1.45014 yaw=-0.0629134 score=0.985594 valid=1 mode=tracking state=TRACKING evaluated=807 execution_us=53090 reason=tracking_pose_accepted
x=2.89992 y=1.45014 yaw=-0.0638476 score=0.984956 valid=1 mode=tracking state=TRACKING evaluated=807 execution_us=53353 reason=tracking_pose_accepted
x=2.89992 y=1.45014 yaw=-0.0473285 score=0.985711 valid=1 mode=tracking state=TRACKING evaluated=807 execution_us=59971 reason=tracking_pose_accepted
x=2.89992 y=1.45014 yaw=-0.0482627 score=0.989196 valid=1 mode=tracking state=TRACKING evaluated=807 execution_us=60290 reason=tracking_pose_accepted
x=2.89992 y=1.45014 yaw=-0.0491969 score=0.986719 valid=1 mode=tracking state=TRACKING evaluated=807 execution_us=60711 reason=tracking_pose_accepted
x=2.89992 y=1.45014 yaw=-0.050131 score=0.990071 valid=1 mode=tracking state=TRACKING evaluated=807 execution_us=60532 reason=tracking_pose_accepted
x=2.89992 y=1.45014 yaw=-0.0510652 score=0.990396 valid=1 mode=tracking state=TRACKING evaluated=807 execution_us=61035 reason=tracking_pose_accepted
x=2.89992 y=1.45014 yaw=-0.0519994 score=0.990071 valid=1 mode=tracking state=TRACKING evaluated=807 execution_us=52563 reason=tracking_pose_accepted
x=2.89992 y=1.45014 yaw=-0.0529336 score=0.990071 valid=1 mode=tracking state=TRACKING evaluated=807 execution_us=54304 reason=tracking_pose_accepted
x=2.89992 y=1.45014 yaw=-0.0538678 score=0.984052 valid=1 mode=tracking state=TRACKING evaluated=807 execution_us=54568 reason=tracking_pose_accepted
x=2.89992 y=1.45014 yaw=-0.054802 score=0.991597 valid=1 mode=tracking state=TRACKING evaluated=807 execution_us=54387 reason=tracking_pose_accepted
x=2.89992 y=1.45014 yaw=-0.0557361 score=0.990696 valid=1 mode=tracking state=TRACKING evaluated=807 execution_us=54850 reason=tracking_pose_accepted
x=2.89992 y=1.45014 yaw=-0.0566703 score=0.991597 valid=1 mode=tracking state=TRACKING evaluated=807 execution_us=55316 reason=tracking_pose_accepted
x=2.89992 y=1.45014 yaw=-0.0576045 score=0.991297 valid=1 mode=tracking state=TRACKING evaluated=807 execution_us=58933 reason=tracking_pose_accepted
x=2.89992 y=1.45014 yaw=-0.0585387 score=0.989796 valid=1 mode=tracking state=TRACKING evaluated=807 execution_us=59826 reason=tracking_pose_accepted
x=2.89992 y=1.45014 yaw=-0.0594729 score=0.98977 valid=1 mode=tracking state=TRACKING evaluated=807 execution_us=59266 reason=tracking_pose_accepted
x=2.89992 y=1.45014 yaw=-0.0604071 score=0.990696 valid=1 mode=tracking state=TRACKING evaluated=807 execution_us=59212 reason=tracking_pose_accepted
x=2.89992 y=1.45014 yaw=-0.0613412 score=0.990071 valid=1 mode=tracking state=TRACKING evaluated=807 execution_us=59550 reason=tracking_pose_accepted
x=2.89992 y=1.45014 yaw=-0.0622754 score=0.986645 valid=1 mode=tracking state=TRACKING evaluated=807 execution_us=58959 reason=tracking_pose_accepted
x=2.89992 y=1.45014 yaw=-0.0632096 score=0.986495 valid=1 mode=tracking state=TRACKING evaluated=807 execution_us=55751 reason=tracking_pose_accepted
x=2.89992 y=1.45014 yaw=-0.0641438 score=0.985294 valid=1 mode=tracking state=TRACKING evaluated=807 execution_us=56297 reason=tracking_pose_accepted
x=2.89992 y=1.45014 yaw=-0.0476247 score=0.984994 valid=1 mode=tracking state=TRACKING evaluated=807 execution_us=56024 reason=tracking_pose_accepted
x=2.89992 y=1.45014 yaw=-0.0485588 score=0.983751 valid=1 mode=tracking state=TRACKING evaluated=807 execution_us=56040 reason=tracking_pose_accepted
x=2.89992 y=1.45014 yaw=-0.049493 score=0.989836 valid=1 mode=tracking state=TRACKING evaluated=807 execution_us=56467 reason=tracking_pose_accepted
x=2.89992 y=1.45014 yaw=-0.0504272 score=0.987212 valid=1 mode=tracking state=TRACKING evaluated=807 execution_us=56751 reason=tracking_pose_accepted
x=2.89992 y=1.45014 yaw=-0.0513614 score=0.989717 valid=1 mode=tracking state=TRACKING evaluated=807 execution_us=60805 reason=tracking_pose_accepted
x=2.89992 y=1.45014 yaw=-0.0522956 score=0.990372 valid=1 mode=tracking state=TRACKING evaluated=807 execution_us=60490 reason=tracking_pose_accepted
x=2.89992 y=1.45014 yaw=-0.0532298 score=0.990996 valid=1 mode=tracking state=TRACKING evaluated=807 execution_us=60528 reason=tracking_pose_accepted
x=2.89992 y=1.45014 yaw=-0.0541639 score=0.98977 valid=1 mode=tracking state=TRACKING evaluated=807 execution_us=61398 reason=tracking_pose_accepted
x=2.89992 y=1.45014 yaw=-0.0550981 score=0.986878 valid=1 mode=tracking state=TRACKING evaluated=807 execution_us=60038 reason=tracking_pose_accepted
x=2.89992 y=1.45014 yaw=-0.0560323 score=0.988896 valid=1 mode=tracking state=TRACKING evaluated=807 execution_us=57402 reason=tracking_pose_accepted
x=2.89992 y=1.45014 yaw=-0.0569665 score=0.990071 valid=1 mode=tracking state=TRACKING evaluated=807 execution_us=57519 reason=tracking_pose_accepted
x=2.89992 y=1.45014 yaw=-0.0579007 score=0.989469 valid=1 mode=tracking state=TRACKING evaluated=807 execution_us=57697 reason=tracking_pose_accepted
x=2.89992 y=1.45014 yaw=-0.0588349 score=0.988746 valid=1 mode=tracking state=TRACKING evaluated=807 execution_us=58583 reason=tracking_pose_accepted
x=2.89992 y=1.45014 yaw=-0.059769 score=0.989084 valid=1 mode=tracking state=TRACKING evaluated=807 execution_us=58248 reason=tracking_pose_accepted
x=2.89992 y=1.45014 yaw=-0.0607032 score=0.990996 valid=1 mode=tracking state=TRACKING evaluated=807 execution_us=57772 reason=tracking_pose_accepted
x=2.89992 y=1.45014 yaw=-0.0616374 score=0.988145 valid=1 mode=tracking state=TRACKING evaluated=807 execution_us=51269 reason=tracking_pose_accepted
x=2.89992 y=1.45014 yaw=-0.0625716 score=0.984994 valid=1 mode=tracking state=TRACKING evaluated=807 execution_us=51279 reason=tracking_pose_accepted
x=2.89992 y=1.45014 yaw=-0.0635058 score=0.986194 valid=1 mode=tracking state=TRACKING evaluated=807 execution_us=51809 reason=tracking_pose_accepted
x=2.89992 y=1.45014 yaw=-0.0469867 score=0.983533 valid=1 mode=tracking state=TRACKING evaluated=807 execution_us=52961 reason=tracking_pose_accepted
x=2.89992 y=1.45014 yaw=-0.0653741 score=0.983643 valid=1 mode=tracking state=TRACKING evaluated=807 execution_us=53799 reason=tracking_pose_accepted
x=2.89992 y=1.45014 yaw=-0.048855 score=0.984615 valid=1 mode=tracking state=TRACKING evaluated=807 execution_us=52564 reason=tracking_pose_accepted
x=2.89992 y=1.45014 yaw=-0.0497891 score=0.984053 valid=1 mode=tracking state=TRACKING evaluated=807 execution_us=59441 reason=tracking_pose_accepted
x=2.89992 y=1.45014 yaw=-0.0507233 score=0.986345 valid=1 mode=tracking state=TRACKING evaluated=807 execution_us=59274 reason=tracking_pose_accepted
x=2.89992 y=1.45014 yaw=-0.0516575 score=0.990322 valid=1 mode=tracking state=TRACKING evaluated=807 execution_us=60495 reason=tracking_pose_accepted
x=2.89992 y=1.45014 yaw=-0.0525917 score=0.990396 valid=1 mode=tracking state=TRACKING evaluated=807 execution_us=59557 reason=tracking_pose_accepted
x=2.89992 y=1.45014 yaw=-0.0535259 score=0.989496 valid=1 mode=tracking state=TRACKING evaluated=807 execution_us=59220 reason=tracking_pose_accepted
x=2.89992 y=1.45014 yaw=-0.0544601 score=0.990396 valid=1 mode=tracking state=TRACKING evaluated=807 execution_us=66626 reason=tracking_pose_accepted
x=2.89992 y=1.45014 yaw=-0.0553942 score=0.991554 valid=1 mode=tracking state=TRACKING evaluated=807 execution_us=52304 reason=tracking_pose_accepted
x=2.89992 y=1.45014 yaw=-0.0563284 score=0.989469 valid=1 mode=tracking state=TRACKING evaluated=807 execution_us=53193 reason=tracking_pose_accepted
x=2.89992 y=1.45014 yaw=-0.0572626 score=0.991597 valid=1 mode=tracking state=TRACKING evaluated=807 execution_us=53930 reason=tracking_pose_accepted
x=2.89992 y=1.45014 yaw=-0.0581968 score=0.981543 valid=1 mode=tracking state=TRACKING evaluated=807 execution_us=53628 reason=tracking_pose_accepted
x=2.89992 y=1.45014 yaw=-0.059131 score=0.989994 valid=1 mode=tracking state=TRACKING evaluated=807 execution_us=53332 reason=tracking_pose_accepted
x=2.89992 y=1.45014 yaw=-0.0600652 score=0.991274 valid=1 mode=tracking state=TRACKING evaluated=807 execution_us=60271 reason=tracking_pose_accepted
x=2.89992 y=1.45014 yaw=-0.0609993 score=0.986044 valid=1 mode=tracking state=TRACKING evaluated=807 execution_us=60489 reason=tracking_pose_accepted
x=2.89992 y=1.45014 yaw=-0.0619335 score=0.984094 valid=1 mode=tracking state=TRACKING evaluated=807 execution_us=61472 reason=tracking_pose_accepted
x=2.89992 y=1.45014 yaw=-0.0628677 score=0.981796 valid=1 mode=tracking state=TRACKING evaluated=807 execution_us=57728 reason=tracking_pose_accepted
x=2.89992 y=1.45014 yaw=-0.0638019 score=0.982443 valid=1 mode=tracking state=TRACKING evaluated=807 execution_us=57753 reason=tracking_pose_accepted
x=2.89992 y=1.45014 yaw=-0.0647361 score=0.984957 valid=1 mode=tracking state=TRACKING evaluated=807 execution_us=54332 reason=tracking_pose_accepted
x=2.89992 y=1.45014 yaw=-0.048217 score=0.986084 valid=1 mode=tracking state=TRACKING evaluated=807 execution_us=54636 reason=tracking_pose_accepted
x=2.89992 y=1.45014 yaw=-0.0491511 score=0.983193 valid=1 mode=tracking state=TRACKING evaluated=807 execution_us=55489 reason=tracking_pose_accepted
x=2.89992 y=1.45014 yaw=-0.0500853 score=0.989168 valid=1 mode=tracking state=TRACKING evaluated=807 execution_us=54727 reason=tracking_pose_accepted
x=2.89992 y=1.45014 yaw=-0.0510195 score=0.990096 valid=1 mode=tracking state=TRACKING evaluated=807 execution_us=55041 reason=tracking_pose_accepted
x=2.89992 y=1.45014 yaw=-0.0519537 score=0.989196 valid=1 mode=tracking state=TRACKING evaluated=807 execution_us=55811 reason=tracking_pose_accepted
x=2.89992 y=1.45014 yaw=-0.0528879 score=0.988537 valid=1 mode=tracking state=TRACKING evaluated=807 execution_us=58857 reason=tracking_pose_accepted
x=2.89992 y=1.45014 yaw=-0.0538221 score=0.986945 valid=1 mode=tracking state=TRACKING evaluated=807 execution_us=59565 reason=tracking_pose_accepted
x=2.89992 y=1.45014 yaw=-0.0547562 score=0.985334 valid=1 mode=tracking state=TRACKING evaluated=807 execution_us=59982 reason=tracking_pose_accepted
x=2.94992 y=1.45014 yaw=-0.0731437 score=0.978186 valid=1 mode=tracking state=TRACKING evaluated=807 execution_us=59293 reason=tracking_pose_accepted
x=2.94992 y=1.50014 yaw=-0.0915312 score=0.988961 valid=1 mode=tracking state=TRACKING evaluated=807 execution_us=59184 reason=tracking_pose_accepted
x=2.99992 y=1.50014 yaw=-0.127372 score=0.964253 valid=1 mode=tracking state=TRACKING evaluated=807 execution_us=59447 reason=tracking_pose_accepted
x=2.99992 y=1.55014 yaw=-0.180666 score=0.977022 valid=1 mode=tracking state=TRACKING evaluated=807 execution_us=56714 reason=tracking_pose_accepted
x=3.04992 y=1.60014 yaw=-0.23396 score=0.965651 valid=1 mode=tracking state=TRACKING evaluated=807 execution_us=56341 reason=tracking_pose_accepted
x=3.09992 y=1.60014 yaw=-0.269801 score=0.966451 valid=1 mode=tracking state=TRACKING evaluated=807 execution_us=56854 reason=tracking_pose_accepted
x=3.14992 y=1.65014 yaw=-0.270735 score=0.96365 valid=1 mode=tracking state=TRACKING evaluated=807 execution_us=56377 reason=tracking_pose_accepted
x=3.14992 y=1.70014 yaw=-0.271669 score=0.929992 valid=1 mode=tracking state=TRACKING evaluated=807 execution_us=58134 reason=tracking_pose_accepted
x=3.19992 y=1.75014 yaw=-0.237697 score=0.953254 valid=1 mode=tracking state=TRACKING evaluated=807 execution_us=59990 reason=tracking_pose_accepted
x=3.19992 y=1.80014 yaw=-0.238631 score=0.913946 valid=1 mode=tracking state=TRACKING evaluated=807 execution_us=61737 reason=tracking_pose_accepted
x=3.24992 y=1.85014 yaw=-0.222112 score=0.983041 valid=1 mode=tracking state=TRACKING evaluated=807 execution_us=60933 reason=tracking_pose_accepted
x=3.24992 y=1.90014 yaw=-0.223046 score=0.957288 valid=1 mode=tracking state=TRACKING evaluated=807 execution_us=60655 reason=tracking_pose_accepted
x=3.29992 y=1.95014 yaw=-0.206527 score=0.966998 valid=1 mode=tracking state=TRACKING evaluated=789 execution_us=60373 reason=tracking_pose_accepted
x=3.29991 y=2.05014 yaw=-0.207461 score=0.94644 valid=1 mode=tracking state=TRACKING evaluated=807 execution_us=60415 reason=tracking_pose_accepted
x=3.34991 y=2.10014 yaw=-0.208395 score=0.9631 valid=1 mode=tracking state=TRACKING evaluated=807 execution_us=56516 reason=tracking_pose_accepted
x=3.34991 y=2.20014 yaw=-0.226783 score=0.948179 valid=1 mode=tracking state=TRACKING evaluated=807 execution_us=56825 reason=tracking_pose_accepted
x=3.39991 y=2.25014 yaw=-0.262623 score=0.926121 valid=1 mode=tracking state=TRACKING evaluated=789 execution_us=55679 reason=tracking_pose_accepted
x=3.44991 y=2.35014 yaw=-0.298464 score=0.971517 valid=1 mode=tracking state=TRACKING evaluated=807 execution_us=57259 reason=tracking_pose_accepted
x=3.49991 y=2.40014 yaw=-0.281945 score=0.966563 valid=1 mode=tracking state=TRACKING evaluated=807 execution_us=57764 reason=tracking_pose_accepted
x=3.54991 y=2.50014 yaw=-0.230519 score=0.971664 valid=1 mode=tracking state=TRACKING evaluated=807 execution_us=58130 reason=tracking_pose_accepted
x=3.54991 y=2.55014 yaw=-0.144187 score=0.985465 valid=1 mode=tracking state=TRACKING evaluated=789 execution_us=65162 reason=tracking_pose_accepted
x=3.54991 y=2.60014 yaw=-0.0753081 score=0.983084 valid=1 mode=tracking state=TRACKING evaluated=789 execution_us=50932 reason=tracking_pose_accepted
x=3.59991 y=2.65014 yaw=-0.0936955 score=0.978904 valid=1 mode=tracking state=TRACKING evaluated=789 execution_us=50294 reason=tracking_pose_accepted
x=3.59991 y=2.70014 yaw=-0.112083 score=0.984139 valid=1 mode=tracking state=TRACKING evaluated=807 execution_us=51571 reason=tracking_pose_accepted
x=3.59991 y=2.75014 yaw=-0.113017 score=0.981005 valid=1 mode=tracking state=TRACKING evaluated=789 execution_us=51467 reason=tracking_pose_accepted
x=3.64991 y=2.80014 yaw=-0.131405 score=0.966806 valid=1 mode=tracking state=TRACKING evaluated=789 execution_us=50141 reason=tracking_pose_accepted
x=3.64991 y=2.90014 yaw=-0.132339 score=0.96484 valid=1 mode=tracking state=TRACKING evaluated=789 execution_us=57284 reason=tracking_pose_accepted
x=3.64991 y=2.95014 yaw=-0.133273 score=0.984755 valid=1 mode=tracking state=TRACKING evaluated=789 execution_us=57109 reason=tracking_pose_accepted
x=3.64991 y=3.00014 yaw=-0.134207 score=0.963043 valid=1 mode=tracking state=TRACKING evaluated=789 execution_us=57802 reason=tracking_pose_accepted
x=3.69991 y=3.10014 yaw=-0.117688 score=0.989734 valid=1 mode=tracking state=TRACKING evaluated=789 execution_us=58707 reason=tracking_pose_accepted
x=3.69991 y=3.15014 yaw=-0.101169 score=0.982571 valid=1 mode=tracking state=TRACKING evaluated=807 execution_us=58982 reason=tracking_pose_accepted
x=3.69991 y=3.20014 yaw=-0.0846495 score=0.980763 valid=1 mode=tracking state=TRACKING evaluated=789 execution_us=51299 reason=tracking_pose_accepted
x=3.69991 y=3.30014 yaw=-0.0681304 score=0.980125 valid=1 mode=tracking state=TRACKING evaluated=789 execution_us=50906 reason=tracking_pose_accepted
x=3.69991 y=3.35014 yaw=-0.0516112 score=0.980654 valid=1 mode=tracking state=TRACKING evaluated=807 execution_us=52637 reason=tracking_pose_accepted
x=3.64991 y=3.40014 yaw=-0.0350921 score=0.985994 valid=1 mode=tracking state=TRACKING evaluated=807 execution_us=53978 reason=tracking_pose_accepted
x=3.64991 y=3.45014 yaw=-0.0185729 score=0.982708 valid=1 mode=tracking state=TRACKING evaluated=807 execution_us=54055 reason=tracking_pose_accepted
x=3.59991 y=3.45014 yaw=0.0153995 score=0.982993 valid=1 mode=tracking state=TRACKING evaluated=831 execution_us=55449 reason=tracking_pose_accepted
x=3.59991 y=3.50014 yaw=-0.00298795 score=0.988788 valid=1 mode=tracking state=TRACKING evaluated=789 execution_us=57276 reason=tracking_pose_accepted
x=3.54991 y=3.55014 yaw=0.0135312 score=0.98772 valid=1 mode=tracking state=TRACKING evaluated=807 execution_us=58466 reason=tracking_pose_accepted
x=3.54991 y=3.60014 yaw=-0.00485623 score=0.979674 valid=1 mode=tracking state=TRACKING evaluated=789 execution_us=57617 reason=tracking_pose_accepted
x=3.49991 y=3.65014 yaw=-0.0581503 score=0.973058 valid=1 mode=tracking state=TRACKING evaluated=807 execution_us=58101 reason=tracking_pose_accepted
x=3.44991 y=3.65014 yaw=-0.093991 score=0.984551 valid=1 mode=tracking state=TRACKING evaluated=789 execution_us=56060 reason=tracking_pose_accepted
x=3.44991 y=3.70013 yaw=-0.112378 score=0.977114 valid=1 mode=tracking state=TRACKING evaluated=789 execution_us=57651 reason=tracking_pose_accepted
x=3.39991 y=3.75013 yaw=-0.113313 score=0.997568 valid=1 mode=tracking state=TRACKING evaluated=831 execution_us=56570 reason=tracking_pose_accepted
x=3.34991 y=3.80013 yaw=-0.0967935 score=0.986761 valid=1 mode=tracking state=TRACKING evaluated=789 execution_us=54983 reason=tracking_pose_accepted
x=3.34991 y=3.80013 yaw=-0.0977277 score=0.993026 valid=1 mode=tracking state=TRACKING evaluated=807 execution_us=57422 reason=tracking_pose_accepted
x=3.29991 y=3.80013 yaw=-0.0812086 score=0.982202 valid=1 mode=tracking state=TRACKING evaluated=807 execution_us=56048 reason=tracking_pose_accepted
x=3.29991 y=3.80013 yaw=-0.0472361 score=0.981408 valid=1 mode=tracking state=TRACKING evaluated=789 execution_us=54689 reason=tracking_pose_accepted
x=3.29991 y=3.85013 yaw=-0.0481703 score=0.981551 valid=1 mode=tracking state=TRACKING evaluated=789 execution_us=61849 reason=tracking_pose_accepted
x=3.29991 y=3.85013 yaw=-0.0316512 score=0.982849 valid=1 mode=tracking state=TRACKING evaluated=807 execution_us=60540 reason=tracking_pose_accepted
x=3.29991 y=3.85013 yaw=-0.0325853 score=0.99085 valid=1 mode=tracking state=TRACKING evaluated=789 execution_us=58990 reason=tracking_pose_accepted
x=3.34991 y=3.85013 yaw=-0.0335195 score=0.986659 valid=1 mode=tracking state=TRACKING evaluated=789 execution_us=58893 reason=tracking_pose_accepted
x=3.34991 y=3.85013 yaw=-0.0519069 score=0.984536 valid=1 mode=tracking state=TRACKING evaluated=807 execution_us=60138 reason=tracking_pose_accepted
x=3.34991 y=3.85013 yaw=-0.0353878 score=0.988478 valid=1 mode=tracking state=TRACKING evaluated=789 execution_us=60206 reason=tracking_pose_accepted
x=3.34991 y=3.85013 yaw=-0.0188686 score=0.992027 valid=1 mode=tracking state=TRACKING evaluated=807 execution_us=57484 reason=tracking_pose_accepted
x=3.34991 y=3.85013 yaw=-0.0198028 score=0.988961 valid=1 mode=tracking state=TRACKING evaluated=807 execution_us=57294 reason=tracking_pose_accepted
x=3.34991 y=3.85013 yaw=-0.020737 score=0.989056 valid=1 mode=tracking state=TRACKING evaluated=789 execution_us=56273 reason=tracking_pose_accepted
x=3.34991 y=3.85013 yaw=-0.0216711 score=0.98914 valid=1 mode=tracking state=TRACKING evaluated=789 execution_us=56491 reason=tracking_pose_accepted
x=3.34991 y=3.85013 yaw=-0.0226053 score=0.993295 valid=1 mode=tracking state=TRACKING evaluated=831 execution_us=59029 reason=tracking_pose_accepted
x=3.34991 y=3.85013 yaw=-0.0409927 score=0.992742 valid=1 mode=tracking state=TRACKING evaluated=789 execution_us=56848 reason=tracking_pose_accepted
x=3.34991 y=3.85013 yaw=-0.0419269 score=0.993951 valid=1 mode=tracking state=TRACKING evaluated=789 execution_us=59957 reason=tracking_pose_accepted
x=3.34991 y=3.85013 yaw=-0.0428611 score=0.993632 valid=1 mode=tracking state=TRACKING evaluated=789 execution_us=61092 reason=tracking_pose_accepted
x=3.34991 y=3.85013 yaw=-0.0437952 score=0.9936 valid=1 mode=tracking state=TRACKING evaluated=789 execution_us=60041 reason=tracking_pose_accepted
x=3.34991 y=3.85013 yaw=-0.0447294 score=0.9936 valid=1 mode=tracking state=TRACKING evaluated=789 execution_us=60595 reason=tracking_pose_accepted
x=3.34991 y=3.85013 yaw=-0.0456636 score=0.99392 valid=1 mode=tracking state=TRACKING evaluated=789 execution_us=51023 reason=tracking_pose_accepted
x=3.34991 y=3.85013 yaw=-0.0465978 score=0.99259 valid=1 mode=tracking state=TRACKING evaluated=789 execution_us=50495 reason=tracking_pose_accepted
x=3.34991 y=3.85013 yaw=-0.0649853 score=0.987934 valid=1 mode=tracking state=TRACKING evaluated=789 execution_us=58132 reason=tracking_pose_accepted
x=3.34991 y=3.85013 yaw=-0.0659194 score=0.986124 valid=1 mode=tracking state=TRACKING evaluated=789 execution_us=57997 reason=tracking_pose_accepted
x=3.34991 y=3.85013 yaw=-0.0668536 score=0.985749 valid=1 mode=tracking state=TRACKING evaluated=789 execution_us=58210 reason=tracking_pose_accepted
x=3.34991 y=3.85013 yaw=-0.0677878 score=0.98632 valid=1 mode=tracking state=TRACKING evaluated=789 execution_us=58924 reason=tracking_pose_accepted
x=3.34991 y=3.85013 yaw=-0.068722 score=0.98632 valid=1 mode=tracking state=TRACKING evaluated=789 execution_us=58337 reason=tracking_pose_accepted
x=3.34991 y=3.85013 yaw=-0.0696561 score=0.985943 valid=1 mode=tracking state=TRACKING evaluated=789 execution_us=64737 reason=tracking_pose_accepted
x=3.34991 y=3.85013 yaw=-0.0705903 score=0.983652 valid=1 mode=tracking state=TRACKING evaluated=789 execution_us=52100 reason=tracking_pose_accepted
x=3.34991 y=3.85013 yaw=-0.0715245 score=0.983172 valid=1 mode=tracking state=TRACKING evaluated=789 execution_us=51995 reason=tracking_pose_accepted
x=3.34991 y=3.85013 yaw=-0.0724587 score=0.982956 valid=1 mode=tracking state=TRACKING evaluated=789 execution_us=52736 reason=tracking_pose_accepted
x=3.34991 y=3.85013 yaw=-0.0733929 score=0.983258 valid=1 mode=tracking state=TRACKING evaluated=789 execution_us=53145 reason=tracking_pose_accepted
x=3.34991 y=3.85013 yaw=-0.0743271 score=0.982398 valid=1 mode=tracking state=TRACKING evaluated=789 execution_us=53316 reason=tracking_pose_accepted
x=3.34991 y=3.85013 yaw=-0.0752613 score=0.981103 valid=1 mode=tracking state=TRACKING evaluated=789 execution_us=56843 reason=tracking_pose_accepted
x=3.34991 y=3.85013 yaw=-0.0761954 score=0.982565 valid=1 mode=tracking state=TRACKING evaluated=789 execution_us=57325 reason=tracking_pose_accepted
x=3.34991 y=3.85013 yaw=-0.0771296 score=0.981865 valid=1 mode=tracking state=TRACKING evaluated=789 execution_us=57089 reason=tracking_pose_accepted
x=3.34991 y=3.85013 yaw=-0.0780638 score=0.981703 valid=1 mode=tracking state=TRACKING evaluated=789 execution_us=57772 reason=tracking_pose_accepted
x=3.34991 y=3.85013 yaw=-0.078998 score=0.97872 valid=1 mode=tracking state=TRACKING evaluated=789 execution_us=56942 reason=tracking_pose_accepted
x=3.34991 y=3.85013 yaw=-0.0624789 score=0.981551 valid=1 mode=tracking state=TRACKING evaluated=789 execution_us=54014 reason=tracking_pose_accepted
x=3.34991 y=3.85013 yaw=-0.063413 score=0.985104 valid=1 mode=tracking state=TRACKING evaluated=789 execution_us=53981 reason=tracking_pose_accepted
x=3.34991 y=3.85013 yaw=-0.0992538 score=0.980848 valid=1 mode=tracking state=TRACKING evaluated=789 execution_us=53934 reason=tracking_pose_accepted
x=3.34991 y=3.85013 yaw=-0.0652814 score=0.983888 valid=1 mode=tracking state=TRACKING evaluated=789 execution_us=54351 reason=tracking_pose_accepted
x=3.34991 y=3.85013 yaw=-0.0662155 score=0.984576 valid=1 mode=tracking state=TRACKING evaluated=807 execution_us=55118 reason=tracking_pose_accepted
x=3.34991 y=3.85013 yaw=-0.0671497 score=0.984917 valid=1 mode=tracking state=TRACKING evaluated=789 execution_us=52657 reason=tracking_pose_accepted
x=3.34991 y=3.85013 yaw=-0.0680839 score=0.984839 valid=1 mode=tracking state=TRACKING evaluated=789 execution_us=58213 reason=tracking_pose_accepted
x=3.34991 y=3.85013 yaw=-0.0690181 score=0.985712 valid=1 mode=tracking state=TRACKING evaluated=789 execution_us=58073 reason=tracking_pose_accepted
x=3.34991 y=3.85013 yaw=-0.0699523 score=0.985712 valid=1 mode=tracking state=TRACKING evaluated=789 execution_us=59026 reason=tracking_pose_accepted
x=3.34991 y=3.85013 yaw=-0.0708864 score=0.983128 valid=1 mode=tracking state=TRACKING evaluated=789 execution_us=58925 reason=tracking_pose_accepted
x=3.34991 y=3.85013 yaw=-0.0718206 score=0.98632 valid=1 mode=tracking state=TRACKING evaluated=789 execution_us=58552 reason=tracking_pose_accepted
x=3.34991 y=3.85013 yaw=-0.0727548 score=0.982262 valid=1 mode=tracking state=TRACKING evaluated=789 execution_us=64456 reason=tracking_pose_accepted
x=3.34991 y=3.85013 yaw=-0.073689 score=0.986124 valid=1 mode=tracking state=TRACKING evaluated=789 execution_us=56003 reason=tracking_pose_accepted
x=3.34991 y=3.85013 yaw=-0.0746232 score=0.980799 valid=1 mode=tracking state=TRACKING evaluated=789 execution_us=55325 reason=tracking_pose_accepted
x=3.34991 y=3.85013 yaw=-0.0930107 score=0.983389 valid=1 mode=tracking state=TRACKING evaluated=789 execution_us=56169 reason=tracking_pose_accepted
x=3.34991 y=3.85013 yaw=-0.0590382 score=0.987632 valid=1 mode=tracking state=TRACKING evaluated=789 execution_us=56435 reason=tracking_pose_accepted
x=3.34991 y=3.85013 yaw=-0.0599724 score=0.982717 valid=1 mode=tracking state=TRACKING evaluated=831 execution_us=58791 reason=tracking_pose_accepted
x=3.34991 y=3.85013 yaw=-0.0783598 score=0.980191 valid=1 mode=tracking state=TRACKING evaluated=789 execution_us=61539 reason=tracking_pose_accepted
x=3.34991 y=3.85013 yaw=-0.079294 score=0.983475 valid=1 mode=tracking state=TRACKING evaluated=789 execution_us=59926 reason=tracking_pose_accepted
x=3.34991 y=3.90013 yaw=-0.0802282 score=0.979632 valid=1 mode=tracking state=TRACKING evaluated=789 execution_us=60262 reason=tracking_pose_accepted
x=3.3499 y=3.90013 yaw=-0.0811623 score=0.976904 valid=1 mode=tracking state=TRACKING evaluated=789 execution_us=60088 reason=tracking_pose_accepted
x=3.3499 y=3.85013 yaw=-0.0646432 score=0.975591 valid=1 mode=tracking state=TRACKING evaluated=831 execution_us=62254 reason=tracking_pose_accepted
x=3.3499 y=3.85013 yaw=-0.0655774 score=0.977166 valid=1 mode=tracking state=TRACKING evaluated=807 execution_us=61306 reason=tracking_pose_accepted
x=3.3499 y=3.85013 yaw=-0.0665116 score=0.979283 valid=1 mode=tracking state=TRACKING evaluated=789 execution_us=56248 reason=tracking_pose_accepted
x=3.3499 y=3.85013 yaw=-0.0674458 score=0.97994 valid=1 mode=tracking state=TRACKING evaluated=789 execution_us=56477 reason=tracking_pose_accepted
x=3.3499 y=3.85013 yaw=-0.06838 score=0.980341 valid=1 mode=tracking state=TRACKING evaluated=789 execution_us=56686 reason=tracking_pose_accepted
x=3.3499 y=3.85013 yaw=-0.0867674 score=0.979825 valid=1 mode=tracking state=TRACKING evaluated=789 execution_us=55978 reason=tracking_pose_accepted
x=3.3499 y=3.90013 yaw=-0.0877016 score=0.977754 valid=1 mode=tracking state=TRACKING evaluated=789 execution_us=56802 reason=tracking_pose_accepted
x=3.3499 y=3.85013 yaw=-0.0711825 score=0.977074 valid=1 mode=tracking state=TRACKING evaluated=789 execution_us=57488 reason=tracking_pose_accepted
x=3.3499 y=3.85013 yaw=-0.0721166 score=0.977317 valid=1 mode=tracking state=TRACKING evaluated=807 execution_us=61635 reason=tracking_pose_accepted
x=3.3499 y=3.85013 yaw=-0.0555975 score=0.979988 valid=1 mode=tracking state=TRACKING evaluated=789 execution_us=50338 reason=tracking_pose_accepted
x=3.3499 y=3.85013 yaw=-0.073985 score=0.980795 valid=1 mode=tracking state=TRACKING evaluated=789 execution_us=50722 reason=tracking_pose_accepted
x=3.3499 y=3.85013 yaw=-0.0749191 score=0.981152 valid=1 mode=tracking state=TRACKING evaluated=789 execution_us=50570 reason=tracking_pose_accepted
x=3.3499 y=3.85013 yaw=-0.0584 score=0.97492 valid=1 mode=tracking state=TRACKING evaluated=789 execution_us=51113 reason=tracking_pose_accepted
x=3.3499 y=3.85013 yaw=-0.0593342 score=0.975832 valid=1 mode=tracking state=TRACKING evaluated=789 execution_us=57672 reason=tracking_pose_accepted
x=3.3499 y=3.85013 yaw=-0.0602684 score=0.980039 valid=1 mode=tracking state=TRACKING evaluated=789 execution_us=57560 reason=tracking_pose_accepted
x=3.3499 y=3.85013 yaw=-0.0612025 score=0.980291 valid=1 mode=tracking state=TRACKING evaluated=789 execution_us=58269 reason=tracking_pose_accepted
x=3.3499 y=3.85013 yaw=-0.07959 score=0.982824 valid=1 mode=tracking state=TRACKING evaluated=789 execution_us=58318 reason=tracking_pose_accepted
x=3.3499 y=3.85013 yaw=-0.0805242 score=0.982805 valid=1 mode=tracking state=TRACKING evaluated=789 execution_us=58527 reason=tracking_pose_accepted
x=3.3499 y=3.85013 yaw=-0.0814583 score=0.981249 valid=1 mode=tracking state=TRACKING evaluated=789 execution_us=58905 reason=tracking_pose_accepted
x=3.3499 y=3.85013 yaw=-0.0823925 score=0.978568 valid=1 mode=tracking state=TRACKING evaluated=789 execution_us=65185 reason=tracking_pose_accepted
x=3.3499 y=3.85013 yaw=-0.0658734 score=0.978376 valid=1 mode=tracking state=TRACKING evaluated=789 execution_us=52718 reason=tracking_pose_accepted
x=3.3499 y=3.85013 yaw=-0.0668076 score=0.980139 valid=1 mode=tracking state=TRACKING evaluated=789 execution_us=52013 reason=tracking_pose_accepted
x=3.3499 y=3.85013 yaw=-0.0851951 score=0.980442 valid=1 mode=tracking state=TRACKING evaluated=789 execution_us=52659 reason=tracking_pose_accepted
x=3.3499 y=3.85013 yaw=-0.0861292 score=0.98397 valid=1 mode=tracking state=TRACKING evaluated=789 execution_us=53149 reason=tracking_pose_accepted
x=3.3499 y=3.90013 yaw=-0.0870634 score=0.976602 valid=1 mode=tracking state=TRACKING evaluated=807 execution_us=53489 reason=tracking_pose_accepted
x=3.3499 y=3.85013 yaw=-0.0705443 score=0.979586 valid=1 mode=tracking state=TRACKING evaluated=831 execution_us=75677 reason=tracking_pose_accepted
x=3.3499 y=3.85013 yaw=-0.0714784 score=0.978169 valid=1 mode=tracking state=TRACKING evaluated=807 execution_us=58278 reason=tracking_pose_accepted
x=3.3499 y=3.85013 yaw=-0.0724126 score=0.97762 valid=1 mode=tracking state=TRACKING evaluated=789 execution_us=56463 reason=tracking_pose_accepted
x=3.3499 y=3.85013 yaw=-0.0733468 score=0.980795 valid=1 mode=tracking state=TRACKING evaluated=789 execution_us=57411 reason=tracking_pose_accepted
x=3.3499 y=3.90013 yaw=-0.0917343 score=0.977741 valid=1 mode=tracking state=TRACKING evaluated=789 execution_us=57167 reason=tracking_pose_accepted
x=3.3499 y=3.85013 yaw=-0.0752151 score=0.978376 valid=1 mode=tracking state=TRACKING evaluated=789 execution_us=62030 reason=tracking_pose_accepted
x=3.3499 y=3.85013 yaw=-0.058696 score=0.975956 valid=1 mode=tracking state=TRACKING evaluated=807 execution_us=55501 reason=tracking_pose_accepted
x=3.3499 y=3.85013 yaw=-0.0596302 score=0.976198 valid=1 mode=tracking state=TRACKING evaluated=789 execution_us=53730 reason=tracking_pose_accepted
x=3.3499 y=3.85013 yaw=-0.0780176 score=0.981551 valid=1 mode=tracking state=TRACKING evaluated=789 execution_us=54261 reason=tracking_pose_accepted
x=3.3499 y=3.85013 yaw=-0.0789518 score=0.982565 valid=1 mode=tracking state=TRACKING evaluated=789 execution_us=54884 reason=tracking_pose_accepted
x=3.3499 y=3.85013 yaw=-0.0624327 score=0.980694 valid=1 mode=tracking state=TRACKING evaluated=789 execution_us=54826 reason=tracking_pose_accepted
x=3.3499 y=3.85013 yaw=-0.0808201 score=0.97836 valid=1 mode=tracking state=TRACKING evaluated=789 execution_us=57998 reason=tracking_pose_accepted
x=3.3499 y=3.85013 yaw=-0.064301 score=0.97796 valid=1 mode=tracking state=TRACKING evaluated=789 execution_us=58563 reason=tracking_pose_accepted
x=3.3499 y=3.85013 yaw=-0.0652352 score=0.979389 valid=1 mode=tracking state=TRACKING evaluated=789 execution_us=59146 reason=tracking_pose_accepted
x=3.3499 y=3.85013 yaw=-0.0836226 score=0.981807 valid=1 mode=tracking state=TRACKING evaluated=789 execution_us=59545 reason=tracking_pose_accepted
x=3.3499 y=3.85013 yaw=-0.0845568 score=0.981201 valid=1 mode=tracking state=TRACKING evaluated=789 execution_us=60041 reason=tracking_pose_accepted
x=3.3499 y=3.85013 yaw=-0.0680377 score=0.976592 valid=1 mode=tracking state=TRACKING evaluated=789 execution_us=58879 reason=tracking_pose_accepted
x=3.3499 y=3.85013 yaw=-0.0864251 score=0.976259 valid=1 mode=tracking state=TRACKING evaluated=789 execution_us=56077 reason=tracking_pose_accepted
x=3.3499 y=3.85013 yaw=-0.069906 score=0.979784 valid=1 mode=tracking state=TRACKING evaluated=789 execution_us=55250 reason=tracking_pose_accepted
x=3.3499 y=3.85013 yaw=-0.0708401 score=0.977015 valid=1 mode=tracking state=TRACKING evaluated=807 execution_us=56726 reason=tracking_pose_accepted
x=3.3499 y=3.85013 yaw=-0.0717743 score=0.980746 valid=1 mode=tracking state=TRACKING evaluated=789 execution_us=55642 reason=tracking_pose_accepted
x=3.3499 y=3.85013 yaw=-0.0727085 score=0.977562 valid=1 mode=tracking state=TRACKING evaluated=789 execution_us=57750 reason=tracking_pose_accepted
x=3.3499 y=3.85013 yaw=-0.0736427 score=0.977504 valid=1 mode=tracking state=TRACKING evaluated=789 execution_us=56136 reason=tracking_pose_accepted
x=3.3499 y=3.85013 yaw=-0.0745769 score=0.982156 valid=1 mode=tracking state=TRACKING evaluated=789 execution_us=59607 reason=tracking_pose_accepted
x=3.3499 y=3.85013 yaw=-0.0755111 score=0.979533 valid=1 mode=tracking state=TRACKING evaluated=789 execution_us=59559 reason=tracking_pose_accepted
x=3.3499 y=3.85013 yaw=-0.0589919 score=0.976259 valid=1 mode=tracking state=TRACKING evaluated=789 execution_us=60208 reason=tracking_pose_accepted
x=3.3499 y=3.85013 yaw=-0.0773794 score=0.981646 valid=1 mode=tracking state=TRACKING evaluated=789 execution_us=59964 reason=tracking_pose_accepted
x=3.3499 y=3.85013 yaw=-0.0608603 score=0.977166 valid=1 mode=tracking state=TRACKING evaluated=789 execution_us=59762 reason=tracking_pose_accepted
x=3.3499 y=3.85013 yaw=-0.0792477 score=0.983971 valid=1 mode=tracking state=TRACKING evaluated=789 execution_us=56898 reason=tracking_pose_accepted
x=3.3499 y=3.85013 yaw=-0.0627286 score=0.978678 valid=1 mode=tracking state=TRACKING evaluated=789 execution_us=56393 reason=tracking_pose_accepted
x=3.3499 y=3.85013 yaw=-0.0636627 score=0.980897 valid=1 mode=tracking state=TRACKING evaluated=789 execution_us=57208 reason=tracking_pose_accepted
x=3.3499 y=3.85013 yaw=-0.0645969 score=0.977771 valid=1 mode=tracking state=TRACKING evaluated=789 execution_us=57296 reason=tracking_pose_accepted
x=3.3499 y=3.85013 yaw=-0.0655311 score=0.979533 valid=1 mode=tracking state=TRACKING evaluated=789 execution_us=56898 reason=tracking_pose_accepted
x=3.3499 y=3.85013 yaw=-0.0664653 score=0.97923 valid=1 mode=tracking state=TRACKING evaluated=789 execution_us=57710 reason=tracking_pose_accepted
x=3.3499 y=3.85013 yaw=-0.0673995 score=0.979176 valid=1 mode=tracking state=TRACKING evaluated=789 execution_us=50567 reason=tracking_pose_accepted
x=3.3499 y=3.85013 yaw=-0.0683336 score=0.976532 valid=1 mode=tracking state=TRACKING evaluated=789 execution_us=50453 reason=tracking_pose_accepted
x=3.3499 y=3.85013 yaw=-0.0692678 score=0.980088 valid=1 mode=tracking state=TRACKING evaluated=789 execution_us=51433 reason=tracking_pose_accepted
x=3.3499 y=3.85013 yaw=-0.070202 score=0.97969 valid=1 mode=tracking state=TRACKING evaluated=789 execution_us=51456 reason=tracking_pose_accepted
x=3.3499 y=3.85013 yaw=-0.0711362 score=0.977015 valid=1 mode=tracking state=TRACKING evaluated=789 execution_us=51636 reason=tracking_pose_accepted
x=3.3499 y=3.85013 yaw=-0.0720704 score=0.977259 valid=1 mode=tracking state=TRACKING evaluated=789 execution_us=51973 reason=tracking_pose_accepted
x=3.3499 y=3.85013 yaw=-0.0730046 score=0.979533 valid=1 mode=tracking state=TRACKING evaluated=789 execution_us=59113 reason=tracking_pose_accepted
x=3.3499 y=3.85013 yaw=-0.0739387 score=0.978678 valid=1 mode=tracking state=TRACKING evaluated=789 execution_us=59838 reason=tracking_pose_accepted
x=3.3499 y=3.85013 yaw=-0.0748729 score=0.979638 valid=1 mode=tracking state=TRACKING evaluated=789 execution_us=60246 reason=tracking_pose_accepted
x=3.3499 y=3.85013 yaw=-0.0758071 score=0.976288 valid=1 mode=tracking state=TRACKING evaluated=789 execution_us=59243 reason=tracking_pose_accepted
x=3.3499 y=3.85013 yaw=-0.059288 score=0.97632 valid=1 mode=tracking state=TRACKING evaluated=789 execution_us=60177 reason=tracking_pose_accepted
x=3.3499 y=3.85013 yaw=-0.0602222 score=0.977166 valid=1 mode=tracking state=TRACKING evaluated=789 execution_us=51498 reason=tracking_pose_accepted
x=3.3499 y=3.85013 yaw=-0.0786096 score=0.977048 valid=1 mode=tracking state=TRACKING evaluated=789 execution_us=52639 reason=tracking_pose_accepted
x=3.3499 y=3.85013 yaw=-0.0620905 score=0.976864 valid=1 mode=tracking state=TRACKING evaluated=789 execution_us=53046 reason=tracking_pose_accepted
x=3.3499 y=3.85013 yaw=-0.0630247 score=0.978264 valid=1 mode=tracking state=TRACKING evaluated=789 execution_us=52896 reason=tracking_pose_accepted
x=3.3499 y=3.85013 yaw=-0.0814121 score=0.979586 valid=1 mode=tracking state=TRACKING evaluated=789 execution_us=53519 reason=tracking_pose_accepted
x=3.3499 y=3.85013 yaw=-0.0823463 score=0.979784 valid=1 mode=tracking state=TRACKING evaluated=789 execution_us=52937 reason=tracking_pose_accepted
x=3.3499 y=3.85013 yaw=-0.0658272 score=0.978623 valid=1 mode=tracking state=TRACKING evaluated=789 execution_us=57425 reason=tracking_pose_accepted
x=3.3499 y=3.85013 yaw=-0.0667613 score=0.97832 valid=1 mode=tracking state=TRACKING evaluated=789 execution_us=57905 reason=tracking_pose_accepted
x=3.3499 y=3.85013 yaw=-0.0851488 score=0.979336 valid=1 mode=tracking state=TRACKING evaluated=789 execution_us=57338 reason=tracking_pose_accepted
x=3.3499 y=3.85013 yaw=-0.0686297 score=0.976592 valid=1 mode=tracking state=TRACKING evaluated=789 execution_us=57363 reason=tracking_pose_accepted
x=3.3499 y=3.85013 yaw=-0.0695638 score=0.979638 valid=1 mode=tracking state=TRACKING evaluated=807 execution_us=59416 reason=tracking_pose_accepted
x=3.3499 y=3.85013 yaw=-0.070498 score=0.979888 valid=1 mode=tracking state=TRACKING evaluated=789 execution_us=63180 reason=tracking_pose_accepted
x=3.3499 y=3.85013 yaw=-0.0714322 score=0.977015 valid=1 mode=tracking state=TRACKING evaluated=789 execution_us=54476 reason=tracking_pose_accepted
x=3.3499 y=3.85013 yaw=-0.0723664 score=0.977865 valid=1 mode=tracking state=TRACKING evaluated=789 execution_us=54518 reason=tracking_pose_accepted
x=3.3499 y=3.85013 yaw=-0.0733006 score=0.97994 valid=1 mode=tracking state=TRACKING evaluated=789 execution_us=54786 reason=tracking_pose_accepted
x=3.3499 y=3.85013 yaw=-0.0742347 score=0.976592 valid=1 mode=tracking state=TRACKING evaluated=789 execution_us=55085 reason=tracking_pose_accepted
x=3.3499 y=3.85013 yaw=-0.0751689 score=0.980139 valid=1 mode=tracking state=TRACKING evaluated=789 execution_us=55195 reason=tracking_pose_accepted
x=3.3499 y=3.85013 yaw=-0.0586498 score=0.976501 valid=1 mode=tracking state=TRACKING evaluated=789 execution_us=58134 reason=tracking_pose_accepted
x=3.3499 y=3.85013 yaw=-0.059584 score=0.979737 valid=1 mode=tracking state=TRACKING evaluated=789 execution_us=60224 reason=tracking_pose_accepted
x=3.3499 y=3.85013 yaw=-0.0605182 score=0.979936 valid=1 mode=tracking state=TRACKING evaluated=789 execution_us=58552 reason=tracking_pose_accepted
x=3.3499 y=3.85013 yaw=-0.0789056 score=0.977166 valid=1 mode=tracking state=TRACKING evaluated=789 execution_us=59064 reason=tracking_pose_accepted
x=3.3499 y=3.85013 yaw=-0.0798398 score=0.980494 valid=1 mode=tracking state=TRACKING evaluated=789 execution_us=59151 reason=tracking_pose_accepted
x=3.3499 y=3.85013 yaw=-0.0633207 score=0.980594 valid=1 mode=tracking state=TRACKING evaluated=789 execution_us=59158 reason=tracking_pose_accepted
x=3.3499 y=3.85013 yaw=-0.0642548 score=0.979685 valid=1 mode=tracking state=TRACKING evaluated=789 execution_us=56189 reason=tracking_pose_accepted
x=3.3499 y=3.85013 yaw=-0.065189 score=0.979991 valid=1 mode=tracking state=TRACKING evaluated=789 execution_us=55700 reason=tracking_pose_accepted
x=3.3499 y=3.85013 yaw=-0.0661232 score=0.979586 valid=1 mode=tracking state=TRACKING evaluated=789 execution_us=55664 reason=tracking_pose_accepted
x=3.3499 y=3.85013 yaw=-0.0670574 score=0.979586 valid=1 mode=tracking state=TRACKING evaluated=789 execution_us=56446 reason=tracking_pose_accepted
x=3.3499 y=3.85013 yaw=-0.0679916 score=0.979533 valid=1 mode=tracking state=TRACKING evaluated=789 execution_us=55527 reason=tracking_pose_accepted
x=3.3499 y=3.85013 yaw=-0.0689258 score=0.977317 valid=1 mode=tracking state=TRACKING evaluated=789 execution_us=55732 reason=tracking_pose_accepted
x=3.3499 y=3.85013 yaw=-0.0698599 score=0.979533 valid=1 mode=tracking state=TRACKING evaluated=789 execution_us=60150 reason=tracking_pose_accepted
x=3.3499 y=3.85013 yaw=-0.0707941 score=0.979638 valid=1 mode=tracking state=TRACKING evaluated=789 execution_us=60031 reason=tracking_pose_accepted
x=3.3499 y=3.85013 yaw=-0.0717283 score=0.977376 valid=1 mode=tracking state=TRACKING evaluated=789 execution_us=60946 reason=tracking_pose_accepted
x=3.3499 y=3.85013 yaw=-0.0726625 score=0.979836 valid=1 mode=tracking state=TRACKING evaluated=789 execution_us=50400 reason=tracking_pose_accepted
x=3.3499 y=3.85013 yaw=-0.0735967 score=0.977562 valid=1 mode=tracking state=TRACKING evaluated=789 execution_us=60555 reason=tracking_pose_accepted
x=3.3499 y=3.85013 yaw=-0.0745309 score=0.979586 valid=1 mode=tracking state=TRACKING evaluated=789 execution_us=66468 reason=tracking_pose_accepted
x=3.3499 y=3.85013 yaw=-0.075465 score=0.97969 valid=1 mode=tracking state=TRACKING evaluated=789 execution_us=57384 reason=tracking_pose_accepted
x=3.3499 y=3.85013 yaw=-0.0763992 score=0.980848 valid=1 mode=tracking state=TRACKING evaluated=789 execution_us=57204 reason=tracking_pose_accepted
x=3.3499 y=3.85013 yaw=-0.0598801 score=0.976864 valid=1 mode=tracking state=TRACKING evaluated=789 execution_us=57845 reason=tracking_pose_accepted
x=3.3499 y=3.85013 yaw=-0.0782676 score=0.976923 valid=1 mode=tracking state=TRACKING evaluated=789 execution_us=57425 reason=tracking_pose_accepted
x=3.3499 y=3.85013 yaw=-0.0617484 score=0.976501 valid=1 mode=tracking state=TRACKING evaluated=789 execution_us=55114 reason=tracking_pose_accepted
x=3.3499 y=3.85013 yaw=-0.0801359 score=0.980443 valid=1 mode=tracking state=TRACKING evaluated=789 execution_us=64426 reason=tracking_pose_accepted
x=3.3499 y=3.85013 yaw=-0.0636167 score=0.977598 valid=1 mode=tracking state=TRACKING evaluated=789 execution_us=50919 reason=tracking_pose_accepted
x=3.3499 y=3.85013 yaw=-0.0820042 score=0.982248 valid=1 mode=tracking state=TRACKING evaluated=789 execution_us=52133 reason=tracking_pose_accepted
x=3.3499 y=3.85013 yaw=-0.065485 score=0.978927 valid=1 mode=tracking state=TRACKING evaluated=789 execution_us=51362 reason=tracking_pose_accepted
x=3.3499 y=3.85013 yaw=-0.0664192 score=0.981504 valid=1 mode=tracking state=TRACKING evaluated=789 execution_us=51822 reason=tracking_pose_accepted
x=3.3499 y=3.85013 yaw=-0.0848067 score=0.981504 valid=1 mode=tracking state=TRACKING evaluated=789 execution_us=52379 reason=tracking_pose_accepted
x=3.3499 y=3.85013 yaw=-0.0682875 score=0.980241 valid=1 mode=tracking state=TRACKING evaluated=789 execution_us=58854 reason=tracking_pose_accepted
x=3.3499 y=3.85013 yaw=-0.0692217 score=0.979784 valid=1 mode=tracking state=TRACKING evaluated=807 execution_us=59658 reason=tracking_pose_accepted
x=3.3499 y=3.85013 yaw=-0.0701559 score=0.9772 valid=1 mode=tracking state=TRACKING evaluated=789 execution_us=58942 reason=tracking_pose_accepted
x=3.3499 y=3.85013 yaw=-0.0710901 score=0.976956 valid=1 mode=tracking state=TRACKING evaluated=789 execution_us=59310 reason=tracking_pose_accepted
x=3.3499 y=3.85013 yaw=-0.0720242 score=0.977562 valid=1 mode=tracking state=TRACKING evaluated=789 execution_us=59700 reason=tracking_pose_accepted
x=3.3499 y=3.85013 yaw=-0.0729584 score=0.979283 valid=1 mode=tracking state=TRACKING evaluated=789 execution_us=59501 reason=tracking_pose_accepted
x=3.3499 y=3.85013 yaw=-0.0738926 score=0.979336 valid=1 mode=tracking state=TRACKING evaluated=789 execution_us=53268 reason=tracking_pose_accepted
x=3.3499 y=3.85013 yaw=-0.0573735 score=0.979132 valid=1 mode=tracking state=TRACKING evaluated=789 execution_us=53602 reason=tracking_pose_accepted
x=3.3499 y=3.85013 yaw=-0.075761 score=0.977259 valid=1 mode=tracking state=TRACKING evaluated=789 execution_us=52445 reason=tracking_pose_accepted
x=3.3499 y=3.85013 yaw=-0.0766951 score=0.981456 valid=1 mode=tracking state=TRACKING evaluated=789 execution_us=52810 reason=tracking_pose_accepted
x=3.3499 y=3.85013 yaw=-0.0776293 score=0.979533 valid=1 mode=tracking state=TRACKING evaluated=789 execution_us=53548 reason=tracking_pose_accepted
x=3.3499 y=3.85013 yaw=-0.0785635 score=0.980947 valid=1 mode=tracking state=TRACKING evaluated=789 execution_us=57102 reason=tracking_pose_accepted
x=3.3499 y=3.85013 yaw=-0.0620444 score=0.978186 valid=1 mode=tracking state=TRACKING evaluated=789 execution_us=57194 reason=tracking_pose_accepted
x=3.3499 y=3.85013 yaw=-0.0629785 score=0.978376 valid=1 mode=tracking state=TRACKING evaluated=789 execution_us=57382 reason=tracking_pose_accepted
x=3.3499 y=3.85013 yaw=-0.081366 score=0.978169 valid=1 mode=tracking state=TRACKING evaluated=789 execution_us=57237 reason=tracking_pose_accepted
x=3.3499 y=3.85013 yaw=-0.0648469 score=0.981456 valid=1 mode=tracking state=TRACKING evaluated=789 execution_us=57769 reason=tracking_pose_accepted
x=3.3499 y=3.85013 yaw=-0.065781 score=0.978733 valid=1 mode=tracking state=TRACKING evaluated=789 execution_us=54091 reason=tracking_pose_accepted
x=3.3499 y=3.85013 yaw=-0.0667152 score=0.978872 valid=1 mode=tracking state=TRACKING evaluated=789 execution_us=54260 reason=tracking_pose_accepted
x=3.3499 y=3.85013 yaw=-0.0676494 score=0.980241 valid=1 mode=tracking state=TRACKING evaluated=789 execution_us=54839 reason=tracking_pose_accepted
x=3.3499 y=3.85013 yaw=-0.0860369 score=0.980694 valid=1 mode=tracking state=TRACKING evaluated=789 execution_us=54428 reason=tracking_pose_accepted
x=3.3499 y=3.85013 yaw=-0.086971 score=0.979217 valid=1 mode=tracking state=TRACKING evaluated=789 execution_us=55018 reason=tracking_pose_accepted
x=3.3499 y=3.85013 yaw=-0.0704519 score=0.980493 valid=1 mode=tracking state=TRACKING evaluated=807 execution_us=55251 reason=tracking_pose_accepted
x=3.3499 y=3.85013 yaw=-0.0713861 score=0.979638 valid=1 mode=tracking state=TRACKING evaluated=807 execution_us=59091 reason=tracking_pose_accepted
x=3.3499 y=3.85013 yaw=-0.0723202 score=0.979533 valid=1 mode=tracking state=TRACKING evaluated=789 execution_us=58787 reason=tracking_pose_accepted
x=3.3499 y=3.85013 yaw=-0.0732544 score=0.979836 valid=1 mode=tracking state=TRACKING evaluated=789 execution_us=58633 reason=tracking_pose_accepted
x=3.3499 y=3.85013 yaw=-0.0567353 score=0.975591 valid=1 mode=tracking state=TRACKING evaluated=789 execution_us=58470 reason=tracking_pose_accepted
x=3.3499 y=3.85013 yaw=-0.0751228 score=0.977074 valid=1 mode=tracking state=TRACKING evaluated=789 execution_us=59042 reason=tracking_pose_accepted
x=3.3499 y=3.85013 yaw=-0.0760569 score=0.979638 valid=1 mode=tracking state=TRACKING evaluated=789 execution_us=58990 reason=tracking_pose_accepted
x=3.3499 y=3.85013 yaw=-0.0595378 score=0.979078 valid=1 mode=tracking state=TRACKING evaluated=789 execution_us=55381 reason=tracking_pose_accepted
x=3.3499 y=3.85013 yaw=-0.060472 score=0.976501 valid=1 mode=tracking state=TRACKING evaluated=789 execution_us=55885 reason=tracking_pose_accepted
x=3.3499 y=3.85013 yaw=-0.0614062 score=0.977469 valid=1 mode=tracking state=TRACKING evaluated=789 execution_us=101539 reason=tracking_pose_accepted
x=3.3499 y=3.85013 yaw=-0.0623403 score=0.977885 valid=1 mode=tracking state=TRACKING evaluated=789 execution_us=93997 reason=tracking_pose_accepted
x=3.3499 y=3.85013 yaw=-0.0807278 score=0.980493 valid=1 mode=tracking state=TRACKING evaluated=789 execution_us=48086 reason=tracking_pose_accepted
x=3.3499 y=3.85013 yaw=-0.081662 score=0.979078 valid=1 mode=tracking state=TRACKING evaluated=789 execution_us=59626 reason=tracking_pose_accepted
x=3.3499 y=3.85013 yaw=-0.0825961 score=0.980644 valid=1 mode=tracking state=TRACKING evaluated=789 execution_us=61608 reason=tracking_pose_accepted
x=3.3499 y=3.85013 yaw=-0.0835303 score=0.981807 valid=1 mode=tracking state=TRACKING evaluated=807 execution_us=60981 reason=tracking_pose_accepted
x=3.3499 y=3.85013 yaw=-0.0670112 score=0.979035 valid=1 mode=tracking state=TRACKING evaluated=789 execution_us=60196 reason=tracking_pose_accepted
x=3.3499 y=3.85013 yaw=-0.0853987 score=0.981393 valid=1 mode=tracking state=TRACKING evaluated=789 execution_us=50234 reason=tracking_pose_accepted
x=3.3499 y=3.85013 yaw=-0.0863328 score=0.978775 valid=1 mode=tracking state=TRACKING evaluated=789 execution_us=61099 reason=tracking_pose_accepted
x=3.3499 y=3.85013 yaw=-0.087267 score=0.980282 valid=1 mode=tracking state=TRACKING evaluated=807 execution_us=58506 reason=tracking_pose_accepted
x=3.3499 y=3.85013 yaw=-0.0707479 score=0.979283 valid=1 mode=tracking state=TRACKING evaluated=789 execution_us=60353 reason=tracking_pose_accepted
x=3.3499 y=3.85013 yaw=-0.0716821 score=0.940567 valid=1 mode=tracking state=TRACKING evaluated=807 execution_us=58442 reason=tracking_pose_accepted
x=3.3499 y=3.85013 yaw=-0.0726162 score=0.935857 valid=1 mode=tracking state=TRACKING evaluated=789 execution_us=63732 reason=tracking_pose_accepted
x=3.3499 y=3.85013 yaw=-0.0560971 score=0.927426 valid=1 mode=tracking state=TRACKING evaluated=789 execution_us=86527 reason=tracking_pose_accepted
x=3.3499 y=3.85013 yaw=-0.0744846 score=0.932315 valid=1 mode=tracking state=TRACKING evaluated=789 execution_us=46114 reason=tracking_pose_accepted
x=3.3499 y=3.85013 yaw=-0.0754187 score=0.933862 valid=1 mode=tracking state=TRACKING evaluated=789 execution_us=51405 reason=tracking_pose_accepted
x=3.3499 y=3.85013 yaw=-0.0588996 score=0.932468 valid=1 mode=tracking state=TRACKING evaluated=789 execution_us=50539 reason=tracking_pose_accepted
x=3.3499 y=3.85013 yaw=-0.0772871 score=0.936921 valid=1 mode=tracking state=TRACKING evaluated=789 execution_us=50960 reason=tracking_pose_accepted
x=3.3499 y=3.85013 yaw=-0.0607679 score=0.935968 valid=1 mode=tracking state=TRACKING evaluated=789 execution_us=51124 reason=tracking_pose_accepted
x=3.3499 y=3.85013 yaw=-0.0617021 score=0.92929 valid=1 mode=tracking state=TRACKING evaluated=789 execution_us=51189 reason=tracking_pose_accepted
x=3.3499 y=3.85013 yaw=-0.0800896 score=0.934032 valid=1 mode=tracking state=TRACKING evaluated=789 execution_us=60543 reason=tracking_pose_accepted
x=3.3499 y=3.85013 yaw=-0.0810237 score=0.93413 valid=1 mode=tracking state=TRACKING evaluated=789 execution_us=58146 reason=tracking_pose_accepted
x=3.3499 y=3.85013 yaw=-0.0645046 score=0.929565 valid=1 mode=tracking state=TRACKING evaluated=789 execution_us=57944 reason=tracking_pose_accepted
x=3.3499 y=3.85013 yaw=-0.0828921 score=0.93094 valid=1 mode=tracking state=TRACKING evaluated=789 execution_us=59053 reason=tracking_pose_accepted
x=3.3499 y=3.85013 yaw=-0.0663729 score=0.935829 valid=1 mode=tracking state=TRACKING evaluated=789 execution_us=58167 reason=tracking_pose_accepted
x=3.3499 y=3.85013 yaw=-0.0673071 score=0.978678 valid=1 mode=tracking state=TRACKING evaluated=789 execution_us=60053 reason=tracking_pose_accepted
x=3.3499 y=3.85013 yaw=-0.0856945 score=0.979737 valid=1 mode=tracking state=TRACKING evaluated=789 execution_us=51619 reason=tracking_pose_accepted
x=3.3499 y=3.85013 yaw=-0.0691754 score=0.978981 valid=1 mode=tracking state=TRACKING evaluated=789 execution_us=51930 reason=tracking_pose_accepted
x=3.3499 y=3.85013 yaw=-0.0875629 score=0.979573 valid=1 mode=tracking state=TRACKING evaluated=807 execution_us=53602 reason=tracking_pose_accepted
x=3.3499 y=3.85013 yaw=-0.0710437 score=0.978733 valid=1 mode=tracking state=TRACKING evaluated=789 execution_us=53263 reason=tracking_pose_accepted
x=3.3499 y=3.85013 yaw=-0.0719779 score=0.977133 valid=1 mode=tracking state=TRACKING evaluated=807 execution_us=54180 reason=tracking_pose_accepted
x=3.3499 y=3.85013 yaw=-0.0729121 score=0.978568 valid=1 mode=tracking state=TRACKING evaluated=789 execution_us=60156 reason=tracking_pose_accepted
x=3.3499 y=3.85013 yaw=-0.0738462 score=0.979176 valid=1 mode=tracking state=TRACKING evaluated=789 execution_us=56797 reason=tracking_pose_accepted
x=3.3499 y=3.85013 yaw=-0.0573271 score=0.977074 valid=1 mode=tracking state=TRACKING evaluated=789 execution_us=57042 reason=tracking_pose_accepted
x=3.3499 y=3.85013 yaw=-0.0757146 score=0.98136 valid=1 mode=tracking state=TRACKING evaluated=789 execution_us=57123 reason=tracking_pose_accepted
x=3.3499 y=3.85013 yaw=-0.0766487 score=0.980039 valid=1 mode=tracking state=TRACKING evaluated=789 execution_us=57042 reason=tracking_pose_accepted
x=3.3499 y=3.85013 yaw=-0.0601296 score=0.979381 valid=1 mode=tracking state=TRACKING evaluated=789 execution_us=57264 reason=tracking_pose_accepted
x=3.3499 y=3.85013 yaw=-0.0610638 score=0.980594 valid=1 mode=tracking state=TRACKING evaluated=789 execution_us=54280 reason=tracking_pose_accepted
x=3.3499 y=3.85013 yaw=-0.0794513 score=0.976259 valid=1 mode=tracking state=TRACKING evaluated=789 execution_us=53949 reason=tracking_pose_accepted
x=3.3499 y=3.85013 yaw=-0.0803854 score=0.980795 valid=1 mode=tracking state=TRACKING evaluated=789 execution_us=54824 reason=tracking_pose_accepted
x=3.3499 y=3.85013 yaw=-0.0638663 score=0.977411 valid=1 mode=tracking state=TRACKING evaluated=789 execution_us=54623 reason=tracking_pose_accepted
x=3.3499 y=3.85013 yaw=-0.0822537 score=0.982368 valid=1 mode=tracking state=TRACKING evaluated=789 execution_us=54305 reason=tracking_pose_accepted
x=3.3499 y=3.85013 yaw=-0.0657346 score=0.97832 valid=1 mode=tracking state=TRACKING evaluated=789 execution_us=55454 reason=tracking_pose_accepted
x=3.3499 y=3.85013 yaw=-0.0841221 score=0.97832 valid=1 mode=tracking state=TRACKING evaluated=789 execution_us=58349 reason=tracking_pose_accepted
x=3.3499 y=3.85013 yaw=-0.0850562 score=0.984273 valid=1 mode=tracking state=TRACKING evaluated=789 execution_us=58832 reason=tracking_pose_accepted
x=3.3499 y=3.85013 yaw=-0.0685371 score=0.976046 valid=1 mode=tracking state=TRACKING evaluated=807 execution_us=59884 reason=tracking_pose_accepted
x=3.3499 y=3.85013 yaw=-0.0869245 score=0.977358 valid=1 mode=tracking state=TRACKING evaluated=807 execution_us=60896 reason=tracking_pose_accepted
x=3.3499 y=3.85013 yaw=-0.0704054 score=0.919786 valid=1 mode=tracking state=TRACKING evaluated=789 execution_us=59324 reason=tracking_pose_accepted
x=3.3499 y=3.85013 yaw=-0.0713396 score=0.921265 valid=1 mode=tracking state=TRACKING evaluated=807 execution_us=60032 reason=tracking_pose_accepted
x=3.3499 y=3.85013 yaw=-0.089727 score=0.929452 valid=1 mode=tracking state=TRACKING evaluated=789 execution_us=55220 reason=tracking_pose_accepted
x=3.3499 y=3.85013 yaw=-0.0732079 score=0.936898 valid=1 mode=tracking state=TRACKING evaluated=789 execution_us=56145 reason=tracking_pose_accepted
x=3.3499 y=3.85013 yaw=-0.0741421 score=0.977141 valid=1 mode=tracking state=TRACKING evaluated=807 execution_us=56411 reason=tracking_pose_accepted
x=3.3499 y=3.85013 yaw=-0.0576229 score=0.978775 valid=1 mode=tracking state=TRACKING evaluated=789 execution_us=55923 reason=tracking_pose_accepted
x=3.3499 y=3.85013 yaw=-0.0760104 score=0.981249 valid=1 mode=tracking state=TRACKING evaluated=789 execution_us=56499 reason=tracking_pose_accepted
x=3.3499 y=3.85013 yaw=-0.0594913 score=0.979328 valid=1 mode=tracking state=TRACKING evaluated=789 execution_us=62584 reason=tracking_pose_accepted
x=3.3499 y=3.85013 yaw=-0.0604254 score=0.976074 valid=1 mode=tracking state=TRACKING evaluated=789 execution_us=59683 reason=tracking_pose_accepted
x=3.3499 y=3.85013 yaw=-0.0788129 score=0.982051 valid=1 mode=tracking state=TRACKING evaluated=789 execution_us=60361 reason=tracking_pose_accepted
x=3.3499 y=3.85013 yaw=-0.0622937 score=0.977048 valid=1 mode=tracking state=TRACKING evaluated=789 execution_us=59932 reason=tracking_pose_accepted
x=3.3499 y=3.85013 yaw=-0.0806812 score=0.980139 valid=1 mode=tracking state=TRACKING evaluated=789 execution_us=60838 reason=tracking_pose_accepted
x=3.3499 y=3.85013 yaw=-0.0816153 score=0.982156 valid=1 mode=tracking state=TRACKING evaluated=789 execution_us=49915 reason=tracking_pose_accepted
x=3.3499 y=3.85013 yaw=-0.0825495 score=0.980039 valid=1 mode=tracking state=TRACKING evaluated=789 execution_us=56352 reason=tracking_pose_accepted
x=3.3499 y=3.85013 yaw=-0.0660304 score=0.978981 valid=1 mode=tracking state=TRACKING evaluated=789 execution_us=57495 reason=tracking_pose_accepted
x=3.3499 y=3.85013 yaw=-0.0844179 score=0.979579 valid=1 mode=tracking state=TRACKING evaluated=789 execution_us=56174 reason=tracking_pose_accepted
x=3.3499 y=3.85013 yaw=-0.0678987 score=0.981201 valid=1 mode=tracking state=TRACKING evaluated=789 execution_us=57033 reason=tracking_pose_accepted
x=3.3499 y=3.85013 yaw=-0.0688329 score=0.976836 valid=1 mode=tracking state=TRACKING evaluated=789 execution_us=56879 reason=tracking_pose_accepted
x=3.3499 y=3.85013 yaw=-0.0697671 score=0.979035 valid=1 mode=tracking state=TRACKING evaluated=789 execution_us=57285 reason=tracking_pose_accepted
x=3.3499 y=3.85013 yaw=-0.0707013 score=0.979784 valid=1 mode=tracking state=TRACKING evaluated=789 execution_us=50756 reason=tracking_pose_accepted
x=3.3499 y=3.85013 yaw=-0.0716354 score=0.976471 valid=1 mode=tracking state=TRACKING evaluated=789 execution_us=51623 reason=tracking_pose_accepted
x=3.3499 y=3.85013 yaw=-0.0725696 score=0.981551 valid=1 mode=tracking state=TRACKING evaluated=789 execution_us=50956 reason=tracking_pose_accepted
x=3.3499 y=3.85013 yaw=-0.0735038 score=0.975805 valid=1 mode=tracking state=TRACKING evaluated=789 execution_us=51457 reason=tracking_pose_accepted
x=3.3499 y=3.85013 yaw=-0.074438 score=0.976046 valid=1 mode=tracking state=TRACKING evaluated=789 execution_us=50812 reason=tracking_pose_accepted
x=3.3499 y=3.85013 yaw=-0.0753722 score=0.981646 valid=1 mode=tracking state=TRACKING evaluated=789 execution_us=58235 reason=tracking_pose_accepted
x=3.3499 y=3.85013 yaw=-0.0763064 score=0.979685 valid=1 mode=tracking state=TRACKING evaluated=789 execution_us=58349 reason=tracking_pose_accepted
x=3.3499 y=3.85013 yaw=-0.0772405 score=0.979841 valid=1 mode=tracking state=TRACKING evaluated=789 execution_us=58338 reason=tracking_pose_accepted
x=3.3499 y=3.85013 yaw=-0.0781747 score=0.979685 valid=1 mode=tracking state=TRACKING evaluated=789 execution_us=58788 reason=tracking_pose_accepted
x=3.3499 y=3.85013 yaw=-0.0791089 score=0.981959 valid=1 mode=tracking state=TRACKING evaluated=789 execution_us=58557 reason=tracking_pose_accepted
x=3.3499 y=3.85013 yaw=-0.0625898 score=0.977469 valid=1 mode=tracking state=TRACKING evaluated=789 execution_us=58585 reason=tracking_pose_accepted
x=3.3499 y=3.85013 yaw=-0.0809773 score=0.97883 valid=1 mode=tracking state=TRACKING evaluated=789 execution_us=66145 reason=tracking_pose_accepted
x=3.3499 y=3.85013 yaw=-0.0644581 score=0.978376 valid=1 mode=tracking state=TRACKING evaluated=789 execution_us=51987 reason=tracking_pose_accepted
x=3.3499 y=3.85013 yaw=-0.0653923 score=0.980544 valid=1 mode=tracking state=TRACKING evaluated=789 execution_us=51931 reason=tracking_pose_accepted
x=3.3499 y=3.85013 yaw=-0.0837797 score=0.981201 valid=1 mode=tracking state=TRACKING evaluated=789 execution_us=52260 reason=tracking_pose_accepted
x=3.34989 y=3.85013 yaw=-0.0847139 score=0.979579 valid=1 mode=tracking state=TRACKING evaluated=789 execution_us=52286 reason=tracking_pose_accepted
x=3.34989 y=3.85013 yaw=-0.0856481 score=0.980897 valid=1 mode=tracking state=TRACKING evaluated=807 execution_us=53594 reason=tracking_pose_accepted
x=3.34989 y=3.85013 yaw=-0.069129 score=0.981854 valid=1 mode=tracking state=TRACKING evaluated=807 execution_us=60736 reason=tracking_pose_accepted
x=3.34989 y=3.90013 yaw=-0.0526098 score=0.981513 valid=1 mode=tracking state=TRACKING evaluated=807 execution_us=57595 reason=tracking_pose_accepted
x=3.39989 y=3.90013 yaw=-0.0186374 score=0.981304 valid=1 mode=tracking state=TRACKING evaluated=807 execution_us=58398 reason=tracking_pose_accepted
x=3.39989 y=3.90013 yaw=-0.0195716 score=0.984766 valid=1 mode=tracking state=TRACKING evaluated=807 execution_us=58064 reason=tracking_pose_accepted
x=3.44989 y=3.95013 yaw=-0.0728656 score=0.981504 valid=1 mode=tracking state=TRACKING evaluated=789 execution_us=59473 reason=tracking_pose_accepted
x=3.49989 y=4.00013 yaw=-0.091253 score=0.975344 valid=1 mode=tracking state=TRACKING evaluated=831 execution_us=55915 reason=tracking_pose_accepted
x=3.59989 y=4.05013 yaw=-0.144547 score=0.964605 valid=1 mode=tracking state=TRACKING evaluated=807 execution_us=53734 reason=tracking_pose_accepted
x=3.64989 y=4.10013 yaw=-0.180388 score=0.977562 valid=1 mode=tracking state=TRACKING evaluated=789 execution_us=52805 reason=tracking_pose_accepted
x=3.69989 y=4.15013 yaw=-0.181322 score=0.971581 valid=1 mode=tracking state=TRACKING evaluated=807 execution_us=54350 reason=tracking_pose_accepted
x=3.74989 y=4.15013 yaw=-0.182256 score=0.978057 valid=1 mode=tracking state=TRACKING evaluated=789 execution_us=53530 reason=tracking_pose_accepted
x=3.79989 y=4.20013 yaw=-0.165737 score=0.984648 valid=1 mode=tracking state=TRACKING evaluated=807 execution_us=62562 reason=tracking_pose_accepted
x=3.84989 y=4.25013 yaw=-0.149218 score=0.985597 valid=1 mode=tracking state=TRACKING evaluated=789 execution_us=57914 reason=tracking_pose_accepted
x=3.89989 y=4.25013 yaw=-0.132699 score=0.982384 valid=1 mode=tracking state=TRACKING evaluated=807 execution_us=58156 reason=tracking_pose_accepted
x=3.89989 y=4.25013 yaw=-0.151086 score=0.98269 valid=1 mode=tracking state=TRACKING evaluated=789 execution_us=58193 reason=tracking_pose_accepted
x=3.94989 y=4.30013 yaw=-0.15202 score=0.979977 valid=1 mode=tracking state=TRACKING evaluated=789 execution_us=58188 reason=tracking_pose_accepted
x=3.94989 y=4.30013 yaw=-0.135501 score=0.989067 valid=1 mode=tracking state=TRACKING evaluated=807 execution_us=59093 reason=tracking_pose_accepted
x=3.94989 y=4.30013 yaw=-0.136435 score=0.986132 valid=1 mode=tracking state=TRACKING evaluated=789 execution_us=55034 reason=tracking_pose_accepted
x=3.94989 y=4.30013 yaw=-0.119916 score=0.985907 valid=1 mode=tracking state=TRACKING evaluated=789 execution_us=54461 reason=tracking_pose_accepted
x=3.94989 y=4.30013 yaw=-0.103397 score=0.989095 valid=1 mode=tracking state=TRACKING evaluated=789 execution_us=54345 reason=tracking_pose_accepted
x=3.94989 y=4.30013 yaw=-0.0868779 score=0.986707 valid=1 mode=tracking state=TRACKING evaluated=789 execution_us=54973 reason=tracking_pose_accepted
x=3.94989 y=4.30013 yaw=-0.087812 score=0.981464 valid=1 mode=tracking state=TRACKING evaluated=789 execution_us=54732 reason=tracking_pose_accepted
x=3.99989 y=4.30013 yaw=-0.0887462 score=0.975112 valid=1 mode=tracking state=TRACKING evaluated=789 execution_us=55341 reason=tracking_pose_accepted
x=3.99989 y=4.30013 yaw=-0.0547738 score=0.973524 valid=1 mode=tracking state=TRACKING evaluated=807 execution_us=58682 reason=tracking_pose_accepted
x=3.99989 y=4.35013 yaw=-0.0208014 score=0.994471 valid=1 mode=tracking state=TRACKING evaluated=789 execution_us=58584 reason=tracking_pose_accepted
x=3.99989 y=4.35013 yaw=-0.0391888 score=0.983841 valid=1 mode=tracking state=TRACKING evaluated=789 execution_us=59085 reason=tracking_pose_accepted
x=3.99989 y=4.35013 yaw=-0.040123 score=0.984055 valid=1 mode=tracking state=TRACKING evaluated=789 execution_us=57815 reason=tracking_pose_accepted
x=3.99989 y=4.35013 yaw=-0.0410571 score=0.984874 valid=1 mode=tracking state=TRACKING evaluated=789 execution_us=58925 reason=tracking_pose_accepted
x=3.94989 y=4.35013 yaw=-0.0419913 score=0.986133 valid=1 mode=tracking state=TRACKING evaluated=807 execution_us=57037 reason=tracking_pose_accepted
x=3.94989 y=4.35013 yaw=-0.0254722 score=0.993549 valid=1 mode=tracking state=TRACKING evaluated=789 execution_us=55913 reason=tracking_pose_accepted
x=3.94989 y=4.35013 yaw=-0.0264063 score=0.990785 valid=1 mode=tracking state=TRACKING evaluated=789 execution_us=55794 reason=tracking_pose_accepted
x=3.94989 y=4.35013 yaw=-0.0273405 score=0.985523 valid=1 mode=tracking state=TRACKING evaluated=789 execution_us=70614 reason=tracking_pose_accepted
x=3.94989 y=4.35013 yaw=-0.0457279 score=0.987351 valid=1 mode=tracking state=TRACKING evaluated=789 execution_us=56008 reason=tracking_pose_accepted
x=3.94989 y=4.35013 yaw=-0.046662 score=0.98793 valid=1 mode=tracking state=TRACKING evaluated=789 execution_us=56263 reason=tracking_pose_accepted
x=3.94989 y=4.35013 yaw=-0.0650495 score=0.983215 valid=1 mode=tracking state=TRACKING evaluated=789 execution_us=58955 reason=tracking_pose_accepted
x=3.94989 y=4.35013 yaw=-0.083437 score=0.975505 valid=1 mode=tracking state=TRACKING evaluated=789 execution_us=60087 reason=tracking_pose_accepted
x=3.94989 y=4.40013 yaw=-0.0669178 score=0.97558 valid=1 mode=tracking state=TRACKING evaluated=789 execution_us=51237 reason=tracking_pose_accepted
x=3.94989 y=4.40013 yaw=-0.067852 score=0.98341 valid=1 mode=tracking state=TRACKING evaluated=789 execution_us=49976 reason=tracking_pose_accepted
x=3.94989 y=4.35013 yaw=-0.0687862 score=0.989442 valid=1 mode=tracking state=TRACKING evaluated=789 execution_us=61314 reason=tracking_pose_accepted
x=3.94989 y=4.40013 yaw=-0.0697203 score=0.987054 valid=1 mode=tracking state=TRACKING evaluated=789 execution_us=50517 reason=tracking_pose_accepted
x=3.94989 y=4.40013 yaw=-0.0706545 score=0.988522 valid=1 mode=tracking state=TRACKING evaluated=789 execution_us=56623 reason=tracking_pose_accepted
x=3.94989 y=4.40013 yaw=-0.0715887 score=0.991009 valid=1 mode=tracking state=TRACKING evaluated=789 execution_us=58124 reason=tracking_pose_accepted
x=3.94989 y=4.40013 yaw=-0.0725229 score=0.988358 valid=1 mode=tracking state=TRACKING evaluated=807 execution_us=58568 reason=tracking_pose_accepted
x=3.94989 y=4.40013 yaw=-0.0560038 score=0.989942 valid=1 mode=tracking state=TRACKING evaluated=789 execution_us=57523 reason=tracking_pose_accepted
x=3.94989 y=4.40013 yaw=-0.0569379 score=0.98552 valid=1 mode=tracking state=TRACKING evaluated=789 execution_us=58647 reason=tracking_pose_accepted
x=3.94989 y=4.45013 yaw=-0.0578721 score=0.982805 valid=1 mode=tracking state=TRACKING evaluated=789 execution_us=58276 reason=tracking_pose_accepted
x=3.94989 y=4.45013 yaw=-0.0588063 score=0.990704 valid=1 mode=tracking state=TRACKING evaluated=789 execution_us=51336 reason=tracking_pose_accepted
x=3.94989 y=4.45013 yaw=-0.0597405 score=0.987504 valid=1 mode=tracking state=TRACKING evaluated=789 execution_us=50777 reason=tracking_pose_accepted
x=3.94989 y=4.45013 yaw=-0.078128 score=0.983438 valid=1 mode=tracking state=TRACKING evaluated=789 execution_us=51435 reason=tracking_pose_accepted
x=3.94989 y=4.45013 yaw=-0.0616088 score=0.990962 valid=1 mode=tracking state=TRACKING evaluated=789 execution_us=51915 reason=tracking_pose_accepted
x=3.94989 y=4.45013 yaw=-0.062543 score=0.993142 valid=1 mode=tracking state=TRACKING evaluated=789 execution_us=51566 reason=tracking_pose_accepted
x=3.94989 y=4.45013 yaw=-0.0634772 score=0.990222 valid=1 mode=tracking state=TRACKING evaluated=789 execution_us=51510 reason=tracking_pose_accepted
x=3.94989 y=4.45013 yaw=-0.0644114 score=0.993107 valid=1 mode=tracking state=TRACKING evaluated=789 execution_us=59007 reason=tracking_pose_accepted
x=3.94989 y=4.45013 yaw=-0.0653455 score=0.992208 valid=1 mode=tracking state=TRACKING evaluated=789 execution_us=58353 reason=tracking_pose_accepted
x=3.94989 y=4.45013 yaw=-0.0662797 score=0.990094 valid=1 mode=tracking state=TRACKING evaluated=789 execution_us=58634 reason=tracking_pose_accepted
x=3.94989 y=4.45013 yaw=-0.0672139 score=0.994514 valid=1 mode=tracking state=TRACKING evaluated=789 execution_us=59329 reason=tracking_pose_accepted
x=3.94989 y=4.45013 yaw=-0.0681481 score=0.994471 valid=1 mode=tracking state=TRACKING evaluated=789 execution_us=58595 reason=tracking_pose_accepted
x=3.94989 y=4.45013 yaw=-0.0690823 score=0.993107 valid=1 mode=tracking state=TRACKING evaluated=789 execution_us=59120 reason=tracking_pose_accepted
x=3.94989 y=4.45013 yaw=-0.0700165 score=0.992188 valid=1 mode=tracking state=TRACKING evaluated=789 execution_us=51536 reason=tracking_pose_accepted
x=3.94989 y=4.45013 yaw=-0.0709506 score=0.991575 valid=1 mode=tracking state=TRACKING evaluated=789 execution_us=52226 reason=tracking_pose_accepted
x=3.94989 y=4.45013 yaw=-0.0718848 score=0.991618 valid=1 mode=tracking state=TRACKING evaluated=789 execution_us=52958 reason=tracking_pose_accepted
x=3.94989 y=4.45013 yaw=-0.072819 score=0.988083 valid=1 mode=tracking state=TRACKING evaluated=789 execution_us=52526 reason=tracking_pose_accepted
x=3.94989 y=4.45013 yaw=-0.0737532 score=0.992552 valid=1 mode=tracking state=TRACKING evaluated=807 execution_us=53734 reason=tracking_pose_accepted
x=3.94989 y=4.45013 yaw=-0.0572341 score=0.990527 valid=1 mode=tracking state=TRACKING evaluated=789 execution_us=56620 reason=tracking_pose_accepted
x=3.94989 y=4.45013 yaw=-0.0756215 score=0.984874 valid=1 mode=tracking state=TRACKING evaluated=789 execution_us=56362 reason=tracking_pose_accepted
x=3.94989 y=4.45013 yaw=-0.0591024 score=0.987592 valid=1 mode=tracking state=TRACKING evaluated=789 execution_us=56456 reason=tracking_pose_accepted
x=3.94989 y=4.45013 yaw=-0.0774899 score=0.99068 valid=1 mode=tracking state=TRACKING evaluated=789 execution_us=56729 reason=tracking_pose_accepted
x=3.94989 y=4.45013 yaw=-0.0609707 score=0.988694 valid=1 mode=tracking state=TRACKING evaluated=789 execution_us=57034 reason=tracking_pose_accepted
x=3.94989 y=4.45013 yaw=-0.0619049 score=0.991902 valid=1 mode=tracking state=TRACKING evaluated=789 execution_us=63937 reason=tracking_pose_accepted
x=3.94989 y=4.45013 yaw=-0.062839 score=0.993396 valid=1 mode=tracking state=TRACKING evaluated=789 execution_us=51650 reason=tracking_pose_accepted
x=3.94989 y=4.45013 yaw=-0.0637732 score=0.989305 valid=1 mode=tracking state=TRACKING evaluated=789 execution_us=53496 reason=tracking_pose_accepted
x=3.94989 y=4.45013 yaw=-0.0647074 score=0.994792 valid=1 mode=tracking state=TRACKING evaluated=789 execution_us=53691 reason=tracking_pose_accepted
x=3.94989 y=4.45013 yaw=-0.0656416 score=0.994805 valid=1 mode=tracking state=TRACKING evaluated=789 execution_us=53708 reason=tracking_pose_accepted
x=3.94989 y=4.45013 yaw=-0.0665758 score=0.991923 valid=1 mode=tracking state=TRACKING evaluated=789 execution_us=54103 reason=tracking_pose_accepted
x=3.94989 y=4.45013 yaw=-0.06751 score=0.995123 valid=1 mode=tracking state=TRACKING evaluated=789 execution_us=58147 reason=tracking_pose_accepted
x=3.94989 y=4.45013 yaw=-0.0684441 score=0.991575 valid=1 mode=tracking state=TRACKING evaluated=789 execution_us=57708 reason=tracking_pose_accepted
x=3.94989 y=4.45013 yaw=-0.0693783 score=0.994819 valid=1 mode=tracking state=TRACKING evaluated=789 execution_us=58939 reason=tracking_pose_accepted
x=3.94989 y=4.45013 yaw=-0.0703125 score=0.994805 valid=1 mode=tracking state=TRACKING evaluated=789 execution_us=58476 reason=tracking_pose_accepted
x=3.94989 y=4.45013 yaw=-0.0712467 score=0.988051 valid=1 mode=tracking state=TRACKING evaluated=789 execution_us=58375 reason=tracking_pose_accepted
x=3.94989 y=4.45013 yaw=-0.0721809 score=0.992953 valid=1 mode=tracking state=TRACKING evaluated=789 execution_us=58870 reason=tracking_pose_accepted
x=3.94989 y=4.45013 yaw=-0.0731151 score=0.992208 valid=1 mode=tracking state=TRACKING evaluated=789 execution_us=55223 reason=tracking_pose_accepted
x=3.94989 y=4.45013 yaw=-0.0740492 score=0.98606 valid=1 mode=tracking state=TRACKING evaluated=789 execution_us=55280 reason=tracking_pose_accepted
x=3.94989 y=4.45013 yaw=-0.0749834 score=0.987809 valid=1 mode=tracking state=TRACKING evaluated=789 execution_us=55740 reason=tracking_pose_accepted
x=3.94989 y=4.45013 yaw=-0.0759176 score=0.988358 valid=1 mode=tracking state=TRACKING evaluated=789 execution_us=55388 reason=tracking_pose_accepted
x=3.94989 y=4.45013 yaw=-0.0593985 score=0.987592 valid=1 mode=tracking state=TRACKING evaluated=789 execution_us=55905 reason=tracking_pose_accepted
x=3.94989 y=4.45013 yaw=-0.0603327 score=0.989028 valid=1 mode=tracking state=TRACKING evaluated=789 execution_us=58934 reason=tracking_pose_accepted
x=3.94989 y=4.45013 yaw=-0.0612669 score=0.989637 valid=1 mode=tracking state=TRACKING evaluated=789 execution_us=59691 reason=tracking_pose_accepted
x=3.94989 y=4.45013 yaw=-0.062201 score=0.992513 valid=1 mode=tracking state=TRACKING evaluated=789 execution_us=60259 reason=tracking_pose_accepted
x=3.94989 y=4.45013 yaw=-0.0631352 score=0.995688 valid=1 mode=tracking state=TRACKING evaluated=789 execution_us=59229 reason=tracking_pose_accepted
x=3.94989 y=4.45013 yaw=-0.0640694 score=0.993857 valid=1 mode=tracking state=TRACKING evaluated=789 execution_us=60662 reason=tracking_pose_accepted
x=3.94989 y=4.45013 yaw=-0.0650036 score=0.995136 valid=1 mode=tracking state=TRACKING evaluated=789 execution_us=50157 reason=tracking_pose_accepted
x=3.94989 y=4.45013 yaw=-0.0659378 score=0.992208 valid=1 mode=tracking state=TRACKING evaluated=789 execution_us=56883 reason=tracking_pose_accepted
x=3.94989 y=4.45013 yaw=-0.066872 score=0.993703 valid=1 mode=tracking state=TRACKING evaluated=789 execution_us=56223 reason=tracking_pose_accepted
x=3.94989 y=4.45013 yaw=-0.0678061 score=0.995123 valid=1 mode=tracking state=TRACKING evaluated=789 execution_us=56799 reason=tracking_pose_accepted
x=3.94989 y=4.45013 yaw=-0.0687403 score=0.9945 valid=1 mode=tracking state=TRACKING evaluated=789 execution_us=56830 reason=tracking_pose_accepted
x=3.94989 y=4.45013 yaw=-0.0696745 score=0.992188 valid=1 mode=tracking state=TRACKING evaluated=789 execution_us=57335 reason=tracking_pose_accepted
x=3.94989 y=4.45013 yaw=-0.0706087 score=0.993583 valid=1 mode=tracking state=TRACKING evaluated=789 execution_us=56741 reason=tracking_pose_accepted
x=3.94989 y=4.45013 yaw=-0.0715429 score=0.990962 valid=1 mode=tracking state=TRACKING evaluated=789 execution_us=49462 reason=tracking_pose_accepted
x=3.94989 y=4.45013 yaw=-0.0724771 score=0.991597 valid=1 mode=tracking state=TRACKING evaluated=789 execution_us=50778 reason=tracking_pose_accepted
x=3.94989 y=4.45013 yaw=-0.0734112 score=0.989691 valid=1 mode=tracking state=TRACKING evaluated=789 execution_us=50554 reason=tracking_pose_accepted
x=3.94989 y=4.45013 yaw=-0.0743454 score=0.991314 valid=1 mode=tracking state=TRACKING evaluated=789 execution_us=50695 reason=tracking_pose_accepted
x=3.94989 y=4.45013 yaw=-0.0752796 score=0.988723 valid=1 mode=tracking state=TRACKING evaluated=789 execution_us=50994 reason=tracking_pose_accepted
x=3.94989 y=4.45013 yaw=-0.0762138 score=0.990094 valid=1 mode=tracking state=TRACKING evaluated=789 execution_us=50902 reason=tracking_pose_accepted
x=3.94989 y=4.45013 yaw=-0.077148 score=0.990704 valid=1 mode=tracking state=TRACKING evaluated=789 execution_us=55463 reason=tracking_pose_accepted
x=3.94989 y=4.45013 yaw=-0.0606289 score=0.995733 valid=1 mode=tracking state=TRACKING evaluated=807 execution_us=58904 reason=tracking_pose_accepted
x=3.94989 y=4.45013 yaw=-0.061563 score=0.992856 valid=1 mode=tracking state=TRACKING evaluated=789 execution_us=57717 reason=tracking_pose_accepted
x=3.94989 y=4.45013 yaw=-0.0624972 score=0.992819 valid=1 mode=tracking state=TRACKING evaluated=789 execution_us=58133 reason=tracking_pose_accepted
x=3.94989 y=4.45013 yaw=-0.0634314 score=0.992147 valid=1 mode=tracking state=TRACKING evaluated=789 execution_us=54748 reason=tracking_pose_accepted
x=3.94989 y=4.45013 yaw=-0.0643656 score=0.995416 valid=1 mode=tracking state=TRACKING evaluated=789 execution_us=64611 reason=tracking_pose_accepted
x=3.94989 y=4.45013 yaw=-0.0652998 score=0.992513 valid=1 mode=tracking state=TRACKING evaluated=789 execution_us=50735 reason=tracking_pose_accepted
x=3.94989 y=4.45013 yaw=-0.0662339 score=0.995123 valid=1 mode=tracking state=TRACKING evaluated=789 execution_us=52227 reason=tracking_pose_accepted
x=3.94989 y=4.45013 yaw=-0.0671681 score=0.992208 valid=1 mode=tracking state=TRACKING evaluated=789 execution_us=51684 reason=tracking_pose_accepted
x=3.94989 y=4.45013 yaw=-0.0681023 score=0.9945 valid=1 mode=tracking state=TRACKING evaluated=789 execution_us=51808 reason=tracking_pose_accepted
x=3.94989 y=4.45013 yaw=-0.0690365 score=0.991291 valid=1 mode=tracking state=TRACKING evaluated=789 execution_us=51771 reason=tracking_pose_accepted
x=3.94989 y=4.45013 yaw=-0.0699707 score=0.993904 valid=1 mode=tracking state=TRACKING evaluated=789 execution_us=59398 reason=tracking_pose_accepted
x=3.94989 y=4.45013 yaw=-0.0709049 score=0.991597 valid=1 mode=tracking state=TRACKING evaluated=789 execution_us=58680 reason=tracking_pose_accepted
x=3.94989 y=4.45013 yaw=-0.071839 score=0.992838 valid=1 mode=tracking state=TRACKING evaluated=789 execution_us=56358 reason=tracking_pose_accepted
x=3.94989 y=4.45013 yaw=-0.0727732 score=0.989028 valid=1 mode=tracking state=TRACKING evaluated=789 execution_us=56346 reason=tracking_pose_accepted
x=3.94989 y=4.45013 yaw=-0.0737074 score=0.989056 valid=1 mode=tracking state=TRACKING evaluated=789 execution_us=56363 reason=tracking_pose_accepted
x=3.94989 y=4.45013 yaw=-0.0746416 score=0.988358 valid=1 mode=tracking state=TRACKING evaluated=789 execution_us=52978 reason=tracking_pose_accepted
x=3.94989 y=4.45013 yaw=-0.0755758 score=0.987809 valid=1 mode=tracking state=TRACKING evaluated=789 execution_us=53349 reason=tracking_pose_accepted
x=3.94989 y=4.45013 yaw=-0.07651 score=0.987809 valid=1 mode=tracking state=TRACKING evaluated=789 execution_us=53435 reason=tracking_pose_accepted
x=3.94989 y=4.45013 yaw=-0.0599909 score=0.991138 valid=1 mode=tracking state=TRACKING evaluated=789 execution_us=54141 reason=tracking_pose_accepted
x=3.94989 y=4.45013 yaw=-0.060925 score=0.996343 valid=1 mode=tracking state=TRACKING evaluated=789 execution_us=53827 reason=tracking_pose_accepted
x=3.94989 y=4.45013 yaw=-0.0618592 score=0.992513 valid=1 mode=tracking state=TRACKING evaluated=789 execution_us=53784 reason=tracking_pose_accepted
x=3.94989 y=4.45013 yaw=-0.0627934 score=0.995428 valid=1 mode=tracking state=TRACKING evaluated=789 execution_us=58051 reason=tracking_pose_accepted
x=3.94989 y=4.45013 yaw=-0.0637276 score=0.993107 valid=1 mode=tracking state=TRACKING evaluated=789 execution_us=57261 reason=tracking_pose_accepted
x=3.94989 y=4.45013 yaw=-0.0646618 score=0.995085 valid=1 mode=tracking state=TRACKING evaluated=789 execution_us=57571 reason=tracking_pose_accepted
x=3.94989 y=4.45013 yaw=-0.0655959 score=0.993071 valid=1 mode=tracking state=TRACKING evaluated=789 execution_us=57551 reason=tracking_pose_accepted
x=3.94989 y=4.45013 yaw=-0.0665301 score=0.994805 valid=1 mode=tracking state=TRACKING evaluated=789 execution_us=57751 reason=tracking_pose_accepted
x=3.94989 y=4.45013 yaw=-0.0674643 score=0.995452 valid=1 mode=tracking state=TRACKING evaluated=789 execution_us=59128 reason=tracking_pose_accepted
x=3.94989 y=4.45013 yaw=-0.0683985 score=0.991597 valid=1 mode=tracking state=TRACKING evaluated=789 execution_us=54553 reason=tracking_pose_accepted
x=3.94989 y=4.45013 yaw=-0.0693327 score=0.994471 valid=1 mode=tracking state=TRACKING evaluated=789 execution_us=54667 reason=tracking_pose_accepted
x=3.94989 y=4.45013 yaw=-0.0702669 score=0.991291 valid=1 mode=tracking state=TRACKING evaluated=789 execution_us=55555 reason=tracking_pose_accepted
x=3.94989 y=4.45013 yaw=-0.071201 score=0.989056 valid=1 mode=tracking state=TRACKING evaluated=789 execution_us=54953 reason=tracking_pose_accepted
x=3.94989 y=4.45013 yaw=-0.0721352 score=0.991923 valid=1 mode=tracking state=TRACKING evaluated=789 execution_us=55090 reason=tracking_pose_accepted
x=3.94989 y=4.45013 yaw=-0.0730694 score=0.990962 valid=1 mode=tracking state=TRACKING evaluated=789 execution_us=62109 reason=tracking_pose_accepted
x=3.94989 y=4.45013 yaw=-0.0740036 score=0.99392 valid=1 mode=tracking state=TRACKING evaluated=789 execution_us=59365 reason=tracking_pose_accepted
x=3.94989 y=4.45013 yaw=-0.0749378 score=0.988664 valid=1 mode=tracking state=TRACKING evaluated=789 execution_us=58985 reason=tracking_pose_accepted
x=3.94989 y=4.45013 yaw=-0.0584187 score=0.98793 valid=1 mode=tracking state=TRACKING evaluated=789 execution_us=59283 reason=tracking_pose_accepted
x=3.94989 y=4.45013 yaw=-0.0593528 score=0.987992 valid=1 mode=tracking state=TRACKING evaluated=789 execution_us=59581 reason=tracking_pose_accepted
x=3.94989 y=4.45013 yaw=-0.060287 score=0.990196 valid=1 mode=tracking state=TRACKING evaluated=789 execution_us=59789 reason=tracking_pose_accepted
x=3.94989 y=4.45013 yaw=-0.0612212 score=0.992248 valid=1 mode=tracking state=TRACKING evaluated=789 execution_us=56103 reason=tracking_pose_accepted
x=3.94989 y=4.45013 yaw=-0.0621554 score=0.992208 valid=1 mode=tracking state=TRACKING evaluated=789 execution_us=55789 reason=tracking_pose_accepted
x=3.94989 y=4.45013 yaw=-0.0630896 score=0.996333 valid=1 mode=tracking state=TRACKING evaluated=789 execution_us=56744 reason=tracking_pose_accepted
x=3.94989 y=4.45013 yaw=-0.0640237 score=0.992552 valid=1 mode=tracking state=TRACKING evaluated=789 execution_us=56104 reason=tracking_pose_accepted
x=3.94989 y=4.45013 yaw=-0.0649579 score=0.994514 valid=1 mode=tracking state=TRACKING evaluated=789 execution_us=56055 reason=tracking_pose_accepted
x=3.94989 y=4.45013 yaw=-0.0658921 score=0.995744 valid=1 mode=tracking state=TRACKING evaluated=789 execution_us=56460 reason=tracking_pose_accepted
x=3.94989 y=4.45013 yaw=-0.0668263 score=0.992819 valid=1 mode=tracking state=TRACKING evaluated=789 execution_us=59415 reason=tracking_pose_accepted
x=3.94989 y=4.45013 yaw=-0.0677605 score=0.991902 valid=1 mode=tracking state=TRACKING evaluated=789 execution_us=50242 reason=tracking_pose_accepted
x=3.94989 y=4.45013 yaw=-0.0686947 score=0.994194 valid=1 mode=tracking state=TRACKING evaluated=789 execution_us=49204 reason=tracking_pose_accepted
x=3.94989 y=4.45013 yaw=-0.0696288 score=0.989028 valid=1 mode=tracking state=TRACKING evaluated=789 execution_us=49999 reason=tracking_pose_accepted
x=3.94989 y=4.45013 yaw=-0.070563 score=0.994209 valid=1 mode=tracking state=TRACKING evaluated=789 execution_us=60057 reason=tracking_pose_accepted
x=3.94989 y=4.45013 yaw=-0.0714972 score=0.995416 valid=1 mode=tracking state=TRACKING evaluated=789 execution_us=50428 reason=tracking_pose_accepted
x=3.94989 y=4.45013 yaw=-0.0724314 score=0.991268 valid=1 mode=tracking state=TRACKING evaluated=789 execution_us=56625 reason=tracking_pose_accepted
x=3.94989 y=4.45013 yaw=-0.0733656 score=0.991358 valid=1 mode=tracking state=TRACKING evaluated=789 execution_us=57835 reason=tracking_pose_accepted
x=3.94989 y=4.45013 yaw=-0.0742998 score=0.991618 valid=1 mode=tracking state=TRACKING evaluated=789 execution_us=57287 reason=tracking_pose_accepted
x=3.94989 y=4.45013 yaw=-0.075234 score=0.985485 valid=1 mode=tracking state=TRACKING evaluated=789 execution_us=58163 reason=tracking_pose_accepted
x=3.94989 y=4.45013 yaw=-0.0587148 score=0.990552 valid=1 mode=tracking state=TRACKING evaluated=789 execution_us=57778 reason=tracking_pose_accepted
x=3.94989 y=4.45013 yaw=-0.059649 score=0.993125 valid=1 mode=tracking state=TRACKING evaluated=789 execution_us=57817 reason=tracking_pose_accepted
x=3.94989 y=4.45013 yaw=-0.0605832 score=0.989942 valid=1 mode=tracking state=TRACKING evaluated=789 execution_us=51790 reason=tracking_pose_accepted
x=3.94989 y=4.45013 yaw=-0.0615174 score=0.992248 valid=1 mode=tracking state=TRACKING evaluated=789 execution_us=51475 reason=tracking_pose_accepted
x=3.94989 y=4.45013 yaw=-0.0624516 score=0.993413 valid=1 mode=tracking state=TRACKING evaluated=789 execution_us=51611 reason=tracking_pose_accepted
x=3.94989 y=4.45013 yaw=-0.0633857 score=0.992208 valid=1 mode=tracking state=TRACKING evaluated=789 execution_us=51896 reason=tracking_pose_accepted
x=3.94989 y=4.45013 yaw=-0.0643199 score=0.995722 valid=1 mode=tracking state=TRACKING evaluated=789 execution_us=51929 reason=tracking_pose_accepted
x=3.94989 y=4.45013 yaw=-0.0652541 score=0.994485 valid=1 mode=tracking state=TRACKING evaluated=789 execution_us=58591 reason=tracking_pose_accepted
x=3.94989 y=4.45013 yaw=-0.0661883 score=0.993125 valid=1 mode=tracking state=TRACKING evaluated=789 execution_us=59140 reason=tracking_pose_accepted
x=3.94989 y=4.45013 yaw=-0.0671225 score=0.995123 valid=1 mode=tracking state=TRACKING evaluated=789 execution_us=59341 reason=tracking_pose_accepted
x=3.94989 y=4.45013 yaw=-0.0680567 score=0.995428 valid=1 mode=tracking state=TRACKING evaluated=789 execution_us=59776 reason=tracking_pose_accepted
x=3.94988 y=4.45013 yaw=-0.0689908 score=0.991314 valid=1 mode=tracking state=TRACKING evaluated=807 execution_us=57225 reason=tracking_pose_accepted
x=3.94988 y=4.45013 yaw=-0.069925 score=0.994224 valid=1 mode=tracking state=TRACKING evaluated=789 execution_us=55891 reason=tracking_pose_accepted
x=3.94988 y=4.45013 yaw=-0.0708592 score=0.991618 valid=1 mode=tracking state=TRACKING evaluated=789 execution_us=53490 reason=tracking_pose_accepted
x=3.94988 y=4.45013 yaw=-0.0717934 score=0.992781 valid=1 mode=tracking state=TRACKING evaluated=789 execution_us=52286 reason=tracking_pose_accepted
x=3.94988 y=4.45013 yaw=-0.0727276 score=0.988999 valid=1 mode=tracking state=TRACKING evaluated=789 execution_us=52858 reason=tracking_pose_accepted
x=3.94988 y=4.45013 yaw=-0.0736618 score=0.991902 valid=1 mode=tracking state=TRACKING evaluated=789 execution_us=53250 reason=tracking_pose_accepted
x=3.94988 y=4.45013 yaw=-0.0745959 score=0.985754 valid=1 mode=tracking state=TRACKING evaluated=789 execution_us=53250 reason=tracking_pose_accepted
x=3.94988 y=4.45013 yaw=-0.0755301 score=0.988664 valid=1 mode=tracking state=TRACKING evaluated=789 execution_us=53883 reason=tracking_pose_accepted
x=3.94988 y=4.45013 yaw=-0.059011 score=0.992494 valid=1 mode=tracking state=TRACKING evaluated=789 execution_us=56747 reason=tracking_pose_accepted
x=3.94988 y=4.45013 yaw=-0.0599452 score=0.992856 valid=1 mode=tracking state=TRACKING evaluated=789 execution_us=57288 reason=tracking_pose_accepted
x=3.94988 y=4.45013 yaw=-0.0608794 score=0.990196 valid=1 mode=tracking state=TRACKING evaluated=789 execution_us=57867 reason=tracking_pose_accepted
x=3.94988 y=4.45013 yaw=-0.0618135 score=0.990247 valid=1 mode=tracking state=TRACKING evaluated=789 execution_us=57004 reason=tracking_pose_accepted
x=3.94988 y=4.45013 yaw=-0.0627477 score=0.995098 valid=1 mode=tracking state=TRACKING evaluated=789 execution_us=57240 reason=tracking_pose_accepted
x=3.94988 y=4.45013 yaw=-0.0636819 score=0.995111 valid=1 mode=tracking state=TRACKING evaluated=789 execution_us=54538 reason=tracking_pose_accepted
x=3.94988 y=4.45013 yaw=-0.0646161 score=0.993071 valid=1 mode=tracking state=TRACKING evaluated=789 execution_us=53770 reason=tracking_pose_accepted
x=3.94988 y=4.45013 yaw=-0.0655503 score=0.9928 valid=1 mode=tracking state=TRACKING evaluated=789 execution_us=54080 reason=tracking_pose_accepted
x=3.94988 y=4.45013 yaw=-0.0664845 score=0.995123 valid=1 mode=tracking state=TRACKING evaluated=789 execution_us=54175 reason=tracking_pose_accepted
x=3.94988 y=4.45013 yaw=-0.0674186 score=0.995428 valid=1 mode=tracking state=TRACKING evaluated=789 execution_us=54567 reason=tracking_pose_accepted
x=3.94988 y=4.45013 yaw=-0.0683528 score=0.992167 valid=1 mode=tracking state=TRACKING evaluated=789 execution_us=55026 reason=tracking_pose_accepted
x=3.94988 y=4.45013 yaw=-0.069287 score=0.992188 valid=1 mode=tracking state=TRACKING evaluated=807 execution_us=59015 reason=tracking_pose_accepted
x=3.94988 y=4.45013 yaw=-0.0702212 score=0.992838 valid=1 mode=tracking state=TRACKING evaluated=789 execution_us=58754 reason=tracking_pose_accepted
x=3.94988 y=4.45013 yaw=-0.0711554 score=0.991597 valid=1 mode=tracking state=TRACKING evaluated=789 execution_us=59362 reason=tracking_pose_accepted
x=3.94988 y=4.45013 yaw=-0.0720896 score=0.994485 valid=1 mode=tracking state=TRACKING evaluated=789 execution_us=58332 reason=tracking_pose_accepted
x=3.94988 y=4.45013 yaw=-0.0730238 score=0.994528 valid=1 mode=tracking state=TRACKING evaluated=789 execution_us=59414 reason=tracking_pose_accepted
x=3.94988 y=4.45013 yaw=-0.0739579 score=0.987471 valid=1 mode=tracking state=TRACKING evaluated=789 execution_us=56902 reason=tracking_pose_accepted
x=3.94988 y=4.45013 yaw=-0.0748921 score=0.990962 valid=1 mode=tracking state=TRACKING evaluated=789 execution_us=55425 reason=tracking_pose_accepted
x=3.94988 y=4.45013 yaw=-0.058373 score=0.984949 valid=1 mode=tracking state=TRACKING evaluated=789 execution_us=55803 reason=tracking_pose_accepted
x=3.94988 y=4.45013 yaw=-0.0593072 score=0.988296 valid=1 mode=tracking state=TRACKING evaluated=789 execution_us=55725 reason=tracking_pose_accepted
x=3.94988 y=4.45013 yaw=-0.0602414 score=0.988205 valid=1 mode=tracking state=TRACKING evaluated=789 execution_us=55953 reason=tracking_pose_accepted
x=3.94988 y=4.45013 yaw=-0.0611755 score=0.995111 valid=1 mode=tracking state=TRACKING evaluated=789 execution_us=56318 reason=tracking_pose_accepted
x=3.94988 y=4.45013 yaw=-0.0621097 score=0.995111 valid=1 mode=tracking state=TRACKING evaluated=789 execution_us=59408 reason=tracking_pose_accepted
x=3.94988 y=4.45013 yaw=-0.0630439 score=0.9928 valid=1 mode=tracking state=TRACKING evaluated=789 execution_us=60006 reason=tracking_pose_accepted
x=3.94988 y=4.45013 yaw=-0.0639781 score=0.995123 valid=1 mode=tracking state=TRACKING evaluated=789 execution_us=50163 reason=tracking_pose_accepted
x=3.94988 y=4.45013 yaw=-0.0649123 score=0.992494 valid=1 mode=tracking state=TRACKING evaluated=789 execution_us=49582 reason=tracking_pose_accepted
x=3.94988 y=4.45013 yaw=-0.0658465 score=0.995744 valid=1 mode=tracking state=TRACKING evaluated=789 execution_us=61093 reason=tracking_pose_accepted
x=3.94988 y=4.45013 yaw=-0.0667806 score=0.992188 valid=1 mode=tracking state=TRACKING evaluated=789 execution_us=50477 reason=tracking_pose_accepted
x=3.94988 y=4.45013 yaw=-0.0677148 score=0.994179 valid=1 mode=tracking state=TRACKING evaluated=789 execution_us=56565 reason=tracking_pose_accepted
x=3.94988 y=4.45013 yaw=-0.068649 score=0.995755 valid=1 mode=tracking state=TRACKING evaluated=789 execution_us=58034 reason=tracking_pose_accepted
x=3.94988 y=4.45013 yaw=-0.0695832 score=0.991618 valid=1 mode=tracking state=TRACKING evaluated=789 execution_us=57401 reason=tracking_pose_accepted
x=3.94988 y=4.45013 yaw=-0.0705174 score=0.993873 valid=1 mode=tracking state=TRACKING evaluated=789 execution_us=57048 reason=tracking_pose_accepted
x=3.94988 y=4.45013 yaw=-0.0714516 score=0.992248 valid=1 mode=tracking state=TRACKING evaluated=789 execution_us=58388 reason=tracking_pose_accepted
x=3.94988 y=4.45013 yaw=-0.0723857 score=0.991839 valid=1 mode=tracking state=TRACKING evaluated=789 execution_us=60107 reason=tracking_pose_accepted
x=3.94988 y=4.45013 yaw=-0.0733199 score=0.992248 valid=1 mode=tracking state=TRACKING evaluated=789 execution_us=50924 reason=tracking_pose_accepted
x=3.94988 y=4.45013 yaw=-0.0742541 score=0.989556 valid=1 mode=tracking state=TRACKING evaluated=789 execution_us=51477 reason=tracking_pose_accepted
x=3.94988 y=4.45013 yaw=-0.057735 score=0.956729 valid=1 mode=tracking state=TRACKING evaluated=789 execution_us=50592 reason=tracking_pose_accepted
x=3.94988 y=4.45013 yaw=-0.0761225 score=0.943486 valid=1 mode=tracking state=TRACKING evaluated=789 execution_us=51917 reason=tracking_pose_accepted
x=3.94988 y=4.45013 yaw=-0.0596033 score=0.956842 valid=1 mode=tracking state=TRACKING evaluated=789 execution_us=50901 reason=tracking_pose_accepted
x=3.94988 y=4.45013 yaw=-0.0605375 score=0.956232 valid=1 mode=tracking state=TRACKING evaluated=789 execution_us=57418 reason=tracking_pose_accepted
x=3.94988 y=4.45013 yaw=-0.0614717 score=0.954419 valid=1 mode=tracking state=TRACKING evaluated=789 execution_us=58051 reason=tracking_pose_accepted
x=3.94988 y=4.45013 yaw=-0.0624058 score=0.950955 valid=1 mode=tracking state=TRACKING evaluated=789 execution_us=58482 reason=tracking_pose_accepted
x=3.94988 y=4.45013 yaw=-0.06334 score=0.947089 valid=1 mode=tracking state=TRACKING evaluated=789 execution_us=58615 reason=tracking_pose_accepted
x=3.94988 y=4.45013 yaw=-0.0642742 score=0.958442 valid=1 mode=tracking state=TRACKING evaluated=807 execution_us=60103 reason=tracking_pose_accepted
x=3.94988 y=4.45013 yaw=-0.0652084 score=0.991575 valid=1 mode=tracking state=TRACKING evaluated=789 execution_us=58434 reason=tracking_pose_accepted
x=3.94988 y=4.45013 yaw=-0.0661426 score=0.996028 valid=1 mode=tracking state=TRACKING evaluated=789 execution_us=52524 reason=tracking_pose_accepted
x=3.94988 y=4.45013 yaw=-0.0670768 score=0.992819 valid=1 mode=tracking state=TRACKING evaluated=789 execution_us=51862 reason=tracking_pose_accepted
x=3.94988 y=4.45013 yaw=-0.0680109 score=0.992474 valid=1 mode=tracking state=TRACKING evaluated=789 execution_us=52103 reason=tracking_pose_accepted
x=3.94988 y=4.45013 yaw=-0.0689451 score=0.995136 valid=1 mode=tracking state=TRACKING evaluated=789 execution_us=53763 reason=tracking_pose_accepted
x=3.94988 y=4.45013 yaw=-0.0698793 score=0.988664 valid=1 mode=tracking state=TRACKING evaluated=789 execution_us=52947 reason=tracking_pose_accepted
x=3.94988 y=4.45013 yaw=-0.0708135 score=0.993904 valid=1 mode=tracking state=TRACKING evaluated=789 execution_us=56693 reason=tracking_pose_accepted
x=3.94988 y=4.45013 yaw=-0.0717477 score=0.991923 valid=1 mode=tracking state=TRACKING evaluated=789 execution_us=57425 reason=tracking_pose_accepted
x=3.94988 y=4.45013 yaw=-0.0726819 score=0.99164 valid=1 mode=tracking state=TRACKING evaluated=789 execution_us=57451 reason=tracking_pose_accepted
x=3.94988 y=4.45013 yaw=-0.073616 score=0.986673 valid=1 mode=tracking state=TRACKING evaluated=789 execution_us=57086 reason=tracking_pose_accepted
x=3.94988 y=4.45013 yaw=-0.0745502 score=0.994528 valid=1 mode=tracking state=TRACKING evaluated=789 execution_us=57298 reason=tracking_pose_accepted
x=3.94988 y=4.45013 yaw=-0.0754844 score=0.990349 valid=1 mode=tracking state=TRACKING evaluated=789 execution_us=57445 reason=tracking_pose_accepted
x=3.94988 y=4.45013 yaw=-0.0589653 score=0.987656 valid=1 mode=tracking state=TRACKING evaluated=789 execution_us=54837 reason=tracking_pose_accepted
x=3.94988 y=4.45013 yaw=-0.0598995 score=0.990502 valid=1 mode=tracking state=TRACKING evaluated=789 execution_us=54063 reason=tracking_pose_accepted
x=3.94988 y=4.45013 yaw=-0.0608336 score=0.992248 valid=1 mode=tracking state=TRACKING evaluated=789 execution_us=55280 reason=tracking_pose_accepted
x=3.94988 y=4.45013 yaw=-0.0617678 score=0.933557 valid=1 mode=tracking state=TRACKING evaluated=789 execution_us=55157 reason=tracking_pose_accepted
x=3.94988 y=4.45013 yaw=-0.062702 score=0.945455 valid=1 mode=tracking state=TRACKING evaluated=789 execution_us=54156 reason=tracking_pose_accepted
x=3.94988 y=4.45013 yaw=-0.0636362 score=0.93919 valid=1 mode=tracking state=TRACKING evaluated=789 execution_us=54691 reason=tracking_pose_accepted
x=3.94988 y=4.45013 yaw=-0.0645704 score=0.941485 valid=1 mode=tracking state=TRACKING evaluated=789 execution_us=59883 reason=tracking_pose_accepted
x=3.94988 y=4.45013 yaw=-0.0655046 score=0.96145 valid=1 mode=tracking state=TRACKING evaluated=789 execution_us=58568 reason=tracking_pose_accepted
x=3.94988 y=4.45013 yaw=-0.0664387 score=0.992513 valid=1 mode=tracking state=TRACKING evaluated=789 execution_us=59427 reason=tracking_pose_accepted
x=3.94988 y=4.45013 yaw=-0.0673729 score=0.99544 valid=1 mode=tracking state=TRACKING evaluated=789 execution_us=58960 reason=tracking_pose_accepted
x=3.94988 y=4.45013 yaw=-0.0683071 score=0.991597 valid=1 mode=tracking state=TRACKING evaluated=789 execution_us=59224 reason=tracking_pose_accepted
x=3.94988 y=4.45013 yaw=-0.0692413 score=0.994194 valid=1 mode=tracking state=TRACKING evaluated=789 execution_us=56228 reason=tracking_pose_accepted
x=3.94988 y=4.45013 yaw=-0.0701755 score=0.994485 valid=1 mode=tracking state=TRACKING evaluated=789 execution_us=55134 reason=tracking_pose_accepted
x=3.94988 y=4.45013 yaw=-0.0711097 score=0.991597 valid=1 mode=tracking state=TRACKING evaluated=807 execution_us=56871 reason=tracking_pose_accepted
x=3.94988 y=4.45013 yaw=-0.0720439 score=0.988999 valid=1 mode=tracking state=TRACKING evaluated=789 execution_us=56245 reason=tracking_pose_accepted
x=3.94988 y=4.45013 yaw=-0.072978 score=0.99068 valid=1 mode=tracking state=TRACKING evaluated=789 execution_us=55624 reason=tracking_pose_accepted
x=3.94988 y=4.45013 yaw=-0.0739122 score=0.991336 valid=1 mode=tracking state=TRACKING evaluated=789 execution_us=65474 reason=tracking_pose_accepted
x=3.94988 y=4.45013 yaw=-0.0748464 score=0.99068 valid=1 mode=tracking state=TRACKING evaluated=789 execution_us=90138 reason=tracking_pose_accepted
x=3.94988 y=4.45013 yaw=-0.0757806 score=0.990728 valid=1 mode=tracking state=TRACKING evaluated=789 execution_us=46313 reason=tracking_pose_accepted
x=3.94988 y=4.45013 yaw=-0.0592615 score=0.989249 valid=1 mode=tracking state=TRACKING evaluated=789 execution_us=60675 reason=tracking_pose_accepted
x=3.94988 y=4.45013 yaw=-0.0601956 score=0.994819 valid=1 mode=tracking state=TRACKING evaluated=789 execution_us=49750 reason=tracking_pose_accepted
x=3.94988 y=4.45013 yaw=-0.0611298 score=0.994832 valid=1 mode=tracking state=TRACKING evaluated=789 execution_us=66238 reason=tracking_pose_accepted
x=3.94988 y=4.45013 yaw=-0.062064 score=0.98989 valid=1 mode=tracking state=TRACKING evaluated=789 execution_us=56789 reason=tracking_pose_accepted
x=3.94988 y=4.45013 yaw=-0.0629982 score=0.994528 valid=1 mode=tracking state=TRACKING evaluated=789 execution_us=56426 reason=tracking_pose_accepted
x=3.94988 y=4.45013 yaw=-0.0639324 score=0.995428 valid=1 mode=tracking state=TRACKING evaluated=789 execution_us=57047 reason=tracking_pose_accepted
x=3.94988 y=4.45013 yaw=-0.0648666 score=0.992494 valid=1 mode=tracking state=TRACKING evaluated=789 execution_us=56865 reason=tracking_pose_accepted
x=3.94988 y=4.45013 yaw=-0.0658007 score=0.992228 valid=1 mode=tracking state=TRACKING evaluated=789 execution_us=57249 reason=tracking_pose_accepted
x=3.94988 y=4.45013 yaw=-0.0667349 score=0.995733 valid=1 mode=tracking state=TRACKING evaluated=789 execution_us=64414 reason=tracking_pose_accepted
x=3.94988 y=4.45013 yaw=-0.0676691 score=0.995085 valid=1 mode=tracking state=TRACKING evaluated=789 execution_us=51255 reason=tracking_pose_accepted
x=3.94988 y=4.45013 yaw=-0.0686033 score=0.994179 valid=1 mode=tracking state=TRACKING evaluated=789 execution_us=90798 reason=tracking_pose_accepted
x=3.94988 y=4.45013 yaw=-0.0695375 score=0.993904 valid=1 mode=tracking state=TRACKING evaluated=789 execution_us=46755 reason=tracking_pose_accepted
x=3.94988 y=4.45013 yaw=-0.0704717 score=0.991881 valid=1 mode=tracking state=TRACKING evaluated=789 execution_us=50739 reason=tracking_pose_accepted
x=3.94988 y=4.45013 yaw=-0.0714058 score=0.995428 valid=1 mode=tracking state=TRACKING evaluated=789 execution_us=65940 reason=tracking_pose_accepted
x=3.94988 y=4.45013 yaw=-0.07234 score=0.991508 valid=1 mode=tracking state=TRACKING evaluated=789 execution_us=55489 reason=tracking_pose_accepted
x=3.94988 y=4.45013 yaw=-0.0732742 score=0.991268 valid=1 mode=tracking state=TRACKING evaluated=789 execution_us=57406 reason=tracking_pose_accepted
x=3.94988 y=4.45013 yaw=-0.0742084 score=0.990069 valid=1 mode=tracking state=TRACKING evaluated=789 execution_us=58446 reason=tracking_pose_accepted
x=3.94988 y=4.45013 yaw=-0.0576893 score=0.990856 valid=1 mode=tracking state=TRACKING evaluated=789 execution_us=60015 reason=tracking_pose_accepted
x=3.94988 y=4.45013 yaw=-0.0586235 score=0.990809 valid=1 mode=tracking state=TRACKING evaluated=789 execution_us=58313 reason=tracking_pose_accepted
x=3.94988 y=4.45013 yaw=-0.0595576 score=0.992819 valid=1 mode=tracking state=TRACKING evaluated=789 execution_us=58784 reason=tracking_pose_accepted
x=3.94988 y=4.45013 yaw=-0.0604918 score=0.994485 valid=1 mode=tracking state=TRACKING evaluated=789 execution_us=51510 reason=tracking_pose_accepted
x=3.94988 y=4.45013 yaw=-0.061426 score=0.991291 valid=1 mode=tracking state=TRACKING evaluated=789 execution_us=51876 reason=tracking_pose_accepted
x=3.94988 y=4.45013 yaw=-0.0623602 score=0.996007 valid=1 mode=tracking state=TRACKING evaluated=789 execution_us=52248 reason=tracking_pose_accepted
x=3.94988 y=4.45013 yaw=-0.0632944 score=0.995688 valid=1 mode=tracking state=TRACKING evaluated=789 execution_us=51996 reason=tracking_pose_accepted
x=3.94988 y=4.45013 yaw=-0.0642285 score=0.993107 valid=1 mode=tracking state=TRACKING evaluated=789 execution_us=51877 reason=tracking_pose_accepted
x=3.94988 y=4.45013 yaw=-0.0651627 score=0.994805 valid=1 mode=tracking state=TRACKING evaluated=789 execution_us=56364 reason=tracking_pose_accepted
x=3.94988 y=4.45013 yaw=-0.0660969 score=0.995416 valid=1 mode=tracking state=TRACKING evaluated=789 execution_us=55994 reason=tracking_pose_accepted
x=3.94988 y=4.45013 yaw=-0.0670311 score=0.994778 valid=1 mode=tracking state=TRACKING evaluated=789 execution_us=56559 reason=tracking_pose_accepted
x=3.94988 y=4.45013 yaw=-0.0679653 score=0.995404 valid=1 mode=tracking state=TRACKING evaluated=789 execution_us=55921 reason=tracking_pose_accepted
x=3.94988 y=4.45013 yaw=-0.0688995 score=0.994209 valid=1 mode=tracking state=TRACKING evaluated=807 execution_us=58140 reason=tracking_pose_accepted
x=3.94988 y=4.45013 yaw=-0.0698337 score=0.991575 valid=1 mode=tracking state=TRACKING evaluated=789 execution_us=53370 reason=tracking_pose_accepted
x=3.94988 y=4.45013 yaw=-0.0707678 score=0.991881 valid=1 mode=tracking state=TRACKING evaluated=789 execution_us=53190 reason=tracking_pose_accepted
x=3.94988 y=4.45013 yaw=-0.071702 score=0.995416 valid=1 mode=tracking state=TRACKING evaluated=789 execution_us=53626 reason=tracking_pose_accepted
x=3.94988 y=4.45013 yaw=-0.0726362 score=0.991902 valid=1 mode=tracking state=TRACKING evaluated=789 execution_us=53946 reason=tracking_pose_accepted
x=3.94988 y=4.45013 yaw=-0.0735704 score=0.988664 valid=1 mode=tracking state=TRACKING evaluated=789 execution_us=53939 reason=tracking_pose_accepted
x=3.94988 y=4.45013 yaw=-0.0745046 score=0.990017 valid=1 mode=tracking state=TRACKING evaluated=789 execution_us=54227 reason=tracking_pose_accepted
x=3.94988 y=4.45013 yaw=-0.0579855 score=0.990552 valid=1 mode=tracking state=TRACKING evaluated=789 execution_us=57879 reason=tracking_pose_accepted
x=3.94988 y=4.45013 yaw=-0.0589196 score=0.990247 valid=1 mode=tracking state=TRACKING evaluated=789 execution_us=58372 reason=tracking_pose_accepted
x=3.94988 y=4.45013 yaw=-0.0598538 score=0.996038 valid=1 mode=tracking state=TRACKING evaluated=789 execution_us=58699 reason=tracking_pose_accepted
x=3.94988 y=4.45013 yaw=-0.060788 score=0.992188 valid=1 mode=tracking state=TRACKING evaluated=789 execution_us=58095 reason=tracking_pose_accepted
x=3.94988 y=4.45013 yaw=-0.0617222 score=0.989863 valid=1 mode=tracking state=TRACKING evaluated=789 execution_us=57910 reason=tracking_pose_accepted
x=3.94988 y=4.45013 yaw=-0.0626564 score=0.995428 valid=1 mode=tracking state=TRACKING evaluated=789 execution_us=59066 reason=tracking_pose_accepted
x=3.94988 y=4.45013 yaw=-0.0635905 score=0.995123 valid=1 mode=tracking state=TRACKING evaluated=789 execution_us=55005 reason=tracking_pose_accepted
x=3.94988 y=4.45013 yaw=-0.0645247 score=0.992474 valid=1 mode=tracking state=TRACKING evaluated=789 execution_us=55317 reason=tracking_pose_accepted
x=3.94988 y=4.45013 yaw=-0.0654589 score=0.992208 valid=1 mode=tracking state=TRACKING evaluated=789 execution_us=55139 reason=tracking_pose_accepted
x=3.94988 y=4.45013 yaw=-0.0663931 score=0.995136 valid=1 mode=tracking state=TRACKING evaluated=789 execution_us=55446 reason=tracking_pose_accepted
x=3.94988 y=4.45013 yaw=-0.0673273 score=0.9928 valid=1 mode=tracking state=TRACKING evaluated=789 execution_us=55853 reason=tracking_pose_accepted
x=3.94988 y=4.45013 yaw=-0.0682615 score=0.995111 valid=1 mode=tracking state=TRACKING evaluated=789 execution_us=56197 reason=tracking_pose_accepted
x=3.94988 y=4.45013 yaw=-0.0691956 score=0.991944 valid=1 mode=tracking state=TRACKING evaluated=789 execution_us=59581 reason=tracking_pose_accepted
x=3.94988 y=4.45013 yaw=-0.0701298 score=0.988971 valid=1 mode=tracking state=TRACKING evaluated=789 execution_us=59756 reason=tracking_pose_accepted
x=3.94988 y=4.45013 yaw=-0.071064 score=0.994194 valid=1 mode=tracking state=TRACKING evaluated=789 execution_us=59377 reason=tracking_pose_accepted
x=3.94988 y=4.45013 yaw=-0.0719982 score=0.995111 valid=1 mode=tracking state=TRACKING evaluated=789 execution_us=59828 reason=tracking_pose_accepted
x=3.94988 y=4.45013 yaw=-0.0729324 score=0.988999 valid=1 mode=tracking state=TRACKING evaluated=789 execution_us=60003 reason=tracking_pose_accepted
x=3.94988 y=4.45013 yaw=-0.0738666 score=0.991944 valid=1 mode=tracking state=TRACKING evaluated=789 execution_us=56656 reason=tracking_pose_accepted
x=3.94988 y=4.45013 yaw=-0.0748007 score=0.985141 valid=1 mode=tracking state=TRACKING evaluated=789 execution_us=56881 reason=tracking_pose_accepted
x=3.94988 y=4.45013 yaw=-0.0582816 score=0.993447 valid=1 mode=tracking state=TRACKING evaluated=789 execution_us=56708 reason=tracking_pose_accepted
x=3.94988 y=4.45013 yaw=-0.0766691 score=0.988418 valid=1 mode=tracking state=TRACKING evaluated=789 execution_us=56784 reason=tracking_pose_accepted
x=3.94988 y=4.45013 yaw=-0.0601499 score=0.992838 valid=1 mode=tracking state=TRACKING evaluated=789 execution_us=57271 reason=tracking_pose_accepted
x=3.94988 y=4.45013 yaw=-0.0610841 score=0.991944 valid=1 mode=tracking state=TRACKING evaluated=789 execution_us=57027 reason=tracking_pose_accepted
x=3.94988 y=4.45013 yaw=-0.0620183 score=0.994528 valid=1 mode=tracking state=TRACKING evaluated=789 execution_us=50580 reason=tracking_pose_accepted
x=3.94988 y=4.45013 yaw=-0.0629525 score=0.989028 valid=1 mode=tracking state=TRACKING evaluated=789 execution_us=50490 reason=tracking_pose_accepted
x=3.94988 y=4.45013 yaw=-0.0638867 score=0.994224 valid=1 mode=tracking state=TRACKING evaluated=789 execution_us=50645 reason=tracking_pose_accepted
x=3.94988 y=4.45013 yaw=-0.0648208 score=0.994514 valid=1 mode=tracking state=TRACKING evaluated=789 execution_us=51466 reason=tracking_pose_accepted
x=3.94988 y=4.45013 yaw=-0.065755 score=0.992819 valid=1 mode=tracking state=TRACKING evaluated=789 execution_us=51166 reason=tracking_pose_accepted
x=3.94988 y=4.45013 yaw=-0.0666892 score=0.994514 valid=1 mode=tracking state=TRACKING evaluated=789 execution_us=51138 reason=tracking_pose_accepted
x=3.94988 y=4.45013 yaw=-0.0676234 score=0.994792 valid=1 mode=tracking state=TRACKING evaluated=789 execution_us=57846 reason=tracking_pose_accepted
x=3.94988 y=4.45013 yaw=-0.0685576 score=0.995722 valid=1 mode=tracking state=TRACKING evaluated=789 execution_us=58802 reason=tracking_pose_accepted
x=3.94988 y=4.45013 yaw=-0.0694918 score=0.99186 valid=1 mode=tracking state=TRACKING evaluated=789 execution_us=58118 reason=tracking_pose_accepted
x=3.94988 y=4.45013 yaw=-0.0704259 score=0.991336 valid=1 mode=tracking state=TRACKING evaluated=789 execution_us=58780 reason=tracking_pose_accepted
x=3.94988 y=4.45013 yaw=-0.0713601 score=0.993888 valid=1 mode=tracking state=TRACKING evaluated=789 execution_us=58225 reason=tracking_pose_accepted
x=3.94988 y=4.45013 yaw=-0.0722943 score=0.989837 valid=1 mode=tracking state=TRACKING evaluated=789 execution_us=65365 reason=tracking_pose_accepted
x=3.94988 y=4.45013 yaw=-0.0732285 score=0.9936 valid=1 mode=tracking state=TRACKING evaluated=789 execution_us=51922 reason=tracking_pose_accepted
x=3.94988 y=4.45013 yaw=-0.0741627 score=0.991618 valid=1 mode=tracking state=TRACKING evaluated=789 execution_us=52011 reason=tracking_pose_accepted
x=3.94988 y=4.45013 yaw=-0.0750969 score=0.988083 valid=1 mode=tracking state=TRACKING evaluated=789 execution_us=52596 reason=tracking_pose_accepted
x=3.94988 y=4.45013 yaw=-0.0585778 score=0.987624 valid=1 mode=tracking state=TRACKING evaluated=789 execution_us=52486 reason=tracking_pose_accepted
x=3.94988 y=4.45013 yaw=-0.0595119 score=0.987624 valid=1 mode=tracking state=TRACKING evaluated=789 execution_us=52103 reason=tracking_pose_accepted
x=3.94988 y=4.45013 yaw=-0.0604461 score=0.991618 valid=1 mode=tracking state=TRACKING evaluated=789 execution_us=58970 reason=tracking_pose_accepted
x=3.94988 y=4.45013 yaw=-0.0613803 score=0.993583 valid=1 mode=tracking state=TRACKING evaluated=789 execution_us=59277 reason=tracking_pose_accepted
x=3.94988 y=4.45013 yaw=-0.0623145 score=0.995688 valid=1 mode=tracking state=TRACKING evaluated=789 execution_us=58951 reason=tracking_pose_accepted
x=3.94988 y=4.45013 yaw=-0.0632486 score=0.992856 valid=1 mode=tracking state=TRACKING evaluated=789 execution_us=56740 reason=tracking_pose_accepted
x=3.94988 y=4.45013 yaw=-0.0641828 score=0.9945 valid=1 mode=tracking state=TRACKING evaluated=789 execution_us=56039 reason=tracking_pose_accepted
x=3.94988 y=4.45013 yaw=-0.065117 score=0.992494 valid=1 mode=tracking state=TRACKING evaluated=789 execution_us=61962 reason=tracking_pose_accepted
x=3.94988 y=4.45013 yaw=-0.0660512 score=0.995404 valid=1 mode=tracking state=TRACKING evaluated=789 execution_us=52698 reason=tracking_pose_accepted
x=3.94988 y=4.45013 yaw=-0.0669854 score=0.992781 valid=1 mode=tracking state=TRACKING evaluated=789 execution_us=52619 reason=tracking_pose_accepted
x=3.94988 y=4.45013 yaw=-0.0679196 score=0.991902 valid=1 mode=tracking state=TRACKING evaluated=789 execution_us=53743 reason=tracking_pose_accepted
x=3.94988 y=4.45013 yaw=-0.0688538 score=0.994819 valid=1 mode=tracking state=TRACKING evaluated=789 execution_us=52987 reason=tracking_pose_accepted
x=3.94988 y=4.45013 yaw=-0.0697879 score=0.994819 valid=1 mode=tracking state=TRACKING evaluated=789 execution_us=53499 reason=tracking_pose_accepted
x=3.94988 y=4.45013 yaw=-0.0707221 score=0.991597 valid=1 mode=tracking state=TRACKING evaluated=807 execution_us=59823 reason=tracking_pose_accepted
x=3.94988 y=4.45013 yaw=-0.0716563 score=0.988999 valid=1 mode=tracking state=TRACKING evaluated=789 execution_us=57178 reason=tracking_pose_accepted
x=3.94988 y=4.45013 yaw=-0.0725905 score=0.992838 valid=1 mode=tracking state=TRACKING evaluated=789 execution_us=58369 reason=tracking_pose_accepted
x=3.94988 y=4.45013 yaw=-0.0735247 score=0.991575 valid=1 mode=tracking state=TRACKING evaluated=789 execution_us=57138 reason=tracking_pose_accepted
x=3.94988 y=4.45013 yaw=-0.0570056 score=0.987992 valid=1 mode=tracking state=TRACKING evaluated=789 execution_us=57839 reason=tracking_pose_accepted
x=3.94988 y=4.45013 yaw=-0.075393 score=0.988418 valid=1 mode=tracking state=TRACKING evaluated=789 execution_us=63500 reason=tracking_pose_accepted
x=3.94988 y=4.45013 yaw=-0.0763272 score=0.987406 valid=1 mode=tracking state=TRACKING evaluated=789 execution_us=53962 reason=tracking_pose_accepted
x=3.94988 y=4.45013 yaw=-0.0598081 score=0.992494 valid=1 mode=tracking state=TRACKING evaluated=789 execution_us=54236 reason=tracking_pose_accepted
x=3.94988 y=4.45013 yaw=-0.0607422 score=0.991618 valid=1 mode=tracking state=TRACKING evaluated=789 execution_us=55113 reason=tracking_pose_accepted
x=3.94988 y=4.45013 yaw=-0.0616764 score=0.992513 valid=1 mode=tracking state=TRACKING evaluated=789 execution_us=54549 reason=tracking_pose_accepted
x=3.94988 y=4.45013 yaw=-0.0626106 score=0.994819 valid=1 mode=tracking state=TRACKING evaluated=789 execution_us=55089 reason=tracking_pose_accepted
x=3.94988 y=4.45013 yaw=-0.0635448 score=0.995123 valid=1 mode=tracking state=TRACKING evaluated=789 execution_us=58271 reason=tracking_pose_accepted
x=3.94988 y=4.45013 yaw=-0.0644789 score=0.995123 valid=1 mode=tracking state=TRACKING evaluated=789 execution_us=58828 reason=tracking_pose_accepted
x=3.94988 y=4.45013 yaw=-0.0654131 score=0.995722 valid=1 mode=tracking state=TRACKING evaluated=789 execution_us=59394 reason=tracking_pose_accepted
x=3.94988 y=4.45013 yaw=-0.0663473 score=0.991597 valid=1 mode=tracking state=TRACKING evaluated=789 execution_us=58461 reason=tracking_pose_accepted
x=3.94988 y=4.45013 yaw=-0.0672815 score=0.995428 valid=1 mode=tracking state=TRACKING evaluated=789 execution_us=59068 reason=tracking_pose_accepted
x=3.94988 y=4.45013 yaw=-0.0682157 score=0.995085 valid=1 mode=tracking state=TRACKING evaluated=789 execution_us=58966 reason=tracking_pose_accepted
x=3.94988 y=4.45013 yaw=-0.0691499 score=0.991575 valid=1 mode=tracking state=TRACKING evaluated=789 execution_us=55170 reason=tracking_pose_accepted
x=3.94988 y=4.45013 yaw=-0.0700841 score=0.995755 valid=1 mode=tracking state=TRACKING evaluated=789 execution_us=55912 reason=tracking_pose_accepted
x=3.94988 y=4.45013 yaw=-0.0710182 score=0.992147 valid=1 mode=tracking state=TRACKING evaluated=789 execution_us=55969 reason=tracking_pose_accepted
x=3.94988 y=4.45013 yaw=-0.0719524 score=0.986402 valid=1 mode=tracking state=TRACKING evaluated=789 execution_us=56158 reason=tracking_pose_accepted
x=3.94988 y=4.45013 yaw=-0.0728866 score=0.991553 valid=1 mode=tracking state=TRACKING evaluated=789 execution_us=57339 reason=tracking_pose_accepted
x=3.94988 y=4.45013 yaw=-0.0738208 score=0.991618 valid=1 mode=tracking state=TRACKING evaluated=789 execution_us=56296 reason=tracking_pose_accepted
x=3.94988 y=4.45013 yaw=-0.0573017 score=0.99017 valid=1 mode=tracking state=TRACKING evaluated=789 execution_us=60757 reason=tracking_pose_accepted
x=3.94988 y=4.45013 yaw=-0.0756891 score=0.988971 valid=1 mode=tracking state=TRACKING evaluated=789 execution_us=60296 reason=tracking_pose_accepted
x=3.94988 y=4.45013 yaw=-0.05917 score=0.992494 valid=1 mode=tracking state=TRACKING evaluated=789 execution_us=59956 reason=tracking_pose_accepted
x=3.94988 y=4.45013 yaw=-0.0601041 score=0.991336 valid=1 mode=tracking state=TRACKING evaluated=789 execution_us=60168 reason=tracking_pose_accepted
x=3.94988 y=4.45013 yaw=-0.0610383 score=0.989583 valid=1 mode=tracking state=TRACKING evaluated=789 execution_us=50359 reason=tracking_pose_accepted
x=3.94988 y=4.45013 yaw=-0.0619725 score=0.9945 valid=1 mode=tracking state=TRACKING evaluated=789 execution_us=57986 reason=tracking_pose_accepted
x=3.94988 y=4.45013 yaw=-0.0629067 score=0.994556 valid=1 mode=tracking state=TRACKING evaluated=789 execution_us=57686 reason=tracking_pose_accepted
x=3.94988 y=4.45013 yaw=-0.0638409 score=0.992513 valid=1 mode=tracking state=TRACKING evaluated=789 execution_us=57324 reason=tracking_pose_accepted
x=3.94988 y=4.45013 yaw=-0.0647751 score=0.992228 valid=1 mode=tracking state=TRACKING evaluated=789 execution_us=57520 reason=tracking_pose_accepted
x=3.94988 y=4.45013 yaw=-0.0657092 score=0.994832 valid=1 mode=tracking state=TRACKING evaluated=789 execution_us=58091 reason=tracking_pose_accepted
x=3.94988 y=4.45013 yaw=-0.0666434 score=0.995404 valid=1 mode=tracking state=TRACKING evaluated=789 execution_us=57071 reason=tracking_pose_accepted
x=3.94988 y=4.45013 yaw=-0.0675776 score=0.9928 valid=1 mode=tracking state=TRACKING evaluated=789 execution_us=49538 reason=tracking_pose_accepted
x=3.94988 y=4.45013 yaw=-0.0685118 score=0.9945 valid=1 mode=tracking state=TRACKING evaluated=789 execution_us=49569 reason=tracking_pose_accepted
x=3.94988 y=4.45013 yaw=-0.069446 score=0.991618 valid=1 mode=tracking state=TRACKING evaluated=789 execution_us=50074 reason=tracking_pose_accepted
x=3.94988 y=4.45013 yaw=-0.0703802 score=0.991618 valid=1 mode=tracking state=TRACKING evaluated=789 execution_us=50765 reason=tracking_pose_accepted
x=3.94988 y=4.45013 yaw=-0.0713143 score=0.9945 valid=1 mode=tracking state=TRACKING evaluated=789 execution_us=51788 reason=tracking_pose_accepted
x=3.94988 y=4.45013 yaw=-0.0722485 score=0.994194 valid=1 mode=tracking state=TRACKING evaluated=789 execution_us=50634 reason=tracking_pose_accepted
x=3.94988 y=4.45013 yaw=-0.0731827 score=0.991618 valid=1 mode=tracking state=TRACKING evaluated=789 execution_us=58863 reason=tracking_pose_accepted
x=3.94988 y=4.45013 yaw=-0.0741169 score=0.988971 valid=1 mode=tracking state=TRACKING evaluated=789 execution_us=58109 reason=tracking_pose_accepted
x=3.94988 y=4.45013 yaw=-0.0750511 score=0.991055 valid=1 mode=tracking state=TRACKING evaluated=789 execution_us=57578 reason=tracking_pose_accepted
x=3.94988 y=4.45013 yaw=-0.058532 score=0.988205 valid=1 mode=tracking state=TRACKING evaluated=789 execution_us=59167 reason=tracking_pose_accepted
x=3.94988 y=4.45013 yaw=-0.0594661 score=0.992208 valid=1 mode=tracking state=TRACKING evaluated=789 execution_us=58274 reason=tracking_pose_accepted
x=3.94988 y=4.45013 yaw=-0.0604003 score=0.989028 valid=1 mode=tracking state=TRACKING evaluated=789 execution_us=58662 reason=tracking_pose_accepted
x=3.94988 y=4.45013 yaw=-0.0613345 score=0.989637 valid=1 mode=tracking state=TRACKING evaluated=789 execution_us=51979 reason=tracking_pose_accepted
x=3.94988 y=4.45013 yaw=-0.0622687 score=0.991923 valid=1 mode=tracking state=TRACKING evaluated=789 execution_us=51937 reason=tracking_pose_accepted
x=3.94988 y=4.45013 yaw=-0.0632029 score=0.994805 valid=1 mode=tracking state=TRACKING evaluated=789 execution_us=52631 reason=tracking_pose_accepted
x=3.94988 y=4.45013 yaw=-0.0641371 score=0.996017 valid=1 mode=tracking state=TRACKING evaluated=789 execution_us=52002 reason=tracking_pose_accepted
x=3.94988 y=4.45013 yaw=-0.0650712 score=0.9928 valid=1 mode=tracking state=TRACKING evaluated=789 execution_us=52249 reason=tracking_pose_accepted
x=3.94988 y=4.45013 yaw=-0.0660054 score=0.996028 valid=1 mode=tracking state=TRACKING evaluated=789 execution_us=59749 reason=tracking_pose_accepted
x=3.94988 y=4.45013 yaw=-0.0669396 score=0.992763 valid=1 mode=tracking state=TRACKING evaluated=789 execution_us=56315 reason=tracking_pose_accepted
x=3.94988 y=4.45013 yaw=-0.0678738 score=0.992208 valid=1 mode=tracking state=TRACKING evaluated=789 execution_us=56215 reason=tracking_pose_accepted
x=3.94988 y=4.45013 yaw=-0.068808 score=0.994194 valid=1 mode=tracking state=TRACKING evaluated=789 execution_us=56705 reason=tracking_pose_accepted
x=3.94988 y=4.45013 yaw=-0.0697422 score=0.994792 valid=1 mode=tracking state=TRACKING evaluated=789 execution_us=56097 reason=tracking_pose_accepted
x=3.94988 y=4.45013 yaw=-0.0706763 score=0.995161 valid=1 mode=tracking state=TRACKING evaluated=789 execution_us=57246 reason=tracking_pose_accepted
x=3.94988 y=4.45013 yaw=-0.0716105 score=0.994164 valid=1 mode=tracking state=TRACKING evaluated=789 execution_us=53435 reason=tracking_pose_accepted
x=3.94988 y=4.45013 yaw=-0.0725447 score=0.995149 valid=1 mode=tracking state=TRACKING evaluated=789 execution_us=54164 reason=tracking_pose_accepted
x=3.94988 y=4.45013 yaw=-0.0734789 score=0.989305 valid=1 mode=tracking state=TRACKING evaluated=789 execution_us=54422 reason=tracking_pose_accepted
x=3.94988 y=4.45013 yaw=-0.0744131 score=0.988694 valid=1 mode=tracking state=TRACKING evaluated=789 execution_us=54124 reason=tracking_pose_accepted
x=3.94988 y=4.45013 yaw=-0.0753473 score=0.988448 valid=1 mode=tracking state=TRACKING evaluated=789 execution_us=54251 reason=tracking_pose_accepted
x=3.94988 y=4.45013 yaw=-0.0588282 score=0.988266 valid=1 mode=tracking state=TRACKING evaluated=789 execution_us=55061 reason=tracking_pose_accepted
x=3.94988 y=4.45013 yaw=-0.0597623 score=0.992838 valid=1 mode=tracking state=TRACKING evaluated=789 execution_us=57838 reason=tracking_pose_accepted
x=3.94988 y=4.45013 yaw=-0.0606965 score=0.990272 valid=1 mode=tracking state=TRACKING evaluated=789 execution_us=58304 reason=tracking_pose_accepted
x=3.94988 y=4.45013 yaw=-0.0616307 score=0.987219 valid=1 mode=tracking state=TRACKING evaluated=789 execution_us=58022 reason=tracking_pose_accepted
x=3.94988 y=4.45013 yaw=-0.0625649 score=0.992228 valid=1 mode=tracking state=TRACKING evaluated=789 execution_us=58217 reason=tracking_pose_accepted
x=3.94988 y=4.45013 yaw=-0.063499 score=0.992552 valid=1 mode=tracking state=TRACKING evaluated=789 execution_us=59373 reason=tracking_pose_accepted
x=3.94988 y=4.45013 yaw=-0.0644332 score=0.993107 valid=1 mode=tracking state=TRACKING evaluated=789 execution_us=63796 reason=tracking_pose_accepted
x=3.94988 y=4.45013 yaw=-0.0653674 score=0.9945 valid=1 mode=tracking state=TRACKING evaluated=789 execution_us=53008 reason=tracking_pose_accepted
x=3.94988 y=4.45013 yaw=-0.0663016 score=0.996038 valid=1 mode=tracking state=TRACKING evaluated=789 execution_us=56116 reason=tracking_pose_accepted
x=3.94988 y=4.45013 yaw=-0.0672358 score=0.996333 valid=1 mode=tracking state=TRACKING evaluated=789 execution_us=54983 reason=tracking_pose_accepted
x=3.94988 y=4.45013 yaw=-0.06817 score=0.993379 valid=1 mode=tracking state=TRACKING evaluated=789 execution_us=54920 reason=tracking_pose_accepted
x=3.94988 y=4.45013 yaw=-0.0691041 score=0.991291 valid=1 mode=tracking state=TRACKING evaluated=789 execution_us=55606 reason=tracking_pose_accepted
x=3.94988 y=4.45013 yaw=-0.0700383 score=0.989916 valid=1 mode=tracking state=TRACKING evaluated=789 execution_us=58633 reason=tracking_pose_accepted
x=3.94988 y=4.45013 yaw=-0.0709725 score=0.988723 valid=1 mode=tracking state=TRACKING evaluated=789 execution_us=59870 reason=tracking_pose_accepted
x=3.94988 y=4.45013 yaw=-0.0719067 score=0.989529 valid=1 mode=tracking state=TRACKING evaluated=789 execution_us=58980 reason=tracking_pose_accepted
x=3.94988 y=4.45013 yaw=-0.0728409 score=0.9945 valid=1 mode=tracking state=TRACKING evaluated=789 execution_us=59406 reason=tracking_pose_accepted
x=3.94988 y=4.45013 yaw=-0.0737751 score=0.986024 valid=1 mode=tracking state=TRACKING evaluated=789 execution_us=59800 reason=tracking_pose_accepted
x=3.94988 y=4.45013 yaw=-0.0747093 score=0.988664 valid=1 mode=tracking state=TRACKING evaluated=789 execution_us=59984 reason=tracking_pose_accepted
x=3.94988 y=4.45013 yaw=-0.0756434 score=0.988418 valid=1 mode=tracking state=TRACKING evaluated=789 execution_us=56333 reason=tracking_pose_accepted
x=3.94988 y=4.45013 yaw=-0.0591243 score=0.989863 valid=1 mode=tracking state=TRACKING evaluated=789 execution_us=56573 reason=tracking_pose_accepted
x=3.94988 y=4.45013 yaw=-0.0600585 score=0.992494 valid=1 mode=tracking state=TRACKING evaluated=807 execution_us=57104 reason=tracking_pose_accepted
x=3.94988 y=4.45013 yaw=-0.0609927 score=0.987527 valid=1 mode=tracking state=TRACKING evaluated=789 execution_us=56071 reason=tracking_pose_accepted
x=3.94988 y=4.45013 yaw=-0.0619269 score=0.994485 valid=1 mode=tracking state=TRACKING evaluated=789 execution_us=57219 reason=tracking_pose_accepted
x=3.94988 y=4.45013 yaw=-0.062861 score=0.994471 valid=1 mode=tracking state=TRACKING evaluated=789 execution_us=56549 reason=tracking_pose_accepted
x=3.94988 y=4.45013 yaw=-0.0637952 score=0.992838 valid=1 mode=tracking state=TRACKING evaluated=789 execution_us=50912 reason=tracking_pose_accepted
x=3.94988 y=4.45013 yaw=-0.0647294 score=0.994845 valid=1 mode=tracking state=TRACKING evaluated=789 execution_us=50732 reason=tracking_pose_accepted
x=3.94988 y=4.45013 yaw=-0.0656636 score=0.995416 valid=1 mode=tracking state=TRACKING evaluated=789 execution_us=50358 reason=tracking_pose_accepted
x=3.94988 y=4.45013 yaw=-0.0665978 score=0.991902 valid=1 mode=tracking state=TRACKING evaluated=789 execution_us=51074 reason=tracking_pose_accepted
x=3.94988 y=4.45013 yaw=-0.067532 score=0.995123 valid=1 mode=tracking state=TRACKING evaluated=789 execution_us=51071 reason=tracking_pose_accepted
x=3.94988 y=4.45013 yaw=-0.0684661 score=0.992513 valid=1 mode=tracking state=TRACKING evaluated=789 execution_us=50857 reason=tracking_pose_accepted
x=3.94988 y=4.45013 yaw=-0.0694003 score=0.991944 valid=1 mode=tracking state=TRACKING evaluated=789 execution_us=55620 reason=tracking_pose_accepted
x=3.94988 y=4.45013 yaw=-0.0703345 score=0.992533 valid=1 mode=tracking state=TRACKING evaluated=789 execution_us=57847 reason=tracking_pose_accepted
x=3.94988 y=4.45013 yaw=-0.0712687 score=0.987013 valid=1 mode=tracking state=TRACKING evaluated=789 execution_us=58891 reason=tracking_pose_accepted
x=3.94988 y=4.45013 yaw=-0.0722029 score=0.992208 valid=1 mode=tracking state=TRACKING evaluated=789 execution_us=58605 reason=tracking_pose_accepted
x=3.94988 y=4.45013 yaw=-0.0731371 score=0.986707 valid=1 mode=tracking state=TRACKING evaluated=789 execution_us=58582 reason=tracking_pose_accepted
x=3.94988 y=4.45013 yaw=-0.0740712 score=0.989305 valid=1 mode=tracking state=TRACKING evaluated=789 execution_us=59041 reason=tracking_pose_accepted
x=3.94988 y=4.45013 yaw=-0.0750054 score=0.987809 valid=1 mode=tracking state=TRACKING evaluated=789 execution_us=52254 reason=tracking_pose_accepted
x=3.94988 y=4.45013 yaw=-0.0759396 score=0.989028 valid=1 mode=tracking state=TRACKING evaluated=789 execution_us=52233 reason=tracking_pose_accepted
x=3.94988 y=4.45013 yaw=-0.0768738 score=0.986213 valid=1 mode=tracking state=TRACKING evaluated=789 execution_us=52658 reason=tracking_pose_accepted
x=3.94988 y=4.45013 yaw=-0.0603547 score=0.978568 valid=1 mode=tracking state=TRACKING evaluated=789 execution_us=52527 reason=tracking_pose_accepted
x=3.99988 y=4.40013 yaw=-0.0961954 score=0.962261 valid=1 mode=tracking state=TRACKING evaluated=789 execution_us=52259 reason=tracking_pose_accepted
x=4.09988 y=4.35013 yaw=-0.114583 score=0.960683 valid=1 mode=tracking state=TRACKING evaluated=789 execution_us=59700 reason=tracking_pose_accepted
x=4.19988 y=4.30013 yaw=-0.0631572 score=0.947451 valid=1 mode=tracking state=TRACKING evaluated=789 execution_us=57836 reason=tracking_pose_accepted
x=4.24988 y=4.25013 yaw=-0.046638 score=0.962856 valid=1 mode=tracking state=TRACKING evaluated=789 execution_us=58113 reason=tracking_pose_accepted
x=4.34988 y=4.20014 yaw=-0.0824788 score=0.967839 valid=1 mode=tracking state=TRACKING evaluated=789 execution_us=56543 reason=tracking_pose_accepted
x=4.44988 y=4.15014 yaw=-0.100866 score=0.955443 valid=1 mode=tracking state=TRACKING evaluated=789 execution_us=56758 reason=tracking_pose_accepted
x=4.49988 y=4.10014 yaw=-0.0843471 score=0.974768 valid=1 mode=tracking state=TRACKING evaluated=789 execution_us=54579 reason=tracking_pose_accepted
x=4.54988 y=4.05014 yaw=-0.067828 score=0.970517 valid=1 mode=tracking state=TRACKING evaluated=789 execution_us=53534 reason=tracking_pose_accepted
x=4.64988 y=4.00014 yaw=-0.103669 score=0.964553 valid=1 mode=tracking state=TRACKING evaluated=789 execution_us=54723 reason=tracking_pose_accepted
x=4.69988 y=4.00014 yaw=-0.104603 score=0.981103 valid=1 mode=tracking state=TRACKING evaluated=789 execution_us=54291 reason=tracking_pose_accepted
x=4.74988 y=4.00014 yaw=-0.105537 score=0.976962 valid=1 mode=tracking state=TRACKING evaluated=789 execution_us=53538 reason=tracking_pose_accepted
x=4.79988 y=4.00014 yaw=-0.123925 score=0.986673 valid=1 mode=tracking state=TRACKING evaluated=789 execution_us=53686 reason=tracking_pose_accepted
x=4.84988 y=4.00014 yaw=-0.124859 score=0.985907 valid=1 mode=tracking state=TRACKING evaluated=789 execution_us=57081 reason=tracking_pose_accepted
x=4.89988 y=4.00014 yaw=-0.125793 score=0.985106 valid=1 mode=tracking state=TRACKING evaluated=789 execution_us=57562 reason=tracking_pose_accepted
x=4.94988 y=3.95014 yaw=-0.126727 score=0.977693 valid=1 mode=tracking state=TRACKING evaluated=789 execution_us=57833 reason=tracking_pose_accepted
x=4.99988 y=3.95014 yaw=-0.162568 score=0.9772 valid=1 mode=tracking state=TRACKING evaluated=789 execution_us=58194 reason=tracking_pose_accepted
x=5.04988 y=3.95014 yaw=-0.146049 score=0.977998 valid=1 mode=tracking state=TRACKING evaluated=789 execution_us=58455 reason=tracking_pose_accepted
x=5.09988 y=3.90014 yaw=-0.146983 score=0.966601 valid=1 mode=tracking state=TRACKING evaluated=789 execution_us=64508 reason=tracking_pose_accepted
x=5.09987 y=3.90014 yaw=-0.130464 score=0.977617 valid=1 mode=tracking state=TRACKING evaluated=789 execution_us=56240 reason=tracking_pose_accepted
x=5.09987 y=3.85014 yaw=-0.113944 score=0.969124 valid=1 mode=tracking state=TRACKING evaluated=807 execution_us=57088 reason=tracking_pose_accepted
x=5.14987 y=3.85014 yaw=-0.114879 score=0.993008 valid=1 mode=tracking state=TRACKING evaluated=789 execution_us=55614 reason=tracking_pose_accepted
x=5.14987 y=3.85014 yaw=-0.115813 score=0.975837 valid=1 mode=tracking state=TRACKING evaluated=789 execution_us=54793 reason=tracking_pose_accepted
x=5.14987 y=3.80014 yaw=-0.116747 score=0.981408 valid=1 mode=tracking state=TRACKING evaluated=789 execution_us=55596 reason=tracking_pose_accepted
x=5.14987 y=3.80014 yaw=-0.117681 score=0.978707 valid=1 mode=tracking state=TRACKING evaluated=789 execution_us=62403 reason=tracking_pose_accepted
x=5.14987 y=3.80014 yaw=-0.118615 score=0.990704 valid=1 mode=tracking state=TRACKING evaluated=789 execution_us=59500 reason=tracking_pose_accepted
x=5.14987 y=3.80014 yaw=-0.119549 score=0.978344 valid=1 mode=tracking state=TRACKING evaluated=789 execution_us=58552 reason=tracking_pose_accepted
x=5.14987 y=3.80014 yaw=-0.120484 score=0.984263 valid=1 mode=tracking state=TRACKING evaluated=789 execution_us=58097 reason=tracking_pose_accepted
x=5.14987 y=3.80014 yaw=-0.103964 score=0.988448 valid=1 mode=tracking state=TRACKING evaluated=789 execution_us=58791 reason=tracking_pose_accepted
x=5.14987 y=3.80014 yaw=-0.0699919 score=0.982627 valid=1 mode=tracking state=TRACKING evaluated=807 execution_us=60478 reason=tracking_pose_accepted
x=5.14987 y=3.80014 yaw=-0.0534728 score=0.988478 valid=1 mode=tracking state=TRACKING evaluated=789 execution_us=55926 reason=tracking_pose_accepted
x=5.14987 y=3.80014 yaw=-0.054407 score=0.975465 valid=1 mode=tracking state=TRACKING evaluated=789 execution_us=56351 reason=tracking_pose_accepted
x=5.14987 y=3.80014 yaw=-0.0378878 score=0.969296 valid=1 mode=tracking state=TRACKING evaluated=789 execution_us=55671 reason=tracking_pose_accepted
x=5.14987 y=3.80014 yaw=-0.0562753 score=0.97595 valid=1 mode=tracking state=TRACKING evaluated=789 execution_us=55538 reason=tracking_pose_accepted
x=5.14987 y=3.80014 yaw=-0.0572094 score=0.98793 valid=1 mode=tracking state=TRACKING evaluated=789 execution_us=56380 reason=tracking_pose_accepted
x=5.14987 y=3.80014 yaw=-0.0581436 score=0.981248 valid=1 mode=tracking state=TRACKING evaluated=789 execution_us=56098 reason=tracking_pose_accepted
x=5.09987 y=3.80014 yaw=-0.0416245 score=0.975273 valid=1 mode=tracking state=TRACKING evaluated=789 execution_us=59373 reason=tracking_pose_accepted
x=5.09987 y=3.80014 yaw=-0.0425587 score=0.973192 valid=1 mode=tracking state=TRACKING evaluated=789 execution_us=50394 reason=tracking_pose_accepted
x=5.09987 y=3.80014 yaw=-0.0434929 score=0.977082 valid=1 mode=tracking state=TRACKING evaluated=789 execution_us=50408 reason=tracking_pose_accepted
x=5.09986 y=3.80014 yaw=-0.0444271 score=0.981158 valid=1 mode=tracking state=TRACKING evaluated=789 execution_us=51643 reason=tracking_pose_accepted
x=5.09986 y=3.80014 yaw=-0.0453612 score=0.982077 valid=1 mode=tracking state=TRACKING evaluated=789 execution_us=50201 reason=tracking_pose_accepted
x=5.09986 y=3.80014 yaw=-0.0462954 score=0.983171 valid=1 mode=tracking state=TRACKING evaluated=789 execution_us=49814 reason=tracking_pose_accepted
x=5.14986 y=3.80014 yaw=-0.0646829 score=0.985259 valid=1 mode=tracking state=TRACKING evaluated=789 execution_us=57791 reason=tracking_pose_accepted
x=5.14986 y=3.80014 yaw=-0.065617 score=0.983818 valid=1 mode=tracking state=TRACKING evaluated=789 execution_us=57436 reason=tracking_pose_accepted
x=5.14986 y=3.80014 yaw=-0.0490979 score=0.975312 valid=1 mode=tracking state=TRACKING evaluated=789 execution_us=57649 reason=tracking_pose_accepted
x=5.09986 y=3.80014 yaw=-0.050032 score=0.98024 valid=1 mode=tracking state=TRACKING evaluated=789 execution_us=59159 reason=tracking_pose_accepted
x=5.09986 y=3.80014 yaw=-0.0509662 score=0.982509 valid=1 mode=tracking state=TRACKING evaluated=789 execution_us=58290 reason=tracking_pose_accepted
x=5.14986 y=3.80014 yaw=-0.0519004 score=0.976896 valid=1 mode=tracking state=TRACKING evaluated=789 execution_us=65425 reason=tracking_pose_accepted
x=5.14986 y=3.80014 yaw=-0.0528346 score=0.98632 valid=1 mode=tracking state=TRACKING evaluated=789 execution_us=51937 reason=tracking_pose_accepted
x=5.14986 y=3.80014 yaw=-0.0537688 score=0.979275 valid=1 mode=tracking state=TRACKING evaluated=789 execution_us=51947 reason=tracking_pose_accepted
x=5.14986 y=3.80014 yaw=-0.054703 score=0.979779 valid=1 mode=tracking state=TRACKING evaluated=789 execution_us=52513 reason=tracking_pose_accepted
x=5.14986 y=3.80014 yaw=-0.0556371 score=0.971587 valid=1 mode=tracking state=TRACKING evaluated=789 execution_us=51550 reason=tracking_pose_accepted
x=5.09986 y=3.80014 yaw=-0.039118 score=0.976348 valid=1 mode=tracking state=TRACKING evaluated=789 execution_us=51993 reason=tracking_pose_accepted
x=5.09986 y=3.80014 yaw=-0.0400522 score=0.976256 valid=1 mode=tracking state=TRACKING evaluated=789 execution_us=59064 reason=tracking_pose_accepted
x=5.14986 y=3.80014 yaw=-0.0409863 score=0.972112 valid=1 mode=tracking state=TRACKING evaluated=789 execution_us=55996 reason=tracking_pose_accepted
x=5.14986 y=3.80014 yaw=-0.0593738 score=0.980951 valid=1 mode=tracking state=TRACKING evaluated=789 execution_us=56121 reason=tracking_pose_accepted
x=5.14986 y=3.80014 yaw=-0.0603079 score=0.97516 valid=1 mode=tracking state=TRACKING evaluated=789 execution_us=56157 reason=tracking_pose_accepted
x=5.09986 y=3.80014 yaw=-0.0437888 score=0.979058 valid=1 mode=tracking state=TRACKING evaluated=789 execution_us=55751 reason=tracking_pose_accepted
x=5.09986 y=3.80014 yaw=-0.044723 score=0.981362 valid=1 mode=tracking state=TRACKING evaluated=789 execution_us=62279 reason=tracking_pose_accepted
x=5.09986 y=3.80014 yaw=-0.0456572 score=0.980138 valid=1 mode=tracking state=TRACKING evaluated=789 execution_us=52866 reason=tracking_pose_accepted
x=5.14986 y=3.80014 yaw=-0.0640446 score=0.977635 valid=1 mode=tracking state=TRACKING evaluated=789 execution_us=57916 reason=tracking_pose_accepted
x=5.14985 y=3.80014 yaw=-0.0649788 score=0.979614 valid=1 mode=tracking state=TRACKING evaluated=789 execution_us=53767 reason=tracking_pose_accepted
x=5.09985 y=3.80014 yaw=-0.0484596 score=0.977474 valid=1 mode=tracking state=TRACKING evaluated=789 execution_us=53029 reason=tracking_pose_accepted
x=5.14985 y=3.80014 yaw=-0.0493938 score=0.978457 valid=1 mode=tracking state=TRACKING evaluated=789 execution_us=53423 reason=tracking_pose_accepted
x=5.14985 y=3.80014 yaw=-0.050328 score=0.973499 valid=1 mode=tracking state=TRACKING evaluated=789 execution_us=57368 reason=tracking_pose_accepted
x=5.14985 y=3.80014 yaw=-0.0512622 score=0.978344 valid=1 mode=tracking state=TRACKING evaluated=789 execution_us=56880 reason=tracking_pose_accepted
x=5.14985 y=3.80014 yaw=-0.0696496 score=0.978604 valid=1 mode=tracking state=TRACKING evaluated=789 execution_us=58919 reason=tracking_pose_accepted
x=5.14985 y=3.80014 yaw=-0.0531305 score=0.97754 valid=1 mode=tracking state=TRACKING evaluated=789 execution_us=57585 reason=tracking_pose_accepted
x=5.14985 y=3.80014 yaw=-0.0540646 score=0.980494 valid=1 mode=tracking state=TRACKING evaluated=789 execution_us=57922 reason=tracking_pose_accepted
x=5.09985 y=3.80014 yaw=-0.0375455 score=0.971894 valid=1 mode=tracking state=TRACKING evaluated=789 execution_us=63458 reason=tracking_pose_accepted
x=5.09985 y=3.80014 yaw=-0.0384797 score=0.969442 valid=1 mode=tracking state=TRACKING evaluated=789 execution_us=54533 reason=tracking_pose_accepted
x=5.09985 y=3.80014 yaw=-0.0394138 score=0.974044 valid=1 mode=tracking state=TRACKING evaluated=789 execution_us=54239 reason=tracking_pose_accepted
x=5.09985 y=3.80014 yaw=-0.0403479 score=0.973534 valid=1 mode=tracking state=TRACKING evaluated=789 execution_us=55312 reason=tracking_pose_accepted
x=5.14985 y=3.80014 yaw=-0.0587354 score=0.973958 valid=1 mode=tracking state=TRACKING evaluated=789 execution_us=54453 reason=tracking_pose_accepted
x=5.09985 y=3.80014 yaw=-0.0422162 score=0.977182 valid=1 mode=tracking state=TRACKING evaluated=789 execution_us=54923 reason=tracking_pose_accepted
x=5.09985 y=3.80014 yaw=-0.0431504 score=0.980086 valid=1 mode=tracking state=TRACKING evaluated=789 execution_us=58966 reason=tracking_pose_accepted
x=5.09985 y=3.80014 yaw=-0.0440846 score=0.977364 valid=1 mode=tracking state=TRACKING evaluated=789 execution_us=58642 reason=tracking_pose_accepted
x=5.09985 y=3.80014 yaw=-0.0450187 score=0.975363 valid=1 mode=tracking state=TRACKING evaluated=789 execution_us=59670 reason=tracking_pose_accepted
x=5.09985 y=3.80014 yaw=-0.0459529 score=0.98278 valid=1 mode=tracking state=TRACKING evaluated=789 execution_us=59107 reason=tracking_pose_accepted
x=5.14985 y=3.80014 yaw=-0.0643404 score=0.984954 valid=1 mode=tracking state=TRACKING evaluated=789 execution_us=59356 reason=tracking_pose_accepted
x=5.14985 y=3.80014 yaw=-0.0652745 score=0.978637 valid=1 mode=tracking state=TRACKING evaluated=789 execution_us=59800 reason=tracking_pose_accepted
x=5.09984 y=3.80014 yaw=-0.0487554 score=0.979579 valid=1 mode=tracking state=TRACKING evaluated=789 execution_us=55663 reason=tracking_pose_accepted
x=5.14984 y=3.80014 yaw=-0.0496895 score=0.978094 valid=1 mode=tracking state=TRACKING evaluated=789 execution_us=55959 reason=tracking_pose_accepted
x=5.14984 y=3.80014 yaw=-0.0506237 score=0.978707 valid=1 mode=tracking state=TRACKING evaluated=789 execution_us=55762 reason=tracking_pose_accepted
x=5.14984 y=3.80014 yaw=-0.0515579 score=0.978457 valid=1 mode=tracking state=TRACKING evaluated=789 execution_us=56092 reason=tracking_pose_accepted
x=5.14984 y=3.80014 yaw=-0.0524921 score=0.977672 valid=1 mode=tracking state=TRACKING evaluated=789 execution_us=56338 reason=tracking_pose_accepted
x=5.14984 y=3.80014 yaw=-0.0534263 score=0.970588 valid=1 mode=tracking state=TRACKING evaluated=789 execution_us=55941 reason=tracking_pose_accepted
x=5.14984 y=3.80014 yaw=-0.0543605 score=0.976409 valid=1 mode=tracking state=TRACKING evaluated=789 execution_us=49666 reason=tracking_pose_accepted
x=5.14984 y=3.80014 yaw=-0.0552946 score=0.975554 valid=1 mode=tracking state=TRACKING evaluated=789 execution_us=60754 reason=tracking_pose_accepted
x=5.09984 y=3.80014 yaw=-0.0387755 score=0.973122 valid=1 mode=tracking state=TRACKING evaluated=789 execution_us=59821 reason=tracking_pose_accepted
x=5.14984 y=3.80014 yaw=-0.0397097 score=0.972426 valid=1 mode=tracking state=TRACKING evaluated=789 execution_us=60151 reason=tracking_pose_accepted
x=5.14984 y=3.80014 yaw=-0.0406438 score=0.973788 valid=1 mode=tracking state=TRACKING evaluated=789 execution_us=50503 reason=tracking_pose_accepted
x=5.09984 y=3.80014 yaw=-0.041578 score=0.975337 valid=1 mode=tracking state=TRACKING evaluated=789 execution_us=56413 reason=tracking_pose_accepted
x=5.09984 y=3.80014 yaw=-0.0425122 score=0.982077 valid=1 mode=tracking state=TRACKING evaluated=789 execution_us=57001 reason=tracking_pose_accepted
x=5.09984 y=3.80014 yaw=-0.0434464 score=0.980392 valid=1 mode=tracking state=TRACKING evaluated=789 execution_us=56589 reason=tracking_pose_accepted
x=5.14984 y=3.80014 yaw=-0.0618339 score=0.980596 valid=1 mode=tracking state=TRACKING evaluated=789 execution_us=56994 reason=tracking_pose_accepted
x=5.14984 y=3.80014 yaw=-0.062768 score=0.977941 valid=1 mode=tracking state=TRACKING evaluated=789 execution_us=57548 reason=tracking_pose_accepted
x=5.09984 y=3.80014 yaw=-0.0462489 score=0.977235 valid=1 mode=tracking state=TRACKING evaluated=789 execution_us=57095 reason=tracking_pose_accepted
x=5.09984 y=3.80014 yaw=-0.0471831 score=0.976132 valid=1 mode=tracking state=TRACKING evaluated=807 execution_us=50055 reason=tracking_pose_accepted
x=5.09984 y=3.80014 yaw=-0.0481172 score=0.983652 valid=1 mode=tracking state=TRACKING evaluated=789 execution_us=50917 reason=tracking_pose_accepted
x=5.09984 y=3.80014 yaw=-0.0490514 score=0.975887 valid=1 mode=tracking state=TRACKING evaluated=789 execution_us=50420 reason=tracking_pose_accepted
x=5.14984 y=3.80014 yaw=-0.0674389 score=0.979977 valid=1 mode=tracking state=TRACKING evaluated=789 execution_us=51115 reason=tracking_pose_accepted
x=5.09983 y=3.80014 yaw=-0.0509197 score=0.977175 valid=1 mode=tracking state=TRACKING evaluated=789 execution_us=51219 reason=tracking_pose_accepted
x=5.14983 y=3.80014 yaw=-0.0518539 score=0.97796 valid=1 mode=tracking state=TRACKING evaluated=789 execution_us=51540 reason=tracking_pose_accepted
x=5.14983 y=3.80014 yaw=-0.0527881 score=0.978652 valid=1 mode=tracking state=TRACKING evaluated=789 execution_us=58433 reason=tracking_pose_accepted
x=5.14983 y=3.80014 yaw=-0.0537223 score=0.977846 valid=1 mode=tracking state=TRACKING evaluated=789 execution_us=58437 reason=tracking_pose_accepted
x=5.14983 y=3.80014 yaw=-0.0546565 score=0.969975 valid=1 mode=tracking state=TRACKING evaluated=789 execution_us=58313 reason=tracking_pose_accepted
x=5.14983 y=3.80014 yaw=-0.0555906 score=0.980494 valid=1 mode=tracking state=TRACKING evaluated=789 execution_us=59034 reason=tracking_pose_accepted
x=5.14983 y=3.80014 yaw=-0.0565248 score=0.974265 valid=1 mode=tracking state=TRACKING evaluated=789 execution_us=58379 reason=tracking_pose_accepted
x=5.09983 y=3.80014 yaw=-0.0400057 score=0.973608 valid=1 mode=tracking state=TRACKING evaluated=789 execution_us=58634 reason=tracking_pose_accepted
x=5.09983 y=3.80014 yaw=-0.0409399 score=0.978134 valid=1 mode=tracking state=TRACKING evaluated=789 execution_us=50881 reason=tracking_pose_accepted
x=5.09983 y=3.80014 yaw=-0.0418741 score=0.976194 valid=1 mode=tracking state=TRACKING evaluated=789 execution_us=51954 reason=tracking_pose_accepted
x=5.09983 y=3.80014 yaw=-0.0428082 score=0.98269 valid=1 mode=tracking state=TRACKING evaluated=789 execution_us=52730 reason=tracking_pose_accepted
x=5.09983 y=3.80014 yaw=-0.0437424 score=0.980443 valid=1 mode=tracking state=TRACKING evaluated=789 execution_us=52522 reason=tracking_pose_accepted
x=5.14983 y=3.80014 yaw=-0.0621299 score=0.977941 valid=1 mode=tracking state=TRACKING evaluated=789 execution_us=52363 reason=tracking_pose_accepted
x=5.09983 y=3.80014 yaw=-0.0456108 score=0.977304 valid=1 mode=tracking state=TRACKING evaluated=789 execution_us=59399 reason=tracking_pose_accepted
x=5.09983 y=3.80014 yaw=-0.0465449 score=0.957361 valid=1 mode=tracking state=TRACKING evaluated=789 execution_us=55499 reason=tracking_pose_accepted
x=5.09983 y=3.80014 yaw=-0.0474791 score=0.938397 valid=1 mode=tracking state=TRACKING evaluated=789 execution_us=56180 reason=tracking_pose_accepted
x=5.09983 y=3.80014 yaw=-0.0484133 score=0.92794 valid=1 mode=tracking state=TRACKING evaluated=789 execution_us=56927 reason=tracking_pose_accepted
x=5.09983 y=3.80014 yaw=-0.0493475 score=0.920146 valid=1 mode=tracking state=TRACKING evaluated=789 execution_us=56870 reason=tracking_pose_accepted
x=5.14983 y=3.80014 yaw=-0.0677349 score=0.92622 valid=1 mode=tracking state=TRACKING evaluated=789 execution_us=57177 reason=tracking_pose_accepted
x=5.14983 y=3.80014 yaw=-0.0512158 score=0.916553 valid=1 mode=tracking state=TRACKING evaluated=789 execution_us=53994 reason=tracking_pose_accepted
x=5.14983 y=3.80014 yaw=-0.0696033 score=0.923039 valid=1 mode=tracking state=TRACKING evaluated=789 execution_us=53561 reason=tracking_pose_accepted
x=5.14983 y=3.80014 yaw=-0.0530841 score=0.941942 valid=1 mode=tracking state=TRACKING evaluated=789 execution_us=54628 reason=tracking_pose_accepted
x=5.14982 y=3.80014 yaw=-0.0540183 score=0.944547 valid=1 mode=tracking state=TRACKING evaluated=789 execution_us=53823 reason=tracking_pose_accepted
x=5.14982 y=3.80014 yaw=-0.0549525 score=0.946874 valid=1 mode=tracking state=TRACKING evaluated=789 execution_us=53639 reason=tracking_pose_accepted
x=5.14982 y=3.80014 yaw=-0.0384334 score=0.939221 valid=1 mode=tracking state=TRACKING evaluated=789 execution_us=54747 reason=tracking_pose_accepted
x=5.14982 y=3.80014 yaw=-0.0568208 score=0.93364 valid=1 mode=tracking state=TRACKING evaluated=789 execution_us=57371 reason=tracking_pose_accepted
x=5.09982 y=3.80014 yaw=-0.0403017 score=0.956637 valid=1 mode=tracking state=TRACKING evaluated=789 execution_us=58910 reason=tracking_pose_accepted
x=5.14982 y=3.80014 yaw=-0.0586891 score=0.975337 valid=1 mode=tracking state=TRACKING evaluated=789 execution_us=58206 reason=tracking_pose_accepted
x=5.09982 y=3.80014 yaw=-0.04217 score=0.976623 valid=1 mode=tracking state=TRACKING evaluated=789 execution_us=58247 reason=tracking_pose_accepted
x=5.09982 y=3.80014 yaw=-0.0431041 score=0.976563 valid=1 mode=tracking state=TRACKING evaluated=789 execution_us=58779 reason=tracking_pose_accepted
x=5.09982 y=3.80014 yaw=-0.0440383 score=0.981723 valid=1 mode=tracking state=TRACKING evaluated=789 execution_us=54294 reason=tracking_pose_accepted
x=5.09982 y=3.80014 yaw=-0.0449725 score=0.977293 valid=1 mode=tracking state=TRACKING evaluated=789 execution_us=54821 reason=tracking_pose_accepted
x=5.09982 y=3.80014 yaw=-0.0459067 score=0.980901 valid=1 mode=tracking state=TRACKING evaluated=789 execution_us=55586 reason=tracking_pose_accepted
x=5.09982 y=3.80014 yaw=-0.0468409 score=0.980648 valid=1 mode=tracking state=TRACKING evaluated=789 execution_us=54521 reason=tracking_pose_accepted
x=5.09982 y=3.80014 yaw=-0.047775 score=0.978304 valid=1 mode=tracking state=TRACKING evaluated=789 execution_us=55180 reason=tracking_pose_accepted
x=5.09982 y=3.80014 yaw=-0.0487092 score=0.979579 valid=1 mode=tracking state=TRACKING evaluated=789 execution_us=55947 reason=tracking_pose_accepted
x=5.14982 y=3.80014 yaw=-0.0496434 score=0.975119 valid=1 mode=tracking state=TRACKING evaluated=789 execution_us=58264 reason=tracking_pose_accepted
x=5.09982 y=3.80014 yaw=-0.0505776 score=0.980637 valid=1 mode=tracking state=TRACKING evaluated=789 execution_us=59610 reason=tracking_pose_accepted
x=5.14982 y=3.80014 yaw=-0.0515118 score=0.978513 valid=1 mode=tracking state=TRACKING evaluated=789 execution_us=59585 reason=tracking_pose_accepted
x=5.14982 y=3.80014 yaw=-0.052446 score=0.975984 valid=1 mode=tracking state=TRACKING evaluated=789 execution_us=59604 reason=tracking_pose_accepted
x=5.14982 y=3.80014 yaw=-0.0533801 score=0.981311 valid=1 mode=tracking state=TRACKING evaluated=789 execution_us=59886 reason=tracking_pose_accepted
x=5.14982 y=3.80014 yaw=-0.0543143 score=0.981005 valid=1 mode=tracking state=TRACKING evaluated=789 execution_us=59425 reason=tracking_pose_accepted
x=5.14982 y=3.80014 yaw=-0.0552485 score=0.974943 valid=1 mode=tracking state=TRACKING evaluated=789 execution_us=55481 reason=tracking_pose_accepted
x=5.14981 y=3.80014 yaw=-0.0561827 score=0.976563 valid=1 mode=tracking state=TRACKING evaluated=789 execution_us=56403 reason=tracking_pose_accepted
x=5.14981 y=3.80014 yaw=-0.0571169 score=0.973958 valid=1 mode=tracking state=TRACKING evaluated=789 execution_us=55583 reason=tracking_pose_accepted
x=5.14981 y=3.80014 yaw=-0.0580511 score=0.974464 valid=1 mode=tracking state=TRACKING evaluated=789 execution_us=56538 reason=tracking_pose_accepted
x=5.14981 y=3.80014 yaw=-0.041532 score=0.974398 valid=1 mode=tracking state=TRACKING evaluated=789 execution_us=56603 reason=tracking_pose_accepted
x=5.09981 y=3.80014 yaw=-0.0424661 score=0.97897 valid=1 mode=tracking state=TRACKING evaluated=789 execution_us=58370 reason=tracking_pose_accepted
x=5.14981 y=3.80014 yaw=-0.0608536 score=0.977998 valid=1 mode=tracking state=TRACKING evaluated=789 execution_us=51144 reason=tracking_pose_accepted
x=5.09981 y=3.80014 yaw=-0.0443344 score=0.979526 valid=1 mode=tracking state=TRACKING evaluated=789 execution_us=50806 reason=tracking_pose_accepted
x=5.09981 y=3.80014 yaw=-0.0452686 score=0.980443 valid=1 mode=tracking state=TRACKING evaluated=789 execution_us=50615 reason=tracking_pose_accepted
x=5.09981 y=3.80014 yaw=-0.0462028 score=0.97577 valid=1 mode=tracking state=TRACKING evaluated=789 execution_us=51315 reason=tracking_pose_accepted
x=5.09981 y=3.80014 yaw=-0.047137 score=0.98029 valid=1 mode=tracking state=TRACKING evaluated=789 execution_us=50862 reason=tracking_pose_accepted
x=5.09981 y=3.80014 yaw=-0.0480712 score=0.979526 valid=1 mode=tracking state=TRACKING evaluated=789 execution_us=50853 reason=tracking_pose_accepted
x=5.14981 y=3.80014 yaw=-0.0490053 score=0.97754 valid=1 mode=tracking state=TRACKING evaluated=789 execution_us=58133 reason=tracking_pose_accepted
x=5.14981 y=3.80014 yaw=-0.0499395 score=0.978151 valid=1 mode=tracking state=TRACKING evaluated=789 execution_us=57693 reason=tracking_pose_accepted
x=5.14981 y=3.80014 yaw=-0.068327 score=0.978909 valid=1 mode=tracking state=TRACKING evaluated=789 execution_us=58914 reason=tracking_pose_accepted
x=5.14981 y=3.80014 yaw=-0.0518079 score=0.977846 valid=1 mode=tracking state=TRACKING evaluated=789 execution_us=58280 reason=tracking_pose_accepted
x=5.14981 y=3.80014 yaw=-0.052742 score=0.980086 valid=1 mode=tracking state=TRACKING evaluated=789 execution_us=58307 reason=tracking_pose_accepted
x=5.14981 y=3.80014 yaw=-0.0711295 score=0.974118 valid=1 mode=tracking state=TRACKING evaluated=789 execution_us=65329 reason=tracking_pose_accepted
x=5.14981 y=3.80014 yaw=-0.0546103 score=0.969521 valid=1 mode=tracking state=TRACKING evaluated=789 execution_us=52004 reason=tracking_pose_accepted
x=5.14981 y=3.80014 yaw=-0.0555445 score=0.977788 valid=1 mode=tracking state=TRACKING evaluated=789 execution_us=51484 reason=tracking_pose_accepted
x=5.14981 y=3.80014 yaw=-0.0564787 score=0.979779 valid=1 mode=tracking state=TRACKING evaluated=789 execution_us=52183 reason=tracking_pose_accepted
x=5.14981 y=3.80014 yaw=-0.0574129 score=0.973346 valid=1 mode=tracking state=TRACKING evaluated=789 execution_us=51690 reason=tracking_pose_accepted
x=5.0998 y=3.80014 yaw=-0.0408938 score=0.974284 valid=1 mode=tracking state=TRACKING evaluated=789 execution_us=52002 reason=tracking_pose_accepted
x=5.1498 y=3.80014 yaw=-0.0592812 score=0.977941 valid=1 mode=tracking state=TRACKING evaluated=789 execution_us=59173 reason=tracking_pose_accepted
x=5.0998 y=3.80014 yaw=-0.0427621 score=0.972569 valid=1 mode=tracking state=TRACKING evaluated=789 execution_us=59445 reason=tracking_pose_accepted
x=5.1498 y=3.80014 yaw=-0.0611495 score=0.980596 valid=1 mode=tracking state=TRACKING evaluated=789 execution_us=60117 reason=tracking_pose_accepted
x=5.0998 y=3.80014 yaw=-0.0446304 score=0.979579 valid=1 mode=tracking state=TRACKING evaluated=789 execution_us=57376 reason=tracking_pose_accepted
x=5.1498 y=3.80014 yaw=-0.0630178 score=0.977141 valid=1 mode=tracking state=TRACKING evaluated=789 execution_us=57026 reason=tracking_pose_accepted
x=5.1498 y=3.80013 yaw=-0.063952 score=0.974831 valid=1 mode=tracking state=TRACKING evaluated=789 execution_us=52229 reason=tracking_pose_accepted
x=5.1498 y=3.80013 yaw=-0.0648862 score=0.981564 valid=1 mode=tracking state=TRACKING evaluated=789 execution_us=53202 reason=tracking_pose_accepted
x=5.0998 y=3.80013 yaw=-0.048367 score=0.980392 valid=1 mode=tracking state=TRACKING evaluated=789 execution_us=51567 reason=tracking_pose_accepted
x=5.1498 y=3.80013 yaw=-0.0493012 score=0.977903 valid=1 mode=tracking state=TRACKING evaluated=789 execution_us=53499 reason=tracking_pose_accepted
x=5.0998 y=3.80013 yaw=-0.0502353 score=0.978055 valid=1 mode=tracking state=TRACKING evaluated=789 execution_us=53304 reason=tracking_pose_accepted
x=5.1498 y=3.80013 yaw=-0.0686228 score=0.978732 valid=1 mode=tracking state=TRACKING evaluated=789 execution_us=53961 reason=tracking_pose_accepted
x=5.1498 y=3.80013 yaw=-0.0521037 score=0.975859 valid=1 mode=tracking state=TRACKING evaluated=789 execution_us=57100 reason=tracking_pose_accepted
x=5.1498 y=3.80013 yaw=-0.0530378 score=0.977672 valid=1 mode=tracking state=TRACKING evaluated=789 execution_us=56810 reason=tracking_pose_accepted
x=5.1498 y=3.80013 yaw=-0.053972 score=0.975248 valid=1 mode=tracking state=TRACKING evaluated=789 execution_us=57917 reason=tracking_pose_accepted
x=5.1498 y=3.80013 yaw=-0.0549062 score=0.977423 valid=1 mode=tracking state=TRACKING evaluated=789 execution_us=56965 reason=tracking_pose_accepted
x=5.1498 y=3.80013 yaw=-0.0558404 score=0.976194 valid=1 mode=tracking state=TRACKING evaluated=789 execution_us=57106 reason=tracking_pose_accepted
x=5.1498 y=3.80013 yaw=-0.0567746 score=0.979579 valid=1 mode=tracking state=TRACKING evaluated=789 execution_us=54618 reason=tracking_pose_accepted
x=5.0998 y=3.80013 yaw=-0.0402555 score=0.976012 valid=1 mode=tracking state=TRACKING evaluated=789 execution_us=53934 reason=tracking_pose_accepted
x=5.1498 y=3.80013 yaw=-0.0586429 score=0.975401 valid=1 mode=tracking state=TRACKING evaluated=789 execution_us=54993 reason=tracking_pose_accepted
x=5.09979 y=3.80013 yaw=-0.0421238 score=0.979933 valid=1 mode=tracking state=TRACKING evaluated=789 execution_us=54303 reason=tracking_pose_accepted
x=5.09979 y=3.80013 yaw=-0.0430579 score=0.982996 valid=1 mode=tracking state=TRACKING evaluated=789 execution_us=54395 reason=tracking_pose_accepted
x=5.09979 y=3.80013 yaw=-0.0439921 score=0.979779 valid=1 mode=tracking state=TRACKING evaluated=789 execution_us=55065 reason=tracking_pose_accepted
x=5.09979 y=3.80013 yaw=-0.0449263 score=0.978248 valid=1 mode=tracking state=TRACKING evaluated=789 execution_us=58026 reason=tracking_pose_accepted
x=5.14979 y=3.80013 yaw=-0.0633138 score=0.979985 valid=1 mode=tracking state=TRACKING evaluated=789 execution_us=58764 reason=tracking_pose_accepted
x=5.09979 y=3.80013 yaw=-0.0467946 score=0.980138 valid=1 mode=tracking state=TRACKING evaluated=789 execution_us=59924 reason=tracking_pose_accepted
x=5.09979 y=3.80013 yaw=-0.0477288 score=0.978554 valid=1 mode=tracking state=TRACKING evaluated=789 execution_us=58783 reason=tracking_pose_accepted
x=5.09979 y=3.80013 yaw=-0.048663 score=0.980025 valid=1 mode=tracking state=TRACKING evaluated=789 execution_us=59177 reason=tracking_pose_accepted
x=5.14979 y=3.80013 yaw=-0.0670504 score=0.976868 valid=1 mode=tracking state=TRACKING evaluated=789 execution_us=59736 reason=tracking_pose_accepted
x=5.14979 y=3.80013 yaw=-0.0505313 score=0.980086 valid=1 mode=tracking state=TRACKING evaluated=789 execution_us=55442 reason=tracking_pose_accepted
x=5.14979 y=3.80013 yaw=-0.0514655 score=0.981005 valid=1 mode=tracking state=TRACKING evaluated=789 execution_us=56014 reason=tracking_pose_accepted
x=5.14979 y=3.80013 yaw=-0.0523997 score=0.980544 valid=1 mode=tracking state=TRACKING evaluated=789 execution_us=56374 reason=tracking_pose_accepted
x=5.14979 y=3.80013 yaw=-0.0533338 score=0.98157 valid=1 mode=tracking state=TRACKING evaluated=789 execution_us=55692 reason=tracking_pose_accepted
x=5.14979 y=3.80013 yaw=-0.054268 score=0.977482 valid=1 mode=tracking state=TRACKING evaluated=789 execution_us=56302 reason=tracking_pose_accepted
x=5.14979 y=3.80013 yaw=-0.0552022 score=0.980848 valid=1 mode=tracking state=TRACKING evaluated=789 execution_us=62838 reason=tracking_pose_accepted
x=5.14979 y=3.80013 yaw=-0.0561364 score=0.97182 valid=1 mode=tracking state=TRACKING evaluated=789 execution_us=59832 reason=tracking_pose_accepted
x=5.14979 y=3.80013 yaw=-0.0570706 score=0.976194 valid=1 mode=tracking state=TRACKING evaluated=789 execution_us=60749 reason=tracking_pose_accepted
x=5.09979 y=3.80013 yaw=-0.0405515 score=0.977751 valid=1 mode=tracking state=TRACKING evaluated=789 execution_us=60605 reason=tracking_pose_accepted
x=5.09979 y=3.80013 yaw=-0.0414856 score=0.977884 valid=1 mode=tracking state=TRACKING evaluated=789 execution_us=60535 reason=tracking_pose_accepted
x=5.09979 y=3.80013 yaw=-0.0424198 score=0.972733 valid=1 mode=tracking state=TRACKING evaluated=789 execution_us=49838 reason=tracking_pose_accepted
x=5.09979 y=3.80013 yaw=-0.043354 score=0.976684 valid=1 mode=tracking state=TRACKING evaluated=789 execution_us=56880 reason=tracking_pose_accepted
x=5.09978 y=3.80013 yaw=-0.0442882 score=0.978169 valid=1 mode=tracking state=TRACKING evaluated=789 execution_us=57943 reason=tracking_pose_accepted
x=5.09978 y=3.80013 yaw=-0.0452224 score=0.98029 valid=1 mode=tracking state=TRACKING evaluated=789 execution_us=56613 reason=tracking_pose_accepted
x=5.14978 y=3.80013 yaw=-0.0461565 score=0.977788 valid=1 mode=tracking state=TRACKING evaluated=789 execution_us=56989 reason=tracking_pose_accepted
x=5.09978 y=3.80013 yaw=-0.0470907 score=0.980545 valid=1 mode=tracking state=TRACKING evaluated=789 execution_us=57731 reason=tracking_pose_accepted
x=5.09978 y=3.80013 yaw=-0.0480249 score=0.980433 valid=1 mode=tracking state=TRACKING evaluated=789 execution_us=57720 reason=tracking_pose_accepted
x=5.09978 y=3.80013 yaw=-0.0489591 score=0.979632 valid=1 mode=tracking state=TRACKING evaluated=789 execution_us=50150 reason=tracking_pose_accepted
x=5.14978 y=3.80013 yaw=-0.0498933 score=0.974943 valid=1 mode=tracking state=TRACKING evaluated=789 execution_us=50935 reason=tracking_pose_accepted
x=5.14978 y=3.80013 yaw=-0.0682807 score=0.976195 valid=1 mode=tracking state=TRACKING evaluated=789 execution_us=50691 reason=tracking_pose_accepted
x=5.14978 y=3.80013 yaw=-0.0692149 score=0.978854 valid=1 mode=tracking state=TRACKING evaluated=789 execution_us=51521 reason=tracking_pose_accepted
x=5.14978 y=3.80013 yaw=-0.0526957 score=0.97362 valid=1 mode=tracking state=TRACKING evaluated=789 execution_us=51776 reason=tracking_pose_accepted
x=5.14978 y=3.80013 yaw=-0.0536299 score=0.983499 valid=1 mode=tracking state=TRACKING evaluated=789 execution_us=51387 reason=tracking_pose_accepted
x=5.14978 y=3.80013 yaw=-0.0545641 score=0.986132 valid=1 mode=tracking state=TRACKING evaluated=789 execution_us=58595 reason=tracking_pose_accepted
x=5.14978 y=3.80013 yaw=-0.0554983 score=0.989637 valid=1 mode=tracking state=TRACKING evaluated=789 execution_us=58351 reason=tracking_pose_accepted
x=5.19978 y=3.80013 yaw=-0.0389791 score=0.972203 valid=1 mode=tracking state=TRACKING evaluated=789 execution_us=58477 reason=tracking_pose_accepted
x=5.24978 y=3.80013 yaw=-0.02246 score=0.969448 valid=1 mode=tracking state=TRACKING evaluated=807 execution_us=60646 reason=tracking_pose_accepted
x=5.29978 y=3.80013 yaw=-0.0233941 score=0.974454 valid=1 mode=tracking state=TRACKING evaluated=789 execution_us=56574 reason=tracking_pose_accepted
x=5.34978 y=3.80013 yaw=-0.00687499 score=0.984547 valid=1 mode=tracking state=TRACKING evaluated=789 execution_us=63360 reason=tracking_pose_accepted
x=5.39978 y=3.80013 yaw=0.00964417 score=0.983346 valid=1 mode=tracking state=TRACKING evaluated=789 execution_us=52109 reason=tracking_pose_accepted
x=5.44978 y=3.80013 yaw=0.00871004 score=0.976563 valid=1 mode=tracking state=TRACKING evaluated=807 execution_us=52863 reason=tracking_pose_accepted
x=5.54978 y=3.75013 yaw=0.00777592 score=0.9906 valid=1 mode=tracking state=TRACKING evaluated=789 execution_us=53029 reason=tracking_pose_accepted
x=5.59977 y=3.75013 yaw=0.00684179 score=0.987688 valid=1 mode=tracking state=TRACKING evaluated=789 execution_us=53232 reason=tracking_pose_accepted
x=5.64977 y=3.75013 yaw=0.00590767 score=0.987105 valid=1 mode=tracking state=TRACKING evaluated=789 execution_us=52138 reason=tracking_pose_accepted
x=5.69977 y=3.75013 yaw=0.00497355 score=0.983495 valid=1 mode=tracking state=TRACKING evaluated=789 execution_us=56672 reason=tracking_pose_accepted
x=5.79977 y=3.75013 yaw=0.00403942 score=0.996058 valid=1 mode=tracking state=TRACKING evaluated=789 execution_us=55726 reason=tracking_pose_accepted
x=5.84977 y=3.75013 yaw=0.0031053 score=0.990044 valid=1 mode=tracking state=TRACKING evaluated=789 execution_us=57087 reason=tracking_pose_accepted
x=5.89977 y=3.75013 yaw=-0.0152821 score=0.9825 valid=1 mode=tracking state=TRACKING evaluated=789 execution_us=56480 reason=tracking_pose_accepted
x=5.99977 y=3.75013 yaw=-0.0162163 score=0.994057 valid=1 mode=tracking state=TRACKING evaluated=789 execution_us=56688 reason=tracking_pose_accepted
x=6.04977 y=3.75013 yaw=-0.0346037 score=0.992137 valid=1 mode=tracking state=TRACKING evaluated=789 execution_us=57434 reason=tracking_pose_accepted
x=6.09977 y=3.80013 yaw=-0.0355378 score=0.985297 valid=1 mode=tracking state=TRACKING evaluated=789 execution_us=53717 reason=tracking_pose_accepted
x=6.14977 y=3.80013 yaw=-0.0364719 score=0.989705 valid=1 mode=tracking state=TRACKING evaluated=789 execution_us=54107 reason=tracking_pose_accepted
x=6.19977 y=3.80013 yaw=-0.0548594 score=0.989516 valid=1 mode=tracking state=TRACKING evaluated=789 execution_us=55081 reason=tracking_pose_accepted
x=6.24977 y=3.80013 yaw=-0.0383402 score=0.990803 valid=1 mode=tracking state=TRACKING evaluated=789 execution_us=54340 reason=tracking_pose_accepted
x=6.24977 y=3.75013 yaw=-0.074181 score=0.978308 valid=1 mode=tracking state=TRACKING evaluated=789 execution_us=53771 reason=tracking_pose_accepted
x=6.29977 y=3.75013 yaw=-0.0925684 score=0.990288 valid=1 mode=tracking state=TRACKING evaluated=789 execution_us=61192 reason=tracking_pose_accepted
x=6.34977 y=3.75013 yaw=-0.0935026 score=0.982582 valid=1 mode=tracking state=TRACKING evaluated=789 execution_us=58556 reason=tracking_pose_accepted
x=6.34976 y=3.75013 yaw=-0.0944367 score=0.989498 valid=1 mode=tracking state=TRACKING evaluated=789 execution_us=59313 reason=tracking_pose_accepted
x=6.34976 y=3.75013 yaw=-0.0953709 score=0.988033 valid=1 mode=tracking state=TRACKING evaluated=789 execution_us=59256 reason=tracking_pose_accepted
x=6.34976 y=3.75013 yaw=-0.0963051 score=0.985035 valid=1 mode=tracking state=TRACKING evaluated=789 execution_us=59321 reason=tracking_pose_accepted
x=6.34976 y=3.75013 yaw=-0.0972393 score=0.982879 valid=1 mode=tracking state=TRACKING evaluated=789 execution_us=59864 reason=tracking_pose_accepted
x=6.34976 y=3.75013 yaw=-0.0807202 score=0.986061 valid=1 mode=tracking state=TRACKING evaluated=789 execution_us=55466 reason=tracking_pose_accepted
x=6.34976 y=3.75013 yaw=-0.0816543 score=0.990856 valid=1 mode=tracking state=TRACKING evaluated=789 execution_us=55042 reason=tracking_pose_accepted
x=6.34976 y=3.75013 yaw=-0.0825885 score=0.989195 valid=1 mode=tracking state=TRACKING evaluated=789 execution_us=55111 reason=tracking_pose_accepted
x=6.34976 y=3.75013 yaw=-0.0486161 score=0.982875 valid=1 mode=tracking state=TRACKING evaluated=789 execution_us=55615 reason=tracking_pose_accepted
x=6.34976 y=3.80013 yaw=-0.032097 score=0.991466 valid=1 mode=tracking state=TRACKING evaluated=789 execution_us=55984 reason=tracking_pose_accepted
x=6.34976 y=3.80013 yaw=-0.0330311 score=0.990984 valid=1 mode=tracking state=TRACKING evaluated=807 execution_us=56837 reason=tracking_pose_accepted
x=6.34976 y=3.80013 yaw=-0.0339652 score=0.987903 valid=1 mode=tracking state=TRACKING evaluated=789 execution_us=59236 reason=tracking_pose_accepted
x=6.34976 y=3.80013 yaw=-0.0348993 score=0.988358 valid=1 mode=tracking state=TRACKING evaluated=789 execution_us=60568 reason=tracking_pose_accepted
x=6.34976 y=3.80013 yaw=-0.0358335 score=0.98784 valid=1 mode=tracking state=TRACKING evaluated=789 execution_us=60048 reason=tracking_pose_accepted
x=6.34976 y=3.80013 yaw=-0.0367676 score=0.99122 valid=1 mode=tracking state=TRACKING evaluated=789 execution_us=60023 reason=tracking_pose_accepted
x=6.34976 y=3.80013 yaw=-0.0377017 score=0.990961 valid=1 mode=tracking state=TRACKING evaluated=789 execution_us=50352 reason=tracking_pose_accepted
x=6.34976 y=3.80013 yaw=-0.0211825 score=0.987065 valid=1 mode=tracking state=TRACKING evaluated=789 execution_us=59520 reason=tracking_pose_accepted
x=6.34976 y=3.80013 yaw=-0.0221167 score=0.989863 valid=1 mode=tracking state=TRACKING evaluated=789 execution_us=56969 reason=tracking_pose_accepted
x=6.34976 y=3.80013 yaw=-0.0230508 score=0.990297 valid=1 mode=tracking state=TRACKING evaluated=789 execution_us=56740 reason=tracking_pose_accepted
x=6.34976 y=3.80013 yaw=-0.0239849 score=0.992666 valid=1 mode=tracking state=TRACKING evaluated=789 execution_us=56572 reason=tracking_pose_accepted
x=6.34976 y=3.80013 yaw=-0.024919 score=0.990927 valid=1 mode=tracking state=TRACKING evaluated=789 execution_us=57471 reason=tracking_pose_accepted
x=6.34976 y=3.80013 yaw=-0.00839989 score=0.981604 valid=1 mode=tracking state=TRACKING evaluated=789 execution_us=56350 reason=tracking_pose_accepted
x=6.34975 y=3.75013 yaw=-0.00933402 score=0.983707 valid=1 mode=tracking state=TRACKING evaluated=789 execution_us=59937 reason=tracking_pose_accepted
x=6.34975 y=3.75013 yaw=-0.0102682 score=0.986057 valid=1 mode=tracking state=TRACKING evaluated=807 execution_us=51422 reason=tracking_pose_accepted
x=6.34975 y=3.80013 yaw=-0.0112023 score=0.988083 valid=1 mode=tracking state=TRACKING evaluated=789 execution_us=50010 reason=tracking_pose_accepted
x=6.34975 y=3.80013 yaw=-0.0121364 score=0.987981 valid=1 mode=tracking state=TRACKING evaluated=789 execution_us=50298 reason=tracking_pose_accepted
x=6.34975 y=3.75013 yaw=-0.0305239 score=0.988144 valid=1 mode=tracking state=TRACKING evaluated=789 execution_us=51132 reason=tracking_pose_accepted
x=6.34975 y=3.75013 yaw=-0.031458 score=0.990707 valid=1 mode=tracking state=TRACKING evaluated=789 execution_us=50455 reason=tracking_pose_accepted
x=6.34975 y=3.75013 yaw=-0.0323921 score=0.990826 valid=1 mode=tracking state=TRACKING evaluated=789 execution_us=51383 reason=tracking_pose_accepted
x=6.34975 y=3.75013 yaw=-0.0333263 score=0.991133 valid=1 mode=tracking state=TRACKING evaluated=789 execution_us=57824 reason=tracking_pose_accepted
x=6.34975 y=3.75013 yaw=-0.069167 score=0.996007 valid=1 mode=tracking state=TRACKING evaluated=789 execution_us=55272 reason=tracking_pose_accepted
x=6.34975 y=3.75013 yaw=-0.0701011 score=0.991207 valid=1 mode=tracking state=TRACKING evaluated=789 execution_us=59033 reason=tracking_pose_accepted
x=6.34975 y=3.75013 yaw=-0.0710353 score=0.989863 valid=1 mode=tracking state=TRACKING evaluated=789 execution_us=59476 reason=tracking_pose_accepted
x=6.34975 y=3.75013 yaw=-0.0719695 score=0.990552 valid=1 mode=tracking state=TRACKING evaluated=789 execution_us=60390 reason=tracking_pose_accepted
x=6.34975 y=3.70013 yaw=-0.090357 score=0.984496 valid=1 mode=tracking state=TRACKING evaluated=789 execution_us=51734 reason=tracking_pose_accepted
x=6.34975 y=3.70013 yaw=-0.108744 score=0.984721 valid=1 mode=tracking state=TRACKING evaluated=789 execution_us=52168 reason=tracking_pose_accepted
x=6.34975 y=3.75013 yaw=-0.0922252 score=0.992925 valid=1 mode=tracking state=TRACKING evaluated=789 execution_us=52936 reason=tracking_pose_accepted
x=6.34975 y=3.75013 yaw=-0.0931594 score=0.99663 valid=1 mode=tracking state=TRACKING evaluated=807 execution_us=53570 reason=tracking_pose_accepted
x=6.34975 y=3.75013 yaw=-0.0940936 score=0.992972 valid=1 mode=tracking state=TRACKING evaluated=789 execution_us=52527 reason=tracking_pose_accepted
x=6.34975 y=3.75013 yaw=-0.0775745 score=0.985147 valid=1 mode=tracking state=TRACKING evaluated=789 execution_us=53575 reason=tracking_pose_accepted
x=6.34975 y=3.80013 yaw=-0.0610554 score=0.986624 valid=1 mode=tracking state=TRACKING evaluated=789 execution_us=56873 reason=tracking_pose_accepted
x=6.34975 y=3.80013 yaw=-0.0619895 score=0.985446 valid=1 mode=tracking state=TRACKING evaluated=789 execution_us=57013 reason=tracking_pose_accepted
x=6.34975 y=3.75013 yaw=-0.0629237 score=0.986021 valid=1 mode=tracking state=TRACKING evaluated=789 execution_us=57628 reason=tracking_pose_accepted
x=6.34974 y=3.75013 yaw=-0.0638579 score=0.992341 valid=1 mode=tracking state=TRACKING evaluated=789 execution_us=56777 reason=tracking_pose_accepted
x=6.34974 y=3.75013 yaw=-0.0647921 score=0.995123 valid=1 mode=tracking state=TRACKING evaluated=789 execution_us=57368 reason=tracking_pose_accepted
x=6.34974 y=3.75013 yaw=-0.0657263 score=0.993277 valid=1 mode=tracking state=TRACKING evaluated=789 execution_us=54168 reason=tracking_pose_accepted
x=6.34974 y=3.75013 yaw=-0.0841137 score=0.987577 valid=1 mode=tracking state=TRACKING evaluated=789 execution_us=54068 reason=tracking_pose_accepted
x=6.34974 y=3.75013 yaw=-0.0675946 score=0.987273 valid=1 mode=tracking state=TRACKING evaluated=789 execution_us=54850 reason=tracking_pose_accepted
x=6.34974 y=3.75013 yaw=-0.0685287 score=0.990034 valid=1 mode=tracking state=TRACKING evaluated=789 execution_us=53949 reason=tracking_pose_accepted
x=6.34974 y=3.75013 yaw=-0.0694629 score=0.9945 valid=1 mode=tracking state=TRACKING evaluated=789 execution_us=54118 reason=tracking_pose_accepted
x=6.34974 y=3.75013 yaw=-0.0703971 score=0.995428 valid=1 mode=tracking state=TRACKING evaluated=789 execution_us=54798 reason=tracking_pose_accepted
x=6.34974 y=3.75013 yaw=-0.0713313 score=0.994194 valid=1 mode=tracking state=TRACKING evaluated=789 execution_us=57644 reason=tracking_pose_accepted
x=6.34974 y=3.75013 yaw=-0.0722655 score=0.987921 valid=1 mode=tracking state=TRACKING evaluated=789 execution_us=58484 reason=tracking_pose_accepted
x=6.34974 y=3.75013 yaw=-0.0731997 score=0.988723 valid=1 mode=tracking state=TRACKING evaluated=789 execution_us=62838 reason=tracking_pose_accepted
x=6.34974 y=3.75013 yaw=-0.0741338 score=0.991444 valid=1 mode=tracking state=TRACKING evaluated=789 execution_us=58969 reason=tracking_pose_accepted
x=6.34974 y=3.75013 yaw=-0.075068 score=0.993277 valid=1 mode=tracking state=TRACKING evaluated=789 execution_us=59154 reason=tracking_pose_accepted
x=6.34974 y=3.75013 yaw=-0.0760022 score=0.994194 valid=1 mode=tracking state=TRACKING evaluated=789 execution_us=63763 reason=tracking_pose_accepted
x=6.34974 y=3.75013 yaw=-0.0769364 score=0.992055 valid=1 mode=tracking state=TRACKING evaluated=789 execution_us=54863 reason=tracking_pose_accepted
x=6.34974 y=3.75013 yaw=-0.0778706 score=0.989916 valid=1 mode=tracking state=TRACKING evaluated=789 execution_us=55672 reason=tracking_pose_accepted
x=6.34974 y=3.75013 yaw=-0.0613515 score=0.98686 valid=1 mode=tracking state=TRACKING evaluated=789 execution_us=54882 reason=tracking_pose_accepted
x=6.34974 y=3.75013 yaw=-0.0622856 score=0.988793 valid=1 mode=tracking state=TRACKING evaluated=789 execution_us=55373 reason=tracking_pose_accepted
x=6.34974 y=3.75013 yaw=-0.0632198 score=0.992972 valid=1 mode=tracking state=TRACKING evaluated=789 execution_us=55525 reason=tracking_pose_accepted
x=6.34974 y=3.75013 yaw=-0.064154 score=0.9945 valid=1 mode=tracking state=TRACKING evaluated=789 execution_us=58436 reason=tracking_pose_accepted
x=6.34974 y=3.75013 yaw=-0.0650882 score=0.99299 valid=1 mode=tracking state=TRACKING evaluated=789 execution_us=59651 reason=tracking_pose_accepted
x=6.34973 y=3.75013 yaw=-0.0660224 score=0.991507 valid=1 mode=tracking state=TRACKING evaluated=789 execution_us=59348 reason=tracking_pose_accepted
x=6.34973 y=3.75013 yaw=-0.0669565 score=0.989678 valid=1 mode=tracking state=TRACKING evaluated=789 execution_us=59300 reason=tracking_pose_accepted
x=6.34973 y=3.75013 yaw=-0.0678907 score=0.991749 valid=1 mode=tracking state=TRACKING evaluated=789 execution_us=59829 reason=tracking_pose_accepted
x=6.34973 y=3.75013 yaw=-0.0688249 score=0.993632 valid=1 mode=tracking state=TRACKING evaluated=789 execution_us=59903 reason=tracking_pose_accepted
x=6.34973 y=3.75013 yaw=-0.0697591 score=0.99425 valid=1 mode=tracking state=TRACKING evaluated=789 execution_us=66018 reason=tracking_pose_accepted
x=6.34973 y=3.75013 yaw=-0.0706933 score=0.993012 valid=1 mode=tracking state=TRACKING evaluated=789 execution_us=54364 reason=tracking_pose_accepted
x=6.34973 y=3.75013 yaw=-0.0716275 score=0.992361 valid=1 mode=tracking state=TRACKING evaluated=789 execution_us=55922 reason=tracking_pose_accepted
x=6.34973 y=3.75013 yaw=-0.0725617 score=0.990288 valid=1 mode=tracking state=TRACKING evaluated=789 execution_us=56318 reason=tracking_pose_accepted
x=6.34973 y=3.75013 yaw=-0.0734958 score=0.991792 valid=1 mode=tracking state=TRACKING evaluated=789 execution_us=56833 reason=tracking_pose_accepted
x=6.34973 y=3.75013 yaw=-0.07443 score=0.992685 valid=1 mode=tracking state=TRACKING evaluated=789 execution_us=57399 reason=tracking_pose_accepted
x=6.34973 y=3.75013 yaw=-0.0753642 score=0.993295 valid=1 mode=tracking state=TRACKING evaluated=789 execution_us=50709 reason=tracking_pose_accepted
x=6.34973 y=3.75013 yaw=-0.0762984 score=0.991749 valid=1 mode=tracking state=TRACKING evaluated=789 execution_us=51062 reason=tracking_pose_accepted
x=6.34973 y=3.75013 yaw=-0.0772326 score=0.990873 valid=1 mode=tracking state=TRACKING evaluated=789 execution_us=60389 reason=tracking_pose_accepted
x=6.34973 y=3.75013 yaw=-0.0781668 score=0.990633 valid=1 mode=tracking state=TRACKING evaluated=789 execution_us=51103 reason=tracking_pose_accepted
x=6.34973 y=3.75013 yaw=-0.0616476 score=0.990576 valid=1 mode=tracking state=TRACKING evaluated=789 execution_us=50153 reason=tracking_pose_accepted
x=6.34973 y=3.75013 yaw=-0.0625818 score=0.991813 valid=1 mode=tracking state=TRACKING evaluated=789 execution_us=57445 reason=tracking_pose_accepted
x=6.34973 y=3.75013 yaw=-0.063516 score=0.992096 valid=1 mode=tracking state=TRACKING evaluated=789 execution_us=57731 reason=tracking_pose_accepted
x=6.34973 y=3.75013 yaw=-0.0644502 score=0.992361 valid=1 mode=tracking state=TRACKING evaluated=789 execution_us=57741 reason=tracking_pose_accepted
x=6.34973 y=3.75013 yaw=-0.0653844 score=0.991466 valid=1 mode=tracking state=TRACKING evaluated=789 execution_us=58422 reason=tracking_pose_accepted
x=6.34973 y=3.75013 yaw=-0.0663185 score=0.990222 valid=1 mode=tracking state=TRACKING evaluated=789 execution_us=57286 reason=tracking_pose_accepted
x=6.34973 y=3.75013 yaw=-0.0672527 score=0.991811 valid=1 mode=tracking state=TRACKING evaluated=789 execution_us=57415 reason=tracking_pose_accepted
x=6.34972 y=3.75013 yaw=-0.0681869 score=0.992421 valid=1 mode=tracking state=TRACKING evaluated=789 execution_us=51600 reason=tracking_pose_accepted
x=6.34972 y=3.75013 yaw=-0.0691211 score=0.993888 valid=1 mode=tracking state=TRACKING evaluated=789 execution_us=50899 reason=tracking_pose_accepted
x=6.34972 y=3.75013 yaw=-0.0700553 score=0.992745 valid=1 mode=tracking state=TRACKING evaluated=789 execution_us=51598 reason=tracking_pose_accepted
x=6.34972 y=3.75013 yaw=-0.0709895 score=0.992116 valid=1 mode=tracking state=TRACKING evaluated=789 execution_us=51606 reason=tracking_pose_accepted
x=6.34972 y=3.75013 yaw=-0.0719236 score=0.992647 valid=1 mode=tracking state=TRACKING evaluated=789 execution_us=51175 reason=tracking_pose_accepted
x=6.34972 y=3.75013 yaw=-0.0728578 score=0.99179 valid=1 mode=tracking state=TRACKING evaluated=789 execution_us=58471 reason=tracking_pose_accepted
x=6.34972 y=3.75013 yaw=-0.073792 score=0.991749 valid=1 mode=tracking state=TRACKING evaluated=789 execution_us=58689 reason=tracking_pose_accepted
x=6.34972 y=3.75013 yaw=-0.0747262 score=0.992096 valid=1 mode=tracking state=TRACKING evaluated=789 execution_us=58260 reason=tracking_pose_accepted
x=6.34972 y=3.75013 yaw=-0.0756604 score=0.991792 valid=1 mode=tracking state=TRACKING evaluated=789 execution_us=59212 reason=tracking_pose_accepted
x=6.34972 y=3.75013 yaw=-0.0765946 score=0.990897 valid=1 mode=tracking state=TRACKING evaluated=789 execution_us=55568 reason=tracking_pose_accepted
x=6.34972 y=3.75013 yaw=-0.0775287 score=0.990609 valid=1 mode=tracking state=TRACKING evaluated=789 execution_us=58063 reason=tracking_pose_accepted
x=6.34972 y=3.75013 yaw=-0.0784629 score=0.991648 valid=1 mode=tracking state=TRACKING evaluated=789 execution_us=50866 reason=tracking_pose_accepted
x=6.34972 y=3.75013 yaw=-0.0619438 score=0.992034 valid=1 mode=tracking state=TRACKING evaluated=789 execution_us=51323 reason=tracking_pose_accepted
x=6.34972 y=3.75013 yaw=-0.062878 score=0.99299 valid=1 mode=tracking state=TRACKING evaluated=789 execution_us=52025 reason=tracking_pose_accepted
x=6.34972 y=3.75013 yaw=-0.0638122 score=0.991706 valid=1 mode=tracking state=TRACKING evaluated=789 execution_us=52285 reason=tracking_pose_accepted
x=6.34972 y=3.75013 yaw=-0.0647464 score=0.991792 valid=1 mode=tracking state=TRACKING evaluated=789 execution_us=52360 reason=tracking_pose_accepted
x=6.34972 y=3.75013 yaw=-0.0656805 score=0.99238 valid=1 mode=tracking state=TRACKING evaluated=789 execution_us=56561 reason=tracking_pose_accepted
x=6.34972 y=3.75013 yaw=-0.0666147 score=0.992096 valid=1 mode=tracking state=TRACKING evaluated=789 execution_us=56103 reason=tracking_pose_accepted
x=6.34972 y=3.75013 yaw=-0.0675489 score=0.988971 valid=1 mode=tracking state=TRACKING evaluated=789 execution_us=55757 reason=tracking_pose_accepted
x=6.34972 y=3.75013 yaw=-0.0684831 score=0.992972 valid=1 mode=tracking state=TRACKING evaluated=789 execution_us=56727 reason=tracking_pose_accepted
x=6.34972 y=3.75013 yaw=-0.0694173 score=0.993031 valid=1 mode=tracking state=TRACKING evaluated=789 execution_us=56150 reason=tracking_pose_accepted
x=6.34971 y=3.75013 yaw=-0.0703515 score=0.992704 valid=1 mode=tracking state=TRACKING evaluated=789 execution_us=56811 reason=tracking_pose_accepted
x=6.34971 y=3.75013 yaw=-0.0712856 score=0.991813 valid=1 mode=tracking state=TRACKING evaluated=789 execution_us=54036 reason=tracking_pose_accepted
x=6.34971 y=3.75013 yaw=-0.0722198 score=0.993335 valid=1 mode=tracking state=TRACKING evaluated=789 execution_us=53426 reason=tracking_pose_accepted
x=6.34971 y=3.75013 yaw=-0.073154 score=0.992299 valid=1 mode=tracking state=TRACKING evaluated=789 execution_us=54662 reason=tracking_pose_accepted
x=6.34971 y=3.75013 yaw=-0.0740882 score=0.991444 valid=1 mode=tracking state=TRACKING evaluated=789 execution_us=54039 reason=tracking_pose_accepted
x=6.34971 y=3.75013 yaw=-0.0750224 score=0.991792 valid=1 mode=tracking state=TRACKING evaluated=789 execution_us=54725 reason=tracking_pose_accepted
x=6.34971 y=3.75013 yaw=-0.0759566 score=0.990897 valid=1 mode=tracking state=TRACKING evaluated=789 execution_us=61747 reason=tracking_pose_accepted
x=6.34971 y=3.75013 yaw=-0.0768907 score=0.99122 valid=1 mode=tracking state=TRACKING evaluated=789 execution_us=57878 reason=tracking_pose_accepted
x=6.34971 y=3.75013 yaw=-0.0778249 score=0.991466 valid=1 mode=tracking state=TRACKING evaluated=789 execution_us=57714 reason=tracking_pose_accepted
x=6.34971 y=3.75013 yaw=-0.0613058 score=0.990856 valid=1 mode=tracking state=TRACKING evaluated=789 execution_us=58117 reason=tracking_pose_accepted
x=6.34971 y=3.75013 yaw=-0.06224 score=0.993008 valid=1 mode=tracking state=TRACKING evaluated=789 execution_us=59135 reason=tracking_pose_accepted
x=6.34971 y=3.75013 yaw=-0.0631742 score=0.990222 valid=1 mode=tracking state=TRACKING evaluated=789 execution_us=57726 reason=tracking_pose_accepted
x=6.34971 y=3.75013 yaw=-0.0641083 score=0.991399 valid=1 mode=tracking state=TRACKING evaluated=789 execution_us=54735 reason=tracking_pose_accepted
x=6.34971 y=3.75013 yaw=-0.0650425 score=0.991749 valid=1 mode=tracking state=TRACKING evaluated=789 execution_us=54605 reason=tracking_pose_accepted
x=6.34971 y=3.75013 yaw=-0.0659767 score=0.992076 valid=1 mode=tracking state=TRACKING evaluated=789 execution_us=55590 reason=tracking_pose_accepted
x=6.34971 y=3.75013 yaw=-0.0669109 score=0.993225 valid=1 mode=tracking state=TRACKING evaluated=789 execution_us=54815 reason=tracking_pose_accepted
x=6.34971 y=3.75013 yaw=-0.0678451 score=0.9924 valid=1 mode=tracking state=TRACKING evaluated=789 execution_us=55605 reason=tracking_pose_accepted
x=6.34971 y=3.75013 yaw=-0.0687793 score=0.992239 valid=1 mode=tracking state=TRACKING evaluated=789 execution_us=55789 reason=tracking_pose_accepted
x=6.34971 y=3.75013 yaw=-0.0697134 score=0.992685 valid=1 mode=tracking state=TRACKING evaluated=789 execution_us=58762 reason=tracking_pose_accepted
x=6.34971 y=3.75013 yaw=-0.0706476 score=0.991466 valid=1 mode=tracking state=TRACKING evaluated=789 execution_us=59569 reason=tracking_pose_accepted
x=6.34971 y=3.75013 yaw=-0.0715818 score=0.992506 valid=1 mode=tracking state=TRACKING evaluated=789 execution_us=59133 reason=tracking_pose_accepted
x=6.3497 y=3.75013 yaw=-0.072516 score=0.992685 valid=1 mode=tracking state=TRACKING evaluated=789 execution_us=60227 reason=tracking_pose_accepted
x=6.3497 y=3.75013 yaw=-0.0734502 score=0.9924 valid=1 mode=tracking state=TRACKING evaluated=789 execution_us=60101 reason=tracking_pose_accepted
x=6.3497 y=3.75013 yaw=-0.0743844 score=0.991749 valid=1 mode=tracking state=TRACKING evaluated=789 execution_us=59778 reason=tracking_pose_accepted
x=6.3497 y=3.75013 yaw=-0.0753185 score=0.991507 valid=1 mode=tracking state=TRACKING evaluated=789 execution_us=56074 reason=tracking_pose_accepted
x=6.3497 y=3.75013 yaw=-0.0762527 score=0.991319 valid=1 mode=tracking state=TRACKING evaluated=789 execution_us=56475 reason=tracking_pose_accepted
x=6.3497 y=3.75013 yaw=-0.0771869 score=0.991466 valid=1 mode=tracking state=TRACKING evaluated=789 execution_us=56129 reason=tracking_pose_accepted
x=6.3497 y=3.75013 yaw=-0.0781211 score=0.992096 valid=1 mode=tracking state=TRACKING evaluated=789 execution_us=56680 reason=tracking_pose_accepted
x=6.3497 y=3.75013 yaw=-0.0790553 score=0.990617 valid=1 mode=tracking state=TRACKING evaluated=789 execution_us=54837 reason=tracking_pose_accepted
x=6.3497 y=3.75013 yaw=-0.0625362 score=0.990478 valid=1 mode=tracking state=TRACKING evaluated=789 execution_us=59170 reason=tracking_pose_accepted
x=6.3497 y=3.75013 yaw=-0.0634703 score=0.991161 valid=1 mode=tracking state=TRACKING evaluated=789 execution_us=50307 reason=tracking_pose_accepted
x=6.3497 y=3.75013 yaw=-0.0644045 score=0.991833 valid=1 mode=tracking state=TRACKING evaluated=789 execution_us=50480 reason=tracking_pose_accepted
x=6.3497 y=3.75013 yaw=-0.0653387 score=0.991771 valid=1 mode=tracking state=TRACKING evaluated=789 execution_us=50484 reason=tracking_pose_accepted
x=6.3497 y=3.75013 yaw=-0.0662729 score=0.992341 valid=1 mode=tracking state=TRACKING evaluated=789 execution_us=50901 reason=tracking_pose_accepted
x=6.3497 y=3.75013 yaw=-0.0672071 score=0.991749 valid=1 mode=tracking state=TRACKING evaluated=789 execution_us=50385 reason=tracking_pose_accepted
x=6.3497 y=3.75013 yaw=-0.0681413 score=0.992666 valid=1 mode=tracking state=TRACKING evaluated=789 execution_us=56990 reason=tracking_pose_accepted
x=6.3497 y=3.75013 yaw=-0.0690754 score=0.992137 valid=1 mode=tracking state=TRACKING evaluated=789 execution_us=57983 reason=tracking_pose_accepted
x=6.3497 y=3.75013 yaw=-0.0700096 score=0.992401 valid=1 mode=tracking state=TRACKING evaluated=789 execution_us=57186 reason=tracking_pose_accepted
x=6.3497 y=3.75013 yaw=-0.0709438 score=0.992116 valid=1 mode=tracking state=TRACKING evaluated=789 execution_us=57558 reason=tracking_pose_accepted
x=6.3497 y=3.75013 yaw=-0.071878 score=0.99419 valid=1 mode=tracking state=TRACKING evaluated=789 execution_us=57961 reason=tracking_pose_accepted
x=6.3497 y=3.75013 yaw=-0.0728122 score=0.9924 valid=1 mode=tracking state=TRACKING evaluated=789 execution_us=58275 reason=tracking_pose_accepted
x=6.3497 y=3.75013 yaw=-0.0737464 score=0.991485 valid=1 mode=tracking state=TRACKING evaluated=789 execution_us=50932 reason=tracking_pose_accepted
x=6.34969 y=3.75013 yaw=-0.0746805 score=0.991769 valid=1 mode=tracking state=TRACKING evaluated=789 execution_us=51210 reason=tracking_pose_accepted
x=6.34969 y=3.75013 yaw=-0.0756147 score=0.991444 valid=1 mode=tracking state=TRACKING evaluated=789 execution_us=51831 reason=tracking_pose_accepted
x=6.34969 y=3.75013 yaw=-0.0765489 score=0.99088 valid=1 mode=tracking state=TRACKING evaluated=789 execution_us=52108 reason=tracking_pose_accepted
x=6.34969 y=3.75013 yaw=-0.0774831 score=0.9924 valid=1 mode=tracking state=TRACKING evaluated=789 execution_us=52147 reason=tracking_pose_accepted
x=6.34969 y=3.75013 yaw=-0.0784173 score=0.991572 valid=1 mode=tracking state=TRACKING evaluated=789 execution_us=52266 reason=tracking_pose_accepted
x=6.34969 y=3.75013 yaw=-0.0618982 score=0.991444 valid=1 mode=tracking state=TRACKING evaluated=789 execution_us=59816 reason=tracking_pose_accepted
x=6.34969 y=3.75013 yaw=-0.0628323 score=0.991161 valid=1 mode=tracking state=TRACKING evaluated=789 execution_us=58900 reason=tracking_pose_accepted
x=6.34969 y=3.75013 yaw=-0.0637665 score=0.991488 valid=1 mode=tracking state=TRACKING evaluated=789 execution_us=60009 reason=tracking_pose_accepted
x=6.34969 y=3.75013 yaw=-0.0647007 score=0.992321 valid=1 mode=tracking state=TRACKING evaluated=789 execution_us=55923 reason=tracking_pose_accepted
x=6.34969 y=3.75013 yaw=-0.0656349 score=0.992361 valid=1 mode=tracking state=TRACKING evaluated=789 execution_us=56398 reason=tracking_pose_accepted
x=6.34969 y=3.75013 yaw=-0.0665691 score=0.991225 valid=1 mode=tracking state=TRACKING evaluated=789 execution_us=54522 reason=tracking_pose_accepted
x=6.34969 y=3.75013 yaw=-0.0675032 score=0.992685 valid=1 mode=tracking state=TRACKING evaluated=789 execution_us=53087 reason=tracking_pose_accepted
x=6.34969 y=3.75013 yaw=-0.0684374 score=0.9924 valid=1 mode=tracking state=TRACKING evaluated=789 execution_us=53496 reason=tracking_pose_accepted
x=6.34969 y=3.75013 yaw=-0.0693716 score=0.992116 valid=1 mode=tracking state=TRACKING evaluated=789 execution_us=53872 reason=tracking_pose_accepted
x=6.34969 y=3.75013 yaw=-0.0703058 score=0.993277 valid=1 mode=tracking state=TRACKING evaluated=789 execution_us=53642 reason=tracking_pose_accepted
x=6.34969 y=3.75013 yaw=-0.07124 score=0.992096 valid=1 mode=tracking state=TRACKING evaluated=789 execution_us=53970 reason=tracking_pose_accepted
x=6.34969 y=3.75013 yaw=-0.0721742 score=0.992096 valid=1 mode=tracking state=TRACKING evaluated=789 execution_us=57641 reason=tracking_pose_accepted
x=6.34969 y=3.75013 yaw=-0.0731083 score=0.992421 valid=1 mode=tracking state=TRACKING evaluated=789 execution_us=58082 reason=tracking_pose_accepted
x=6.34969 y=3.75013 yaw=-0.0740425 score=0.991811 valid=1 mode=tracking state=TRACKING evaluated=789 execution_us=58285 reason=tracking_pose_accepted
x=6.34969 y=3.75013 yaw=-0.0749767 score=0.991771 valid=1 mode=tracking state=TRACKING evaluated=789 execution_us=57603 reason=tracking_pose_accepted
x=6.34969 y=3.75013 yaw=-0.0759109 score=0.991813 valid=1 mode=tracking state=TRACKING evaluated=789 execution_us=57773 reason=tracking_pose_accepted
x=6.34968 y=3.75013 yaw=-0.0768451 score=0.991749 valid=1 mode=tracking state=TRACKING evaluated=789 execution_us=57899 reason=tracking_pose_accepted
x=6.34968 y=3.75013 yaw=-0.0777793 score=0.991161 valid=1 mode=tracking state=TRACKING evaluated=789 execution_us=54346 reason=tracking_pose_accepted
x=6.34968 y=3.75013 yaw=-0.0787134 score=0.991771 valid=1 mode=tracking state=TRACKING evaluated=789 execution_us=54264 reason=tracking_pose_accepted
x=6.34968 y=3.75013 yaw=-0.0796476 score=0.990897 valid=1 mode=tracking state=TRACKING evaluated=789 execution_us=54488 reason=tracking_pose_accepted
x=6.34968 y=3.75013 yaw=-0.0631285 score=0.991444 valid=1 mode=tracking state=TRACKING evaluated=789 execution_us=54708 reason=tracking_pose_accepted
x=6.34968 y=3.75013 yaw=-0.0640627 score=0.991184 valid=1 mode=tracking state=TRACKING evaluated=789 execution_us=55373 reason=tracking_pose_accepted
x=6.34968 y=3.75013 yaw=-0.0649969 score=0.991749 valid=1 mode=tracking state=TRACKING evaluated=789 execution_us=58173 reason=tracking_pose_accepted
x=6.34968 y=3.75013 yaw=-0.0659311 score=0.992666 valid=1 mode=tracking state=TRACKING evaluated=789 execution_us=58248 reason=tracking_pose_accepted
x=6.34968 y=3.75013 yaw=-0.0668652 score=0.992096 valid=1 mode=tracking state=TRACKING evaluated=789 execution_us=59351 reason=tracking_pose_accepted
x=6.34968 y=3.75013 yaw=-0.0677994 score=0.991833 valid=1 mode=tracking state=TRACKING evaluated=789 execution_us=58843 reason=tracking_pose_accepted
x=6.34968 y=3.75013 yaw=-0.0687336 score=0.993312 valid=1 mode=tracking state=TRACKING evaluated=789 execution_us=60113 reason=tracking_pose_accepted
x=6.34968 y=3.75013 yaw=-0.0696678 score=0.991207 valid=1 mode=tracking state=TRACKING evaluated=789 execution_us=59564 reason=tracking_pose_accepted
x=6.34968 y=3.75013 yaw=-0.070602 score=0.99314 valid=1 mode=tracking state=TRACKING evaluated=789 execution_us=54591 reason=tracking_pose_accepted
x=6.34968 y=3.75013 yaw=-0.0715362 score=0.992704 valid=1 mode=tracking state=TRACKING evaluated=789 execution_us=56200 reason=tracking_pose_accepted
x=6.34968 y=3.75013 yaw=-0.0724703 score=0.992076 valid=1 mode=tracking state=TRACKING evaluated=789 execution_us=55553 reason=tracking_pose_accepted
x=6.34968 y=3.75013 yaw=-0.0734045 score=0.992116 valid=1 mode=tracking state=TRACKING evaluated=789 execution_us=55732 reason=tracking_pose_accepted
x=6.34968 y=3.75013 yaw=-0.0743387 score=0.991083 valid=1 mode=tracking state=TRACKING evaluated=789 execution_us=56354 reason=tracking_pose_accepted
x=6.34968 y=3.75013 yaw=-0.0752729 score=0.992076 valid=1 mode=tracking state=TRACKING evaluated=789 execution_us=55462 reason=tracking_pose_accepted
x=6.34968 y=3.75013 yaw=-0.0762071 score=0.991792 valid=1 mode=tracking state=TRACKING evaluated=789 execution_us=59751 reason=tracking_pose_accepted
x=6.34968 y=3.75013 yaw=-0.0771413 score=0.991179 valid=1 mode=tracking state=TRACKING evaluated=789 execution_us=49480 reason=tracking_pose_accepted
x=6.34968 y=3.75013 yaw=-0.0780754 score=0.991197 valid=1 mode=tracking state=TRACKING evaluated=789 execution_us=60010 reason=tracking_pose_accepted
x=6.34967 y=3.75013 yaw=-0.0790096 score=0.991749 valid=1 mode=tracking state=TRACKING evaluated=789 execution_us=59389 reason=tracking_pose_accepted
x=6.34967 y=3.75013 yaw=-0.0799438 score=0.992685 valid=1 mode=tracking state=TRACKING evaluated=789 execution_us=50233 reason=tracking_pose_accepted
x=6.34967 y=3.75013 yaw=-0.080878 score=0.991529 valid=1 mode=tracking state=TRACKING evaluated=789 execution_us=50408 reason=tracking_pose_accepted
x=6.34967 y=3.75013 yaw=-0.0643589 score=0.991138 valid=1 mode=tracking state=TRACKING evaluated=789 execution_us=57353 reason=tracking_pose_accepted
x=6.34967 y=3.75013 yaw=-0.065293 score=0.991706 valid=1 mode=tracking state=TRACKING evaluated=789 execution_us=56622 reason=tracking_pose_accepted
x=6.34967 y=3.75013 yaw=-0.0662272 score=0.992666 valid=1 mode=tracking state=TRACKING evaluated=789 execution_us=56985 reason=tracking_pose_accepted
x=6.34967 y=3.75013 yaw=-0.0671614 score=0.9924 valid=1 mode=tracking state=TRACKING evaluated=789 execution_us=58346 reason=tracking_pose_accepted
x=6.34967 y=3.75013 yaw=-0.0680956 score=0.993277 valid=1 mode=tracking state=TRACKING evaluated=789 execution_us=57224 reason=tracking_pose_accepted
x=6.34967 y=3.75013 yaw=-0.0690298 score=0.993277 valid=1 mode=tracking state=TRACKING evaluated=789 execution_us=60189 reason=tracking_pose_accepted
x=6.34967 y=3.75013 yaw=-0.069964 score=0.992441 valid=1 mode=tracking state=TRACKING evaluated=789 execution_us=51438 reason=tracking_pose_accepted
x=6.34967 y=3.75013 yaw=-0.0708981 score=0.991626 valid=1 mode=tracking state=TRACKING evaluated=789 execution_us=51950 reason=tracking_pose_accepted
x=6.34967 y=3.75013 yaw=-0.0718323 score=0.992726 valid=1 mode=tracking state=TRACKING evaluated=789 execution_us=51928 reason=tracking_pose_accepted
x=6.34967 y=3.75013 yaw=-0.0727665 score=0.992096 valid=1 mode=tracking state=TRACKING evaluated=789 execution_us=51463 reason=tracking_pose_accepted
x=6.34967 y=3.75013 yaw=-0.0737007 score=0.991202 valid=1 mode=tracking state=TRACKING evaluated=789 execution_us=51618 reason=tracking_pose_accepted
x=6.34967 y=3.75013 yaw=-0.0746349 score=0.992401 valid=1 mode=tracking state=TRACKING evaluated=789 execution_us=58986 reason=tracking_pose_accepted
x=6.34967 y=3.75013 yaw=-0.0755691 score=0.991488 valid=1 mode=tracking state=TRACKING evaluated=789 execution_us=58478 reason=tracking_pose_accepted
x=6.34967 y=3.75013 yaw=-0.0765032 score=0.991648 valid=1 mode=tracking state=TRACKING evaluated=789 execution_us=58740 reason=tracking_pose_accepted
x=6.34967 y=3.75013 yaw=-0.0774374 score=0.991444 valid=1 mode=tracking state=TRACKING evaluated=789 execution_us=59184 reason=tracking_pose_accepted
x=6.34967 y=3.75013 yaw=-0.0783716 score=0.992096 valid=1 mode=tracking state=TRACKING evaluated=789 execution_us=58877 reason=tracking_pose_accepted
x=6.34967 y=3.75013 yaw=-0.0793058 score=0.973038 valid=1 mode=tracking state=TRACKING evaluated=789 execution_us=59495 reason=tracking_pose_accepted
x=6.34967 y=3.75013 yaw=-0.0627867 score=0.964982 valid=1 mode=tracking state=TRACKING evaluated=789 execution_us=52093 reason=tracking_pose_accepted
x=6.34966 y=3.75013 yaw=-0.0637209 score=0.961349 valid=1 mode=tracking state=TRACKING evaluated=789 execution_us=51877 reason=tracking_pose_accepted
x=6.34966 y=3.75013 yaw=-0.064655 score=0.965416 valid=1 mode=tracking state=TRACKING evaluated=789 execution_us=52338 reason=tracking_pose_accepted
x=6.34966 y=3.75013 yaw=-0.0655892 score=0.961811 valid=1 mode=tracking state=TRACKING evaluated=789 execution_us=51948 reason=tracking_pose_accepted
x=6.34966 y=3.75013 yaw=-0.0665234 score=0.9593 valid=1 mode=tracking state=TRACKING evaluated=789 execution_us=51627 reason=tracking_pose_accepted
x=6.34966 y=3.75013 yaw=-0.0674576 score=0.951032 valid=1 mode=tracking state=TRACKING evaluated=789 execution_us=56616 reason=tracking_pose_accepted
x=6.34966 y=3.75013 yaw=-0.0683918 score=0.944872 valid=1 mode=tracking state=TRACKING evaluated=789 execution_us=55437 reason=tracking_pose_accepted
x=6.34966 y=3.75013 yaw=-0.069326 score=0.946078 valid=1 mode=tracking state=TRACKING evaluated=789 execution_us=55999 reason=tracking_pose_accepted
x=6.34966 y=3.75013 yaw=-0.0702601 score=0.943835 valid=1 mode=tracking state=TRACKING evaluated=789 execution_us=56726 reason=tracking_pose_accepted
x=6.34966 y=3.75013 yaw=-0.0711943 score=0.952138 valid=1 mode=tracking state=TRACKING evaluated=789 execution_us=56397 reason=tracking_pose_accepted
x=6.34966 y=3.75013 yaw=-0.0721285 score=0.950802 valid=1 mode=tracking state=TRACKING evaluated=789 execution_us=57095 reason=tracking_pose_accepted
x=6.34966 y=3.75013 yaw=-0.0730627 score=0.945941 valid=1 mode=tracking state=TRACKING evaluated=789 execution_us=54018 reason=tracking_pose_accepted
x=6.34966 y=3.75013 yaw=-0.0739969 score=0.966672 valid=1 mode=tracking state=TRACKING evaluated=807 execution_us=54466 reason=tracking_pose_accepted
x=6.34966 y=3.75013 yaw=-0.0749311 score=0.991138 valid=1 mode=tracking state=TRACKING evaluated=789 execution_us=54107 reason=tracking_pose_accepted
x=6.34966 y=3.75013 yaw=-0.0758652 score=0.991792 valid=1 mode=tracking state=TRACKING evaluated=789 execution_us=53768 reason=tracking_pose_accepted
x=6.34966 y=3.75013 yaw=-0.0767994 score=0.990657 valid=1 mode=tracking state=TRACKING evaluated=789 execution_us=53997 reason=tracking_pose_accepted
x=6.34966 y=3.75013 yaw=-0.0777336 score=0.990819 valid=1 mode=tracking state=TRACKING evaluated=789 execution_us=61266 reason=tracking_pose_accepted
x=6.34966 y=3.75013 yaw=-0.0612145 score=0.989942 valid=1 mode=tracking state=TRACKING evaluated=789 execution_us=100590 reason=tracking_pose_accepted
x=6.34966 y=3.75013 yaw=-0.079602 score=0.992096 valid=1 mode=tracking state=TRACKING evaluated=789 execution_us=94155 reason=tracking_pose_accepted
x=6.34966 y=3.75013 yaw=-0.0805361 score=0.990328 valid=1 mode=tracking state=TRACKING evaluated=789 execution_us=46648 reason=tracking_pose_accepted
x=6.34966 y=3.75013 yaw=-0.064017 score=0.991184 valid=1 mode=tracking state=TRACKING evaluated=789 execution_us=58851 reason=tracking_pose_accepted
x=6.34966 y=3.75013 yaw=-0.0649512 score=0.991792 valid=1 mode=tracking state=TRACKING evaluated=789 execution_us=56127 reason=tracking_pose_accepted
x=6.34966 y=3.75013 yaw=-0.0658853 score=0.991771 valid=1 mode=tracking state=TRACKING evaluated=789 execution_us=55162 reason=tracking_pose_accepted
x=6.34966 y=3.75013 yaw=-0.0668195 score=0.992361 valid=1 mode=tracking state=TRACKING evaluated=789 execution_us=54798 reason=tracking_pose_accepted
x=6.34965 y=3.75013 yaw=-0.0677537 score=0.992096 valid=1 mode=tracking state=TRACKING evaluated=789 execution_us=55307 reason=tracking_pose_accepted
x=6.34965 y=3.75013 yaw=-0.0686879 score=0.992421 valid=1 mode=tracking state=TRACKING evaluated=789 execution_us=55455 reason=tracking_pose_accepted
x=6.34965 y=3.75013 yaw=-0.0696221 score=0.991792 valid=1 mode=tracking state=TRACKING evaluated=789 execution_us=55713 reason=tracking_pose_accepted
x=6.34965 y=3.75013 yaw=-0.0705563 score=0.992116 valid=1 mode=tracking state=TRACKING evaluated=789 execution_us=59958 reason=tracking_pose_accepted
x=6.34965 y=3.75013 yaw=-0.0714904 score=0.992441 valid=1 mode=tracking state=TRACKING evaluated=789 execution_us=59662 reason=tracking_pose_accepted
x=6.34965 y=3.75013 yaw=-0.0724246 score=0.993031 valid=1 mode=tracking state=TRACKING evaluated=789 execution_us=81818 reason=tracking_pose_accepted
x=6.34965 y=3.75013 yaw=-0.0733588 score=0.992076 valid=1 mode=tracking state=TRACKING evaluated=789 execution_us=89139 reason=tracking_pose_accepted
x=6.34965 y=3.75013 yaw=-0.074293 score=0.991161 valid=1 mode=tracking state=TRACKING evaluated=789 execution_us=50189 reason=tracking_pose_accepted
x=6.34965 y=3.75013 yaw=-0.0752272 score=0.9924 valid=1 mode=tracking state=TRACKING evaluated=789 execution_us=54427 reason=tracking_pose_accepted
x=6.34965 y=3.75013 yaw=-0.0761614 score=0.991771 valid=1 mode=tracking state=TRACKING evaluated=789 execution_us=55750 reason=tracking_pose_accepted
x=6.34965 y=3.75013 yaw=-0.0770955 score=0.991488 valid=1 mode=tracking state=TRACKING evaluated=789 execution_us=56285 reason=tracking_pose_accepted
x=6.34965 y=3.75013 yaw=-0.0780297 score=0.991184 valid=1 mode=tracking state=TRACKING evaluated=789 execution_us=56523 reason=tracking_pose_accepted
x=6.34965 y=3.75013 yaw=-0.0789639 score=0.989855 valid=1 mode=tracking state=TRACKING evaluated=789 execution_us=56465 reason=tracking_pose_accepted
x=6.34965 y=3.75013 yaw=-0.0624448 score=0.991444 valid=1 mode=tracking state=TRACKING evaluated=789 execution_us=58626 reason=tracking_pose_accepted
x=6.34965 y=3.75013 yaw=-0.0808323 score=0.991444 valid=1 mode=tracking state=TRACKING evaluated=789 execution_us=59419 reason=tracking_pose_accepted
x=6.34965 y=3.75013 yaw=-0.0643131 score=0.992055 valid=1 mode=tracking state=TRACKING evaluated=789 execution_us=60396 reason=tracking_pose_accepted
x=6.34965 y=3.75013 yaw=-0.0652473 score=0.991161 valid=1 mode=tracking state=TRACKING evaluated=789 execution_us=60634 reason=tracking_pose_accepted
x=6.34965 y=3.75013 yaw=-0.0661815 score=0.990617 valid=1 mode=tracking state=TRACKING evaluated=789 execution_us=50445 reason=tracking_pose_accepted
x=6.34965 y=3.75013 yaw=-0.0671156 score=0.992341 valid=1 mode=tracking state=TRACKING evaluated=789 execution_us=49765 reason=tracking_pose_accepted
x=6.34965 y=3.75013 yaw=-0.0680498 score=0.991792 valid=1 mode=tracking state=TRACKING evaluated=789 execution_us=51345 reason=tracking_pose_accepted
x=6.34965 y=3.75013 yaw=-0.068984 score=0.992034 valid=1 mode=tracking state=TRACKING evaluated=789 execution_us=56661 reason=tracking_pose_accepted
x=6.34964 y=3.75013 yaw=-0.0699182 score=0.992076 valid=1 mode=tracking state=TRACKING evaluated=789 execution_us=57681 reason=tracking_pose_accepted
x=6.34964 y=3.75013 yaw=-0.0708524 score=0.992076 valid=1 mode=tracking state=TRACKING evaluated=789 execution_us=57551 reason=tracking_pose_accepted
x=6.34964 y=3.75013 yaw=-0.0717866 score=0.992421 valid=1 mode=tracking state=TRACKING evaluated=789 execution_us=57462 reason=tracking_pose_accepted
x=6.34964 y=3.75013 yaw=-0.0727207 score=0.991833 valid=1 mode=tracking state=TRACKING evaluated=789 execution_us=58315 reason=tracking_pose_accepted
x=6.34964 y=3.75013 yaw=-0.0736549 score=0.991953 valid=1 mode=tracking state=TRACKING evaluated=789 execution_us=57635 reason=tracking_pose_accepted
x=6.34964 y=3.75013 yaw=-0.0745891 score=0.992076 valid=1 mode=tracking state=TRACKING evaluated=789 execution_us=51051 reason=tracking_pose_accepted
x=6.34964 y=3.75013 yaw=-0.0755233 score=0.991274 valid=1 mode=tracking state=TRACKING evaluated=789 execution_us=50943 reason=tracking_pose_accepted
x=6.34964 y=3.75013 yaw=-0.0764575 score=0.99088 valid=1 mode=tracking state=TRACKING evaluated=789 execution_us=51304 reason=tracking_pose_accepted
x=6.34964 y=3.75013 yaw=-0.0773917 score=0.991771 valid=1 mode=tracking state=TRACKING evaluated=789 execution_us=51538 reason=tracking_pose_accepted
x=6.34964 y=3.75013 yaw=-0.0783258 score=0.991184 valid=1 mode=tracking state=TRACKING evaluated=789 execution_us=51995 reason=tracking_pose_accepted
x=6.34964 y=3.75013 yaw=-0.07926 score=0.990633 valid=1 mode=tracking state=TRACKING evaluated=789 execution_us=58401 reason=tracking_pose_accepted
x=6.34964 y=3.75013 yaw=-0.0627409 score=0.990897 valid=1 mode=tracking state=TRACKING evaluated=789 execution_us=56699 reason=tracking_pose_accepted
x=6.34964 y=3.75013 yaw=-0.0636751 score=0.992096 valid=1 mode=tracking state=TRACKING evaluated=789 execution_us=56010 reason=tracking_pose_accepted
x=6.34964 y=3.75013 yaw=-0.0646093 score=0.990527 valid=1 mode=tracking state=TRACKING evaluated=789 execution_us=58621 reason=tracking_pose_accepted
x=6.34964 y=3.75013 yaw=-0.0655434 score=0.989637 valid=1 mode=tracking state=TRACKING evaluated=789 execution_us=59728 reason=tracking_pose_accepted
x=6.34964 y=3.75013 yaw=-0.0664776 score=0.990833 valid=1 mode=tracking state=TRACKING evaluated=789 execution_us=61263 reason=tracking_pose_accepted
x=6.34964 y=3.75013 yaw=-0.0674118 score=0.991792 valid=1 mode=tracking state=TRACKING evaluated=789 execution_us=52583 reason=tracking_pose_accepted
x=6.34964 y=3.75013 yaw=-0.068346 score=0.992341 valid=1 mode=tracking state=TRACKING evaluated=789 execution_us=52808 reason=tracking_pose_accepted
x=6.34964 y=3.75013 yaw=-0.0692802 score=0.992401 valid=1 mode=tracking state=TRACKING evaluated=789 execution_us=52326 reason=tracking_pose_accepted
x=6.34964 y=3.75013 yaw=-0.0702144 score=0.992382 valid=1 mode=tracking state=TRACKING evaluated=789 execution_us=53401 reason=tracking_pose_accepted
x=6.34964 y=3.75013 yaw=-0.0711485 score=0.993277 valid=1 mode=tracking state=TRACKING evaluated=789 execution_us=52646 reason=tracking_pose_accepted
x=6.34963 y=3.75013 yaw=-0.0720827 score=0.992666 valid=1 mode=tracking state=TRACKING evaluated=789 execution_us=56715 reason=tracking_pose_accepted
x=6.34963 y=3.75013 yaw=-0.0730169 score=0.991488 valid=1 mode=tracking state=TRACKING evaluated=789 execution_us=57677 reason=tracking_pose_accepted
x=6.34963 y=3.75013 yaw=-0.0739511 score=0.99242 valid=1 mode=tracking state=TRACKING evaluated=789 execution_us=57062 reason=tracking_pose_accepted
x=6.34963 y=3.75013 yaw=-0.0748853 score=0.991466 valid=1 mode=tracking state=TRACKING evaluated=789 execution_us=57457 reason=tracking_pose_accepted
x=6.34963 y=3.75013 yaw=-0.0758195 score=0.990938 valid=1 mode=tracking state=TRACKING evaluated=789 execution_us=57607 reason=tracking_pose_accepted
x=6.34963 y=3.75013 yaw=-0.0767536 score=0.990313 valid=1 mode=tracking state=TRACKING evaluated=789 execution_us=57437 reason=tracking_pose_accepted
x=6.34963 y=3.75013 yaw=-0.0776878 score=0.99045 valid=1 mode=tracking state=TRACKING evaluated=789 execution_us=53925 reason=tracking_pose_accepted
x=6.34963 y=3.75013 yaw=-0.0611687 score=0.989305 valid=1 mode=tracking state=TRACKING evaluated=789 execution_us=55525 reason=tracking_pose_accepted
x=6.34963 y=3.75013 yaw=-0.0795562 score=0.991297 valid=1 mode=tracking state=TRACKING evaluated=789 execution_us=53963 reason=tracking_pose_accepted
x=6.34963 y=3.75013 yaw=-0.063037 score=0.98936 valid=1 mode=tracking state=TRACKING evaluated=789 execution_us=55136 reason=tracking_pose_accepted
x=6.34963 y=3.75013 yaw=-0.0639712 score=0.990502 valid=1 mode=tracking state=TRACKING evaluated=789 execution_us=67932 reason=tracking_pose_accepted
x=6.34963 y=3.75013 yaw=-0.0649054 score=0.991138 valid=1 mode=tracking state=TRACKING evaluated=789 execution_us=54149 reason=tracking_pose_accepted
x=6.34963 y=3.75013 yaw=-0.0658396 score=0.992055 valid=1 mode=tracking state=TRACKING evaluated=789 execution_us=58549 reason=tracking_pose_accepted
x=6.34963 y=3.75013 yaw=-0.0667737 score=0.9924 valid=1 mode=tracking state=TRACKING evaluated=789 execution_us=58343 reason=tracking_pose_accepted
x=6.34963 y=3.75013 yaw=-0.0677079 score=0.9924 valid=1 mode=tracking state=TRACKING evaluated=789 execution_us=58727 reason=tracking_pose_accepted
x=6.34963 y=3.75013 yaw=-0.0686421 score=0.992076 valid=1 mode=tracking state=TRACKING evaluated=789 execution_us=58675 reason=tracking_pose_accepted
x=6.34963 y=3.75013 yaw=-0.0695763 score=0.992707 valid=1 mode=tracking state=TRACKING evaluated=789 execution_us=58660 reason=tracking_pose_accepted
x=6.34963 y=3.75013 yaw=-0.0705105 score=0.992666 valid=1 mode=tracking state=TRACKING evaluated=789 execution_us=64347 reason=tracking_pose_accepted
x=6.34963 y=3.75013 yaw=-0.0714447 score=0.991792 valid=1 mode=tracking state=TRACKING evaluated=789 execution_us=55156 reason=tracking_pose_accepted
x=6.34963 y=3.75013 yaw=-0.0723788 score=0.991833 valid=1 mode=tracking state=TRACKING evaluated=789 execution_us=55211 reason=tracking_pose_accepted
x=6.34963 y=3.75013 yaw=-0.073313 score=0.991769 valid=1 mode=tracking state=TRACKING evaluated=789 execution_us=55622 reason=tracking_pose_accepted
x=6.34962 y=3.75013 yaw=-0.0742472 score=0.992055 valid=1 mode=tracking state=TRACKING evaluated=789 execution_us=55409 reason=tracking_pose_accepted
x=6.34962 y=3.75013 yaw=-0.0751814 score=0.990034 valid=1 mode=tracking state=TRACKING evaluated=789 execution_us=55722 reason=tracking_pose_accepted
x=6.34962 y=3.75013 yaw=-0.0761156 score=0.989068 valid=1 mode=tracking state=TRACKING evaluated=789 execution_us=59533 reason=tracking_pose_accepted
x=6.34962 y=3.75013 yaw=-0.0770498 score=0.986833 valid=1 mode=tracking state=TRACKING evaluated=789 execution_us=59207 reason=tracking_pose_accepted
x=6.34962 y=3.80013 yaw=-0.0605307 score=0.996647 valid=1 mode=tracking state=TRACKING evaluated=789 execution_us=61753 reason=tracking_pose_accepted
x=6.34962 y=3.80013 yaw=-0.0789181 score=0.993312 valid=1 mode=tracking state=TRACKING evaluated=789 execution_us=59857 reason=tracking_pose_accepted
x=6.34962 y=3.85013 yaw=-0.0623989 score=0.978068 valid=1 mode=tracking state=TRACKING evaluated=789 execution_us=60327 reason=tracking_pose_accepted
x=6.34962 y=3.95013 yaw=0.00648007 score=0.979789 valid=1 mode=tracking state=TRACKING evaluated=807 execution_us=52956 reason=tracking_pose_accepted
x=6.29962 y=4.00013 yaw=0.0229992 score=0.990792 valid=1 mode=tracking state=TRACKING evaluated=789 execution_us=56456 reason=tracking_pose_accepted
x=6.29962 y=4.10013 yaw=0.0220651 score=0.996791 valid=1 mode=tracking state=TRACKING evaluated=789 execution_us=56456 reason=tracking_pose_accepted
x=6.29962 y=4.15013 yaw=0.0211309 score=0.981207 valid=1 mode=tracking state=TRACKING evaluated=789 execution_us=56868 reason=tracking_pose_accepted
x=6.24962 y=4.20013 yaw=0.0376501 score=0.983887 valid=1 mode=tracking state=TRACKING evaluated=789 execution_us=57270 reason=tracking_pose_accepted
x=6.24962 y=4.25013 yaw=0.0367159 score=0.988235 valid=1 mode=tracking state=TRACKING evaluated=789 execution_us=57880 reason=tracking_pose_accepted
x=6.24962 y=4.25013 yaw=0.0183285 score=0.991161 valid=1 mode=tracking state=TRACKING evaluated=789 execution_us=58341 reason=tracking_pose_accepted
x=6.24962 y=4.25013 yaw=-0.0175122 score=0.979766 valid=1 mode=tracking state=TRACKING evaluated=789 execution_us=60750 reason=tracking_pose_accepted
x=6.24962 y=4.30013 yaw=0.0339135 score=0.94593 valid=1 mode=tracking state=TRACKING evaluated=789 execution_us=52197 reason=tracking_pose_accepted
x=6.24962 y=4.30013 yaw=0.0504327 score=0.98936 valid=1 mode=tracking state=TRACKING evaluated=789 execution_us=52205 reason=tracking_pose_accepted
x=6.29962 y=4.30013 yaw=0.014592 score=0.98979 valid=1 mode=tracking state=TRACKING evaluated=789 execution_us=52403 reason=tracking_pose_accepted
x=6.29962 y=4.30013 yaw=0.0311111 score=0.990297 valid=1 mode=tracking state=TRACKING evaluated=789 execution_us=53530 reason=tracking_pose_accepted
x=6.29962 y=4.30013 yaw=0.030177 score=0.988448 valid=1 mode=tracking state=TRACKING evaluated=789 execution_us=60104 reason=tracking_pose_accepted
x=6.29961 y=4.30013 yaw=0.0117895 score=0.989816 valid=1 mode=tracking state=TRACKING evaluated=789 execution_us=56996 reason=tracking_pose_accepted
x=6.29961 y=4.30013 yaw=-0.0240512 score=0.983326 valid=1 mode=tracking state=TRACKING evaluated=789 execution_us=56893 reason=tracking_pose_accepted
x=6.29961 y=4.35013 yaw=-0.0249853 score=0.97832 valid=1 mode=tracking state=TRACKING evaluated=789 execution_us=57298 reason=tracking_pose_accepted
x=6.29961 y=4.35013 yaw=-0.0084662 score=0.987265 valid=1 mode=tracking state=TRACKING evaluated=789 execution_us=57187 reason=tracking_pose_accepted
x=6.29961 y=4.35013 yaw=-0.00940032 score=0.985068 valid=1 mode=tracking state=TRACKING evaluated=789 execution_us=56842 reason=tracking_pose_accepted
x=6.29961 y=4.35013 yaw=-0.0103345 score=0.988508 valid=1 mode=tracking state=TRACKING evaluated=789 execution_us=53281 reason=tracking_pose_accepted
x=6.29961 y=4.35013 yaw=-0.0112686 score=0.975743 valid=1 mode=tracking state=TRACKING evaluated=789 execution_us=53887 reason=tracking_pose_accepted
x=6.29961 y=4.35013 yaw=0.00525057 score=0.979988 valid=1 mode=tracking state=TRACKING evaluated=789 execution_us=53138 reason=tracking_pose_accepted
x=6.29961 y=4.35013 yaw=-0.0131369 score=0.977693 valid=1 mode=tracking state=TRACKING evaluated=789 execution_us=53649 reason=tracking_pose_accepted
x=6.34961 y=4.35013 yaw=-0.014071 score=0.986016 valid=1 mode=tracking state=TRACKING evaluated=789 execution_us=53434 reason=tracking_pose_accepted
x=6.34961 y=4.35013 yaw=-0.0150051 score=0.992929 valid=1 mode=tracking state=TRACKING evaluated=789 execution_us=52633 reason=tracking_pose_accepted
x=6.34961 y=4.35013 yaw=-0.0159393 score=0.987961 valid=1 mode=tracking state=TRACKING evaluated=789 execution_us=56779 reason=tracking_pose_accepted
x=6.34961 y=4.35013 yaw=-0.0168734 score=0.998176 valid=1 mode=tracking state=TRACKING evaluated=789 execution_us=57542 reason=tracking_pose_accepted
x=6.34961 y=4.35013 yaw=-0.0178075 score=0.998488 valid=1 mode=tracking state=TRACKING evaluated=789 execution_us=57540 reason=tracking_pose_accepted
x=6.34961 y=4.35013 yaw=-0.0187417 score=0.995733 valid=1 mode=tracking state=TRACKING evaluated=789 execution_us=58076 reason=tracking_pose_accepted
x=6.34961 y=4.35013 yaw=-0.0371291 score=0.991229 valid=1 mode=tracking state=TRACKING evaluated=789 execution_us=57870 reason=tracking_pose_accepted
x=6.34961 y=4.35013 yaw=-0.0206099 score=0.989388 valid=1 mode=tracking state=TRACKING evaluated=789 execution_us=58624 reason=tracking_pose_accepted
x=6.34961 y=4.35013 yaw=-0.0215441 score=0.987029 valid=1 mode=tracking state=TRACKING evaluated=789 execution_us=55331 reason=tracking_pose_accepted
x=6.34961 y=4.40013 yaw=-0.0224782 score=0.984456 valid=1 mode=tracking state=TRACKING evaluated=789 execution_us=54334 reason=tracking_pose_accepted
x=6.34961 y=4.40013 yaw=-0.0234123 score=0.9906 valid=1 mode=tracking state=TRACKING evaluated=789 execution_us=54886 reason=tracking_pose_accepted
x=6.34961 y=4.40013 yaw=-0.0243464 score=0.989664 valid=1 mode=tracking state=TRACKING evaluated=789 execution_us=55211 reason=tracking_pose_accepted
x=6.34961 y=4.40013 yaw=-0.0252805 score=0.990576 valid=1 mode=tracking state=TRACKING evaluated=789 execution_us=55368 reason=tracking_pose_accepted
x=6.3496 y=4.40013 yaw=-0.0262147 score=0.983778 valid=1 mode=tracking state=TRACKING evaluated=789 execution_us=62382 reason=tracking_pose_accepted
x=6.3496 y=4.35013 yaw=-0.0620554 score=0.989758 valid=1 mode=tracking state=TRACKING evaluated=789 execution_us=59661 reason=tracking_pose_accepted
x=6.3496 y=4.35013 yaw=-0.0804429 score=0.98306 valid=1 mode=tracking state=TRACKING evaluated=789 execution_us=58681 reason=tracking_pose_accepted
x=6.3496 y=4.35013 yaw=-0.081377 score=0.982308 valid=1 mode=tracking state=TRACKING evaluated=789 execution_us=60170 reason=tracking_pose_accepted
x=6.3496 y=4.35013 yaw=-0.0823112 score=0.98488 valid=1 mode=tracking state=TRACKING evaluated=789 execution_us=59245 reason=tracking_pose_accepted
x=6.3496 y=4.35013 yaw=-0.0657921 score=0.987265 valid=1 mode=tracking state=TRACKING evaluated=789 execution_us=59539 reason=tracking_pose_accepted
x=6.3496 y=4.40013 yaw=-0.0667262 score=0.986659 valid=1 mode=tracking state=TRACKING evaluated=789 execution_us=50228 reason=tracking_pose_accepted
x=6.3496 y=4.40013 yaw=-0.0676604 score=0.990625 valid=1 mode=tracking state=TRACKING evaluated=789 execution_us=56169 reason=tracking_pose_accepted
x=6.3496 y=4.40013 yaw=-0.0685946 score=0.992704 valid=1 mode=tracking state=TRACKING evaluated=789 execution_us=56711 reason=tracking_pose_accepted
x=6.3496 y=4.35013 yaw=-0.0869821 score=0.979521 valid=1 mode=tracking state=TRACKING evaluated=789 execution_us=56338 reason=tracking_pose_accepted
x=6.3496 y=4.35013 yaw=-0.0704629 score=0.986742 valid=1 mode=tracking state=TRACKING evaluated=789 execution_us=56522 reason=tracking_pose_accepted
x=6.3496 y=4.35013 yaw=-0.0713971 score=0.993062 valid=1 mode=tracking state=TRACKING evaluated=789 execution_us=57590 reason=tracking_pose_accepted
x=6.3496 y=4.35013 yaw=-0.0723313 score=0.98881 valid=1 mode=tracking state=TRACKING evaluated=789 execution_us=60651 reason=tracking_pose_accepted
x=6.3496 y=4.40013 yaw=-0.0732655 score=0.990592 valid=1 mode=tracking state=TRACKING evaluated=789 execution_us=49817 reason=tracking_pose_accepted
x=6.3496 y=4.40013 yaw=-0.0741996 score=0.991488 valid=1 mode=tracking state=TRACKING evaluated=789 execution_us=50544 reason=tracking_pose_accepted
x=6.3496 y=4.40013 yaw=-0.0751338 score=0.988448 valid=1 mode=tracking state=TRACKING evaluated=789 execution_us=60328 reason=tracking_pose_accepted
x=6.3496 y=4.35013 yaw=-0.076068 score=0.985446 valid=1 mode=tracking state=TRACKING evaluated=789 execution_us=50565 reason=tracking_pose_accepted
x=6.3496 y=4.35013 yaw=-0.0770022 score=0.986693 valid=1 mode=tracking state=TRACKING evaluated=789 execution_us=50762 reason=tracking_pose_accepted
x=6.3496 y=4.35013 yaw=-0.0779364 score=0.987481 valid=1 mode=tracking state=TRACKING evaluated=789 execution_us=57540 reason=tracking_pose_accepted
x=6.3496 y=4.35013 yaw=-0.0788706 score=0.980789 valid=1 mode=tracking state=TRACKING evaluated=789 execution_us=57656 reason=tracking_pose_accepted
x=6.3496 y=4.35013 yaw=-0.0798047 score=0.982695 valid=1 mode=tracking state=TRACKING evaluated=789 execution_us=58013 reason=tracking_pose_accepted
x=6.34959 y=4.35013 yaw=-0.0807389 score=0.982672 valid=1 mode=tracking state=TRACKING evaluated=789 execution_us=57862 reason=tracking_pose_accepted
x=6.34959 y=4.35013 yaw=-0.0816731 score=0.988337 valid=1 mode=tracking state=TRACKING evaluated=789 execution_us=58678 reason=tracking_pose_accepted
x=6.34959 y=4.35013 yaw=-0.0826073 score=0.986016 valid=1 mode=tracking state=TRACKING evaluated=789 execution_us=65038 reason=tracking_pose_accepted
x=6.34959 y=4.40013 yaw=-0.0660882 score=0.989332 valid=1 mode=tracking state=TRACKING evaluated=789 execution_us=51184 reason=tracking_pose_accepted
x=6.34959 y=4.40013 yaw=-0.0670224 score=0.99242 valid=1 mode=tracking state=TRACKING evaluated=789 execution_us=51593 reason=tracking_pose_accepted
x=6.34959 y=4.40013 yaw=-0.0679565 score=0.992723 valid=1 mode=tracking state=TRACKING evaluated=789 execution_us=51573 reason=tracking_pose_accepted
x=6.34959 y=4.35013 yaw=-0.086344 score=0.984767 valid=1 mode=tracking state=TRACKING evaluated=789 execution_us=52061 reason=tracking_pose_accepted
x=6.34959 y=4.35013 yaw=-0.0698249 score=0.989442 valid=1 mode=tracking state=TRACKING evaluated=789 execution_us=51184 reason=tracking_pose_accepted
x=6.34959 y=4.35013 yaw=-0.070759 score=0.988175 valid=1 mode=tracking state=TRACKING evaluated=789 execution_us=58535 reason=tracking_pose_accepted
x=6.34959 y=4.40013 yaw=-0.0716932 score=0.990856 valid=1 mode=tracking state=TRACKING evaluated=789 execution_us=59341 reason=tracking_pose_accepted
x=6.34959 y=4.40013 yaw=-0.0726274 score=0.991792 valid=1 mode=tracking state=TRACKING evaluated=789 execution_us=58616 reason=tracking_pose_accepted
x=6.34959 y=4.40013 yaw=-0.0735616 score=0.99151 valid=1 mode=tracking state=TRACKING evaluated=789 execution_us=59065 reason=tracking_pose_accepted
x=6.34959 y=4.35013 yaw=-0.0744958 score=0.988175 valid=1 mode=tracking state=TRACKING evaluated=789 execution_us=59535 reason=tracking_pose_accepted
x=6.34959 y=4.35013 yaw=-0.0754299 score=0.985864 valid=1 mode=tracking state=TRACKING evaluated=789 execution_us=58876 reason=tracking_pose_accepted
x=6.34959 y=4.35013 yaw=-0.0763641 score=0.985675 valid=1 mode=tracking state=TRACKING evaluated=789 execution_us=52252 reason=tracking_pose_accepted
x=6.34959 y=4.35013 yaw=-0.0772983 score=0.983751 valid=1 mode=tracking state=TRACKING evaluated=789 execution_us=52848 reason=tracking_pose_accepted
x=6.34959 y=4.35013 yaw=-0.0782325 score=0.981592 valid=1 mode=tracking state=TRACKING evaluated=789 execution_us=52897 reason=tracking_pose_accepted
x=6.34959 y=4.35013 yaw=-0.0791667 score=0.981408 valid=1 mode=tracking state=TRACKING evaluated=789 execution_us=52992 reason=tracking_pose_accepted
x=6.34959 y=4.35013 yaw=-0.0801009 score=0.982454 valid=1 mode=tracking state=TRACKING evaluated=789 execution_us=52692 reason=tracking_pose_accepted
x=6.34959 y=4.35013 yaw=-0.081035 score=0.985449 valid=1 mode=tracking state=TRACKING evaluated=789 execution_us=56562 reason=tracking_pose_accepted
x=6.34959 y=4.35013 yaw=-0.0819692 score=0.987457 valid=1 mode=tracking state=TRACKING evaluated=789 execution_us=57490 reason=tracking_pose_accepted
x=6.34958 y=4.35013 yaw=-0.0829034 score=0.986542 valid=1 mode=tracking state=TRACKING evaluated=789 execution_us=57060 reason=tracking_pose_accepted
x=6.34958 y=4.40013 yaw=-0.0663843 score=0.983999 valid=1 mode=tracking state=TRACKING evaluated=789 execution_us=56795 reason=tracking_pose_accepted
x=6.34958 y=4.40013 yaw=-0.0673185 score=0.986355 valid=1 mode=tracking state=TRACKING evaluated=789 execution_us=57129 reason=tracking_pose_accepted
x=6.34958 y=4.40013 yaw=-0.0682527 score=0.989968 valid=1 mode=tracking state=TRACKING evaluated=789 execution_us=57130 reason=tracking_pose_accepted
x=6.34958 y=4.35013 yaw=-0.0691868 score=0.986727 valid=1 mode=tracking state=TRACKING evaluated=789 execution_us=54922 reason=tracking_pose_accepted
x=6.34958 y=4.40013 yaw=-0.070121 score=0.989664 valid=1 mode=tracking state=TRACKING evaluated=789 execution_us=53974 reason=tracking_pose_accepted
x=6.34958 y=4.40013 yaw=-0.0710552 score=0.989994 valid=1 mode=tracking state=TRACKING evaluated=789 execution_us=54320 reason=tracking_pose_accepted
x=6.34958 y=4.40013 yaw=-0.0719894 score=0.990856 valid=1 mode=tracking state=TRACKING evaluated=789 execution_us=54757 reason=tracking_pose_accepted
x=6.34958 y=4.40013 yaw=-0.0729236 score=0.989442 valid=1 mode=tracking state=TRACKING evaluated=789 execution_us=54651 reason=tracking_pose_accepted
x=6.34958 y=4.35013 yaw=-0.0738578 score=0.98784 valid=1 mode=tracking state=TRACKING evaluated=789 execution_us=57928 reason=tracking_pose_accepted
x=6.34958 y=4.35013 yaw=-0.0747919 score=0.988175 valid=1 mode=tracking state=TRACKING evaluated=789 execution_us=59064 reason=tracking_pose_accepted
x=6.34958 y=4.35013 yaw=-0.0757261 score=0.986507 valid=1 mode=tracking state=TRACKING evaluated=789 execution_us=58820 reason=tracking_pose_accepted
x=6.34958 y=4.35013 yaw=-0.0766603 score=0.983323 valid=1 mode=tracking state=TRACKING evaluated=789 execution_us=59235 reason=tracking_pose_accepted
x=6.34958 y=4.35013 yaw=-0.0775945 score=0.983366 valid=1 mode=tracking state=TRACKING evaluated=789 execution_us=59351 reason=tracking_pose_accepted
x=6.34958 y=4.35013 yaw=-0.0785287 score=0.981193 valid=1 mode=tracking state=TRACKING evaluated=789 execution_us=58923 reason=tracking_pose_accepted
x=6.34958 y=4.35013 yaw=-0.0794629 score=0.983669 valid=1 mode=tracking state=TRACKING evaluated=789 execution_us=56246 reason=tracking_pose_accepted
x=6.34958 y=4.35013 yaw=-0.080397 score=0.986884 valid=1 mode=tracking state=TRACKING evaluated=789 execution_us=55661 reason=tracking_pose_accepted
x=6.34958 y=4.35013 yaw=-0.0813312 score=0.985067 valid=1 mode=tracking state=TRACKING evaluated=789 execution_us=56175 reason=tracking_pose_accepted
x=6.34958 y=4.35013 yaw=-0.0822654 score=0.986884 valid=1 mode=tracking state=TRACKING evaluated=789 execution_us=56227 reason=tracking_pose_accepted
x=6.34958 y=4.35013 yaw=-0.0831996 score=0.980088 valid=1 mode=tracking state=TRACKING evaluated=789 execution_us=55921 reason=tracking_pose_accepted
x=6.34958 y=4.35013 yaw=-0.0841338 score=0.982404 valid=1 mode=tracking state=TRACKING evaluated=789 execution_us=55938 reason=tracking_pose_accepted
x=6.34957 y=4.40013 yaw=-0.0676147 score=0.988537 valid=1 mode=tracking state=TRACKING evaluated=789 execution_us=59833 reason=tracking_pose_accepted
x=6.34957 y=4.40013 yaw=-0.0685488 score=0.986995 valid=1 mode=tracking state=TRACKING evaluated=789 execution_us=60358 reason=tracking_pose_accepted
x=6.34957 y=4.35013 yaw=-0.069483 score=0.988723 valid=1 mode=tracking state=TRACKING evaluated=789 execution_us=60819 reason=tracking_pose_accepted
x=6.34957 y=4.40013 yaw=-0.0704172 score=0.989097 valid=1 mode=tracking state=TRACKING evaluated=789 execution_us=49717 reason=tracking_pose_accepted
x=6.34957 y=4.40013 yaw=-0.0713514 score=0.990856 valid=1 mode=tracking state=TRACKING evaluated=789 execution_us=63363 reason=tracking_pose_accepted
x=6.34957 y=4.40013 yaw=-0.0722856 score=0.988537 valid=1 mode=tracking state=TRACKING evaluated=789 execution_us=50816 reason=tracking_pose_accepted
x=6.34957 y=4.35013 yaw=-0.0732197 score=0.988418 valid=1 mode=tracking state=TRACKING evaluated=789 execution_us=57354 reason=tracking_pose_accepted
x=6.34957 y=4.35013 yaw=-0.0741539 score=0.988478 valid=1 mode=tracking state=TRACKING evaluated=789 execution_us=56845 reason=tracking_pose_accepted
x=6.34957 y=4.35013 yaw=-0.0750881 score=0.988793 valid=1 mode=tracking state=TRACKING evaluated=789 execution_us=57235 reason=tracking_pose_accepted
x=6.34957 y=4.35013 yaw=-0.0760223 score=0.985294 valid=1 mode=tracking state=TRACKING evaluated=789 execution_us=57359 reason=tracking_pose_accepted
x=6.34957 y=4.35013 yaw=-0.0769565 score=0.983406 valid=1 mode=tracking state=TRACKING evaluated=789 execution_us=58203 reason=tracking_pose_accepted
x=6.34957 y=4.35013 yaw=-0.0778907 score=0.983542 valid=1 mode=tracking state=TRACKING evaluated=789 execution_us=64141 reason=tracking_pose_accepted
x=6.34957 y=4.35013 yaw=-0.0788248 score=0.983277 valid=1 mode=tracking state=TRACKING evaluated=789 execution_us=50385 reason=tracking_pose_accepted
x=6.34957 y=4.35013 yaw=-0.079759 score=0.986013 valid=1 mode=tracking state=TRACKING evaluated=789 execution_us=51910 reason=tracking_pose_accepted
x=6.34957 y=4.35013 yaw=-0.0806932 score=0.983584 valid=1 mode=tracking state=TRACKING evaluated=789 execution_us=50601 reason=tracking_pose_accepted
x=6.34957 y=4.35013 yaw=-0.0816274 score=0.986651 valid=1 mode=tracking state=TRACKING evaluated=789 execution_us=51394 reason=tracking_pose_accepted
x=6.34957 y=4.35013 yaw=-0.0825616 score=0.983887 valid=1 mode=tracking state=TRACKING evaluated=789 execution_us=51557 reason=tracking_pose_accepted
x=6.34957 y=4.35013 yaw=-0.0834958 score=0.98628 valid=1 mode=tracking state=TRACKING evaluated=789 execution_us=58271 reason=tracking_pose_accepted
x=6.34957 y=4.40013 yaw=-0.0669767 score=0.987632 valid=1 mode=tracking state=TRACKING evaluated=789 execution_us=58379 reason=tracking_pose_accepted
x=6.34957 y=4.40013 yaw=-0.0679108 score=0.989028 valid=1 mode=tracking state=TRACKING evaluated=789 execution_us=58303 reason=tracking_pose_accepted
x=6.34957 y=4.40013 yaw=-0.068845 score=0.987113 valid=1 mode=tracking state=TRACKING evaluated=789 execution_us=58731 reason=tracking_pose_accepted
x=6.34956 y=4.40013 yaw=-0.0697792 score=0.990649 valid=1 mode=tracking state=TRACKING evaluated=789 execution_us=59609 reason=tracking_pose_accepted
x=6.34956 y=4.40013 yaw=-0.0707134 score=0.990322 valid=1 mode=tracking state=TRACKING evaluated=789 execution_us=58657 reason=tracking_pose_accepted
x=6.34956 y=4.40013 yaw=-0.0716476 score=0.990222 valid=1 mode=tracking state=TRACKING evaluated=789 execution_us=52034 reason=tracking_pose_accepted
x=6.34956 y=4.40013 yaw=-0.0725817 score=0.988508 valid=1 mode=tracking state=TRACKING evaluated=789 execution_us=51941 reason=tracking_pose_accepted
x=6.34956 y=4.40013 yaw=-0.0735159 score=0.988723 valid=1 mode=tracking state=TRACKING evaluated=789 execution_us=52371 reason=tracking_pose_accepted
x=6.34956 y=4.35013 yaw=-0.0744501 score=0.988537 valid=1 mode=tracking state=TRACKING evaluated=789 execution_us=52900 reason=tracking_pose_accepted
x=6.34956 y=4.35013 yaw=-0.0753843 score=0.981854 valid=1 mode=tracking state=TRACKING evaluated=789 execution_us=53976 reason=tracking_pose_accepted
x=6.34956 y=4.35013 yaw=-0.0763185 score=0.986851 valid=1 mode=tracking state=TRACKING evaluated=789 execution_us=59794 reason=tracking_pose_accepted
x=6.34956 y=4.35013 yaw=-0.0772527 score=0.98328 valid=1 mode=tracking state=TRACKING evaluated=789 execution_us=57074 reason=tracking_pose_accepted
x=6.34956 y=4.35013 yaw=-0.0781868 score=0.982973 valid=1 mode=tracking state=TRACKING evaluated=789 execution_us=56211 reason=tracking_pose_accepted
x=6.34956 y=4.35013 yaw=-0.079121 score=0.986918 valid=1 mode=tracking state=TRACKING evaluated=789 execution_us=56551 reason=tracking_pose_accepted
x=6.34956 y=4.35013 yaw=-0.0800552 score=0.98393 valid=1 mode=tracking state=TRACKING evaluated=789 execution_us=57434 reason=tracking_pose_accepted
x=6.34956 y=4.35013 yaw=-0.0809894 score=0.982969 valid=1 mode=tracking state=TRACKING evaluated=789 execution_us=56762 reason=tracking_pose_accepted
x=6.34956 y=4.35013 yaw=-0.0819236 score=0.983971 valid=1 mode=tracking state=TRACKING evaluated=789 execution_us=54061 reason=tracking_pose_accepted
x=6.34956 y=4.35013 yaw=-0.0828578 score=0.986891 valid=1 mode=tracking state=TRACKING evaluated=789 execution_us=54475 reason=tracking_pose_accepted
x=6.34956 y=4.35013 yaw=-0.0837919 score=0.985711 valid=1 mode=tracking state=TRACKING evaluated=789 execution_us=54036 reason=tracking_pose_accepted
x=6.34956 y=4.40013 yaw=-0.0672728 score=0.98708 valid=1 mode=tracking state=TRACKING evaluated=789 execution_us=54385 reason=tracking_pose_accepted
x=6.34956 y=4.40013 yaw=-0.068207 score=0.989968 valid=1 mode=tracking state=TRACKING evaluated=789 execution_us=53934 reason=tracking_pose_accepted
x=6.34956 y=4.40013 yaw=-0.0691412 score=0.990856 valid=1 mode=tracking state=TRACKING evaluated=789 execution_us=53998 reason=tracking_pose_accepted
x=6.34956 y=4.40013 yaw=-0.0700754 score=0.99088 valid=1 mode=tracking state=TRACKING evaluated=789 execution_us=58343 reason=tracking_pose_accepted
x=6.34956 y=4.40013 yaw=-0.0710095 score=0.988839 valid=1 mode=tracking state=TRACKING evaluated=789 execution_us=58374 reason=tracking_pose_accepted
x=6.34955 y=4.40013 yaw=-0.0719437 score=0.989305 valid=1 mode=tracking state=TRACKING evaluated=789 execution_us=57919 reason=tracking_pose_accepted
x=6.34955 y=4.40013 yaw=-0.0728779 score=0.988537 valid=1 mode=tracking state=TRACKING evaluated=789 execution_us=59028 reason=tracking_pose_accepted
x=6.34955 y=4.35013 yaw=-0.0738121 score=0.988185 valid=1 mode=tracking state=TRACKING evaluated=789 execution_us=58577 reason=tracking_pose_accepted
x=6.34955 y=4.35013 yaw=-0.0747463 score=0.985294 valid=1 mode=tracking state=TRACKING evaluated=789 execution_us=64108 reason=tracking_pose_accepted
x=6.34955 y=4.35013 yaw=-0.0756805 score=0.984991 valid=1 mode=tracking state=TRACKING evaluated=789 execution_us=55201 reason=tracking_pose_accepted
x=6.34955 y=4.40013 yaw=-0.0766146 score=0.983929 valid=1 mode=tracking state=TRACKING evaluated=789 execution_us=54681 reason=tracking_pose_accepted
x=6.34955 y=4.40013 yaw=-0.0775488 score=0.983122 valid=1 mode=tracking state=TRACKING evaluated=789 execution_us=56245 reason=tracking_pose_accepted
x=6.34955 y=4.35013 yaw=-0.078483 score=0.983709 valid=1 mode=tracking state=TRACKING evaluated=789 execution_us=55163 reason=tracking_pose_accepted
x=6.34955 y=4.35013 yaw=-0.0794172 score=0.983323 valid=1 mode=tracking state=TRACKING evaluated=789 execution_us=55363 reason=tracking_pose_accepted
x=6.34955 y=4.35013 yaw=-0.0803514 score=0.983013 valid=1 mode=tracking state=TRACKING evaluated=789 execution_us=62455 reason=tracking_pose_accepted
x=6.34955 y=4.35013 yaw=-0.0812856 score=0.985715 valid=1 mode=tracking state=TRACKING evaluated=789 execution_us=59294 reason=tracking_pose_accepted
x=6.34955 y=4.35013 yaw=-0.0822197 score=0.983669 valid=1 mode=tracking state=TRACKING evaluated=789 execution_us=59668 reason=tracking_pose_accepted
x=6.34955 y=4.35013 yaw=-0.0831539 score=0.984191 valid=1 mode=tracking state=TRACKING evaluated=789 execution_us=59054 reason=tracking_pose_accepted
x=6.34955 y=4.35013 yaw=-0.0840881 score=0.983969 valid=1 mode=tracking state=TRACKING evaluated=789 execution_us=59619 reason=tracking_pose_accepted
x=6.34955 y=4.40013 yaw=-0.067569 score=0.989388 valid=1 mode=tracking state=TRACKING evaluated=789 execution_us=60038 reason=tracking_pose_accepted
x=6.34955 y=4.40013 yaw=-0.0685032 score=0.989388 valid=1 mode=tracking state=TRACKING evaluated=789 execution_us=56246 reason=tracking_pose_accepted
x=6.34955 y=4.40013 yaw=-0.0694374 score=0.990297 valid=1 mode=tracking state=TRACKING evaluated=789 execution_us=55979 reason=tracking_pose_accepted
x=6.34955 y=4.40013 yaw=-0.0703715 score=0.989731 valid=1 mode=tracking state=TRACKING evaluated=789 execution_us=56494 reason=tracking_pose_accepted
x=6.34955 y=4.40013 yaw=-0.0713057 score=0.989994 valid=1 mode=tracking state=TRACKING evaluated=789 execution_us=55723 reason=tracking_pose_accepted
x=6.34955 y=4.40013 yaw=-0.0722399 score=0.990552 valid=1 mode=tracking state=TRACKING evaluated=789 execution_us=56116 reason=tracking_pose_accepted
x=6.34955 y=4.40013 yaw=-0.0731741 score=0.988508 valid=1 mode=tracking state=TRACKING evaluated=789 execution_us=56174 reason=tracking_pose_accepted
x=6.34954 y=4.35013 yaw=-0.0741083 score=0.985864 valid=1 mode=tracking state=TRACKING evaluated=789 execution_us=60777 reason=tracking_pose_accepted
x=6.34954 y=4.35013 yaw=-0.0750425 score=0.985523 valid=1 mode=tracking state=TRACKING evaluated=789 execution_us=50154 reason=tracking_pose_accepted
mission_command=STOP
x=6.34954 y=4.40013 yaw=-0.0759766 score=0.986209 valid=1 mode=tracking state=TRACKING evaluated=789 execution_us=60355 reason=tracking_pose_accepted
[YDLIDAR] Now lidar scanning has stopped!
lidar_state=STOPPED
signal_handler(15)
