mission_command=START
[YDLIDAR] SDK initializing
[YDLIDAR] SDK has been initialized
[YDLIDAR] SDK Version: 1.2.7
[YDLIDAR] Lidar successfully connected [/dev/ttyS3:230400]
[YDLIDAR] Lidar running correctly! The health status: good
Current Lidar Model Code 151
[YDLIDAR] Baseplate device info
Firmware version: 1.2
Hardware version: 1
Model: Tmini Plus
Serial: 2025042300090381
[YDLIDAR] Current scan frequency: 10.00Hz
[YDLIDAR] Current scan frequency: 10.00Hz
[YDLIDAR] Lidar init success, Elapsed time 1033 ms
[YDLIDAR] Create thread 0xA69C74C0
[YDLIDAR] Successed to start scan mode, Elapsed time 2097 ms
[YDLIDAR] Scan Frequency: 10.00Hz
[YDLIDAR] Fixed Size: 400
[YDLIDAR] Sample Rate: 4.00K
[YDLIDAR] Successed to check the lidar, Elapsed time 0 ms
[2026-07-24 00:18:02][info] [YDLIDAR] Now lidar is scanning...
lidar_state=RUNNING
x=6.2 y=4.6 yaw=1.19991 score=0.993808 valid=1 mode=global state=RECOVERED evaluated=15444 execution_us=517032 reason=initial_global_pose_accepted
x=6.2 y=4.6 yaw=1.19898 score=0.980311 valid=1 mode=tracking state=RECOVERED evaluated=789 execution_us=29720 reason=recovery_confirmation_pending
x=6.25 y=4.6 yaw=1.09333 score=0.909967 valid=1 mode=tracking state=RECOVERED evaluated=789 execution_us=27914 reason=recovery_confirmation_pending
x=6.25 y=4.6 yaw=1.1273 score=0.959861 valid=1 mode=tracking state=TRACKING evaluated=789 execution_us=27868 reason=recovery_confirmed
x=6.25 y=4.6 yaw=1.02164 score=0.845474 valid=0 mode=tracking state=DEGRADED evaluated=789 execution_us=27696 reason=tracking_score_below_threshold
x=6.25 y=4.6 yaw=1.16127 score=0.978992 valid=1 mode=tracking state=TRACKING evaluated=789 execution_us=27578 reason=tracking_quality_restored
x=6.2 y=4.6 yaw=1.05562 score=0.85884 valid=0 mode=tracking state=DEGRADED evaluated=789 execution_us=27974 reason=tracking_score_below_threshold
x=6.25 y=4.6 yaw=1.05562 score=0.869134 valid=0 mode=tracking state=DEGRADED evaluated=789 execution_us=28200 reason=tracking_score_below_threshold
x=6.2 y=4.6 yaw=1.03816 score=0.861683 valid=0 mode=tracking state=LOST evaluated=789 execution_us=27581 reason=rejection_limit_reached
x=6.2 y=4.6 yaw=1.22173 score=0.98324 valid=1 mode=global state=RECOVERED evaluated=15444 execution_us=547200 reason=global_relocalization_accepted
x=6.25 y=4.55 yaw=1.18589 score=0.979239 valid=1 mode=tracking state=RECOVERED evaluated=789 execution_us=28619 reason=recovery_confirmation_pending
x=6.2 y=4.55 yaw=1.08024 score=0.88698 valid=0 mode=tracking state=DEGRADED evaluated=789 execution_us=28992 reason=tracking_score_below_threshold
x=6.2 y=4.55 yaw=1.08024 score=0.887876 valid=0 mode=tracking state=DEGRADED evaluated=789 execution_us=27918 reason=tracking_score_below_threshold
x=6.25 y=4.6 yaw=1.08024 score=0.885863 valid=0 mode=tracking state=LOST evaluated=789 execution_us=27682 reason=rejection_limit_reached
x=6.2 y=4.55 yaw=1.19991 score=0.982771 valid=1 mode=global state=RECOVERED evaluated=15444 execution_us=543197 reason=global_relocalization_accepted
x=6.25 y=4.6 yaw=1.09426 score=0.918905 valid=1 mode=tracking state=RECOVERED evaluated=789 execution_us=29813 reason=recovery_confirmation_pending
x=6.25 y=4.6 yaw=1.12823 score=0.960817 valid=1 mode=tracking state=RECOVERED evaluated=789 execution_us=28957 reason=recovery_confirmation_pending
x=6.25 y=4.6 yaw=1.02258 score=0.843023 valid=0 mode=tracking state=DEGRADED evaluated=789 execution_us=27529 reason=tracking_score_below_threshold
x=6.25 y=4.6 yaw=1.02258 score=0.844909 valid=0 mode=tracking state=DEGRADED evaluated=789 execution_us=28017 reason=tracking_score_below_threshold
x=6.2 y=4.6 yaw=1.02258 score=0.844258 valid=0 mode=tracking state=LOST evaluated=789 execution_us=27359 reason=rejection_limit_reached
x=6.2 y=4.6 yaw=1.22173 score=0.98204 valid=1 mode=global state=RECOVERED evaluated=15444 execution_us=543396 reason=global_relocalization_accepted
x=6.2 y=4.6 yaw=1.2208 score=0.982771 valid=1 mode=tracking state=RECOVERED evaluated=789 execution_us=28601 reason=recovery_confirmation_pending
x=6.2 y=4.6 yaw=1.21986 score=0.983124 valid=1 mode=tracking state=RECOVERED evaluated=789 execution_us=29772 reason=recovery_confirmation_pending
x=6.2 y=4.6 yaw=1.21893 score=0.983795 valid=1 mode=tracking state=TRACKING evaluated=789 execution_us=27942 reason=recovery_confirmed
x=6.2 y=4.55 yaw=1.18309 score=0.982345 valid=1 mode=tracking state=TRACKING evaluated=789 execution_us=27533 reason=tracking_pose_accepted
x=6.2 y=4.55 yaw=1.19961 score=0.983756 valid=1 mode=tracking state=TRACKING evaluated=789 execution_us=27561 reason=tracking_pose_accepted
x=6.25 y=4.6 yaw=1.09395 score=0.911311 valid=1 mode=tracking state=TRACKING evaluated=789 execution_us=28091 reason=tracking_pose_accepted
x=6.25 y=4.6 yaw=1.12793 score=0.971291 valid=1 mode=tracking state=TRACKING evaluated=789 execution_us=27574 reason=tracking_pose_accepted
x=6.25 y=4.6 yaw=1.02227 score=0.839702 valid=0 mode=tracking state=DEGRADED evaluated=789 execution_us=28172 reason=tracking_score_below_threshold
x=6.2 y=4.6 yaw=1.02227 score=0.844483 valid=0 mode=tracking state=DEGRADED evaluated=789 execution_us=27694 reason=tracking_score_below_threshold
x=6.25 y=4.6 yaw=1.02227 score=0.836942 valid=0 mode=tracking state=LOST evaluated=789 execution_us=27541 reason=rejection_limit_reached
x=6.25 y=4.55 yaw=1.1781 score=0.983799 valid=1 mode=global state=RECOVERED evaluated=15444 execution_us=538053 reason=global_relocalization_accepted
x=6.2 y=4.55 yaw=1.07244 score=0.878968 valid=0 mode=tracking state=DEGRADED evaluated=789 execution_us=29634 reason=tracking_score_below_threshold
x=6.25 y=4.6 yaw=1.07244 score=0.880975 valid=0 mode=tracking state=DEGRADED evaluated=789 execution_us=28343 reason=tracking_score_below_threshold
x=6.25 y=4.55 yaw=1.07244 score=0.881615 valid=0 mode=tracking state=LOST evaluated=789 execution_us=27685 reason=rejection_limit_reached
x=6.2 y=4.6 yaw=1.19991 score=0.982823 valid=1 mode=global state=RECOVERED evaluated=15444 execution_us=549794 reason=global_relocalization_accepted
x=6.25 y=4.6 yaw=1.09426 score=0.919467 valid=1 mode=tracking state=RECOVERED evaluated=789 execution_us=28186 reason=recovery_confirmation_pending
x=6.25 y=4.6 yaw=1.12823 score=0.965633 valid=1 mode=tracking state=RECOVERED evaluated=789 execution_us=29080 reason=recovery_confirmation_pending
x=6.25 y=4.6 yaw=1.02258 score=0.841346 valid=0 mode=tracking state=DEGRADED evaluated=789 execution_us=28090 reason=tracking_score_below_threshold
x=6.25 y=4.6 yaw=1.02258 score=0.838183 valid=0 mode=tracking state=DEGRADED evaluated=789 execution_us=28437 reason=tracking_score_below_threshold
x=6.2 y=4.6 yaw=1.02258 score=0.846532 valid=0 mode=tracking state=LOST evaluated=789 execution_us=27582 reason=rejection_limit_reached
x=6.25 y=4.55 yaw=1.1781 score=0.978785 valid=1 mode=global state=RECOVERED evaluated=15444 execution_us=554999 reason=global_relocalization_accepted
x=6.2 y=4.55 yaw=1.07244 score=0.87861 valid=0 mode=tracking state=DEGRADED evaluated=789 execution_us=29131 reason=tracking_score_below_threshold
x=6.25 y=4.55 yaw=1.07244 score=0.882595 valid=0 mode=tracking state=DEGRADED evaluated=789 execution_us=29506 reason=tracking_score_below_threshold
x=6.25 y=4.55 yaw=1.07244 score=0.876471 valid=0 mode=tracking state=LOST evaluated=789 execution_us=27685 reason=rejection_limit_reached
x=6.2 y=4.6 yaw=1.19991 score=0.978865 valid=1 mode=global state=RECOVERED evaluated=15444 execution_us=554808 reason=global_relocalization_accepted
x=6.2 y=4.6 yaw=1.21643 score=0.983471 valid=1 mode=tracking state=RECOVERED evaluated=789 execution_us=30795 reason=recovery_confirmation_pending
x=6.25 y=4.55 yaw=1.18059 score=0.987255 valid=1 mode=tracking state=RECOVERED evaluated=789 execution_us=29087 reason=recovery_confirmation_pending
x=6.25 y=4.55 yaw=1.07494 score=0.885784 valid=0 mode=tracking state=DEGRADED evaluated=789 execution_us=27814 reason=tracking_score_below_threshold
x=6.25 y=4.6 yaw=1.07494 score=0.879631 valid=0 mode=tracking state=DEGRADED evaluated=789 execution_us=28011 reason=tracking_score_below_threshold
x=6.25 y=4.55 yaw=1.07494 score=0.886291 valid=0 mode=tracking state=LOST evaluated=789 execution_us=27677 reason=rejection_limit_reached
x=6.2 y=4.6 yaw=1.19991 score=0.982337 valid=1 mode=global state=RECOVERED evaluated=15444 execution_us=549447 reason=global_relocalization_accepted
x=6.25 y=4.6 yaw=1.09426 score=0.915743 valid=1 mode=tracking state=RECOVERED evaluated=789 execution_us=29213 reason=recovery_confirmation_pending
x=6.25 y=4.6 yaw=1.12823 score=0.963843 valid=1 mode=tracking state=RECOVERED evaluated=789 execution_us=29002 reason=recovery_confirmation_pending
x=6.25 y=4.6 yaw=1.02258 score=0.84232 valid=0 mode=tracking state=DEGRADED evaluated=789 execution_us=27615 reason=tracking_score_below_threshold
x=6.2 y=4.6 yaw=1.02258 score=0.839694 valid=0 mode=tracking state=DEGRADED evaluated=789 execution_us=27691 reason=tracking_score_below_threshold
x=6.2 y=4.55 yaw=1.1622 score=0.979331 valid=1 mode=tracking state=TRACKING evaluated=789 execution_us=28667 reason=tracking_quality_restored
x=6.2 y=4.55 yaw=1.17872 score=0.982013 valid=1 mode=tracking state=TRACKING evaluated=789 execution_us=28056 reason=tracking_pose_accepted
x=6.2 y=4.55 yaw=1.17779 score=0.982499 valid=1 mode=tracking state=TRACKING evaluated=789 execution_us=27910 reason=tracking_pose_accepted
x=6.25 y=4.55 yaw=1.19431 score=0.983714 valid=1 mode=tracking state=TRACKING evaluated=789 execution_us=27995 reason=tracking_pose_accepted
x=6.25 y=4.55 yaw=1.08866 score=0.901797 valid=1 mode=tracking state=TRACKING evaluated=789 execution_us=27782 reason=tracking_pose_accepted
x=6.25 y=4.6 yaw=1.12263 score=0.94943 valid=1 mode=tracking state=TRACKING evaluated=789 execution_us=27787 reason=tracking_pose_accepted
x=6.2 y=4.6 yaw=1.1566 score=0.971042 valid=1 mode=tracking state=TRACKING evaluated=789 execution_us=28552 reason=tracking_pose_accepted
x=6.2 y=4.6 yaw=1.22548 score=0.982571 valid=1 mode=tracking state=TRACKING evaluated=789 execution_us=28179 reason=tracking_pose_accepted
x=6.2 y=4.6 yaw=1.22455 score=0.9831 valid=1 mode=tracking state=TRACKING evaluated=789 execution_us=27726 reason=tracking_pose_accepted
x=6.19999 y=4.6 yaw=1.18871 score=0.980878 valid=1 mode=tracking state=TRACKING evaluated=789 execution_us=28165 reason=tracking_pose_accepted
x=6.24999 y=4.6 yaw=1.08305 score=0.890524 valid=0 mode=tracking state=DEGRADED evaluated=789 execution_us=28032 reason=tracking_score_below_threshold
x=6.19999 y=4.54999 yaw=1.18777 score=0.980539 valid=1 mode=tracking state=TRACKING evaluated=789 execution_us=28455 reason=tracking_quality_restored
x=6.24999 y=4.54999 yaw=1.18684 score=0.984002 valid=1 mode=tracking state=TRACKING evaluated=789 execution_us=28076 reason=tracking_pose_accepted
x=6.19999 y=4.54999 yaw=1.08118 score=0.887472 valid=0 mode=tracking state=DEGRADED evaluated=789 execution_us=27642 reason=tracking_score_below_threshold
x=6.19999 y=4.54999 yaw=1.08118 score=0.890425 valid=0 mode=tracking state=DEGRADED evaluated=789 execution_us=28164 reason=tracking_score_below_threshold
x=6.29999 y=4.54999 yaw=1.04628 score=0.861362 valid=0 mode=tracking state=LOST evaluated=789 execution_us=27701 reason=rejection_limit_reached
x=6.25 y=4.55 yaw=1.1781 score=0.98267 valid=1 mode=global state=RECOVERED evaluated=15444 execution_us=550637 reason=global_relocalization_accepted
x=6.2 y=4.55 yaw=1.07244 score=0.877103 valid=0 mode=tracking state=DEGRADED evaluated=789 execution_us=29459 reason=tracking_score_below_threshold
x=6.2 y=4.6 yaw=1.03754 score=0.842268 valid=0 mode=tracking state=DEGRADED evaluated=789 execution_us=28728 reason=tracking_score_below_threshold
x=6.2 y=4.55 yaw=1.07244 score=0.881225 valid=0 mode=tracking state=LOST evaluated=789 execution_us=27543 reason=rejection_limit_reached
x=6.25 y=4.55 yaw=1.1781 score=0.984002 valid=1 mode=global state=RECOVERED evaluated=15444 execution_us=543258 reason=global_relocalization_accepted
x=6.2 y=4.55 yaw=1.07244 score=0.878222 valid=0 mode=tracking state=DEGRADED evaluated=789 execution_us=30118 reason=tracking_score_below_threshold
x=6.2 y=4.55 yaw=1.07244 score=0.876951 valid=0 mode=tracking state=DEGRADED evaluated=789 execution_us=29017 reason=tracking_score_below_threshold
x=6.25 y=4.55 yaw=1.07244 score=0.885306 valid=0 mode=tracking state=LOST evaluated=789 execution_us=27462 reason=rejection_limit_reached
x=6.2 y=4.6 yaw=1.22173 score=0.979908 valid=1 mode=global state=RECOVERED evaluated=15444 execution_us=551995 reason=global_relocalization_accepted
x=6.2 y=4.55 yaw=1.2208 score=0.982908 valid=1 mode=tracking state=RECOVERED evaluated=789 execution_us=28849 reason=recovery_confirmation_pending
x=6.2 y=4.6 yaw=1.11514 score=0.937514 valid=1 mode=tracking state=RECOVERED evaluated=789 execution_us=29156 reason=recovery_confirmation_pending
x=6.2 y=4.6 yaw=1.21893 score=0.983309 valid=1 mode=tracking state=TRACKING evaluated=789 execution_us=27893 reason=recovery_confirmed
x=6.2 y=4.6 yaw=1.21799 score=0.981775 valid=1 mode=tracking state=TRACKING evaluated=789 execution_us=27796 reason=tracking_pose_accepted
x=6.2 y=4.6 yaw=1.21706 score=0.983402 valid=1 mode=tracking state=TRACKING evaluated=789 execution_us=27762 reason=tracking_pose_accepted
x=6.2 y=4.55 yaw=1.19867 score=0.983539 valid=1 mode=tracking state=TRACKING evaluated=789 execution_us=28013 reason=tracking_pose_accepted
x=6.25 y=4.6 yaw=1.09302 score=0.91955 valid=1 mode=tracking state=TRACKING evaluated=789 execution_us=27547 reason=tracking_pose_accepted
x=6.25 y=4.6 yaw=1.12699 score=0.963203 valid=1 mode=tracking state=TRACKING evaluated=789 execution_us=28081 reason=tracking_pose_accepted
x=6.25 y=4.6 yaw=1.02134 score=0.845445 valid=0 mode=tracking state=DEGRADED evaluated=789 execution_us=28288 reason=tracking_score_below_threshold
x=6.2 y=4.6 yaw=1.16096 score=0.980116 valid=1 mode=tracking state=TRACKING evaluated=789 execution_us=28478 reason=tracking_quality_restored
x=6.2 y=4.6 yaw=1.21239 score=0.977901 valid=1 mode=tracking state=TRACKING evaluated=789 execution_us=28280 reason=tracking_pose_accepted
x=6.2 y=4.6 yaw=1.21146 score=0.98219 valid=1 mode=tracking state=TRACKING evaluated=789 execution_us=27817 reason=tracking_pose_accepted
x=6.19999 y=4.6 yaw=1.21052 score=0.981851 valid=1 mode=tracking state=TRACKING evaluated=789 execution_us=28320 reason=tracking_pose_accepted
x=6.24999 y=4.55 yaw=1.17468 score=0.987796 valid=1 mode=tracking state=TRACKING evaluated=789 execution_us=28061 reason=tracking_pose_accepted
x=6.24999 y=4.6 yaw=1.06903 score=0.879847 valid=0 mode=tracking state=DEGRADED evaluated=789 execution_us=27878 reason=tracking_score_below_threshold
x=6.19999 y=4.6 yaw=1.03412 score=0.857745 valid=0 mode=tracking state=DEGRADED evaluated=789 execution_us=28070 reason=tracking_score_below_threshold
x=6.19999 y=4.55 yaw=1.06903 score=0.871692 valid=0 mode=tracking state=LOST evaluated=789 execution_us=27515 reason=rejection_limit_reached
x=6.2 y=4.6 yaw=1.22173 score=0.98219 valid=1 mode=global state=RECOVERED evaluated=15444 execution_us=545434 reason=global_relocalization_accepted
x=6.2 y=4.55 yaw=1.20334 score=0.982699 valid=1 mode=tracking state=RECOVERED evaluated=789 execution_us=28925 reason=recovery_confirmation_pending
x=6.25 y=4.6 yaw=1.09769 score=0.92252 valid=1 mode=tracking state=RECOVERED evaluated=789 execution_us=29753 reason=recovery_confirmation_pending
x=6.25 y=4.6 yaw=1.13166 score=0.961095 valid=1 mode=tracking state=TRACKING evaluated=789 execution_us=27652 reason=recovery_confirmed
x=6.25 y=4.6 yaw=1.16563 score=0.979416 valid=1 mode=tracking state=TRACKING evaluated=789 execution_us=27974 reason=tracking_pose_accepted
x=6.25 y=4.55 yaw=1.05998 score=0.870133 valid=0 mode=tracking state=DEGRADED evaluated=789 execution_us=27755 reason=tracking_score_below_threshold
x=6.25 y=4.55 yaw=1.05998 score=0.867692 valid=0 mode=tracking state=DEGRADED evaluated=789 execution_us=28184 reason=tracking_score_below_threshold
x=6.25 y=4.6 yaw=1.05998 score=0.866179 valid=0 mode=tracking state=LOST evaluated=789 execution_us=28330 reason=rejection_limit_reached
x=6.2 y=4.6 yaw=1.22173 score=0.984379 valid=1 mode=global state=RECOVERED evaluated=15444 execution_us=548254 reason=global_relocalization_accepted
x=6.2 y=4.6 yaw=1.2208 score=0.982843 valid=1 mode=tracking state=RECOVERED evaluated=789 execution_us=29871 reason=recovery_confirmation_pending
x=6.2 y=4.6 yaw=1.21986 score=0.983471 valid=1 mode=tracking state=RECOVERED evaluated=789 execution_us=29354 reason=recovery_confirmation_pending
x=6.2 y=4.55 yaw=1.21893 score=0.982003 valid=1 mode=tracking state=TRACKING evaluated=789 execution_us=28099 reason=recovery_confirmed
x=6.2 y=4.6 yaw=1.11327 score=0.931251 valid=1 mode=tracking state=TRACKING evaluated=789 execution_us=28024 reason=tracking_pose_accepted
x=6.2 y=4.6 yaw=1.21706 score=0.984379 valid=1 mode=tracking state=TRACKING evaluated=789 execution_us=27822 reason=tracking_pose_accepted
x=6.2 y=4.6 yaw=1.19867 score=0.982607 valid=1 mode=tracking state=TRACKING evaluated=789 execution_us=27631 reason=tracking_pose_accepted
x=6.25 y=4.6 yaw=1.09302 score=0.915392 valid=1 mode=tracking state=TRACKING evaluated=789 execution_us=27683 reason=tracking_pose_accepted
x=6.25 y=4.6 yaw=1.12699 score=0.957402 valid=1 mode=tracking state=TRACKING evaluated=789 execution_us=27798 reason=tracking_pose_accepted
x=6.25 y=4.6 yaw=1.02134 score=0.843347 valid=0 mode=tracking state=DEGRADED evaluated=789 execution_us=28327 reason=tracking_score_below_threshold
x=6.2 y=4.6 yaw=1.16096 score=0.977908 valid=1 mode=tracking state=TRACKING evaluated=789 execution_us=27694 reason=tracking_quality_restored
x=6.25 y=4.55 yaw=1.19494 score=0.983297 valid=1 mode=tracking state=TRACKING evaluated=789 execution_us=28969 reason=tracking_pose_accepted
x=6.25 y=4.55 yaw=1.08928 score=0.903273 valid=1 mode=tracking state=TRACKING evaluated=789 execution_us=27484 reason=tracking_pose_accepted
x=6.24999 y=4.6 yaw=1.12326 score=0.944902 valid=1 mode=tracking state=TRACKING evaluated=789 execution_us=27672 reason=tracking_pose_accepted
x=6.19999 y=4.59999 yaw=1.15723 score=0.975294 valid=1 mode=tracking state=TRACKING evaluated=789 execution_us=28315 reason=tracking_pose_accepted
x=6.19999 y=4.54999 yaw=1.22611 score=0.980033 valid=1 mode=tracking state=TRACKING evaluated=789 execution_us=27825 reason=tracking_pose_accepted
x=6.24999 y=4.59999 yaw=1.12045 score=0.944412 valid=1 mode=tracking state=TRACKING evaluated=789 execution_us=27925 reason=tracking_pose_accepted
x=6.19999 y=4.59999 yaw=1.15443 score=0.973294 valid=1 mode=tracking state=TRACKING evaluated=789 execution_us=28320 reason=tracking_pose_accepted
x=6.19999 y=4.59999 yaw=1.22331 score=0.984443 valid=1 mode=tracking state=TRACKING evaluated=789 execution_us=28139 reason=tracking_pose_accepted
x=6.19999 y=4.59999 yaw=1.22237 score=0.984867 valid=1 mode=tracking state=TRACKING evaluated=789 execution_us=28058 reason=tracking_pose_accepted
x=6.19999 y=4.54999 yaw=1.18653 score=0.982771 valid=1 mode=tracking state=TRACKING evaluated=789 execution_us=27685 reason=tracking_pose_accepted
x=6.19999 y=4.59999 yaw=1.2205 score=0.985171 valid=1 mode=tracking state=TRACKING evaluated=789 execution_us=27802 reason=tracking_pose_accepted
x=6.19999 y=4.59999 yaw=1.21957 score=0.982263 valid=1 mode=tracking state=TRACKING evaluated=789 execution_us=28551 reason=tracking_pose_accepted
x=6.19999 y=4.59999 yaw=1.21864 score=0.983471 valid=1 mode=tracking state=TRACKING evaluated=789 execution_us=28152 reason=tracking_pose_accepted
x=6.19999 y=4.54999 yaw=1.2177 score=0.982499 valid=1 mode=tracking state=TRACKING evaluated=789 execution_us=28186 reason=tracking_pose_accepted
x=6.19999 y=4.59999 yaw=1.11205 score=0.934597 valid=1 mode=tracking state=TRACKING evaluated=789 execution_us=27861 reason=tracking_pose_accepted
x=6.19999 y=4.59999 yaw=1.21583 score=0.984443 valid=1 mode=tracking state=TRACKING evaluated=789 execution_us=27878 reason=tracking_pose_accepted
x=6.19999 y=4.59999 yaw=1.2149 score=0.983471 valid=1 mode=tracking state=TRACKING evaluated=789 execution_us=27927 reason=tracking_pose_accepted
x=6.19999 y=4.59999 yaw=1.21397 score=0.984379 valid=1 mode=tracking state=TRACKING evaluated=789 execution_us=27872 reason=tracking_pose_accepted
x=6.24999 y=4.54999 yaw=1.17812 score=0.984429 valid=1 mode=tracking state=TRACKING evaluated=789 execution_us=27638 reason=tracking_pose_accepted
x=6.24999 y=4.54999 yaw=1.07247 score=0.876536 valid=0 mode=tracking state=DEGRADED evaluated=789 execution_us=28126 reason=tracking_score_below_threshold
x=6.19999 y=4.54999 yaw=1.07247 score=0.874168 valid=0 mode=tracking state=DEGRADED evaluated=789 execution_us=27799 reason=tracking_score_below_threshold
x=6.24999 y=4.54999 yaw=1.07247 score=0.882596 valid=0 mode=tracking state=LOST evaluated=789 execution_us=27861 reason=rejection_limit_reached
x=6.2 y=4.6 yaw=1.19991 score=0.98366 valid=1 mode=global state=RECOVERED evaluated=15444 execution_us=621154 reason=global_relocalization_accepted
x=6.25 y=4.6 yaw=1.09426 score=0.92056 valid=1 mode=tracking state=RECOVERED evaluated=789 execution_us=29069 reason=recovery_confirmation_pending
x=6.25 y=4.6 yaw=1.12823 score=0.960669 valid=1 mode=tracking state=RECOVERED evaluated=789 execution_us=27776 reason=recovery_confirmation_pending
x=6.2 y=4.6 yaw=1.1622 score=0.977582 valid=1 mode=tracking state=TRACKING evaluated=789 execution_us=28064 reason=recovery_confirmed
x=6.2 y=4.55 yaw=1.19618 score=0.982985 valid=1 mode=tracking state=TRACKING evaluated=789 execution_us=27844 reason=tracking_pose_accepted
x=6.25 y=4.6 yaw=1.09052 score=0.906752 valid=1 mode=tracking state=TRACKING evaluated=789 execution_us=27569 reason=tracking_pose_accepted
x=6.2 y=4.6 yaw=1.1245 score=0.956488 valid=1 mode=tracking state=TRACKING evaluated=789 execution_us=27878 reason=tracking_pose_accepted
x=6.2 y=4.55 yaw=1.19338 score=0.984248 valid=1 mode=tracking state=TRACKING evaluated=789 execution_us=27522 reason=tracking_pose_accepted
x=6.25 y=4.6 yaw=1.08772 score=0.906322 valid=1 mode=tracking state=TRACKING evaluated=789 execution_us=27718 reason=tracking_pose_accepted
x=6.2 y=4.6 yaw=1.12169 score=0.953905 valid=1 mode=tracking state=TRACKING evaluated=789 execution_us=27657 reason=tracking_pose_accepted
x=6.2 y=4.55 yaw=1.19057 score=0.983619 valid=1 mode=tracking state=TRACKING evaluated=789 execution_us=27512 reason=tracking_pose_accepted
x=6.25 y=4.6 yaw=1.08492 score=0.896907 valid=0 mode=tracking state=DEGRADED evaluated=789 execution_us=28594 reason=tracking_score_below_threshold
x=6.2 y=4.55 yaw=1.08492 score=0.894793 valid=0 mode=tracking state=DEGRADED evaluated=789 execution_us=49836 reason=tracking_score_below_threshold
x=6.25 y=4.6 yaw=1.08492 score=0.891574 valid=0 mode=tracking state=LOST evaluated=789 execution_us=27570 reason=rejection_limit_reached
x=6.2 y=4.55 yaw=1.1781 score=0.982426 valid=1 mode=global state=RECOVERED evaluated=15444 execution_us=549318 reason=global_relocalization_accepted
x=6.2 y=4.55 yaw=1.21207 score=0.983471 valid=1 mode=tracking state=RECOVERED evaluated=789 execution_us=30392 reason=recovery_confirmation_pending
x=6.2 y=4.6 yaw=1.10642 score=0.933577 valid=1 mode=tracking state=RECOVERED evaluated=789 execution_us=28957 reason=recovery_confirmation_pending
x=6.2 y=4.6 yaw=1.2102 score=0.983051 valid=1 mode=tracking state=TRACKING evaluated=789 execution_us=27576 reason=recovery_confirmed
x=6.2 y=4.6 yaw=1.22672 score=0.984379 valid=1 mode=tracking state=TRACKING evaluated=789 execution_us=28418 reason=tracking_pose_accepted
x=6.2 y=4.6 yaw=1.22579 score=0.984314 valid=1 mode=tracking state=TRACKING evaluated=789 execution_us=28093 reason=tracking_pose_accepted
x=6.2 y=4.6 yaw=1.22485 score=0.982771 valid=1 mode=tracking state=TRACKING evaluated=789 execution_us=27848 reason=tracking_pose_accepted
x=6.2 y=4.55 yaw=1.22392 score=0.982837 valid=1 mode=tracking state=TRACKING evaluated=789 execution_us=27961 reason=tracking_pose_accepted
x=6.25 y=4.6 yaw=1.11826 score=0.938762 valid=1 mode=tracking state=TRACKING evaluated=789 execution_us=28064 reason=tracking_pose_accepted
x=6.25 y=4.6 yaw=1.15224 score=0.975125 valid=1 mode=tracking state=TRACKING evaluated=789 execution_us=27896 reason=tracking_pose_accepted
x=6.2 y=4.6 yaw=1.04658 score=0.855826 valid=0 mode=tracking state=DEGRADED evaluated=789 execution_us=27980 reason=tracking_score_below_threshold
x=6.2 y=4.6 yaw=1.04658 score=0.850719 valid=0 mode=tracking state=DEGRADED evaluated=789 execution_us=27771 reason=tracking_score_below_threshold
x=6.2 y=4.6 yaw=1.04658 score=0.854805 valid=0 mode=tracking state=LOST evaluated=789 execution_us=28390 reason=rejection_limit_reached
x=6.2 y=4.6 yaw=1.22173 score=0.983957 valid=1 mode=global state=RECOVERED evaluated=15444 execution_us=550272 reason=global_relocalization_accepted
x=6.2 y=4.6 yaw=1.20334 score=0.982311 valid=1 mode=tracking state=RECOVERED evaluated=789 execution_us=28266 reason=recovery_confirmation_pending
x=6.2 y=4.55 yaw=1.20241 score=0.973419 valid=1 mode=tracking state=RECOVERED evaluated=789 execution_us=28933 reason=recovery_confirmation_pending
x=6.25 y=4.6 yaw=1.09676 score=0.924842 valid=1 mode=tracking state=TRACKING evaluated=789 execution_us=28210 reason=recovery_confirmed
x=6.25 y=4.6 yaw=1.13073 score=0.957439 valid=1 mode=tracking state=TRACKING evaluated=789 execution_us=27423 reason=tracking_pose_accepted
x=6.2 y=4.6 yaw=1.1647 score=0.978562 valid=1 mode=tracking state=TRACKING evaluated=789 execution_us=27756 reason=tracking_pose_accepted
x=6.2 y=4.6 yaw=1.21613 score=0.983688 valid=1 mode=tracking state=TRACKING evaluated=789 execution_us=27459 reason=tracking_pose_accepted
x=6.2 y=4.6 yaw=1.21519 score=0.983795 valid=1 mode=tracking state=TRACKING evaluated=789 execution_us=28113 reason=tracking_pose_accepted
x=6.2 y=4.6 yaw=1.21426 score=0.982607 valid=1 mode=tracking state=TRACKING evaluated=789 execution_us=27750 reason=tracking_pose_accepted
x=6.2 y=4.6 yaw=1.21332 score=0.983957 valid=1 mode=tracking state=TRACKING evaluated=789 execution_us=28233 reason=tracking_pose_accepted
x=6.2 y=4.55 yaw=1.17748 score=0.983333 valid=1 mode=tracking state=TRACKING evaluated=789 execution_us=28009 reason=tracking_pose_accepted
x=6.2 y=4.6 yaw=1.17655 score=0.9794 valid=1 mode=tracking state=TRACKING evaluated=789 execution_us=27962 reason=tracking_pose_accepted
x=6.19999 y=4.6 yaw=1.17562 score=0.979314 valid=1 mode=tracking state=TRACKING evaluated=789 execution_us=27631 reason=tracking_pose_accepted
x=6.24999 y=4.55 yaw=1.17468 score=0.982946 valid=1 mode=tracking state=TRACKING evaluated=789 execution_us=27644 reason=tracking_pose_accepted
x=6.19999 y=4.55 yaw=1.06903 score=0.88116 valid=0 mode=tracking state=DEGRADED evaluated=789 execution_us=28086 reason=tracking_score_below_threshold
x=6.24999 y=4.55 yaw=1.06903 score=0.883137 valid=0 mode=tracking state=DEGRADED evaluated=789 execution_us=28131 reason=tracking_score_below_threshold
x=6.19999 y=4.55 yaw=1.06903 score=0.878155 valid=0 mode=tracking state=LOST evaluated=789 execution_us=27849 reason=rejection_limit_reached
x=6.25 y=4.55 yaw=1.19991 score=0.987308 valid=1 mode=global state=RECOVERED evaluated=15444 execution_us=549244 reason=global_relocalization_accepted
x=6.25 y=4.6 yaw=1.19898 score=0.971106 valid=1 mode=tracking state=RECOVERED evaluated=789 execution_us=30022 reason=recovery_confirmation_pending
x=6.25 y=4.55 yaw=1.23295 score=0.974209 valid=1 mode=tracking state=RECOVERED evaluated=789 execution_us=29905 reason=recovery_confirmation_pending
x=6.25 y=4.6 yaw=1.19711 score=0.975101 valid=1 mode=tracking state=TRACKING evaluated=789 execution_us=29210 reason=recovery_confirmed
x=6.25 y=4.6 yaw=1.21363 score=0.977202 valid=1 mode=tracking state=TRACKING evaluated=789 execution_us=29448 reason=tracking_pose_accepted
x=6.25 y=4.6 yaw=1.2127 score=0.973996 valid=1 mode=tracking state=TRACKING evaluated=789 execution_us=29186 reason=tracking_pose_accepted
x=6.25 y=4.6 yaw=1.21176 score=0.976502 valid=1 mode=tracking state=TRACKING evaluated=789 execution_us=28750 reason=tracking_pose_accepted
x=6.3 y=4.55 yaw=1.19338 score=0.972456 valid=1 mode=tracking state=TRACKING evaluated=789 execution_us=29449 reason=tracking_pose_accepted
x=6.3 y=4.6 yaw=1.20989 score=0.975529 valid=1 mode=tracking state=TRACKING evaluated=789 execution_us=29725 reason=tracking_pose_accepted
x=6.3 y=4.6 yaw=1.19151 score=0.967865 valid=1 mode=tracking state=TRACKING evaluated=789 execution_us=29859 reason=tracking_pose_accepted
x=6.3 y=4.6 yaw=1.20803 score=0.97383 valid=1 mode=tracking state=TRACKING evaluated=789 execution_us=29292 reason=tracking_pose_accepted
x=6.3 y=4.6 yaw=1.20709 score=0.970315 valid=1 mode=tracking state=TRACKING evaluated=789 execution_us=29197 reason=tracking_pose_accepted
x=6.29999 y=4.6 yaw=1.20616 score=0.972424 valid=1 mode=tracking state=TRACKING evaluated=789 execution_us=29274 reason=tracking_pose_accepted
x=6.29999 y=4.6 yaw=1.20522 score=0.973514 valid=1 mode=tracking state=TRACKING evaluated=789 execution_us=28770 reason=tracking_pose_accepted
x=6.29999 y=4.6 yaw=1.20429 score=0.969619 valid=1 mode=tracking state=TRACKING evaluated=789 execution_us=29375 reason=tracking_pose_accepted
x=6.29999 y=4.6 yaw=1.20336 score=0.972112 valid=1 mode=tracking state=TRACKING evaluated=789 execution_us=29187 reason=tracking_pose_accepted
x=6.29999 y=4.6 yaw=1.20242 score=0.972893 valid=1 mode=tracking state=TRACKING evaluated=789 execution_us=29118 reason=tracking_pose_accepted
x=6.29999 y=4.6 yaw=1.20149 score=0.971373 valid=1 mode=tracking state=TRACKING evaluated=789 execution_us=28959 reason=tracking_pose_accepted
x=6.29999 y=4.6 yaw=1.20055 score=0.968041 valid=1 mode=tracking state=TRACKING evaluated=789 execution_us=29379 reason=tracking_pose_accepted
x=6.29999 y=4.55 yaw=1.16471 score=0.963012 valid=1 mode=tracking state=TRACKING evaluated=789 execution_us=29233 reason=tracking_pose_accepted
x=6.29999 y=4.55 yaw=1.16378 score=0.962838 valid=1 mode=tracking state=TRACKING evaluated=789 execution_us=29793 reason=tracking_pose_accepted
x=6.29999 y=4.6 yaw=1.19775 score=0.965824 valid=1 mode=tracking state=TRACKING evaluated=789 execution_us=29744 reason=tracking_pose_accepted
x=6.29999 y=4.6 yaw=1.19682 score=0.965961 valid=1 mode=tracking state=TRACKING evaluated=789 execution_us=29327 reason=tracking_pose_accepted
x=6.29999 y=4.55 yaw=1.16098 score=0.96252 valid=1 mode=tracking state=TRACKING evaluated=789 execution_us=29159 reason=tracking_pose_accepted
x=6.29999 y=4.6 yaw=1.19495 score=0.958134 valid=1 mode=tracking state=TRACKING evaluated=789 execution_us=29221 reason=tracking_pose_accepted
x=6.29999 y=4.55 yaw=1.17656 score=0.959596 valid=1 mode=tracking state=TRACKING evaluated=789 execution_us=29404 reason=tracking_pose_accepted
x=6.29999 y=4.55 yaw=1.19308 score=0.959374 valid=1 mode=tracking state=TRACKING evaluated=789 execution_us=29287 reason=tracking_pose_accepted
x=6.29999 y=4.6 yaw=1.2096 score=0.961237 valid=1 mode=tracking state=TRACKING evaluated=789 execution_us=29137 reason=tracking_pose_accepted
x=6.29999 y=4.6 yaw=1.20867 score=0.96655 valid=1 mode=tracking state=TRACKING evaluated=789 execution_us=29571 reason=tracking_pose_accepted
x=6.29999 y=4.6 yaw=1.20773 score=0.965961 valid=1 mode=tracking state=TRACKING evaluated=789 execution_us=29263 reason=tracking_pose_accepted
x=6.29999 y=4.6 yaw=1.2068 score=0.967772 valid=1 mode=tracking state=TRACKING evaluated=789 execution_us=29004 reason=tracking_pose_accepted
x=6.29999 y=4.6 yaw=1.20587 score=0.968116 valid=1 mode=tracking state=TRACKING evaluated=789 execution_us=29204 reason=tracking_pose_accepted
x=6.29999 y=4.6 yaw=1.20493 score=0.963388 valid=1 mode=tracking state=TRACKING evaluated=789 execution_us=29252 reason=tracking_pose_accepted
x=6.29998 y=4.6 yaw=1.204 score=0.968456 valid=1 mode=tracking state=TRACKING evaluated=789 execution_us=29244 reason=tracking_pose_accepted
x=6.29998 y=4.6 yaw=1.20306 score=0.966566 valid=1 mode=tracking state=TRACKING evaluated=789 execution_us=29353 reason=tracking_pose_accepted
x=6.29998 y=4.6 yaw=1.20213 score=0.96855 valid=1 mode=tracking state=TRACKING evaluated=789 execution_us=29347 reason=tracking_pose_accepted
x=6.29998 y=4.6 yaw=1.2012 score=0.968174 valid=1 mode=tracking state=TRACKING evaluated=789 execution_us=29410 reason=tracking_pose_accepted
x=6.29998 y=4.6 yaw=1.20026 score=0.968331 valid=1 mode=tracking state=TRACKING evaluated=789 execution_us=28826 reason=tracking_pose_accepted
x=6.29998 y=4.55 yaw=1.16442 score=0.965078 valid=1 mode=tracking state=TRACKING evaluated=789 execution_us=29429 reason=tracking_pose_accepted
x=6.29998 y=4.6 yaw=1.19839 score=0.969046 valid=1 mode=tracking state=TRACKING evaluated=789 execution_us=29488 reason=tracking_pose_accepted
x=6.29998 y=4.6 yaw=1.19746 score=0.959733 valid=1 mode=tracking state=TRACKING evaluated=789 execution_us=28886 reason=tracking_pose_accepted
x=6.29998 y=4.6 yaw=1.19653 score=0.960924 valid=1 mode=tracking state=TRACKING evaluated=789 execution_us=29230 reason=tracking_pose_accepted
x=6.29998 y=4.6 yaw=1.19559 score=0.959831 valid=1 mode=tracking state=TRACKING evaluated=789 execution_us=29538 reason=tracking_pose_accepted
x=6.29998 y=4.6 yaw=1.19466 score=0.960769 valid=1 mode=tracking state=TRACKING evaluated=789 execution_us=29175 reason=tracking_pose_accepted
x=6.29998 y=4.6 yaw=1.21118 score=0.970044 valid=1 mode=tracking state=TRACKING evaluated=789 execution_us=29200 reason=tracking_pose_accepted
x=6.29998 y=4.55 yaw=1.19279 score=0.964298 valid=1 mode=tracking state=TRACKING evaluated=789 execution_us=29002 reason=tracking_pose_accepted
x=6.29998 y=4.55 yaw=1.19186 score=0.95905 valid=1 mode=tracking state=TRACKING evaluated=789 execution_us=29377 reason=tracking_pose_accepted
x=6.29998 y=4.6 yaw=1.20837 score=0.96344 valid=1 mode=tracking state=TRACKING evaluated=789 execution_us=29614 reason=tracking_pose_accepted
x=6.29998 y=4.54999 yaw=1.20744 score=0.962253 valid=1 mode=tracking state=TRACKING evaluated=789 execution_us=29067 reason=tracking_pose_accepted
x=6.29998 y=4.59999 yaw=1.20651 score=0.963659 valid=1 mode=tracking state=TRACKING evaluated=789 execution_us=29075 reason=tracking_pose_accepted
x=6.29998 y=4.59999 yaw=1.20557 score=0.965764 valid=1 mode=tracking state=TRACKING evaluated=789 execution_us=29163 reason=tracking_pose_accepted
x=6.29998 y=4.59999 yaw=1.20464 score=0.968147 valid=1 mode=tracking state=TRACKING evaluated=789 execution_us=29347 reason=tracking_pose_accepted
x=6.29998 y=4.59999 yaw=1.2037 score=0.970549 valid=1 mode=tracking state=TRACKING evaluated=789 execution_us=29151 reason=tracking_pose_accepted
x=6.29998 y=4.59999 yaw=1.20277 score=0.963922 valid=1 mode=tracking state=TRACKING evaluated=789 execution_us=28993 reason=tracking_pose_accepted
x=6.29997 y=4.59999 yaw=1.20184 score=0.968767 valid=1 mode=tracking state=TRACKING evaluated=789 execution_us=29870 reason=tracking_pose_accepted
x=6.29997 y=4.59999 yaw=1.2009 score=0.970782 valid=1 mode=tracking state=TRACKING evaluated=789 execution_us=29800 reason=tracking_pose_accepted
x=6.29997 y=4.59999 yaw=1.19997 score=0.969852 valid=1 mode=tracking state=TRACKING evaluated=789 execution_us=29901 reason=tracking_pose_accepted
x=6.29997 y=4.54999 yaw=1.16413 score=0.958808 valid=1 mode=tracking state=TRACKING evaluated=789 execution_us=29179 reason=tracking_pose_accepted
x=6.29997 y=4.54999 yaw=1.16319 score=0.96371 valid=1 mode=tracking state=TRACKING evaluated=789 execution_us=29266 reason=tracking_pose_accepted
x=6.29997 y=4.59999 yaw=1.19717 score=0.962412 valid=1 mode=tracking state=TRACKING evaluated=789 execution_us=29221 reason=tracking_pose_accepted
x=6.29997 y=4.59999 yaw=1.19623 score=0.965279 valid=1 mode=tracking state=TRACKING evaluated=789 execution_us=29272 reason=tracking_pose_accepted
x=6.29997 y=4.54999 yaw=1.17785 score=0.963159 valid=1 mode=tracking state=TRACKING evaluated=789 execution_us=29697 reason=tracking_pose_accepted
x=6.29997 y=4.54999 yaw=1.19436 score=0.961547 valid=1 mode=tracking state=TRACKING evaluated=789 execution_us=29464 reason=tracking_pose_accepted
x=6.29997 y=4.59999 yaw=1.19343 score=0.961487 valid=1 mode=tracking state=TRACKING evaluated=789 execution_us=29224 reason=tracking_pose_accepted
x=6.29997 y=4.59999 yaw=1.20995 score=0.965471 valid=1 mode=tracking state=TRACKING evaluated=789 execution_us=28942 reason=tracking_pose_accepted
x=6.24997 y=4.54999 yaw=1.20902 score=0.960722 valid=1 mode=tracking state=TRACKING evaluated=789 execution_us=29471 reason=tracking_pose_accepted
x=6.29997 y=4.54999 yaw=1.20808 score=0.961695 valid=1 mode=tracking state=TRACKING evaluated=789 execution_us=29980 reason=tracking_pose_accepted
x=6.29997 y=4.59999 yaw=1.20715 score=0.964392 valid=1 mode=tracking state=TRACKING evaluated=789 execution_us=28817 reason=tracking_pose_accepted
x=6.29997 y=4.59999 yaw=1.20621 score=0.966431 valid=1 mode=tracking state=TRACKING evaluated=789 execution_us=28926 reason=tracking_pose_accepted
x=6.29997 y=4.59999 yaw=1.20528 score=0.966096 valid=1 mode=tracking state=TRACKING evaluated=789 execution_us=29273 reason=tracking_pose_accepted
x=6.29997 y=4.59999 yaw=1.20435 score=0.972112 valid=1 mode=tracking state=TRACKING evaluated=789 execution_us=28834 reason=tracking_pose_accepted
x=6.29997 y=4.59999 yaw=1.20341 score=0.971247 valid=1 mode=tracking state=TRACKING evaluated=789 execution_us=29342 reason=tracking_pose_accepted
x=6.29997 y=4.59999 yaw=1.20248 score=0.964392 valid=1 mode=tracking state=TRACKING evaluated=789 execution_us=28774 reason=tracking_pose_accepted
x=6.29997 y=4.59999 yaw=1.20154 score=0.961016 valid=1 mode=tracking state=TRACKING evaluated=789 execution_us=29439 reason=tracking_pose_accepted
x=6.29997 y=4.54999 yaw=1.1657 score=0.96774 valid=1 mode=tracking state=TRACKING evaluated=789 execution_us=29714 reason=tracking_pose_accepted
x=6.29996 y=4.54999 yaw=1.16477 score=0.963097 valid=1 mode=tracking state=TRACKING evaluated=789 execution_us=29004 reason=tracking_pose_accepted
x=6.29996 y=4.59999 yaw=1.19874 score=0.967165 valid=1 mode=tracking state=TRACKING evaluated=789 execution_us=29302 reason=tracking_pose_accepted
x=6.29996 y=4.54999 yaw=1.19781 score=0.964298 valid=1 mode=tracking state=TRACKING evaluated=789 execution_us=28978 reason=tracking_pose_accepted
x=6.29996 y=4.54999 yaw=1.19687 score=0.960456 valid=1 mode=tracking state=TRACKING evaluated=789 execution_us=28905 reason=tracking_pose_accepted
x=6.29996 y=4.54999 yaw=1.19594 score=0.960456 valid=1 mode=tracking state=TRACKING evaluated=789 execution_us=28952 reason=tracking_pose_accepted
x=6.29996 y=4.54999 yaw=1.19501 score=0.963972 valid=1 mode=tracking state=TRACKING evaluated=789 execution_us=29208 reason=tracking_pose_accepted
x=6.29996 y=4.54999 yaw=1.19407 score=0.964115 valid=1 mode=tracking state=TRACKING evaluated=789 execution_us=29406 reason=tracking_pose_accepted
x=6.29996 y=4.54999 yaw=1.17568 score=0.962372 valid=1 mode=tracking state=TRACKING evaluated=789 execution_us=29677 reason=tracking_pose_accepted
x=6.29996 y=4.59999 yaw=1.20966 score=0.969732 valid=1 mode=tracking state=TRACKING evaluated=789 execution_us=29181 reason=tracking_pose_accepted
x=6.29996 y=4.59999 yaw=1.19127 score=0.960924 valid=1 mode=tracking state=TRACKING evaluated=789 execution_us=29244 reason=tracking_pose_accepted
x=6.29996 y=4.59999 yaw=1.20779 score=0.9716 valid=1 mode=tracking state=TRACKING evaluated=789 execution_us=29528 reason=tracking_pose_accepted
x=6.29996 y=4.59999 yaw=1.20685 score=0.965065 valid=1 mode=tracking state=TRACKING evaluated=789 execution_us=29222 reason=tracking_pose_accepted
x=6.29996 y=4.59999 yaw=1.20592 score=0.967581 valid=1 mode=tracking state=TRACKING evaluated=789 execution_us=29373 reason=tracking_pose_accepted
x=6.29996 y=4.59999 yaw=1.20499 score=0.968581 valid=1 mode=tracking state=TRACKING evaluated=789 execution_us=29280 reason=tracking_pose_accepted
x=6.29996 y=4.59999 yaw=1.20405 score=0.960769 valid=1 mode=tracking state=TRACKING evaluated=789 execution_us=29393 reason=tracking_pose_accepted
x=6.29996 y=4.59999 yaw=1.20312 score=0.970299 valid=1 mode=tracking state=TRACKING evaluated=789 execution_us=29240 reason=tracking_pose_accepted
x=6.29996 y=4.59999 yaw=1.20218 score=0.968737 valid=1 mode=tracking state=TRACKING evaluated=789 execution_us=29076 reason=tracking_pose_accepted
x=6.29996 y=4.54999 yaw=1.16634 score=0.966008 valid=1 mode=tracking state=TRACKING evaluated=789 execution_us=29805 reason=tracking_pose_accepted
x=6.29996 y=4.59999 yaw=1.20032 score=0.965651 valid=1 mode=tracking state=TRACKING evaluated=789 execution_us=29899 reason=tracking_pose_accepted
x=6.29996 y=4.59999 yaw=1.19938 score=0.960149 valid=1 mode=tracking state=TRACKING evaluated=789 execution_us=29540 reason=tracking_pose_accepted
x=6.29996 y=4.54999 yaw=1.16354 score=0.965737 valid=1 mode=tracking state=TRACKING evaluated=789 execution_us=29004 reason=tracking_pose_accepted
x=6.29995 y=4.54999 yaw=1.18006 score=0.958341 valid=1 mode=tracking state=TRACKING evaluated=789 execution_us=29378 reason=tracking_pose_accepted
x=6.29995 y=4.54999 yaw=1.19658 score=0.959275 valid=1 mode=tracking state=TRACKING evaluated=789 execution_us=29206 reason=tracking_pose_accepted
x=6.29995 y=4.54999 yaw=1.19565 score=0.959132 valid=1 mode=tracking state=TRACKING evaluated=789 execution_us=29606 reason=tracking_pose_accepted
x=6.29995 y=4.59999 yaw=1.19471 score=0.961394 valid=1 mode=tracking state=TRACKING evaluated=789 execution_us=28901 reason=tracking_pose_accepted
x=6.29995 y=4.54999 yaw=1.17632 score=0.962055 valid=1 mode=tracking state=TRACKING evaluated=789 execution_us=29490 reason=tracking_pose_accepted
x=6.29995 y=4.54998 yaw=1.17539 score=0.957638 valid=1 mode=tracking state=TRACKING evaluated=789 execution_us=29823 reason=tracking_pose_accepted
x=6.29995 y=4.59998 yaw=1.20936 score=0.969795 valid=1 mode=tracking state=TRACKING evaluated=789 execution_us=29370 reason=tracking_pose_accepted
x=6.29995 y=4.59998 yaw=1.20843 score=0.960769 valid=1 mode=tracking state=TRACKING evaluated=789 execution_us=28988 reason=tracking_pose_accepted
x=6.29995 y=4.59998 yaw=1.20749 score=0.966293 valid=1 mode=tracking state=TRACKING evaluated=789 execution_us=29328 reason=tracking_pose_accepted
x=6.29995 y=4.59998 yaw=1.20656 score=0.967772 valid=1 mode=tracking state=TRACKING evaluated=789 execution_us=29029 reason=tracking_pose_accepted
x=6.29995 y=4.59998 yaw=1.20563 score=0.970417 valid=1 mode=tracking state=TRACKING evaluated=789 execution_us=29006 reason=tracking_pose_accepted
x=6.29995 y=4.59998 yaw=1.20469 score=0.964768 valid=1 mode=tracking state=TRACKING evaluated=789 execution_us=29703 reason=tracking_pose_accepted
x=6.29995 y=4.59998 yaw=1.20376 score=0.970479 valid=1 mode=tracking state=TRACKING evaluated=789 execution_us=29423 reason=tracking_pose_accepted
x=6.29995 y=4.59998 yaw=1.20282 score=0.964955 valid=1 mode=tracking state=TRACKING evaluated=789 execution_us=29691 reason=tracking_pose_accepted
x=6.29995 y=4.59998 yaw=1.20189 score=0.969616 valid=1 mode=tracking state=TRACKING evaluated=789 execution_us=28925 reason=tracking_pose_accepted
x=6.29995 y=4.54998 yaw=1.16605 score=0.966807 valid=1 mode=tracking state=TRACKING evaluated=789 execution_us=28988 reason=tracking_pose_accepted
x=6.29995 y=4.59998 yaw=1.20002 score=0.969201 valid=1 mode=tracking state=TRACKING evaluated=789 execution_us=29539 reason=tracking_pose_accepted
x=6.29995 y=4.54998 yaw=1.16418 score=0.958431 valid=1 mode=tracking state=TRACKING evaluated=789 execution_us=29943 reason=tracking_pose_accepted
x=6.29995 y=4.59998 yaw=1.19815 score=0.960831 valid=1 mode=tracking state=TRACKING evaluated=789 execution_us=29485 reason=tracking_pose_accepted
x=6.29995 y=4.54998 yaw=1.19722 score=0.963972 valid=1 mode=tracking state=TRACKING evaluated=789 execution_us=29328 reason=tracking_pose_accepted
x=6.29995 y=4.59998 yaw=1.19629 score=0.964021 valid=1 mode=tracking state=TRACKING evaluated=789 execution_us=28995 reason=tracking_pose_accepted
x=6.29994 y=4.59998 yaw=1.19535 score=0.9603 valid=1 mode=tracking state=TRACKING evaluated=789 execution_us=29319 reason=tracking_pose_accepted
x=6.29994 y=4.59998 yaw=1.19442 score=0.960924 valid=1 mode=tracking state=TRACKING evaluated=789 execution_us=29361 reason=tracking_pose_accepted
x=6.29994 y=4.54998 yaw=1.19348 score=0.959275 valid=1 mode=tracking state=TRACKING evaluated=789 execution_us=29132 reason=tracking_pose_accepted
x=6.29994 y=4.54998 yaw=1.1751 score=0.961438 valid=1 mode=tracking state=TRACKING evaluated=789 execution_us=29622 reason=tracking_pose_accepted
x=6.29994 y=4.59998 yaw=1.20907 score=0.965744 valid=1 mode=tracking state=TRACKING evaluated=789 execution_us=29386 reason=tracking_pose_accepted
x=6.29994 y=4.59998 yaw=1.19068 score=0.957295 valid=1 mode=tracking state=TRACKING evaluated=789 execution_us=29275 reason=tracking_pose_accepted
x=6.29994 y=4.59998 yaw=1.2072 score=0.97008 valid=1 mode=tracking state=TRACKING evaluated=789 execution_us=29399 reason=tracking_pose_accepted
x=6.29994 y=4.59998 yaw=1.20627 score=0.971247 valid=1 mode=tracking state=TRACKING evaluated=789 execution_us=29155 reason=tracking_pose_accepted
x=6.29994 y=4.59998 yaw=1.20533 score=0.970143 valid=1 mode=tracking state=TRACKING evaluated=789 execution_us=29979 reason=tracking_pose_accepted
x=6.29994 y=4.59998 yaw=1.2044 score=0.968364 valid=1 mode=tracking state=TRACKING evaluated=789 execution_us=29284 reason=tracking_pose_accepted
x=6.29994 y=4.59998 yaw=1.20347 score=0.965297 valid=1 mode=tracking state=TRACKING evaluated=789 execution_us=29495 reason=tracking_pose_accepted
x=6.29994 y=4.59998 yaw=1.20253 score=0.965764 valid=1 mode=tracking state=TRACKING evaluated=789 execution_us=29670 reason=tracking_pose_accepted
x=6.29994 y=4.59998 yaw=1.2016 score=0.961142 valid=1 mode=tracking state=TRACKING evaluated=789 execution_us=29317 reason=tracking_pose_accepted
x=6.29994 y=4.54998 yaw=1.16576 score=0.9648 valid=1 mode=tracking state=TRACKING evaluated=789 execution_us=29331 reason=tracking_pose_accepted
x=6.29994 y=4.59998 yaw=1.19973 score=0.968456 valid=1 mode=tracking state=TRACKING evaluated=789 execution_us=29669 reason=tracking_pose_accepted
x=6.29994 y=4.59998 yaw=1.1988 score=0.961544 valid=1 mode=tracking state=TRACKING evaluated=789 execution_us=29267 reason=tracking_pose_accepted
x=6.29994 y=4.59998 yaw=1.19786 score=0.963878 valid=1 mode=tracking state=TRACKING evaluated=789 execution_us=29046 reason=tracking_pose_accepted
x=6.29994 y=4.59998 yaw=1.19693 score=0.959529 valid=1 mode=tracking state=TRACKING evaluated=789 execution_us=29662 reason=tracking_pose_accepted
x=6.29994 y=4.54998 yaw=1.16109 score=0.96159 valid=1 mode=tracking state=TRACKING evaluated=789 execution_us=29300 reason=tracking_pose_accepted
x=6.29994 y=4.59998 yaw=1.19506 score=0.960458 valid=1 mode=tracking state=TRACKING evaluated=789 execution_us=29766 reason=tracking_pose_accepted
x=6.24994 y=4.54998 yaw=1.21158 score=0.959878 valid=1 mode=tracking state=TRACKING evaluated=789 execution_us=28870 reason=tracking_pose_accepted
x=6.29993 y=4.59998 yaw=1.21064 score=0.969697 valid=1 mode=tracking state=TRACKING evaluated=789 execution_us=29540 reason=tracking_pose_accepted
x=6.29993 y=4.59998 yaw=1.20971 score=0.968767 valid=1 mode=tracking state=TRACKING evaluated=789 execution_us=29472 reason=tracking_pose_accepted
x=6.29993 y=4.59998 yaw=1.20878 score=0.971133 valid=1 mode=tracking state=TRACKING evaluated=789 execution_us=29081 reason=tracking_pose_accepted
x=6.29993 y=4.59998 yaw=1.20784 score=0.971051 valid=1 mode=tracking state=TRACKING evaluated=789 execution_us=29384 reason=tracking_pose_accepted
x=6.29993 y=4.59998 yaw=1.20691 score=0.967643 valid=1 mode=tracking state=TRACKING evaluated=789 execution_us=29375 reason=tracking_pose_accepted
x=6.29993 y=4.59998 yaw=1.20597 score=0.970782 valid=1 mode=tracking state=TRACKING evaluated=789 execution_us=29092 reason=tracking_pose_accepted
x=6.29993 y=4.59998 yaw=1.20504 score=0.968799 valid=1 mode=tracking state=TRACKING evaluated=789 execution_us=29039 reason=tracking_pose_accepted
x=6.29993 y=4.59998 yaw=1.20411 score=0.964753 valid=1 mode=tracking state=TRACKING evaluated=789 execution_us=28859 reason=tracking_pose_accepted
x=6.29993 y=4.59998 yaw=1.20317 score=0.969206 valid=1 mode=tracking state=TRACKING evaluated=789 execution_us=29888 reason=tracking_pose_accepted
x=6.29993 y=4.59998 yaw=1.20224 score=0.969852 valid=1 mode=tracking state=TRACKING evaluated=789 execution_us=29602 reason=tracking_pose_accepted
x=6.29993 y=4.59998 yaw=1.2013 score=0.967511 valid=1 mode=tracking state=TRACKING evaluated=789 execution_us=29067 reason=tracking_pose_accepted
x=6.29993 y=4.54998 yaw=1.16546 score=0.965873 valid=1 mode=tracking state=TRACKING evaluated=789 execution_us=29275 reason=tracking_pose_accepted
x=6.29993 y=4.59998 yaw=1.19944 score=0.966449 valid=1 mode=tracking state=TRACKING evaluated=789 execution_us=29125 reason=tracking_pose_accepted
x=6.29993 y=4.54998 yaw=1.1636 score=0.965215 valid=1 mode=tracking state=TRACKING evaluated=789 execution_us=29555 reason=tracking_pose_accepted
x=6.29993 y=4.54998 yaw=1.16266 score=0.961753 valid=1 mode=tracking state=TRACKING evaluated=789 execution_us=29149 reason=tracking_pose_accepted
x=6.29993 y=4.54998 yaw=1.19663 score=0.959113 valid=1 mode=tracking state=TRACKING evaluated=789 execution_us=28921 reason=tracking_pose_accepted
x=6.29993 y=4.54998 yaw=1.1957 score=0.963503 valid=1 mode=tracking state=TRACKING evaluated=789 execution_us=29294 reason=tracking_pose_accepted
x=6.29993 y=4.54998 yaw=1.19477 score=0.96444 valid=1 mode=tracking state=TRACKING evaluated=789 execution_us=29407 reason=tracking_pose_accepted
x=6.29993 y=4.54998 yaw=1.19383 score=0.960146 valid=1 mode=tracking state=TRACKING evaluated=789 execution_us=29285 reason=tracking_pose_accepted
x=6.29993 y=4.54998 yaw=1.1929 score=0.965048 valid=1 mode=tracking state=TRACKING evaluated=789 execution_us=29003 reason=tracking_pose_accepted
x=6.29993 y=4.59998 yaw=1.20942 score=0.969232 valid=1 mode=tracking state=TRACKING evaluated=789 execution_us=29290 reason=tracking_pose_accepted
x=6.29992 y=4.59998 yaw=1.19103 score=0.957968 valid=1 mode=tracking state=TRACKING evaluated=789 execution_us=29421 reason=tracking_pose_accepted
x=6.29992 y=4.59998 yaw=1.20755 score=0.963253 valid=1 mode=tracking state=TRACKING evaluated=789 execution_us=29121 reason=tracking_pose_accepted
x=6.29992 y=4.59998 yaw=1.20661 score=0.963659 valid=1 mode=tracking state=TRACKING evaluated=789 execution_us=29458 reason=tracking_pose_accepted
x=6.29992 y=4.59998 yaw=1.20568 score=0.968112 valid=1 mode=tracking state=TRACKING evaluated=789 execution_us=28937 reason=tracking_pose_accepted
x=6.29992 y=4.59998 yaw=1.20475 score=0.961544 valid=1 mode=tracking state=TRACKING evaluated=789 execution_us=29476 reason=tracking_pose_accepted
x=6.29992 y=4.59998 yaw=1.20381 score=0.964347 valid=1 mode=tracking state=TRACKING evaluated=789 execution_us=28920 reason=tracking_pose_accepted
x=6.29992 y=4.59998 yaw=1.20288 score=0.965359 valid=1 mode=tracking state=TRACKING evaluated=789 execution_us=29054 reason=tracking_pose_accepted
x=6.29992 y=4.59998 yaw=1.20194 score=0.969268 valid=1 mode=tracking state=TRACKING evaluated=789 execution_us=29675 reason=tracking_pose_accepted
x=6.29992 y=4.59998 yaw=1.20101 score=0.96569 valid=1 mode=tracking state=TRACKING evaluated=789 execution_us=28978 reason=tracking_pose_accepted
x=6.29992 y=4.54998 yaw=1.16517 score=0.965543 valid=1 mode=tracking state=TRACKING evaluated=789 execution_us=29498 reason=tracking_pose_accepted
x=6.29992 y=4.59998 yaw=1.19914 score=0.96939 valid=1 mode=tracking state=TRACKING evaluated=789 execution_us=29643 reason=tracking_pose_accepted
x=6.29992 y=4.54998 yaw=1.1633 score=0.965078 valid=1 mode=tracking state=TRACKING evaluated=789 execution_us=29442 reason=tracking_pose_accepted
x=6.29992 y=4.59998 yaw=1.19727 score=0.956316 valid=1 mode=tracking state=TRACKING evaluated=789 execution_us=29192 reason=tracking_pose_accepted
x=6.29992 y=4.59998 yaw=1.19634 score=0.96406 valid=1 mode=tracking state=TRACKING evaluated=789 execution_us=28920 reason=tracking_pose_accepted
x=6.29992 y=4.59998 yaw=1.19541 score=0.960831 valid=1 mode=tracking state=TRACKING evaluated=789 execution_us=29427 reason=tracking_pose_accepted
x=6.29992 y=4.59998 yaw=1.19447 score=0.959831 valid=1 mode=tracking state=TRACKING evaluated=789 execution_us=29784 reason=tracking_pose_accepted
x=6.29992 y=4.54998 yaw=1.19354 score=0.958341 valid=1 mode=tracking state=TRACKING evaluated=789 execution_us=29156 reason=tracking_pose_accepted
x=6.29992 y=4.59998 yaw=1.21006 score=0.965589 valid=1 mode=tracking state=TRACKING evaluated=789 execution_us=29444 reason=tracking_pose_accepted
x=6.29992 y=4.59998 yaw=1.20912 score=0.964581 valid=1 mode=tracking state=TRACKING evaluated=789 execution_us=28995 reason=tracking_pose_accepted
x=6.29992 y=4.59998 yaw=1.20819 score=0.970143 valid=1 mode=tracking state=TRACKING evaluated=789 execution_us=29125 reason=tracking_pose_accepted
x=6.29992 y=4.59998 yaw=1.20726 score=0.968643 valid=1 mode=tracking state=TRACKING evaluated=789 execution_us=29008 reason=tracking_pose_accepted
x=6.29991 y=4.59998 yaw=1.20632 score=0.969553 valid=1 mode=tracking state=TRACKING evaluated=789 execution_us=29042 reason=tracking_pose_accepted
x=6.29991 y=4.59998 yaw=1.20539 score=0.967487 valid=1 mode=tracking state=TRACKING evaluated=789 execution_us=29398 reason=tracking_pose_accepted
x=6.29991 y=4.54998 yaw=1.22191 score=0.956863 valid=1 mode=tracking state=TRACKING evaluated=789 execution_us=29511 reason=tracking_pose_accepted
x=6.29991 y=4.54997 yaw=1.22097 score=0.950337 valid=1 mode=tracking state=TRACKING evaluated=789 execution_us=28904 reason=tracking_pose_accepted
x=6.29991 y=4.49997 yaw=1.3073 score=0.964317 valid=1 mode=tracking state=TRACKING evaluated=789 execution_us=29087 reason=tracking_pose_accepted
x=6.29991 y=4.44998 yaw=1.25401 score=0.951988 valid=1 mode=tracking state=TRACKING evaluated=789 execution_us=29726 reason=tracking_pose_accepted
x=6.29991 y=4.39998 yaw=1.20072 score=0.956191 valid=1 mode=tracking state=TRACKING evaluated=789 execution_us=28874 reason=tracking_pose_accepted
x=6.34991 y=4.34998 yaw=1.16488 score=0.953835 valid=1 mode=tracking state=TRACKING evaluated=789 execution_us=28915 reason=tracking_pose_accepted
x=6.29991 y=4.29998 yaw=1.19885 score=0.957741 valid=1 mode=tracking state=TRACKING evaluated=789 execution_us=29206 reason=tracking_pose_accepted
x=6.29991 y=4.24998 yaw=1.16301 score=0.957295 valid=1 mode=tracking state=TRACKING evaluated=789 execution_us=29240 reason=tracking_pose_accepted
x=6.29991 y=4.24998 yaw=1.05735 score=0.909662 valid=1 mode=tracking state=TRACKING evaluated=789 execution_us=28615 reason=tracking_pose_accepted
x=6.29991 y=4.19998 yaw=1.09133 score=0.945366 valid=1 mode=tracking state=TRACKING evaluated=789 execution_us=28859 reason=tracking_pose_accepted
x=6.29991 y=4.14998 yaw=1.05549 score=0.904295 valid=1 mode=tracking state=TRACKING evaluated=789 execution_us=28445 reason=tracking_pose_accepted
x=6.29991 y=4.09998 yaw=1.08946 score=0.934525 valid=1 mode=tracking state=TRACKING evaluated=789 execution_us=29305 reason=tracking_pose_accepted
x=6.29991 y=4.04998 yaw=1.10598 score=0.957647 valid=1 mode=tracking state=TRACKING evaluated=789 execution_us=28933 reason=tracking_pose_accepted
x=6.29991 y=4.04998 yaw=1.13995 score=0.959552 valid=1 mode=tracking state=TRACKING evaluated=789 execution_us=28514 reason=tracking_pose_accepted
x=6.29991 y=4.04998 yaw=1.13902 score=0.965196 valid=1 mode=tracking state=TRACKING evaluated=789 execution_us=28989 reason=tracking_pose_accepted
x=6.29991 y=3.99998 yaw=1.10318 score=0.936251 valid=1 mode=tracking state=TRACKING evaluated=789 execution_us=28763 reason=tracking_pose_accepted
x=6.29991 y=3.99998 yaw=1.13715 score=0.949785 valid=1 mode=tracking state=TRACKING evaluated=789 execution_us=28552 reason=tracking_pose_accepted
x=6.24991 y=3.99998 yaw=1.10131 score=0.946189 valid=1 mode=tracking state=TRACKING evaluated=789 execution_us=28555 reason=tracking_pose_accepted
x=6.29991 y=3.99998 yaw=1.13528 score=0.961181 valid=1 mode=tracking state=TRACKING evaluated=807 execution_us=29414 reason=tracking_pose_accepted
x=6.2999 y=3.99998 yaw=1.09944 score=0.953748 valid=1 mode=tracking state=TRACKING evaluated=789 execution_us=29393 reason=tracking_pose_accepted
x=6.2499 y=3.94998 yaw=1.11596 score=0.962984 valid=1 mode=tracking state=TRACKING evaluated=807 execution_us=29292 reason=tracking_pose_accepted
x=6.2499 y=3.99998 yaw=1.08012 score=0.959146 valid=1 mode=tracking state=TRACKING evaluated=789 execution_us=28728 reason=tracking_pose_accepted
x=6.2499 y=3.99997 yaw=1.04428 score=0.948813 valid=1 mode=tracking state=TRACKING evaluated=789 execution_us=28690 reason=tracking_pose_accepted
x=6.2499 y=3.99997 yaw=1.07825 score=0.958359 valid=1 mode=tracking state=TRACKING evaluated=807 execution_us=29544 reason=tracking_pose_accepted
x=6.2499 y=3.99997 yaw=1.07732 score=0.957421 valid=1 mode=tracking state=TRACKING evaluated=789 execution_us=28660 reason=tracking_pose_accepted
x=6.2499 y=3.94997 yaw=1.11129 score=0.963997 valid=1 mode=tracking state=TRACKING evaluated=807 execution_us=30003 reason=tracking_pose_accepted
x=6.2499 y=3.99997 yaw=1.0929 score=0.959503 valid=1 mode=tracking state=TRACKING evaluated=789 execution_us=29370 reason=tracking_pose_accepted
x=6.2499 y=3.94997 yaw=1.10942 score=0.970221 valid=1 mode=tracking state=TRACKING evaluated=789 execution_us=29627 reason=tracking_pose_accepted
x=6.2499 y=3.94997 yaw=1.10849 score=0.97031 valid=1 mode=tracking state=TRACKING evaluated=789 execution_us=28731 reason=tracking_pose_accepted
x=6.2499 y=3.94997 yaw=1.12501 score=0.960157 valid=1 mode=tracking state=TRACKING evaluated=789 execution_us=29003 reason=tracking_pose_accepted
x=6.2499 y=3.94997 yaw=1.14153 score=0.967749 valid=1 mode=tracking state=TRACKING evaluated=789 execution_us=29155 reason=tracking_pose_accepted
x=6.2499 y=3.94997 yaw=1.1755 score=0.967671 valid=1 mode=tracking state=TRACKING evaluated=789 execution_us=28530 reason=tracking_pose_accepted
x=6.2499 y=3.94997 yaw=1.17456 score=0.967109 valid=1 mode=tracking state=TRACKING evaluated=789 execution_us=28928 reason=tracking_pose_accepted
x=6.2499 y=3.94997 yaw=1.17363 score=0.96819 valid=1 mode=tracking state=TRACKING evaluated=807 execution_us=30120 reason=tracking_pose_accepted
x=6.2499 y=3.94997 yaw=1.1727 score=0.96907 valid=1 mode=tracking state=TRACKING evaluated=789 execution_us=28783 reason=tracking_pose_accepted
x=6.2499 y=3.94997 yaw=1.17176 score=0.964896 valid=1 mode=tracking state=TRACKING evaluated=789 execution_us=28686 reason=tracking_pose_accepted
x=6.2499 y=3.94997 yaw=1.17083 score=0.971379 valid=1 mode=tracking state=TRACKING evaluated=789 execution_us=28679 reason=tracking_pose_accepted
x=6.2499 y=3.94997 yaw=1.16989 score=0.972946 valid=1 mode=tracking state=TRACKING evaluated=789 execution_us=28439 reason=tracking_pose_accepted
x=6.2499 y=3.94997 yaw=1.16896 score=0.972374 valid=1 mode=tracking state=TRACKING evaluated=789 execution_us=29121 reason=tracking_pose_accepted
x=6.2499 y=3.94997 yaw=1.18548 score=0.972643 valid=1 mode=tracking state=TRACKING evaluated=807 execution_us=29573 reason=tracking_pose_accepted
x=6.24989 y=3.94997 yaw=1.16709 score=0.972376 valid=1 mode=tracking state=TRACKING evaluated=789 execution_us=28916 reason=tracking_pose_accepted
x=6.24989 y=3.94997 yaw=1.16616 score=0.965897 valid=1 mode=tracking state=TRACKING evaluated=789 execution_us=28470 reason=tracking_pose_accepted
x=6.24989 y=3.94997 yaw=1.16522 score=0.972201 valid=1 mode=tracking state=TRACKING evaluated=807 execution_us=29368 reason=tracking_pose_accepted
x=6.24989 y=3.94997 yaw=1.16429 score=0.973537 valid=1 mode=tracking state=TRACKING evaluated=789 execution_us=29038 reason=tracking_pose_accepted
x=6.24989 y=3.94997 yaw=1.16336 score=0.976852 valid=1 mode=tracking state=TRACKING evaluated=807 execution_us=29176 reason=tracking_pose_accepted
x=6.24989 y=3.94997 yaw=1.16242 score=0.978039 valid=1 mode=tracking state=TRACKING evaluated=789 execution_us=28564 reason=tracking_pose_accepted
x=6.24989 y=3.94997 yaw=1.16149 score=0.971901 valid=1 mode=tracking state=TRACKING evaluated=807 execution_us=29867 reason=tracking_pose_accepted
x=6.24989 y=3.94997 yaw=1.16055 score=0.975359 valid=1 mode=tracking state=TRACKING evaluated=789 execution_us=28448 reason=tracking_pose_accepted
x=6.24989 y=3.94997 yaw=1.15962 score=0.967122 valid=1 mode=tracking state=TRACKING evaluated=807 execution_us=29641 reason=tracking_pose_accepted
x=6.24989 y=3.94997 yaw=1.15869 score=0.971069 valid=1 mode=tracking state=TRACKING evaluated=789 execution_us=28774 reason=tracking_pose_accepted
x=6.24989 y=3.94997 yaw=1.15775 score=0.969405 valid=1 mode=tracking state=TRACKING evaluated=807 execution_us=29104 reason=tracking_pose_accepted
x=6.24989 y=3.94997 yaw=1.15682 score=0.978281 valid=1 mode=tracking state=TRACKING evaluated=789 execution_us=28621 reason=tracking_pose_accepted
x=6.24989 y=3.94997 yaw=1.15588 score=0.967865 valid=1 mode=tracking state=TRACKING evaluated=789 execution_us=28678 reason=tracking_pose_accepted
x=6.24989 y=3.94997 yaw=1.15495 score=0.976565 valid=1 mode=tracking state=TRACKING evaluated=789 execution_us=28901 reason=tracking_pose_accepted
x=6.24989 y=3.94997 yaw=1.17147 score=0.978192 valid=1 mode=tracking state=TRACKING evaluated=789 execution_us=28319 reason=tracking_pose_accepted
x=6.24989 y=3.94997 yaw=1.17054 score=0.971268 valid=1 mode=tracking state=TRACKING evaluated=789 execution_us=28970 reason=tracking_pose_accepted
x=6.24989 y=3.94997 yaw=1.1696 score=0.975174 valid=1 mode=tracking state=TRACKING evaluated=807 execution_us=29399 reason=tracking_pose_accepted
x=6.24989 y=3.94997 yaw=1.16867 score=0.97178 valid=1 mode=tracking state=TRACKING evaluated=789 execution_us=29037 reason=tracking_pose_accepted
x=6.24989 y=3.94996 yaw=1.16773 score=0.975387 valid=1 mode=tracking state=TRACKING evaluated=807 execution_us=28971 reason=tracking_pose_accepted
x=6.24989 y=3.94996 yaw=1.1668 score=0.975163 valid=1 mode=tracking state=TRACKING evaluated=789 execution_us=28506 reason=tracking_pose_accepted
x=6.24989 y=3.94996 yaw=1.16587 score=0.975838 valid=1 mode=tracking state=TRACKING evaluated=807 execution_us=29613 reason=tracking_pose_accepted
x=6.24988 y=3.94996 yaw=1.16493 score=0.976279 valid=1 mode=tracking state=TRACKING evaluated=789 execution_us=28444 reason=tracking_pose_accepted
x=6.24988 y=3.94996 yaw=1.18145 score=0.97501 valid=1 mode=tracking state=TRACKING evaluated=807 execution_us=29260 reason=tracking_pose_accepted
x=6.24988 y=3.94996 yaw=1.18052 score=0.975963 valid=1 mode=tracking state=TRACKING evaluated=789 execution_us=28526 reason=tracking_pose_accepted
x=6.24988 y=3.94996 yaw=1.17958 score=0.975865 valid=1 mode=tracking state=TRACKING evaluated=789 execution_us=28551 reason=tracking_pose_accepted
x=6.24988 y=3.94996 yaw=1.1612 score=0.975522 valid=1 mode=tracking state=TRACKING evaluated=789 execution_us=29148 reason=tracking_pose_accepted
x=6.24988 y=3.94996 yaw=1.17772 score=0.976059 valid=1 mode=tracking state=TRACKING evaluated=789 execution_us=28806 reason=tracking_pose_accepted
x=6.24988 y=3.94996 yaw=1.15933 score=0.975148 valid=1 mode=tracking state=TRACKING evaluated=789 execution_us=29090 reason=tracking_pose_accepted
x=6.24988 y=3.94996 yaw=1.17585 score=0.976026 valid=1 mode=tracking state=TRACKING evaluated=807 execution_us=30453 reason=tracking_pose_accepted
x=6.24988 y=3.94996 yaw=1.17491 score=0.97501 valid=1 mode=tracking state=TRACKING evaluated=789 execution_us=28791 reason=tracking_pose_accepted
x=6.24988 y=3.94996 yaw=1.17398 score=0.976219 valid=1 mode=tracking state=TRACKING evaluated=789 execution_us=29061 reason=tracking_pose_accepted
x=6.24988 y=3.94996 yaw=1.15559 score=0.975996 valid=1 mode=tracking state=TRACKING evaluated=789 execution_us=29015 reason=tracking_pose_accepted
x=6.24988 y=3.94996 yaw=1.15466 score=0.971157 valid=1 mode=tracking state=TRACKING evaluated=789 execution_us=28984 reason=tracking_pose_accepted
x=6.24988 y=3.94996 yaw=1.17118 score=0.975174 valid=1 mode=tracking state=TRACKING evaluated=807 execution_us=30162 reason=tracking_pose_accepted
x=6.24988 y=3.94996 yaw=1.17024 score=0.973804 valid=1 mode=tracking state=TRACKING evaluated=789 execution_us=29092 reason=tracking_pose_accepted
x=6.24988 y=3.94996 yaw=1.16931 score=0.972533 valid=1 mode=tracking state=TRACKING evaluated=789 execution_us=28602 reason=tracking_pose_accepted
x=6.24988 y=3.94996 yaw=1.16838 score=0.968832 valid=1 mode=tracking state=TRACKING evaluated=807 execution_us=30060 reason=tracking_pose_accepted
x=6.24988 y=3.94996 yaw=1.18489 score=0.973699 valid=1 mode=tracking state=TRACKING evaluated=789 execution_us=28798 reason=tracking_pose_accepted
x=6.24988 y=3.94996 yaw=1.16651 score=0.973581 valid=1 mode=tracking state=TRACKING evaluated=807 execution_us=29319 reason=tracking_pose_accepted
x=6.24988 y=3.94996 yaw=1.18303 score=0.973762 valid=1 mode=tracking state=TRACKING evaluated=789 execution_us=29129 reason=tracking_pose_accepted
x=6.24988 y=3.94996 yaw=1.16464 score=0.975111 valid=1 mode=tracking state=TRACKING evaluated=789 execution_us=28732 reason=tracking_pose_accepted
x=6.24988 y=3.94996 yaw=1.1637 score=0.973422 valid=1 mode=tracking state=TRACKING evaluated=789 execution_us=28662 reason=tracking_pose_accepted
x=6.24987 y=3.94996 yaw=1.18022 score=0.970667 valid=1 mode=tracking state=TRACKING evaluated=807 execution_us=29282 reason=tracking_pose_accepted
x=6.24987 y=3.94996 yaw=1.16184 score=0.973636 valid=1 mode=tracking state=TRACKING evaluated=789 execution_us=28904 reason=tracking_pose_accepted
x=6.24987 y=3.94996 yaw=1.17836 score=0.973359 valid=1 mode=tracking state=TRACKING evaluated=789 execution_us=29078 reason=tracking_pose_accepted
x=6.24987 y=3.94996 yaw=1.15997 score=0.973422 valid=1 mode=tracking state=TRACKING evaluated=789 execution_us=28435 reason=tracking_pose_accepted
x=6.24987 y=3.94996 yaw=1.15903 score=0.974675 valid=1 mode=tracking state=TRACKING evaluated=789 execution_us=28884 reason=tracking_pose_accepted
x=6.24987 y=3.94996 yaw=1.1581 score=0.974369 valid=1 mode=tracking state=TRACKING evaluated=789 execution_us=29137 reason=tracking_pose_accepted
x=6.24987 y=3.94996 yaw=1.15717 score=0.972581 valid=1 mode=tracking state=TRACKING evaluated=789 execution_us=28682 reason=tracking_pose_accepted
x=6.24987 y=3.94996 yaw=1.17369 score=0.973118 valid=1 mode=tracking state=TRACKING evaluated=789 execution_us=29655 reason=tracking_pose_accepted
x=6.24987 y=3.94996 yaw=1.17275 score=0.973688 valid=1 mode=tracking state=TRACKING evaluated=789 execution_us=28897 reason=tracking_pose_accepted
x=6.24987 y=3.94996 yaw=1.17182 score=0.973962 valid=1 mode=tracking state=TRACKING evaluated=789 execution_us=28670 reason=tracking_pose_accepted
x=6.24987 y=3.94996 yaw=1.17088 score=0.974972 valid=1 mode=tracking state=TRACKING evaluated=807 execution_us=29767 reason=tracking_pose_accepted
x=6.24987 y=3.94996 yaw=1.16995 score=0.974534 valid=1 mode=tracking state=TRACKING evaluated=789 execution_us=28700 reason=tracking_pose_accepted
x=6.24987 y=3.94996 yaw=1.16902 score=0.974108 valid=1 mode=tracking state=TRACKING evaluated=807 execution_us=29370 reason=tracking_pose_accepted
x=6.24987 y=3.94996 yaw=1.16808 score=0.975111 valid=1 mode=tracking state=TRACKING evaluated=789 execution_us=28987 reason=tracking_pose_accepted
x=6.24987 y=3.94996 yaw=1.16715 score=0.97443 valid=1 mode=tracking state=TRACKING evaluated=807 execution_us=29048 reason=tracking_pose_accepted
x=6.24987 y=3.94995 yaw=1.16621 score=0.974908 valid=1 mode=tracking state=TRACKING evaluated=789 execution_us=28522 reason=tracking_pose_accepted
x=6.24987 y=3.94995 yaw=1.16528 score=0.975111 valid=1 mode=tracking state=TRACKING evaluated=807 execution_us=29627 reason=tracking_pose_accepted
x=6.24987 y=3.94995 yaw=1.16435 score=0.973466 valid=1 mode=tracking state=TRACKING evaluated=789 execution_us=28958 reason=tracking_pose_accepted
x=6.24987 y=3.94995 yaw=1.18087 score=0.976059 valid=1 mode=tracking state=TRACKING evaluated=807 execution_us=29962 reason=tracking_pose_accepted
x=6.24987 y=3.94995 yaw=1.17993 score=0.975111 valid=1 mode=tracking state=TRACKING evaluated=789 execution_us=28581 reason=tracking_pose_accepted
x=6.24987 y=3.94995 yaw=1.179 score=0.97578 valid=1 mode=tracking state=TRACKING evaluated=789 execution_us=28755 reason=tracking_pose_accepted
x=6.24986 y=3.94995 yaw=1.16061 score=0.975585 valid=1 mode=tracking state=TRACKING evaluated=789 execution_us=29019 reason=tracking_pose_accepted
x=6.24986 y=3.94995 yaw=1.17713 score=0.974597 valid=1 mode=tracking state=TRACKING evaluated=789 execution_us=28477 reason=tracking_pose_accepted
x=6.24986 y=3.94995 yaw=1.1762 score=0.974636 valid=1 mode=tracking state=TRACKING evaluated=789 execution_us=28790 reason=tracking_pose_accepted
x=6.24986 y=3.94995 yaw=1.17526 score=0.974162 valid=1 mode=tracking state=TRACKING evaluated=789 execution_us=29020 reason=tracking_pose_accepted
x=6.24986 y=3.94995 yaw=1.17433 score=0.97447 valid=1 mode=tracking state=TRACKING evaluated=789 execution_us=28821 reason=tracking_pose_accepted
x=6.24986 y=3.94995 yaw=1.17339 score=0.974908 valid=1 mode=tracking state=TRACKING evaluated=789 execution_us=28641 reason=tracking_pose_accepted
x=6.24986 y=3.94995 yaw=1.17246 score=0.976659 valid=1 mode=tracking state=TRACKING evaluated=789 execution_us=29901 reason=tracking_pose_accepted
x=6.24986 y=3.94995 yaw=1.17153 score=0.975174 valid=1 mode=tracking state=TRACKING evaluated=789 execution_us=29069 reason=tracking_pose_accepted
x=6.24986 y=3.94995 yaw=1.17059 score=0.976407 valid=1 mode=tracking state=TRACKING evaluated=807 execution_us=29721 reason=tracking_pose_accepted
x=6.24986 y=3.94995 yaw=1.16966 score=0.973952 valid=1 mode=tracking state=TRACKING evaluated=789 execution_us=28634 reason=tracking_pose_accepted
x=6.24986 y=3.94995 yaw=1.16872 score=0.97501 valid=1 mode=tracking state=TRACKING evaluated=789 execution_us=28882 reason=tracking_pose_accepted
x=6.24986 y=3.94995 yaw=1.16779 score=0.975877 valid=1 mode=tracking state=TRACKING evaluated=807 execution_us=30060 reason=tracking_pose_accepted
x=6.24986 y=3.94995 yaw=1.18431 score=0.976565 valid=1 mode=tracking state=TRACKING evaluated=789 execution_us=28901 reason=tracking_pose_accepted
x=6.24986 y=3.94995 yaw=1.16592 score=0.975227 valid=1 mode=tracking state=TRACKING evaluated=807 execution_us=29431 reason=tracking_pose_accepted
x=6.24986 y=3.94995 yaw=1.16499 score=0.974369 valid=1 mode=tracking state=TRACKING evaluated=789 execution_us=29260 reason=tracking_pose_accepted
x=6.24986 y=3.94995 yaw=1.16405 score=0.975247 valid=1 mode=tracking state=TRACKING evaluated=789 execution_us=29091 reason=tracking_pose_accepted
x=6.24986 y=3.94995 yaw=1.18057 score=0.975585 valid=1 mode=tracking state=TRACKING evaluated=807 execution_us=29791 reason=tracking_pose_accepted
x=6.24986 y=3.94995 yaw=1.17964 score=0.975423 valid=1 mode=tracking state=TRACKING evaluated=789 execution_us=28650 reason=tracking_pose_accepted
x=6.24986 y=3.94995 yaw=1.16125 score=0.975996 valid=1 mode=tracking state=TRACKING evaluated=789 execution_us=28608 reason=tracking_pose_accepted
x=6.24986 y=3.94995 yaw=1.17777 score=0.977172 valid=1 mode=tracking state=TRACKING evaluated=789 execution_us=28658 reason=tracking_pose_accepted
x=6.24986 y=3.94995 yaw=1.17684 score=0.975766 valid=1 mode=tracking state=TRACKING evaluated=789 execution_us=28290 reason=tracking_pose_accepted
x=6.24985 y=3.94995 yaw=1.1759 score=0.975391 valid=1 mode=tracking state=TRACKING evaluated=789 execution_us=28517 reason=tracking_pose_accepted
x=6.24985 y=3.94995 yaw=1.17497 score=0.974721 valid=1 mode=tracking state=TRACKING evaluated=807 execution_us=29957 reason=tracking_pose_accepted
x=6.24985 y=3.94995 yaw=1.15658 score=0.976093 valid=1 mode=tracking state=TRACKING evaluated=789 execution_us=29007 reason=tracking_pose_accepted
x=6.24985 y=3.94995 yaw=1.1731 score=0.976471 valid=1 mode=tracking state=TRACKING evaluated=789 execution_us=29133 reason=tracking_pose_accepted
x=6.24985 y=3.94995 yaw=1.17217 score=0.971015 valid=1 mode=tracking state=TRACKING evaluated=789 execution_us=28844 reason=tracking_pose_accepted
x=6.24985 y=3.94995 yaw=1.17123 score=0.97443 valid=1 mode=tracking state=TRACKING evaluated=807 execution_us=29000 reason=tracking_pose_accepted
x=6.24985 y=3.94995 yaw=1.1703 score=0.975683 valid=1 mode=tracking state=TRACKING evaluated=789 execution_us=29025 reason=tracking_pose_accepted
x=6.24985 y=3.94995 yaw=1.16936 score=0.97555 valid=1 mode=tracking state=TRACKING evaluated=789 execution_us=28634 reason=tracking_pose_accepted
x=6.24985 y=3.94995 yaw=1.16843 score=0.974534 valid=1 mode=tracking state=TRACKING evaluated=807 execution_us=29460 reason=tracking_pose_accepted
x=6.24985 y=3.94995 yaw=1.1675 score=0.97501 valid=1 mode=tracking state=TRACKING evaluated=789 execution_us=28893 reason=tracking_pose_accepted
x=6.24985 y=3.94995 yaw=1.18402 score=0.977264 valid=1 mode=tracking state=TRACKING evaluated=807 execution_us=29394 reason=tracking_pose_accepted
x=6.24985 y=3.94995 yaw=1.18308 score=0.976093 valid=1 mode=tracking state=TRACKING evaluated=789 execution_us=28769 reason=tracking_pose_accepted
x=6.24985 y=3.94995 yaw=1.16469 score=0.975683 valid=1 mode=tracking state=TRACKING evaluated=789 execution_us=28708 reason=tracking_pose_accepted
x=6.24985 y=3.94995 yaw=1.18121 score=0.971553 valid=1 mode=tracking state=TRACKING evaluated=789 execution_us=28838 reason=tracking_pose_accepted
x=6.24985 y=3.94994 yaw=1.18028 score=0.97501 valid=1 mode=tracking state=TRACKING evaluated=807 execution_us=29762 reason=tracking_pose_accepted
x=6.24985 y=3.94994 yaw=1.17935 score=0.976343 valid=1 mode=tracking state=TRACKING evaluated=789 execution_us=28317 reason=tracking_pose_accepted
x=6.24985 y=3.94994 yaw=1.16096 score=0.975408 valid=1 mode=tracking state=TRACKING evaluated=789 execution_us=29171 reason=tracking_pose_accepted
x=6.24985 y=3.94994 yaw=1.17748 score=0.973793 valid=1 mode=tracking state=TRACKING evaluated=789 execution_us=28699 reason=tracking_pose_accepted
x=6.24985 y=3.94994 yaw=1.17654 score=0.974813 valid=1 mode=tracking state=TRACKING evaluated=789 execution_us=28328 reason=tracking_pose_accepted
x=6.24985 y=3.94994 yaw=1.17561 score=0.97487 valid=1 mode=tracking state=TRACKING evaluated=789 execution_us=28354 reason=tracking_pose_accepted
x=6.24985 y=3.94994 yaw=1.17468 score=0.974534 valid=1 mode=tracking state=TRACKING evaluated=789 execution_us=28515 reason=tracking_pose_accepted
x=6.24984 y=3.94994 yaw=1.17374 score=0.975996 valid=1 mode=tracking state=TRACKING evaluated=807 execution_us=29641 reason=tracking_pose_accepted
x=6.24984 y=3.94994 yaw=1.17281 score=0.975053 valid=1 mode=tracking state=TRACKING evaluated=789 execution_us=29169 reason=tracking_pose_accepted
x=6.24984 y=3.94994 yaw=1.15442 score=0.97447 valid=1 mode=tracking state=TRACKING evaluated=789 execution_us=28695 reason=tracking_pose_accepted
x=6.24984 y=3.94994 yaw=1.17094 score=0.974225 valid=1 mode=tracking state=TRACKING evaluated=807 execution_us=29369 reason=tracking_pose_accepted
x=6.24984 y=3.94994 yaw=1.17001 score=0.976598 valid=1 mode=tracking state=TRACKING evaluated=789 execution_us=28521 reason=tracking_pose_accepted
x=6.24984 y=3.94994 yaw=1.16907 score=0.974644 valid=1 mode=tracking state=TRACKING evaluated=789 execution_us=28824 reason=tracking_pose_accepted
x=6.24984 y=3.94994 yaw=1.16814 score=0.975963 valid=1 mode=tracking state=TRACKING evaluated=789 execution_us=28764 reason=tracking_pose_accepted
x=6.24984 y=3.94994 yaw=1.18466 score=0.977419 valid=1 mode=tracking state=TRACKING evaluated=789 execution_us=29043 reason=tracking_pose_accepted
x=6.24984 y=3.94994 yaw=1.16627 score=0.975153 valid=1 mode=tracking state=TRACKING evaluated=807 execution_us=29888 reason=tracking_pose_accepted
x=6.24984 y=3.94994 yaw=1.16534 score=0.974171 valid=1 mode=tracking state=TRACKING evaluated=789 execution_us=29106 reason=tracking_pose_accepted
x=6.24984 y=3.94994 yaw=1.1644 score=0.974478 valid=1 mode=tracking state=TRACKING evaluated=789 execution_us=28862 reason=tracking_pose_accepted
x=6.24984 y=3.94994 yaw=1.16347 score=0.975996 valid=1 mode=tracking state=TRACKING evaluated=807 execution_us=29559 reason=tracking_pose_accepted
x=6.24984 y=3.94994 yaw=1.16253 score=0.973898 valid=1 mode=tracking state=TRACKING evaluated=789 execution_us=29610 reason=tracking_pose_accepted
x=6.24984 y=3.94994 yaw=1.17905 score=0.973856 valid=1 mode=tracking state=TRACKING evaluated=807 execution_us=29574 reason=tracking_pose_accepted
x=6.24984 y=3.94994 yaw=1.17812 score=0.970035 valid=1 mode=tracking state=TRACKING evaluated=789 execution_us=28771 reason=tracking_pose_accepted
x=6.24984 y=3.94994 yaw=1.15973 score=0.974306 valid=1 mode=tracking state=TRACKING evaluated=789 execution_us=29045 reason=tracking_pose_accepted
x=6.24984 y=3.94994 yaw=1.1588 score=0.971971 valid=1 mode=tracking state=TRACKING evaluated=789 execution_us=29013 reason=tracking_pose_accepted
x=6.24984 y=3.94994 yaw=1.15786 score=0.972581 valid=1 mode=tracking state=TRACKING evaluated=789 execution_us=28726 reason=tracking_pose_accepted
x=6.24984 y=3.94994 yaw=1.17438 score=0.973708 valid=1 mode=tracking state=TRACKING evaluated=789 execution_us=28511 reason=tracking_pose_accepted
x=6.24984 y=3.94994 yaw=1.17345 score=0.973378 valid=1 mode=tracking state=TRACKING evaluated=789 execution_us=28683 reason=tracking_pose_accepted
x=6.24984 y=3.94994 yaw=1.17252 score=0.972057 valid=1 mode=tracking state=TRACKING evaluated=789 execution_us=29174 reason=tracking_pose_accepted
x=6.24983 y=3.94994 yaw=1.17158 score=0.965871 valid=1 mode=tracking state=TRACKING evaluated=807 execution_us=29842 reason=tracking_pose_accepted
x=6.24983 y=3.94994 yaw=1.17065 score=0.970886 valid=1 mode=tracking state=TRACKING evaluated=789 execution_us=29077 reason=tracking_pose_accepted
x=6.24983 y=3.94994 yaw=1.16971 score=0.972391 valid=1 mode=tracking state=TRACKING evaluated=807 execution_us=29597 reason=tracking_pose_accepted
x=6.24983 y=3.94994 yaw=1.16878 score=0.971984 valid=1 mode=tracking state=TRACKING evaluated=789 execution_us=28845 reason=tracking_pose_accepted
x=6.24983 y=3.94994 yaw=1.16785 score=0.970056 valid=1 mode=tracking state=TRACKING evaluated=807 execution_us=29283 reason=tracking_pose_accepted
x=6.24983 y=3.94994 yaw=1.16691 score=0.969898 valid=1 mode=tracking state=TRACKING evaluated=789 execution_us=28779 reason=tracking_pose_accepted
x=6.24983 y=3.94994 yaw=1.16598 score=0.968912 valid=1 mode=tracking state=TRACKING evaluated=807 execution_us=29589 reason=tracking_pose_accepted
x=6.29983 y=3.99994 yaw=1.1825 score=0.967478 valid=1 mode=tracking state=TRACKING evaluated=789 execution_us=29320 reason=tracking_pose_accepted
x=6.24983 y=3.99994 yaw=1.14666 score=0.948273 valid=1 mode=tracking state=TRACKING evaluated=789 execution_us=29829 reason=tracking_pose_accepted
x=6.24983 y=3.94993 yaw=1.16318 score=0.970533 valid=1 mode=tracking state=TRACKING evaluated=789 execution_us=28641 reason=tracking_pose_accepted
x=6.24983 y=3.94993 yaw=1.16224 score=0.9645 valid=1 mode=tracking state=TRACKING evaluated=789 execution_us=28896 reason=tracking_pose_accepted
x=6.24983 y=3.94993 yaw=1.16131 score=0.972691 valid=1 mode=tracking state=TRACKING evaluated=807 execution_us=29537 reason=tracking_pose_accepted
x=6.24983 y=3.94993 yaw=1.16037 score=0.969576 valid=1 mode=tracking state=TRACKING evaluated=789 execution_us=28718 reason=tracking_pose_accepted
x=6.24983 y=3.94993 yaw=1.15944 score=0.971746 valid=1 mode=tracking state=TRACKING evaluated=807 execution_us=29755 reason=tracking_pose_accepted
x=6.24983 y=3.94993 yaw=1.15851 score=0.969418 valid=1 mode=tracking state=TRACKING evaluated=789 execution_us=28766 reason=tracking_pose_accepted
x=6.24983 y=3.94993 yaw=1.15757 score=0.967742 valid=1 mode=tracking state=TRACKING evaluated=789 execution_us=29021 reason=tracking_pose_accepted
x=6.24983 y=3.94993 yaw=1.15664 score=0.970864 valid=1 mode=tracking state=TRACKING evaluated=807 execution_us=29445 reason=tracking_pose_accepted
x=6.24983 y=3.94993 yaw=1.17316 score=0.970413 valid=1 mode=tracking state=TRACKING evaluated=789 execution_us=28309 reason=tracking_pose_accepted
x=6.24983 y=3.94993 yaw=1.17222 score=0.967478 valid=1 mode=tracking state=TRACKING evaluated=789 execution_us=29370 reason=tracking_pose_accepted
x=6.24983 y=3.94993 yaw=1.17129 score=0.969323 valid=1 mode=tracking state=TRACKING evaluated=789 execution_us=28577 reason=tracking_pose_accepted
x=6.24983 y=3.94993 yaw=1.17035 score=0.964218 valid=1 mode=tracking state=TRACKING evaluated=789 execution_us=28825 reason=tracking_pose_accepted
x=6.24982 y=3.94993 yaw=1.15197 score=0.962029 valid=1 mode=tracking state=TRACKING evaluated=807 execution_us=29870 reason=tracking_pose_accepted
x=6.24982 y=3.94993 yaw=1.15103 score=0.961812 valid=1 mode=tracking state=TRACKING evaluated=789 execution_us=28639 reason=tracking_pose_accepted
x=6.24982 y=3.99993 yaw=1.1501 score=0.960753 valid=1 mode=tracking state=TRACKING evaluated=789 execution_us=28767 reason=tracking_pose_accepted
x=6.19982 y=3.99993 yaw=1.18407 score=0.957697 valid=1 mode=tracking state=TRACKING evaluated=807 execution_us=29607 reason=tracking_pose_accepted
x=6.19982 y=3.99993 yaw=1.20059 score=0.95846 valid=1 mode=tracking state=TRACKING evaluated=789 execution_us=28976 reason=tracking_pose_accepted
x=6.14982 y=3.99993 yaw=1.16475 score=0.923827 valid=1 mode=tracking state=TRACKING evaluated=807 execution_us=30203 reason=tracking_pose_accepted
x=6.09982 y=3.99993 yaw=1.19872 score=0.946374 valid=1 mode=tracking state=TRACKING evaluated=789 execution_us=29835 reason=tracking_pose_accepted
x=6.04982 y=3.99993 yaw=1.2327 score=0.946792 valid=1 mode=tracking state=TRACKING evaluated=807 execution_us=29832 reason=tracking_pose_accepted
x=5.94982 y=3.99993 yaw=1.23176 score=0.955878 valid=1 mode=tracking state=TRACKING evaluated=789 execution_us=29076 reason=tracking_pose_accepted
x=5.89982 y=3.99993 yaw=1.19592 score=0.96556 valid=1 mode=tracking state=TRACKING evaluated=789 execution_us=28944 reason=tracking_pose_accepted
x=5.84982 y=3.99993 yaw=1.19499 score=0.965022 valid=1 mode=tracking state=TRACKING evaluated=789 execution_us=28947 reason=tracking_pose_accepted
x=5.79982 y=4.04993 yaw=1.19405 score=0.957387 valid=1 mode=tracking state=TRACKING evaluated=789 execution_us=28960 reason=tracking_pose_accepted
x=5.74982 y=3.99993 yaw=1.19312 score=0.972439 valid=1 mode=tracking state=TRACKING evaluated=789 execution_us=29274 reason=tracking_pose_accepted
x=5.69982 y=3.99993 yaw=1.17473 score=0.96828 valid=1 mode=tracking state=TRACKING evaluated=789 execution_us=29122 reason=tracking_pose_accepted
x=5.64982 y=3.99993 yaw=1.1738 score=0.969161 valid=1 mode=tracking state=TRACKING evaluated=789 execution_us=29017 reason=tracking_pose_accepted
x=5.59982 y=3.99993 yaw=1.17286 score=0.963884 valid=1 mode=tracking state=TRACKING evaluated=789 execution_us=28569 reason=tracking_pose_accepted
x=5.54982 y=3.99993 yaw=1.17193 score=0.967331 valid=1 mode=tracking state=TRACKING evaluated=807 execution_us=29554 reason=tracking_pose_accepted
x=5.49982 y=3.99993 yaw=1.17099 score=0.969862 valid=1 mode=tracking state=TRACKING evaluated=789 execution_us=28966 reason=tracking_pose_accepted
x=5.44982 y=3.99993 yaw=1.20497 score=0.972865 valid=1 mode=tracking state=TRACKING evaluated=807 execution_us=29343 reason=tracking_pose_accepted
x=5.34981 y=3.99993 yaw=1.20403 score=0.969221 valid=1 mode=tracking state=TRACKING evaluated=789 execution_us=29535 reason=tracking_pose_accepted
x=5.29981 y=3.99992 yaw=1.18565 score=0.962975 valid=1 mode=tracking state=TRACKING evaluated=807 execution_us=29122 reason=tracking_pose_accepted
x=5.24981 y=3.99992 yaw=1.18471 score=0.961438 valid=1 mode=tracking state=TRACKING evaluated=789 execution_us=28829 reason=tracking_pose_accepted
x=5.19981 y=3.99992 yaw=1.21868 score=0.966166 valid=1 mode=tracking state=TRACKING evaluated=807 execution_us=28313 reason=tracking_pose_accepted
x=5.14981 y=3.99992 yaw=1.27011 score=0.967337 valid=1 mode=tracking state=TRACKING evaluated=789 execution_us=27035 reason=tracking_pose_accepted
x=5.09981 y=3.99992 yaw=1.32154 score=0.970685 valid=1 mode=tracking state=TRACKING evaluated=807 execution_us=29292 reason=tracking_pose_accepted
x=5.04981 y=3.94992 yaw=1.3206 score=0.971137 valid=1 mode=tracking state=TRACKING evaluated=789 execution_us=28787 reason=tracking_pose_accepted
x=5.04981 y=3.94992 yaw=1.28476 score=0.972549 valid=1 mode=tracking state=TRACKING evaluated=789 execution_us=28376 reason=tracking_pose_accepted
x=4.99981 y=3.94992 yaw=1.24892 score=0.97074 valid=1 mode=tracking state=TRACKING evaluated=807 execution_us=29196 reason=tracking_pose_accepted
x=5.04981 y=3.94992 yaw=1.26544 score=0.966721 valid=1 mode=tracking state=TRACKING evaluated=807 execution_us=29656 reason=tracking_pose_accepted
x=5.04981 y=3.99992 yaw=1.2296 score=0.961234 valid=1 mode=tracking state=TRACKING evaluated=789 execution_us=28127 reason=tracking_pose_accepted
x=5.04981 y=3.99992 yaw=1.22866 score=0.972104 valid=1 mode=tracking state=TRACKING evaluated=789 execution_us=28614 reason=tracking_pose_accepted
x=5.04981 y=3.99992 yaw=1.21028 score=0.972983 valid=1 mode=tracking state=TRACKING evaluated=789 execution_us=28317 reason=tracking_pose_accepted
x=5.04981 y=3.94992 yaw=1.20934 score=0.965367 valid=1 mode=tracking state=TRACKING evaluated=807 execution_us=30091 reason=tracking_pose_accepted
x=5.04981 y=3.94992 yaw=1.1735 score=0.977799 valid=1 mode=tracking state=TRACKING evaluated=789 execution_us=28342 reason=tracking_pose_accepted
x=5.04981 y=3.99992 yaw=1.12021 score=0.965735 valid=1 mode=tracking state=TRACKING evaluated=789 execution_us=27730 reason=tracking_pose_accepted
x=5.04981 y=3.94992 yaw=1.13673 score=0.968164 valid=1 mode=tracking state=TRACKING evaluated=789 execution_us=27430 reason=tracking_pose_accepted
x=5.04981 y=3.94992 yaw=1.15325 score=0.972598 valid=1 mode=tracking state=TRACKING evaluated=789 execution_us=28137 reason=tracking_pose_accepted
x=5.04981 y=3.94992 yaw=1.18722 score=0.97451 valid=1 mode=tracking state=TRACKING evaluated=807 execution_us=28692 reason=tracking_pose_accepted
x=5.04981 y=3.94992 yaw=1.18629 score=0.975526 valid=1 mode=tracking state=TRACKING evaluated=789 execution_us=28586 reason=tracking_pose_accepted
x=5.04981 y=3.94992 yaw=1.18535 score=0.975137 valid=1 mode=tracking state=TRACKING evaluated=807 execution_us=29026 reason=tracking_pose_accepted
x=5.04981 y=3.94992 yaw=1.18442 score=0.974534 valid=1 mode=tracking state=TRACKING evaluated=789 execution_us=28592 reason=tracking_pose_accepted
x=5.0498 y=3.94992 yaw=1.18348 score=0.972646 valid=1 mode=tracking state=TRACKING evaluated=807 execution_us=28688 reason=tracking_pose_accepted
x=5.0498 y=3.94992 yaw=1.2 score=0.973271 valid=1 mode=tracking state=TRACKING evaluated=789 execution_us=27782 reason=tracking_pose_accepted
x=5.0498 y=3.94992 yaw=1.19907 score=0.970878 valid=1 mode=tracking state=TRACKING evaluated=807 execution_us=28360 reason=tracking_pose_accepted
x=5.0498 y=3.94992 yaw=1.19813 score=0.965991 valid=1 mode=tracking state=TRACKING evaluated=789 execution_us=27682 reason=tracking_pose_accepted
x=5.0498 y=3.94992 yaw=1.21465 score=0.971114 valid=1 mode=tracking state=TRACKING evaluated=807 execution_us=27995 reason=tracking_pose_accepted
x=5.0998 y=3.94992 yaw=1.23117 score=0.974386 valid=1 mode=tracking state=TRACKING evaluated=789 execution_us=27907 reason=tracking_pose_accepted
x=5.0498 y=3.94992 yaw=1.23024 score=0.971634 valid=1 mode=tracking state=TRACKING evaluated=807 execution_us=28516 reason=tracking_pose_accepted
x=5.0498 y=3.94991 yaw=1.2293 score=0.972891 valid=1 mode=tracking state=TRACKING evaluated=789 execution_us=27949 reason=tracking_pose_accepted
x=5.0498 y=3.94991 yaw=1.22837 score=0.970629 valid=1 mode=tracking state=TRACKING evaluated=807 execution_us=28899 reason=tracking_pose_accepted
x=5.0498 y=3.94991 yaw=1.22744 score=0.972851 valid=1 mode=tracking state=TRACKING evaluated=789 execution_us=27314 reason=tracking_pose_accepted
x=5.0498 y=3.94991 yaw=1.2265 score=0.971556 valid=1 mode=tracking state=TRACKING evaluated=807 execution_us=28735 reason=tracking_pose_accepted
x=5.0498 y=3.94991 yaw=1.22557 score=0.971755 valid=1 mode=tracking state=TRACKING evaluated=789 execution_us=28278 reason=tracking_pose_accepted
x=5.0498 y=3.94991 yaw=1.20718 score=0.973353 valid=1 mode=tracking state=TRACKING evaluated=807 execution_us=28331 reason=tracking_pose_accepted
x=5.0498 y=3.94991 yaw=1.20625 score=0.973576 valid=1 mode=tracking state=TRACKING evaluated=789 execution_us=27255 reason=tracking_pose_accepted
x=5.0498 y=3.94991 yaw=1.20531 score=0.974062 valid=1 mode=tracking state=TRACKING evaluated=807 execution_us=28489 reason=tracking_pose_accepted
x=5.0998 y=3.94991 yaw=1.20438 score=0.973766 valid=1 mode=tracking state=TRACKING evaluated=789 execution_us=26713 reason=tracking_pose_accepted
x=5.0998 y=3.94991 yaw=1.18599 score=0.975706 valid=1 mode=tracking state=TRACKING evaluated=807 execution_us=27937 reason=tracking_pose_accepted
x=5.0498 y=3.94991 yaw=1.1676 score=0.975842 valid=1 mode=tracking state=TRACKING evaluated=789 execution_us=27554 reason=tracking_pose_accepted
x=5.0498 y=3.94991 yaw=1.14922 score=0.97587 valid=1 mode=tracking state=TRACKING evaluated=807 execution_us=28289 reason=tracking_pose_accepted
x=5.0498 y=3.94991 yaw=1.14828 score=0.976504 valid=1 mode=tracking state=TRACKING evaluated=789 execution_us=27344 reason=tracking_pose_accepted
x=5.0498 y=3.94991 yaw=1.14735 score=0.975507 valid=1 mode=tracking state=TRACKING evaluated=807 execution_us=27843 reason=tracking_pose_accepted
x=5.09979 y=3.94991 yaw=1.14641 score=0.976403 valid=1 mode=tracking state=TRACKING evaluated=789 execution_us=26915 reason=tracking_pose_accepted
x=5.04979 y=3.94991 yaw=1.14548 score=0.97597 valid=1 mode=tracking state=TRACKING evaluated=807 execution_us=28130 reason=tracking_pose_accepted
x=5.04979 y=3.94991 yaw=1.14455 score=0.975259 valid=1 mode=tracking state=TRACKING evaluated=789 execution_us=27049 reason=tracking_pose_accepted
x=5.09979 y=3.94991 yaw=1.16106 score=0.970737 valid=1 mode=tracking state=TRACKING evaluated=807 execution_us=28578 reason=tracking_pose_accepted
x=5.04979 y=3.94991 yaw=1.14268 score=0.972482 valid=1 mode=tracking state=TRACKING evaluated=789 execution_us=26906 reason=tracking_pose_accepted
x=5.04979 y=3.94991 yaw=1.14174 score=0.968227 valid=1 mode=tracking state=TRACKING evaluated=807 execution_us=27852 reason=tracking_pose_accepted
x=5.04979 y=3.94991 yaw=1.14081 score=0.967762 valid=1 mode=tracking state=TRACKING evaluated=789 execution_us=26678 reason=tracking_pose_accepted
x=5.04979 y=3.8999 yaw=1.17478 score=0.975865 valid=1 mode=tracking state=TRACKING evaluated=807 execution_us=27533 reason=tracking_pose_accepted
x=5.04979 y=3.8999 yaw=1.17385 score=0.970096 valid=1 mode=tracking state=TRACKING evaluated=789 execution_us=27623 reason=tracking_pose_accepted
x=5.04979 y=3.8999 yaw=1.19037 score=0.969446 valid=1 mode=tracking state=TRACKING evaluated=789 execution_us=26552 reason=tracking_pose_accepted
x=5.04979 y=3.8999 yaw=1.18943 score=0.972254 valid=1 mode=tracking state=TRACKING evaluated=807 execution_us=26858 reason=tracking_pose_accepted
x=5.09979 y=3.9499 yaw=1.17104 score=0.970799 valid=1 mode=tracking state=TRACKING evaluated=789 execution_us=26874 reason=tracking_pose_accepted
x=5.04979 y=3.9499 yaw=1.15266 score=0.977074 valid=1 mode=tracking state=TRACKING evaluated=789 execution_us=26960 reason=tracking_pose_accepted
x=5.04979 y=3.9499 yaw=1.15172 score=0.975388 valid=1 mode=tracking state=TRACKING evaluated=789 execution_us=27780 reason=tracking_pose_accepted
x=5.04979 y=3.9499 yaw=1.16824 score=0.975761 valid=1 mode=tracking state=TRACKING evaluated=807 execution_us=27484 reason=tracking_pose_accepted
x=5.09979 y=3.9499 yaw=1.16731 score=0.976841 valid=1 mode=tracking state=TRACKING evaluated=789 execution_us=27156 reason=tracking_pose_accepted
x=5.09979 y=3.9499 yaw=1.16637 score=0.973071 valid=1 mode=tracking state=TRACKING evaluated=807 execution_us=28095 reason=tracking_pose_accepted
x=5.04979 y=3.9499 yaw=1.16544 score=0.975761 valid=1 mode=tracking state=TRACKING evaluated=789 execution_us=26947 reason=tracking_pose_accepted
x=5.04979 y=3.9499 yaw=1.16451 score=0.973477 valid=1 mode=tracking state=TRACKING evaluated=807 execution_us=28486 reason=tracking_pose_accepted
x=5.04979 y=3.9499 yaw=1.16357 score=0.975403 valid=1 mode=tracking state=TRACKING evaluated=789 execution_us=27545 reason=tracking_pose_accepted
x=5.04979 y=3.9499 yaw=1.16264 score=0.970387 valid=1 mode=tracking state=TRACKING evaluated=807 execution_us=27711 reason=tracking_pose_accepted
x=5.09978 y=3.9499 yaw=1.17916 score=0.977966 valid=1 mode=tracking state=TRACKING evaluated=789 execution_us=27503 reason=tracking_pose_accepted
x=5.04978 y=3.9499 yaw=1.17822 score=0.971103 valid=1 mode=tracking state=TRACKING evaluated=807 execution_us=28495 reason=tracking_pose_accepted
x=5.04978 y=3.9499 yaw=1.15984 score=0.974909 valid=1 mode=tracking state=TRACKING evaluated=789 execution_us=27632 reason=tracking_pose_accepted
x=5.04978 y=3.9499 yaw=1.1589 score=0.974022 valid=1 mode=tracking state=TRACKING evaluated=807 execution_us=28770 reason=tracking_pose_accepted
x=5.04978 y=3.9499 yaw=1.15797 score=0.976237 valid=1 mode=tracking state=TRACKING evaluated=789 execution_us=27330 reason=tracking_pose_accepted
x=5.04978 y=3.9499 yaw=1.15703 score=0.975683 valid=1 mode=tracking state=TRACKING evaluated=807 execution_us=27595 reason=tracking_pose_accepted
x=5.04978 y=3.9499 yaw=1.1561 score=0.975553 valid=1 mode=tracking state=TRACKING evaluated=789 execution_us=27511 reason=tracking_pose_accepted
x=5.09978 y=3.9499 yaw=1.17262 score=0.97465 valid=1 mode=tracking state=TRACKING evaluated=807 execution_us=28156 reason=tracking_pose_accepted
x=5.09978 y=3.94989 yaw=1.17168 score=0.975369 valid=1 mode=tracking state=TRACKING evaluated=789 execution_us=27394 reason=tracking_pose_accepted
x=5.04978 y=3.94989 yaw=1.17075 score=0.973426 valid=1 mode=tracking state=TRACKING evaluated=807 execution_us=28333 reason=tracking_pose_accepted
x=5.09978 y=3.94989 yaw=1.16982 score=0.977945 valid=1 mode=tracking state=TRACKING evaluated=789 execution_us=27149 reason=tracking_pose_accepted
x=5.04978 y=3.94989 yaw=1.16888 score=0.97555 valid=1 mode=tracking state=TRACKING evaluated=807 execution_us=27250 reason=tracking_pose_accepted
x=5.04978 y=3.94989 yaw=1.16795 score=0.976471 valid=1 mode=tracking state=TRACKING evaluated=789 execution_us=27582 reason=tracking_pose_accepted
x=5.04978 y=3.94989 yaw=1.16701 score=0.975891 valid=1 mode=tracking state=TRACKING evaluated=807 execution_us=27299 reason=tracking_pose_accepted
x=5.04978 y=3.94989 yaw=1.16608 score=0.972665 valid=1 mode=tracking state=TRACKING evaluated=789 execution_us=27859 reason=tracking_pose_accepted
x=5.09978 y=3.94989 yaw=1.16514 score=0.977007 valid=1 mode=tracking state=TRACKING evaluated=807 execution_us=27660 reason=tracking_pose_accepted
x=5.04978 y=3.94989 yaw=1.16421 score=0.974889 valid=1 mode=tracking state=TRACKING evaluated=789 execution_us=27771 reason=tracking_pose_accepted
x=5.04978 y=3.94989 yaw=1.16328 score=0.976504 valid=1 mode=tracking state=TRACKING evaluated=807 execution_us=28102 reason=tracking_pose_accepted
x=5.04978 y=3.94989 yaw=1.16234 score=0.973259 valid=1 mode=tracking state=TRACKING evaluated=789 execution_us=26785 reason=tracking_pose_accepted
x=5.04978 y=3.94989 yaw=1.16141 score=0.975302 valid=1 mode=tracking state=TRACKING evaluated=807 execution_us=27859 reason=tracking_pose_accepted
x=5.04978 y=3.94989 yaw=1.16047 score=0.971859 valid=1 mode=tracking state=TRACKING evaluated=789 execution_us=26956 reason=tracking_pose_accepted
x=5.09977 y=3.94989 yaw=1.17699 score=0.975806 valid=1 mode=tracking state=TRACKING evaluated=807 execution_us=28032 reason=tracking_pose_accepted
x=5.04977 y=3.94989 yaw=1.15861 score=0.974802 valid=1 mode=tracking state=TRACKING evaluated=789 execution_us=27702 reason=tracking_pose_accepted
x=5.04977 y=3.94989 yaw=1.15767 score=0.971998 valid=1 mode=tracking state=TRACKING evaluated=807 execution_us=27874 reason=tracking_pose_accepted
x=5.04977 y=3.94989 yaw=1.15674 score=0.976705 valid=1 mode=tracking state=TRACKING evaluated=789 execution_us=27011 reason=tracking_pose_accepted
x=5.09977 y=3.94989 yaw=1.17326 score=0.978932 valid=1 mode=tracking state=TRACKING evaluated=807 execution_us=27503 reason=tracking_pose_accepted
x=5.04977 y=3.94989 yaw=1.15487 score=0.97588 valid=1 mode=tracking state=TRACKING evaluated=789 execution_us=27630 reason=tracking_pose_accepted
x=5.04977 y=3.94989 yaw=1.17139 score=0.971409 valid=1 mode=tracking state=TRACKING evaluated=807 execution_us=28632 reason=tracking_pose_accepted
x=5.09977 y=3.94989 yaw=1.17045 score=0.975071 valid=1 mode=tracking state=TRACKING evaluated=789 execution_us=28133 reason=tracking_pose_accepted
x=5.04977 y=3.94988 yaw=1.16952 score=0.975114 valid=1 mode=tracking state=TRACKING evaluated=807 execution_us=28121 reason=tracking_pose_accepted
x=5.04977 y=3.94988 yaw=1.16859 score=0.975469 valid=1 mode=tracking state=TRACKING evaluated=789 execution_us=27456 reason=tracking_pose_accepted
x=5.09977 y=3.94988 yaw=1.16765 score=0.975225 valid=1 mode=tracking state=TRACKING evaluated=807 execution_us=27476 reason=tracking_pose_accepted
x=5.04977 y=3.94988 yaw=1.16672 score=0.972666 valid=1 mode=tracking state=TRACKING evaluated=789 execution_us=27095 reason=tracking_pose_accepted
x=5.09977 y=3.94988 yaw=1.16578 score=0.975393 valid=1 mode=tracking state=TRACKING evaluated=807 execution_us=27662 reason=tracking_pose_accepted
x=5.04977 y=3.94988 yaw=1.16485 score=0.977184 valid=1 mode=tracking state=TRACKING evaluated=789 execution_us=26641 reason=tracking_pose_accepted
x=5.04977 y=3.94988 yaw=1.16392 score=0.974909 valid=1 mode=tracking state=TRACKING evaluated=807 execution_us=28015 reason=tracking_pose_accepted
x=5.04977 y=3.94988 yaw=1.16298 score=0.972747 valid=1 mode=tracking state=TRACKING evaluated=789 execution_us=27850 reason=tracking_pose_accepted
x=5.04977 y=3.94988 yaw=1.16205 score=0.975867 valid=1 mode=tracking state=TRACKING evaluated=807 execution_us=27665 reason=tracking_pose_accepted
x=5.04977 y=3.94988 yaw=1.16111 score=0.975932 valid=1 mode=tracking state=TRACKING evaluated=789 execution_us=26953 reason=tracking_pose_accepted
x=5.09977 y=3.94988 yaw=1.17763 score=0.977455 valid=1 mode=tracking state=TRACKING evaluated=807 execution_us=27770 reason=tracking_pose_accepted
x=5.04977 y=3.94988 yaw=1.15925 score=0.972232 valid=1 mode=tracking state=TRACKING evaluated=789 execution_us=27048 reason=tracking_pose_accepted
x=5.04977 y=3.94988 yaw=1.15831 score=0.977365 valid=1 mode=tracking state=TRACKING evaluated=807 execution_us=27555 reason=tracking_pose_accepted
x=5.04976 y=3.94988 yaw=1.15738 score=0.977878 valid=1 mode=tracking state=TRACKING evaluated=789 execution_us=27176 reason=tracking_pose_accepted
x=5.09976 y=3.94988 yaw=1.1739 score=0.979625 valid=1 mode=tracking state=TRACKING evaluated=807 execution_us=28170 reason=tracking_pose_accepted
x=5.04976 y=3.94988 yaw=1.17296 score=0.973052 valid=1 mode=tracking state=TRACKING evaluated=789 execution_us=27424 reason=tracking_pose_accepted
x=5.04976 y=3.94988 yaw=1.15457 score=0.977069 valid=1 mode=tracking state=TRACKING evaluated=807 execution_us=28057 reason=tracking_pose_accepted
x=5.04976 y=3.94988 yaw=1.17109 score=0.978431 valid=1 mode=tracking state=TRACKING evaluated=789 execution_us=27527 reason=tracking_pose_accepted
x=5.04976 y=3.94988 yaw=1.17016 score=0.977171 valid=1 mode=tracking state=TRACKING evaluated=807 execution_us=28045 reason=tracking_pose_accepted
x=5.04976 y=3.94988 yaw=1.16923 score=0.97371 valid=1 mode=tracking state=TRACKING evaluated=789 execution_us=28104 reason=tracking_pose_accepted
x=5.04976 y=3.94988 yaw=1.16829 score=0.978191 valid=1 mode=tracking state=TRACKING evaluated=807 execution_us=28633 reason=tracking_pose_accepted
x=5.04976 y=3.94987 yaw=1.16736 score=0.976173 valid=1 mode=tracking state=TRACKING evaluated=789 execution_us=27659 reason=tracking_pose_accepted
x=5.09976 y=3.94987 yaw=1.16642 score=0.977443 valid=1 mode=tracking state=TRACKING evaluated=807 execution_us=27816 reason=tracking_pose_accepted
x=5.09976 y=3.94987 yaw=1.16549 score=0.977443 valid=1 mode=tracking state=TRACKING evaluated=789 execution_us=27147 reason=tracking_pose_accepted
x=5.04976 y=3.94987 yaw=1.16455 score=0.975152 valid=1 mode=tracking state=TRACKING evaluated=807 execution_us=27316 reason=tracking_pose_accepted
x=5.04976 y=3.94987 yaw=1.16362 score=0.979399 valid=1 mode=tracking state=TRACKING evaluated=789 execution_us=27142 reason=tracking_pose_accepted
x=5.04976 y=3.94987 yaw=1.16269 score=0.976238 valid=1 mode=tracking state=TRACKING evaluated=807 execution_us=27866 reason=tracking_pose_accepted
x=5.04976 y=3.94987 yaw=1.16175 score=0.97743 valid=1 mode=tracking state=TRACKING evaluated=789 execution_us=27563 reason=tracking_pose_accepted
x=5.04976 y=3.94987 yaw=1.16082 score=0.977634 valid=1 mode=tracking state=TRACKING evaluated=807 execution_us=28230 reason=tracking_pose_accepted
x=5.04976 y=3.94987 yaw=1.15988 score=0.977567 valid=1 mode=tracking state=TRACKING evaluated=789 execution_us=27267 reason=tracking_pose_accepted
x=5.04976 y=3.94987 yaw=1.15895 score=0.978195 valid=1 mode=tracking state=TRACKING evaluated=807 execution_us=27374 reason=tracking_pose_accepted
x=5.04976 y=3.94987 yaw=1.17547 score=0.976971 valid=1 mode=tracking state=TRACKING evaluated=789 execution_us=27329 reason=tracking_pose_accepted
x=5.04976 y=3.94987 yaw=1.15708 score=0.976671 valid=1 mode=tracking state=TRACKING evaluated=807 execution_us=27696 reason=tracking_pose_accepted
x=5.04976 y=3.94987 yaw=1.1736 score=0.978498 valid=1 mode=tracking state=TRACKING evaluated=789 execution_us=27425 reason=tracking_pose_accepted
x=5.04975 y=3.94987 yaw=1.15521 score=0.977268 valid=1 mode=tracking state=TRACKING evaluated=807 execution_us=28109 reason=tracking_pose_accepted
x=5.04975 y=3.94987 yaw=1.17173 score=0.977505 valid=1 mode=tracking state=TRACKING evaluated=789 execution_us=27313 reason=tracking_pose_accepted
x=5.04975 y=3.94987 yaw=1.1708 score=0.976965 valid=1 mode=tracking state=TRACKING evaluated=807 execution_us=28010 reason=tracking_pose_accepted
x=5.04975 y=3.94987 yaw=1.16986 score=0.979408 valid=1 mode=tracking state=TRACKING evaluated=789 execution_us=27320 reason=tracking_pose_accepted
x=5.04975 y=3.94987 yaw=1.16893 score=0.979119 valid=1 mode=tracking state=TRACKING evaluated=807 execution_us=26884 reason=tracking_pose_accepted
x=5.04975 y=3.94987 yaw=1.168 score=0.978582 valid=1 mode=tracking state=TRACKING evaluated=789 execution_us=27507 reason=tracking_pose_accepted
x=5.04975 y=3.94987 yaw=1.16706 score=0.978582 valid=1 mode=tracking state=TRACKING evaluated=807 execution_us=27668 reason=tracking_pose_accepted
x=5.04975 y=3.94987 yaw=1.16613 score=0.979173 valid=1 mode=tracking state=TRACKING evaluated=789 execution_us=27530 reason=tracking_pose_accepted
x=5.04975 y=3.94986 yaw=1.16519 score=0.978726 valid=1 mode=tracking state=TRACKING evaluated=807 execution_us=27467 reason=tracking_pose_accepted
x=5.04975 y=3.94986 yaw=1.16426 score=0.979908 valid=1 mode=tracking state=TRACKING evaluated=789 execution_us=27093 reason=tracking_pose_accepted
x=5.04975 y=3.94986 yaw=1.16333 score=0.979648 valid=1 mode=tracking state=TRACKING evaluated=807 execution_us=27503 reason=tracking_pose_accepted
x=5.09975 y=3.94986 yaw=1.17984 score=0.979057 valid=1 mode=tracking state=TRACKING evaluated=789 execution_us=27126 reason=tracking_pose_accepted
x=5.04975 y=3.94986 yaw=1.16146 score=0.980806 valid=1 mode=tracking state=TRACKING evaluated=807 execution_us=28181 reason=tracking_pose_accepted
x=5.04975 y=3.94986 yaw=1.16052 score=0.982612 valid=1 mode=tracking state=TRACKING evaluated=789 execution_us=27548 reason=tracking_pose_accepted
x=5.04975 y=3.94986 yaw=1.17704 score=0.981766 valid=1 mode=tracking state=TRACKING evaluated=807 execution_us=28119 reason=tracking_pose_accepted
x=5.04975 y=3.94986 yaw=1.15865 score=0.981431 valid=1 mode=tracking state=TRACKING evaluated=789 execution_us=26938 reason=tracking_pose_accepted
x=5.04975 y=3.94986 yaw=1.15772 score=0.98357 valid=1 mode=tracking state=TRACKING evaluated=807 execution_us=27378 reason=tracking_pose_accepted
x=5.04975 y=3.94986 yaw=1.15679 score=0.983607 valid=1 mode=tracking state=TRACKING evaluated=789 execution_us=26927 reason=tracking_pose_accepted
x=5.04975 y=3.94986 yaw=1.15585 score=0.98428 valid=1 mode=tracking state=TRACKING evaluated=807 execution_us=28101 reason=tracking_pose_accepted
x=5.04975 y=3.94986 yaw=1.17237 score=0.983446 valid=1 mode=tracking state=TRACKING evaluated=789 execution_us=27525 reason=tracking_pose_accepted
x=5.04975 y=3.94986 yaw=1.17144 score=0.98009 valid=1 mode=tracking state=TRACKING evaluated=807 execution_us=27973 reason=tracking_pose_accepted
x=5.04974 y=3.94986 yaw=1.1705 score=0.983809 valid=1 mode=tracking state=TRACKING evaluated=789 execution_us=27037 reason=tracking_pose_accepted
x=5.04974 y=3.94986 yaw=1.16957 score=0.985324 valid=1 mode=tracking state=TRACKING evaluated=807 execution_us=27846 reason=tracking_pose_accepted
x=5.04974 y=3.94986 yaw=1.16864 score=0.984951 valid=1 mode=tracking state=TRACKING evaluated=789 execution_us=27407 reason=tracking_pose_accepted
x=5.04974 y=3.94986 yaw=1.1677 score=0.982918 valid=1 mode=tracking state=TRACKING evaluated=807 execution_us=28396 reason=tracking_pose_accepted
x=5.04974 y=3.94986 yaw=1.16677 score=0.979628 valid=1 mode=tracking state=TRACKING evaluated=789 execution_us=27569 reason=tracking_pose_accepted
x=5.04974 y=3.94986 yaw=1.16583 score=0.982328 valid=1 mode=tracking state=TRACKING evaluated=807 execution_us=28178 reason=tracking_pose_accepted
x=5.04974 y=3.94986 yaw=1.1649 score=0.983012 valid=1 mode=tracking state=TRACKING evaluated=789 execution_us=27762 reason=tracking_pose_accepted
x=5.04974 y=3.94986 yaw=1.16396 score=0.982845 valid=1 mode=tracking state=TRACKING evaluated=807 execution_us=27932 reason=tracking_pose_accepted
x=5.04974 y=3.94985 yaw=1.16303 score=0.984081 valid=1 mode=tracking state=TRACKING evaluated=789 execution_us=27577 reason=tracking_pose_accepted
x=5.04974 y=3.94985 yaw=1.1621 score=0.984013 valid=1 mode=tracking state=TRACKING evaluated=807 execution_us=27820 reason=tracking_pose_accepted
x=5.04974 y=3.94985 yaw=1.16116 score=0.983486 valid=1 mode=tracking state=TRACKING evaluated=789 execution_us=27607 reason=tracking_pose_accepted
x=5.04974 y=3.94985 yaw=1.16023 score=0.983583 valid=1 mode=tracking state=TRACKING evaluated=807 execution_us=28282 reason=tracking_pose_accepted
x=5.04974 y=3.94985 yaw=1.15929 score=0.983442 valid=1 mode=tracking state=TRACKING evaluated=789 execution_us=27207 reason=tracking_pose_accepted
x=5.04974 y=3.94985 yaw=1.15836 score=0.985015 valid=1 mode=tracking state=TRACKING evaluated=807 execution_us=27744 reason=tracking_pose_accepted
x=5.04974 y=3.94985 yaw=1.15743 score=0.983084 valid=1 mode=tracking state=TRACKING evaluated=789 execution_us=27357 reason=tracking_pose_accepted
x=5.04974 y=3.94985 yaw=1.15649 score=0.983583 valid=1 mode=tracking state=TRACKING evaluated=807 execution_us=27837 reason=tracking_pose_accepted
x=5.09974 y=3.94985 yaw=1.17301 score=0.985485 valid=1 mode=tracking state=TRACKING evaluated=789 execution_us=26879 reason=tracking_pose_accepted
x=5.04974 y=3.94985 yaw=1.17208 score=0.984314 valid=1 mode=tracking state=TRACKING evaluated=807 execution_us=27554 reason=tracking_pose_accepted
x=5.04974 y=3.94985 yaw=1.17114 score=0.983655 valid=1 mode=tracking state=TRACKING evaluated=789 execution_us=27764 reason=tracking_pose_accepted
x=5.04974 y=3.94985 yaw=1.17021 score=0.983084 valid=1 mode=tracking state=TRACKING evaluated=807 execution_us=28450 reason=tracking_pose_accepted
x=5.04974 y=3.94985 yaw=1.16927 score=0.985829 valid=1 mode=tracking state=TRACKING evaluated=789 execution_us=26928 reason=tracking_pose_accepted
x=5.04973 y=3.94985 yaw=1.16834 score=0.984246 valid=1 mode=tracking state=TRACKING evaluated=807 execution_us=27378 reason=tracking_pose_accepted
x=5.04973 y=3.94985 yaw=1.16741 score=0.983594 valid=1 mode=tracking state=TRACKING evaluated=789 execution_us=26616 reason=tracking_pose_accepted
x=5.04973 y=3.94985 yaw=1.16647 score=0.985012 valid=1 mode=tracking state=TRACKING evaluated=807 execution_us=27827 reason=tracking_pose_accepted
x=5.04973 y=3.94985 yaw=1.18299 score=0.979969 valid=1 mode=tracking state=TRACKING evaluated=789 execution_us=27976 reason=tracking_pose_accepted
x=5.04973 y=3.94985 yaw=1.18206 score=0.982208 valid=1 mode=tracking state=TRACKING evaluated=807 execution_us=29127 reason=tracking_pose_accepted
x=4.99973 y=3.94985 yaw=1.14622 score=0.978984 valid=1 mode=tracking state=TRACKING evaluated=789 execution_us=28483 reason=tracking_pose_accepted
x=4.94973 y=3.99985 yaw=1.11038 score=0.973087 valid=1 mode=tracking state=TRACKING evaluated=807 execution_us=29373 reason=tracking_pose_accepted
x=4.94973 y=3.99985 yaw=1.12689 score=0.984282 valid=1 mode=tracking state=TRACKING evaluated=789 execution_us=28831 reason=tracking_pose_accepted
x=4.89973 y=4.04985 yaw=1.14341 score=0.98112 valid=1 mode=tracking state=TRACKING evaluated=789 execution_us=28640 reason=tracking_pose_accepted
x=4.84973 y=4.09985 yaw=1.15993 score=0.974315 valid=1 mode=tracking state=TRACKING evaluated=789 execution_us=29460 reason=tracking_pose_accepted
x=4.79973 y=4.14985 yaw=1.17645 score=0.980754 valid=1 mode=tracking state=TRACKING evaluated=789 execution_us=28881 reason=tracking_pose_accepted
x=4.74973 y=4.14985 yaw=1.26278 score=0.988784 valid=1 mode=tracking state=TRACKING evaluated=789 execution_us=28859 reason=tracking_pose_accepted
x=4.69973 y=4.19985 yaw=1.31421 score=0.988784 valid=1 mode=tracking state=TRACKING evaluated=789 execution_us=29361 reason=tracking_pose_accepted
x=4.59973 y=4.24985 yaw=1.33073 score=0.986626 valid=1 mode=tracking state=TRACKING evaluated=789 execution_us=28819 reason=tracking_pose_accepted
x=4.54973 y=4.24985 yaw=1.3647 score=0.986692 valid=1 mode=tracking state=TRACKING evaluated=789 execution_us=28863 reason=tracking_pose_accepted
x=4.49973 y=4.29985 yaw=1.32886 score=0.985259 valid=1 mode=tracking state=TRACKING evaluated=789 execution_us=29434 reason=tracking_pose_accepted
x=4.44973 y=4.34985 yaw=1.32793 score=0.988694 valid=1 mode=tracking state=TRACKING evaluated=789 execution_us=28871 reason=tracking_pose_accepted
x=4.34973 y=4.34985 yaw=1.3619 score=0.988566 valid=1 mode=tracking state=TRACKING evaluated=789 execution_us=29273 reason=tracking_pose_accepted
x=4.34973 y=4.39985 yaw=1.37842 score=0.984298 valid=1 mode=tracking state=TRACKING evaluated=789 execution_us=29484 reason=tracking_pose_accepted
x=4.29973 y=4.39985 yaw=1.39494 score=0.986274 valid=1 mode=tracking state=TRACKING evaluated=789 execution_us=29130 reason=tracking_pose_accepted
x=4.24973 y=4.44985 yaw=1.37655 score=0.986039 valid=1 mode=tracking state=TRACKING evaluated=789 execution_us=29268 reason=tracking_pose_accepted
x=4.19973 y=4.44985 yaw=1.35816 score=0.988805 valid=1 mode=tracking state=TRACKING evaluated=789 execution_us=28686 reason=tracking_pose_accepted
x=4.14973 y=4.44985 yaw=1.37468 score=0.990907 valid=1 mode=tracking state=TRACKING evaluated=789 execution_us=29514 reason=tracking_pose_accepted
x=4.09973 y=4.44985 yaw=1.37375 score=0.98742 valid=1 mode=tracking state=TRACKING evaluated=789 execution_us=29262 reason=tracking_pose_accepted
x=4.04973 y=4.44985 yaw=1.37281 score=0.987598 valid=1 mode=tracking state=TRACKING evaluated=789 execution_us=28649 reason=tracking_pose_accepted
x=4.04973 y=4.49985 yaw=1.33697 score=0.986992 valid=1 mode=tracking state=TRACKING evaluated=789 execution_us=29011 reason=tracking_pose_accepted
x=3.99973 y=4.49985 yaw=1.30113 score=0.989861 valid=1 mode=tracking state=TRACKING evaluated=789 execution_us=28678 reason=tracking_pose_accepted
x=3.99973 y=4.49985 yaw=1.28275 score=0.993796 valid=1 mode=tracking state=TRACKING evaluated=789 execution_us=28384 reason=tracking_pose_accepted
x=3.94973 y=4.49985 yaw=1.26436 score=0.992826 valid=1 mode=tracking state=TRACKING evaluated=789 execution_us=28780 reason=tracking_pose_accepted
x=3.94973 y=4.54985 yaw=1.21106 score=0.990828 valid=1 mode=tracking state=TRACKING evaluated=789 execution_us=28115 reason=tracking_pose_accepted
x=3.89973 y=4.54985 yaw=1.17522 score=0.991278 valid=1 mode=tracking state=TRACKING evaluated=807 execution_us=28656 reason=tracking_pose_accepted
x=3.89973 y=4.54985 yaw=1.17429 score=0.991468 valid=1 mode=tracking state=TRACKING evaluated=789 execution_us=27997 reason=tracking_pose_accepted
x=3.84973 y=4.54985 yaw=1.22572 score=0.991638 valid=1 mode=tracking state=TRACKING evaluated=789 execution_us=27931 reason=tracking_pose_accepted
x=3.84973 y=4.54985 yaw=1.24223 score=0.99018 valid=1 mode=tracking state=TRACKING evaluated=789 execution_us=27912 reason=tracking_pose_accepted
x=3.84973 y=4.54985 yaw=1.22385 score=0.988832 valid=1 mode=tracking state=TRACKING evaluated=789 execution_us=28030 reason=tracking_pose_accepted
x=3.84973 y=4.54985 yaw=1.18801 score=0.982217 valid=1 mode=tracking state=TRACKING evaluated=789 execution_us=28447 reason=tracking_pose_accepted
x=3.84973 y=4.49985 yaw=1.15217 score=0.984526 valid=1 mode=tracking state=TRACKING evaluated=789 execution_us=28339 reason=tracking_pose_accepted
x=3.84973 y=4.54985 yaw=1.11633 score=0.987263 valid=1 mode=tracking state=TRACKING evaluated=807 execution_us=28606 reason=tracking_pose_accepted
x=3.84973 y=4.54985 yaw=1.11539 score=0.985075 valid=1 mode=tracking state=TRACKING evaluated=789 execution_us=28041 reason=tracking_pose_accepted
x=3.84973 y=4.54985 yaw=1.11446 score=0.985037 valid=1 mode=tracking state=TRACKING evaluated=789 execution_us=28489 reason=tracking_pose_accepted
x=3.84973 y=4.54985 yaw=1.11352 score=0.98936 valid=1 mode=tracking state=TRACKING evaluated=789 execution_us=28180 reason=tracking_pose_accepted
x=3.84973 y=4.54985 yaw=1.11259 score=0.988076 valid=1 mode=tracking state=TRACKING evaluated=789 execution_us=28543 reason=tracking_pose_accepted
x=3.84973 y=4.54985 yaw=1.11165 score=0.988782 valid=1 mode=tracking state=TRACKING evaluated=789 execution_us=28221 reason=tracking_pose_accepted
x=3.84973 y=4.54985 yaw=1.12817 score=0.991482 valid=1 mode=tracking state=TRACKING evaluated=789 execution_us=28344 reason=tracking_pose_accepted
x=3.84973 y=4.54985 yaw=1.12724 score=0.988512 valid=1 mode=tracking state=TRACKING evaluated=789 execution_us=28418 reason=tracking_pose_accepted
x=3.84973 y=4.54985 yaw=1.12631 score=0.989155 valid=1 mode=tracking state=TRACKING evaluated=789 execution_us=28207 reason=tracking_pose_accepted
x=3.84973 y=4.54984 yaw=1.14282 score=0.989766 valid=1 mode=tracking state=TRACKING evaluated=789 execution_us=28387 reason=tracking_pose_accepted
x=3.84973 y=4.54984 yaw=1.15934 score=0.987506 valid=1 mode=tracking state=TRACKING evaluated=789 execution_us=28865 reason=tracking_pose_accepted
x=3.84973 y=4.54984 yaw=1.15841 score=0.991551 valid=1 mode=tracking state=TRACKING evaluated=789 execution_us=28479 reason=tracking_pose_accepted
x=3.84973 y=4.54984 yaw=1.15748 score=0.98586 valid=1 mode=tracking state=TRACKING evaluated=789 execution_us=28542 reason=tracking_pose_accepted
x=3.84973 y=4.54984 yaw=1.174 score=0.986122 valid=1 mode=tracking state=TRACKING evaluated=789 execution_us=28522 reason=tracking_pose_accepted
x=3.84973 y=4.54984 yaw=1.17306 score=0.988124 valid=1 mode=tracking state=TRACKING evaluated=789 execution_us=28742 reason=tracking_pose_accepted
x=3.84973 y=4.54984 yaw=1.17213 score=0.989884 valid=1 mode=tracking state=TRACKING evaluated=789 execution_us=28907 reason=tracking_pose_accepted
x=3.84973 y=4.54984 yaw=1.17119 score=0.98414 valid=1 mode=tracking state=TRACKING evaluated=789 execution_us=28680 reason=tracking_pose_accepted
x=3.84973 y=4.54984 yaw=1.17026 score=0.989879 valid=1 mode=tracking state=TRACKING evaluated=789 execution_us=27758 reason=tracking_pose_accepted
x=3.84973 y=4.54984 yaw=1.16933 score=0.984489 valid=1 mode=tracking state=TRACKING evaluated=789 execution_us=28449 reason=tracking_pose_accepted
x=3.84973 y=4.54984 yaw=1.16839 score=0.986695 valid=1 mode=tracking state=TRACKING evaluated=789 execution_us=28502 reason=tracking_pose_accepted
x=3.84973 y=4.54984 yaw=1.16746 score=0.99022 valid=1 mode=tracking state=TRACKING evaluated=789 execution_us=28165 reason=tracking_pose_accepted
x=3.84973 y=4.54984 yaw=1.18398 score=0.987396 valid=1 mode=tracking state=TRACKING evaluated=789 execution_us=28341 reason=tracking_pose_accepted
x=3.84973 y=4.54984 yaw=1.16559 score=0.988832 valid=1 mode=tracking state=TRACKING evaluated=789 execution_us=28164 reason=tracking_pose_accepted
x=3.84973 y=4.54984 yaw=1.16466 score=0.987067 valid=1 mode=tracking state=TRACKING evaluated=789 execution_us=28678 reason=tracking_pose_accepted
x=3.79973 y=4.54984 yaw=1.16372 score=0.981742 valid=1 mode=tracking state=TRACKING evaluated=789 execution_us=28319 reason=tracking_pose_accepted
x=3.79973 y=4.54984 yaw=1.16279 score=0.97671 valid=1 mode=tracking state=TRACKING evaluated=789 execution_us=28629 reason=tracking_pose_accepted
x=3.79973 y=4.54984 yaw=1.16185 score=0.981112 valid=1 mode=tracking state=TRACKING evaluated=789 execution_us=28934 reason=tracking_pose_accepted
x=3.84973 y=4.54984 yaw=1.16092 score=0.986219 valid=1 mode=tracking state=TRACKING evaluated=789 execution_us=28600 reason=tracking_pose_accepted
x=3.84973 y=4.54984 yaw=1.15999 score=0.986274 valid=1 mode=tracking state=TRACKING evaluated=807 execution_us=29203 reason=tracking_pose_accepted
x=3.84973 y=4.54984 yaw=1.15905 score=0.982895 valid=1 mode=tracking state=TRACKING evaluated=789 execution_us=28849 reason=tracking_pose_accepted
x=3.84973 y=4.54983 yaw=1.15812 score=0.982732 valid=1 mode=tracking state=TRACKING evaluated=789 execution_us=28258 reason=tracking_pose_accepted
x=3.84973 y=4.54983 yaw=1.15718 score=0.982089 valid=1 mode=tracking state=TRACKING evaluated=789 execution_us=28445 reason=tracking_pose_accepted
x=3.84973 y=4.54983 yaw=1.15625 score=0.98527 valid=1 mode=tracking state=TRACKING evaluated=789 execution_us=28453 reason=tracking_pose_accepted
x=3.84973 y=4.54983 yaw=1.17277 score=0.982927 valid=1 mode=tracking state=TRACKING evaluated=789 execution_us=28666 reason=tracking_pose_accepted
x=3.84973 y=4.54983 yaw=1.17183 score=0.989349 valid=1 mode=tracking state=TRACKING evaluated=789 execution_us=28690 reason=tracking_pose_accepted
x=3.84973 y=4.54983 yaw=1.1709 score=0.982827 valid=1 mode=tracking state=TRACKING evaluated=789 execution_us=27847 reason=tracking_pose_accepted
x=3.84973 y=4.54983 yaw=1.15251 score=0.986753 valid=1 mode=tracking state=TRACKING evaluated=789 execution_us=28473 reason=tracking_pose_accepted
x=3.84973 y=4.54983 yaw=1.15158 score=0.983536 valid=1 mode=tracking state=TRACKING evaluated=807 execution_us=29378 reason=tracking_pose_accepted
x=3.84973 y=4.54983 yaw=1.15064 score=0.982647 valid=1 mode=tracking state=TRACKING evaluated=789 execution_us=28476 reason=tracking_pose_accepted
x=3.84973 y=4.54983 yaw=1.14971 score=0.985738 valid=1 mode=tracking state=TRACKING evaluated=789 execution_us=28197 reason=tracking_pose_accepted
x=3.84973 y=4.54983 yaw=1.14878 score=0.984666 valid=1 mode=tracking state=TRACKING evaluated=789 execution_us=28486 reason=tracking_pose_accepted
x=3.84973 y=4.54983 yaw=1.1653 score=0.983751 valid=1 mode=tracking state=TRACKING evaluated=789 execution_us=28114 reason=tracking_pose_accepted
x=3.84973 y=4.54983 yaw=1.16436 score=0.982266 valid=1 mode=tracking state=TRACKING evaluated=789 execution_us=28683 reason=tracking_pose_accepted
x=3.84973 y=4.54983 yaw=1.16343 score=0.984362 valid=1 mode=tracking state=TRACKING evaluated=789 execution_us=28180 reason=tracking_pose_accepted
x=3.84973 y=4.54983 yaw=1.16249 score=0.985937 valid=1 mode=tracking state=TRACKING evaluated=789 execution_us=28141 reason=tracking_pose_accepted
x=3.84973 y=4.54983 yaw=1.16156 score=0.985258 valid=1 mode=tracking state=TRACKING evaluated=789 execution_us=28270 reason=tracking_pose_accepted
x=3.84973 y=4.54983 yaw=1.16063 score=0.983469 valid=1 mode=tracking state=TRACKING evaluated=789 execution_us=28328 reason=tracking_pose_accepted
x=3.84973 y=4.54983 yaw=1.15969 score=0.98264 valid=1 mode=tracking state=TRACKING evaluated=789 execution_us=28508 reason=tracking_pose_accepted
x=3.84973 y=4.54983 yaw=1.15876 score=0.984911 valid=1 mode=tracking state=TRACKING evaluated=789 execution_us=28568 reason=tracking_pose_accepted
x=3.84973 y=4.54983 yaw=1.15782 score=0.981421 valid=1 mode=tracking state=TRACKING evaluated=789 execution_us=28116 reason=tracking_pose_accepted
x=3.84973 y=4.54983 yaw=1.15689 score=0.987584 valid=1 mode=tracking state=TRACKING evaluated=789 execution_us=28431 reason=tracking_pose_accepted
x=3.84973 y=4.54982 yaw=1.15596 score=0.982162 valid=1 mode=tracking state=TRACKING evaluated=789 execution_us=28348 reason=tracking_pose_accepted
x=3.84973 y=4.54982 yaw=1.15502 score=0.986793 valid=1 mode=tracking state=TRACKING evaluated=789 execution_us=27871 reason=tracking_pose_accepted
x=3.84973 y=4.54982 yaw=1.15409 score=0.985937 valid=1 mode=tracking state=TRACKING evaluated=789 execution_us=28443 reason=tracking_pose_accepted
x=3.84973 y=4.54982 yaw=1.15315 score=0.983526 valid=1 mode=tracking state=TRACKING evaluated=789 execution_us=28244 reason=tracking_pose_accepted
x=3.84973 y=4.54982 yaw=1.15222 score=0.986532 valid=1 mode=tracking state=TRACKING evaluated=789 execution_us=28174 reason=tracking_pose_accepted
x=3.84973 y=4.54982 yaw=1.15129 score=0.985567 valid=1 mode=tracking state=TRACKING evaluated=789 execution_us=28318 reason=tracking_pose_accepted
x=3.84973 y=4.54982 yaw=1.15035 score=0.98617 valid=1 mode=tracking state=TRACKING evaluated=789 execution_us=28313 reason=tracking_pose_accepted
x=3.84973 y=4.54982 yaw=1.16687 score=0.990317 valid=1 mode=tracking state=TRACKING evaluated=789 execution_us=28251 reason=tracking_pose_accepted
x=3.84973 y=4.54982 yaw=1.16594 score=0.990925 valid=1 mode=tracking state=TRACKING evaluated=789 execution_us=28083 reason=tracking_pose_accepted
x=3.84973 y=4.54982 yaw=1.165 score=0.985748 valid=1 mode=tracking state=TRACKING evaluated=789 execution_us=28550 reason=tracking_pose_accepted
x=3.84973 y=4.54982 yaw=1.18152 score=0.985358 valid=1 mode=tracking state=TRACKING evaluated=789 execution_us=28667 reason=tracking_pose_accepted
x=3.84973 y=4.54982 yaw=1.18059 score=0.983655 valid=1 mode=tracking state=TRACKING evaluated=789 execution_us=28163 reason=tracking_pose_accepted
x=3.79973 y=4.54982 yaw=1.17965 score=0.974984 valid=1 mode=tracking state=TRACKING evaluated=789 execution_us=29413 reason=tracking_pose_accepted
x=3.84973 y=4.54982 yaw=1.17872 score=0.985399 valid=1 mode=tracking state=TRACKING evaluated=807 execution_us=28963 reason=tracking_pose_accepted
x=3.79973 y=4.54982 yaw=1.17779 score=0.979882 valid=1 mode=tracking state=TRACKING evaluated=789 execution_us=28567 reason=tracking_pose_accepted
x=3.84973 y=4.54982 yaw=1.17685 score=0.982234 valid=1 mode=tracking state=TRACKING evaluated=789 execution_us=28657 reason=tracking_pose_accepted
x=3.84973 y=4.54982 yaw=1.17592 score=0.98271 valid=1 mode=tracking state=TRACKING evaluated=807 execution_us=29766 reason=tracking_pose_accepted
x=3.84973 y=4.54982 yaw=1.17498 score=0.977736 valid=1 mode=tracking state=TRACKING evaluated=789 execution_us=28896 reason=tracking_pose_accepted
x=3.84973 y=4.54982 yaw=1.17405 score=0.986363 valid=1 mode=tracking state=TRACKING evaluated=789 execution_us=28615 reason=tracking_pose_accepted
x=3.84973 y=4.54982 yaw=1.19057 score=0.983365 valid=1 mode=tracking state=TRACKING evaluated=789 execution_us=28625 reason=tracking_pose_accepted
x=3.84973 y=4.54982 yaw=1.17218 score=0.98343 valid=1 mode=tracking state=TRACKING evaluated=789 execution_us=28444 reason=tracking_pose_accepted
x=3.84972 y=4.54981 yaw=1.1887 score=0.983687 valid=1 mode=tracking state=TRACKING evaluated=789 execution_us=28865 reason=tracking_pose_accepted
x=3.84972 y=4.54981 yaw=1.17031 score=0.982985 valid=1 mode=tracking state=TRACKING evaluated=789 execution_us=28371 reason=tracking_pose_accepted
x=3.84972 y=4.54981 yaw=1.18683 score=0.978455 valid=1 mode=tracking state=TRACKING evaluated=789 execution_us=28526 reason=tracking_pose_accepted
x=3.84972 y=4.54981 yaw=1.16845 score=0.986467 valid=1 mode=tracking state=TRACKING evaluated=789 execution_us=45304 reason=tracking_pose_accepted
x=3.84972 y=4.54981 yaw=1.18497 score=0.984265 valid=1 mode=tracking state=TRACKING evaluated=789 execution_us=27926 reason=tracking_pose_accepted
x=3.84972 y=4.54981 yaw=1.18403 score=0.983177 valid=1 mode=tracking state=TRACKING evaluated=789 execution_us=28553 reason=tracking_pose_accepted
x=3.84972 y=4.54981 yaw=1.1831 score=0.981863 valid=1 mode=tracking state=TRACKING evaluated=789 execution_us=28581 reason=tracking_pose_accepted
x=3.84972 y=4.54981 yaw=1.18216 score=0.983501 valid=1 mode=tracking state=TRACKING evaluated=789 execution_us=28644 reason=tracking_pose_accepted
x=3.84972 y=4.54981 yaw=1.18123 score=0.98391 valid=1 mode=tracking state=TRACKING evaluated=789 execution_us=28628 reason=tracking_pose_accepted
x=3.84972 y=4.54981 yaw=1.1803 score=0.983465 valid=1 mode=tracking state=TRACKING evaluated=789 execution_us=28526 reason=tracking_pose_accepted
x=3.84972 y=4.54981 yaw=1.17936 score=0.989994 valid=1 mode=tracking state=TRACKING evaluated=789 execution_us=28070 reason=tracking_pose_accepted
x=3.84972 y=4.54981 yaw=1.17843 score=0.984851 valid=1 mode=tracking state=TRACKING evaluated=789 execution_us=28283 reason=tracking_pose_accepted
x=3.84972 y=4.54981 yaw=1.17749 score=0.984924 valid=1 mode=tracking state=TRACKING evaluated=789 execution_us=28137 reason=tracking_pose_accepted
x=3.84972 y=4.54981 yaw=1.17656 score=0.988699 valid=1 mode=tracking state=TRACKING evaluated=789 execution_us=28273 reason=tracking_pose_accepted
x=3.84972 y=4.54981 yaw=1.17563 score=0.981357 valid=1 mode=tracking state=TRACKING evaluated=789 execution_us=43681 reason=tracking_pose_accepted
x=3.84972 y=4.54981 yaw=1.17469 score=0.985703 valid=1 mode=tracking state=TRACKING evaluated=789 execution_us=28655 reason=tracking_pose_accepted
x=3.84972 y=4.54981 yaw=1.17376 score=0.98271 valid=1 mode=tracking state=TRACKING evaluated=789 execution_us=29084 reason=tracking_pose_accepted
x=3.84972 y=4.54981 yaw=1.17282 score=0.98146 valid=1 mode=tracking state=TRACKING evaluated=789 execution_us=28303 reason=tracking_pose_accepted
x=3.84972 y=4.54981 yaw=1.17189 score=0.983398 valid=1 mode=tracking state=TRACKING evaluated=789 execution_us=28181 reason=tracking_pose_accepted
x=3.84972 y=4.54981 yaw=1.18841 score=0.983851 valid=1 mode=tracking state=TRACKING evaluated=789 execution_us=28733 reason=tracking_pose_accepted
x=3.84972 y=4.54981 yaw=1.18747 score=0.979755 valid=1 mode=tracking state=TRACKING evaluated=789 execution_us=28513 reason=tracking_pose_accepted
x=3.84972 y=4.5498 yaw=1.18654 score=0.983949 valid=1 mode=tracking state=TRACKING evaluated=807 execution_us=29116 reason=tracking_pose_accepted
x=3.84972 y=4.5498 yaw=1.16815 score=0.986282 valid=1 mode=tracking state=TRACKING evaluated=789 execution_us=28981 reason=tracking_pose_accepted
x=3.84972 y=4.5498 yaw=1.18467 score=0.98315 valid=1 mode=tracking state=TRACKING evaluated=789 execution_us=28436 reason=tracking_pose_accepted
x=3.84972 y=4.5498 yaw=1.18374 score=0.983695 valid=1 mode=tracking state=TRACKING evaluated=789 execution_us=28515 reason=tracking_pose_accepted
x=3.84972 y=4.5498 yaw=1.1828 score=0.983914 valid=1 mode=tracking state=TRACKING evaluated=789 execution_us=28418 reason=tracking_pose_accepted
x=3.84972 y=4.5498 yaw=1.18187 score=0.983536 valid=1 mode=tracking state=TRACKING evaluated=789 execution_us=28450 reason=tracking_pose_accepted
x=3.84972 y=4.5498 yaw=1.18094 score=0.98433 valid=1 mode=tracking state=TRACKING evaluated=789 execution_us=28669 reason=tracking_pose_accepted
x=3.84972 y=4.5498 yaw=1.18 score=0.987323 valid=1 mode=tracking state=TRACKING evaluated=789 execution_us=28258 reason=tracking_pose_accepted
x=3.84972 y=4.5498 yaw=1.17907 score=0.989135 valid=1 mode=tracking state=TRACKING evaluated=789 execution_us=28327 reason=tracking_pose_accepted
x=3.84972 y=4.5498 yaw=1.17813 score=0.984913 valid=1 mode=tracking state=TRACKING evaluated=789 execution_us=28242 reason=tracking_pose_accepted
x=3.84972 y=4.5498 yaw=1.1772 score=0.985762 valid=1 mode=tracking state=TRACKING evaluated=789 execution_us=27930 reason=tracking_pose_accepted
x=3.84972 y=4.5498 yaw=1.17627 score=0.983721 valid=1 mode=tracking state=TRACKING evaluated=789 execution_us=28596 reason=tracking_pose_accepted
x=3.84972 y=4.5498 yaw=1.17533 score=0.986282 valid=1 mode=tracking state=TRACKING evaluated=789 execution_us=28664 reason=tracking_pose_accepted
x=3.84972 y=4.5498 yaw=1.1744 score=0.982234 valid=1 mode=tracking state=TRACKING evaluated=789 execution_us=28871 reason=tracking_pose_accepted
x=3.84972 y=4.5498 yaw=1.17346 score=0.98264 valid=1 mode=tracking state=TRACKING evaluated=789 execution_us=29394 reason=tracking_pose_accepted
x=3.84972 y=4.5498 yaw=1.18998 score=0.982793 valid=1 mode=tracking state=TRACKING evaluated=789 execution_us=28627 reason=tracking_pose_accepted
x=3.84972 y=4.5498 yaw=1.18905 score=0.986939 valid=1 mode=tracking state=TRACKING evaluated=789 execution_us=28427 reason=tracking_pose_accepted
x=3.84972 y=4.5498 yaw=1.18812 score=0.97835 valid=1 mode=tracking state=TRACKING evaluated=789 execution_us=28313 reason=tracking_pose_accepted
x=3.84972 y=4.5498 yaw=1.18718 score=0.985776 valid=1 mode=tracking state=TRACKING evaluated=807 execution_us=29030 reason=tracking_pose_accepted
x=3.84972 y=4.5498 yaw=1.18625 score=0.986058 valid=1 mode=tracking state=TRACKING evaluated=789 execution_us=28664 reason=tracking_pose_accepted
x=3.84972 y=4.5498 yaw=1.18531 score=0.984006 valid=1 mode=tracking state=TRACKING evaluated=789 execution_us=28316 reason=tracking_pose_accepted
x=3.84972 y=4.54979 yaw=1.18438 score=0.983853 valid=1 mode=tracking state=TRACKING evaluated=789 execution_us=29579 reason=tracking_pose_accepted
x=3.84972 y=4.54979 yaw=1.18345 score=0.984938 valid=1 mode=tracking state=TRACKING evaluated=789 execution_us=28936 reason=tracking_pose_accepted
x=3.84972 y=4.54979 yaw=1.18251 score=0.990399 valid=1 mode=tracking state=TRACKING evaluated=789 execution_us=27896 reason=tracking_pose_accepted
x=3.84972 y=4.54979 yaw=1.18158 score=0.984425 valid=1 mode=tracking state=TRACKING evaluated=789 execution_us=28573 reason=tracking_pose_accepted
x=3.84972 y=4.54979 yaw=1.18064 score=0.982761 valid=1 mode=tracking state=TRACKING evaluated=789 execution_us=28301 reason=tracking_pose_accepted
x=3.84972 y=4.54979 yaw=1.17971 score=0.982234 valid=1 mode=tracking state=TRACKING evaluated=789 execution_us=28634 reason=tracking_pose_accepted
x=3.84972 y=4.54979 yaw=1.17878 score=0.984266 valid=1 mode=tracking state=TRACKING evaluated=789 execution_us=28656 reason=tracking_pose_accepted
x=3.84972 y=4.54979 yaw=1.17784 score=0.98433 valid=1 mode=tracking state=TRACKING evaluated=789 execution_us=28281 reason=tracking_pose_accepted
x=3.84972 y=4.54979 yaw=1.17691 score=0.98264 valid=1 mode=tracking state=TRACKING evaluated=789 execution_us=28543 reason=tracking_pose_accepted
x=3.84972 y=4.54979 yaw=1.17597 score=0.983441 valid=1 mode=tracking state=TRACKING evaluated=789 execution_us=28713 reason=tracking_pose_accepted
x=3.84972 y=4.54979 yaw=1.17504 score=0.986282 valid=1 mode=tracking state=TRACKING evaluated=789 execution_us=28649 reason=tracking_pose_accepted
x=3.84972 y=4.54979 yaw=1.17411 score=0.986759 valid=1 mode=tracking state=TRACKING evaluated=789 execution_us=28820 reason=tracking_pose_accepted
x=3.84972 y=4.54979 yaw=1.17317 score=0.981758 valid=1 mode=tracking state=TRACKING evaluated=789 execution_us=28968 reason=tracking_pose_accepted
x=3.84972 y=4.54979 yaw=1.18969 score=0.982061 valid=1 mode=tracking state=TRACKING evaluated=789 execution_us=28224 reason=tracking_pose_accepted
x=3.84972 y=4.54979 yaw=1.1713 score=0.982234 valid=1 mode=tracking state=TRACKING evaluated=789 execution_us=28469 reason=tracking_pose_accepted
x=3.84972 y=4.54979 yaw=1.17037 score=0.986227 valid=1 mode=tracking state=TRACKING evaluated=789 execution_us=28523 reason=tracking_pose_accepted
x=3.84972 y=4.54979 yaw=1.16944 score=0.985389 valid=1 mode=tracking state=TRACKING evaluated=789 execution_us=28578 reason=tracking_pose_accepted
x=3.84972 y=4.54979 yaw=1.18596 score=0.98625 valid=1 mode=tracking state=TRACKING evaluated=789 execution_us=28118 reason=tracking_pose_accepted
x=3.84972 y=4.54979 yaw=1.16757 score=0.986282 valid=1 mode=tracking state=TRACKING evaluated=789 execution_us=28566 reason=tracking_pose_accepted
x=3.84972 y=4.54979 yaw=1.18409 score=0.985274 valid=1 mode=tracking state=TRACKING evaluated=789 execution_us=27962 reason=tracking_pose_accepted
x=3.84972 y=4.54979 yaw=1.18315 score=0.989467 valid=1 mode=tracking state=TRACKING evaluated=789 execution_us=28590 reason=tracking_pose_accepted
x=3.84972 y=4.54978 yaw=1.18222 score=0.982651 valid=1 mode=tracking state=TRACKING evaluated=789 execution_us=28939 reason=tracking_pose_accepted
x=3.84972 y=4.54978 yaw=1.18129 score=0.985455 valid=1 mode=tracking state=TRACKING evaluated=789 execution_us=28363 reason=tracking_pose_accepted
x=3.84972 y=4.54978 yaw=1.18035 score=0.989091 valid=1 mode=tracking state=TRACKING evaluated=789 execution_us=28234 reason=tracking_pose_accepted
x=3.84972 y=4.54978 yaw=1.17942 score=0.983309 valid=1 mode=tracking state=TRACKING evaluated=789 execution_us=28678 reason=tracking_pose_accepted
x=3.79972 y=4.54978 yaw=1.17848 score=0.979408 valid=1 mode=tracking state=TRACKING evaluated=789 execution_us=28471 reason=tracking_pose_accepted
x=3.84972 y=4.54978 yaw=1.17755 score=0.985879 valid=1 mode=tracking state=TRACKING evaluated=807 execution_us=28965 reason=tracking_pose_accepted
x=3.84972 y=4.54978 yaw=1.17662 score=0.985806 valid=1 mode=tracking state=TRACKING evaluated=789 execution_us=28670 reason=tracking_pose_accepted
x=3.84972 y=4.54978 yaw=1.17568 score=0.983309 valid=1 mode=tracking state=TRACKING evaluated=789 execution_us=28922 reason=tracking_pose_accepted
x=3.84972 y=4.54978 yaw=1.17475 score=0.981536 valid=1 mode=tracking state=TRACKING evaluated=789 execution_us=27793 reason=tracking_pose_accepted
x=3.84972 y=4.54978 yaw=1.17381 score=0.982234 valid=1 mode=tracking state=TRACKING evaluated=789 execution_us=28529 reason=tracking_pose_accepted
x=3.84972 y=4.54978 yaw=1.17288 score=0.978779 valid=1 mode=tracking state=TRACKING evaluated=789 execution_us=28771 reason=tracking_pose_accepted
x=3.84972 y=4.54978 yaw=1.17195 score=0.985744 valid=1 mode=tracking state=TRACKING evaluated=789 execution_us=28400 reason=tracking_pose_accepted
x=3.84972 y=4.54978 yaw=1.17101 score=0.986699 valid=1 mode=tracking state=TRACKING evaluated=789 execution_us=28560 reason=tracking_pose_accepted
x=3.84972 y=4.54978 yaw=1.17008 score=0.986282 valid=1 mode=tracking state=TRACKING evaluated=789 execution_us=29055 reason=tracking_pose_accepted
x=3.84972 y=4.54978 yaw=1.1866 score=0.983949 valid=1 mode=tracking state=TRACKING evaluated=789 execution_us=28618 reason=tracking_pose_accepted
x=3.84972 y=4.54978 yaw=1.18566 score=0.987019 valid=1 mode=tracking state=TRACKING evaluated=789 execution_us=28541 reason=tracking_pose_accepted
x=3.84972 y=4.54978 yaw=1.18473 score=0.985738 valid=1 mode=tracking state=TRACKING evaluated=789 execution_us=28462 reason=tracking_pose_accepted
x=3.84972 y=4.54978 yaw=1.18379 score=0.986858 valid=1 mode=tracking state=TRACKING evaluated=789 execution_us=28071 reason=tracking_pose_accepted
x=3.84972 y=4.54978 yaw=1.18286 score=0.986363 valid=1 mode=tracking state=TRACKING evaluated=789 execution_us=28624 reason=tracking_pose_accepted
x=3.84972 y=4.54978 yaw=1.18193 score=0.984623 valid=1 mode=tracking state=TRACKING evaluated=789 execution_us=28054 reason=tracking_pose_accepted
x=3.84972 y=4.54978 yaw=1.18099 score=0.983912 valid=1 mode=tracking state=TRACKING evaluated=789 execution_us=28433 reason=tracking_pose_accepted
x=3.84972 y=4.54977 yaw=1.18006 score=0.983914 valid=1 mode=tracking state=TRACKING evaluated=789 execution_us=28503 reason=tracking_pose_accepted
x=3.84972 y=4.54977 yaw=1.17912 score=0.991189 valid=1 mode=tracking state=TRACKING evaluated=789 execution_us=28618 reason=tracking_pose_accepted
x=3.84972 y=4.54977 yaw=1.17819 score=0.98264 valid=1 mode=tracking state=TRACKING evaluated=789 execution_us=28583 reason=tracking_pose_accepted
x=3.84972 y=4.54977 yaw=1.17726 score=0.975348 valid=1 mode=tracking state=TRACKING evaluated=789 execution_us=28942 reason=tracking_pose_accepted
x=3.84972 y=4.54977 yaw=1.17632 score=0.987426 valid=1 mode=tracking state=TRACKING evaluated=789 execution_us=28400 reason=tracking_pose_accepted
x=3.84972 y=4.54977 yaw=1.17539 score=0.982239 valid=1 mode=tracking state=TRACKING evaluated=789 execution_us=28297 reason=tracking_pose_accepted
x=3.84972 y=4.54977 yaw=1.17445 score=0.987916 valid=1 mode=tracking state=TRACKING evaluated=789 execution_us=28588 reason=tracking_pose_accepted
x=3.84972 y=4.54977 yaw=1.17352 score=0.984965 valid=1 mode=tracking state=TRACKING evaluated=789 execution_us=29205 reason=tracking_pose_accepted
x=3.84972 y=4.54977 yaw=1.17259 score=0.985944 valid=1 mode=tracking state=TRACKING evaluated=789 execution_us=28136 reason=tracking_pose_accepted
x=3.84972 y=4.54977 yaw=1.17165 score=0.979723 valid=1 mode=tracking state=TRACKING evaluated=789 execution_us=28515 reason=tracking_pose_accepted
x=3.84972 y=4.54977 yaw=1.18817 score=0.983218 valid=1 mode=tracking state=TRACKING evaluated=789 execution_us=28576 reason=tracking_pose_accepted
x=3.84972 y=4.54977 yaw=1.18724 score=0.984938 valid=1 mode=tracking state=TRACKING evaluated=789 execution_us=29749 reason=tracking_pose_accepted
x=3.84972 y=4.54977 yaw=1.1863 score=0.984266 valid=1 mode=tracking state=TRACKING evaluated=789 execution_us=28420 reason=tracking_pose_accepted
x=3.84972 y=4.54977 yaw=1.18537 score=0.98382 valid=1 mode=tracking state=TRACKING evaluated=789 execution_us=28627 reason=tracking_pose_accepted
x=3.84972 y=4.54977 yaw=1.18444 score=0.984169 valid=1 mode=tracking state=TRACKING evaluated=807 execution_us=28743 reason=tracking_pose_accepted
x=3.84972 y=4.54977 yaw=1.1835 score=0.978927 valid=1 mode=tracking state=TRACKING evaluated=789 execution_us=28925 reason=tracking_pose_accepted
x=3.84972 y=4.54977 yaw=1.18257 score=0.986162 valid=1 mode=tracking state=TRACKING evaluated=789 execution_us=28627 reason=tracking_pose_accepted
x=3.84972 y=4.54977 yaw=1.18163 score=0.982661 valid=1 mode=tracking state=TRACKING evaluated=789 execution_us=27843 reason=tracking_pose_accepted
x=3.84972 y=4.54977 yaw=1.1807 score=0.982948 valid=1 mode=tracking state=TRACKING evaluated=789 execution_us=28267 reason=tracking_pose_accepted
x=3.84972 y=4.54977 yaw=1.17977 score=0.979416 valid=1 mode=tracking state=TRACKING evaluated=789 execution_us=28249 reason=tracking_pose_accepted
x=3.84972 y=4.54977 yaw=1.17883 score=0.979499 valid=1 mode=tracking state=TRACKING evaluated=789 execution_us=28352 reason=tracking_pose_accepted
x=3.84972 y=4.54976 yaw=1.1779 score=0.984975 valid=1 mode=tracking state=TRACKING evaluated=789 execution_us=28405 reason=tracking_pose_accepted
x=3.84972 y=4.54976 yaw=1.17696 score=0.985863 valid=1 mode=tracking state=TRACKING evaluated=789 execution_us=28678 reason=tracking_pose_accepted
x=3.84972 y=4.54976 yaw=1.17603 score=0.981357 valid=1 mode=tracking state=TRACKING evaluated=789 execution_us=29059 reason=tracking_pose_accepted
x=3.84972 y=4.54976 yaw=1.19255 score=0.985101 valid=1 mode=tracking state=TRACKING evaluated=789 execution_us=28661 reason=tracking_pose_accepted
x=3.84972 y=4.54976 yaw=1.19161 score=0.987948 valid=1 mode=tracking state=TRACKING evaluated=789 execution_us=28394 reason=tracking_pose_accepted
x=3.84972 y=4.54976 yaw=1.17323 score=0.978529 valid=1 mode=tracking state=TRACKING evaluated=789 execution_us=28095 reason=tracking_pose_accepted
x=3.84972 y=4.54976 yaw=1.17229 score=0.98264 valid=1 mode=tracking state=TRACKING evaluated=789 execution_us=28990 reason=tracking_pose_accepted
x=3.84972 y=4.54976 yaw=1.17136 score=0.987611 valid=1 mode=tracking state=TRACKING evaluated=789 execution_us=28534 reason=tracking_pose_accepted
x=3.84972 y=4.54976 yaw=1.17043 score=0.98754 valid=1 mode=tracking state=TRACKING evaluated=789 execution_us=28727 reason=tracking_pose_accepted
x=3.84972 y=4.54976 yaw=1.16949 score=0.982996 valid=1 mode=tracking state=TRACKING evaluated=789 execution_us=28808 reason=tracking_pose_accepted
x=3.79972 y=4.49976 yaw=1.16856 score=0.987275 valid=1 mode=tracking state=TRACKING evaluated=807 execution_us=29002 reason=tracking_pose_accepted
x=3.74972 y=4.49976 yaw=1.15017 score=0.9827 valid=1 mode=tracking state=TRACKING evaluated=789 execution_us=28713 reason=tracking_pose_accepted
x=3.74972 y=4.44976 yaw=1.14924 score=0.98504 valid=1 mode=tracking state=TRACKING evaluated=789 execution_us=28526 reason=tracking_pose_accepted
x=3.69972 y=4.39976 yaw=1.1483 score=0.987288 valid=1 mode=tracking state=TRACKING evaluated=789 execution_us=27913 reason=tracking_pose_accepted
x=3.69972 y=4.39976 yaw=1.12991 score=0.984186 valid=1 mode=tracking state=TRACKING evaluated=789 execution_us=28926 reason=tracking_pose_accepted
x=3.69972 y=4.34976 yaw=1.12898 score=0.97972 valid=1 mode=tracking state=TRACKING evaluated=807 execution_us=29097 reason=tracking_pose_accepted
x=3.59972 y=4.29976 yaw=1.1455 score=0.979621 valid=1 mode=tracking state=TRACKING evaluated=789 execution_us=27798 reason=tracking_pose_accepted
x=3.54972 y=4.24976 yaw=1.12711 score=0.988039 valid=1 mode=tracking state=TRACKING evaluated=789 execution_us=28083 reason=tracking_pose_accepted
x=3.54972 y=4.24976 yaw=1.12618 score=0.98952 valid=1 mode=tracking state=TRACKING evaluated=789 execution_us=27996 reason=tracking_pose_accepted
x=3.49972 y=4.19976 yaw=1.1427 score=0.99105 valid=1 mode=tracking state=TRACKING evaluated=789 execution_us=27978 reason=tracking_pose_accepted
x=3.44972 y=4.19976 yaw=1.15922 score=0.992549 valid=1 mode=tracking state=TRACKING evaluated=789 execution_us=28054 reason=tracking_pose_accepted
x=3.39972 y=4.14976 yaw=1.22809 score=0.989682 valid=1 mode=tracking state=TRACKING evaluated=789 execution_us=28136 reason=tracking_pose_accepted
x=3.39972 y=4.14976 yaw=1.24461 score=0.989303 valid=1 mode=tracking state=TRACKING evaluated=789 execution_us=30669 reason=tracking_pose_accepted
x=3.34972 y=4.09976 yaw=1.20877 score=0.989627 valid=1 mode=tracking state=TRACKING evaluated=807 execution_us=29504 reason=tracking_pose_accepted
x=3.34972 y=4.04976 yaw=1.19039 score=0.988832 valid=1 mode=tracking state=TRACKING evaluated=789 execution_us=28263 reason=tracking_pose_accepted
x=3.29972 y=4.04976 yaw=1.172 score=0.991385 valid=1 mode=tracking state=TRACKING evaluated=807 execution_us=29206 reason=tracking_pose_accepted
x=3.29972 y=4.04976 yaw=1.18852 score=0.981569 valid=1 mode=tracking state=TRACKING evaluated=789 execution_us=27796 reason=tracking_pose_accepted
x=3.24972 y=3.99976 yaw=1.20504 score=0.984411 valid=1 mode=tracking state=TRACKING evaluated=789 execution_us=27995 reason=tracking_pose_accepted
x=3.29972 y=3.99976 yaw=1.23901 score=0.988038 valid=1 mode=tracking state=TRACKING evaluated=789 execution_us=27413 reason=tracking_pose_accepted
x=3.24972 y=3.99976 yaw=1.27298 score=0.986299 valid=1 mode=tracking state=TRACKING evaluated=789 execution_us=28030 reason=tracking_pose_accepted
x=3.24972 y=3.99976 yaw=1.2895 score=0.977407 valid=1 mode=tracking state=TRACKING evaluated=789 execution_us=29934 reason=tracking_pose_accepted
x=3.24972 y=3.99976 yaw=1.28857 score=0.985162 valid=1 mode=tracking state=TRACKING evaluated=789 execution_us=28518 reason=tracking_pose_accepted
x=3.24971 y=3.99976 yaw=1.27018 score=0.983465 valid=1 mode=tracking state=TRACKING evaluated=807 execution_us=28881 reason=tracking_pose_accepted
x=3.24971 y=3.99976 yaw=1.25179 score=0.980103 valid=1 mode=tracking state=TRACKING evaluated=789 execution_us=28440 reason=tracking_pose_accepted
x=3.24971 y=3.99976 yaw=1.23341 score=0.983441 valid=1 mode=tracking state=TRACKING evaluated=807 execution_us=29292 reason=tracking_pose_accepted
x=3.19971 y=3.94976 yaw=1.23247 score=0.981091 valid=1 mode=tracking state=TRACKING evaluated=789 execution_us=28946 reason=tracking_pose_accepted
x=3.19971 y=3.94976 yaw=1.19663 score=0.983641 valid=1 mode=tracking state=TRACKING evaluated=789 execution_us=28433 reason=tracking_pose_accepted
x=3.19971 y=3.94976 yaw=1.1957 score=0.981657 valid=1 mode=tracking state=TRACKING evaluated=789 execution_us=28516 reason=tracking_pose_accepted
x=3.24971 y=3.99976 yaw=1.17731 score=0.982096 valid=1 mode=tracking state=TRACKING evaluated=789 execution_us=28735 reason=tracking_pose_accepted
x=3.24971 y=3.99976 yaw=1.17638 score=0.982369 valid=1 mode=tracking state=TRACKING evaluated=807 execution_us=29047 reason=tracking_pose_accepted
x=3.19971 y=3.94976 yaw=1.19289 score=0.98 valid=1 mode=tracking state=TRACKING evaluated=789 execution_us=29075 reason=tracking_pose_accepted
x=3.24971 y=3.94976 yaw=1.19196 score=0.982458 valid=1 mode=tracking state=TRACKING evaluated=789 execution_us=28223 reason=tracking_pose_accepted
x=3.19971 y=3.94976 yaw=1.19103 score=0.982694 valid=1 mode=tracking state=TRACKING evaluated=789 execution_us=28594 reason=tracking_pose_accepted
x=3.24971 y=3.99976 yaw=1.19009 score=0.98157 valid=1 mode=tracking state=TRACKING evaluated=807 execution_us=28837 reason=tracking_pose_accepted
x=3.24971 y=3.99976 yaw=1.18916 score=0.979106 valid=1 mode=tracking state=TRACKING evaluated=789 execution_us=28893 reason=tracking_pose_accepted
x=3.24971 y=3.94976 yaw=1.18822 score=0.984507 valid=1 mode=tracking state=TRACKING evaluated=807 execution_us=28959 reason=tracking_pose_accepted
x=3.24971 y=3.94976 yaw=1.18729 score=0.977471 valid=1 mode=tracking state=TRACKING evaluated=789 execution_us=28763 reason=tracking_pose_accepted
x=3.24971 y=3.94976 yaw=1.18636 score=0.985578 valid=1 mode=tracking state=TRACKING evaluated=789 execution_us=27867 reason=tracking_pose_accepted
x=3.24971 y=3.94976 yaw=1.18542 score=0.98521 valid=1 mode=tracking state=TRACKING evaluated=807 execution_us=29215 reason=tracking_pose_accepted
x=3.24971 y=3.94976 yaw=1.18449 score=0.981533 valid=1 mode=tracking state=TRACKING evaluated=789 execution_us=28761 reason=tracking_pose_accepted
x=3.24971 y=3.99976 yaw=1.18355 score=0.983097 valid=1 mode=tracking state=TRACKING evaluated=807 execution_us=29773 reason=tracking_pose_accepted
x=3.24971 y=3.99976 yaw=1.18262 score=0.979053 valid=1 mode=tracking state=TRACKING evaluated=789 execution_us=29142 reason=tracking_pose_accepted
x=3.24971 y=3.94976 yaw=1.19914 score=0.983071 valid=1 mode=tracking state=TRACKING evaluated=807 execution_us=28849 reason=tracking_pose_accepted
x=3.24971 y=3.94975 yaw=1.1982 score=0.981224 valid=1 mode=tracking state=TRACKING evaluated=789 execution_us=28731 reason=tracking_pose_accepted
x=3.24971 y=3.94975 yaw=1.19727 score=0.975897 valid=1 mode=tracking state=TRACKING evaluated=789 execution_us=28763 reason=tracking_pose_accepted
x=3.19971 y=3.94975 yaw=1.19634 score=0.981144 valid=1 mode=tracking state=TRACKING evaluated=807 execution_us=29377 reason=tracking_pose_accepted
x=3.24971 y=3.99975 yaw=1.17795 score=0.978973 valid=1 mode=tracking state=TRACKING evaluated=789 execution_us=28651 reason=tracking_pose_accepted
x=3.24971 y=3.94975 yaw=1.19447 score=0.985149 valid=1 mode=tracking state=TRACKING evaluated=807 execution_us=29657 reason=tracking_pose_accepted
x=3.24971 y=3.94975 yaw=1.19353 score=0.980601 valid=1 mode=tracking state=TRACKING evaluated=789 execution_us=28139 reason=tracking_pose_accepted
x=3.2497 y=3.94975 yaw=1.1926 score=0.980759 valid=1 mode=tracking state=TRACKING evaluated=789 execution_us=28585 reason=tracking_pose_accepted
x=3.2497 y=3.94975 yaw=1.19167 score=0.981565 valid=1 mode=tracking state=TRACKING evaluated=807 execution_us=29234 reason=tracking_pose_accepted
x=3.2497 y=3.94975 yaw=1.19073 score=0.986331 valid=1 mode=tracking state=TRACKING evaluated=789 execution_us=28647 reason=tracking_pose_accepted
x=3.2497 y=3.94975 yaw=1.1898 score=0.981932 valid=1 mode=tracking state=TRACKING evaluated=807 execution_us=30409 reason=tracking_pose_accepted
x=3.1997 y=3.94975 yaw=1.17141 score=0.980247 valid=1 mode=tracking state=TRACKING evaluated=789 execution_us=28514 reason=tracking_pose_accepted
x=3.2497 y=3.94975 yaw=1.17048 score=0.97891 valid=1 mode=tracking state=TRACKING evaluated=807 execution_us=29344 reason=tracking_pose_accepted
x=3.2497 y=3.94975 yaw=1.16954 score=0.97891 valid=1 mode=tracking state=TRACKING evaluated=789 execution_us=28754 reason=tracking_pose_accepted
x=3.1997 y=3.94975 yaw=1.18606 score=0.977725 valid=1 mode=tracking state=TRACKING evaluated=789 execution_us=28777 reason=tracking_pose_accepted
x=3.2497 y=3.94975 yaw=1.16767 score=0.980968 valid=1 mode=tracking state=TRACKING evaluated=807 execution_us=28959 reason=tracking_pose_accepted
x=3.2497 y=3.94975 yaw=1.16674 score=0.986523 valid=1 mode=tracking state=TRACKING evaluated=789 execution_us=28489 reason=tracking_pose_accepted
x=3.2497 y=3.94975 yaw=1.16581 score=0.98028 valid=1 mode=tracking state=TRACKING evaluated=789 execution_us=28190 reason=tracking_pose_accepted
x=3.1997 y=3.89975 yaw=1.18232 score=0.975894 valid=1 mode=tracking state=TRACKING evaluated=807 execution_us=29370 reason=tracking_pose_accepted
x=3.2497 y=3.94975 yaw=1.16394 score=0.981102 valid=1 mode=tracking state=TRACKING evaluated=789 execution_us=28345 reason=tracking_pose_accepted
x=3.2497 y=3.94975 yaw=1.163 score=0.978897 valid=1 mode=tracking state=TRACKING evaluated=789 execution_us=28188 reason=tracking_pose_accepted
x=3.1997 y=3.94975 yaw=1.16207 score=0.980281 valid=1 mode=tracking state=TRACKING evaluated=807 execution_us=29187 reason=tracking_pose_accepted
x=3.2497 y=3.94975 yaw=1.16113 score=0.982217 valid=1 mode=tracking state=TRACKING evaluated=789 execution_us=28143 reason=tracking_pose_accepted
x=3.2497 y=3.94975 yaw=1.1602 score=0.977315 valid=1 mode=tracking state=TRACKING evaluated=789 execution_us=28349 reason=tracking_pose_accepted
x=3.2497 y=3.94975 yaw=1.15927 score=0.984603 valid=1 mode=tracking state=TRACKING evaluated=807 execution_us=29490 reason=tracking_pose_accepted
x=3.2497 y=3.94975 yaw=1.15833 score=0.982337 valid=1 mode=tracking state=TRACKING evaluated=789 execution_us=28243 reason=tracking_pose_accepted
x=3.2497 y=3.94975 yaw=1.1574 score=0.985314 valid=1 mode=tracking state=TRACKING evaluated=807 execution_us=28731 reason=tracking_pose_accepted
x=3.2497 y=3.94974 yaw=1.15646 score=0.98103 valid=1 mode=tracking state=TRACKING evaluated=789 execution_us=28772 reason=tracking_pose_accepted
x=3.2497 y=3.94974 yaw=1.15553 score=0.975004 valid=1 mode=tracking state=TRACKING evaluated=807 execution_us=29245 reason=tracking_pose_accepted
x=3.2497 y=3.94974 yaw=1.1546 score=0.978327 valid=1 mode=tracking state=TRACKING evaluated=789 execution_us=28225 reason=tracking_pose_accepted
x=3.1997 y=3.94974 yaw=1.15366 score=0.980808 valid=1 mode=tracking state=TRACKING evaluated=807 execution_us=29384 reason=tracking_pose_accepted
x=3.1997 y=3.94974 yaw=1.15273 score=0.982745 valid=1 mode=tracking state=TRACKING evaluated=789 execution_us=28515 reason=tracking_pose_accepted
x=3.1997 y=3.94974 yaw=1.16925 score=0.980964 valid=1 mode=tracking state=TRACKING evaluated=789 execution_us=28866 reason=tracking_pose_accepted
x=3.2497 y=3.94974 yaw=1.16831 score=0.982761 valid=1 mode=tracking state=TRACKING evaluated=789 execution_us=28431 reason=tracking_pose_accepted
x=3.2497 y=3.94974 yaw=1.16738 score=0.98291 valid=1 mode=tracking state=TRACKING evaluated=789 execution_us=28013 reason=tracking_pose_accepted
x=3.24969 y=3.94974 yaw=1.16644 score=0.979784 valid=1 mode=tracking state=TRACKING evaluated=807 execution_us=28921 reason=tracking_pose_accepted
x=3.24969 y=3.94974 yaw=1.16551 score=0.979765 valid=1 mode=tracking state=TRACKING evaluated=789 execution_us=28183 reason=tracking_pose_accepted
x=3.24969 y=3.94974 yaw=1.16458 score=0.982353 valid=1 mode=tracking state=TRACKING evaluated=807 execution_us=29384 reason=tracking_pose_accepted
x=3.24969 y=3.94974 yaw=1.16364 score=0.979096 valid=1 mode=tracking state=TRACKING evaluated=789 execution_us=28786 reason=tracking_pose_accepted
x=3.24969 y=3.94974 yaw=1.16271 score=0.981167 valid=1 mode=tracking state=TRACKING evaluated=807 execution_us=28634 reason=tracking_pose_accepted
x=3.24969 y=3.94974 yaw=1.16177 score=0.978119 valid=1 mode=tracking state=TRACKING evaluated=789 execution_us=28419 reason=tracking_pose_accepted
x=3.24969 y=3.94974 yaw=1.16084 score=0.979775 valid=1 mode=tracking state=TRACKING evaluated=807 execution_us=29519 reason=tracking_pose_accepted
x=3.24969 y=3.94974 yaw=1.15991 score=0.976263 valid=1 mode=tracking state=TRACKING evaluated=789 execution_us=28407 reason=tracking_pose_accepted
x=3.24969 y=3.94974 yaw=1.15897 score=0.982736 valid=1 mode=tracking state=TRACKING evaluated=807 execution_us=29806 reason=tracking_pose_accepted
x=3.19969 y=3.94974 yaw=1.17549 score=0.982726 valid=1 mode=tracking state=TRACKING evaluated=789 execution_us=28706 reason=tracking_pose_accepted
x=3.19969 y=3.94974 yaw=1.1571 score=0.971268 valid=1 mode=tracking state=TRACKING evaluated=807 execution_us=30026 reason=tracking_pose_accepted
x=3.19969 y=3.94974 yaw=1.15617 score=0.979765 valid=1 mode=tracking state=TRACKING evaluated=789 execution_us=28656 reason=tracking_pose_accepted
x=3.24969 y=3.94974 yaw=1.15524 score=0.983232 valid=1 mode=tracking state=TRACKING evaluated=789 execution_us=28295 reason=tracking_pose_accepted
x=3.24969 y=3.94974 yaw=1.1543 score=0.986641 valid=1 mode=tracking state=TRACKING evaluated=789 execution_us=28961 reason=tracking_pose_accepted
x=3.19969 y=3.94974 yaw=1.15337 score=0.978973 valid=1 mode=tracking state=TRACKING evaluated=789 execution_us=28654 reason=tracking_pose_accepted
x=3.24969 y=3.94974 yaw=1.16989 score=0.979944 valid=1 mode=tracking state=TRACKING evaluated=807 execution_us=29301 reason=tracking_pose_accepted
x=3.19969 y=3.94974 yaw=1.1515 score=0.977725 valid=1 mode=tracking state=TRACKING evaluated=789 execution_us=29451 reason=tracking_pose_accepted
x=3.24969 y=3.94974 yaw=1.16802 score=0.983997 valid=1 mode=tracking state=TRACKING evaluated=789 execution_us=28673 reason=tracking_pose_accepted
x=3.24969 y=3.94974 yaw=1.16708 score=0.980328 valid=1 mode=tracking state=TRACKING evaluated=789 execution_us=28264 reason=tracking_pose_accepted
x=3.24969 y=3.94974 yaw=1.16615 score=0.986523 valid=1 mode=tracking state=TRACKING evaluated=807 execution_us=29496 reason=tracking_pose_accepted
x=3.24969 y=3.94974 yaw=1.16522 score=0.977287 valid=1 mode=tracking state=TRACKING evaluated=789 execution_us=28348 reason=tracking_pose_accepted
x=3.24969 y=3.94973 yaw=1.16428 score=0.977837 valid=1 mode=tracking state=TRACKING evaluated=807 execution_us=28983 reason=tracking_pose_accepted
x=3.19969 y=3.94973 yaw=1.16335 score=0.976917 valid=1 mode=tracking state=TRACKING evaluated=789 execution_us=28697 reason=tracking_pose_accepted
x=3.24969 y=3.94973 yaw=1.16241 score=0.977223 valid=1 mode=tracking state=TRACKING evaluated=807 execution_us=29479 reason=tracking_pose_accepted
x=3.24969 y=3.94973 yaw=1.16148 score=0.97908 valid=1 mode=tracking state=TRACKING evaluated=789 execution_us=28975 reason=tracking_pose_accepted
x=3.24969 y=3.94973 yaw=1.16055 score=0.978119 valid=1 mode=tracking state=TRACKING evaluated=789 execution_us=28306 reason=tracking_pose_accepted
x=3.24969 y=3.94973 yaw=1.15961 score=0.975068 valid=1 mode=tracking state=TRACKING evaluated=807 execution_us=29049 reason=tracking_pose_accepted
x=3.24968 y=3.94973 yaw=1.15868 score=0.979133 valid=1 mode=tracking state=TRACKING evaluated=789 execution_us=28565 reason=tracking_pose_accepted
x=3.19968 y=3.94973 yaw=1.15774 score=0.980867 valid=1 mode=tracking state=TRACKING evaluated=807 execution_us=29590 reason=tracking_pose_accepted
x=3.19968 y=3.94973 yaw=1.15681 score=0.982873 valid=1 mode=tracking state=TRACKING evaluated=789 execution_us=28249 reason=tracking_pose_accepted
x=3.24968 y=3.94973 yaw=1.17333 score=0.980006 valid=1 mode=tracking state=TRACKING evaluated=789 execution_us=28271 reason=tracking_pose_accepted
x=3.24968 y=3.94973 yaw=1.15494 score=0.983513 valid=1 mode=tracking state=TRACKING evaluated=789 execution_us=28295 reason=tracking_pose_accepted
x=3.24968 y=3.94973 yaw=1.15401 score=0.982242 valid=1 mode=tracking state=TRACKING evaluated=807 execution_us=29402 reason=tracking_pose_accepted
x=3.24968 y=3.94973 yaw=1.17053 score=0.981293 valid=1 mode=tracking state=TRACKING evaluated=789 execution_us=28780 reason=tracking_pose_accepted
x=3.19968 y=3.94973 yaw=1.15214 score=0.981469 valid=1 mode=tracking state=TRACKING evaluated=807 execution_us=28845 reason=tracking_pose_accepted
x=3.24968 y=3.94973 yaw=1.16866 score=0.978391 valid=1 mode=tracking state=TRACKING evaluated=789 execution_us=28569 reason=tracking_pose_accepted
x=3.24968 y=3.94973 yaw=1.16772 score=0.975865 valid=1 mode=tracking state=TRACKING evaluated=789 execution_us=28635 reason=tracking_pose_accepted
x=3.24968 y=3.94973 yaw=1.16679 score=0.983173 valid=1 mode=tracking state=TRACKING evaluated=807 execution_us=29066 reason=tracking_pose_accepted
x=3.24968 y=3.94973 yaw=1.16586 score=0.984505 valid=1 mode=tracking state=TRACKING evaluated=789 execution_us=28874 reason=tracking_pose_accepted
x=3.24968 y=3.94973 yaw=1.16492 score=0.978567 valid=1 mode=tracking state=TRACKING evaluated=807 execution_us=28814 reason=tracking_pose_accepted
x=3.24968 y=3.94973 yaw=1.16399 score=0.978463 valid=1 mode=tracking state=TRACKING evaluated=789 execution_us=28561 reason=tracking_pose_accepted
x=3.19968 y=3.94973 yaw=1.16305 score=0.979021 valid=1 mode=tracking state=TRACKING evaluated=807 execution_us=29044 reason=tracking_pose_accepted
x=3.19968 y=3.94973 yaw=1.16212 score=0.979918 valid=1 mode=tracking state=TRACKING evaluated=789 execution_us=28816 reason=tracking_pose_accepted
x=3.24968 y=3.94973 yaw=1.16119 score=0.979624 valid=1 mode=tracking state=TRACKING evaluated=789 execution_us=29708 reason=tracking_pose_accepted
x=3.24968 y=3.94973 yaw=1.16025 score=0.979301 valid=1 mode=tracking state=TRACKING evaluated=789 execution_us=28925 reason=tracking_pose_accepted
x=3.24968 y=3.94973 yaw=1.15932 score=0.979301 valid=1 mode=tracking state=TRACKING evaluated=807 execution_us=29359 reason=tracking_pose_accepted
x=3.24968 y=3.94973 yaw=1.15838 score=0.977127 valid=1 mode=tracking state=TRACKING evaluated=789 execution_us=28589 reason=tracking_pose_accepted
x=3.24968 y=3.94973 yaw=1.15745 score=0.979752 valid=1 mode=tracking state=TRACKING evaluated=807 execution_us=29155 reason=tracking_pose_accepted
x=3.24968 y=3.94972 yaw=1.15651 score=0.982096 valid=1 mode=tracking state=TRACKING evaluated=789 execution_us=28473 reason=tracking_pose_accepted
x=3.24968 y=3.94972 yaw=1.15558 score=0.980661 valid=1 mode=tracking state=TRACKING evaluated=807 execution_us=29629 reason=tracking_pose_accepted
x=3.19968 y=3.94972 yaw=1.15465 score=0.981353 valid=1 mode=tracking state=TRACKING evaluated=789 execution_us=29218 reason=tracking_pose_accepted
x=3.19968 y=3.94972 yaw=1.15371 score=0.978962 valid=1 mode=tracking state=TRACKING evaluated=807 execution_us=29537 reason=tracking_pose_accepted
x=3.24968 y=3.94972 yaw=1.15278 score=0.980472 valid=1 mode=tracking state=TRACKING evaluated=789 execution_us=28514 reason=tracking_pose_accepted
x=3.24968 y=3.94972 yaw=1.1693 score=0.986949 valid=1 mode=tracking state=TRACKING evaluated=789 execution_us=28847 reason=tracking_pose_accepted
x=3.24968 y=3.94972 yaw=1.16836 score=0.984378 valid=1 mode=tracking state=TRACKING evaluated=789 execution_us=28613 reason=tracking_pose_accepted
x=3.24967 y=3.94972 yaw=1.16743 score=0.980264 valid=1 mode=tracking state=TRACKING evaluated=807 execution_us=29276 reason=tracking_pose_accepted
x=3.24967 y=3.94972 yaw=1.1665 score=0.98552 valid=1 mode=tracking state=TRACKING evaluated=789 execution_us=28966 reason=tracking_pose_accepted
x=3.24967 y=3.94972 yaw=1.16556 score=0.977927 valid=1 mode=tracking state=TRACKING evaluated=807 execution_us=29388 reason=tracking_pose_accepted
x=3.24967 y=3.94972 yaw=1.16463 score=0.980583 valid=1 mode=tracking state=TRACKING evaluated=789 execution_us=28703 reason=tracking_pose_accepted
x=3.19967 y=3.94972 yaw=1.16369 score=0.980392 valid=1 mode=tracking state=TRACKING evaluated=807 execution_us=29593 reason=tracking_pose_accepted
x=3.19967 y=3.94972 yaw=1.18021 score=0.978827 valid=1 mode=tracking state=TRACKING evaluated=789 execution_us=28617 reason=tracking_pose_accepted
x=3.24967 y=3.94972 yaw=1.16182 score=0.98621 valid=1 mode=tracking state=TRACKING evaluated=789 execution_us=28132 reason=tracking_pose_accepted
x=3.24967 y=3.94972 yaw=1.16089 score=0.98525 valid=1 mode=tracking state=TRACKING evaluated=789 execution_us=28465 reason=tracking_pose_accepted
x=3.24967 y=3.94972 yaw=1.15996 score=0.97956 valid=1 mode=tracking state=TRACKING evaluated=807 execution_us=29149 reason=tracking_pose_accepted
x=3.24967 y=3.94972 yaw=1.15902 score=0.981432 valid=1 mode=tracking state=TRACKING evaluated=789 execution_us=28900 reason=tracking_pose_accepted
x=3.19967 y=3.94972 yaw=1.15809 score=0.980805 valid=1 mode=tracking state=TRACKING evaluated=807 execution_us=29537 reason=tracking_pose_accepted
x=3.19967 y=3.94972 yaw=1.15715 score=0.983285 valid=1 mode=tracking state=TRACKING evaluated=789 execution_us=28175 reason=tracking_pose_accepted
x=3.24967 y=3.94972 yaw=1.15622 score=0.981276 valid=1 mode=tracking state=TRACKING evaluated=789 execution_us=28346 reason=tracking_pose_accepted
x=3.24967 y=3.94972 yaw=1.15529 score=0.977687 valid=1 mode=tracking state=TRACKING evaluated=789 execution_us=28517 reason=tracking_pose_accepted
x=3.19967 y=3.94972 yaw=1.15435 score=0.981614 valid=1 mode=tracking state=TRACKING evaluated=807 execution_us=29056 reason=tracking_pose_accepted
x=3.19967 y=3.94972 yaw=1.15342 score=0.982514 valid=1 mode=tracking state=TRACKING evaluated=789 execution_us=28611 reason=tracking_pose_accepted
x=3.19967 y=3.94972 yaw=1.15248 score=0.980731 valid=1 mode=tracking state=TRACKING evaluated=789 execution_us=28179 reason=tracking_pose_accepted
x=3.24967 y=3.94972 yaw=1.169 score=0.978737 valid=1 mode=tracking state=TRACKING evaluated=789 execution_us=28119 reason=tracking_pose_accepted
x=3.24967 y=3.94972 yaw=1.16807 score=0.983389 valid=1 mode=tracking state=TRACKING evaluated=789 execution_us=28673 reason=tracking_pose_accepted
x=3.24967 y=3.94972 yaw=1.16714 score=0.986109 valid=1 mode=tracking state=TRACKING evaluated=807 execution_us=29512 reason=tracking_pose_accepted
x=3.24967 y=3.94972 yaw=1.1662 score=0.980676 valid=1 mode=tracking state=TRACKING evaluated=789 execution_us=28923 reason=tracking_pose_accepted
x=3.24967 y=3.94972 yaw=1.16527 score=0.980968 valid=1 mode=tracking state=TRACKING evaluated=807 execution_us=28933 reason=tracking_pose_accepted
x=3.24967 y=3.94972 yaw=1.16433 score=0.983818 valid=1 mode=tracking state=TRACKING evaluated=789 execution_us=28614 reason=tracking_pose_accepted
x=3.24967 y=3.94971 yaw=1.1634 score=0.978289 valid=1 mode=tracking state=TRACKING evaluated=807 execution_us=30109 reason=tracking_pose_accepted
x=3.24967 y=3.94971 yaw=1.16246 score=0.981357 valid=1 mode=tracking state=TRACKING evaluated=789 execution_us=29677 reason=tracking_pose_accepted
x=3.24967 y=3.94971 yaw=1.16153 score=0.981758 valid=1 mode=tracking state=TRACKING evaluated=807 execution_us=29227 reason=tracking_pose_accepted
x=3.19967 y=3.94971 yaw=1.1606 score=0.980376 valid=1 mode=tracking state=TRACKING evaluated=789 execution_us=29012 reason=tracking_pose_accepted
x=3.19967 y=3.94971 yaw=1.15966 score=0.983555 valid=1 mode=tracking state=TRACKING evaluated=807 execution_us=29261 reason=tracking_pose_accepted
x=3.24967 y=3.94971 yaw=1.15873 score=0.984523 valid=1 mode=tracking state=TRACKING evaluated=789 execution_us=28294 reason=tracking_pose_accepted
x=3.24967 y=3.94971 yaw=1.15779 score=0.983289 valid=1 mode=tracking state=TRACKING evaluated=789 execution_us=28669 reason=tracking_pose_accepted
x=3.24966 y=3.94971 yaw=1.15686 score=0.977963 valid=1 mode=tracking state=TRACKING evaluated=789 execution_us=28492 reason=tracking_pose_accepted
x=3.19966 y=3.94971 yaw=1.15593 score=0.982218 valid=1 mode=tracking state=TRACKING evaluated=807 execution_us=29448 reason=tracking_pose_accepted
x=3.19966 y=3.94971 yaw=1.15499 score=0.98149 valid=1 mode=tracking state=TRACKING evaluated=789 execution_us=28229 reason=tracking_pose_accepted
x=3.24966 y=3.94971 yaw=1.15406 score=0.980487 valid=1 mode=tracking state=TRACKING evaluated=789 execution_us=29030 reason=tracking_pose_accepted
x=3.24966 y=3.94971 yaw=1.17058 score=0.982296 valid=1 mode=tracking state=TRACKING evaluated=789 execution_us=28740 reason=tracking_pose_accepted
x=3.19966 y=3.94971 yaw=1.16964 score=0.982472 valid=1 mode=tracking state=TRACKING evaluated=807 execution_us=29750 reason=tracking_pose_accepted
x=3.24966 y=3.94971 yaw=1.16871 score=0.977355 valid=1 mode=tracking state=TRACKING evaluated=789 execution_us=28543 reason=tracking_pose_accepted
x=3.24966 y=3.94971 yaw=1.15032 score=0.983513 valid=1 mode=tracking state=TRACKING evaluated=789 execution_us=28581 reason=tracking_pose_accepted
x=3.24966 y=3.94971 yaw=1.16684 score=0.984298 valid=1 mode=tracking state=TRACKING evaluated=807 execution_us=29067 reason=tracking_pose_accepted
x=3.24966 y=3.94971 yaw=1.16591 score=0.985589 valid=1 mode=tracking state=TRACKING evaluated=789 execution_us=28559 reason=tracking_pose_accepted
x=3.24966 y=3.89971 yaw=1.18243 score=0.983837 valid=1 mode=tracking state=TRACKING evaluated=807 execution_us=29313 reason=tracking_pose_accepted
x=3.29966 y=3.89971 yaw=1.14659 score=0.983758 valid=1 mode=tracking state=TRACKING evaluated=807 execution_us=29478 reason=tracking_pose_accepted
x=3.34966 y=3.84971 yaw=1.1631 score=0.983533 valid=1 mode=tracking state=TRACKING evaluated=789 execution_us=28940 reason=tracking_pose_accepted
x=3.34966 y=3.79971 yaw=1.19708 score=0.978304 valid=1 mode=tracking state=TRACKING evaluated=831 execution_us=30154 reason=tracking_pose_accepted
x=3.44966 y=3.74971 yaw=1.17869 score=0.986906 valid=1 mode=tracking state=TRACKING evaluated=807 execution_us=28102 reason=tracking_pose_accepted
x=3.44966 y=3.69971 yaw=1.19521 score=0.990692 valid=1 mode=tracking state=TRACKING evaluated=807 execution_us=29647 reason=tracking_pose_accepted
x=3.49966 y=3.64971 yaw=1.17682 score=0.977315 valid=1 mode=tracking state=TRACKING evaluated=807 execution_us=29097 reason=tracking_pose_accepted
x=3.54966 y=3.59971 yaw=1.15843 score=0.987445 valid=1 mode=tracking state=TRACKING evaluated=807 execution_us=28621 reason=tracking_pose_accepted
x=3.54966 y=3.54971 yaw=1.14005 score=0.985342 valid=1 mode=tracking state=TRACKING evaluated=831 execution_us=30146 reason=tracking_pose_accepted
x=3.59966 y=3.54971 yaw=1.10421 score=0.984247 valid=1 mode=tracking state=TRACKING evaluated=807 execution_us=27735 reason=tracking_pose_accepted
x=3.64966 y=3.49971 yaw=1.13818 score=0.987885 valid=1 mode=tracking state=TRACKING evaluated=789 execution_us=27247 reason=tracking_pose_accepted
x=3.64966 y=3.44971 yaw=1.17215 score=0.985598 valid=1 mode=tracking state=TRACKING evaluated=807 execution_us=27368 reason=tracking_pose_accepted
x=3.64966 y=3.39971 yaw=1.22358 score=0.974364 valid=1 mode=tracking state=TRACKING evaluated=789 execution_us=27871 reason=tracking_pose_accepted
x=3.64966 y=3.34971 yaw=1.25755 score=0.981153 valid=1 mode=tracking state=TRACKING evaluated=807 execution_us=28243 reason=tracking_pose_accepted
x=3.64966 y=3.29971 yaw=1.22171 score=0.988005 valid=1 mode=tracking state=TRACKING evaluated=789 execution_us=27411 reason=tracking_pose_accepted
x=3.64966 y=3.24971 yaw=1.16841 score=0.984184 valid=1 mode=tracking state=TRACKING evaluated=807 execution_us=28494 reason=tracking_pose_accepted
x=3.64966 y=3.19971 yaw=1.13257 score=0.974966 valid=1 mode=tracking state=TRACKING evaluated=789 execution_us=28596 reason=tracking_pose_accepted
x=3.64966 y=3.19971 yaw=1.14909 score=0.984022 valid=1 mode=tracking state=TRACKING evaluated=789 execution_us=28174 reason=tracking_pose_accepted
x=3.64966 y=3.14971 yaw=1.14816 score=0.986459 valid=1 mode=tracking state=TRACKING evaluated=807 execution_us=29168 reason=tracking_pose_accepted
x=3.59966 y=3.09971 yaw=1.16468 score=0.985457 valid=1 mode=tracking state=TRACKING evaluated=789 execution_us=28518 reason=tracking_pose_accepted
x=3.59966 y=3.04971 yaw=1.1812 score=0.983885 valid=1 mode=tracking state=TRACKING evaluated=789 execution_us=28387 reason=tracking_pose_accepted
x=3.54966 y=2.94971 yaw=1.16281 score=0.989658 valid=1 mode=tracking state=TRACKING evaluated=807 execution_us=29868 reason=tracking_pose_accepted
x=3.54966 y=2.8997 yaw=1.16188 score=0.984361 valid=1 mode=tracking state=TRACKING evaluated=789 execution_us=28662 reason=tracking_pose_accepted
x=3.54965 y=2.8497 yaw=1.12604 score=0.978517 valid=1 mode=tracking state=TRACKING evaluated=789 execution_us=28904 reason=tracking_pose_accepted
x=3.49965 y=2.7997 yaw=1.16001 score=0.972067 valid=1 mode=tracking state=TRACKING evaluated=807 execution_us=29990 reason=tracking_pose_accepted
x=3.49965 y=2.7497 yaw=1.15907 score=0.965596 valid=1 mode=tracking state=TRACKING evaluated=789 execution_us=28972 reason=tracking_pose_accepted
x=3.44965 y=2.6497 yaw=1.15814 score=0.978415 valid=1 mode=tracking state=TRACKING evaluated=807 execution_us=29028 reason=tracking_pose_accepted
x=3.44965 y=2.5997 yaw=1.13975 score=0.966242 valid=1 mode=tracking state=TRACKING evaluated=789 execution_us=28263 reason=tracking_pose_accepted
x=3.39965 y=2.5497 yaw=1.12136 score=0.965184 valid=1 mode=tracking state=TRACKING evaluated=789 execution_us=27328 reason=tracking_pose_accepted
x=3.39965 y=2.4997 yaw=1.12043 score=0.964722 valid=1 mode=tracking state=TRACKING evaluated=789 execution_us=28359 reason=tracking_pose_accepted
x=3.34965 y=2.4497 yaw=1.1544 score=0.964869 valid=1 mode=tracking state=TRACKING evaluated=789 execution_us=27933 reason=tracking_pose_accepted
x=3.34965 y=2.3497 yaw=1.18838 score=0.971339 valid=1 mode=tracking state=TRACKING evaluated=789 execution_us=27992 reason=tracking_pose_accepted
x=3.29965 y=2.2997 yaw=1.18744 score=0.963818 valid=1 mode=tracking state=TRACKING evaluated=807 execution_us=28718 reason=tracking_pose_accepted
x=3.29965 y=2.1997 yaw=1.16905 score=0.965338 valid=1 mode=tracking state=TRACKING evaluated=789 execution_us=28194 reason=tracking_pose_accepted
x=3.29965 y=2.1497 yaw=1.16812 score=0.971204 valid=1 mode=tracking state=TRACKING evaluated=789 execution_us=29976 reason=tracking_pose_accepted
x=3.24965 y=2.0997 yaw=1.16719 score=0.969823 valid=1 mode=tracking state=TRACKING evaluated=789 execution_us=28492 reason=tracking_pose_accepted
x=3.24965 y=2.0497 yaw=1.20116 score=0.96565 valid=1 mode=tracking state=TRACKING evaluated=807 execution_us=29257 reason=tracking_pose_accepted
x=3.24965 y=1.9497 yaw=1.20022 score=0.97024 valid=1 mode=tracking state=TRACKING evaluated=807 execution_us=29586 reason=tracking_pose_accepted
x=3.24965 y=1.8997 yaw=1.18184 score=0.978637 valid=1 mode=tracking state=TRACKING evaluated=807 execution_us=29801 reason=tracking_pose_accepted
x=3.24965 y=1.8497 yaw=1.12854 score=0.983451 valid=1 mode=tracking state=TRACKING evaluated=789 execution_us=28131 reason=tracking_pose_accepted
x=3.19965 y=1.7997 yaw=1.11016 score=0.977015 valid=1 mode=tracking state=TRACKING evaluated=807 execution_us=29574 reason=tracking_pose_accepted
x=3.19965 y=1.7497 yaw=1.10922 score=0.976503 valid=1 mode=tracking state=TRACKING evaluated=789 execution_us=28614 reason=tracking_pose_accepted
x=3.19965 y=1.6997 yaw=1.09083 score=0.973538 valid=1 mode=tracking state=TRACKING evaluated=807 execution_us=28802 reason=tracking_pose_accepted
x=3.19965 y=1.6497 yaw=1.0899 score=0.980839 valid=1 mode=tracking state=TRACKING evaluated=807 execution_us=29299 reason=tracking_pose_accepted
x=3.19965 y=1.5997 yaw=1.10642 score=0.988525 valid=1 mode=tracking state=TRACKING evaluated=807 execution_us=28914 reason=tracking_pose_accepted
x=3.19965 y=1.5497 yaw=1.12294 score=0.984218 valid=1 mode=tracking state=TRACKING evaluated=807 execution_us=29114 reason=tracking_pose_accepted
x=3.24965 y=1.5497 yaw=1.13946 score=0.986939 valid=1 mode=tracking state=TRACKING evaluated=807 execution_us=29226 reason=tracking_pose_accepted
x=3.24965 y=1.5497 yaw=1.17343 score=0.982361 valid=1 mode=tracking state=TRACKING evaluated=807 execution_us=29496 reason=tracking_pose_accepted
x=3.24965 y=1.4997 yaw=1.15504 score=0.980849 valid=1 mode=tracking state=TRACKING evaluated=807 execution_us=30779 reason=tracking_pose_accepted
x=3.24965 y=1.4997 yaw=1.1192 score=0.992829 valid=1 mode=tracking state=TRACKING evaluated=807 execution_us=28876 reason=tracking_pose_accepted
x=3.24965 y=1.4997 yaw=1.17063 score=0.988393 valid=1 mode=tracking state=TRACKING evaluated=807 execution_us=29535 reason=tracking_pose_accepted
x=3.24965 y=1.4997 yaw=1.2046 score=0.986478 valid=1 mode=tracking state=TRACKING evaluated=807 execution_us=29841 reason=tracking_pose_accepted
x=3.24965 y=1.4997 yaw=1.20367 score=0.987479 valid=1 mode=tracking state=TRACKING evaluated=807 execution_us=29569 reason=tracking_pose_accepted
x=3.19965 y=1.4997 yaw=1.18528 score=0.984901 valid=1 mode=tracking state=TRACKING evaluated=807 execution_us=29235 reason=tracking_pose_accepted
x=3.19965 y=1.4997 yaw=1.18434 score=0.987725 valid=1 mode=tracking state=TRACKING evaluated=807 execution_us=29353 reason=tracking_pose_accepted
x=3.19965 y=1.4997 yaw=1.20086 score=0.981904 valid=1 mode=tracking state=TRACKING evaluated=807 execution_us=29651 reason=tracking_pose_accepted
x=3.24965 y=1.4997 yaw=1.21738 score=0.987429 valid=1 mode=tracking state=TRACKING evaluated=807 execution_us=29847 reason=tracking_pose_accepted
x=3.24965 y=1.4997 yaw=1.199 score=0.987605 valid=1 mode=tracking state=TRACKING evaluated=807 execution_us=29607 reason=tracking_pose_accepted
x=3.24965 y=1.4997 yaw=1.21551 score=0.987906 valid=1 mode=tracking state=TRACKING evaluated=807 execution_us=29581 reason=tracking_pose_accepted
x=3.24965 y=1.4997 yaw=1.21458 score=0.987278 valid=1 mode=tracking state=TRACKING evaluated=807 execution_us=40674 reason=tracking_pose_accepted
x=3.24965 y=1.4997 yaw=1.17874 score=0.984642 valid=1 mode=tracking state=TRACKING evaluated=807 execution_us=29686 reason=tracking_pose_accepted
x=3.19965 y=1.4997 yaw=1.17781 score=0.98158 valid=1 mode=tracking state=TRACKING evaluated=807 execution_us=29620 reason=tracking_pose_accepted
x=3.19965 y=1.4997 yaw=1.14196 score=0.985526 valid=1 mode=tracking state=TRACKING evaluated=807 execution_us=29838 reason=tracking_pose_accepted
x=3.19965 y=1.4997 yaw=1.12358 score=0.980884 valid=1 mode=tracking state=TRACKING evaluated=807 execution_us=29058 reason=tracking_pose_accepted
x=3.19965 y=1.4997 yaw=1.12264 score=0.982077 valid=1 mode=tracking state=TRACKING evaluated=807 execution_us=29526 reason=tracking_pose_accepted
x=3.19965 y=1.4997 yaw=1.12171 score=0.981404 valid=1 mode=tracking state=TRACKING evaluated=807 execution_us=29230 reason=tracking_pose_accepted
x=3.24965 y=1.4997 yaw=1.13823 score=0.979337 valid=1 mode=tracking state=TRACKING evaluated=807 execution_us=29375 reason=tracking_pose_accepted
x=3.24965 y=1.4997 yaw=1.10239 score=0.987502 valid=1 mode=tracking state=TRACKING evaluated=807 execution_us=29386 reason=tracking_pose_accepted
x=3.24965 y=1.4997 yaw=1.10145 score=0.985196 valid=1 mode=tracking state=TRACKING evaluated=807 execution_us=29419 reason=tracking_pose_accepted
x=3.19965 y=1.4997 yaw=1.11797 score=0.9792 valid=1 mode=tracking state=TRACKING evaluated=807 execution_us=29698 reason=tracking_pose_accepted
x=3.24965 y=1.4997 yaw=1.11704 score=0.985532 valid=1 mode=tracking state=TRACKING evaluated=807 execution_us=29969 reason=tracking_pose_accepted
x=3.24965 y=1.4997 yaw=1.1161 score=0.98397 valid=1 mode=tracking state=TRACKING evaluated=807 execution_us=29669 reason=tracking_pose_accepted
x=3.24965 y=1.4997 yaw=1.13262 score=0.98729 valid=1 mode=tracking state=TRACKING evaluated=807 execution_us=29474 reason=tracking_pose_accepted
x=3.24965 y=1.4997 yaw=1.11424 score=0.989279 valid=1 mode=tracking state=TRACKING evaluated=807 execution_us=29397 reason=tracking_pose_accepted
x=3.24965 y=1.4997 yaw=1.1133 score=0.986354 valid=1 mode=tracking state=TRACKING evaluated=807 execution_us=30652 reason=tracking_pose_accepted
x=3.24965 y=1.4997 yaw=1.14727 score=0.982764 valid=1 mode=tracking state=TRACKING evaluated=807 execution_us=29816 reason=tracking_pose_accepted
x=3.24965 y=1.4997 yaw=1.11143 score=0.984125 valid=1 mode=tracking state=TRACKING evaluated=807 execution_us=29817 reason=tracking_pose_accepted
x=3.24965 y=1.4997 yaw=1.12795 score=0.992125 valid=1 mode=tracking state=TRACKING evaluated=807 execution_us=29329 reason=tracking_pose_accepted
x=3.24965 y=1.4997 yaw=1.12702 score=0.983507 valid=1 mode=tracking state=TRACKING evaluated=807 execution_us=29626 reason=tracking_pose_accepted
x=3.24965 y=1.4997 yaw=1.12608 score=0.992661 valid=1 mode=tracking state=TRACKING evaluated=807 execution_us=29572 reason=tracking_pose_accepted
x=3.24965 y=1.4997 yaw=1.12515 score=0.989516 valid=1 mode=tracking state=TRACKING evaluated=807 execution_us=29514 reason=tracking_pose_accepted
x=3.24965 y=1.4997 yaw=1.12422 score=0.988737 valid=1 mode=tracking state=TRACKING evaluated=807 execution_us=30078 reason=tracking_pose_accepted
x=3.24965 y=1.4997 yaw=1.12328 score=0.988409 valid=1 mode=tracking state=TRACKING evaluated=807 execution_us=29709 reason=tracking_pose_accepted
x=3.24965 y=1.4997 yaw=1.12235 score=0.986407 valid=1 mode=tracking state=TRACKING evaluated=807 execution_us=30291 reason=tracking_pose_accepted
x=3.24965 y=1.4997 yaw=1.13887 score=0.989706 valid=1 mode=tracking state=TRACKING evaluated=807 execution_us=30608 reason=tracking_pose_accepted
x=3.19965 y=1.4997 yaw=1.15539 score=0.980865 valid=1 mode=tracking state=TRACKING evaluated=807 execution_us=29604 reason=tracking_pose_accepted
x=3.19965 y=1.4997 yaw=1.15445 score=0.983337 valid=1 mode=tracking state=TRACKING evaluated=807 execution_us=29613 reason=tracking_pose_accepted
x=3.24965 y=1.4997 yaw=1.15352 score=0.980847 valid=1 mode=tracking state=TRACKING evaluated=807 execution_us=29490 reason=tracking_pose_accepted
x=3.24965 y=1.4997 yaw=1.15258 score=0.990913 valid=1 mode=tracking state=TRACKING evaluated=807 execution_us=29258 reason=tracking_pose_accepted
x=3.19965 y=1.4997 yaw=1.15165 score=0.982321 valid=1 mode=tracking state=TRACKING evaluated=807 execution_us=29799 reason=tracking_pose_accepted
x=3.24965 y=1.4997 yaw=1.13326 score=0.98916 valid=1 mode=tracking state=TRACKING evaluated=807 execution_us=28950 reason=tracking_pose_accepted
x=3.19965 y=1.4997 yaw=1.14978 score=0.985911 valid=1 mode=tracking state=TRACKING evaluated=807 execution_us=29311 reason=tracking_pose_accepted
x=3.19965 y=1.4997 yaw=1.14885 score=0.982178 valid=1 mode=tracking state=TRACKING evaluated=807 execution_us=29023 reason=tracking_pose_accepted
x=3.19965 y=1.4997 yaw=1.14791 score=0.986832 valid=1 mode=tracking state=TRACKING evaluated=807 execution_us=29338 reason=tracking_pose_accepted
x=3.19965 y=1.4997 yaw=1.14698 score=0.977746 valid=1 mode=tracking state=TRACKING evaluated=807 execution_us=29854 reason=tracking_pose_accepted
x=3.24965 y=1.4997 yaw=1.1635 score=0.98414 valid=1 mode=tracking state=TRACKING evaluated=807 execution_us=29434 reason=tracking_pose_accepted
x=3.24965 y=1.4997 yaw=1.16256 score=0.985731 valid=1 mode=tracking state=TRACKING evaluated=807 execution_us=29570 reason=tracking_pose_accepted
x=3.24965 y=1.4997 yaw=1.16163 score=0.98198 valid=1 mode=tracking state=TRACKING evaluated=807 execution_us=29368 reason=tracking_pose_accepted
x=3.24965 y=1.4997 yaw=1.1607 score=0.983196 valid=1 mode=tracking state=TRACKING evaluated=807 execution_us=29380 reason=tracking_pose_accepted
x=3.19965 y=1.4997 yaw=1.15976 score=0.980941 valid=1 mode=tracking state=TRACKING evaluated=807 execution_us=29679 reason=tracking_pose_accepted
x=3.24965 y=1.4997 yaw=1.15883 score=0.981283 valid=1 mode=tracking state=TRACKING evaluated=807 execution_us=29854 reason=tracking_pose_accepted
x=3.19965 y=1.4997 yaw=1.15789 score=0.981558 valid=1 mode=tracking state=TRACKING evaluated=807 execution_us=29439 reason=tracking_pose_accepted
x=3.24965 y=1.4997 yaw=1.15696 score=0.987255 valid=1 mode=tracking state=TRACKING evaluated=807 execution_us=29867 reason=tracking_pose_accepted
x=3.24965 y=1.4997 yaw=1.15603 score=0.986204 valid=1 mode=tracking state=TRACKING evaluated=807 execution_us=29615 reason=tracking_pose_accepted
x=3.19965 y=1.4997 yaw=1.15509 score=0.983679 valid=1 mode=tracking state=TRACKING evaluated=807 execution_us=29261 reason=tracking_pose_accepted
x=3.19965 y=1.4997 yaw=1.15416 score=0.98327 valid=1 mode=tracking state=TRACKING evaluated=807 execution_us=29398 reason=tracking_pose_accepted
x=3.24965 y=1.4997 yaw=1.17068 score=0.979033 valid=1 mode=tracking state=TRACKING evaluated=807 execution_us=29599 reason=tracking_pose_accepted
x=3.19965 y=1.4997 yaw=1.15229 score=0.987948 valid=1 mode=tracking state=TRACKING evaluated=807 execution_us=28934 reason=tracking_pose_accepted
x=3.19965 y=1.4997 yaw=1.15135 score=0.982796 valid=1 mode=tracking state=TRACKING evaluated=807 execution_us=29577 reason=tracking_pose_accepted
x=3.19965 y=1.4997 yaw=1.15042 score=0.982796 valid=1 mode=tracking state=TRACKING evaluated=807 execution_us=30390 reason=tracking_pose_accepted
x=3.19965 y=1.4997 yaw=1.14949 score=0.98735 valid=1 mode=tracking state=TRACKING evaluated=807 execution_us=29833 reason=tracking_pose_accepted
x=3.19965 y=1.4997 yaw=1.14855 score=0.980784 valid=1 mode=tracking state=TRACKING evaluated=807 execution_us=29669 reason=tracking_pose_accepted
x=3.19965 y=1.4997 yaw=1.14762 score=0.983867 valid=1 mode=tracking state=TRACKING evaluated=807 execution_us=28956 reason=tracking_pose_accepted
x=3.19965 y=1.4997 yaw=1.14668 score=0.982991 valid=1 mode=tracking state=TRACKING evaluated=807 execution_us=29640 reason=tracking_pose_accepted
x=3.24965 y=1.4997 yaw=1.1632 score=0.983668 valid=1 mode=tracking state=TRACKING evaluated=807 execution_us=29479 reason=tracking_pose_accepted
x=3.19965 y=1.4997 yaw=1.16227 score=0.986314 valid=1 mode=tracking state=TRACKING evaluated=807 execution_us=29145 reason=tracking_pose_accepted
x=3.24965 y=1.4997 yaw=1.16133 score=0.979252 valid=1 mode=tracking state=TRACKING evaluated=807 execution_us=30216 reason=tracking_pose_accepted
x=3.24964 y=1.4997 yaw=1.1604 score=0.985674 valid=1 mode=tracking state=TRACKING evaluated=807 execution_us=29325 reason=tracking_pose_accepted
x=3.24964 y=1.4997 yaw=1.14201 score=0.988791 valid=1 mode=tracking state=TRACKING evaluated=807 execution_us=29671 reason=tracking_pose_accepted
x=3.24964 y=1.4997 yaw=1.15853 score=0.985616 valid=1 mode=tracking state=TRACKING evaluated=807 execution_us=29345 reason=tracking_pose_accepted
x=3.24964 y=1.4997 yaw=1.17505 score=0.985199 valid=1 mode=tracking state=TRACKING evaluated=807 execution_us=29362 reason=tracking_pose_accepted
x=3.19964 y=1.4997 yaw=1.15666 score=0.980769 valid=1 mode=tracking state=TRACKING evaluated=807 execution_us=30097 reason=tracking_pose_accepted
x=3.19964 y=1.4997 yaw=1.15573 score=0.982638 valid=1 mode=tracking state=TRACKING evaluated=807 execution_us=29633 reason=tracking_pose_accepted
x=3.24964 y=1.4997 yaw=1.13734 score=0.979111 valid=1 mode=tracking state=TRACKING evaluated=807 execution_us=29420 reason=tracking_pose_accepted
x=3.24964 y=1.4997 yaw=1.17131 score=0.974698 valid=1 mode=tracking state=TRACKING evaluated=807 execution_us=30139 reason=tracking_pose_accepted
x=3.24964 y=1.4997 yaw=1.17038 score=0.984788 valid=1 mode=tracking state=TRACKING evaluated=807 execution_us=29710 reason=tracking_pose_accepted
x=3.24964 y=1.4997 yaw=1.16945 score=0.982764 valid=1 mode=tracking state=TRACKING evaluated=807 execution_us=29382 reason=tracking_pose_accepted
x=3.19964 y=1.4997 yaw=1.15106 score=0.983306 valid=1 mode=tracking state=TRACKING evaluated=807 execution_us=29765 reason=tracking_pose_accepted
x=3.24964 y=1.4997 yaw=1.16758 score=0.981183 valid=1 mode=tracking state=TRACKING evaluated=807 execution_us=29295 reason=tracking_pose_accepted
x=3.24964 y=1.4997 yaw=1.16664 score=0.980756 valid=1 mode=tracking state=TRACKING evaluated=807 execution_us=29776 reason=tracking_pose_accepted
x=3.24964 y=1.4997 yaw=1.18316 score=0.982274 valid=1 mode=tracking state=TRACKING evaluated=807 execution_us=29439 reason=tracking_pose_accepted
x=3.24964 y=1.4997 yaw=1.14732 score=0.985822 valid=1 mode=tracking state=TRACKING evaluated=807 execution_us=29023 reason=tracking_pose_accepted
x=3.19964 y=1.4997 yaw=1.16384 score=0.980548 valid=1 mode=tracking state=TRACKING evaluated=807 execution_us=29802 reason=tracking_pose_accepted
x=3.19964 y=1.4997 yaw=1.16291 score=0.983416 valid=1 mode=tracking state=TRACKING evaluated=807 execution_us=29444 reason=tracking_pose_accepted
x=3.24964 y=1.4997 yaw=1.16197 score=0.980814 valid=1 mode=tracking state=TRACKING evaluated=807 execution_us=29626 reason=tracking_pose_accepted
x=3.24964 y=1.4997 yaw=1.16104 score=0.989706 valid=1 mode=tracking state=TRACKING evaluated=807 execution_us=29687 reason=tracking_pose_accepted
x=3.24964 y=1.4997 yaw=1.16011 score=0.984788 valid=1 mode=tracking state=TRACKING evaluated=807 execution_us=29306 reason=tracking_pose_accepted
x=3.24964 y=1.4997 yaw=1.15917 score=0.979252 valid=1 mode=tracking state=TRACKING evaluated=807 execution_us=29596 reason=tracking_pose_accepted
x=3.24964 y=1.4997 yaw=1.15824 score=0.978564 valid=1 mode=tracking state=TRACKING evaluated=807 execution_us=29536 reason=tracking_pose_accepted
x=3.24964 y=1.4997 yaw=1.10494 score=0.986654 valid=1 mode=tracking state=TRACKING evaluated=807 execution_us=29517 reason=tracking_pose_accepted
x=3.24964 y=1.4997 yaw=1.13892 score=0.987857 valid=1 mode=tracking state=TRACKING evaluated=807 execution_us=29988 reason=tracking_pose_accepted
x=3.24964 y=1.4997 yaw=1.13798 score=0.988235 valid=1 mode=tracking state=TRACKING evaluated=807 execution_us=29235 reason=tracking_pose_accepted
x=3.24964 y=1.4997 yaw=1.13705 score=0.99149 valid=1 mode=tracking state=TRACKING evaluated=807 execution_us=29058 reason=tracking_pose_accepted
x=3.24964 y=1.4997 yaw=1.11866 score=0.991113 valid=1 mode=tracking state=TRACKING evaluated=807 execution_us=29659 reason=tracking_pose_accepted
x=3.24964 y=1.4997 yaw=1.13518 score=0.987713 valid=1 mode=tracking state=TRACKING evaluated=807 execution_us=29208 reason=tracking_pose_accepted
x=3.24964 y=1.4997 yaw=1.11679 score=0.987936 valid=1 mode=tracking state=TRACKING evaluated=807 execution_us=29455 reason=tracking_pose_accepted
x=3.24964 y=1.4997 yaw=1.11586 score=0.984156 valid=1 mode=tracking state=TRACKING evaluated=807 execution_us=29453 reason=tracking_pose_accepted
x=3.24964 y=1.4997 yaw=1.13238 score=0.986471 valid=1 mode=tracking state=TRACKING evaluated=807 execution_us=29631 reason=tracking_pose_accepted
x=3.24964 y=1.4997 yaw=1.13144 score=0.984502 valid=1 mode=tracking state=TRACKING evaluated=807 execution_us=30030 reason=tracking_pose_accepted
x=3.19964 y=1.4997 yaw=1.16542 score=0.981396 valid=1 mode=tracking state=TRACKING evaluated=807 execution_us=29124 reason=tracking_pose_accepted
x=3.19964 y=1.4997 yaw=1.14703 score=0.982266 valid=1 mode=tracking state=TRACKING evaluated=807 execution_us=29244 reason=tracking_pose_accepted
x=3.19964 y=1.4997 yaw=1.14609 score=0.981486 valid=1 mode=tracking state=TRACKING evaluated=807 execution_us=29770 reason=tracking_pose_accepted
x=3.24964 y=1.4997 yaw=1.12771 score=0.987716 valid=1 mode=tracking state=TRACKING evaluated=807 execution_us=29382 reason=tracking_pose_accepted
x=3.24964 y=1.4997 yaw=1.16168 score=0.987271 valid=1 mode=tracking state=TRACKING evaluated=807 execution_us=29328 reason=tracking_pose_accepted
x=3.24964 y=1.4997 yaw=1.12584 score=0.985171 valid=1 mode=tracking state=TRACKING evaluated=807 execution_us=29432 reason=tracking_pose_accepted
x=3.24964 y=1.4997 yaw=1.1249 score=0.982024 valid=1 mode=tracking state=TRACKING evaluated=807 execution_us=29913 reason=tracking_pose_accepted
x=3.24964 y=1.4997 yaw=1.14142 score=0.986148 valid=1 mode=tracking state=TRACKING evaluated=807 execution_us=29902 reason=tracking_pose_accepted
x=3.19964 y=1.4997 yaw=1.14049 score=0.984822 valid=1 mode=tracking state=TRACKING evaluated=807 execution_us=29404 reason=tracking_pose_accepted
x=3.24964 y=1.4997 yaw=1.15701 score=0.985616 valid=1 mode=tracking state=TRACKING evaluated=807 execution_us=29406 reason=tracking_pose_accepted
x=3.24964 y=1.4997 yaw=1.15607 score=0.981657 valid=1 mode=tracking state=TRACKING evaluated=807 execution_us=29598 reason=tracking_pose_accepted
x=3.24964 y=1.4997 yaw=1.13769 score=0.989826 valid=1 mode=tracking state=TRACKING evaluated=807 execution_us=29814 reason=tracking_pose_accepted
x=3.24964 y=1.4997 yaw=1.15421 score=0.987713 valid=1 mode=tracking state=TRACKING evaluated=807 execution_us=29446 reason=tracking_pose_accepted
x=3.24964 y=1.4997 yaw=1.15327 score=0.985731 valid=1 mode=tracking state=TRACKING evaluated=807 execution_us=29952 reason=tracking_pose_accepted
x=3.19964 y=1.4997 yaw=1.15234 score=0.980941 valid=1 mode=tracking state=TRACKING evaluated=807 execution_us=29713 reason=tracking_pose_accepted
x=3.24964 y=1.4997 yaw=1.13395 score=0.98379 valid=1 mode=tracking state=TRACKING evaluated=807 execution_us=29315 reason=tracking_pose_accepted
x=3.24964 y=1.4997 yaw=1.16792 score=0.981361 valid=1 mode=tracking state=TRACKING evaluated=807 execution_us=29336 reason=tracking_pose_accepted
x=3.24964 y=1.4997 yaw=1.16699 score=0.982274 valid=1 mode=tracking state=TRACKING evaluated=807 execution_us=29299 reason=tracking_pose_accepted
x=3.24964 y=1.4997 yaw=1.16605 score=0.97942 valid=1 mode=tracking state=TRACKING evaluated=807 execution_us=30180 reason=tracking_pose_accepted
x=3.24964 y=1.4997 yaw=1.14767 score=0.986148 valid=1 mode=tracking state=TRACKING evaluated=807 execution_us=29392 reason=tracking_pose_accepted
x=3.19964 y=1.4997 yaw=1.14673 score=0.985822 valid=1 mode=tracking state=TRACKING evaluated=807 execution_us=29273 reason=tracking_pose_accepted
x=3.19964 y=1.4997 yaw=1.1458 score=0.985967 valid=1 mode=tracking state=TRACKING evaluated=807 execution_us=29689 reason=tracking_pose_accepted
x=3.19964 y=1.4997 yaw=1.14486 score=0.985318 valid=1 mode=tracking state=TRACKING evaluated=807 execution_us=29583 reason=tracking_pose_accepted
x=3.24964 y=1.4997 yaw=1.16138 score=0.985101 valid=1 mode=tracking state=TRACKING evaluated=807 execution_us=29380 reason=tracking_pose_accepted
x=3.24964 y=1.4997 yaw=1.143 score=0.985009 valid=1 mode=tracking state=TRACKING evaluated=807 execution_us=29424 reason=tracking_pose_accepted
x=3.19964 y=1.4997 yaw=1.14206 score=0.98433 valid=1 mode=tracking state=TRACKING evaluated=807 execution_us=29153 reason=tracking_pose_accepted
x=3.24964 y=1.4997 yaw=1.15858 score=0.989275 valid=1 mode=tracking state=TRACKING evaluated=807 execution_us=29945 reason=tracking_pose_accepted
x=3.19964 y=1.4997 yaw=1.14019 score=0.986346 valid=1 mode=tracking state=TRACKING evaluated=807 execution_us=29089 reason=tracking_pose_accepted
x=3.19964 y=1.4997 yaw=1.13926 score=0.984822 valid=1 mode=tracking state=TRACKING evaluated=807 execution_us=29338 reason=tracking_pose_accepted
x=3.19964 y=1.4997 yaw=1.13833 score=0.986409 valid=1 mode=tracking state=TRACKING evaluated=807 execution_us=29125 reason=tracking_pose_accepted
x=3.24964 y=1.4997 yaw=1.15485 score=0.982059 valid=1 mode=tracking state=TRACKING evaluated=807 execution_us=29327 reason=tracking_pose_accepted
x=3.24964 y=1.4997 yaw=1.13646 score=0.982236 valid=1 mode=tracking state=TRACKING evaluated=807 execution_us=29778 reason=tracking_pose_accepted
x=3.24964 y=1.4997 yaw=1.13552 score=0.985778 valid=1 mode=tracking state=TRACKING evaluated=807 execution_us=30010 reason=tracking_pose_accepted
x=3.24964 y=1.4997 yaw=1.15204 score=0.984727 valid=1 mode=tracking state=TRACKING evaluated=807 execution_us=29396 reason=tracking_pose_accepted
x=3.24964 y=1.4997 yaw=1.15111 score=0.981253 valid=1 mode=tracking state=TRACKING evaluated=807 execution_us=29483 reason=tracking_pose_accepted
x=3.24964 y=1.4997 yaw=1.15017 score=0.984981 valid=1 mode=tracking state=TRACKING evaluated=807 execution_us=29295 reason=tracking_pose_accepted
x=3.24964 y=1.4997 yaw=1.14924 score=0.988346 valid=1 mode=tracking state=TRACKING evaluated=807 execution_us=29167 reason=tracking_pose_accepted
x=3.24964 y=1.4997 yaw=1.14831 score=0.978455 valid=1 mode=tracking state=TRACKING evaluated=807 execution_us=29286 reason=tracking_pose_accepted
x=3.19964 y=1.4997 yaw=1.14737 score=0.979843 valid=1 mode=tracking state=TRACKING evaluated=807 execution_us=29495 reason=tracking_pose_accepted
x=3.19964 y=1.4997 yaw=1.14644 score=0.979843 valid=1 mode=tracking state=TRACKING evaluated=807 execution_us=29633 reason=tracking_pose_accepted
x=3.19964 y=1.4997 yaw=1.1455 score=0.978886 valid=1 mode=tracking state=TRACKING evaluated=807 execution_us=29853 reason=tracking_pose_accepted
x=3.19964 y=1.4997 yaw=1.14457 score=0.982306 valid=1 mode=tracking state=TRACKING evaluated=807 execution_us=29436 reason=tracking_pose_accepted
x=3.19964 y=1.4997 yaw=1.14364 score=0.979923 valid=1 mode=tracking state=TRACKING evaluated=807 execution_us=29841 reason=tracking_pose_accepted
x=3.19964 y=1.4997 yaw=1.1427 score=0.984392 valid=1 mode=tracking state=TRACKING evaluated=807 execution_us=29286 reason=tracking_pose_accepted
x=3.19964 y=1.4997 yaw=1.14177 score=0.980769 valid=1 mode=tracking state=TRACKING evaluated=807 execution_us=29703 reason=tracking_pose_accepted
x=3.24964 y=1.4997 yaw=1.12338 score=0.986939 valid=1 mode=tracking state=TRACKING evaluated=807 execution_us=29753 reason=tracking_pose_accepted
x=3.19964 y=1.4997 yaw=1.1399 score=0.984455 valid=1 mode=tracking state=TRACKING evaluated=807 execution_us=29288 reason=tracking_pose_accepted
x=3.24964 y=1.4997 yaw=1.13897 score=0.988299 valid=1 mode=tracking state=TRACKING evaluated=807 execution_us=29338 reason=tracking_pose_accepted
x=3.24964 y=1.4997 yaw=1.17294 score=0.978646 valid=1 mode=tracking state=TRACKING evaluated=807 execution_us=29348 reason=tracking_pose_accepted
x=3.24964 y=1.4997 yaw=1.15455 score=0.981657 valid=1 mode=tracking state=TRACKING evaluated=807 execution_us=29293 reason=tracking_pose_accepted
x=3.24964 y=1.4997 yaw=1.15362 score=0.981715 valid=1 mode=tracking state=TRACKING evaluated=807 execution_us=29692 reason=tracking_pose_accepted
x=3.24964 y=1.4997 yaw=1.15268 score=0.987239 valid=1 mode=tracking state=TRACKING evaluated=807 execution_us=29757 reason=tracking_pose_accepted
x=3.19964 y=1.4997 yaw=1.15175 score=0.981452 valid=1 mode=tracking state=TRACKING evaluated=807 execution_us=29742 reason=tracking_pose_accepted
x=3.24964 y=1.4997 yaw=1.15081 score=0.98425 valid=1 mode=tracking state=TRACKING evaluated=807 execution_us=30051 reason=tracking_pose_accepted
x=3.24964 y=1.4997 yaw=1.14988 score=0.984629 valid=1 mode=tracking state=TRACKING evaluated=807 execution_us=29712 reason=tracking_pose_accepted
x=3.24964 y=1.4997 yaw=1.14895 score=0.976205 valid=1 mode=tracking state=TRACKING evaluated=807 execution_us=29813 reason=tracking_pose_accepted
x=3.19964 y=1.4997 yaw=1.14801 score=0.980548 valid=1 mode=tracking state=TRACKING evaluated=807 execution_us=29958 reason=tracking_pose_accepted
x=3.24964 y=1.4997 yaw=1.14708 score=0.986148 valid=1 mode=tracking state=TRACKING evaluated=807 execution_us=29394 reason=tracking_pose_accepted
x=3.24964 y=1.4997 yaw=1.12869 score=0.988315 valid=1 mode=tracking state=TRACKING evaluated=807 execution_us=29229 reason=tracking_pose_accepted
x=3.19964 y=1.4997 yaw=1.14521 score=0.982337 valid=1 mode=tracking state=TRACKING evaluated=807 execution_us=29742 reason=tracking_pose_accepted
x=3.24963 y=1.4997 yaw=1.14427 score=0.985674 valid=1 mode=tracking state=TRACKING evaluated=807 execution_us=29644 reason=tracking_pose_accepted
x=3.24963 y=1.4997 yaw=1.14334 score=0.986092 valid=1 mode=tracking state=TRACKING evaluated=807 execution_us=29673 reason=tracking_pose_accepted
x=3.24963 y=1.4997 yaw=1.14241 score=0.984156 valid=1 mode=tracking state=TRACKING evaluated=807 execution_us=29343 reason=tracking_pose_accepted
x=3.19963 y=1.4997 yaw=1.14147 score=0.981239 valid=1 mode=tracking state=TRACKING evaluated=807 execution_us=29772 reason=tracking_pose_accepted
x=3.24963 y=1.4997 yaw=1.12309 score=0.984441 valid=1 mode=tracking state=TRACKING evaluated=807 execution_us=30209 reason=tracking_pose_accepted
x=3.19963 y=1.4997 yaw=1.1396 score=0.982567 valid=1 mode=tracking state=TRACKING evaluated=807 execution_us=29100 reason=tracking_pose_accepted
x=3.19963 y=1.4997 yaw=1.15612 score=0.971852 valid=1 mode=tracking state=TRACKING evaluated=807 execution_us=29843 reason=tracking_pose_accepted
x=3.19963 y=1.4997 yaw=1.13774 score=0.980235 valid=1 mode=tracking state=TRACKING evaluated=807 execution_us=29843 reason=tracking_pose_accepted
x=3.24963 y=1.4997 yaw=1.15426 score=0.984504 valid=1 mode=tracking state=TRACKING evaluated=807 execution_us=29033 reason=tracking_pose_accepted
x=3.24963 y=1.4997 yaw=1.17077 score=0.981388 valid=1 mode=tracking state=TRACKING evaluated=807 execution_us=29353 reason=tracking_pose_accepted
x=3.24963 y=1.4997 yaw=1.15239 score=0.975736 valid=1 mode=tracking state=TRACKING evaluated=807 execution_us=29606 reason=tracking_pose_accepted
x=3.19963 y=1.4997 yaw=1.15145 score=0.984978 valid=1 mode=tracking state=TRACKING evaluated=807 execution_us=29120 reason=tracking_pose_accepted
x=3.19963 y=1.4997 yaw=1.15052 score=0.983997 valid=1 mode=tracking state=TRACKING evaluated=807 execution_us=29766 reason=tracking_pose_accepted
x=3.24963 y=1.4997 yaw=1.14958 score=0.982985 valid=1 mode=tracking state=TRACKING evaluated=807 execution_us=29394 reason=tracking_pose_accepted
x=3.24963 y=1.5497 yaw=1.1312 score=0.984904 valid=1 mode=tracking state=TRACKING evaluated=807 execution_us=29422 reason=tracking_pose_accepted
x=3.24963 y=1.5497 yaw=1.13026 score=0.989399 valid=1 mode=tracking state=TRACKING evaluated=807 execution_us=29364 reason=tracking_pose_accepted
x=3.24963 y=1.5997 yaw=1.12933 score=0.990437 valid=1 mode=tracking state=TRACKING evaluated=807 execution_us=28741 reason=tracking_pose_accepted
x=3.24963 y=1.6497 yaw=1.11094 score=0.987945 valid=1 mode=tracking state=TRACKING evaluated=807 execution_us=28594 reason=tracking_pose_accepted
x=3.24963 y=1.6997 yaw=1.12746 score=0.984846 valid=1 mode=tracking state=TRACKING evaluated=807 execution_us=28773 reason=tracking_pose_accepted
x=3.24963 y=1.6997 yaw=1.14398 score=0.989836 valid=1 mode=tracking state=TRACKING evaluated=807 execution_us=29087 reason=tracking_pose_accepted
x=3.24963 y=1.7497 yaw=1.14305 score=0.986363 valid=1 mode=tracking state=TRACKING evaluated=807 execution_us=29229 reason=tracking_pose_accepted
x=3.24963 y=1.7997 yaw=1.1072 score=0.981128 valid=1 mode=tracking state=TRACKING evaluated=807 execution_us=29002 reason=tracking_pose_accepted
x=3.24963 y=1.8497 yaw=1.07136 score=0.977729 valid=1 mode=tracking state=TRACKING evaluated=807 execution_us=28215 reason=tracking_pose_accepted
x=3.19963 y=1.8497 yaw=1.10534 score=0.979985 valid=1 mode=tracking state=TRACKING evaluated=807 execution_us=28630 reason=tracking_pose_accepted
x=3.19963 y=1.8997 yaw=1.12186 score=0.98089 valid=1 mode=tracking state=TRACKING evaluated=807 execution_us=28881 reason=tracking_pose_accepted
x=3.19963 y=1.9497 yaw=1.12092 score=0.976551 valid=1 mode=tracking state=TRACKING evaluated=807 execution_us=29664 reason=tracking_pose_accepted
x=3.19963 y=1.9997 yaw=1.11999 score=0.975897 valid=1 mode=tracking state=TRACKING evaluated=807 execution_us=29445 reason=tracking_pose_accepted
x=3.24963 y=2.0497 yaw=1.1016 score=0.978133 valid=1 mode=tracking state=TRACKING evaluated=789 execution_us=27890 reason=tracking_pose_accepted
x=3.24963 y=2.0497 yaw=1.10067 score=0.978559 valid=1 mode=tracking state=TRACKING evaluated=807 execution_us=29667 reason=tracking_pose_accepted
x=3.24963 y=2.04971 yaw=1.08228 score=0.976152 valid=1 mode=tracking state=TRACKING evaluated=807 execution_us=29075 reason=tracking_pose_accepted
x=3.24963 y=2.04971 yaw=1.0988 score=0.976278 valid=1 mode=tracking state=TRACKING evaluated=807 execution_us=28975 reason=tracking_pose_accepted
x=3.24963 y=2.09971 yaw=1.09786 score=0.972295 valid=1 mode=tracking state=TRACKING evaluated=807 execution_us=29521 reason=tracking_pose_accepted
x=3.24963 y=2.09971 yaw=1.11438 score=0.976824 valid=1 mode=tracking state=TRACKING evaluated=807 execution_us=28859 reason=tracking_pose_accepted
x=3.24963 y=2.09971 yaw=1.1309 score=0.976535 valid=1 mode=tracking state=TRACKING evaluated=807 execution_us=28827 reason=tracking_pose_accepted
x=3.24963 y=2.09971 yaw=1.12997 score=0.976086 valid=1 mode=tracking state=TRACKING evaluated=807 execution_us=29429 reason=tracking_pose_accepted
x=3.24963 y=2.09971 yaw=1.12903 score=0.974032 valid=1 mode=tracking state=TRACKING evaluated=807 execution_us=29204 reason=tracking_pose_accepted
x=3.24963 y=2.09971 yaw=1.1281 score=0.973819 valid=1 mode=tracking state=TRACKING evaluated=807 execution_us=29228 reason=tracking_pose_accepted
x=3.24963 y=2.09971 yaw=1.14462 score=0.971463 valid=1 mode=tracking state=TRACKING evaluated=807 execution_us=28670 reason=tracking_pose_accepted
x=3.29963 y=2.14971 yaw=1.14368 score=0.970572 valid=1 mode=tracking state=TRACKING evaluated=807 execution_us=28627 reason=tracking_pose_accepted
x=3.24963 y=2.14971 yaw=1.1602 score=0.969467 valid=1 mode=tracking state=TRACKING evaluated=789 execution_us=28545 reason=tracking_pose_accepted
x=3.24963 y=2.14971 yaw=1.17672 score=0.969151 valid=1 mode=tracking state=TRACKING evaluated=789 execution_us=28685 reason=tracking_pose_accepted
x=3.24963 y=2.14971 yaw=1.17579 score=0.97197 valid=1 mode=tracking state=TRACKING evaluated=789 execution_us=28153 reason=tracking_pose_accepted
x=3.24963 y=2.14971 yaw=1.17485 score=0.971993 valid=1 mode=tracking state=TRACKING evaluated=789 execution_us=27987 reason=tracking_pose_accepted
x=3.24963 y=2.14971 yaw=1.17392 score=0.972057 valid=1 mode=tracking state=TRACKING evaluated=789 execution_us=28401 reason=tracking_pose_accepted
x=3.24963 y=2.14971 yaw=1.17299 score=0.972533 valid=1 mode=tracking state=TRACKING evaluated=789 execution_us=28194 reason=tracking_pose_accepted
x=3.24963 y=2.14971 yaw=1.17205 score=0.96972 valid=1 mode=tracking state=TRACKING evaluated=789 execution_us=28390 reason=tracking_pose_accepted
x=3.24963 y=2.14971 yaw=1.17112 score=0.970764 valid=1 mode=tracking state=TRACKING evaluated=789 execution_us=28630 reason=tracking_pose_accepted
x=3.24963 y=2.14971 yaw=1.17018 score=0.96934 valid=1 mode=tracking state=TRACKING evaluated=789 execution_us=28282 reason=tracking_pose_accepted
x=3.24963 y=2.14971 yaw=1.16925 score=0.972581 valid=1 mode=tracking state=TRACKING evaluated=789 execution_us=28629 reason=tracking_pose_accepted
x=3.24963 y=2.14971 yaw=1.18577 score=0.974526 valid=1 mode=tracking state=TRACKING evaluated=789 execution_us=28380 reason=tracking_pose_accepted
x=3.24963 y=2.14971 yaw=1.18484 score=0.969571 valid=1 mode=tracking state=TRACKING evaluated=789 execution_us=27989 reason=tracking_pose_accepted
x=3.24963 y=2.14971 yaw=1.1839 score=0.971177 valid=1 mode=tracking state=TRACKING evaluated=789 execution_us=27960 reason=tracking_pose_accepted
x=3.24963 y=2.14971 yaw=1.18297 score=0.967443 valid=1 mode=tracking state=TRACKING evaluated=789 execution_us=28381 reason=tracking_pose_accepted
x=3.24963 y=2.09971 yaw=1.18203 score=0.970868 valid=1 mode=tracking state=TRACKING evaluated=789 execution_us=28588 reason=tracking_pose_accepted
x=3.24963 y=2.09971 yaw=1.1811 score=0.970524 valid=1 mode=tracking state=TRACKING evaluated=807 execution_us=28735 reason=tracking_pose_accepted
x=3.24963 y=2.09971 yaw=1.18016 score=0.969794 valid=1 mode=tracking state=TRACKING evaluated=807 execution_us=28629 reason=tracking_pose_accepted
x=3.24963 y=2.09971 yaw=1.17923 score=0.977767 valid=1 mode=tracking state=TRACKING evaluated=807 execution_us=29198 reason=tracking_pose_accepted
x=3.24963 y=2.09971 yaw=1.1783 score=0.976616 valid=1 mode=tracking state=TRACKING evaluated=807 execution_us=28709 reason=tracking_pose_accepted
x=3.24963 y=2.09971 yaw=1.17736 score=0.977929 valid=1 mode=tracking state=TRACKING evaluated=807 execution_us=29110 reason=tracking_pose_accepted
x=3.24963 y=2.09971 yaw=1.17643 score=0.978415 valid=1 mode=tracking state=TRACKING evaluated=807 execution_us=28463 reason=tracking_pose_accepted
x=3.24963 y=2.09971 yaw=1.17549 score=0.973112 valid=1 mode=tracking state=TRACKING evaluated=807 execution_us=28863 reason=tracking_pose_accepted
x=3.24963 y=2.09971 yaw=1.17456 score=0.974567 valid=1 mode=tracking state=TRACKING evaluated=807 execution_us=28682 reason=tracking_pose_accepted
x=3.24963 y=2.14971 yaw=1.17363 score=0.975163 valid=1 mode=tracking state=TRACKING evaluated=807 execution_us=28274 reason=tracking_pose_accepted
x=3.24963 y=2.14971 yaw=1.17269 score=0.974396 valid=1 mode=tracking state=TRACKING evaluated=789 execution_us=28025 reason=tracking_pose_accepted
x=3.24963 y=2.09971 yaw=1.17176 score=0.973533 valid=1 mode=tracking state=TRACKING evaluated=789 execution_us=27973 reason=tracking_pose_accepted
x=3.24963 y=2.09971 yaw=1.17082 score=0.968547 valid=1 mode=tracking state=TRACKING evaluated=807 execution_us=29084 reason=tracking_pose_accepted
x=3.24963 y=2.09971 yaw=1.18734 score=0.97684 valid=1 mode=tracking state=TRACKING evaluated=807 execution_us=29282 reason=tracking_pose_accepted
x=3.24963 y=2.09971 yaw=1.16895 score=0.975104 valid=1 mode=tracking state=TRACKING evaluated=807 execution_us=28931 reason=tracking_pose_accepted
x=3.24963 y=2.09971 yaw=1.16802 score=0.972837 valid=1 mode=tracking state=TRACKING evaluated=807 execution_us=28952 reason=tracking_pose_accepted
x=3.24963 y=2.09971 yaw=1.18454 score=0.97594 valid=1 mode=tracking state=TRACKING evaluated=807 execution_us=29014 reason=tracking_pose_accepted
x=3.24963 y=2.09971 yaw=1.18361 score=0.976051 valid=1 mode=tracking state=TRACKING evaluated=807 execution_us=28624 reason=tracking_pose_accepted
x=3.24963 y=2.09971 yaw=1.18267 score=0.975522 valid=1 mode=tracking state=TRACKING evaluated=807 execution_us=29165 reason=tracking_pose_accepted
x=3.24963 y=2.09971 yaw=1.18174 score=0.976471 valid=1 mode=tracking state=TRACKING evaluated=807 execution_us=29282 reason=tracking_pose_accepted
x=3.24963 y=2.09971 yaw=1.16335 score=0.974306 valid=1 mode=tracking state=TRACKING evaluated=807 execution_us=28773 reason=tracking_pose_accepted
x=3.24963 y=2.09971 yaw=1.17987 score=0.978415 valid=1 mode=tracking state=TRACKING evaluated=807 execution_us=29159 reason=tracking_pose_accepted
x=3.24963 y=2.09971 yaw=1.17894 score=0.977612 valid=1 mode=tracking state=TRACKING evaluated=807 execution_us=28938 reason=tracking_pose_accepted
x=3.24963 y=2.09971 yaw=1.178 score=0.970508 valid=1 mode=tracking state=TRACKING evaluated=807 execution_us=28930 reason=tracking_pose_accepted
x=3.24963 y=2.09971 yaw=1.17707 score=0.973307 valid=1 mode=tracking state=TRACKING evaluated=807 execution_us=29217 reason=tracking_pose_accepted
x=3.24963 y=2.09971 yaw=1.17613 score=0.973264 valid=1 mode=tracking state=TRACKING evaluated=807 execution_us=29460 reason=tracking_pose_accepted
x=3.24963 y=2.09971 yaw=1.19265 score=0.976455 valid=1 mode=tracking state=TRACKING evaluated=807 execution_us=29234 reason=tracking_pose_accepted
x=3.24963 y=2.09971 yaw=1.17426 score=0.976259 valid=1 mode=tracking state=TRACKING evaluated=807 execution_us=28921 reason=tracking_pose_accepted
x=3.24963 y=2.09971 yaw=1.17333 score=0.973114 valid=1 mode=tracking state=TRACKING evaluated=807 execution_us=28784 reason=tracking_pose_accepted
x=3.24963 y=2.09971 yaw=1.1724 score=0.973706 valid=1 mode=tracking state=TRACKING evaluated=807 execution_us=29030 reason=tracking_pose_accepted
x=3.24963 y=2.09971 yaw=1.18892 score=0.975255 valid=1 mode=tracking state=TRACKING evaluated=807 execution_us=28491 reason=tracking_pose_accepted
x=3.24963 y=2.09971 yaw=1.17053 score=0.973253 valid=1 mode=tracking state=TRACKING evaluated=807 execution_us=28870 reason=tracking_pose_accepted
x=3.24963 y=2.09971 yaw=1.18705 score=0.974269 valid=1 mode=tracking state=TRACKING evaluated=807 execution_us=29397 reason=tracking_pose_accepted
x=3.24963 y=2.09971 yaw=1.16866 score=0.976196 valid=1 mode=tracking state=TRACKING evaluated=807 execution_us=28864 reason=tracking_pose_accepted
x=3.24963 y=2.09971 yaw=1.16773 score=0.974278 valid=1 mode=tracking state=TRACKING evaluated=807 execution_us=29072 reason=tracking_pose_accepted
x=3.24963 y=2.09971 yaw=1.18424 score=0.977479 valid=1 mode=tracking state=TRACKING evaluated=807 execution_us=29231 reason=tracking_pose_accepted
x=3.24963 y=2.09971 yaw=1.18331 score=0.977063 valid=1 mode=tracking state=TRACKING evaluated=807 execution_us=28950 reason=tracking_pose_accepted
x=3.24963 y=2.09971 yaw=1.18238 score=0.978183 valid=1 mode=tracking state=TRACKING evaluated=807 execution_us=29094 reason=tracking_pose_accepted
x=3.24963 y=2.09971 yaw=1.18144 score=0.975785 valid=1 mode=tracking state=TRACKING evaluated=807 execution_us=29446 reason=tracking_pose_accepted
x=3.24963 y=2.09971 yaw=1.18051 score=0.97568 valid=1 mode=tracking state=TRACKING evaluated=807 execution_us=28884 reason=tracking_pose_accepted
x=3.24963 y=2.09971 yaw=1.17957 score=0.977543 valid=1 mode=tracking state=TRACKING evaluated=807 execution_us=29365 reason=tracking_pose_accepted
x=3.24963 y=2.09971 yaw=1.17864 score=0.97713 valid=1 mode=tracking state=TRACKING evaluated=807 execution_us=28938 reason=tracking_pose_accepted
x=3.24963 y=2.09971 yaw=1.17771 score=0.978004 valid=1 mode=tracking state=TRACKING evaluated=807 execution_us=28594 reason=tracking_pose_accepted
x=3.24963 y=2.09971 yaw=1.17677 score=0.977543 valid=1 mode=tracking state=TRACKING evaluated=807 execution_us=28946 reason=tracking_pose_accepted
x=3.24963 y=2.09971 yaw=1.17584 score=0.978068 valid=1 mode=tracking state=TRACKING evaluated=807 execution_us=28661 reason=tracking_pose_accepted
x=3.24963 y=2.09971 yaw=1.1749 score=0.97423 valid=1 mode=tracking state=TRACKING evaluated=807 execution_us=29044 reason=tracking_pose_accepted
x=3.24963 y=2.09971 yaw=1.17397 score=0.973224 valid=1 mode=tracking state=TRACKING evaluated=807 execution_us=28787 reason=tracking_pose_accepted
x=3.24963 y=2.09971 yaw=1.17304 score=0.975422 valid=1 mode=tracking state=TRACKING evaluated=807 execution_us=28938 reason=tracking_pose_accepted
x=3.24963 y=2.09971 yaw=1.1721 score=0.973962 valid=1 mode=tracking state=TRACKING evaluated=807 execution_us=29745 reason=tracking_pose_accepted
x=3.24963 y=2.09971 yaw=1.17117 score=0.969732 valid=1 mode=tracking state=TRACKING evaluated=807 execution_us=28953 reason=tracking_pose_accepted
x=3.24963 y=2.09971 yaw=1.17023 score=0.969977 valid=1 mode=tracking state=TRACKING evaluated=807 execution_us=29098 reason=tracking_pose_accepted
x=3.24963 y=2.09971 yaw=1.1693 score=0.973224 valid=1 mode=tracking state=TRACKING evaluated=807 execution_us=28976 reason=tracking_pose_accepted
x=3.24963 y=2.09971 yaw=1.18582 score=0.978094 valid=1 mode=tracking state=TRACKING evaluated=807 execution_us=28660 reason=tracking_pose_accepted
x=3.24963 y=2.09971 yaw=1.18488 score=0.974854 valid=1 mode=tracking state=TRACKING evaluated=807 execution_us=29049 reason=tracking_pose_accepted
x=3.24963 y=2.09971 yaw=1.18395 score=0.976471 valid=1 mode=tracking state=TRACKING evaluated=807 execution_us=29393 reason=tracking_pose_accepted
x=3.24963 y=2.09971 yaw=1.18302 score=0.975976 valid=1 mode=tracking state=TRACKING evaluated=807 execution_us=28972 reason=tracking_pose_accepted
x=3.24963 y=2.09971 yaw=1.18208 score=0.977703 valid=1 mode=tracking state=TRACKING evaluated=807 execution_us=28954 reason=tracking_pose_accepted
x=3.24963 y=2.09971 yaw=1.18115 score=0.97717 valid=1 mode=tracking state=TRACKING evaluated=807 execution_us=28442 reason=tracking_pose_accepted
x=3.24963 y=2.09971 yaw=1.19767 score=0.97545 valid=1 mode=tracking state=TRACKING evaluated=807 execution_us=28559 reason=tracking_pose_accepted
x=3.24963 y=2.09971 yaw=1.17928 score=0.976004 valid=1 mode=tracking state=TRACKING evaluated=807 execution_us=29579 reason=tracking_pose_accepted
x=3.24963 y=2.09971 yaw=1.17835 score=0.978576 valid=1 mode=tracking state=TRACKING evaluated=807 execution_us=29016 reason=tracking_pose_accepted
x=3.24963 y=2.09971 yaw=1.17741 score=0.974994 valid=1 mode=tracking state=TRACKING evaluated=807 execution_us=29366 reason=tracking_pose_accepted
x=3.24963 y=2.09971 yaw=1.17648 score=0.974006 valid=1 mode=tracking state=TRACKING evaluated=807 execution_us=29433 reason=tracking_pose_accepted
x=3.24963 y=2.09971 yaw=1.17554 score=0.974397 valid=1 mode=tracking state=TRACKING evaluated=807 execution_us=28940 reason=tracking_pose_accepted
x=3.24963 y=2.09971 yaw=1.17461 score=0.973525 valid=1 mode=tracking state=TRACKING evaluated=807 execution_us=29078 reason=tracking_pose_accepted
x=3.24963 y=2.09971 yaw=1.17367 score=0.973114 valid=1 mode=tracking state=TRACKING evaluated=807 execution_us=28773 reason=tracking_pose_accepted
x=3.24963 y=2.09971 yaw=1.17274 score=0.974334 valid=1 mode=tracking state=TRACKING evaluated=807 execution_us=29652 reason=tracking_pose_accepted
x=3.24963 y=2.09971 yaw=1.17181 score=0.973814 valid=1 mode=tracking state=TRACKING evaluated=807 execution_us=29727 reason=tracking_pose_accepted
x=3.24963 y=2.09971 yaw=1.17087 score=0.97375 valid=1 mode=tracking state=TRACKING evaluated=807 execution_us=29308 reason=tracking_pose_accepted
x=3.24963 y=2.09971 yaw=1.16994 score=0.973642 valid=1 mode=tracking state=TRACKING evaluated=807 execution_us=28987 reason=tracking_pose_accepted
x=3.24963 y=2.09971 yaw=1.169 score=0.974502 valid=1 mode=tracking state=TRACKING evaluated=807 execution_us=28900 reason=tracking_pose_accepted
x=3.24963 y=2.09971 yaw=1.18552 score=0.976839 valid=1 mode=tracking state=TRACKING evaluated=807 execution_us=28912 reason=tracking_pose_accepted
x=3.24963 y=2.09971 yaw=1.18459 score=0.975196 valid=1 mode=tracking state=TRACKING evaluated=807 execution_us=28852 reason=tracking_pose_accepted
x=3.24963 y=2.09971 yaw=1.18366 score=0.974879 valid=1 mode=tracking state=TRACKING evaluated=807 execution_us=29009 reason=tracking_pose_accepted
x=3.24963 y=2.09971 yaw=1.18272 score=0.975196 valid=1 mode=tracking state=TRACKING evaluated=807 execution_us=28885 reason=tracking_pose_accepted
x=3.24963 y=2.09971 yaw=1.18179 score=0.974542 valid=1 mode=tracking state=TRACKING evaluated=807 execution_us=28591 reason=tracking_pose_accepted
x=3.24963 y=2.09971 yaw=1.18085 score=0.974334 valid=1 mode=tracking state=TRACKING evaluated=807 execution_us=29964 reason=tracking_pose_accepted
x=3.24963 y=2.09971 yaw=1.17992 score=0.975371 valid=1 mode=tracking state=TRACKING evaluated=807 execution_us=29005 reason=tracking_pose_accepted
x=3.24963 y=2.09971 yaw=1.17898 score=0.974102 valid=1 mode=tracking state=TRACKING evaluated=807 execution_us=28892 reason=tracking_pose_accepted
x=3.24963 y=2.09971 yaw=1.17805 score=0.975398 valid=1 mode=tracking state=TRACKING evaluated=807 execution_us=28852 reason=tracking_pose_accepted
x=3.24963 y=2.09971 yaw=1.17712 score=0.974317 valid=1 mode=tracking state=TRACKING evaluated=807 execution_us=28994 reason=tracking_pose_accepted
x=3.24963 y=2.09971 yaw=1.17618 score=0.976583 valid=1 mode=tracking state=TRACKING evaluated=807 execution_us=29286 reason=tracking_pose_accepted
x=3.24963 y=2.09971 yaw=1.17525 score=0.97451 valid=1 mode=tracking state=TRACKING evaluated=807 execution_us=28980 reason=tracking_pose_accepted
x=3.19963 y=2.09971 yaw=1.19177 score=0.969136 valid=1 mode=tracking state=TRACKING evaluated=807 execution_us=29118 reason=tracking_pose_accepted
x=3.19963 y=2.09971 yaw=1.20829 score=0.974905 valid=1 mode=tracking state=TRACKING evaluated=807 execution_us=28810 reason=tracking_pose_accepted
x=3.19963 y=2.09971 yaw=1.20735 score=0.977897 valid=1 mode=tracking state=TRACKING evaluated=807 execution_us=28429 reason=tracking_pose_accepted
x=3.19963 y=2.09971 yaw=1.20642 score=0.976117 valid=1 mode=tracking state=TRACKING evaluated=807 execution_us=29396 reason=tracking_pose_accepted
x=3.19963 y=2.09971 yaw=1.22294 score=0.978824 valid=1 mode=tracking state=TRACKING evaluated=807 execution_us=28514 reason=tracking_pose_accepted
x=3.14963 y=2.09971 yaw=1.25691 score=0.975334 valid=1 mode=tracking state=TRACKING evaluated=807 execution_us=29040 reason=tracking_pose_accepted
x=3.14963 y=2.04971 yaw=1.23852 score=0.977293 valid=1 mode=tracking state=TRACKING evaluated=807 execution_us=29205 reason=tracking_pose_accepted
x=3.09963 y=2.04971 yaw=1.23759 score=0.981823 valid=1 mode=tracking state=TRACKING evaluated=807 execution_us=28671 reason=tracking_pose_accepted
x=3.09963 y=2.04971 yaw=1.2192 score=0.977746 valid=1 mode=tracking state=TRACKING evaluated=807 execution_us=28988 reason=tracking_pose_accepted
x=3.09963 y=1.99971 yaw=1.11355 score=0.906149 valid=1 mode=tracking state=TRACKING evaluated=807 execution_us=29499 reason=tracking_pose_accepted
x=3.04963 y=1.99971 yaw=1.14752 score=0.919231 valid=1 mode=tracking state=TRACKING evaluated=807 execution_us=29700 reason=tracking_pose_accepted
x=2.99963 y=1.99971 yaw=1.16404 score=0.925569 valid=1 mode=tracking state=TRACKING evaluated=807 execution_us=29987 reason=tracking_pose_accepted
x=2.99963 y=1.99971 yaw=1.1631 score=0.925834 valid=1 mode=tracking state=TRACKING evaluated=807 execution_us=29522 reason=tracking_pose_accepted
x=2.94963 y=1.99971 yaw=1.16217 score=0.930377 valid=1 mode=tracking state=TRACKING evaluated=807 execution_us=29746 reason=tracking_pose_accepted
x=2.89963 y=1.99971 yaw=1.19614 score=0.929912 valid=1 mode=tracking state=TRACKING evaluated=807 execution_us=30476 reason=tracking_pose_accepted
x=2.89963 y=1.99971 yaw=1.21266 score=0.933052 valid=1 mode=tracking state=TRACKING evaluated=807 execution_us=29462 reason=tracking_pose_accepted
x=2.84963 y=1.99971 yaw=1.24663 score=0.934871 valid=1 mode=tracking state=TRACKING evaluated=807 execution_us=29633 reason=tracking_pose_accepted
x=2.79963 y=1.99971 yaw=1.2457 score=0.938239 valid=1 mode=tracking state=TRACKING evaluated=807 execution_us=57032 reason=tracking_pose_accepted
x=2.74963 y=1.99971 yaw=1.27967 score=0.939395 valid=1 mode=tracking state=TRACKING evaluated=807 execution_us=48772 reason=tracking_pose_accepted
x=2.69963 y=1.99971 yaw=1.26129 score=0.942301 valid=1 mode=tracking state=TRACKING evaluated=807 execution_us=30003 reason=tracking_pose_accepted
x=2.64963 y=1.99971 yaw=1.2778 score=0.942635 valid=1 mode=tracking state=TRACKING evaluated=807 execution_us=30085 reason=tracking_pose_accepted
x=2.59963 y=2.04971 yaw=1.29432 score=0.944047 valid=1 mode=tracking state=TRACKING evaluated=807 execution_us=29814 reason=tracking_pose_accepted
x=2.54963 y=2.04972 yaw=1.3283 score=0.950504 valid=1 mode=tracking state=TRACKING evaluated=807 execution_us=30421 reason=tracking_pose_accepted
x=2.49963 y=2.09972 yaw=1.36227 score=0.951618 valid=1 mode=tracking state=TRACKING evaluated=807 execution_us=29951 reason=tracking_pose_accepted
x=2.44963 y=2.09972 yaw=1.4137 score=0.954359 valid=1 mode=tracking state=TRACKING evaluated=807 execution_us=29439 reason=tracking_pose_accepted
x=2.39962 y=2.14972 yaw=1.44767 score=0.955066 valid=1 mode=tracking state=TRACKING evaluated=807 execution_us=30176 reason=tracking_pose_accepted
x=2.34962 y=2.14972 yaw=1.46419 score=0.963745 valid=1 mode=tracking state=TRACKING evaluated=789 execution_us=28828 reason=tracking_pose_accepted
x=2.29962 y=2.14972 yaw=1.48071 score=0.960395 valid=1 mode=tracking state=TRACKING evaluated=789 execution_us=30517 reason=tracking_pose_accepted
x=2.24962 y=2.14972 yaw=1.47977 score=0.957672 valid=1 mode=tracking state=TRACKING evaluated=789 execution_us=29106 reason=tracking_pose_accepted
x=2.19962 y=2.19972 yaw=1.42648 score=0.961441 valid=1 mode=tracking state=TRACKING evaluated=789 execution_us=39061 reason=tracking_pose_accepted
x=2.14962 y=2.19972 yaw=1.42554 score=0.969257 valid=1 mode=tracking state=TRACKING evaluated=789 execution_us=46042 reason=tracking_pose_accepted
x=2.09962 y=2.19972 yaw=1.49442 score=0.966635 valid=1 mode=tracking state=TRACKING evaluated=789 execution_us=28654 reason=tracking_pose_accepted
x=2.04962 y=2.19971 yaw=1.5284 score=0.970046 valid=1 mode=tracking state=TRACKING evaluated=807 execution_us=28963 reason=tracking_pose_accepted
x=2.04962 y=2.24971 yaw=1.56237 score=0.97139 valid=1 mode=tracking state=TRACKING evaluated=807 execution_us=29341 reason=tracking_pose_accepted
x=1.99962 y=2.24971 yaw=1.59634 score=0.974306 valid=1 mode=tracking state=TRACKING evaluated=807 execution_us=29408 reason=tracking_pose_accepted
x=1.94962 y=2.24971 yaw=1.61286 score=0.972643 valid=1 mode=tracking state=TRACKING evaluated=807 execution_us=29644 reason=tracking_pose_accepted
x=1.89962 y=2.24971 yaw=1.61193 score=0.973867 valid=1 mode=tracking state=TRACKING evaluated=807 execution_us=29821 reason=tracking_pose_accepted
x=1.84962 y=2.19971 yaw=1.6459 score=0.974352 valid=1 mode=tracking state=TRACKING evaluated=807 execution_us=30370 reason=tracking_pose_accepted
x=1.84962 y=2.24971 yaw=1.64496 score=0.976217 valid=1 mode=tracking state=TRACKING evaluated=807 execution_us=29813 reason=tracking_pose_accepted
x=1.79962 y=2.24971 yaw=1.67894 score=0.970815 valid=1 mode=tracking state=TRACKING evaluated=807 execution_us=29624 reason=tracking_pose_accepted
x=1.79962 y=2.24971 yaw=1.678 score=0.976502 valid=1 mode=tracking state=TRACKING evaluated=789 execution_us=28894 reason=tracking_pose_accepted
x=1.74962 y=2.24971 yaw=1.69452 score=0.979201 valid=1 mode=tracking state=TRACKING evaluated=789 execution_us=28507 reason=tracking_pose_accepted
x=1.74962 y=2.24971 yaw=1.71104 score=0.978345 valid=1 mode=tracking state=TRACKING evaluated=807 execution_us=29679 reason=tracking_pose_accepted
x=1.69962 y=2.29971 yaw=1.69265 score=0.97666 valid=1 mode=tracking state=TRACKING evaluated=807 execution_us=29304 reason=tracking_pose_accepted
x=1.69962 y=2.29971 yaw=1.72663 score=0.978878 valid=1 mode=tracking state=TRACKING evaluated=807 execution_us=28989 reason=tracking_pose_accepted
x=1.69962 y=2.29971 yaw=1.74315 score=0.980471 valid=1 mode=tracking state=TRACKING evaluated=807 execution_us=29915 reason=tracking_pose_accepted
x=1.64962 y=2.34971 yaw=1.70731 score=0.973545 valid=1 mode=tracking state=TRACKING evaluated=807 execution_us=29253 reason=tracking_pose_accepted
x=1.64962 y=2.34971 yaw=1.67146 score=0.981385 valid=1 mode=tracking state=TRACKING evaluated=807 execution_us=28965 reason=tracking_pose_accepted
x=1.59962 y=2.34971 yaw=1.65308 score=0.983081 valid=1 mode=tracking state=TRACKING evaluated=807 execution_us=28851 reason=tracking_pose_accepted
x=1.59962 y=2.34971 yaw=1.63469 score=0.981564 valid=1 mode=tracking state=TRACKING evaluated=807 execution_us=30099 reason=tracking_pose_accepted
x=1.54962 y=2.34971 yaw=1.59885 score=0.978439 valid=1 mode=tracking state=TRACKING evaluated=807 execution_us=29443 reason=tracking_pose_accepted
x=1.54962 y=2.34971 yaw=1.56301 score=0.983207 valid=1 mode=tracking state=TRACKING evaluated=807 execution_us=29493 reason=tracking_pose_accepted
x=1.49962 y=2.34971 yaw=1.52717 score=0.978979 valid=1 mode=tracking state=TRACKING evaluated=807 execution_us=29438 reason=tracking_pose_accepted
x=1.49962 y=2.34971 yaw=1.49133 score=0.981747 valid=1 mode=tracking state=TRACKING evaluated=807 execution_us=29420 reason=tracking_pose_accepted
x=1.44962 y=2.34971 yaw=1.50785 score=0.97792 valid=1 mode=tracking state=TRACKING evaluated=807 execution_us=29489 reason=tracking_pose_accepted
x=1.39962 y=2.34971 yaw=1.54182 score=0.968249 valid=1 mode=tracking state=TRACKING evaluated=807 execution_us=29406 reason=tracking_pose_accepted
x=1.39962 y=2.34971 yaw=1.55834 score=0.988615 valid=1 mode=tracking state=TRACKING evaluated=807 execution_us=29475 reason=tracking_pose_accepted
x=1.34962 y=2.34971 yaw=1.60976 score=0.983442 valid=1 mode=tracking state=TRACKING evaluated=807 execution_us=30343 reason=tracking_pose_accepted
x=1.34962 y=2.34971 yaw=1.64374 score=0.959166 valid=1 mode=tracking state=TRACKING evaluated=807 execution_us=30122 reason=tracking_pose_accepted
x=1.34962 y=2.39971 yaw=1.66026 score=0.956037 valid=1 mode=tracking state=TRACKING evaluated=807 execution_us=29487 reason=tracking_pose_accepted
x=1.34962 y=2.39971 yaw=1.74659 score=0.942742 valid=1 mode=tracking state=TRACKING evaluated=807 execution_us=30062 reason=tracking_pose_accepted
x=1.29962 y=2.39971 yaw=1.79801 score=0.966214 valid=1 mode=tracking state=TRACKING evaluated=807 execution_us=29570 reason=tracking_pose_accepted
x=1.24962 y=2.44971 yaw=1.83199 score=0.95765 valid=1 mode=tracking state=TRACKING evaluated=807 execution_us=29660 reason=tracking_pose_accepted
x=1.19962 y=2.44971 yaw=1.90087 score=0.936282 valid=1 mode=tracking state=TRACKING evaluated=807 execution_us=29672 reason=tracking_pose_accepted
x=1.14962 y=2.44971 yaw=1.93484 score=0.9287 valid=1 mode=tracking state=TRACKING evaluated=807 execution_us=29413 reason=tracking_pose_accepted
x=1.09962 y=2.4497 yaw=2.00372 score=0.953568 valid=1 mode=tracking state=TRACKING evaluated=807 execution_us=29634 reason=tracking_pose_accepted
x=1.04962 y=2.4497 yaw=2.0726 score=0.936364 valid=1 mode=tracking state=TRACKING evaluated=807 execution_us=29714 reason=tracking_pose_accepted
x=1.04962 y=2.4497 yaw=2.15893 score=0.947241 valid=1 mode=tracking state=TRACKING evaluated=807 execution_us=29229 reason=tracking_pose_accepted
x=0.999624 y=2.3997 yaw=2.29762 score=0.921934 valid=1 mode=tracking state=TRACKING evaluated=807 execution_us=29449 reason=tracking_pose_accepted
x=0.949624 y=2.3997 yaw=2.47122 score=0.94561 valid=1 mode=tracking state=TRACKING evaluated=807 execution_us=28703 reason=tracking_pose_accepted
x=0.949624 y=2.4497 yaw=2.62737 score=0.91291 valid=1 mode=tracking state=TRACKING evaluated=807 execution_us=29927 reason=tracking_pose_accepted
x=0.899624 y=2.3997 yaw=2.7137 score=0.945067 valid=1 mode=tracking state=TRACKING evaluated=807 execution_us=29484 reason=tracking_pose_accepted
x=0.899624 y=2.3997 yaw=2.83494 score=0.94902 valid=1 mode=tracking state=TRACKING evaluated=807 execution_us=29453 reason=tracking_pose_accepted
x=0.899624 y=2.3997 yaw=2.97363 score=0.951287 valid=1 mode=tracking state=TRACKING evaluated=807 execution_us=30219 reason=tracking_pose_accepted
x=0.899624 y=2.3997 yaw=3.12977 score=0.939716 valid=1 mode=tracking state=TRACKING evaluated=807 execution_us=29956 reason=tracking_pose_accepted
x=0.899624 y=2.3997 yaw=3.23356 score=0.888358 valid=0 mode=tracking state=DEGRADED evaluated=807 execution_us=31944 reason=tracking_score_below_threshold
x=0.899624 y=2.3997 yaw=3.46045 score=0.940875 valid=1 mode=tracking state=TRACKING evaluated=807 execution_us=30989 reason=tracking_quality_restored
x=0.899624 y=2.3997 yaw=3.52933 score=0.938356 valid=1 mode=tracking state=TRACKING evaluated=807 execution_us=30481 reason=tracking_pose_accepted
x=0.899624 y=2.3997 yaw=3.73784 score=0.933953 valid=1 mode=tracking state=TRACKING evaluated=807 execution_us=31089 reason=tracking_pose_accepted
x=0.899624 y=2.3997 yaw=3.84162 score=0.928031 valid=1 mode=tracking state=TRACKING evaluated=807 execution_us=31198 reason=tracking_pose_accepted
x=0.899624 y=2.3997 yaw=3.96286 score=0.925565 valid=1 mode=tracking state=TRACKING evaluated=807 execution_us=30813 reason=tracking_pose_accepted
x=0.899624 y=2.3997 yaw=4.03174 score=0.965387 valid=1 mode=tracking state=TRACKING evaluated=807 execution_us=30509 reason=tracking_pose_accepted
x=0.899624 y=2.3997 yaw=4.15298 score=0.967906 valid=1 mode=tracking state=TRACKING evaluated=807 execution_us=30597 reason=tracking_pose_accepted
x=0.899624 y=2.3997 yaw=4.18695 score=0.969329 valid=1 mode=tracking state=TRACKING evaluated=807 execution_us=30354 reason=tracking_pose_accepted
x=0.899624 y=2.4497 yaw=4.18602 score=0.942327 valid=1 mode=tracking state=TRACKING evaluated=807 execution_us=31574 reason=tracking_pose_accepted
x=0.899624 y=2.4497 yaw=4.2898 score=0.89352 valid=0 mode=tracking state=DEGRADED evaluated=807 execution_us=30279 reason=tracking_score_below_threshold
x=0.849624 y=2.4497 yaw=4.18508 score=0.958724 valid=1 mode=tracking state=TRACKING evaluated=807 execution_us=29971 reason=tracking_quality_restored
x=0.849624 y=2.4497 yaw=4.18415 score=0.958404 valid=1 mode=tracking state=TRACKING evaluated=807 execution_us=30281 reason=tracking_pose_accepted
x=0.899624 y=2.4997 yaw=4.35775 score=0.835627 valid=0 mode=tracking state=DEGRADED evaluated=807 execution_us=30545 reason=tracking_score_below_threshold
x=0.849624 y=2.4997 yaw=4.35775 score=0.846802 valid=0 mode=tracking state=DEGRADED evaluated=807 execution_us=30719 reason=tracking_score_below_threshold
x=0.849624 y=2.4997 yaw=4.35775 score=0.847411 valid=0 mode=tracking state=LOST evaluated=807 execution_us=30477 reason=rejection_limit_reached
x=0.85 y=2.45 yaw=-2.0944 score=0.965375 valid=1 mode=global state=RECOVERED evaluated=15444 execution_us=585263 reason=global_relocalization_accepted
x=0.85 y=2.45 yaw=-2.07788 score=0.958311 valid=1 mode=tracking state=RECOVERED evaluated=807 execution_us=31733 reason=recovery_confirmation_pending
x=0.85 y=2.45 yaw=-2.0439 score=0.973702 valid=1 mode=tracking state=RECOVERED evaluated=807 execution_us=30395 reason=recovery_confirmation_pending
x=0.85 y=2.45 yaw=-2.00993 score=0.973805 valid=1 mode=tracking state=TRACKING evaluated=807 execution_us=30178 reason=recovery_confirmed
x=0.85 y=2.45 yaw=-2.01087 score=0.969914 valid=1 mode=tracking state=TRACKING evaluated=807 execution_us=30085 reason=tracking_pose_accepted
x=0.85 y=2.45 yaw=-2.0118 score=0.970404 valid=1 mode=tracking state=TRACKING evaluated=807 execution_us=30114 reason=tracking_pose_accepted
x=0.85 y=2.45 yaw=-2.04764 score=0.967773 valid=1 mode=tracking state=TRACKING evaluated=807 execution_us=30166 reason=tracking_pose_accepted
x=0.85 y=2.45 yaw=-2.01367 score=0.977855 valid=1 mode=tracking state=TRACKING evaluated=807 execution_us=30553 reason=tracking_pose_accepted
x=0.85 y=2.45 yaw=-1.99715 score=0.962259 valid=1 mode=tracking state=TRACKING evaluated=807 execution_us=30918 reason=tracking_pose_accepted
x=0.85 y=2.45 yaw=-2.01554 score=0.971967 valid=1 mode=tracking state=TRACKING evaluated=807 execution_us=30168 reason=tracking_pose_accepted
x=0.85 y=2.45 yaw=-2.05138 score=0.970588 valid=1 mode=tracking state=TRACKING evaluated=807 execution_us=30433 reason=tracking_pose_accepted
x=0.85 y=2.45 yaw=-1.94759 score=0.931136 valid=1 mode=tracking state=TRACKING evaluated=807 execution_us=30283 reason=tracking_pose_accepted
x=0.85 y=2.45 yaw=-2.05325 score=0.971857 valid=1 mode=tracking state=TRACKING evaluated=807 execution_us=30052 reason=tracking_pose_accepted
x=0.85 y=2.45 yaw=-2.01927 score=0.968967 valid=1 mode=tracking state=TRACKING evaluated=807 execution_us=30152 reason=tracking_pose_accepted
x=0.85 y=2.45 yaw=-2.00275 score=0.971857 valid=1 mode=tracking state=TRACKING evaluated=807 execution_us=30189 reason=tracking_pose_accepted
x=0.85 y=2.45 yaw=-2.00369 score=0.976103 valid=1 mode=tracking state=TRACKING evaluated=807 execution_us=30411 reason=tracking_pose_accepted
x=0.85 y=2.45 yaw=-2.00462 score=0.978777 valid=1 mode=tracking state=TRACKING evaluated=807 execution_us=29935 reason=tracking_pose_accepted
x=0.85 y=2.45 yaw=-2.00556 score=0.970619 valid=1 mode=tracking state=TRACKING evaluated=807 execution_us=29914 reason=tracking_pose_accepted
x=0.85 y=2.45 yaw=-2.00649 score=0.976471 valid=1 mode=tracking state=TRACKING evaluated=807 execution_us=29862 reason=tracking_pose_accepted
x=0.85 y=2.45 yaw=-2.00742 score=0.974265 valid=1 mode=tracking state=TRACKING evaluated=807 execution_us=29939 reason=tracking_pose_accepted
x=0.85 y=2.45 yaw=-1.9909 score=0.978646 valid=1 mode=tracking state=TRACKING evaluated=807 execution_us=30085 reason=tracking_pose_accepted
x=0.85 y=2.45 yaw=-1.99184 score=0.969114 valid=1 mode=tracking state=TRACKING evaluated=807 execution_us=30578 reason=tracking_pose_accepted
x=0.85 y=2.45 yaw=-1.99277 score=0.968444 valid=1 mode=tracking state=TRACKING evaluated=807 execution_us=31193 reason=tracking_pose_accepted
x=0.85 y=2.45 yaw=-1.99371 score=0.966986 valid=1 mode=tracking state=TRACKING evaluated=807 execution_us=30544 reason=tracking_pose_accepted
x=0.85 y=2.45 yaw=-2.0121 score=0.968904 valid=1 mode=tracking state=TRACKING evaluated=807 execution_us=29936 reason=tracking_pose_accepted
x=0.85 y=2.45 yaw=-2.01303 score=0.968627 valid=1 mode=tracking state=TRACKING evaluated=807 execution_us=29898 reason=tracking_pose_accepted
x=0.85 y=2.5 yaw=-2.01396 score=0.968781 valid=1 mode=tracking state=TRACKING evaluated=807 execution_us=29898 reason=tracking_pose_accepted
x=0.85 y=2.5 yaw=-1.99744 score=0.974757 valid=1 mode=tracking state=TRACKING evaluated=807 execution_us=29923 reason=tracking_pose_accepted
x=0.85 y=2.5 yaw=-1.99838 score=0.974164 valid=1 mode=tracking state=TRACKING evaluated=807 execution_us=29872 reason=tracking_pose_accepted
x=0.85 y=2.49999 yaw=-2.03422 score=0.953976 valid=1 mode=tracking state=TRACKING evaluated=807 execution_us=30169 reason=tracking_pose_accepted
x=0.85 y=2.44999 yaw=-2.07006 score=0.916893 valid=1 mode=tracking state=TRACKING evaluated=807 execution_us=30091 reason=tracking_pose_accepted
x=0.85 y=2.49999 yaw=-1.93137 score=0.946223 valid=1 mode=tracking state=TRACKING evaluated=807 execution_us=30294 reason=tracking_pose_accepted
x=0.85 y=2.49999 yaw=-1.9323 score=0.970245 valid=1 mode=tracking state=TRACKING evaluated=807 execution_us=30297 reason=tracking_pose_accepted
x=0.85 y=2.49999 yaw=-1.95069 score=0.977111 valid=1 mode=tracking state=TRACKING evaluated=807 execution_us=30114 reason=tracking_pose_accepted
x=0.85 y=2.49999 yaw=-1.96907 score=0.971847 valid=1 mode=tracking state=TRACKING evaluated=807 execution_us=30778 reason=tracking_pose_accepted
x=0.85 y=2.49999 yaw=-1.97001 score=0.973346 valid=1 mode=tracking state=TRACKING evaluated=807 execution_us=29960 reason=tracking_pose_accepted
x=0.9 y=2.54999 yaw=-1.79641 score=0.835048 valid=0 mode=tracking state=DEGRADED evaluated=807 execution_us=30022 reason=tracking_score_below_threshold
x=0.85 y=2.49999 yaw=-1.9884 score=0.973805 valid=1 mode=tracking state=TRACKING evaluated=807 execution_us=30301 reason=tracking_quality_restored
x=0.85 y=2.49999 yaw=-2.00678 score=0.97378 valid=1 mode=tracking state=TRACKING evaluated=807 execution_us=30362 reason=tracking_pose_accepted
x=0.85 y=2.49999 yaw=-2.00772 score=0.979157 valid=1 mode=tracking state=TRACKING evaluated=807 execution_us=29878 reason=tracking_pose_accepted
x=0.85 y=2.49999 yaw=-2.00865 score=0.971752 valid=1 mode=tracking state=TRACKING evaluated=807 execution_us=30213 reason=tracking_pose_accepted
x=0.85 y=2.49999 yaw=-1.99213 score=0.975698 valid=1 mode=tracking state=TRACKING evaluated=807 execution_us=30485 reason=tracking_pose_accepted
x=0.85 y=2.49999 yaw=-1.99307 score=0.978485 valid=1 mode=tracking state=TRACKING evaluated=807 execution_us=30700 reason=tracking_pose_accepted
x=0.85 y=2.49999 yaw=-1.994 score=0.972488 valid=1 mode=tracking state=TRACKING evaluated=807 execution_us=30206 reason=tracking_pose_accepted
x=0.85 y=2.49999 yaw=-1.99493 score=0.967336 valid=1 mode=tracking state=TRACKING evaluated=807 execution_us=29923 reason=tracking_pose_accepted
x=0.85 y=2.44999 yaw=-2.01332 score=0.965319 valid=1 mode=tracking state=TRACKING evaluated=807 execution_us=30271 reason=tracking_pose_accepted
x=0.85 y=2.44999 yaw=-2.01426 score=0.971857 valid=1 mode=tracking state=TRACKING evaluated=807 execution_us=30043 reason=tracking_pose_accepted
x=0.85 y=2.44999 yaw=-1.99774 score=0.962594 valid=1 mode=tracking state=TRACKING evaluated=807 execution_us=30671 reason=tracking_pose_accepted
x=0.85 y=2.44999 yaw=-1.99867 score=0.969818 valid=1 mode=tracking state=TRACKING evaluated=807 execution_us=30462 reason=tracking_pose_accepted
x=0.85 y=2.44999 yaw=-1.99961 score=0.968688 valid=1 mode=tracking state=TRACKING evaluated=807 execution_us=30268 reason=tracking_pose_accepted
x=0.85 y=2.44999 yaw=-2.00054 score=0.9682 valid=1 mode=tracking state=TRACKING evaluated=807 execution_us=30314 reason=tracking_pose_accepted
x=0.85 y=2.44999 yaw=-1.98402 score=0.959234 valid=1 mode=tracking state=TRACKING evaluated=807 execution_us=30346 reason=tracking_pose_accepted
x=0.85 y=2.44999 yaw=-2.00241 score=0.959991 valid=1 mode=tracking state=TRACKING evaluated=807 execution_us=30212 reason=tracking_pose_accepted
x=0.85 y=2.49999 yaw=-1.98589 score=0.965416 valid=1 mode=tracking state=TRACKING evaluated=807 execution_us=30400 reason=tracking_pose_accepted
x=0.85 y=2.49999 yaw=-1.98682 score=0.966281 valid=1 mode=tracking state=TRACKING evaluated=807 execution_us=29971 reason=tracking_pose_accepted
x=0.85 y=2.49999 yaw=-1.98776 score=0.967004 valid=1 mode=tracking state=TRACKING evaluated=807 execution_us=30342 reason=tracking_pose_accepted
x=0.85 y=2.49999 yaw=-1.98869 score=0.965998 valid=1 mode=tracking state=TRACKING evaluated=807 execution_us=30531 reason=tracking_pose_accepted
x=0.85 y=2.49999 yaw=-2.02453 score=0.969144 valid=1 mode=tracking state=TRACKING evaluated=807 execution_us=30139 reason=tracking_pose_accepted
x=0.85 y=2.49999 yaw=-2.00801 score=0.969243 valid=1 mode=tracking state=TRACKING evaluated=807 execution_us=29954 reason=tracking_pose_accepted
x=0.85 y=2.49999 yaw=-2.00895 score=0.967732 valid=1 mode=tracking state=TRACKING evaluated=807 execution_us=29701 reason=tracking_pose_accepted
x=0.85 y=2.49999 yaw=-2.00988 score=0.966936 valid=1 mode=tracking state=TRACKING evaluated=807 execution_us=30009 reason=tracking_pose_accepted
x=0.85 y=2.49999 yaw=-1.99336 score=0.966735 valid=1 mode=tracking state=TRACKING evaluated=807 execution_us=30608 reason=tracking_pose_accepted
x=0.85 y=2.49999 yaw=-1.97684 score=0.958276 valid=1 mode=tracking state=TRACKING evaluated=807 execution_us=30328 reason=tracking_pose_accepted
x=0.85 y=2.49999 yaw=-1.97778 score=0.969238 valid=1 mode=tracking state=TRACKING evaluated=807 execution_us=30049 reason=tracking_pose_accepted
x=0.85 y=2.49999 yaw=-1.99616 score=0.965952 valid=1 mode=tracking state=TRACKING evaluated=807 execution_us=30347 reason=tracking_pose_accepted
x=0.85 y=2.49998 yaw=-1.9971 score=0.97114 valid=1 mode=tracking state=TRACKING evaluated=807 execution_us=30774 reason=tracking_pose_accepted
x=0.85 y=2.49998 yaw=-2.01549 score=0.964352 valid=1 mode=tracking state=TRACKING evaluated=807 execution_us=30061 reason=tracking_pose_accepted
x=0.85 y=2.49998 yaw=-1.99897 score=0.967923 valid=1 mode=tracking state=TRACKING evaluated=807 execution_us=30367 reason=tracking_pose_accepted
x=0.85 y=2.49998 yaw=-1.98245 score=0.968719 valid=1 mode=tracking state=TRACKING evaluated=807 execution_us=30136 reason=tracking_pose_accepted
x=0.85 y=2.49998 yaw=-1.94847 score=0.92432 valid=1 mode=tracking state=TRACKING evaluated=807 execution_us=30606 reason=tracking_pose_accepted
x=0.85 y=2.49998 yaw=-1.98431 score=0.969455 valid=1 mode=tracking state=TRACKING evaluated=807 execution_us=29983 reason=tracking_pose_accepted
x=0.85 y=2.49998 yaw=-1.98525 score=0.970665 valid=1 mode=tracking state=TRACKING evaluated=807 execution_us=29880 reason=tracking_pose_accepted
x=0.85 y=2.49998 yaw=-2.00364 score=0.956635 valid=1 mode=tracking state=TRACKING evaluated=807 execution_us=30223 reason=tracking_pose_accepted
x=0.85 y=2.49998 yaw=-2.00457 score=0.967858 valid=1 mode=tracking state=TRACKING evaluated=807 execution_us=30223 reason=tracking_pose_accepted
x=0.85 y=2.49998 yaw=-1.98805 score=0.970965 valid=1 mode=tracking state=TRACKING evaluated=807 execution_us=29971 reason=tracking_pose_accepted
x=0.85 y=2.49998 yaw=-1.98898 score=0.966888 valid=1 mode=tracking state=TRACKING evaluated=807 execution_us=30451 reason=tracking_pose_accepted
x=0.85 y=2.49998 yaw=-1.95501 score=0.926828 valid=1 mode=tracking state=TRACKING evaluated=807 execution_us=30244 reason=tracking_pose_accepted
x=0.85 y=2.49998 yaw=-1.99085 score=0.969396 valid=1 mode=tracking state=TRACKING evaluated=807 execution_us=30031 reason=tracking_pose_accepted
x=0.85 y=2.49998 yaw=-1.99179 score=0.956483 valid=1 mode=tracking state=TRACKING evaluated=807 execution_us=30177 reason=tracking_pose_accepted
x=0.85 y=2.49998 yaw=-1.99272 score=0.963159 valid=1 mode=tracking state=TRACKING evaluated=807 execution_us=30134 reason=tracking_pose_accepted
x=0.85 y=2.49998 yaw=-1.99366 score=0.964218 valid=1 mode=tracking state=TRACKING evaluated=807 execution_us=30573 reason=tracking_pose_accepted
x=0.85 y=2.49998 yaw=-1.99459 score=0.958846 valid=1 mode=tracking state=TRACKING evaluated=807 execution_us=30513 reason=tracking_pose_accepted
x=0.85 y=2.49998 yaw=-1.99552 score=0.957347 valid=1 mode=tracking state=TRACKING evaluated=807 execution_us=30480 reason=tracking_pose_accepted
x=0.85 y=2.49998 yaw=-1.97901 score=0.967136 valid=1 mode=tracking state=TRACKING evaluated=807 execution_us=30129 reason=tracking_pose_accepted
x=0.85 y=2.49998 yaw=-1.97994 score=0.968719 valid=1 mode=tracking state=TRACKING evaluated=807 execution_us=29953 reason=tracking_pose_accepted
x=0.85 y=2.49998 yaw=-1.99833 score=0.955206 valid=1 mode=tracking state=TRACKING evaluated=807 execution_us=30326 reason=tracking_pose_accepted
x=0.85 y=2.49998 yaw=-2.01671 score=0.966146 valid=1 mode=tracking state=TRACKING evaluated=807 execution_us=30327 reason=tracking_pose_accepted
x=0.85 y=2.49998 yaw=-2.00019 score=0.967397 valid=1 mode=tracking state=TRACKING evaluated=807 execution_us=30268 reason=tracking_pose_accepted
x=0.85 y=2.49998 yaw=-1.98368 score=0.971303 valid=1 mode=tracking state=TRACKING evaluated=807 execution_us=31022 reason=tracking_pose_accepted
x=0.85 y=2.49998 yaw=-1.98461 score=0.969801 valid=1 mode=tracking state=TRACKING evaluated=807 execution_us=29931 reason=tracking_pose_accepted
x=0.85 y=2.49997 yaw=-1.98554 score=0.969735 valid=1 mode=tracking state=TRACKING evaluated=807 execution_us=30131 reason=tracking_pose_accepted
x=0.85 y=2.49997 yaw=-1.98648 score=0.97158 valid=1 mode=tracking state=TRACKING evaluated=807 execution_us=30083 reason=tracking_pose_accepted
x=0.85 y=2.49997 yaw=-1.98741 score=0.970672 valid=1 mode=tracking state=TRACKING evaluated=807 execution_us=30456 reason=tracking_pose_accepted
x=0.85 y=2.49997 yaw=-1.98834 score=0.969981 valid=1 mode=tracking state=TRACKING evaluated=807 execution_us=30160 reason=tracking_pose_accepted
x=0.85 y=2.49997 yaw=-1.98928 score=0.965349 valid=1 mode=tracking state=TRACKING evaluated=807 execution_us=30470 reason=tracking_pose_accepted
x=0.85 y=2.49997 yaw=-1.99021 score=0.969179 valid=1 mode=tracking state=TRACKING evaluated=807 execution_us=30490 reason=tracking_pose_accepted
x=0.85 y=2.49997 yaw=-1.99115 score=0.967015 valid=1 mode=tracking state=TRACKING evaluated=807 execution_us=30075 reason=tracking_pose_accepted
x=0.85 y=2.49997 yaw=-1.99208 score=0.962845 valid=1 mode=tracking state=TRACKING evaluated=807 execution_us=30367 reason=tracking_pose_accepted
x=0.85 y=2.49997 yaw=-1.99302 score=0.967923 valid=1 mode=tracking state=TRACKING evaluated=807 execution_us=30105 reason=tracking_pose_accepted
x=0.85 y=2.49997 yaw=-1.99395 score=0.960235 valid=1 mode=tracking state=TRACKING evaluated=807 execution_us=30302 reason=tracking_pose_accepted
x=0.85 y=2.49997 yaw=-1.99488 score=0.963317 valid=1 mode=tracking state=TRACKING evaluated=807 execution_us=30062 reason=tracking_pose_accepted
x=0.85 y=2.49997 yaw=-1.99582 score=0.967336 valid=1 mode=tracking state=TRACKING evaluated=807 execution_us=30003 reason=tracking_pose_accepted
x=0.85 y=2.49997 yaw=-1.9793 score=0.96772 valid=1 mode=tracking state=TRACKING evaluated=807 execution_us=30138 reason=tracking_pose_accepted
x=0.85 y=2.49997 yaw=-1.98023 score=0.960204 valid=1 mode=tracking state=TRACKING evaluated=807 execution_us=30338 reason=tracking_pose_accepted
x=0.85 y=2.49997 yaw=-1.98117 score=0.969914 valid=1 mode=tracking state=TRACKING evaluated=807 execution_us=30106 reason=tracking_pose_accepted
x=0.85 y=2.49997 yaw=-1.99955 score=0.964567 valid=1 mode=tracking state=TRACKING evaluated=807 execution_us=29865 reason=tracking_pose_accepted
x=0.85 y=2.49997 yaw=-1.98303 score=0.962883 valid=1 mode=tracking state=TRACKING evaluated=807 execution_us=29992 reason=tracking_pose_accepted
x=0.85 y=2.49997 yaw=-1.98397 score=0.96322 valid=1 mode=tracking state=TRACKING evaluated=807 execution_us=30381 reason=tracking_pose_accepted
x=0.85 y=2.49997 yaw=-1.9849 score=0.968997 valid=1 mode=tracking state=TRACKING evaluated=807 execution_us=29969 reason=tracking_pose_accepted
x=0.85 y=2.49997 yaw=-1.98584 score=0.968412 valid=1 mode=tracking state=TRACKING evaluated=807 execution_us=30111 reason=tracking_pose_accepted
x=0.85 y=2.49997 yaw=-1.98677 score=0.965576 valid=1 mode=tracking state=TRACKING evaluated=807 execution_us=30476 reason=tracking_pose_accepted
x=0.85 y=2.49997 yaw=-1.9877 score=0.969396 valid=1 mode=tracking state=TRACKING evaluated=807 execution_us=29835 reason=tracking_pose_accepted
x=0.85 y=2.49997 yaw=-1.98864 score=0.954894 valid=1 mode=tracking state=TRACKING evaluated=807 execution_us=30697 reason=tracking_pose_accepted
x=0.85 y=2.49997 yaw=-1.98957 score=0.959289 valid=1 mode=tracking state=TRACKING evaluated=807 execution_us=30060 reason=tracking_pose_accepted
x=0.85 y=2.49997 yaw=-1.99051 score=0.967923 valid=1 mode=tracking state=TRACKING evaluated=807 execution_us=30211 reason=tracking_pose_accepted
x=0.85 y=2.49997 yaw=-1.99144 score=0.963909 valid=1 mode=tracking state=TRACKING evaluated=807 execution_us=30360 reason=tracking_pose_accepted
x=0.85 y=2.49997 yaw=-1.99238 score=0.966013 valid=1 mode=tracking state=TRACKING evaluated=807 execution_us=29987 reason=tracking_pose_accepted
x=0.85 y=2.49996 yaw=-1.99331 score=0.966023 valid=1 mode=tracking state=TRACKING evaluated=807 execution_us=29957 reason=tracking_pose_accepted
x=0.85 y=2.49996 yaw=-1.99424 score=0.962264 valid=1 mode=tracking state=TRACKING evaluated=807 execution_us=30260 reason=tracking_pose_accepted
x=0.85 y=2.49996 yaw=-1.99518 score=0.963557 valid=1 mode=tracking state=TRACKING evaluated=807 execution_us=30048 reason=tracking_pose_accepted
x=0.85 y=2.49996 yaw=-1.99611 score=0.966085 valid=1 mode=tracking state=TRACKING evaluated=807 execution_us=30029 reason=tracking_pose_accepted
x=0.85 y=2.49996 yaw=-1.99705 score=0.965952 valid=1 mode=tracking state=TRACKING evaluated=807 execution_us=30128 reason=tracking_pose_accepted
x=0.85 y=2.49996 yaw=-1.98053 score=0.970319 valid=1 mode=tracking state=TRACKING evaluated=807 execution_us=30079 reason=tracking_pose_accepted
x=0.85 y=2.49996 yaw=-1.98146 score=0.965025 valid=1 mode=tracking state=TRACKING evaluated=807 execution_us=30716 reason=tracking_pose_accepted
x=0.85 y=2.49996 yaw=-1.94749 score=0.932494 valid=1 mode=tracking state=TRACKING evaluated=807 execution_us=30090 reason=tracking_pose_accepted
x=0.85 y=2.49996 yaw=-1.98333 score=0.96495 valid=1 mode=tracking state=TRACKING evaluated=807 execution_us=30254 reason=tracking_pose_accepted
x=0.85 y=2.49996 yaw=-1.98426 score=0.970842 valid=1 mode=tracking state=TRACKING evaluated=807 execution_us=30842 reason=tracking_pose_accepted
x=0.85 y=2.49996 yaw=-1.9852 score=0.966667 valid=1 mode=tracking state=TRACKING evaluated=807 execution_us=30101 reason=tracking_pose_accepted
x=0.85 y=2.49996 yaw=-1.98613 score=0.960601 valid=1 mode=tracking state=TRACKING evaluated=807 execution_us=30442 reason=tracking_pose_accepted
x=0.85 y=2.49996 yaw=-1.98707 score=0.967674 valid=1 mode=tracking state=TRACKING evaluated=807 execution_us=30401 reason=tracking_pose_accepted
x=0.85 y=2.49996 yaw=-1.988 score=0.9678 valid=1 mode=tracking state=TRACKING evaluated=807 execution_us=30226 reason=tracking_pose_accepted
x=0.85 y=2.49996 yaw=-1.98893 score=0.965625 valid=1 mode=tracking state=TRACKING evaluated=807 execution_us=30335 reason=tracking_pose_accepted
x=0.85 y=2.49996 yaw=-1.98987 score=0.964369 valid=1 mode=tracking state=TRACKING evaluated=807 execution_us=30226 reason=tracking_pose_accepted
x=0.85 y=2.49996 yaw=-1.9908 score=0.966813 valid=1 mode=tracking state=TRACKING evaluated=807 execution_us=30241 reason=tracking_pose_accepted
x=0.85 y=2.49996 yaw=-1.99174 score=0.966474 valid=1 mode=tracking state=TRACKING evaluated=807 execution_us=30428 reason=tracking_pose_accepted
x=0.85 y=2.49996 yaw=-1.99267 score=0.958984 valid=1 mode=tracking state=TRACKING evaluated=807 execution_us=30244 reason=tracking_pose_accepted
x=0.85 y=2.49996 yaw=-1.97615 score=0.963414 valid=1 mode=tracking state=TRACKING evaluated=807 execution_us=30136 reason=tracking_pose_accepted
x=0.85 y=2.49996 yaw=-1.94218 score=0.923958 valid=1 mode=tracking state=TRACKING evaluated=807 execution_us=29954 reason=tracking_pose_accepted
x=0.85 y=2.49996 yaw=-1.99547 score=0.955333 valid=1 mode=tracking state=TRACKING evaluated=807 execution_us=30837 reason=tracking_pose_accepted
x=0.85 y=2.49996 yaw=-1.99641 score=0.957992 valid=1 mode=tracking state=TRACKING evaluated=807 execution_us=30465 reason=tracking_pose_accepted
x=0.85 y=2.49996 yaw=-1.97989 score=0.972335 valid=1 mode=tracking state=TRACKING evaluated=807 execution_us=29954 reason=tracking_pose_accepted
x=0.85 y=2.49996 yaw=-1.98082 score=0.967655 valid=1 mode=tracking state=TRACKING evaluated=807 execution_us=29795 reason=tracking_pose_accepted
x=0.85 y=2.49996 yaw=-1.98176 score=0.956498 valid=1 mode=tracking state=TRACKING evaluated=807 execution_us=30778 reason=tracking_pose_accepted
x=0.85 y=2.49996 yaw=-1.98269 score=0.965086 valid=1 mode=tracking state=TRACKING evaluated=807 execution_us=30156 reason=tracking_pose_accepted
x=0.85 y=2.49996 yaw=-1.94872 score=0.927849 valid=1 mode=tracking state=TRACKING evaluated=807 execution_us=30124 reason=tracking_pose_accepted
x=0.85 y=2.49995 yaw=-1.98456 score=0.96924 valid=1 mode=tracking state=TRACKING evaluated=807 execution_us=30027 reason=tracking_pose_accepted
x=0.85 y=2.49995 yaw=-1.98549 score=0.967612 valid=1 mode=tracking state=TRACKING evaluated=807 execution_us=30131 reason=tracking_pose_accepted
x=0.85 y=2.49995 yaw=-1.98643 score=0.956908 valid=1 mode=tracking state=TRACKING evaluated=807 execution_us=30998 reason=tracking_pose_accepted
x=0.85 y=2.49995 yaw=-1.98736 score=0.966936 valid=1 mode=tracking state=TRACKING evaluated=807 execution_us=30179 reason=tracking_pose_accepted
x=0.85 y=2.49995 yaw=-1.98829 score=0.966874 valid=1 mode=tracking state=TRACKING evaluated=807 execution_us=30026 reason=tracking_pose_accepted
x=0.85 y=2.49995 yaw=-1.98923 score=0.965552 valid=1 mode=tracking state=TRACKING evaluated=807 execution_us=30080 reason=tracking_pose_accepted
x=0.85 y=2.49995 yaw=-1.99016 score=0.9678 valid=1 mode=tracking state=TRACKING evaluated=807 execution_us=30033 reason=tracking_pose_accepted
x=0.85 y=2.49995 yaw=-1.9911 score=0.967797 valid=1 mode=tracking state=TRACKING evaluated=807 execution_us=30146 reason=tracking_pose_accepted
x=0.85 y=2.49995 yaw=-1.99203 score=0.96801 valid=1 mode=tracking state=TRACKING evaluated=807 execution_us=30285 reason=tracking_pose_accepted
x=0.85 y=2.49995 yaw=-1.99296 score=0.966483 valid=1 mode=tracking state=TRACKING evaluated=807 execution_us=29950 reason=tracking_pose_accepted
x=0.85 y=2.49995 yaw=-1.9939 score=0.966085 valid=1 mode=tracking state=TRACKING evaluated=807 execution_us=30071 reason=tracking_pose_accepted
x=0.85 y=2.49995 yaw=-1.97738 score=0.972212 valid=1 mode=tracking state=TRACKING evaluated=807 execution_us=30265 reason=tracking_pose_accepted
x=0.85 y=2.49995 yaw=-1.97831 score=0.967259 valid=1 mode=tracking state=TRACKING evaluated=807 execution_us=29836 reason=tracking_pose_accepted
x=0.85 y=2.49995 yaw=-1.97924 score=0.96732 valid=1 mode=tracking state=TRACKING evaluated=807 execution_us=30005 reason=tracking_pose_accepted
x=0.85 y=2.49995 yaw=-1.99763 score=0.965552 valid=1 mode=tracking state=TRACKING evaluated=807 execution_us=29868 reason=tracking_pose_accepted
x=0.85 y=2.49995 yaw=-1.98111 score=0.967525 valid=1 mode=tracking state=TRACKING evaluated=807 execution_us=30174 reason=tracking_pose_accepted
x=0.85 y=2.49995 yaw=-1.98205 score=0.966988 valid=1 mode=tracking state=TRACKING evaluated=807 execution_us=30463 reason=tracking_pose_accepted
x=0.85 y=2.49995 yaw=-1.98298 score=0.969458 valid=1 mode=tracking state=TRACKING evaluated=807 execution_us=29898 reason=tracking_pose_accepted
x=0.85 y=2.49995 yaw=-1.98391 score=0.969179 valid=1 mode=tracking state=TRACKING evaluated=807 execution_us=30145 reason=tracking_pose_accepted
x=0.85 y=2.49995 yaw=-1.98485 score=0.967336 valid=1 mode=tracking state=TRACKING evaluated=807 execution_us=29950 reason=tracking_pose_accepted
x=0.85 y=2.49995 yaw=-1.98578 score=0.967402 valid=1 mode=tracking state=TRACKING evaluated=807 execution_us=30727 reason=tracking_pose_accepted
x=0.85 y=2.49995 yaw=-1.98672 score=0.961059 valid=1 mode=tracking state=TRACKING evaluated=807 execution_us=30055 reason=tracking_pose_accepted
x=0.85 y=2.49995 yaw=-1.98765 score=0.968781 valid=1 mode=tracking state=TRACKING evaluated=807 execution_us=30342 reason=tracking_pose_accepted
x=0.85 y=2.49994 yaw=-1.98858 score=0.967735 valid=1 mode=tracking state=TRACKING evaluated=807 execution_us=29982 reason=tracking_pose_accepted
x=0.85 y=2.49994 yaw=-1.98952 score=0.967862 valid=1 mode=tracking state=TRACKING evaluated=807 execution_us=30585 reason=tracking_pose_accepted
x=0.85 y=2.49994 yaw=-1.99045 score=0.962638 valid=1 mode=tracking state=TRACKING evaluated=807 execution_us=30082 reason=tracking_pose_accepted
x=0.85 y=2.49994 yaw=-1.99139 score=0.963323 valid=1 mode=tracking state=TRACKING evaluated=807 execution_us=30430 reason=tracking_pose_accepted
mission_command=STOP
x=0.85 y=2.49994 yaw=-1.99232 score=0.962194 valid=1 mode=tracking state=TRACKING evaluated=807 execution_us=30288 reason=tracking_pose_accepted
[YDLIDAR] Now lidar scanning has stopped!
lidar_state=STOPPED
signal_handler(15)
