mission_command=START
[YDLIDAR] SDK initializing
[YDLIDAR] SDK has been initialized
[YDLIDAR] SDK Version: 1.2.7
[YDLIDAR] Lidar successfully connected [/dev/ttyS3:230400]
[YDLIDAR] Lidar running correctly! The health status: good
Current Lidar Model Code 151
[YDLIDAR] Baseplate device info
Firmware version: 1.2
Hardware version: 1
Model: Tmini Plus
Serial: 2025042300090381
[YDLIDAR] Current scan frequency: 10.00Hz
[YDLIDAR] Current scan frequency: 10.00Hz
[YDLIDAR] Lidar init success, Elapsed time 979 ms
[YDLIDAR] Create thread 0xA69794C0
[YDLIDAR] Successed to start scan mode, Elapsed time 2097 ms
[YDLIDAR] Scan Frequency: 10.00Hz
[YDLIDAR] Fixed Size: 400
[YDLIDAR] Sample Rate: 4.00K
[YDLIDAR] Successed to check the lidar, Elapsed time 1 ms
[2026-07-25 06:35:18][info] [YDLIDAR] Now lidar is scanning...
lidar_state=RUNNING
x=2.1 y=2.05 yaw=-0.021817 score=0.978112 valid=1 mode=global state=RECOVERED evaluated=15444 execution_us=906205 reason=initial_global_pose_accepted
x=2.1 y=2.05 yaw=-0.0227511 score=0.981508 valid=1 mode=tracking state=RECOVERED evaluated=831 execution_us=50838 reason=recovery_confirmation_pending
x=2.1 y=2.05 yaw=-0.0236853 score=0.978483 valid=1 mode=tracking state=RECOVERED evaluated=831 execution_us=49269 reason=recovery_confirmation_pending
x=2.1 y=2.05 yaw=-0.0420728 score=0.97576 valid=1 mode=tracking state=TRACKING evaluated=831 execution_us=47866 reason=recovery_confirmed
x=2.1 y=2.05 yaw=-0.0255536 score=0.981977 valid=1 mode=tracking state=TRACKING evaluated=831 execution_us=58789 reason=tracking_pose_accepted
x=2.1 y=2.05 yaw=-0.0264878 score=0.981261 valid=1 mode=tracking state=TRACKING evaluated=831 execution_us=58568 reason=tracking_pose_accepted
x=2.1 y=2.05 yaw=-0.0274219 score=0.982024 valid=1 mode=tracking state=TRACKING evaluated=831 execution_us=61423 reason=tracking_pose_accepted
x=2.1 y=2.05 yaw=-0.0283561 score=0.979608 valid=1 mode=tracking state=TRACKING evaluated=831 execution_us=52153 reason=tracking_pose_accepted
x=2.1 y=2.05 yaw=-0.0292902 score=0.979407 valid=1 mode=tracking state=TRACKING evaluated=831 execution_us=52068 reason=tracking_pose_accepted
x=2.1 y=2.05 yaw=-0.0302244 score=0.976728 valid=1 mode=tracking state=TRACKING evaluated=831 execution_us=52283 reason=tracking_pose_accepted
x=2.1 y=2.05 yaw=-0.0311585 score=0.978791 valid=1 mode=tracking state=TRACKING evaluated=831 execution_us=51878 reason=tracking_pose_accepted
x=2.1 y=2.05 yaw=-0.0320927 score=0.97997 valid=1 mode=tracking state=TRACKING evaluated=831 execution_us=52732 reason=tracking_pose_accepted
x=2.1 y=2.05 yaw=-0.0330268 score=0.978791 valid=1 mode=tracking state=TRACKING evaluated=831 execution_us=53698 reason=tracking_pose_accepted
x=2.1 y=2.05 yaw=-0.033961 score=0.977364 valid=1 mode=tracking state=TRACKING evaluated=831 execution_us=60317 reason=tracking_pose_accepted
x=2.1 y=2.05 yaw=-0.0174419 score=0.980008 valid=1 mode=tracking state=TRACKING evaluated=831 execution_us=59949 reason=tracking_pose_accepted
x=2.1 y=2.05 yaw=-0.018376 score=0.979955 valid=1 mode=tracking state=TRACKING evaluated=831 execution_us=60716 reason=tracking_pose_accepted
x=2.1 y=2.05 yaw=-0.0193102 score=0.979863 valid=1 mode=tracking state=TRACKING evaluated=831 execution_us=60152 reason=tracking_pose_accepted
x=2.1 y=2.05 yaw=-0.0376976 score=0.982554 valid=1 mode=tracking state=TRACKING evaluated=831 execution_us=58133 reason=tracking_pose_accepted
x=2.1 y=2.05 yaw=-0.0386318 score=0.978385 valid=1 mode=tracking state=TRACKING evaluated=831 execution_us=54966 reason=tracking_pose_accepted
x=2.1 y=2.05 yaw=-0.0221126 score=0.978169 valid=1 mode=tracking state=TRACKING evaluated=831 execution_us=54846 reason=tracking_pose_accepted
x=2.1 y=2.05 yaw=-0.0405001 score=0.981723 valid=1 mode=tracking state=TRACKING evaluated=831 execution_us=55300 reason=tracking_pose_accepted
x=2.1 y=2.05 yaw=-0.023981 score=0.98136 valid=1 mode=tracking state=TRACKING evaluated=831 execution_us=55461 reason=tracking_pose_accepted
x=2.1 y=2.05001 yaw=-0.0249151 score=0.981627 valid=1 mode=tracking state=TRACKING evaluated=831 execution_us=55351 reason=tracking_pose_accepted
x=2.1 y=2.05001 yaw=-0.0433025 score=0.978191 valid=1 mode=tracking state=TRACKING evaluated=831 execution_us=56814 reason=tracking_pose_accepted
x=2.1 y=2.05001 yaw=-0.0267834 score=0.981579 valid=1 mode=tracking state=TRACKING evaluated=831 execution_us=59369 reason=tracking_pose_accepted
x=2.1 y=2.05001 yaw=-0.0277175 score=0.978426 valid=1 mode=tracking state=TRACKING evaluated=831 execution_us=59648 reason=tracking_pose_accepted
x=2.1 y=2.05001 yaw=-0.0286517 score=0.982338 valid=1 mode=tracking state=TRACKING evaluated=831 execution_us=61018 reason=tracking_pose_accepted
x=2.1 y=2.05001 yaw=-0.0295858 score=0.982817 valid=1 mode=tracking state=TRACKING evaluated=831 execution_us=60304 reason=tracking_pose_accepted
x=2.1 y=2.05001 yaw=-0.03052 score=0.977613 valid=1 mode=tracking state=TRACKING evaluated=831 execution_us=60575 reason=tracking_pose_accepted
x=2.1 y=2.05001 yaw=-0.0314541 score=0.981572 valid=1 mode=tracking state=TRACKING evaluated=831 execution_us=60718 reason=tracking_pose_accepted
x=2.1 y=2.05001 yaw=-0.0323883 score=0.982291 valid=1 mode=tracking state=TRACKING evaluated=831 execution_us=58087 reason=tracking_pose_accepted
x=2.1 y=2.05001 yaw=-0.0333225 score=0.979674 valid=1 mode=tracking state=TRACKING evaluated=831 execution_us=58411 reason=tracking_pose_accepted
x=2.1 y=2.05001 yaw=-0.0168033 score=0.981934 valid=1 mode=tracking state=TRACKING evaluated=831 execution_us=57758 reason=tracking_pose_accepted
x=2.1 y=2.05001 yaw=-0.0351908 score=0.982338 valid=1 mode=tracking state=TRACKING evaluated=831 execution_us=58379 reason=tracking_pose_accepted
x=2.1 y=2.05001 yaw=-0.0186716 score=0.983684 valid=1 mode=tracking state=TRACKING evaluated=831 execution_us=59044 reason=tracking_pose_accepted
x=2.1 y=2.05001 yaw=-0.0196058 score=0.98279 valid=1 mode=tracking state=TRACKING evaluated=831 execution_us=58794 reason=tracking_pose_accepted
x=2.1 y=2.05001 yaw=-0.0205399 score=0.980631 valid=1 mode=tracking state=TRACKING evaluated=831 execution_us=51284 reason=tracking_pose_accepted
x=2.1 y=2.05001 yaw=-0.0214741 score=0.978101 valid=1 mode=tracking state=TRACKING evaluated=831 execution_us=52731 reason=tracking_pose_accepted
x=2.1 y=2.05001 yaw=-0.0398615 score=0.978134 valid=1 mode=tracking state=TRACKING evaluated=831 execution_us=53113 reason=tracking_pose_accepted
x=2.1 y=2.05001 yaw=-0.0233424 score=0.98162 valid=1 mode=tracking state=TRACKING evaluated=831 execution_us=52992 reason=tracking_pose_accepted
x=2.1 y=2.05001 yaw=-0.0242766 score=0.981051 valid=1 mode=tracking state=TRACKING evaluated=831 execution_us=53534 reason=tracking_pose_accepted
x=2.1 y=2.05001 yaw=-0.0252107 score=0.97701 valid=1 mode=tracking state=TRACKING evaluated=831 execution_us=52526 reason=tracking_pose_accepted
x=2.1 y=2.05001 yaw=-0.0261449 score=0.980742 valid=1 mode=tracking state=TRACKING evaluated=831 execution_us=60988 reason=tracking_pose_accepted
x=2.1 y=2.05001 yaw=-0.027079 score=0.982071 valid=1 mode=tracking state=TRACKING evaluated=831 execution_us=60793 reason=tracking_pose_accepted
x=2.1 y=2.05001 yaw=-0.0280132 score=0.975363 valid=1 mode=tracking state=TRACKING evaluated=831 execution_us=60748 reason=tracking_pose_accepted
x=2.1 y=2.05001 yaw=-0.0289473 score=0.979044 valid=1 mode=tracking state=TRACKING evaluated=831 execution_us=58942 reason=tracking_pose_accepted
x=2.1 y=2.05001 yaw=-0.0298815 score=0.982554 valid=1 mode=tracking state=TRACKING evaluated=831 execution_us=58012 reason=tracking_pose_accepted
x=2.1 y=2.05001 yaw=-0.0308156 score=0.978426 valid=1 mode=tracking state=TRACKING evaluated=831 execution_us=58124 reason=tracking_pose_accepted
x=2.1 y=2.05001 yaw=-0.0317498 score=0.980691 valid=1 mode=tracking state=TRACKING evaluated=831 execution_us=55316 reason=tracking_pose_accepted
x=2.1 y=2.05001 yaw=-0.0326839 score=0.97886 valid=1 mode=tracking state=TRACKING evaluated=831 execution_us=56112 reason=tracking_pose_accepted
x=2.1 y=2.05001 yaw=-0.0336181 score=0.979311 valid=1 mode=tracking state=TRACKING evaluated=831 execution_us=56432 reason=tracking_pose_accepted
x=2.1 y=2.05001 yaw=-0.017099 score=0.980474 valid=1 mode=tracking state=TRACKING evaluated=831 execution_us=56272 reason=tracking_pose_accepted
x=2.1 y=2.05001 yaw=-0.0354864 score=0.97962 valid=1 mode=tracking state=TRACKING evaluated=831 execution_us=56164 reason=tracking_pose_accepted
x=2.1 y=2.05001 yaw=-0.0189673 score=0.980371 valid=1 mode=tracking state=TRACKING evaluated=831 execution_us=56688 reason=tracking_pose_accepted
x=2.1 y=2.05001 yaw=-0.0199014 score=0.980114 valid=1 mode=tracking state=TRACKING evaluated=831 execution_us=60095 reason=tracking_pose_accepted
x=2.1 y=2.05001 yaw=-0.0382889 score=0.981579 valid=1 mode=tracking state=TRACKING evaluated=831 execution_us=60564 reason=tracking_pose_accepted
x=2.1 y=2.05001 yaw=-0.0217697 score=0.981604 valid=1 mode=tracking state=TRACKING evaluated=831 execution_us=61658 reason=tracking_pose_accepted
x=2.1 y=2.05001 yaw=-0.0227039 score=0.980733 valid=1 mode=tracking state=TRACKING evaluated=831 execution_us=62187 reason=tracking_pose_accepted
x=2.1 y=2.05001 yaw=-0.0410913 score=0.978498 valid=1 mode=tracking state=TRACKING evaluated=831 execution_us=62123 reason=tracking_pose_accepted
x=2.1 y=2.05001 yaw=-0.0245722 score=0.981051 valid=1 mode=tracking state=TRACKING evaluated=831 execution_us=58306 reason=tracking_pose_accepted
x=2.1 y=2.05001 yaw=-0.0255063 score=0.978877 valid=1 mode=tracking state=TRACKING evaluated=831 execution_us=58032 reason=tracking_pose_accepted
x=2.1 y=2.05001 yaw=-0.0264405 score=0.974809 valid=1 mode=tracking state=TRACKING evaluated=831 execution_us=59017 reason=tracking_pose_accepted
x=2.1 y=2.05001 yaw=-0.0273746 score=0.981051 valid=1 mode=tracking state=TRACKING evaluated=831 execution_us=58637 reason=tracking_pose_accepted
x=2.1 y=2.05001 yaw=-0.0283088 score=0.980793 valid=1 mode=tracking state=TRACKING evaluated=831 execution_us=59381 reason=tracking_pose_accepted
x=2.1 y=2.05002 yaw=-0.0292429 score=0.98153 valid=1 mode=tracking state=TRACKING evaluated=831 execution_us=59419 reason=tracking_pose_accepted
x=2.1 y=2.05002 yaw=-0.0301771 score=0.98483 valid=1 mode=tracking state=TRACKING evaluated=831 execution_us=66038 reason=tracking_pose_accepted
x=2.1 y=2.05002 yaw=-0.0311112 score=0.979202 valid=1 mode=tracking state=TRACKING evaluated=831 execution_us=52917 reason=tracking_pose_accepted
x=2.1 y=2.05002 yaw=-0.0320454 score=0.981367 valid=1 mode=tracking state=TRACKING evaluated=831 execution_us=53886 reason=tracking_pose_accepted
x=2.1 y=2.05002 yaw=-0.0329795 score=0.984252 valid=1 mode=tracking state=TRACKING evaluated=831 execution_us=101439 reason=tracking_pose_accepted
x=2.1 y=2.05002 yaw=-0.0339137 score=0.978328 valid=1 mode=tracking state=TRACKING evaluated=831 execution_us=98172 reason=tracking_pose_accepted
x=2.1 y=2.05002 yaw=-0.0173946 score=0.979697 valid=1 mode=tracking state=TRACKING evaluated=831 execution_us=99410 reason=tracking_pose_accepted
x=2.1 y=2.05002 yaw=-0.0183287 score=0.976026 valid=1 mode=tracking state=TRACKING evaluated=831 execution_us=67602 reason=tracking_pose_accepted
x=2.1 y=2.10002 yaw=-0.0367162 score=0.986243 valid=1 mode=tracking state=TRACKING evaluated=831 execution_us=115079 reason=tracking_pose_accepted
x=2.1 y=2.10002 yaw=-0.0376503 score=0.981864 valid=1 mode=tracking state=TRACKING evaluated=807 execution_us=48192 reason=tracking_pose_accepted
x=2.1 y=2.10002 yaw=-0.0385845 score=0.984036 valid=1 mode=tracking state=TRACKING evaluated=807 execution_us=57760 reason=tracking_pose_accepted
x=2.1 y=2.05002 yaw=-0.00461203 score=0.976246 valid=1 mode=tracking state=TRACKING evaluated=807 execution_us=55611 reason=tracking_pose_accepted
x=2.15 y=2.10002 yaw=-0.00554617 score=0.97988 valid=1 mode=tracking state=TRACKING evaluated=831 execution_us=55982 reason=tracking_pose_accepted
x=2.15 y=2.10002 yaw=0.0284263 score=0.986693 valid=1 mode=tracking state=TRACKING evaluated=789 execution_us=54857 reason=tracking_pose_accepted
x=2.2 y=2.05002 yaw=0.0623987 score=0.968515 valid=1 mode=tracking state=TRACKING evaluated=789 execution_us=59391 reason=tracking_pose_accepted
x=2.25 y=2.05002 yaw=0.0963711 score=0.964522 valid=1 mode=tracking state=TRACKING evaluated=807 execution_us=59170 reason=tracking_pose_accepted
x=2.25 y=2.05002 yaw=0.095437 score=0.98383 valid=1 mode=tracking state=TRACKING evaluated=807 execution_us=59716 reason=tracking_pose_accepted
x=2.3 y=2.05002 yaw=0.111956 score=0.984035 valid=1 mode=tracking state=TRACKING evaluated=807 execution_us=58383 reason=tracking_pose_accepted
x=2.35 y=2.00002 yaw=0.111022 score=0.973486 valid=1 mode=tracking state=TRACKING evaluated=807 execution_us=59147 reason=tracking_pose_accepted
x=2.4 y=2.00002 yaw=0.0926345 score=0.973472 valid=1 mode=tracking state=TRACKING evaluated=807 execution_us=58864 reason=tracking_pose_accepted
x=2.45 y=2.00002 yaw=0.0917004 score=0.955823 valid=1 mode=tracking state=TRACKING evaluated=807 execution_us=55324 reason=tracking_pose_accepted
x=2.5 y=2.00002 yaw=0.0558596 score=0.963395 valid=1 mode=tracking state=TRACKING evaluated=807 execution_us=56189 reason=tracking_pose_accepted
x=2.6 y=2.00002 yaw=0.0549255 score=0.964747 valid=1 mode=tracking state=TRACKING evaluated=807 execution_us=56204 reason=tracking_pose_accepted
x=2.65 y=2.00002 yaw=0.0365381 score=0.975419 valid=1 mode=tracking state=TRACKING evaluated=807 execution_us=56642 reason=tracking_pose_accepted
x=2.7 y=2.00002 yaw=0.0356039 score=0.981543 valid=1 mode=tracking state=TRACKING evaluated=807 execution_us=57619 reason=tracking_pose_accepted
x=2.75 y=2.00002 yaw=0.0172165 score=0.974484 valid=1 mode=tracking state=TRACKING evaluated=807 execution_us=50074 reason=tracking_pose_accepted
x=2.8 y=2.00002 yaw=0.0162823 score=0.963527 valid=1 mode=tracking state=TRACKING evaluated=807 execution_us=51343 reason=tracking_pose_accepted
x=2.9 y=2.00002 yaw=0.0153482 score=0.969034 valid=1 mode=tracking state=TRACKING evaluated=807 execution_us=52369 reason=tracking_pose_accepted
x=2.95 y=2.00002 yaw=0.0493206 score=0.962629 valid=1 mode=tracking state=TRACKING evaluated=807 execution_us=51922 reason=tracking_pose_accepted
x=2.95 y=1.95002 yaw=0.0658398 score=0.967622 valid=1 mode=tracking state=TRACKING evaluated=807 execution_us=52277 reason=tracking_pose_accepted
x=3 y=1.95002 yaw=0.0474523 score=0.970344 valid=1 mode=tracking state=TRACKING evaluated=789 execution_us=51801 reason=tracking_pose_accepted
x=3.05 y=1.95002 yaw=0.0116116 score=0.974089 valid=1 mode=tracking state=TRACKING evaluated=789 execution_us=57685 reason=tracking_pose_accepted
x=3.1 y=1.95002 yaw=-0.0242291 score=0.976876 valid=1 mode=tracking state=TRACKING evaluated=789 execution_us=58511 reason=tracking_pose_accepted
x=3.15 y=1.95002 yaw=-0.0600699 score=0.980615 valid=1 mode=tracking state=TRACKING evaluated=789 execution_us=58386 reason=tracking_pose_accepted
x=3.19999 y=1.95002 yaw=-0.0959107 score=0.966732 valid=1 mode=tracking state=TRACKING evaluated=789 execution_us=58528 reason=tracking_pose_accepted
x=3.24999 y=1.95002 yaw=-0.114298 score=0.960885 valid=1 mode=tracking state=TRACKING evaluated=789 execution_us=60452 reason=tracking_pose_accepted
x=3.24999 y=1.95002 yaw=-0.097779 score=0.966813 valid=1 mode=tracking state=TRACKING evaluated=789 execution_us=58847 reason=tracking_pose_accepted
x=3.29999 y=1.95002 yaw=-0.0987131 score=0.989284 valid=1 mode=tracking state=TRACKING evaluated=789 execution_us=52240 reason=tracking_pose_accepted
x=3.34999 y=1.95002 yaw=-0.0647407 score=0.965533 valid=1 mode=tracking state=TRACKING evaluated=789 execution_us=65970 reason=tracking_pose_accepted
x=3.34999 y=1.95002 yaw=-0.0656749 score=0.974279 valid=1 mode=tracking state=TRACKING evaluated=807 execution_us=53465 reason=tracking_pose_accepted
x=3.34999 y=1.95002 yaw=-0.0317025 score=0.978885 valid=1 mode=tracking state=TRACKING evaluated=789 execution_us=59125 reason=tracking_pose_accepted
x=3.34999 y=1.95002 yaw=-0.0326367 score=0.970898 valid=1 mode=tracking state=TRACKING evaluated=789 execution_us=55899 reason=tracking_pose_accepted
x=3.39999 y=2.00002 yaw=-0.0335708 score=0.965086 valid=1 mode=tracking state=TRACKING evaluated=789 execution_us=56301 reason=tracking_pose_accepted
x=3.34999 y=2.00002 yaw=-0.0345049 score=0.982819 valid=1 mode=tracking state=TRACKING evaluated=831 execution_us=60047 reason=tracking_pose_accepted
x=3.34999 y=2.00002 yaw=-0.0354391 score=0.988657 valid=1 mode=tracking state=TRACKING evaluated=807 execution_us=57670 reason=tracking_pose_accepted
x=3.34999 y=2.00002 yaw=-0.0189199 score=0.977002 valid=1 mode=tracking state=TRACKING evaluated=807 execution_us=58460 reason=tracking_pose_accepted
x=3.29999 y=2.00002 yaw=-0.019854 score=0.971279 valid=1 mode=tracking state=TRACKING evaluated=807 execution_us=55015 reason=tracking_pose_accepted
x=3.29999 y=2.00002 yaw=-0.0207882 score=0.97832 valid=1 mode=tracking state=TRACKING evaluated=807 execution_us=55684 reason=tracking_pose_accepted
x=3.24999 y=2.00002 yaw=-0.0217223 score=0.966394 valid=1 mode=tracking state=TRACKING evaluated=807 execution_us=56041 reason=tracking_pose_accepted
x=3.29999 y=2.00002 yaw=-0.0226565 score=0.973076 valid=1 mode=tracking state=TRACKING evaluated=807 execution_us=56290 reason=tracking_pose_accepted
x=3.29999 y=2.00002 yaw=-0.0235906 score=0.968403 valid=1 mode=tracking state=TRACKING evaluated=807 execution_us=56153 reason=tracking_pose_accepted
x=3.29999 y=2.00002 yaw=-0.0245247 score=0.976876 valid=1 mode=tracking state=TRACKING evaluated=807 execution_us=57078 reason=tracking_pose_accepted
x=3.29999 y=1.95002 yaw=-0.0254588 score=0.966601 valid=1 mode=tracking state=TRACKING evaluated=807 execution_us=59650 reason=tracking_pose_accepted
x=3.29999 y=1.95002 yaw=-0.026393 score=0.976623 valid=1 mode=tracking state=TRACKING evaluated=789 execution_us=59387 reason=tracking_pose_accepted
x=3.24999 y=1.95002 yaw=-0.0273271 score=0.973782 valid=1 mode=tracking state=TRACKING evaluated=789 execution_us=59773 reason=tracking_pose_accepted
x=3.24999 y=1.95002 yaw=-0.0282613 score=0.974429 valid=1 mode=tracking state=TRACKING evaluated=789 execution_us=59004 reason=tracking_pose_accepted
x=3.24999 y=1.95002 yaw=-0.0291954 score=0.971973 valid=1 mode=tracking state=TRACKING evaluated=789 execution_us=60252 reason=tracking_pose_accepted
x=3.24999 y=2.00002 yaw=-0.0301296 score=0.979065 valid=1 mode=tracking state=TRACKING evaluated=789 execution_us=60350 reason=tracking_pose_accepted
x=3.24999 y=2.00002 yaw=-0.0310637 score=0.971726 valid=1 mode=tracking state=TRACKING evaluated=807 execution_us=57442 reason=tracking_pose_accepted
x=3.24999 y=2.05002 yaw=-0.0319978 score=0.974221 valid=1 mode=tracking state=TRACKING evaluated=807 execution_us=58633 reason=tracking_pose_accepted
x=3.24999 y=2.05002 yaw=-0.032932 score=0.976634 valid=1 mode=tracking state=TRACKING evaluated=807 execution_us=58019 reason=tracking_pose_accepted
x=3.24999 y=2.05002 yaw=-0.0338661 score=0.977263 valid=1 mode=tracking state=TRACKING evaluated=807 execution_us=58840 reason=tracking_pose_accepted
x=3.24999 y=2.00002 yaw=-0.0348002 score=0.973568 valid=1 mode=tracking state=TRACKING evaluated=807 execution_us=59173 reason=tracking_pose_accepted
x=3.24999 y=2.00002 yaw=-0.018281 score=0.970271 valid=1 mode=tracking state=TRACKING evaluated=807 execution_us=59738 reason=tracking_pose_accepted
x=3.24999 y=2.00002 yaw=-0.0192152 score=0.968698 valid=1 mode=tracking state=TRACKING evaluated=807 execution_us=52499 reason=tracking_pose_accepted
x=3.29999 y=2.05002 yaw=-0.0201493 score=0.965504 valid=1 mode=tracking state=TRACKING evaluated=807 execution_us=53544 reason=tracking_pose_accepted
x=3.24999 y=2.05003 yaw=-0.0210834 score=0.965244 valid=1 mode=tracking state=TRACKING evaluated=807 execution_us=53005 reason=tracking_pose_accepted
x=3.24999 y=2.05003 yaw=-0.0220176 score=0.969116 valid=1 mode=tracking state=TRACKING evaluated=807 execution_us=53101 reason=tracking_pose_accepted
x=3.24999 y=2.05003 yaw=-0.0229517 score=0.971612 valid=1 mode=tracking state=TRACKING evaluated=807 execution_us=53692 reason=tracking_pose_accepted
x=3.24999 y=2.05003 yaw=-0.0238858 score=0.971109 valid=1 mode=tracking state=TRACKING evaluated=807 execution_us=60631 reason=tracking_pose_accepted
x=3.24999 y=2.05003 yaw=-0.0248199 score=0.965729 valid=1 mode=tracking state=TRACKING evaluated=807 execution_us=58506 reason=tracking_pose_accepted
x=3.29999 y=2.05003 yaw=-0.025754 score=0.971482 valid=1 mode=tracking state=TRACKING evaluated=807 execution_us=57701 reason=tracking_pose_accepted
x=3.29999 y=2.05003 yaw=-0.0266882 score=0.966209 valid=1 mode=tracking state=TRACKING evaluated=807 execution_us=57611 reason=tracking_pose_accepted
x=3.24999 y=2.05003 yaw=-0.0276223 score=0.968607 valid=1 mode=tracking state=TRACKING evaluated=807 execution_us=58133 reason=tracking_pose_accepted
x=3.24999 y=2.05003 yaw=-0.0285564 score=0.972427 valid=1 mode=tracking state=TRACKING evaluated=807 execution_us=57671 reason=tracking_pose_accepted
x=3.24999 y=2.05003 yaw=-0.0294905 score=0.972386 valid=1 mode=tracking state=TRACKING evaluated=807 execution_us=54849 reason=tracking_pose_accepted
x=3.24999 y=2.00003 yaw=-0.0304247 score=0.966591 valid=1 mode=tracking state=TRACKING evaluated=807 execution_us=55276 reason=tracking_pose_accepted
x=3.24999 y=2.05003 yaw=-0.0139055 score=0.968944 valid=1 mode=tracking state=TRACKING evaluated=807 execution_us=54659 reason=tracking_pose_accepted
x=3.29999 y=2.05003 yaw=-0.0322929 score=0.969012 valid=1 mode=tracking state=TRACKING evaluated=807 execution_us=55677 reason=tracking_pose_accepted
x=3.29999 y=2.05003 yaw=-0.0157738 score=0.968101 valid=1 mode=tracking state=TRACKING evaluated=807 execution_us=55351 reason=tracking_pose_accepted
x=3.24999 y=2.05003 yaw=-0.0167079 score=0.961079 valid=1 mode=tracking state=TRACKING evaluated=807 execution_us=55897 reason=tracking_pose_accepted
x=3.29999 y=2.05003 yaw=-0.0176421 score=0.966758 valid=1 mode=tracking state=TRACKING evaluated=807 execution_us=60479 reason=tracking_pose_accepted
x=3.24999 y=2.00003 yaw=-0.0360295 score=0.975521 valid=1 mode=tracking state=TRACKING evaluated=807 execution_us=59619 reason=tracking_pose_accepted
x=3.24999 y=2.00003 yaw=-0.0369636 score=0.976521 valid=1 mode=tracking state=TRACKING evaluated=807 execution_us=60467 reason=tracking_pose_accepted
x=3.19999 y=2.00003 yaw=-0.0378978 score=0.970896 valid=1 mode=tracking state=TRACKING evaluated=807 execution_us=61058 reason=tracking_pose_accepted
x=3.19999 y=1.95003 yaw=-0.0562852 score=0.98478 valid=1 mode=tracking state=TRACKING evaluated=807 execution_us=60475 reason=tracking_pose_accepted
x=3.14999 y=1.90003 yaw=-0.0397661 score=0.969377 valid=1 mode=tracking state=TRACKING evaluated=807 execution_us=57145 reason=tracking_pose_accepted
x=3.14999 y=1.85003 yaw=-0.0232469 score=0.967445 valid=1 mode=tracking state=TRACKING evaluated=789 execution_us=56316 reason=tracking_pose_accepted
x=3.09999 y=1.80003 yaw=-0.0590876 score=0.963895 valid=1 mode=tracking state=TRACKING evaluated=807 execution_us=56734 reason=tracking_pose_accepted
x=3.04999 y=1.75003 yaw=-0.112382 score=0.954225 valid=1 mode=tracking state=TRACKING evaluated=789 execution_us=56365 reason=tracking_pose_accepted
x=2.99999 y=1.70003 yaw=-0.148222 score=0.953273 valid=1 mode=tracking state=TRACKING evaluated=807 execution_us=57543 reason=tracking_pose_accepted
x=2.94999 y=1.65003 yaw=-0.149156 score=0.938579 valid=1 mode=tracking state=TRACKING evaluated=807 execution_us=58152 reason=tracking_pose_accepted
x=2.89999 y=1.60003 yaw=-0.115184 score=0.917597 valid=1 mode=tracking state=TRACKING evaluated=807 execution_us=61578 reason=tracking_pose_accepted
x=2.84999 y=1.55003 yaw=-0.133571 score=0.927251 valid=1 mode=tracking state=TRACKING evaluated=807 execution_us=61417 reason=tracking_pose_accepted
x=2.84999 y=1.50003 yaw=-0.169412 score=0.945553 valid=1 mode=tracking state=TRACKING evaluated=807 execution_us=62930 reason=tracking_pose_accepted
x=2.79999 y=1.50003 yaw=-0.205253 score=0.944328 valid=1 mode=tracking state=TRACKING evaluated=807 execution_us=59946 reason=tracking_pose_accepted
x=2.79999 y=1.45003 yaw=-0.22364 score=0.984647 valid=1 mode=tracking state=TRACKING evaluated=807 execution_us=60620 reason=tracking_pose_accepted
x=2.79999 y=1.45003 yaw=-0.189668 score=0.979429 valid=1 mode=tracking state=TRACKING evaluated=807 execution_us=51403 reason=tracking_pose_accepted
x=2.79999 y=1.40003 yaw=-0.208055 score=0.970253 valid=1 mode=tracking state=TRACKING evaluated=807 execution_us=55195 reason=tracking_pose_accepted
x=2.79999 y=1.40003 yaw=-0.226443 score=0.961818 valid=1 mode=tracking state=TRACKING evaluated=807 execution_us=90898 reason=tracking_pose_accepted
x=2.74998 y=1.35003 yaw=-0.262284 score=0.94522 valid=1 mode=tracking state=TRACKING evaluated=807 execution_us=76077 reason=tracking_pose_accepted
x=2.79998 y=1.35003 yaw=-0.210858 score=0.946831 valid=1 mode=tracking state=TRACKING evaluated=807 execution_us=58653 reason=tracking_pose_accepted
x=2.79998 y=1.40003 yaw=-0.194339 score=0.97072 valid=1 mode=tracking state=TRACKING evaluated=807 execution_us=52472 reason=tracking_pose_accepted
x=2.79998 y=1.40003 yaw=-0.17782 score=0.984496 valid=1 mode=tracking state=TRACKING evaluated=807 execution_us=52627 reason=tracking_pose_accepted
x=2.79998 y=1.40003 yaw=-0.178754 score=0.984988 valid=1 mode=tracking state=TRACKING evaluated=807 execution_us=51864 reason=tracking_pose_accepted
x=2.84998 y=1.40003 yaw=-0.127328 score=0.965407 valid=1 mode=tracking state=TRACKING evaluated=807 execution_us=52369 reason=tracking_pose_accepted
x=2.84998 y=1.40003 yaw=-0.110809 score=0.985259 valid=1 mode=tracking state=TRACKING evaluated=807 execution_us=59795 reason=tracking_pose_accepted
x=2.84998 y=1.45003 yaw=-0.0942898 score=0.979176 valid=1 mode=tracking state=TRACKING evaluated=807 execution_us=59292 reason=tracking_pose_accepted
x=2.84998 y=1.45003 yaw=-0.095224 score=0.989717 valid=1 mode=tracking state=TRACKING evaluated=807 execution_us=60280 reason=tracking_pose_accepted
x=2.84998 y=1.45003 yaw=-0.0961582 score=0.984556 valid=1 mode=tracking state=TRACKING evaluated=807 execution_us=56858 reason=tracking_pose_accepted
x=2.84998 y=1.45003 yaw=-0.0970924 score=0.974211 valid=1 mode=tracking state=TRACKING evaluated=807 execution_us=59506 reason=tracking_pose_accepted
x=2.89998 y=1.50003 yaw=-0.0805732 score=0.977562 valid=1 mode=tracking state=TRACKING evaluated=807 execution_us=88294 reason=tracking_pose_accepted
x=2.89998 y=1.50003 yaw=-0.0466008 score=0.989458 valid=1 mode=tracking state=TRACKING evaluated=807 execution_us=97794 reason=tracking_pose_accepted
x=2.89998 y=1.50003 yaw=-0.0126284 score=0.987961 valid=1 mode=tracking state=TRACKING evaluated=807 execution_us=51019 reason=tracking_pose_accepted
x=2.89998 y=1.45003 yaw=-0.0135625 score=0.982124 valid=1 mode=tracking state=TRACKING evaluated=807 execution_us=55215 reason=tracking_pose_accepted
x=2.89998 y=1.45003 yaw=-0.0144967 score=0.991792 valid=1 mode=tracking state=TRACKING evaluated=807 execution_us=54896 reason=tracking_pose_accepted
x=2.89998 y=1.45003 yaw=-0.0328841 score=0.990779 valid=1 mode=tracking state=TRACKING evaluated=807 execution_us=55088 reason=tracking_pose_accepted
x=2.89998 y=1.45003 yaw=-0.0338183 score=0.99106 valid=1 mode=tracking state=TRACKING evaluated=807 execution_us=58144 reason=tracking_pose_accepted
x=2.94998 y=1.45003 yaw=-0.0172991 score=0.987013 valid=1 mode=tracking state=TRACKING evaluated=807 execution_us=58538 reason=tracking_pose_accepted
x=2.94998 y=1.40003 yaw=-0.0182333 score=0.974312 valid=1 mode=tracking state=TRACKING evaluated=807 execution_us=59776 reason=tracking_pose_accepted
x=2.94998 y=1.40003 yaw=-0.0366207 score=0.991944 valid=1 mode=tracking state=TRACKING evaluated=807 execution_us=59403 reason=tracking_pose_accepted
x=2.94998 y=1.40003 yaw=-0.0375549 score=0.995136 valid=1 mode=tracking state=TRACKING evaluated=807 execution_us=59620 reason=tracking_pose_accepted
x=2.94998 y=1.40003 yaw=-0.038489 score=0.993752 valid=1 mode=tracking state=TRACKING evaluated=807 execution_us=60141 reason=tracking_pose_accepted
x=2.94998 y=1.40003 yaw=-0.0394232 score=0.991336 valid=1 mode=tracking state=TRACKING evaluated=807 execution_us=56205 reason=tracking_pose_accepted
x=2.94998 y=1.40003 yaw=-0.0403574 score=0.992552 valid=1 mode=tracking state=TRACKING evaluated=807 execution_us=57290 reason=tracking_pose_accepted
x=2.94998 y=1.40003 yaw=-0.0412915 score=0.992248 valid=1 mode=tracking state=TRACKING evaluated=807 execution_us=56822 reason=tracking_pose_accepted
x=2.94998 y=1.40003 yaw=-0.0422257 score=0.983626 valid=1 mode=tracking state=TRACKING evaluated=807 execution_us=56940 reason=tracking_pose_accepted
x=2.94998 y=1.40003 yaw=-0.0431599 score=0.98936 valid=1 mode=tracking state=TRACKING evaluated=807 execution_us=57470 reason=tracking_pose_accepted
x=2.94998 y=1.40003 yaw=-0.0615473 score=0.984456 valid=1 mode=tracking state=TRACKING evaluated=807 execution_us=56992 reason=tracking_pose_accepted
x=2.94998 y=1.40003 yaw=-0.0450282 score=0.985638 valid=1 mode=tracking state=TRACKING evaluated=807 execution_us=60237 reason=tracking_pose_accepted
x=2.94998 y=1.45003 yaw=-0.0459623 score=0.982767 valid=1 mode=tracking state=TRACKING evaluated=807 execution_us=51314 reason=tracking_pose_accepted
x=2.94998 y=1.45003 yaw=-0.0468965 score=0.988955 valid=1 mode=tracking state=TRACKING evaluated=807 execution_us=50701 reason=tracking_pose_accepted
x=2.94998 y=1.45003 yaw=-0.0478307 score=0.99316 valid=1 mode=tracking state=TRACKING evaluated=807 execution_us=50943 reason=tracking_pose_accepted
x=2.94998 y=1.45003 yaw=-0.0487649 score=0.989056 valid=1 mode=tracking state=TRACKING evaluated=807 execution_us=51028 reason=tracking_pose_accepted
x=2.94998 y=1.45003 yaw=-0.0322458 score=0.989485 valid=1 mode=tracking state=TRACKING evaluated=807 execution_us=51130 reason=tracking_pose_accepted
x=2.94998 y=1.45003 yaw=-0.0506332 score=0.985597 valid=1 mode=tracking state=TRACKING evaluated=807 execution_us=58773 reason=tracking_pose_accepted
x=2.94998 y=1.45003 yaw=-0.0515674 score=0.988781 valid=1 mode=tracking state=TRACKING evaluated=807 execution_us=57910 reason=tracking_pose_accepted
x=2.94998 y=1.45003 yaw=-0.0525016 score=0.990272 valid=1 mode=tracking state=TRACKING evaluated=807 execution_us=57777 reason=tracking_pose_accepted
x=2.94998 y=1.45003 yaw=-0.0534358 score=0.99544 valid=1 mode=tracking state=TRACKING evaluated=807 execution_us=59044 reason=tracking_pose_accepted
x=2.94998 y=1.45003 yaw=-0.0543699 score=0.994845 valid=1 mode=tracking state=TRACKING evaluated=807 execution_us=59655 reason=tracking_pose_accepted
x=2.94998 y=1.45003 yaw=-0.0378508 score=0.985256 valid=1 mode=tracking state=TRACKING evaluated=807 execution_us=65343 reason=tracking_pose_accepted
x=2.94998 y=1.45003 yaw=-0.038785 score=0.988846 valid=1 mode=tracking state=TRACKING evaluated=807 execution_us=51321 reason=tracking_pose_accepted
x=2.94998 y=1.45003 yaw=-0.0397191 score=0.989512 valid=1 mode=tracking state=TRACKING evaluated=807 execution_us=52623 reason=tracking_pose_accepted
x=2.94998 y=1.45003 yaw=-0.0406532 score=0.98556 valid=1 mode=tracking state=TRACKING evaluated=807 execution_us=53477 reason=tracking_pose_accepted
x=2.94998 y=1.45003 yaw=-0.0415874 score=0.991561 valid=1 mode=tracking state=TRACKING evaluated=807 execution_us=53437 reason=tracking_pose_accepted
x=2.94998 y=1.45003 yaw=-0.0425216 score=0.989717 valid=1 mode=tracking state=TRACKING evaluated=807 execution_us=53603 reason=tracking_pose_accepted
x=2.94998 y=1.45003 yaw=-0.0434558 score=0.988326 valid=1 mode=tracking state=TRACKING evaluated=807 execution_us=58016 reason=tracking_pose_accepted
x=2.94998 y=1.45003 yaw=-0.04439 score=0.992874 valid=1 mode=tracking state=TRACKING evaluated=807 execution_us=57380 reason=tracking_pose_accepted
x=2.94998 y=1.45003 yaw=-0.0453242 score=0.988571 valid=1 mode=tracking state=TRACKING evaluated=807 execution_us=58157 reason=tracking_pose_accepted
x=2.94998 y=1.45003 yaw=-0.0462583 score=0.989028 valid=1 mode=tracking state=TRACKING evaluated=807 execution_us=58741 reason=tracking_pose_accepted
x=2.94998 y=1.45003 yaw=-0.0646458 score=0.967969 valid=1 mode=tracking state=TRACKING evaluated=807 execution_us=58887 reason=tracking_pose_accepted
x=2.99998 y=1.50003 yaw=-0.0830333 score=0.968067 valid=1 mode=tracking state=TRACKING evaluated=807 execution_us=58731 reason=tracking_pose_accepted
x=2.99998 y=1.60003 yaw=-0.0665141 score=0.976471 valid=1 mode=tracking state=TRACKING evaluated=807 execution_us=55255 reason=tracking_pose_accepted
x=3.04998 y=1.65003 yaw=-0.0849016 score=0.962704 valid=1 mode=tracking state=TRACKING evaluated=807 execution_us=55052 reason=tracking_pose_accepted
x=3.09998 y=1.75003 yaw=-0.0858357 score=0.96128 valid=1 mode=tracking state=TRACKING evaluated=807 execution_us=84313 reason=tracking_pose_accepted
x=3.09998 y=1.85003 yaw=-0.0867699 score=0.934745 valid=1 mode=tracking state=TRACKING evaluated=807 execution_us=94865 reason=tracking_pose_accepted
x=3.14998 y=2.00003 yaw=-0.105157 score=0.915282 valid=1 mode=tracking state=TRACKING evaluated=807 execution_us=97701 reason=tracking_pose_accepted
x=3.14998 y=2.00003 yaw=-0.0537316 score=0.954057 valid=1 mode=tracking state=TRACKING evaluated=807 execution_us=81376 reason=tracking_pose_accepted
x=3.19998 y=2.10003 yaw=-0.0721191 score=0.924548 valid=1 mode=tracking state=TRACKING evaluated=807 execution_us=50131 reason=tracking_pose_accepted
x=3.24998 y=2.15003 yaw=-0.0905066 score=0.940909 valid=1 mode=tracking state=TRACKING evaluated=789 execution_us=52616 reason=tracking_pose_accepted
x=3.24998 y=2.20003 yaw=-0.0739874 score=0.961672 valid=1 mode=tracking state=TRACKING evaluated=789 execution_us=57013 reason=tracking_pose_accepted
x=3.29998 y=2.25003 yaw=-0.0749216 score=0.972099 valid=1 mode=tracking state=TRACKING evaluated=789 execution_us=56042 reason=tracking_pose_accepted
x=3.34998 y=2.30003 yaw=-0.0758557 score=0.970573 valid=1 mode=tracking state=TRACKING evaluated=789 execution_us=63646 reason=tracking_pose_accepted
x=3.39998 y=2.35003 yaw=-0.0767899 score=0.970962 valid=1 mode=tracking state=TRACKING evaluated=807 execution_us=50282 reason=tracking_pose_accepted
x=3.44998 y=2.40003 yaw=-0.0777241 score=0.929743 valid=1 mode=tracking state=TRACKING evaluated=807 execution_us=50785 reason=tracking_pose_accepted
x=3.49998 y=2.45003 yaw=-0.0961115 score=0.936949 valid=1 mode=tracking state=TRACKING evaluated=807 execution_us=50409 reason=tracking_pose_accepted
x=3.54998 y=2.50003 yaw=-0.0795924 score=0.968195 valid=1 mode=tracking state=TRACKING evaluated=807 execution_us=51028 reason=tracking_pose_accepted
x=3.59998 y=2.55003 yaw=-0.0805266 score=0.925307 valid=1 mode=tracking state=TRACKING evaluated=807 execution_us=51873 reason=tracking_pose_accepted
x=3.59998 y=2.65003 yaw=-0.0116476 score=0.980687 valid=1 mode=tracking state=TRACKING evaluated=789 execution_us=58745 reason=tracking_pose_accepted
x=3.64998 y=2.75003 yaw=-0.0125817 score=0.92406 valid=1 mode=tracking state=TRACKING evaluated=789 execution_us=58197 reason=tracking_pose_accepted
x=3.64998 y=2.80003 yaw=-0.0135158 score=0.969884 valid=1 mode=tracking state=TRACKING evaluated=807 execution_us=56551 reason=tracking_pose_accepted
x=3.64998 y=2.85003 yaw=-0.0144499 score=0.937071 valid=1 mode=tracking state=TRACKING evaluated=789 execution_us=55617 reason=tracking_pose_accepted
x=3.69998 y=2.95003 yaw=0.00206919 score=0.939304 valid=1 mode=tracking state=TRACKING evaluated=789 execution_us=55131 reason=tracking_pose_accepted
x=3.74998 y=3.00003 yaw=0.0360416 score=0.923489 valid=1 mode=tracking state=TRACKING evaluated=789 execution_us=56763 reason=tracking_pose_accepted
x=3.74998 y=3.10003 yaw=0.0525608 score=0.929361 valid=1 mode=tracking state=TRACKING evaluated=807 execution_us=54194 reason=tracking_pose_accepted
x=3.79998 y=3.15003 yaw=0.0516266 score=0.953629 valid=1 mode=tracking state=TRACKING evaluated=789 execution_us=52034 reason=tracking_pose_accepted
x=3.79998 y=3.20002 yaw=0.0506925 score=0.959178 valid=1 mode=tracking state=TRACKING evaluated=789 execution_us=52115 reason=tracking_pose_accepted
x=3.84998 y=3.25002 yaw=0.0672116 score=0.973593 valid=1 mode=tracking state=TRACKING evaluated=789 execution_us=51235 reason=tracking_pose_accepted
x=3.84998 y=3.30002 yaw=0.0662775 score=0.974067 valid=1 mode=tracking state=TRACKING evaluated=807 execution_us=52427 reason=tracking_pose_accepted
x=3.79998 y=3.35002 yaw=0.10025 score=0.978953 valid=1 mode=tracking state=TRACKING evaluated=807 execution_us=57131 reason=tracking_pose_accepted
x=3.79998 y=3.40002 yaw=0.116769 score=0.983929 valid=1 mode=tracking state=TRACKING evaluated=807 execution_us=57078 reason=tracking_pose_accepted
x=3.79998 y=3.50002 yaw=0.115835 score=0.96592 valid=1 mode=tracking state=TRACKING evaluated=807 execution_us=59430 reason=tracking_pose_accepted
x=3.74998 y=3.55002 yaw=0.132354 score=0.987636 valid=1 mode=tracking state=TRACKING evaluated=789 execution_us=57411 reason=tracking_pose_accepted
x=3.74998 y=3.60002 yaw=0.13142 score=0.976896 valid=1 mode=tracking state=TRACKING evaluated=789 execution_us=57851 reason=tracking_pose_accepted
x=3.69998 y=3.65002 yaw=0.130486 score=0.987083 valid=1 mode=tracking state=TRACKING evaluated=807 execution_us=59821 reason=tracking_pose_accepted
x=3.69998 y=3.70002 yaw=0.129552 score=0.991814 valid=1 mode=tracking state=TRACKING evaluated=807 execution_us=56174 reason=tracking_pose_accepted
x=3.69998 y=3.70002 yaw=0.111164 score=0.976471 valid=1 mode=tracking state=TRACKING evaluated=807 execution_us=56517 reason=tracking_pose_accepted
x=3.64998 y=3.75002 yaw=0.0753234 score=0.980675 valid=1 mode=tracking state=TRACKING evaluated=789 execution_us=55700 reason=tracking_pose_accepted
x=3.64998 y=3.80002 yaw=0.056936 score=0.978035 valid=1 mode=tracking state=TRACKING evaluated=807 execution_us=57161 reason=tracking_pose_accepted
x=3.59998 y=3.80002 yaw=0.00364197 score=0.978001 valid=1 mode=tracking state=TRACKING evaluated=807 execution_us=57329 reason=tracking_pose_accepted
x=3.54998 y=3.80002 yaw=-0.0496521 score=0.977656 valid=1 mode=tracking state=TRACKING evaluated=789 execution_us=56084 reason=tracking_pose_accepted
x=3.49998 y=3.80002 yaw=-0.137853 score=0.975963 valid=1 mode=tracking state=TRACKING evaluated=807 execution_us=60142 reason=tracking_pose_accepted
x=3.44998 y=3.80002 yaw=-0.138787 score=0.986355 valid=1 mode=tracking state=TRACKING evaluated=789 execution_us=60759 reason=tracking_pose_accepted
x=3.39998 y=3.80002 yaw=-0.157174 score=0.980493 valid=1 mode=tracking state=TRACKING evaluated=807 execution_us=51554 reason=tracking_pose_accepted
x=3.39998 y=3.85002 yaw=-0.193015 score=0.980897 valid=1 mode=tracking state=TRACKING evaluated=789 execution_us=51405 reason=tracking_pose_accepted
x=3.34997 y=3.85002 yaw=-0.193949 score=0.986901 valid=1 mode=tracking state=TRACKING evaluated=831 execution_us=54617 reason=tracking_pose_accepted
x=3.34997 y=3.85002 yaw=-0.194883 score=0.980644 valid=1 mode=tracking state=TRACKING evaluated=807 execution_us=53614 reason=tracking_pose_accepted
x=3.34997 y=3.85002 yaw=-0.195818 score=0.971946 valid=1 mode=tracking state=TRACKING evaluated=789 execution_us=59686 reason=tracking_pose_accepted
x=3.29997 y=3.85002 yaw=-0.161845 score=0.975596 valid=1 mode=tracking state=TRACKING evaluated=789 execution_us=57352 reason=tracking_pose_accepted
x=3.29997 y=3.85002 yaw=-0.145326 score=0.980534 valid=1 mode=tracking state=TRACKING evaluated=789 execution_us=56465 reason=tracking_pose_accepted
x=3.29997 y=3.85002 yaw=-0.14626 score=0.980625 valid=1 mode=tracking state=TRACKING evaluated=789 execution_us=57056 reason=tracking_pose_accepted
x=3.29997 y=3.85002 yaw=-0.112288 score=0.97718 valid=1 mode=tracking state=TRACKING evaluated=789 execution_us=56303 reason=tracking_pose_accepted
x=3.29997 y=3.85002 yaw=-0.0783153 score=0.975099 valid=1 mode=tracking state=TRACKING evaluated=789 execution_us=53526 reason=tracking_pose_accepted
x=3.29997 y=3.85002 yaw=-0.0617961 score=0.97901 valid=1 mode=tracking state=TRACKING evaluated=789 execution_us=53330 reason=tracking_pose_accepted
x=3.29997 y=3.85002 yaw=-0.0627303 score=0.979867 valid=1 mode=tracking state=TRACKING evaluated=789 execution_us=53072 reason=tracking_pose_accepted
x=3.29997 y=3.85002 yaw=-0.0462112 score=0.981841 valid=1 mode=tracking state=TRACKING evaluated=789 execution_us=53270 reason=tracking_pose_accepted
x=3.29997 y=3.85002 yaw=-0.029692 score=0.987626 valid=1 mode=tracking state=TRACKING evaluated=789 execution_us=53824 reason=tracking_pose_accepted
x=3.29997 y=3.85002 yaw=-0.0306262 score=0.985299 valid=1 mode=tracking state=TRACKING evaluated=789 execution_us=53672 reason=tracking_pose_accepted
x=3.29997 y=3.85002 yaw=-0.0490136 score=0.985527 valid=1 mode=tracking state=TRACKING evaluated=789 execution_us=57996 reason=tracking_pose_accepted
x=3.29997 y=3.85002 yaw=-0.0150412 score=0.979346 valid=1 mode=tracking state=TRACKING evaluated=789 execution_us=57434 reason=tracking_pose_accepted
x=3.29997 y=3.85002 yaw=-0.0159753 score=0.97417 valid=1 mode=tracking state=TRACKING evaluated=789 execution_us=58149 reason=tracking_pose_accepted
x=3.29997 y=3.85002 yaw=0.000543822 score=0.98249 valid=1 mode=tracking state=TRACKING evaluated=789 execution_us=59051 reason=tracking_pose_accepted
x=3.34997 y=3.85002 yaw=-0.000390314 score=0.97632 valid=1 mode=tracking state=TRACKING evaluated=789 execution_us=59222 reason=tracking_pose_accepted
x=3.34997 y=3.85002 yaw=-0.0187778 score=0.978199 valid=1 mode=tracking state=TRACKING evaluated=807 execution_us=60203 reason=tracking_pose_accepted
x=3.34997 y=3.85002 yaw=-0.00225861 score=0.978321 valid=1 mode=tracking state=TRACKING evaluated=789 execution_us=56761 reason=tracking_pose_accepted
x=3.34997 y=3.85002 yaw=-0.00319275 score=0.98024 valid=1 mode=tracking state=TRACKING evaluated=807 execution_us=56872 reason=tracking_pose_accepted
x=3.29997 y=3.85002 yaw=-0.0041269 score=0.977336 valid=1 mode=tracking state=TRACKING evaluated=789 execution_us=55882 reason=tracking_pose_accepted
x=3.29997 y=3.85002 yaw=-0.00506105 score=0.978073 valid=1 mode=tracking state=TRACKING evaluated=789 execution_us=56768 reason=tracking_pose_accepted
x=3.34997 y=3.85002 yaw=-0.00599521 score=0.980644 valid=1 mode=tracking state=TRACKING evaluated=789 execution_us=56924 reason=tracking_pose_accepted
x=3.34997 y=3.85002 yaw=-0.00692936 score=0.976785 valid=1 mode=tracking state=TRACKING evaluated=807 execution_us=65168 reason=tracking_pose_accepted
x=3.34997 y=3.85002 yaw=-0.00786351 score=0.979988 valid=1 mode=tracking state=TRACKING evaluated=789 execution_us=49670 reason=tracking_pose_accepted
x=3.34997 y=3.85002 yaw=-0.00879767 score=0.97548 valid=1 mode=tracking state=TRACKING evaluated=831 execution_us=52771 reason=tracking_pose_accepted
x=3.29997 y=3.85002 yaw=-0.00973182 score=0.976784 valid=1 mode=tracking state=TRACKING evaluated=789 execution_us=51300 reason=tracking_pose_accepted
x=3.34997 y=3.85002 yaw=-0.010666 score=0.976299 valid=1 mode=tracking state=TRACKING evaluated=789 execution_us=50688 reason=tracking_pose_accepted
x=3.29997 y=3.85002 yaw=0.00585316 score=0.97738 valid=1 mode=tracking state=TRACKING evaluated=807 execution_us=52350 reason=tracking_pose_accepted
x=3.29997 y=3.85002 yaw=-0.0125343 score=0.977899 valid=1 mode=tracking state=TRACKING evaluated=789 execution_us=58726 reason=tracking_pose_accepted
x=3.34997 y=3.85002 yaw=-0.0134684 score=0.980763 valid=1 mode=tracking state=TRACKING evaluated=789 execution_us=58699 reason=tracking_pose_accepted
x=3.34997 y=3.90002 yaw=0.00305073 score=0.986711 valid=1 mode=tracking state=TRACKING evaluated=807 execution_us=60193 reason=tracking_pose_accepted
x=3.34997 y=3.90002 yaw=0.0021166 score=0.981703 valid=1 mode=tracking state=TRACKING evaluated=807 execution_us=60354 reason=tracking_pose_accepted
x=3.39997 y=3.95002 yaw=-0.0162708 score=0.98008 valid=1 mode=tracking state=TRACKING evaluated=789 execution_us=59424 reason=tracking_pose_accepted
x=3.44997 y=4.00002 yaw=-0.017205 score=0.982196 valid=1 mode=tracking state=TRACKING evaluated=807 execution_us=60836 reason=tracking_pose_accepted
x=3.49997 y=4.05002 yaw=-0.000685854 score=0.977037 valid=1 mode=tracking state=TRACKING evaluated=807 execution_us=53981 reason=tracking_pose_accepted
x=3.54997 y=4.05002 yaw=0.0158333 score=0.97645 valid=1 mode=tracking state=TRACKING evaluated=807 execution_us=54848 reason=tracking_pose_accepted
x=3.59997 y=4.10002 yaw=0.0148992 score=0.975167 valid=1 mode=tracking state=TRACKING evaluated=789 execution_us=54786 reason=tracking_pose_accepted
x=3.64997 y=4.10002 yaw=0.013965 score=0.970204 valid=1 mode=tracking state=TRACKING evaluated=807 execution_us=55417 reason=tracking_pose_accepted
x=3.69997 y=4.15002 yaw=0.0130309 score=0.988266 valid=1 mode=tracking state=TRACKING evaluated=789 execution_us=54739 reason=tracking_pose_accepted
x=3.74997 y=4.15002 yaw=-0.00535658 score=0.978513 valid=1 mode=tracking state=TRACKING evaluated=807 execution_us=59168 reason=tracking_pose_accepted
x=3.79997 y=4.20002 yaw=-0.0586506 score=0.971986 valid=1 mode=tracking state=TRACKING evaluated=789 execution_us=58104 reason=tracking_pose_accepted
x=3.79997 y=4.20002 yaw=-0.0421315 score=0.972569 valid=1 mode=tracking state=TRACKING evaluated=807 execution_us=60045 reason=tracking_pose_accepted
x=3.84997 y=4.25002 yaw=-0.0605189 score=0.985984 valid=1 mode=tracking state=TRACKING evaluated=789 execution_us=58486 reason=tracking_pose_accepted
x=3.84997 y=4.25002 yaw=-0.0789064 score=0.972055 valid=1 mode=tracking state=TRACKING evaluated=789 execution_us=58453 reason=tracking_pose_accepted
x=3.89997 y=4.30002 yaw=-0.114747 score=0.990273 valid=1 mode=tracking state=TRACKING evaluated=789 execution_us=58766 reason=tracking_pose_accepted
x=3.89997 y=4.30002 yaw=-0.115681 score=0.9854 valid=1 mode=tracking state=TRACKING evaluated=807 execution_us=55824 reason=tracking_pose_accepted
x=3.89997 y=4.30002 yaw=-0.0991621 score=0.980677 valid=1 mode=tracking state=TRACKING evaluated=789 execution_us=55791 reason=tracking_pose_accepted
x=3.94997 y=4.35002 yaw=-0.082643 score=0.971105 valid=1 mode=tracking state=TRACKING evaluated=789 execution_us=53960 reason=tracking_pose_accepted
x=3.94997 y=4.35002 yaw=-0.0835771 score=0.983321 valid=1 mode=tracking state=TRACKING evaluated=789 execution_us=56013 reason=tracking_pose_accepted
x=3.94997 y=4.35002 yaw=-0.067058 score=0.987758 valid=1 mode=tracking state=TRACKING evaluated=807 execution_us=56977 reason=tracking_pose_accepted
x=3.94997 y=4.35002 yaw=-0.0679922 score=0.985577 valid=1 mode=tracking state=TRACKING evaluated=789 execution_us=62499 reason=tracking_pose_accepted
x=3.94997 y=4.35002 yaw=-0.0689263 score=0.986873 valid=1 mode=tracking state=TRACKING evaluated=789 execution_us=59341 reason=tracking_pose_accepted
x=3.94997 y=4.35002 yaw=-0.0698605 score=0.985854 valid=1 mode=tracking state=TRACKING evaluated=789 execution_us=61006 reason=tracking_pose_accepted
x=3.94997 y=4.40002 yaw=-0.0707947 score=0.987196 valid=1 mode=tracking state=TRACKING evaluated=789 execution_us=49834 reason=tracking_pose_accepted
x=3.94997 y=4.40002 yaw=-0.0717289 score=0.985839 valid=1 mode=tracking state=TRACKING evaluated=789 execution_us=50129 reason=tracking_pose_accepted
x=3.94997 y=4.40002 yaw=-0.0552098 score=0.984921 valid=1 mode=tracking state=TRACKING evaluated=789 execution_us=51062 reason=tracking_pose_accepted
x=3.94997 y=4.40002 yaw=-0.056144 score=0.981084 valid=1 mode=tracking state=TRACKING evaluated=789 execution_us=49682 reason=tracking_pose_accepted
x=3.94997 y=4.40002 yaw=0.012735 score=0.96498 valid=1 mode=tracking state=TRACKING evaluated=789 execution_us=59320 reason=tracking_pose_accepted
x=3.94997 y=4.40002 yaw=0.0118009 score=0.984944 valid=1 mode=tracking state=TRACKING evaluated=789 execution_us=56003 reason=tracking_pose_accepted
x=3.94997 y=4.45002 yaw=0.0108667 score=0.987179 valid=1 mode=tracking state=TRACKING evaluated=789 execution_us=58780 reason=tracking_pose_accepted
x=3.94997 y=4.40002 yaw=0.00993259 score=0.985335 valid=1 mode=tracking state=TRACKING evaluated=789 execution_us=59428 reason=tracking_pose_accepted
x=3.94997 y=4.40002 yaw=0.00899843 score=0.981601 valid=1 mode=tracking state=TRACKING evaluated=789 execution_us=56253 reason=tracking_pose_accepted
x=3.94997 y=4.40002 yaw=-0.0268423 score=0.984507 valid=1 mode=tracking state=TRACKING evaluated=789 execution_us=52925 reason=tracking_pose_accepted
x=3.94997 y=4.40002 yaw=-0.0452297 score=0.980575 valid=1 mode=tracking state=TRACKING evaluated=789 execution_us=53392 reason=tracking_pose_accepted
x=3.94997 y=4.40002 yaw=-0.0461639 score=0.984942 valid=1 mode=tracking state=TRACKING evaluated=789 execution_us=53790 reason=tracking_pose_accepted
x=3.94997 y=4.40002 yaw=-0.047098 score=0.981502 valid=1 mode=tracking state=TRACKING evaluated=789 execution_us=53770 reason=tracking_pose_accepted
x=3.94997 y=4.45002 yaw=-0.0305788 score=0.988306 valid=1 mode=tracking state=TRACKING evaluated=789 execution_us=54432 reason=tracking_pose_accepted
x=3.94997 y=4.45002 yaw=-0.031513 score=0.987316 valid=1 mode=tracking state=TRACKING evaluated=789 execution_us=54002 reason=tracking_pose_accepted
x=3.94997 y=4.45002 yaw=-0.0324471 score=0.982786 valid=1 mode=tracking state=TRACKING evaluated=789 execution_us=57415 reason=tracking_pose_accepted
x=3.94997 y=4.40002 yaw=-0.0333813 score=0.987504 valid=1 mode=tracking state=TRACKING evaluated=789 execution_us=58332 reason=tracking_pose_accepted
x=3.94997 y=4.45002 yaw=-0.0343154 score=0.989495 valid=1 mode=tracking state=TRACKING evaluated=789 execution_us=57728 reason=tracking_pose_accepted
x=3.94997 y=4.45002 yaw=-0.0352496 score=0.991292 valid=1 mode=tracking state=TRACKING evaluated=789 execution_us=58102 reason=tracking_pose_accepted
x=3.94997 y=4.45002 yaw=-0.0361837 score=0.988813 valid=1 mode=tracking state=TRACKING evaluated=789 execution_us=58733 reason=tracking_pose_accepted
x=3.94997 y=4.45002 yaw=-0.0371179 score=0.986874 valid=1 mode=tracking state=TRACKING evaluated=789 execution_us=64302 reason=tracking_pose_accepted
x=3.94997 y=4.40002 yaw=-0.038052 score=0.98454 valid=1 mode=tracking state=TRACKING evaluated=789 execution_us=53552 reason=tracking_pose_accepted
x=3.94997 y=4.40002 yaw=-0.0389862 score=0.986566 valid=1 mode=tracking state=TRACKING evaluated=789 execution_us=56120 reason=tracking_pose_accepted
x=3.94997 y=4.45002 yaw=-0.0399203 score=0.987903 valid=1 mode=tracking state=TRACKING evaluated=789 execution_us=71068 reason=tracking_pose_accepted
x=3.94997 y=4.45002 yaw=-0.0408545 score=0.984875 valid=1 mode=tracking state=TRACKING evaluated=789 execution_us=56598 reason=tracking_pose_accepted
x=3.94997 y=4.40002 yaw=-0.0417887 score=0.985464 valid=1 mode=tracking state=TRACKING evaluated=789 execution_us=56071 reason=tracking_pose_accepted
x=3.99997 y=4.40002 yaw=-0.0950827 score=0.97562 valid=1 mode=tracking state=TRACKING evaluated=789 execution_us=58947 reason=tracking_pose_accepted
x=4.04997 y=4.35002 yaw=-0.130923 score=0.96238 valid=1 mode=tracking state=TRACKING evaluated=807 execution_us=60169 reason=tracking_pose_accepted
x=4.09997 y=4.30002 yaw=-0.149311 score=0.966297 valid=1 mode=tracking state=TRACKING evaluated=789 execution_us=59410 reason=tracking_pose_accepted
x=4.19997 y=4.25002 yaw=-0.132792 score=0.954552 valid=1 mode=tracking state=TRACKING evaluated=789 execution_us=50483 reason=tracking_pose_accepted
x=4.24997 y=4.20002 yaw=-0.151179 score=0.950252 valid=1 mode=tracking state=TRACKING evaluated=789 execution_us=50396 reason=tracking_pose_accepted
x=4.34997 y=4.15003 yaw=-0.152113 score=0.960218 valid=1 mode=tracking state=TRACKING evaluated=789 execution_us=51604 reason=tracking_pose_accepted
x=4.39997 y=4.10003 yaw=-0.170501 score=0.974653 valid=1 mode=tracking state=TRACKING evaluated=789 execution_us=58298 reason=tracking_pose_accepted
x=4.49997 y=4.05003 yaw=-0.223795 score=0.964859 valid=1 mode=tracking state=TRACKING evaluated=789 execution_us=57739 reason=tracking_pose_accepted
x=4.59997 y=4.05003 yaw=-0.224729 score=0.96815 valid=1 mode=tracking state=TRACKING evaluated=789 execution_us=59251 reason=tracking_pose_accepted
x=4.64997 y=4.00003 yaw=-0.243117 score=0.979374 valid=1 mode=tracking state=TRACKING evaluated=789 execution_us=58916 reason=tracking_pose_accepted
x=4.74997 y=4.00003 yaw=-0.244051 score=0.964553 valid=1 mode=tracking state=TRACKING evaluated=789 execution_us=58903 reason=tracking_pose_accepted
x=4.79997 y=4.00003 yaw=-0.279891 score=0.983584 valid=1 mode=tracking state=TRACKING evaluated=789 execution_us=52921 reason=tracking_pose_accepted
x=4.84997 y=3.95003 yaw=-0.263372 score=0.970588 valid=1 mode=tracking state=TRACKING evaluated=789 execution_us=52459 reason=tracking_pose_accepted
x=4.89997 y=3.95003 yaw=-0.246853 score=0.974833 valid=1 mode=tracking state=TRACKING evaluated=789 execution_us=52116 reason=tracking_pose_accepted
x=4.99997 y=3.95003 yaw=-0.230334 score=0.960073 valid=1 mode=tracking state=TRACKING evaluated=789 execution_us=53469 reason=tracking_pose_accepted
x=4.99997 y=3.95003 yaw=-0.178908 score=0.965904 valid=1 mode=tracking state=TRACKING evaluated=789 execution_us=53336 reason=tracking_pose_accepted
x=5.04996 y=3.95003 yaw=-0.179843 score=0.976685 valid=1 mode=tracking state=TRACKING evaluated=789 execution_us=54528 reason=tracking_pose_accepted
x=5.04996 y=3.95003 yaw=-0.14587 score=0.982659 valid=1 mode=tracking state=TRACKING evaluated=789 execution_us=57574 reason=tracking_pose_accepted
x=5.09996 y=3.90002 yaw=-0.146804 score=0.962304 valid=1 mode=tracking state=TRACKING evaluated=807 execution_us=59254 reason=tracking_pose_accepted
x=5.09996 y=3.90002 yaw=-0.112832 score=0.980955 valid=1 mode=tracking state=TRACKING evaluated=789 execution_us=58474 reason=tracking_pose_accepted
x=5.14996 y=3.90002 yaw=-0.148673 score=0.98217 valid=1 mode=tracking state=TRACKING evaluated=789 execution_us=58258 reason=tracking_pose_accepted
x=5.14996 y=3.90002 yaw=-0.132153 score=0.976929 valid=1 mode=tracking state=TRACKING evaluated=789 execution_us=58452 reason=tracking_pose_accepted
x=5.14996 y=3.85002 yaw=-0.115634 score=0.972488 valid=1 mode=tracking state=TRACKING evaluated=789 execution_us=59317 reason=tracking_pose_accepted
x=5.19996 y=3.85002 yaw=-0.116568 score=0.982064 valid=1 mode=tracking state=TRACKING evaluated=789 execution_us=55280 reason=tracking_pose_accepted
x=5.19996 y=3.85002 yaw=-0.100049 score=0.991078 valid=1 mode=tracking state=TRACKING evaluated=789 execution_us=55876 reason=tracking_pose_accepted
x=5.19996 y=3.85002 yaw=-0.100983 score=0.98136 valid=1 mode=tracking state=TRACKING evaluated=789 execution_us=55112 reason=tracking_pose_accepted
x=5.19996 y=3.85002 yaw=-0.0844643 score=0.979877 valid=1 mode=tracking state=TRACKING evaluated=789 execution_us=56005 reason=tracking_pose_accepted
x=5.19996 y=3.85002 yaw=-0.0679452 score=0.983736 valid=1 mode=tracking state=TRACKING evaluated=807 execution_us=57496 reason=tracking_pose_accepted
x=5.19996 y=3.85002 yaw=-0.051426 score=0.986472 valid=1 mode=tracking state=TRACKING evaluated=789 execution_us=56332 reason=tracking_pose_accepted
x=5.19996 y=3.85002 yaw=-0.0349069 score=0.985375 valid=1 mode=tracking state=TRACKING evaluated=807 execution_us=91757 reason=tracking_pose_accepted
x=5.19996 y=3.85002 yaw=-0.0183877 score=0.968093 valid=1 mode=tracking state=TRACKING evaluated=789 execution_us=98238 reason=tracking_pose_accepted
x=5.14996 y=3.85002 yaw=-0.00186859 score=0.976501 valid=1 mode=tracking state=TRACKING evaluated=789 execution_us=90991 reason=tracking_pose_accepted
x=5.14996 y=3.85002 yaw=0.0146506 score=0.979828 valid=1 mode=tracking state=TRACKING evaluated=789 execution_us=53628 reason=tracking_pose_accepted
x=5.14996 y=3.80002 yaw=0.0137164 score=0.979579 valid=1 mode=tracking state=TRACKING evaluated=789 execution_us=70478 reason=tracking_pose_accepted
x=5.14996 y=3.80002 yaw=0.0127823 score=0.988266 valid=1 mode=tracking state=TRACKING evaluated=789 execution_us=57123 reason=tracking_pose_accepted
x=5.14996 y=3.80002 yaw=0.0118482 score=0.989529 valid=1 mode=tracking state=TRACKING evaluated=789 execution_us=58026 reason=tracking_pose_accepted
x=5.14996 y=3.80002 yaw=0.010914 score=0.987219 valid=1 mode=tracking state=TRACKING evaluated=789 execution_us=57769 reason=tracking_pose_accepted
x=5.14995 y=3.80002 yaw=0.00997992 score=0.981865 valid=1 mode=tracking state=TRACKING evaluated=789 execution_us=58369 reason=tracking_pose_accepted
x=5.14995 y=3.80002 yaw=0.00904579 score=0.983346 valid=1 mode=tracking state=TRACKING evaluated=789 execution_us=59392 reason=tracking_pose_accepted
x=5.14995 y=3.80002 yaw=0.00811167 score=0.992034 valid=1 mode=tracking state=TRACKING evaluated=789 execution_us=50396 reason=tracking_pose_accepted
x=5.14995 y=3.80002 yaw=-0.0102757 score=0.990146 valid=1 mode=tracking state=TRACKING evaluated=789 execution_us=52484 reason=tracking_pose_accepted
x=5.14995 y=3.80002 yaw=-0.0286632 score=0.985294 valid=1 mode=tracking state=TRACKING evaluated=789 execution_us=52904 reason=tracking_pose_accepted
x=5.14995 y=3.80002 yaw=-0.0295973 score=0.989038 valid=1 mode=tracking state=TRACKING evaluated=789 execution_us=52177 reason=tracking_pose_accepted
x=5.14995 y=3.80002 yaw=-0.0305315 score=0.997543 valid=1 mode=tracking state=TRACKING evaluated=789 execution_us=53436 reason=tracking_pose_accepted
x=5.14995 y=3.80002 yaw=-0.0314656 score=0.991488 valid=1 mode=tracking state=TRACKING evaluated=789 execution_us=54055 reason=tracking_pose_accepted
x=5.14995 y=3.80002 yaw=-0.0323998 score=0.99017 valid=1 mode=tracking state=TRACKING evaluated=789 execution_us=56789 reason=tracking_pose_accepted
x=5.14995 y=3.80002 yaw=-0.0333339 score=0.994514 valid=1 mode=tracking state=TRACKING evaluated=789 execution_us=58601 reason=tracking_pose_accepted
x=5.14995 y=3.80002 yaw=-0.034268 score=0.987199 valid=1 mode=tracking state=TRACKING evaluated=789 execution_us=58195 reason=tracking_pose_accepted
x=5.14995 y=3.80002 yaw=-0.0352021 score=0.994764 valid=1 mode=tracking state=TRACKING evaluated=789 execution_us=58353 reason=tracking_pose_accepted
x=5.14995 y=3.80002 yaw=-0.0361363 score=0.9957 valid=1 mode=tracking state=TRACKING evaluated=789 execution_us=59215 reason=tracking_pose_accepted
x=5.14995 y=3.80002 yaw=-0.0370704 score=0.996936 valid=1 mode=tracking state=TRACKING evaluated=789 execution_us=55309 reason=tracking_pose_accepted
x=5.14995 y=3.80002 yaw=-0.0380046 score=0.993979 valid=1 mode=tracking state=TRACKING evaluated=789 execution_us=56109 reason=tracking_pose_accepted
x=5.14995 y=3.80002 yaw=-0.0389387 score=0.991728 valid=1 mode=tracking state=TRACKING evaluated=789 execution_us=55729 reason=tracking_pose_accepted
x=5.14995 y=3.80002 yaw=-0.0398729 score=0.987503 valid=1 mode=tracking state=TRACKING evaluated=789 execution_us=55399 reason=tracking_pose_accepted
x=5.14995 y=3.80002 yaw=-0.040807 score=0.992321 valid=1 mode=tracking state=TRACKING evaluated=789 execution_us=56599 reason=tracking_pose_accepted
x=5.14995 y=3.80002 yaw=-0.0242879 score=0.978513 valid=1 mode=tracking state=TRACKING evaluated=789 execution_us=56646 reason=tracking_pose_accepted
x=5.19995 y=3.80002 yaw=0.00968453 score=0.984027 valid=1 mode=tracking state=TRACKING evaluated=807 execution_us=50196 reason=tracking_pose_accepted
x=5.24994 y=3.80002 yaw=-0.0436095 score=0.984688 valid=1 mode=tracking state=TRACKING evaluated=789 execution_us=50961 reason=tracking_pose_accepted
x=5.29994 y=3.80002 yaw=-0.0619969 score=0.976907 valid=1 mode=tracking state=TRACKING evaluated=789 execution_us=50400 reason=tracking_pose_accepted
x=5.34994 y=3.80002 yaw=-0.0280245 score=0.984222 valid=1 mode=tracking state=TRACKING evaluated=789 execution_us=50939 reason=tracking_pose_accepted
x=5.44994 y=3.80002 yaw=-0.0638652 score=0.966845 valid=1 mode=tracking state=TRACKING evaluated=789 execution_us=51715 reason=tracking_pose_accepted
x=5.49994 y=3.80002 yaw=-0.0647994 score=0.978255 valid=1 mode=tracking state=TRACKING evaluated=789 execution_us=50817 reason=tracking_pose_accepted
x=5.54994 y=3.80002 yaw=-0.0482803 score=0.958973 valid=1 mode=tracking state=TRACKING evaluated=789 execution_us=58266 reason=tracking_pose_accepted
x=5.64994 y=3.80002 yaw=-0.0492144 score=0.979508 valid=1 mode=tracking state=TRACKING evaluated=807 execution_us=60321 reason=tracking_pose_accepted
x=5.74994 y=3.75002 yaw=-0.0501486 score=0.965806 valid=1 mode=tracking state=TRACKING evaluated=789 execution_us=59086 reason=tracking_pose_accepted
x=5.79994 y=3.75002 yaw=0.00127714 score=0.988971 valid=1 mode=tracking state=TRACKING evaluated=789 execution_us=56811 reason=tracking_pose_accepted
x=5.84994 y=3.75002 yaw=-0.0171103 score=0.979524 valid=1 mode=tracking state=TRACKING evaluated=789 execution_us=55838 reason=tracking_pose_accepted
x=5.94994 y=3.75002 yaw=-0.0354977 score=0.995588 valid=1 mode=tracking state=TRACKING evaluated=789 execution_us=61048 reason=tracking_pose_accepted
x=5.99994 y=3.75002 yaw=-0.0364319 score=0.996343 valid=1 mode=tracking state=TRACKING evaluated=789 execution_us=53811 reason=tracking_pose_accepted
x=6.04994 y=3.75002 yaw=-0.0548193 score=0.980893 valid=1 mode=tracking state=TRACKING evaluated=789 execution_us=52848 reason=tracking_pose_accepted
x=6.09994 y=3.75002 yaw=-0.0383002 score=0.989637 valid=1 mode=tracking state=TRACKING evaluated=789 execution_us=53234 reason=tracking_pose_accepted
x=6.14994 y=3.75002 yaw=-0.0566876 score=0.993532 valid=1 mode=tracking state=TRACKING evaluated=789 execution_us=53288 reason=tracking_pose_accepted
x=6.19994 y=3.75002 yaw=-0.0750751 score=0.987121 valid=1 mode=tracking state=TRACKING evaluated=789 execution_us=54906 reason=tracking_pose_accepted
x=6.19994 y=3.75002 yaw=-0.0760092 score=0.984039 valid=1 mode=tracking state=TRACKING evaluated=789 execution_us=57750 reason=tracking_pose_accepted
x=6.24993 y=3.75002 yaw=-0.0943967 score=0.991092 valid=1 mode=tracking state=TRACKING evaluated=789 execution_us=57520 reason=tracking_pose_accepted
x=6.24993 y=3.75002 yaw=-0.112784 score=0.972855 valid=1 mode=tracking state=TRACKING evaluated=789 execution_us=58014 reason=tracking_pose_accepted
x=6.29993 y=3.75002 yaw=-0.096265 score=0.977487 valid=1 mode=tracking state=TRACKING evaluated=789 execution_us=58674 reason=tracking_pose_accepted
x=6.29993 y=3.75002 yaw=-0.0622926 score=0.981081 valid=1 mode=tracking state=TRACKING evaluated=789 execution_us=58895 reason=tracking_pose_accepted
x=6.34993 y=3.75002 yaw=-0.0632267 score=0.972265 valid=1 mode=tracking state=TRACKING evaluated=789 execution_us=59095 reason=tracking_pose_accepted
x=6.34993 y=3.75002 yaw=-0.0292543 score=0.989277 valid=1 mode=tracking state=TRACKING evaluated=789 execution_us=55515 reason=tracking_pose_accepted
x=6.34993 y=3.75002 yaw=-0.0476417 score=0.995046 valid=1 mode=tracking state=TRACKING evaluated=789 execution_us=54633 reason=tracking_pose_accepted
x=6.34993 y=3.75002 yaw=-0.0485759 score=0.989583 valid=1 mode=tracking state=TRACKING evaluated=789 execution_us=55589 reason=tracking_pose_accepted
x=6.29993 y=3.75002 yaw=-0.0320568 score=0.98598 valid=1 mode=tracking state=TRACKING evaluated=789 execution_us=55181 reason=tracking_pose_accepted
x=6.29993 y=3.75002 yaw=-0.0329909 score=0.981199 valid=1 mode=tracking state=TRACKING evaluated=789 execution_us=54884 reason=tracking_pose_accepted
x=6.29993 y=3.75002 yaw=-0.033925 score=0.983408 valid=1 mode=tracking state=TRACKING evaluated=789 execution_us=55635 reason=tracking_pose_accepted
x=6.34993 y=3.75002 yaw=-0.0523125 score=0.985485 valid=1 mode=tracking state=TRACKING evaluated=789 execution_us=58964 reason=tracking_pose_accepted
x=6.34993 y=3.75002 yaw=-0.0532466 score=0.987949 valid=1 mode=tracking state=TRACKING evaluated=789 execution_us=49152 reason=tracking_pose_accepted
x=6.29993 y=3.75002 yaw=-0.0367275 score=0.984761 valid=1 mode=tracking state=TRACKING evaluated=789 execution_us=50277 reason=tracking_pose_accepted
x=6.34993 y=3.75002 yaw=-0.0551149 score=0.980433 valid=1 mode=tracking state=TRACKING evaluated=789 execution_us=49630 reason=tracking_pose_accepted
x=6.29993 y=3.75002 yaw=-0.0385958 score=0.980575 valid=1 mode=tracking state=TRACKING evaluated=789 execution_us=50383 reason=tracking_pose_accepted
x=6.34993 y=3.75002 yaw=-0.0395299 score=0.979579 valid=1 mode=tracking state=TRACKING evaluated=789 execution_us=57413 reason=tracking_pose_accepted
x=6.34993 y=3.75002 yaw=-0.040464 score=0.982996 valid=1 mode=tracking state=TRACKING evaluated=789 execution_us=56868 reason=tracking_pose_accepted
x=6.29993 y=3.75002 yaw=-0.0413982 score=0.980259 valid=1 mode=tracking state=TRACKING evaluated=789 execution_us=57553 reason=tracking_pose_accepted
x=6.29993 y=3.75002 yaw=-0.0423324 score=0.983275 valid=1 mode=tracking state=TRACKING evaluated=789 execution_us=58071 reason=tracking_pose_accepted
x=6.34993 y=3.75002 yaw=-0.0432665 score=0.982599 valid=1 mode=tracking state=TRACKING evaluated=789 execution_us=56964 reason=tracking_pose_accepted
x=6.34992 y=3.75002 yaw=-0.0442007 score=0.984913 valid=1 mode=tracking state=TRACKING evaluated=789 execution_us=58012 reason=tracking_pose_accepted
x=6.34992 y=3.80002 yaw=-0.0276816 score=0.995264 valid=1 mode=tracking state=TRACKING evaluated=789 execution_us=50115 reason=tracking_pose_accepted
x=6.34992 y=3.80002 yaw=-0.0286158 score=0.982582 valid=1 mode=tracking state=TRACKING evaluated=807 execution_us=52657 reason=tracking_pose_accepted
x=6.34992 y=3.85002 yaw=-0.0295499 score=0.98793 valid=1 mode=tracking state=TRACKING evaluated=789 execution_us=52176 reason=tracking_pose_accepted
x=6.34992 y=3.90002 yaw=0.00442257 score=0.992647 valid=1 mode=tracking state=TRACKING evaluated=789 execution_us=52479 reason=tracking_pose_accepted
x=6.29992 y=4.00002 yaw=0.0209417 score=0.982449 valid=1 mode=tracking state=TRACKING evaluated=807 execution_us=54845 reason=tracking_pose_accepted
x=6.29992 y=4.05002 yaw=0.0200076 score=0.992361 valid=1 mode=tracking state=TRACKING evaluated=789 execution_us=52904 reason=tracking_pose_accepted
x=6.29992 y=4.10002 yaw=0.0365267 score=0.994832 valid=1 mode=tracking state=TRACKING evaluated=789 execution_us=57270 reason=tracking_pose_accepted
x=6.29992 y=4.15002 yaw=0.0355926 score=0.995896 valid=1 mode=tracking state=TRACKING evaluated=789 execution_us=58579 reason=tracking_pose_accepted
x=6.29992 y=4.20002 yaw=0.0521117 score=0.991179 valid=1 mode=tracking state=TRACKING evaluated=789 execution_us=57679 reason=tracking_pose_accepted
x=6.29992 y=4.20002 yaw=0.0511776 score=0.998784 valid=1 mode=tracking state=TRACKING evaluated=789 execution_us=58292 reason=tracking_pose_accepted
x=6.29992 y=4.20002 yaw=0.0327901 score=0.988154 valid=1 mode=tracking state=TRACKING evaluated=789 execution_us=58640 reason=tracking_pose_accepted
x=6.29992 y=4.25002 yaw=0.0144027 score=0.993768 valid=1 mode=tracking state=TRACKING evaluated=789 execution_us=54975 reason=tracking_pose_accepted
x=6.29992 y=4.25002 yaw=-0.00398475 score=0.972427 valid=1 mode=tracking state=TRACKING evaluated=789 execution_us=54932 reason=tracking_pose_accepted
x=6.29992 y=4.30002 yaw=0.0125344 score=0.98681 valid=1 mode=tracking state=TRACKING evaluated=789 execution_us=56344 reason=tracking_pose_accepted
x=6.29992 y=4.30002 yaw=0.0116003 score=0.98136 valid=1 mode=tracking state=TRACKING evaluated=789 execution_us=55499 reason=tracking_pose_accepted
x=6.29992 y=4.30002 yaw=0.0106661 score=0.985638 valid=1 mode=tracking state=TRACKING evaluated=789 execution_us=56458 reason=tracking_pose_accepted
x=6.29992 y=4.30002 yaw=0.00973202 score=0.985712 valid=1 mode=tracking state=TRACKING evaluated=789 execution_us=56336 reason=tracking_pose_accepted
x=6.29992 y=4.30002 yaw=0.0087979 score=0.976876 valid=1 mode=tracking state=TRACKING evaluated=789 execution_us=59624 reason=tracking_pose_accepted
x=6.29992 y=4.30002 yaw=0.0253171 score=0.983735 valid=1 mode=tracking state=TRACKING evaluated=789 execution_us=50460 reason=tracking_pose_accepted
x=6.29991 y=4.30002 yaw=0.00692963 score=0.978082 valid=1 mode=tracking state=TRACKING evaluated=789 execution_us=49985 reason=tracking_pose_accepted
x=6.29991 y=4.30002 yaw=0.0059955 score=0.976633 valid=1 mode=tracking state=TRACKING evaluated=789 execution_us=50276 reason=tracking_pose_accepted
x=6.29991 y=4.35002 yaw=0.00506134 score=0.976827 valid=1 mode=tracking state=TRACKING evaluated=789 execution_us=50332 reason=tracking_pose_accepted
x=6.34991 y=4.35002 yaw=0.00412722 score=0.997568 valid=1 mode=tracking state=TRACKING evaluated=789 execution_us=50714 reason=tracking_pose_accepted
x=6.34991 y=4.35002 yaw=0.0031931 score=0.998488 valid=1 mode=tracking state=TRACKING evaluated=789 execution_us=58670 reason=tracking_pose_accepted
x=6.34991 y=4.35002 yaw=0.00225897 score=0.992893 valid=1 mode=tracking state=TRACKING evaluated=789 execution_us=58315 reason=tracking_pose_accepted
x=6.34991 y=4.35002 yaw=0.00132485 score=0.990297 valid=1 mode=tracking state=TRACKING evaluated=789 execution_us=58200 reason=tracking_pose_accepted
x=6.34991 y=4.35002 yaw=0.000390723 score=0.985943 valid=1 mode=tracking state=TRACKING evaluated=789 execution_us=58619 reason=tracking_pose_accepted
x=6.34991 y=4.35002 yaw=-0.0179967 score=0.979573 valid=1 mode=tracking state=TRACKING evaluated=789 execution_us=58656 reason=tracking_pose_accepted
x=6.34991 y=4.35002 yaw=-0.0189308 score=0.978401 valid=1 mode=tracking state=TRACKING evaluated=789 execution_us=58538 reason=tracking_pose_accepted
x=6.34991 y=4.35002 yaw=-0.00241167 score=0.988478 valid=1 mode=tracking state=TRACKING evaluated=789 execution_us=52858 reason=tracking_pose_accepted
x=6.34991 y=4.35002 yaw=-0.0033458 score=0.98914 valid=1 mode=tracking state=TRACKING evaluated=789 execution_us=52246 reason=tracking_pose_accepted
x=6.34991 y=4.40002 yaw=-0.00427996 score=0.982262 valid=1 mode=tracking state=TRACKING evaluated=789 execution_us=52312 reason=tracking_pose_accepted
x=6.34991 y=4.40002 yaw=-0.00521408 score=0.98211 valid=1 mode=tracking state=TRACKING evaluated=789 execution_us=52884 reason=tracking_pose_accepted
x=6.34991 y=4.40002 yaw=-0.0061482 score=0.983323 valid=1 mode=tracking state=TRACKING evaluated=789 execution_us=53091 reason=tracking_pose_accepted
x=6.34991 y=4.40002 yaw=-0.00708233 score=0.982064 valid=1 mode=tracking state=TRACKING evaluated=789 execution_us=57358 reason=tracking_pose_accepted
x=6.34991 y=4.35002 yaw=-0.00801645 score=0.983515 valid=1 mode=tracking state=TRACKING evaluated=789 execution_us=56969 reason=tracking_pose_accepted
x=6.34991 y=4.35002 yaw=-0.00895058 score=0.993044 valid=1 mode=tracking state=TRACKING evaluated=789 execution_us=57408 reason=tracking_pose_accepted
x=6.34991 y=4.35002 yaw=-0.0098847 score=0.992096 valid=1 mode=tracking state=TRACKING evaluated=789 execution_us=57736 reason=tracking_pose_accepted
x=6.34991 y=4.35002 yaw=-0.0108188 score=0.989264 valid=1 mode=tracking state=TRACKING evaluated=789 execution_us=58282 reason=tracking_pose_accepted
x=6.34991 y=4.35002 yaw=-0.0117529 score=0.987504 valid=1 mode=tracking state=TRACKING evaluated=789 execution_us=57630 reason=tracking_pose_accepted
x=6.3499 y=4.35002 yaw=-0.0126871 score=0.9876 valid=1 mode=tracking state=TRACKING evaluated=789 execution_us=54924 reason=tracking_pose_accepted
x=6.3499 y=4.35002 yaw=-0.0136212 score=0.992874 valid=1 mode=tracking state=TRACKING evaluated=789 execution_us=55038 reason=tracking_pose_accepted
x=6.3499 y=4.35002 yaw=-0.0145553 score=0.987624 valid=1 mode=tracking state=TRACKING evaluated=789 execution_us=55367 reason=tracking_pose_accepted
x=6.3499 y=4.35002 yaw=-0.0154894 score=0.98136 valid=1 mode=tracking state=TRACKING evaluated=789 execution_us=55225 reason=tracking_pose_accepted
x=6.3499 y=4.35002 yaw=-0.0164236 score=0.98382 valid=1 mode=tracking state=TRACKING evaluated=789 execution_us=56005 reason=tracking_pose_accepted
x=6.3499 y=4.35002 yaw=-0.0173577 score=0.981144 valid=1 mode=tracking state=TRACKING evaluated=789 execution_us=62838 reason=tracking_pose_accepted
x=6.3499 y=4.35002 yaw=-0.0182918 score=0.982912 valid=1 mode=tracking state=TRACKING evaluated=789 execution_us=60243 reason=tracking_pose_accepted
x=6.3499 y=4.35002 yaw=-0.0192259 score=0.984841 valid=1 mode=tracking state=TRACKING evaluated=789 execution_us=60172 reason=tracking_pose_accepted
x=6.3499 y=4.35003 yaw=-0.00270677 score=0.994721 valid=1 mode=tracking state=TRACKING evaluated=789 execution_us=50797 reason=tracking_pose_accepted
x=6.3499 y=4.35003 yaw=-0.00364091 score=0.981152 valid=1 mode=tracking state=TRACKING evaluated=789 execution_us=60404 reason=tracking_pose_accepted
x=6.3499 y=4.35003 yaw=-0.0220284 score=0.977198 valid=1 mode=tracking state=TRACKING evaluated=789 execution_us=50356 reason=tracking_pose_accepted
x=6.3499 y=4.35003 yaw=-0.0229625 score=0.976156 valid=1 mode=tracking state=TRACKING evaluated=789 execution_us=57067 reason=tracking_pose_accepted
x=6.3499 y=4.35003 yaw=-0.00644336 score=0.99299 valid=1 mode=tracking state=TRACKING evaluated=789 execution_us=57324 reason=tracking_pose_accepted
x=6.3499 y=4.35003 yaw=-0.00737749 score=0.992116 valid=1 mode=tracking state=TRACKING evaluated=789 execution_us=58937 reason=tracking_pose_accepted
x=6.3499 y=4.35003 yaw=-0.00831161 score=0.99238 valid=1 mode=tracking state=TRACKING evaluated=789 execution_us=57874 reason=tracking_pose_accepted
x=6.3499 y=4.35003 yaw=-0.00924574 score=0.987265 valid=1 mode=tracking state=TRACKING evaluated=789 execution_us=59292 reason=tracking_pose_accepted
x=6.3499 y=4.35003 yaw=-0.0101799 score=0.987471 valid=1 mode=tracking state=TRACKING evaluated=789 execution_us=58503 reason=tracking_pose_accepted
x=6.3499 y=4.35003 yaw=-0.011114 score=0.989236 valid=1 mode=tracking state=TRACKING evaluated=789 execution_us=52108 reason=tracking_pose_accepted
x=6.3499 y=4.35003 yaw=-0.0120481 score=0.984608 valid=1 mode=tracking state=TRACKING evaluated=789 execution_us=51678 reason=tracking_pose_accepted
x=6.3499 y=4.35003 yaw=-0.0129822 score=0.98382 valid=1 mode=tracking state=TRACKING evaluated=789 execution_us=52264 reason=tracking_pose_accepted
x=6.3499 y=4.35003 yaw=-0.0139164 score=0.981551 valid=1 mode=tracking state=TRACKING evaluated=789 execution_us=51171 reason=tracking_pose_accepted
x=6.34989 y=4.35003 yaw=-0.0148505 score=0.983432 valid=1 mode=tracking state=TRACKING evaluated=789 execution_us=52772 reason=tracking_pose_accepted
x=6.34989 y=4.35003 yaw=-0.0157846 score=0.981297 valid=1 mode=tracking state=TRACKING evaluated=789 execution_us=59622 reason=tracking_pose_accepted
x=6.34989 y=4.35003 yaw=-0.0167187 score=0.98404 valid=1 mode=tracking state=TRACKING evaluated=789 execution_us=56583 reason=tracking_pose_accepted
x=6.34989 y=4.35003 yaw=-0.0176529 score=0.991771 valid=1 mode=tracking state=TRACKING evaluated=789 execution_us=57176 reason=tracking_pose_accepted
x=6.34989 y=4.35003 yaw=-0.018587 score=0.986709 valid=1 mode=tracking state=TRACKING evaluated=789 execution_us=56940 reason=tracking_pose_accepted
x=6.34989 y=4.35003 yaw=-0.0195211 score=0.984801 valid=1 mode=tracking state=TRACKING evaluated=789 execution_us=57085 reason=tracking_pose_accepted
x=6.34989 y=4.35003 yaw=-0.0204552 score=0.97697 valid=1 mode=tracking state=TRACKING evaluated=789 execution_us=57323 reason=tracking_pose_accepted
x=6.29989 y=4.35003 yaw=-0.00393606 score=0.975035 valid=1 mode=tracking state=TRACKING evaluated=789 execution_us=54356 reason=tracking_pose_accepted
x=6.34989 y=4.35003 yaw=-0.0223235 score=0.981601 valid=1 mode=tracking state=TRACKING evaluated=789 execution_us=54848 reason=tracking_pose_accepted
x=6.34989 y=4.35003 yaw=-0.00580434 score=0.989868 valid=1 mode=tracking state=TRACKING evaluated=789 execution_us=55407 reason=tracking_pose_accepted
x=6.34989 y=4.35003 yaw=-0.00673847 score=0.994707 valid=1 mode=tracking state=TRACKING evaluated=789 execution_us=55364 reason=tracking_pose_accepted
x=6.34989 y=4.35003 yaw=-0.00767259 score=0.9953 valid=1 mode=tracking state=TRACKING evaluated=789 execution_us=55981 reason=tracking_pose_accepted
x=6.34989 y=4.35003 yaw=-0.00860672 score=0.990424 valid=1 mode=tracking state=TRACKING evaluated=789 execution_us=55190 reason=tracking_pose_accepted
x=6.34989 y=4.35003 yaw=-0.00954084 score=0.990146 valid=1 mode=tracking state=TRACKING evaluated=789 execution_us=58916 reason=tracking_pose_accepted
x=6.34989 y=4.35003 yaw=-0.010475 score=0.989539 valid=1 mode=tracking state=TRACKING evaluated=789 execution_us=60115 reason=tracking_pose_accepted
x=6.34989 y=4.35003 yaw=-0.0114091 score=0.990171 valid=1 mode=tracking state=TRACKING evaluated=789 execution_us=60467 reason=tracking_pose_accepted
x=6.34989 y=4.35003 yaw=-0.0123432 score=0.984648 valid=1 mode=tracking state=TRACKING evaluated=789 execution_us=59756 reason=tracking_pose_accepted
x=6.34989 y=4.35003 yaw=-0.0132773 score=0.988296 valid=1 mode=tracking state=TRACKING evaluated=789 execution_us=60090 reason=tracking_pose_accepted
x=6.34989 y=4.35003 yaw=-0.0142115 score=0.986355 valid=1 mode=tracking state=TRACKING evaluated=789 execution_us=60507 reason=tracking_pose_accepted
x=6.34989 y=4.35003 yaw=-0.0151456 score=0.989208 valid=1 mode=tracking state=TRACKING evaluated=789 execution_us=58688 reason=tracking_pose_accepted
x=6.34988 y=4.35003 yaw=-0.0160797 score=0.986555 valid=1 mode=tracking state=TRACKING evaluated=789 execution_us=56846 reason=tracking_pose_accepted
x=6.34988 y=4.35003 yaw=-0.0170138 score=0.989512 valid=1 mode=tracking state=TRACKING evaluated=789 execution_us=57431 reason=tracking_pose_accepted
x=6.34988 y=4.35003 yaw=-0.017948 score=0.983169 valid=1 mode=tracking state=TRACKING evaluated=789 execution_us=76928 reason=tracking_pose_accepted
x=6.34988 y=4.35003 yaw=-0.0188821 score=0.979688 valid=1 mode=tracking state=TRACKING evaluated=789 execution_us=89588 reason=tracking_pose_accepted
x=6.34988 y=4.35003 yaw=-0.0198162 score=0.98247 valid=1 mode=tracking state=TRACKING evaluated=789 execution_us=86802 reason=tracking_pose_accepted
x=6.29988 y=4.35004 yaw=-0.00329703 score=0.973368 valid=1 mode=tracking state=TRACKING evaluated=789 execution_us=81712 reason=tracking_pose_accepted
x=6.34988 y=4.35004 yaw=-0.0216845 score=0.980992 valid=1 mode=tracking state=TRACKING evaluated=789 execution_us=53856 reason=tracking_pose_accepted
x=6.34988 y=4.35004 yaw=-0.00516532 score=0.992723 valid=1 mode=tracking state=TRACKING evaluated=789 execution_us=62891 reason=tracking_pose_accepted
x=6.34988 y=4.35004 yaw=-0.00609945 score=0.992439 valid=1 mode=tracking state=TRACKING evaluated=789 execution_us=52646 reason=tracking_pose_accepted
x=6.34988 y=4.35004 yaw=-0.00703357 score=0.989842 valid=1 mode=tracking state=TRACKING evaluated=789 execution_us=58787 reason=tracking_pose_accepted
x=6.34988 y=4.35004 yaw=-0.0079677 score=0.987809 valid=1 mode=tracking state=TRACKING evaluated=789 execution_us=59631 reason=tracking_pose_accepted
x=6.34988 y=4.35004 yaw=-0.00890182 score=0.987298 valid=1 mode=tracking state=TRACKING evaluated=789 execution_us=56701 reason=tracking_pose_accepted
x=6.34988 y=4.35004 yaw=-0.00983594 score=0.985029 valid=1 mode=tracking state=TRACKING evaluated=789 execution_us=57249 reason=tracking_pose_accepted
x=6.34988 y=4.35004 yaw=-0.0107701 score=0.980644 valid=1 mode=tracking state=TRACKING evaluated=789 execution_us=57527 reason=tracking_pose_accepted
x=6.34988 y=4.35004 yaw=-0.0117042 score=0.981807 valid=1 mode=tracking state=TRACKING evaluated=789 execution_us=57174 reason=tracking_pose_accepted
x=6.34988 y=4.35004 yaw=-0.0126383 score=0.986894 valid=1 mode=tracking state=TRACKING evaluated=789 execution_us=53680 reason=tracking_pose_accepted
x=6.34988 y=4.35004 yaw=-0.0135724 score=0.981297 valid=1 mode=tracking state=TRACKING evaluated=789 execution_us=54616 reason=tracking_pose_accepted
x=6.34988 y=4.35004 yaw=-0.0145066 score=0.983694 valid=1 mode=tracking state=TRACKING evaluated=789 execution_us=54315 reason=tracking_pose_accepted
x=6.34988 y=4.35004 yaw=-0.0154407 score=0.984163 valid=1 mode=tracking state=TRACKING evaluated=789 execution_us=55351 reason=tracking_pose_accepted
x=6.34988 y=4.35004 yaw=-0.0163748 score=0.983736 valid=1 mode=tracking state=TRACKING evaluated=789 execution_us=54627 reason=tracking_pose_accepted
x=6.34988 y=4.35004 yaw=-0.0173089 score=0.979988 valid=1 mode=tracking state=TRACKING evaluated=789 execution_us=55797 reason=tracking_pose_accepted
x=6.34987 y=4.35004 yaw=-0.0182431 score=0.980392 valid=1 mode=tracking state=TRACKING evaluated=789 execution_us=59758 reason=tracking_pose_accepted
x=6.34987 y=4.35004 yaw=-0.0191772 score=0.977265 valid=1 mode=tracking state=TRACKING evaluated=789 execution_us=59592 reason=tracking_pose_accepted
x=6.34987 y=4.35004 yaw=-0.0201113 score=0.976963 valid=1 mode=tracking state=TRACKING evaluated=789 execution_us=59548 reason=tracking_pose_accepted
x=6.34987 y=4.35004 yaw=-0.0210454 score=0.977089 valid=1 mode=tracking state=TRACKING evaluated=789 execution_us=59186 reason=tracking_pose_accepted
x=6.34987 y=4.35004 yaw=-0.00452629 score=0.977317 valid=1 mode=tracking state=TRACKING evaluated=789 execution_us=59865 reason=tracking_pose_accepted
x=6.34987 y=4.35004 yaw=-0.00546043 score=0.981807 valid=1 mode=tracking state=TRACKING evaluated=789 execution_us=60458 reason=tracking_pose_accepted
x=6.34987 y=4.35004 yaw=-0.00639455 score=0.984874 valid=1 mode=tracking state=TRACKING evaluated=789 execution_us=55943 reason=tracking_pose_accepted
x=6.34987 y=4.35004 yaw=-0.00732867 score=0.9819 valid=1 mode=tracking state=TRACKING evaluated=789 execution_us=56836 reason=tracking_pose_accepted
x=6.34987 y=4.35004 yaw=-0.0082628 score=0.98211 valid=1 mode=tracking state=TRACKING evaluated=789 execution_us=57588 reason=tracking_pose_accepted
x=6.34987 y=4.35004 yaw=-0.00919692 score=0.979122 valid=1 mode=tracking state=TRACKING evaluated=789 execution_us=56782 reason=tracking_pose_accepted
x=6.34987 y=4.35004 yaw=-0.010131 score=0.977022 valid=1 mode=tracking state=TRACKING evaluated=789 execution_us=56821 reason=tracking_pose_accepted
x=6.34987 y=4.35004 yaw=-0.0110652 score=0.976776 valid=1 mode=tracking state=TRACKING evaluated=789 execution_us=64788 reason=tracking_pose_accepted
x=6.34987 y=4.35004 yaw=-0.0119993 score=0.975743 valid=1 mode=tracking state=TRACKING evaluated=789 execution_us=51096 reason=tracking_pose_accepted
x=6.34987 y=4.35004 yaw=-0.0129334 score=0.978376 valid=1 mode=tracking state=TRACKING evaluated=789 execution_us=51737 reason=tracking_pose_accepted
x=6.34987 y=4.35004 yaw=-0.0138675 score=0.979533 valid=1 mode=tracking state=TRACKING evaluated=789 execution_us=53278 reason=tracking_pose_accepted
x=6.34987 y=4.35004 yaw=-0.0148017 score=0.976956 valid=1 mode=tracking state=TRACKING evaluated=789 execution_us=52362 reason=tracking_pose_accepted
x=6.34987 y=4.35004 yaw=-0.0157358 score=0.98211 valid=1 mode=tracking state=TRACKING evaluated=789 execution_us=53293 reason=tracking_pose_accepted
x=6.34987 y=4.35004 yaw=-0.0166699 score=0.975264 valid=1 mode=tracking state=TRACKING evaluated=789 execution_us=56819 reason=tracking_pose_accepted
x=6.34987 y=4.35004 yaw=-0.017604 score=0.978264 valid=1 mode=tracking state=TRACKING evaluated=789 execution_us=56185 reason=tracking_pose_accepted
x=6.29987 y=4.35004 yaw=-0.00108487 score=0.97261 valid=1 mode=tracking state=TRACKING evaluated=789 execution_us=56809 reason=tracking_pose_accepted
x=6.34987 y=4.35004 yaw=-0.0194723 score=0.976158 valid=1 mode=tracking state=TRACKING evaluated=789 execution_us=58124 reason=tracking_pose_accepted
x=6.34986 y=4.35004 yaw=-0.0204064 score=0.977656 valid=1 mode=tracking state=TRACKING evaluated=789 execution_us=57145 reason=tracking_pose_accepted
x=6.29986 y=4.35004 yaw=-0.00388727 score=0.973404 valid=1 mode=tracking state=TRACKING evaluated=789 execution_us=55019 reason=tracking_pose_accepted
x=6.34986 y=4.35004 yaw=-0.0048214 score=0.98211 valid=1 mode=tracking state=TRACKING evaluated=789 execution_us=53752 reason=tracking_pose_accepted
x=6.34986 y=4.35004 yaw=-0.00575553 score=0.982414 valid=1 mode=tracking state=TRACKING evaluated=789 execution_us=54702 reason=tracking_pose_accepted
x=6.34986 y=4.35004 yaw=-0.00668965 score=0.980139 valid=1 mode=tracking state=TRACKING evaluated=789 execution_us=53886 reason=tracking_pose_accepted
x=6.34986 y=4.35004 yaw=-0.00762378 score=0.979176 valid=1 mode=tracking state=TRACKING evaluated=789 execution_us=53976 reason=tracking_pose_accepted
x=6.34986 y=4.35004 yaw=-0.0085579 score=0.979374 valid=1 mode=tracking state=TRACKING evaluated=789 execution_us=54876 reason=tracking_pose_accepted
x=6.34986 y=4.35004 yaw=-0.00949202 score=0.985068 valid=1 mode=tracking state=TRACKING evaluated=789 execution_us=58409 reason=tracking_pose_accepted
x=6.34986 y=4.35004 yaw=-0.0104261 score=0.981551 valid=1 mode=tracking state=TRACKING evaluated=789 execution_us=59155 reason=tracking_pose_accepted
x=6.34986 y=4.35004 yaw=-0.0113603 score=0.98382 valid=1 mode=tracking state=TRACKING evaluated=789 execution_us=59619 reason=tracking_pose_accepted
x=6.34986 y=4.35004 yaw=-0.0122944 score=0.98552 valid=1 mode=tracking state=TRACKING evaluated=789 execution_us=59877 reason=tracking_pose_accepted
x=6.34986 y=4.35005 yaw=-0.0132285 score=0.983778 valid=1 mode=tracking state=TRACKING evaluated=789 execution_us=60135 reason=tracking_pose_accepted
x=6.34986 y=4.35005 yaw=-0.0141626 score=0.983517 valid=1 mode=tracking state=TRACKING evaluated=789 execution_us=59955 reason=tracking_pose_accepted
x=6.34986 y=4.35005 yaw=-0.0150968 score=0.98382 valid=1 mode=tracking state=TRACKING evaluated=789 execution_us=56614 reason=tracking_pose_accepted
x=6.34986 y=4.35005 yaw=-0.0160309 score=0.985749 valid=1 mode=tracking state=TRACKING evaluated=789 execution_us=55220 reason=tracking_pose_accepted
x=6.34986 y=4.35005 yaw=-0.016965 score=0.985446 valid=1 mode=tracking state=TRACKING evaluated=789 execution_us=56652 reason=tracking_pose_accepted
x=6.34986 y=4.35005 yaw=-0.0178991 score=0.983475 valid=1 mode=tracking state=TRACKING evaluated=789 execution_us=56630 reason=tracking_pose_accepted
x=6.34986 y=4.35005 yaw=-0.0188333 score=0.977754 valid=1 mode=tracking state=TRACKING evaluated=789 execution_us=57489 reason=tracking_pose_accepted
x=6.34986 y=4.35005 yaw=-0.0197674 score=0.981858 valid=1 mode=tracking state=TRACKING evaluated=789 execution_us=56830 reason=tracking_pose_accepted
x=6.34986 y=4.35005 yaw=-0.0207015 score=0.979976 valid=1 mode=tracking state=TRACKING evaluated=789 execution_us=50570 reason=tracking_pose_accepted
x=6.34986 y=4.35005 yaw=-0.00418234 score=0.987199 valid=1 mode=tracking state=TRACKING evaluated=789 execution_us=52167 reason=tracking_pose_accepted
x=6.34985 y=4.35005 yaw=-0.00511648 score=0.987265 valid=1 mode=tracking state=TRACKING evaluated=789 execution_us=51257 reason=tracking_pose_accepted
x=6.34985 y=4.35005 yaw=-0.00605063 score=0.989539 valid=1 mode=tracking state=TRACKING evaluated=789 execution_us=52114 reason=tracking_pose_accepted
x=6.34985 y=4.35005 yaw=-0.00698476 score=0.991792 valid=1 mode=tracking state=TRACKING evaluated=789 execution_us=51330 reason=tracking_pose_accepted
x=6.34985 y=4.35005 yaw=-0.00791888 score=0.990473 valid=1 mode=tracking state=TRACKING evaluated=789 execution_us=51583 reason=tracking_pose_accepted
x=6.34985 y=4.35005 yaw=-0.008853 score=0.990069 valid=1 mode=tracking state=TRACKING evaluated=789 execution_us=58860 reason=tracking_pose_accepted
x=6.34985 y=4.35005 yaw=-0.00978713 score=0.992704 valid=1 mode=tracking state=TRACKING evaluated=789 execution_us=58560 reason=tracking_pose_accepted
x=6.34985 y=4.35005 yaw=-0.0107213 score=0.990094 valid=1 mode=tracking state=TRACKING evaluated=789 execution_us=58741 reason=tracking_pose_accepted
x=6.34985 y=4.35005 yaw=-0.0116554 score=0.984081 valid=1 mode=tracking state=TRACKING evaluated=789 execution_us=58099 reason=tracking_pose_accepted
x=6.34985 y=4.35005 yaw=-0.0125895 score=0.983736 valid=1 mode=tracking state=TRACKING evaluated=789 execution_us=56195 reason=tracking_pose_accepted
x=6.34985 y=4.35005 yaw=-0.0135236 score=0.983778 valid=1 mode=tracking state=TRACKING evaluated=789 execution_us=53752 reason=tracking_pose_accepted
x=6.34985 y=4.35005 yaw=-0.0144577 score=0.98943 valid=1 mode=tracking state=TRACKING evaluated=789 execution_us=52634 reason=tracking_pose_accepted
x=6.34985 y=4.35005 yaw=-0.0153919 score=0.986693 valid=1 mode=tracking state=TRACKING evaluated=789 execution_us=54340 reason=tracking_pose_accepted
x=6.34985 y=4.35005 yaw=-0.016326 score=0.98136 valid=1 mode=tracking state=TRACKING evaluated=789 execution_us=54344 reason=tracking_pose_accepted
x=6.34985 y=4.35005 yaw=-0.0172601 score=0.983432 valid=1 mode=tracking state=TRACKING evaluated=789 execution_us=54280 reason=tracking_pose_accepted
x=6.34985 y=4.35005 yaw=-0.0181942 score=0.981904 valid=1 mode=tracking state=TRACKING evaluated=789 execution_us=54370 reason=tracking_pose_accepted
x=6.34985 y=4.35005 yaw=-0.0191284 score=0.981203 valid=1 mode=tracking state=TRACKING evaluated=789 execution_us=58471 reason=tracking_pose_accepted
x=6.34985 y=4.35005 yaw=-0.0200625 score=0.982348 valid=1 mode=tracking state=TRACKING evaluated=789 execution_us=58646 reason=tracking_pose_accepted
x=6.34985 y=4.35005 yaw=-0.0209966 score=0.976075 valid=1 mode=tracking state=TRACKING evaluated=789 execution_us=58573 reason=tracking_pose_accepted
x=6.34985 y=4.35005 yaw=-0.00447745 score=0.992439 valid=1 mode=tracking state=TRACKING evaluated=789 execution_us=59065 reason=tracking_pose_accepted
x=6.34985 y=4.35005 yaw=-0.00541158 score=0.99012 valid=1 mode=tracking state=TRACKING evaluated=789 execution_us=59253 reason=tracking_pose_accepted
x=6.34985 y=4.35005 yaw=-0.00634573 score=0.984384 valid=1 mode=tracking state=TRACKING evaluated=789 execution_us=66116 reason=tracking_pose_accepted
x=6.34984 y=4.35005 yaw=-0.00727986 score=0.990094 valid=1 mode=tracking state=TRACKING evaluated=789 execution_us=55763 reason=tracking_pose_accepted
x=6.34984 y=4.35005 yaw=-0.00821398 score=0.992685 valid=1 mode=tracking state=TRACKING evaluated=789 execution_us=55404 reason=tracking_pose_accepted
x=6.34984 y=4.35005 yaw=-0.00914811 score=0.990424 valid=1 mode=tracking state=TRACKING evaluated=789 execution_us=56185 reason=tracking_pose_accepted
x=6.34984 y=4.35005 yaw=-0.0100822 score=0.985485 valid=1 mode=tracking state=TRACKING evaluated=789 execution_us=55823 reason=tracking_pose_accepted
x=6.34984 y=4.35005 yaw=-0.0110164 score=0.992137 valid=1 mode=tracking state=TRACKING evaluated=789 execution_us=56775 reason=tracking_pose_accepted
x=6.34984 y=4.35005 yaw=-0.0119505 score=0.981665 valid=1 mode=tracking state=TRACKING evaluated=789 execution_us=59632 reason=tracking_pose_accepted
x=6.34984 y=4.35005 yaw=-0.0128846 score=0.984465 valid=1 mode=tracking state=TRACKING evaluated=789 execution_us=50487 reason=tracking_pose_accepted
x=6.34984 y=4.35006 yaw=-0.0138187 score=0.988629 valid=1 mode=tracking state=TRACKING evaluated=789 execution_us=51138 reason=tracking_pose_accepted
x=6.34984 y=4.35006 yaw=-0.0147528 score=0.981713 valid=1 mode=tracking state=TRACKING evaluated=789 execution_us=50782 reason=tracking_pose_accepted
x=6.34984 y=4.35006 yaw=-0.015687 score=0.982912 valid=1 mode=tracking state=TRACKING evaluated=789 execution_us=51084 reason=tracking_pose_accepted
x=6.34984 y=4.35006 yaw=-0.0166211 score=0.983999 valid=1 mode=tracking state=TRACKING evaluated=789 execution_us=51423 reason=tracking_pose_accepted
x=6.34984 y=4.35006 yaw=-0.0175552 score=0.984777 valid=1 mode=tracking state=TRACKING evaluated=789 execution_us=58287 reason=tracking_pose_accepted
x=6.34984 y=4.35006 yaw=-0.0184893 score=0.984435 valid=1 mode=tracking state=TRACKING evaluated=789 execution_us=55559 reason=tracking_pose_accepted
x=6.34984 y=4.35006 yaw=-0.0194235 score=0.981858 valid=1 mode=tracking state=TRACKING evaluated=789 execution_us=59147 reason=tracking_pose_accepted
x=6.34984 y=4.35006 yaw=-0.0203576 score=0.97973 valid=1 mode=tracking state=TRACKING evaluated=789 execution_us=58275 reason=tracking_pose_accepted
x=6.34984 y=4.35006 yaw=-0.0212917 score=0.978659 valid=1 mode=tracking state=TRACKING evaluated=789 execution_us=55509 reason=tracking_pose_accepted
x=6.34984 y=4.35006 yaw=-0.0222258 score=0.978068 valid=1 mode=tracking state=TRACKING evaluated=789 execution_us=56401 reason=tracking_pose_accepted
x=6.34984 y=4.35006 yaw=-0.00570668 score=0.987166 valid=1 mode=tracking state=TRACKING evaluated=789 execution_us=52161 reason=tracking_pose_accepted
x=6.34984 y=4.35006 yaw=-0.00664081 score=0.992647 valid=1 mode=tracking state=TRACKING evaluated=789 execution_us=52873 reason=tracking_pose_accepted
x=6.34984 y=4.35006 yaw=-0.00757496 score=0.990728 valid=1 mode=tracking state=TRACKING evaluated=789 execution_us=53349 reason=tracking_pose_accepted
x=6.34984 y=4.35006 yaw=-0.00850908 score=0.990221 valid=1 mode=tracking state=TRACKING evaluated=789 execution_us=53734 reason=tracking_pose_accepted
x=6.34983 y=4.35006 yaw=-0.00944321 score=0.982627 valid=1 mode=tracking state=TRACKING evaluated=789 execution_us=53559 reason=tracking_pose_accepted
x=6.34983 y=4.35006 yaw=-0.0103773 score=0.985256 valid=1 mode=tracking state=TRACKING evaluated=789 execution_us=60681 reason=tracking_pose_accepted
x=6.34983 y=4.35006 yaw=-0.0113115 score=0.981 valid=1 mode=tracking state=TRACKING evaluated=789 execution_us=57884 reason=tracking_pose_accepted
x=6.34983 y=4.35006 yaw=-0.0122456 score=0.984344 valid=1 mode=tracking state=TRACKING evaluated=789 execution_us=58189 reason=tracking_pose_accepted
x=6.34983 y=4.35006 yaw=-0.0131797 score=0.982932 valid=1 mode=tracking state=TRACKING evaluated=789 execution_us=58394 reason=tracking_pose_accepted
x=6.34983 y=4.35006 yaw=-0.0141138 score=0.983999 valid=1 mode=tracking state=TRACKING evaluated=789 execution_us=59046 reason=tracking_pose_accepted
x=6.34983 y=4.35006 yaw=-0.015048 score=0.984344 valid=1 mode=tracking state=TRACKING evaluated=789 execution_us=58946 reason=tracking_pose_accepted
x=6.34983 y=4.35006 yaw=-0.0159821 score=0.98404 valid=1 mode=tracking state=TRACKING evaluated=789 execution_us=55825 reason=tracking_pose_accepted
x=6.34983 y=4.35006 yaw=-0.0169162 score=0.980848 valid=1 mode=tracking state=TRACKING evaluated=789 execution_us=56133 reason=tracking_pose_accepted
x=6.34983 y=4.35006 yaw=-0.0178503 score=0.982912 valid=1 mode=tracking state=TRACKING evaluated=789 execution_us=56151 reason=tracking_pose_accepted
x=6.34983 y=4.35006 yaw=-0.0187844 score=0.983084 valid=1 mode=tracking state=TRACKING evaluated=789 execution_us=56040 reason=tracking_pose_accepted
x=6.34983 y=4.35006 yaw=-0.0197186 score=0.977821 valid=1 mode=tracking state=TRACKING evaluated=789 execution_us=56644 reason=tracking_pose_accepted
x=6.34983 y=4.35006 yaw=-0.0206527 score=0.982257 valid=1 mode=tracking state=TRACKING evaluated=789 execution_us=56239 reason=tracking_pose_accepted
x=6.29983 y=4.35006 yaw=0.0133198 score=0.973253 valid=1 mode=tracking state=TRACKING evaluated=789 execution_us=60598 reason=tracking_pose_accepted
x=6.34983 y=4.35006 yaw=-0.00506767 score=0.98176 valid=1 mode=tracking state=TRACKING evaluated=789 execution_us=60601 reason=tracking_pose_accepted
x=6.29983 y=4.35006 yaw=0.0114515 score=0.980179 valid=1 mode=tracking state=TRACKING evaluated=789 execution_us=60422 reason=tracking_pose_accepted
x=6.34983 y=4.35006 yaw=-0.00693595 score=0.982504 valid=1 mode=tracking state=TRACKING evaluated=789 execution_us=61547 reason=tracking_pose_accepted
x=6.29983 y=4.35006 yaw=0.0095832 score=0.977771 valid=1 mode=tracking state=TRACKING evaluated=789 execution_us=50618 reason=tracking_pose_accepted
x=6.34983 y=4.35006 yaw=-0.00880423 score=0.975096 valid=1 mode=tracking state=TRACKING evaluated=789 execution_us=50352 reason=tracking_pose_accepted
x=6.34983 y=4.35006 yaw=-0.00973837 score=0.980088 valid=1 mode=tracking state=TRACKING evaluated=789 execution_us=58528 reason=tracking_pose_accepted
x=6.29983 y=4.35006 yaw=0.0067808 score=0.975579 valid=1 mode=tracking state=TRACKING evaluated=789 execution_us=55412 reason=tracking_pose_accepted
x=6.34983 y=4.35006 yaw=-0.0116066 score=0.97492 valid=1 mode=tracking state=TRACKING evaluated=789 execution_us=58306 reason=tracking_pose_accepted
x=6.34982 y=4.35006 yaw=-0.0125408 score=0.974378 valid=1 mode=tracking state=TRACKING evaluated=789 execution_us=58367 reason=tracking_pose_accepted
x=6.34982 y=4.35006 yaw=-0.0134749 score=0.974682 valid=1 mode=tracking state=TRACKING evaluated=789 execution_us=58761 reason=tracking_pose_accepted
x=6.29982 y=4.35006 yaw=0.00304424 score=0.972458 valid=1 mode=tracking state=TRACKING evaluated=789 execution_us=59570 reason=tracking_pose_accepted
x=6.29982 y=4.35006 yaw=0.00211011 score=0.975758 valid=1 mode=tracking state=TRACKING evaluated=789 execution_us=52413 reason=tracking_pose_accepted
x=6.34982 y=4.35006 yaw=-0.0162773 score=0.975503 valid=1 mode=tracking state=TRACKING evaluated=789 execution_us=52902 reason=tracking_pose_accepted
x=6.34982 y=4.35007 yaw=-0.0172115 score=0.977469 valid=1 mode=tracking state=TRACKING evaluated=789 execution_us=53893 reason=tracking_pose_accepted
x=6.34982 y=4.35007 yaw=-0.0181456 score=0.97456 valid=1 mode=tracking state=TRACKING evaluated=789 execution_us=53501 reason=tracking_pose_accepted
x=6.34982 y=4.35007 yaw=-0.0190797 score=0.971924 valid=1 mode=tracking state=TRACKING evaluated=789 execution_us=53802 reason=tracking_pose_accepted
x=6.29982 y=4.35007 yaw=-0.00256056 score=0.974347 valid=1 mode=tracking state=TRACKING evaluated=789 execution_us=54378 reason=tracking_pose_accepted
x=6.34982 y=4.35007 yaw=-0.020948 score=0.971353 valid=1 mode=tracking state=TRACKING evaluated=789 execution_us=58148 reason=tracking_pose_accepted
x=6.29982 y=4.35007 yaw=0.0130245 score=0.978112 valid=1 mode=tracking state=TRACKING evaluated=789 execution_us=58656 reason=tracking_pose_accepted
x=6.29982 y=4.35007 yaw=0.0120903 score=0.980697 valid=1 mode=tracking state=TRACKING evaluated=789 execution_us=58165 reason=tracking_pose_accepted
x=6.34982 y=4.35007 yaw=-0.00629714 score=0.982368 valid=1 mode=tracking state=TRACKING evaluated=789 execution_us=58434 reason=tracking_pose_accepted
x=6.29982 y=4.35007 yaw=0.010222 score=0.979568 valid=1 mode=tracking state=TRACKING evaluated=789 execution_us=59597 reason=tracking_pose_accepted
x=6.34982 y=4.35007 yaw=-0.00816541 score=0.982368 valid=1 mode=tracking state=TRACKING evaluated=789 execution_us=55103 reason=tracking_pose_accepted
x=6.34982 y=4.35007 yaw=-0.00909956 score=0.977865 valid=1 mode=tracking state=TRACKING evaluated=789 execution_us=55569 reason=tracking_pose_accepted
x=6.34982 y=4.35007 yaw=-0.0100337 score=0.976592 valid=1 mode=tracking state=TRACKING evaluated=789 execution_us=56175 reason=tracking_pose_accepted
x=6.34982 y=4.35007 yaw=-0.0109678 score=0.977446 valid=1 mode=tracking state=TRACKING evaluated=789 execution_us=56149 reason=tracking_pose_accepted
x=6.34982 y=4.35007 yaw=-0.011902 score=0.976349 valid=1 mode=tracking state=TRACKING evaluated=789 execution_us=56384 reason=tracking_pose_accepted
x=6.34982 y=4.35007 yaw=-0.0128361 score=0.979784 valid=1 mode=tracking state=TRACKING evaluated=789 execution_us=56689 reason=tracking_pose_accepted
x=6.34982 y=4.35007 yaw=-0.0137702 score=0.979533 valid=1 mode=tracking state=TRACKING evaluated=789 execution_us=60056 reason=tracking_pose_accepted
x=6.34982 y=4.35007 yaw=-0.0147043 score=0.976288 valid=1 mode=tracking state=TRACKING evaluated=789 execution_us=51183 reason=tracking_pose_accepted
x=6.34982 y=4.35007 yaw=-0.0156385 score=0.978264 valid=1 mode=tracking state=TRACKING evaluated=789 execution_us=50785 reason=tracking_pose_accepted
x=6.34981 y=4.35007 yaw=-0.0165726 score=0.978872 valid=1 mode=tracking state=TRACKING evaluated=789 execution_us=51043 reason=tracking_pose_accepted
x=6.34981 y=4.35007 yaw=-0.0175067 score=0.975922 valid=1 mode=tracking state=TRACKING evaluated=789 execution_us=51578 reason=tracking_pose_accepted
x=6.29981 y=4.35007 yaw=-0.000987533 score=0.974847 valid=1 mode=tracking state=TRACKING evaluated=789 execution_us=51574 reason=tracking_pose_accepted
x=6.34981 y=4.35007 yaw=-0.019375 score=0.980484 valid=1 mode=tracking state=TRACKING evaluated=789 execution_us=110915 reason=tracking_pose_accepted
x=6.34981 y=4.35007 yaw=-0.00285581 score=0.994971 valid=1 mode=tracking state=TRACKING evaluated=789 execution_us=96308 reason=tracking_pose_accepted
x=6.34981 y=4.35007 yaw=-0.00378995 score=0.986693 valid=1 mode=tracking state=TRACKING evaluated=789 execution_us=105003 reason=tracking_pose_accepted
x=6.34981 y=4.35007 yaw=-0.00472407 score=0.980799 valid=1 mode=tracking state=TRACKING evaluated=789 execution_us=69533 reason=tracking_pose_accepted
x=6.29981 y=4.35007 yaw=0.0117951 score=0.974016 valid=1 mode=tracking state=TRACKING evaluated=789 execution_us=68475 reason=tracking_pose_accepted
x=6.34981 y=4.30007 yaw=0.010861 score=0.972692 valid=1 mode=tracking state=TRACKING evaluated=789 execution_us=52928 reason=tracking_pose_accepted
x=6.34981 y=4.30007 yaw=0.00992681 score=0.982216 valid=1 mode=tracking state=TRACKING evaluated=789 execution_us=54239 reason=tracking_pose_accepted
x=6.29981 y=4.25007 yaw=-0.00846061 score=0.966982 valid=1 mode=tracking state=TRACKING evaluated=789 execution_us=53483 reason=tracking_pose_accepted
x=6.29981 y=4.20007 yaw=-0.00939475 score=0.977368 valid=1 mode=tracking state=TRACKING evaluated=789 execution_us=53923 reason=tracking_pose_accepted
x=6.29981 y=4.15007 yaw=-0.0277822 score=0.982717 valid=1 mode=tracking state=TRACKING evaluated=789 execution_us=54646 reason=tracking_pose_accepted
x=6.29981 y=4.10007 yaw=-0.0636229 score=0.984163 valid=1 mode=tracking state=TRACKING evaluated=789 execution_us=58320 reason=tracking_pose_accepted
x=6.29981 y=4.10007 yaw=-0.0645571 score=0.975058 valid=1 mode=tracking state=TRACKING evaluated=789 execution_us=58285 reason=tracking_pose_accepted
x=6.29981 y=4.05007 yaw=-0.0654913 score=0.979078 valid=1 mode=tracking state=TRACKING evaluated=789 execution_us=58964 reason=tracking_pose_accepted
x=6.29981 y=4.05008 yaw=-0.0489722 score=0.967448 valid=1 mode=tracking state=TRACKING evaluated=789 execution_us=60459 reason=tracking_pose_accepted
x=6.29981 y=4.00008 yaw=-0.0149997 score=0.978951 valid=1 mode=tracking state=TRACKING evaluated=789 execution_us=60142 reason=tracking_pose_accepted
x=6.29981 y=4.00008 yaw=-0.0333872 score=0.988448 valid=1 mode=tracking state=TRACKING evaluated=789 execution_us=56398 reason=tracking_pose_accepted
x=6.29981 y=3.95008 yaw=-0.0343213 score=0.9906 valid=1 mode=tracking state=TRACKING evaluated=789 execution_us=55458 reason=tracking_pose_accepted
x=6.2998 y=3.95008 yaw=-0.0178022 score=0.965993 valid=1 mode=tracking state=TRACKING evaluated=789 execution_us=56241 reason=tracking_pose_accepted
x=6.3498 y=3.90008 yaw=-0.00128303 score=0.986962 valid=1 mode=tracking state=TRACKING evaluated=789 execution_us=55376 reason=tracking_pose_accepted
x=6.3498 y=3.90008 yaw=-0.0196705 score=0.988296 valid=1 mode=tracking state=TRACKING evaluated=807 execution_us=56327 reason=tracking_pose_accepted
x=6.3498 y=3.85008 yaw=-0.0380579 score=0.994179 valid=1 mode=tracking state=TRACKING evaluated=789 execution_us=55333 reason=tracking_pose_accepted
x=6.3498 y=3.85008 yaw=-0.0215387 score=0.987859 valid=1 mode=tracking state=TRACKING evaluated=807 execution_us=60119 reason=tracking_pose_accepted
x=6.3498 y=3.80008 yaw=-0.0224729 score=0.982165 valid=1 mode=tracking state=TRACKING evaluated=789 execution_us=50650 reason=tracking_pose_accepted
x=6.3498 y=3.80008 yaw=-0.023407 score=0.990069 valid=1 mode=tracking state=TRACKING evaluated=807 execution_us=50593 reason=tracking_pose_accepted
x=6.3498 y=3.80008 yaw=-0.00688786 score=0.990478 valid=1 mode=tracking state=TRACKING evaluated=789 execution_us=50293 reason=tracking_pose_accepted
x=6.3498 y=3.80008 yaw=-0.00782199 score=0.987138 valid=1 mode=tracking state=TRACKING evaluated=789 execution_us=51781 reason=tracking_pose_accepted
x=6.3498 y=3.80008 yaw=0.00869714 score=0.987384 valid=1 mode=tracking state=TRACKING evaluated=789 execution_us=51582 reason=tracking_pose_accepted
x=6.3498 y=3.80008 yaw=0.00776301 score=0.980382 valid=1 mode=tracking state=TRACKING evaluated=789 execution_us=51477 reason=tracking_pose_accepted
x=6.2998 y=3.75008 yaw=-0.0106244 score=0.969717 valid=1 mode=tracking state=TRACKING evaluated=789 execution_us=59309 reason=tracking_pose_accepted
x=6.2998 y=3.75007 yaw=0.00589471 score=0.980993 valid=1 mode=tracking state=TRACKING evaluated=807 execution_us=58837 reason=tracking_pose_accepted
x=6.2998 y=3.75007 yaw=0.00496058 score=0.979468 valid=1 mode=tracking state=TRACKING evaluated=789 execution_us=59015 reason=tracking_pose_accepted
x=6.2998 y=3.80007 yaw=0.0214797 score=0.977369 valid=1 mode=tracking state=TRACKING evaluated=789 execution_us=59323 reason=tracking_pose_accepted
x=6.3498 y=3.75007 yaw=0.00309229 score=0.979573 valid=1 mode=tracking state=TRACKING evaluated=789 execution_us=58464 reason=tracking_pose_accepted
x=6.2998 y=3.75007 yaw=0.00215815 score=0.981706 valid=1 mode=tracking state=TRACKING evaluated=789 execution_us=59335 reason=tracking_pose_accepted
x=6.2998 y=3.75007 yaw=0.001224 score=0.992341 valid=1 mode=tracking state=TRACKING evaluated=789 execution_us=51921 reason=tracking_pose_accepted
x=6.2998 y=3.75007 yaw=0.000289872 score=0.992953 valid=1 mode=tracking state=TRACKING evaluated=789 execution_us=52114 reason=tracking_pose_accepted
x=6.2998 y=3.75007 yaw=-0.000644252 score=0.99238 valid=1 mode=tracking state=TRACKING evaluated=789 execution_us=54087 reason=tracking_pose_accepted
x=6.2998 y=3.75007 yaw=-0.0190317 score=0.990201 valid=1 mode=tracking state=TRACKING evaluated=789 execution_us=52835 reason=tracking_pose_accepted
x=6.29979 y=3.75007 yaw=-0.00251253 score=0.990069 valid=1 mode=tracking state=TRACKING evaluated=789 execution_us=53572 reason=tracking_pose_accepted
x=6.29979 y=3.75007 yaw=-0.00344665 score=0.990656 valid=1 mode=tracking state=TRACKING evaluated=789 execution_us=54045 reason=tracking_pose_accepted
x=6.29979 y=3.75007 yaw=-0.00438081 score=0.992486 valid=1 mode=tracking state=TRACKING evaluated=789 execution_us=57067 reason=tracking_pose_accepted
x=6.29979 y=3.75007 yaw=-0.00531493 score=0.988061 valid=1 mode=tracking state=TRACKING evaluated=789 execution_us=57856 reason=tracking_pose_accepted
x=6.29979 y=3.75007 yaw=-0.00624906 score=0.975136 valid=1 mode=tracking state=TRACKING evaluated=789 execution_us=57764 reason=tracking_pose_accepted
x=6.29979 y=3.75007 yaw=-0.00718318 score=0.97258 valid=1 mode=tracking state=TRACKING evaluated=789 execution_us=58147 reason=tracking_pose_accepted
x=6.29979 y=3.75007 yaw=-0.0081173 score=0.974959 valid=1 mode=tracking state=TRACKING evaluated=789 execution_us=58659 reason=tracking_pose_accepted
x=6.29979 y=3.75007 yaw=-0.00905143 score=0.979962 valid=1 mode=tracking state=TRACKING evaluated=789 execution_us=57846 reason=tracking_pose_accepted
x=6.29979 y=3.75007 yaw=-0.00998555 score=0.98714 valid=1 mode=tracking state=TRACKING evaluated=789 execution_us=54482 reason=tracking_pose_accepted
x=6.29979 y=3.75007 yaw=-0.0109197 score=0.985604 valid=1 mode=tracking state=TRACKING evaluated=789 execution_us=90868 reason=tracking_pose_accepted
x=6.29979 y=3.75007 yaw=-0.0118538 score=0.981498 valid=1 mode=tracking state=TRACKING evaluated=789 execution_us=50728 reason=tracking_pose_accepted
x=6.29979 y=3.75007 yaw=-0.0127879 score=0.980947 valid=1 mode=tracking state=TRACKING evaluated=789 execution_us=55878 reason=tracking_pose_accepted
x=6.29979 y=3.75007 yaw=-0.013722 score=0.976235 valid=1 mode=tracking state=TRACKING evaluated=789 execution_us=55745 reason=tracking_pose_accepted
x=6.29979 y=3.75007 yaw=-0.0146562 score=0.978635 valid=1 mode=tracking state=TRACKING evaluated=789 execution_us=59384 reason=tracking_pose_accepted
x=6.29979 y=3.75007 yaw=-0.0155903 score=0.982465 valid=1 mode=tracking state=TRACKING evaluated=789 execution_us=60424 reason=tracking_pose_accepted
x=6.29979 y=3.75007 yaw=-0.0165244 score=0.986839 valid=1 mode=tracking state=TRACKING evaluated=789 execution_us=58779 reason=tracking_pose_accepted
x=6.29979 y=3.75007 yaw=-0.0174585 score=0.98702 valid=1 mode=tracking state=TRACKING evaluated=789 execution_us=49834 reason=tracking_pose_accepted
x=6.29979 y=3.75007 yaw=-0.000939373 score=0.987351 valid=1 mode=tracking state=TRACKING evaluated=789 execution_us=51931 reason=tracking_pose_accepted
x=6.29979 y=3.75007 yaw=-0.0193268 score=0.987087 valid=1 mode=tracking state=TRACKING evaluated=789 execution_us=50638 reason=tracking_pose_accepted
x=6.29979 y=3.80007 yaw=0.0146456 score=0.975292 valid=1 mode=tracking state=TRACKING evaluated=789 execution_us=57952 reason=tracking_pose_accepted
x=6.24978 y=3.80007 yaw=0.0660714 score=0.982063 valid=1 mode=tracking state=TRACKING evaluated=807 execution_us=59463 reason=tracking_pose_accepted
x=6.14978 y=3.80007 yaw=0.0651372 score=0.953932 valid=1 mode=tracking state=TRACKING evaluated=789 execution_us=99548 reason=tracking_pose_accepted
x=6.09978 y=3.80007 yaw=0.0467498 score=0.960978 valid=1 mode=tracking state=TRACKING evaluated=789 execution_us=86540 reason=tracking_pose_accepted
x=5.99978 y=3.85007 yaw=0.0283623 score=0.957957 valid=1 mode=tracking state=TRACKING evaluated=789 execution_us=45833 reason=tracking_pose_accepted
x=5.89978 y=3.85007 yaw=0.0274282 score=0.947682 valid=1 mode=tracking state=TRACKING evaluated=789 execution_us=51614 reason=tracking_pose_accepted
x=5.84978 y=3.85007 yaw=0.00904074 score=0.947392 valid=1 mode=tracking state=TRACKING evaluated=789 execution_us=51440 reason=tracking_pose_accepted
x=5.74978 y=3.85007 yaw=0.0081066 score=0.957201 valid=1 mode=tracking state=TRACKING evaluated=789 execution_us=51100 reason=tracking_pose_accepted
x=5.69978 y=3.85007 yaw=-0.0102808 score=0.975071 valid=1 mode=tracking state=TRACKING evaluated=789 execution_us=51698 reason=tracking_pose_accepted
x=5.59978 y=3.85007 yaw=-0.0286683 score=0.955767 valid=1 mode=tracking state=TRACKING evaluated=789 execution_us=52054 reason=tracking_pose_accepted
x=5.54978 y=3.85007 yaw=-0.0470557 score=0.960018 valid=1 mode=tracking state=TRACKING evaluated=789 execution_us=55809 reason=tracking_pose_accepted
x=5.49978 y=3.85007 yaw=-0.0828964 score=0.976827 valid=1 mode=tracking state=TRACKING evaluated=789 execution_us=57256 reason=tracking_pose_accepted
x=5.44978 y=3.85007 yaw=-0.0838306 score=0.98961 valid=1 mode=tracking state=TRACKING evaluated=789 execution_us=57310 reason=tracking_pose_accepted
x=5.39978 y=3.85007 yaw=-0.102218 score=0.987992 valid=1 mode=tracking state=TRACKING evaluated=789 execution_us=57906 reason=tracking_pose_accepted
x=5.34978 y=3.85007 yaw=-0.138059 score=0.989942 valid=1 mode=tracking state=TRACKING evaluated=789 execution_us=58804 reason=tracking_pose_accepted
x=5.29978 y=3.85007 yaw=-0.156446 score=0.977664 valid=1 mode=tracking state=TRACKING evaluated=789 execution_us=58944 reason=tracking_pose_accepted
x=5.24978 y=3.85007 yaw=-0.139927 score=0.953286 valid=1 mode=tracking state=TRACKING evaluated=789 execution_us=55265 reason=tracking_pose_accepted
x=5.24978 y=3.80007 yaw=-0.0885014 score=0.949262 valid=1 mode=tracking state=TRACKING evaluated=807 execution_us=57584 reason=tracking_pose_accepted
x=5.19978 y=3.85007 yaw=-0.0370757 score=0.981693 valid=1 mode=tracking state=TRACKING evaluated=789 execution_us=55816 reason=tracking_pose_accepted
x=5.14978 y=3.85007 yaw=-0.00310323 score=0.963044 valid=1 mode=tracking state=TRACKING evaluated=789 execution_us=57229 reason=tracking_pose_accepted
x=5.14977 y=3.85007 yaw=0.0134159 score=0.973368 valid=1 mode=tracking state=TRACKING evaluated=789 execution_us=56270 reason=tracking_pose_accepted
x=5.09977 y=3.85007 yaw=0.0299351 score=0.98079 valid=1 mode=tracking state=TRACKING evaluated=807 execution_us=56544 reason=tracking_pose_accepted
x=5.09977 y=3.85007 yaw=0.0290009 score=0.981829 valid=1 mode=tracking state=TRACKING evaluated=789 execution_us=59874 reason=tracking_pose_accepted
x=5.04977 y=3.80007 yaw=-0.00683979 score=0.983106 valid=1 mode=tracking state=TRACKING evaluated=807 execution_us=60095 reason=tracking_pose_accepted
x=5.04977 y=3.80007 yaw=-0.0252272 score=0.984334 valid=1 mode=tracking state=TRACKING evaluated=789 execution_us=59468 reason=tracking_pose_accepted
x=5.04977 y=3.80007 yaw=-0.0261614 score=0.982554 valid=1 mode=tracking state=TRACKING evaluated=789 execution_us=60267 reason=tracking_pose_accepted
x=5.04977 y=3.80007 yaw=-0.0270955 score=0.992034 valid=1 mode=tracking state=TRACKING evaluated=789 execution_us=60400 reason=tracking_pose_accepted
x=5.04977 y=3.80007 yaw=-0.0629362 score=0.990938 valid=1 mode=tracking state=TRACKING evaluated=789 execution_us=56889 reason=tracking_pose_accepted
x=5.04977 y=3.85007 yaw=-0.0638703 score=0.983061 valid=1 mode=tracking state=TRACKING evaluated=789 execution_us=56894 reason=tracking_pose_accepted
x=5.04977 y=3.85007 yaw=-0.0648045 score=0.977897 valid=1 mode=tracking state=TRACKING evaluated=789 execution_us=57589 reason=tracking_pose_accepted
x=5.04977 y=3.85007 yaw=-0.0482854 score=0.978175 valid=1 mode=tracking state=TRACKING evaluated=789 execution_us=57948 reason=tracking_pose_accepted
x=5.04977 y=3.80007 yaw=-0.014313 score=0.974608 valid=1 mode=tracking state=TRACKING evaluated=807 execution_us=58386 reason=tracking_pose_accepted
x=5.04977 y=3.80007 yaw=0.00220617 score=0.974111 valid=1 mode=tracking state=TRACKING evaluated=789 execution_us=57923 reason=tracking_pose_accepted
x=5.04977 y=3.80007 yaw=0.0187253 score=0.97204 valid=1 mode=tracking state=TRACKING evaluated=789 execution_us=61121 reason=tracking_pose_accepted
x=5.09977 y=3.80007 yaw=0.0177912 score=0.990704 valid=1 mode=tracking state=TRACKING evaluated=789 execution_us=50471 reason=tracking_pose_accepted
x=5.09977 y=3.80007 yaw=0.0343103 score=0.98802 valid=1 mode=tracking state=TRACKING evaluated=789 execution_us=50986 reason=tracking_pose_accepted
x=5.09977 y=3.80007 yaw=0.0159229 score=0.988327 valid=1 mode=tracking state=TRACKING evaluated=789 execution_us=51696 reason=tracking_pose_accepted
x=5.09977 y=3.80007 yaw=0.0149887 score=0.984488 valid=1 mode=tracking state=TRACKING evaluated=789 execution_us=51271 reason=tracking_pose_accepted
x=5.09977 y=3.80007 yaw=0.0140546 score=0.988723 valid=1 mode=tracking state=TRACKING evaluated=789 execution_us=52050 reason=tracking_pose_accepted
x=5.09976 y=3.80007 yaw=0.0131204 score=0.991022 valid=1 mode=tracking state=TRACKING evaluated=789 execution_us=55869 reason=tracking_pose_accepted
x=5.09976 y=3.80007 yaw=0.0121863 score=0.991466 valid=1 mode=tracking state=TRACKING evaluated=789 execution_us=57350 reason=tracking_pose_accepted
x=5.09976 y=3.80007 yaw=0.0112522 score=0.982291 valid=1 mode=tracking state=TRACKING evaluated=789 execution_us=56989 reason=tracking_pose_accepted
x=5.09976 y=3.80007 yaw=0.0103181 score=0.991728 valid=1 mode=tracking state=TRACKING evaluated=789 execution_us=56908 reason=tracking_pose_accepted
x=5.09976 y=3.80007 yaw=-0.00806936 score=0.988846 valid=1 mode=tracking state=TRACKING evaluated=789 execution_us=57244 reason=tracking_pose_accepted
x=5.09976 y=3.80007 yaw=-0.0264568 score=0.992589 valid=1 mode=tracking state=TRACKING evaluated=789 execution_us=53859 reason=tracking_pose_accepted
x=5.09976 y=3.80007 yaw=-0.0448442 score=0.989979 valid=1 mode=tracking state=TRACKING evaluated=789 execution_us=53582 reason=tracking_pose_accepted
x=5.09976 y=3.80007 yaw=-0.0283251 score=0.988297 valid=1 mode=tracking state=TRACKING evaluated=789 execution_us=54158 reason=tracking_pose_accepted
x=5.09976 y=3.80007 yaw=-0.0292592 score=0.981464 valid=1 mode=tracking state=TRACKING evaluated=789 execution_us=55256 reason=tracking_pose_accepted
x=5.09976 y=3.80007 yaw=-0.0301934 score=0.980177 valid=1 mode=tracking state=TRACKING evaluated=789 execution_us=55507 reason=tracking_pose_accepted
x=5.14976 y=3.80007 yaw=-0.0311275 score=0.974044 valid=1 mode=tracking state=TRACKING evaluated=807 execution_us=57170 reason=tracking_pose_accepted
x=5.14976 y=3.80007 yaw=-0.0320617 score=0.981256 valid=1 mode=tracking state=TRACKING evaluated=789 execution_us=59209 reason=tracking_pose_accepted
x=5.09976 y=3.80007 yaw=-0.0329958 score=0.976103 valid=1 mode=tracking state=TRACKING evaluated=807 execution_us=60189 reason=tracking_pose_accepted
x=5.09976 y=3.80007 yaw=-0.03393 score=0.98024 valid=1 mode=tracking state=TRACKING evaluated=789 execution_us=61014 reason=tracking_pose_accepted
x=5.09976 y=3.80007 yaw=-0.0348641 score=0.985716 valid=1 mode=tracking state=TRACKING evaluated=789 execution_us=59702 reason=tracking_pose_accepted
x=5.09976 y=3.80007 yaw=-0.0357983 score=0.970893 valid=1 mode=tracking state=TRACKING evaluated=789 execution_us=60418 reason=tracking_pose_accepted
x=5.14976 y=3.80007 yaw=-0.0367324 score=0.985256 valid=1 mode=tracking state=TRACKING evaluated=789 execution_us=50138 reason=tracking_pose_accepted
x=5.14976 y=3.80007 yaw=-0.0376666 score=0.987461 valid=1 mode=tracking state=TRACKING evaluated=807 execution_us=57054 reason=tracking_pose_accepted
x=5.14976 y=3.80007 yaw=-0.0386007 score=0.974026 valid=1 mode=tracking state=TRACKING evaluated=789 execution_us=58209 reason=tracking_pose_accepted
x=5.14976 y=3.80007 yaw=-0.0395349 score=0.975248 valid=1 mode=tracking state=TRACKING evaluated=807 execution_us=58453 reason=tracking_pose_accepted
x=5.09976 y=3.80007 yaw=-0.0230158 score=0.970016 valid=1 mode=tracking state=TRACKING evaluated=789 execution_us=57946 reason=tracking_pose_accepted
x=5.14976 y=3.80007 yaw=-0.0414032 score=0.969217 valid=1 mode=tracking state=TRACKING evaluated=807 execution_us=59412 reason=tracking_pose_accepted
x=5.14975 y=3.80007 yaw=-0.0423374 score=0.976115 valid=1 mode=tracking state=TRACKING evaluated=789 execution_us=60723 reason=tracking_pose_accepted
x=5.14975 y=3.80006 yaw=-0.0432716 score=0.970934 valid=1 mode=tracking state=TRACKING evaluated=789 execution_us=50335 reason=tracking_pose_accepted
x=5.14975 y=3.80006 yaw=-0.0442057 score=0.972915 valid=1 mode=tracking state=TRACKING evaluated=807 execution_us=53191 reason=tracking_pose_accepted
x=5.14975 y=3.80006 yaw=-0.0451399 score=0.969371 valid=1 mode=tracking state=TRACKING evaluated=789 execution_us=51564 reason=tracking_pose_accepted
x=5.09975 y=3.80006 yaw=-0.0286208 score=0.983171 valid=1 mode=tracking state=TRACKING evaluated=807 execution_us=52454 reason=tracking_pose_accepted
x=5.09975 y=3.80006 yaw=-0.0295549 score=0.982645 valid=1 mode=tracking state=TRACKING evaluated=789 execution_us=52051 reason=tracking_pose_accepted
x=5.09975 y=3.80006 yaw=-0.0304891 score=0.977998 valid=1 mode=tracking state=TRACKING evaluated=789 execution_us=59084 reason=tracking_pose_accepted
x=5.14975 y=3.80006 yaw=-0.0488765 score=0.975146 valid=1 mode=tracking state=TRACKING evaluated=789 execution_us=56563 reason=tracking_pose_accepted
x=5.09975 y=3.80006 yaw=-0.0323574 score=0.979263 valid=1 mode=tracking state=TRACKING evaluated=789 execution_us=56446 reason=tracking_pose_accepted
x=5.09975 y=3.80006 yaw=-0.0158382 score=0.990349 valid=1 mode=tracking state=TRACKING evaluated=807 execution_us=58105 reason=tracking_pose_accepted
x=5.04975 y=3.80006 yaw=-0.0342257 score=0.992188 valid=1 mode=tracking state=TRACKING evaluated=789 execution_us=57529 reason=tracking_pose_accepted
x=4.99975 y=3.80006 yaw=-0.0700664 score=0.983106 valid=1 mode=tracking state=TRACKING evaluated=789 execution_us=53265 reason=tracking_pose_accepted
x=4.94975 y=3.80006 yaw=-0.0710005 score=0.957567 valid=1 mode=tracking state=TRACKING evaluated=789 execution_us=54085 reason=tracking_pose_accepted
x=4.89975 y=3.85006 yaw=-0.0544814 score=0.970707 valid=1 mode=tracking state=TRACKING evaluated=789 execution_us=54015 reason=tracking_pose_accepted
x=4.84975 y=3.85006 yaw=-0.0379623 score=0.966759 valid=1 mode=tracking state=TRACKING evaluated=807 execution_us=55338 reason=tracking_pose_accepted
x=4.74975 y=3.85006 yaw=-0.0388964 score=0.971967 valid=1 mode=tracking state=TRACKING evaluated=789 execution_us=54812 reason=tracking_pose_accepted
x=4.69975 y=3.90006 yaw=-0.0398306 score=0.965199 valid=1 mode=tracking state=TRACKING evaluated=789 execution_us=54138 reason=tracking_pose_accepted
x=4.59975 y=3.90006 yaw=-0.0931246 score=0.960476 valid=1 mode=tracking state=TRACKING evaluated=789 execution_us=57107 reason=tracking_pose_accepted
x=4.49975 y=3.95006 yaw=-0.128965 score=0.981464 valid=1 mode=tracking state=TRACKING evaluated=789 execution_us=72900 reason=tracking_pose_accepted
x=4.39975 y=4.00006 yaw=-0.164806 score=0.965164 valid=1 mode=tracking state=TRACKING evaluated=807 execution_us=57316 reason=tracking_pose_accepted
x=4.34975 y=4.00006 yaw=-0.200647 score=0.98244 valid=1 mode=tracking state=TRACKING evaluated=789 execution_us=58121 reason=tracking_pose_accepted
x=4.29975 y=4.05006 yaw=-0.184128 score=0.986612 valid=1 mode=tracking state=TRACKING evaluated=789 execution_us=59612 reason=tracking_pose_accepted
x=4.24975 y=4.10006 yaw=-0.132702 score=0.978903 valid=1 mode=tracking state=TRACKING evaluated=789 execution_us=60297 reason=tracking_pose_accepted
x=4.24975 y=4.15006 yaw=-0.0289164 score=0.951196 valid=1 mode=tracking state=TRACKING evaluated=789 execution_us=56718 reason=tracking_pose_accepted
x=4.19975 y=4.15006 yaw=0.0574159 score=0.950236 valid=1 mode=tracking state=TRACKING evaluated=789 execution_us=57521 reason=tracking_pose_accepted
x=4.14975 y=4.20007 yaw=0.0913883 score=0.986715 valid=1 mode=tracking state=TRACKING evaluated=789 execution_us=57341 reason=tracking_pose_accepted
x=4.09975 y=4.20007 yaw=0.0380943 score=0.986928 valid=1 mode=tracking state=TRACKING evaluated=789 execution_us=56879 reason=tracking_pose_accepted
x=4.04975 y=4.20007 yaw=-0.0675596 score=0.92987 valid=1 mode=tracking state=TRACKING evaluated=789 execution_us=55474 reason=tracking_pose_accepted
x=4.04975 y=4.20007 yaw=-0.190667 score=0.98088 valid=1 mode=tracking state=TRACKING evaluated=789 execution_us=62045 reason=tracking_pose_accepted
x=4.04975 y=4.25007 yaw=-0.191601 score=0.964006 valid=1 mode=tracking state=TRACKING evaluated=789 execution_us=60492 reason=tracking_pose_accepted
x=4.04975 y=4.25007 yaw=-0.0878154 score=0.961536 valid=1 mode=tracking state=TRACKING evaluated=789 execution_us=50127 reason=tracking_pose_accepted
x=3.99975 y=4.30007 yaw=-0.053843 score=0.984642 valid=1 mode=tracking state=TRACKING evaluated=789 execution_us=50960 reason=tracking_pose_accepted
x=3.99975 y=4.30007 yaw=-0.0896837 score=0.983346 valid=1 mode=tracking state=TRACKING evaluated=789 execution_us=87183 reason=tracking_pose_accepted
x=3.94975 y=4.30007 yaw=-0.0906179 score=0.979298 valid=1 mode=tracking state=TRACKING evaluated=807 execution_us=94308 reason=tracking_pose_accepted
x=3.94975 y=4.30007 yaw=-0.0740987 score=0.985197 valid=1 mode=tracking state=TRACKING evaluated=807 execution_us=92028 reason=tracking_pose_accepted
x=3.94975 y=4.30007 yaw=-0.0924862 score=0.984848 valid=1 mode=tracking state=TRACKING evaluated=789 execution_us=75440 reason=tracking_pose_accepted
x=3.94975 y=4.35007 yaw=-0.0934203 score=0.983232 valid=1 mode=tracking state=TRACKING evaluated=789 execution_us=58565 reason=tracking_pose_accepted
x=3.94975 y=4.35007 yaw=-0.0769012 score=0.988896 valid=1 mode=tracking state=TRACKING evaluated=789 execution_us=50812 reason=tracking_pose_accepted
x=3.94975 y=4.35007 yaw=-0.0778354 score=0.983146 valid=1 mode=tracking state=TRACKING evaluated=789 execution_us=53010 reason=tracking_pose_accepted
x=3.94975 y=4.35007 yaw=-0.0613163 score=0.983566 valid=1 mode=tracking state=TRACKING evaluated=789 execution_us=53686 reason=tracking_pose_accepted
x=3.94975 y=4.35007 yaw=-0.0622505 score=0.98741 valid=1 mode=tracking state=TRACKING evaluated=789 execution_us=53119 reason=tracking_pose_accepted
x=3.94975 y=4.35007 yaw=-0.0631846 score=0.982915 valid=1 mode=tracking state=TRACKING evaluated=789 execution_us=53487 reason=tracking_pose_accepted
x=3.94975 y=4.35007 yaw=-0.0641188 score=0.985437 valid=1 mode=tracking state=TRACKING evaluated=789 execution_us=57127 reason=tracking_pose_accepted
x=3.94975 y=4.35007 yaw=-0.0475997 score=0.982276 valid=1 mode=tracking state=TRACKING evaluated=789 execution_us=57358 reason=tracking_pose_accepted
x=3.94975 y=4.35007 yaw=-0.0310806 score=0.983862 valid=1 mode=tracking state=TRACKING evaluated=789 execution_us=57440 reason=tracking_pose_accepted
x=3.94975 y=4.35007 yaw=-0.0320147 score=0.978553 valid=1 mode=tracking state=TRACKING evaluated=789 execution_us=58575 reason=tracking_pose_accepted
x=3.94975 y=4.35007 yaw=-0.0154956 score=0.985259 valid=1 mode=tracking state=TRACKING evaluated=807 execution_us=58776 reason=tracking_pose_accepted
x=3.94975 y=4.40007 yaw=-0.0164297 score=0.988848 valid=1 mode=tracking state=TRACKING evaluated=789 execution_us=58010 reason=tracking_pose_accepted
x=3.94975 y=4.40007 yaw=-0.0173639 score=0.989665 valid=1 mode=tracking state=TRACKING evaluated=789 execution_us=54749 reason=tracking_pose_accepted
x=3.94975 y=4.40007 yaw=-0.0182981 score=0.991627 valid=1 mode=tracking state=TRACKING evaluated=789 execution_us=55297 reason=tracking_pose_accepted
x=3.94975 y=4.40007 yaw=-0.0192322 score=0.986116 valid=1 mode=tracking state=TRACKING evaluated=789 execution_us=54965 reason=tracking_pose_accepted
x=3.94975 y=4.45007 yaw=-0.0201664 score=0.990778 valid=1 mode=tracking state=TRACKING evaluated=789 execution_us=53122 reason=tracking_pose_accepted
x=3.94975 y=4.45007 yaw=-0.0211005 score=0.986224 valid=1 mode=tracking state=TRACKING evaluated=789 execution_us=55709 reason=tracking_pose_accepted
x=3.94975 y=4.45007 yaw=-0.0220347 score=0.989866 valid=1 mode=tracking state=TRACKING evaluated=789 execution_us=55463 reason=tracking_pose_accepted
x=3.94975 y=4.45007 yaw=-0.0229688 score=0.984 valid=1 mode=tracking state=TRACKING evaluated=789 execution_us=58942 reason=tracking_pose_accepted
x=3.94975 y=4.45007 yaw=-0.023903 score=0.986341 valid=1 mode=tracking state=TRACKING evaluated=789 execution_us=58849 reason=tracking_pose_accepted
x=3.94975 y=4.45007 yaw=-0.0248371 score=0.982444 valid=1 mode=tracking state=TRACKING evaluated=789 execution_us=60233 reason=tracking_pose_accepted
x=3.94975 y=4.45007 yaw=-0.0257713 score=0.986443 valid=1 mode=tracking state=TRACKING evaluated=807 execution_us=60411 reason=tracking_pose_accepted
x=3.94975 y=4.45007 yaw=-0.0267054 score=0.983013 valid=1 mode=tracking state=TRACKING evaluated=789 execution_us=60496 reason=tracking_pose_accepted
x=3.94975 y=4.45007 yaw=-0.0101863 score=0.983523 valid=1 mode=tracking state=TRACKING evaluated=807 execution_us=51621 reason=tracking_pose_accepted
x=3.94975 y=4.45007 yaw=-0.0111205 score=0.985116 valid=1 mode=tracking state=TRACKING evaluated=789 execution_us=56774 reason=tracking_pose_accepted
x=3.94975 y=4.45007 yaw=-0.0120546 score=0.983136 valid=1 mode=tracking state=TRACKING evaluated=789 execution_us=57291 reason=tracking_pose_accepted
x=3.94975 y=4.45007 yaw=-0.0304421 score=0.983775 valid=1 mode=tracking state=TRACKING evaluated=789 execution_us=59109 reason=tracking_pose_accepted
x=3.94975 y=4.45007 yaw=-0.0139229 score=0.983615 valid=1 mode=tracking state=TRACKING evaluated=789 execution_us=58131 reason=tracking_pose_accepted
x=3.94975 y=4.45007 yaw=-0.0148571 score=0.989369 valid=1 mode=tracking state=TRACKING evaluated=789 execution_us=58955 reason=tracking_pose_accepted
x=3.94975 y=4.45007 yaw=-0.0157912 score=0.985703 valid=1 mode=tracking state=TRACKING evaluated=789 execution_us=57629 reason=tracking_pose_accepted
x=3.94975 y=4.45007 yaw=-0.0167254 score=0.984334 valid=1 mode=tracking state=TRACKING evaluated=789 execution_us=52149 reason=tracking_pose_accepted
x=3.94975 y=4.45007 yaw=-0.0176595 score=0.986455 valid=1 mode=tracking state=TRACKING evaluated=789 execution_us=51762 reason=tracking_pose_accepted
x=3.94975 y=4.40007 yaw=-0.0185937 score=0.980484 valid=1 mode=tracking state=TRACKING evaluated=789 execution_us=52830 reason=tracking_pose_accepted
x=3.89974 y=4.40007 yaw=-0.0195278 score=0.986765 valid=1 mode=tracking state=TRACKING evaluated=789 execution_us=52705 reason=tracking_pose_accepted
x=3.84974 y=4.35007 yaw=-0.0728219 score=0.983682 valid=1 mode=tracking state=TRACKING evaluated=789 execution_us=52704 reason=tracking_pose_accepted
x=3.79974 y=4.30007 yaw=-0.108663 score=0.980026 valid=1 mode=tracking state=TRACKING evaluated=789 execution_us=59086 reason=tracking_pose_accepted
x=3.74974 y=4.25007 yaw=-0.12705 score=0.969334 valid=1 mode=tracking state=TRACKING evaluated=789 execution_us=60447 reason=tracking_pose_accepted
x=3.74974 y=4.20007 yaw=-0.0930776 score=0.961683 valid=1 mode=tracking state=TRACKING evaluated=789 execution_us=57284 reason=tracking_pose_accepted
x=3.69974 y=4.10007 yaw=-0.0765585 score=0.975518 valid=1 mode=tracking state=TRACKING evaluated=807 execution_us=58817 reason=tracking_pose_accepted
x=3.69974 y=4.10007 yaw=-0.0600394 score=0.973761 valid=1 mode=tracking state=TRACKING evaluated=789 execution_us=58072 reason=tracking_pose_accepted
x=3.64974 y=4.05007 yaw=-0.0435202 score=0.977795 valid=1 mode=tracking state=TRACKING evaluated=789 execution_us=58250 reason=tracking_pose_accepted
x=3.64974 y=4.05007 yaw=-0.00954782 score=0.96604 valid=1 mode=tracking state=TRACKING evaluated=789 execution_us=55450 reason=tracking_pose_accepted
x=3.59974 y=4.00007 yaw=-0.010482 score=0.978599 valid=1 mode=tracking state=TRACKING evaluated=789 execution_us=55266 reason=tracking_pose_accepted
x=3.54974 y=3.95007 yaw=0.0409437 score=0.975716 valid=1 mode=tracking state=TRACKING evaluated=789 execution_us=55385 reason=tracking_pose_accepted
x=3.49974 y=3.95007 yaw=0.0225563 score=0.955676 valid=1 mode=tracking state=TRACKING evaluated=789 execution_us=55671 reason=tracking_pose_accepted
x=3.49974 y=3.90007 yaw=0.0216222 score=0.96041 valid=1 mode=tracking state=TRACKING evaluated=807 execution_us=55876 reason=tracking_pose_accepted
x=3.44974 y=3.90007 yaw=0.0381413 score=0.972771 valid=1 mode=tracking state=TRACKING evaluated=789 execution_us=55778 reason=tracking_pose_accepted
x=3.44974 y=3.85007 yaw=0.0197538 score=0.970669 valid=1 mode=tracking state=TRACKING evaluated=789 execution_us=60871 reason=tracking_pose_accepted
x=3.44974 y=3.80007 yaw=0.0537263 score=0.961189 valid=1 mode=tracking state=TRACKING evaluated=789 execution_us=59554 reason=tracking_pose_accepted
x=3.39974 y=3.80007 yaw=0.0178856 score=0.978951 valid=1 mode=tracking state=TRACKING evaluated=807 execution_us=60603 reason=tracking_pose_accepted
x=3.39974 y=3.80007 yaw=0.0169514 score=0.969466 valid=1 mode=tracking state=TRACKING evaluated=807 execution_us=61300 reason=tracking_pose_accepted
x=3.34974 y=3.75007 yaw=-0.0188893 score=0.980282 valid=1 mode=tracking state=TRACKING evaluated=789 execution_us=60296 reason=tracking_pose_accepted
x=3.34974 y=3.75007 yaw=-0.0198235 score=0.974722 valid=1 mode=tracking state=TRACKING evaluated=789 execution_us=56618 reason=tracking_pose_accepted
x=3.29974 y=3.75007 yaw=-0.0207576 score=0.971161 valid=1 mode=tracking state=TRACKING evaluated=789 execution_us=57084 reason=tracking_pose_accepted
x=3.29974 y=3.75007 yaw=-0.0216918 score=0.973944 valid=1 mode=tracking state=TRACKING evaluated=789 execution_us=57127 reason=tracking_pose_accepted
x=3.34974 y=3.75007 yaw=-0.00517262 score=0.974859 valid=1 mode=tracking state=TRACKING evaluated=789 execution_us=58048 reason=tracking_pose_accepted
x=3.34974 y=3.75007 yaw=0.0113465 score=0.983209 valid=1 mode=tracking state=TRACKING evaluated=807 execution_us=58976 reason=tracking_pose_accepted
x=3.34974 y=3.75007 yaw=0.0627723 score=0.974787 valid=1 mode=tracking state=TRACKING evaluated=789 execution_us=58302 reason=tracking_pose_accepted
x=3.34974 y=3.75007 yaw=0.0618381 score=0.974661 valid=1 mode=tracking state=TRACKING evaluated=789 execution_us=65735 reason=tracking_pose_accepted
x=3.34974 y=3.75007 yaw=0.060904 score=0.970966 valid=1 mode=tracking state=TRACKING evaluated=789 execution_us=51302 reason=tracking_pose_accepted
x=3.34974 y=3.80007 yaw=0.0425165 score=0.96948 valid=1 mode=tracking state=TRACKING evaluated=789 execution_us=51593 reason=tracking_pose_accepted
x=3.29974 y=3.80007 yaw=0.0241291 score=0.97083 valid=1 mode=tracking state=TRACKING evaluated=807 execution_us=53268 reason=tracking_pose_accepted
x=3.29974 y=3.80007 yaw=0.0231949 score=0.973812 valid=1 mode=tracking state=TRACKING evaluated=789 execution_us=51589 reason=tracking_pose_accepted
x=3.34974 y=3.80007 yaw=0.0222608 score=0.978151 valid=1 mode=tracking state=TRACKING evaluated=807 execution_us=52756 reason=tracking_pose_accepted
x=3.29974 y=3.80007 yaw=0.0213266 score=0.98178 valid=1 mode=tracking state=TRACKING evaluated=807 execution_us=59709 reason=tracking_pose_accepted
x=3.34974 y=3.80007 yaw=0.0203925 score=0.979991 valid=1 mode=tracking state=TRACKING evaluated=789 execution_us=59618 reason=tracking_pose_accepted
x=3.29974 y=3.80007 yaw=0.00200504 score=0.981874 valid=1 mode=tracking state=TRACKING evaluated=807 execution_us=61488 reason=tracking_pose_accepted
x=3.29974 y=3.80007 yaw=0.00107089 score=0.978763 valid=1 mode=tracking state=TRACKING evaluated=789 execution_us=56921 reason=tracking_pose_accepted
x=3.29974 y=3.80007 yaw=0.000136741 score=0.979612 valid=1 mode=tracking state=TRACKING evaluated=789 execution_us=58271 reason=tracking_pose_accepted
x=3.29974 y=3.85007 yaw=-0.035704 score=0.983127 valid=1 mode=tracking state=TRACKING evaluated=789 execution_us=54422 reason=tracking_pose_accepted
x=3.29974 y=3.85007 yaw=-0.0366381 score=0.977825 valid=1 mode=tracking state=TRACKING evaluated=807 execution_us=54887 reason=tracking_pose_accepted
x=3.29974 y=3.85007 yaw=-0.0375723 score=0.982601 valid=1 mode=tracking state=TRACKING evaluated=789 execution_us=54125 reason=tracking_pose_accepted
x=3.29974 y=3.85007 yaw=-0.0385064 score=0.976741 valid=1 mode=tracking state=TRACKING evaluated=789 execution_us=55009 reason=tracking_pose_accepted
x=3.29974 y=3.80007 yaw=-0.0219873 score=0.977122 valid=1 mode=tracking state=TRACKING evaluated=789 execution_us=54145 reason=tracking_pose_accepted
x=3.29974 y=3.80007 yaw=-0.0229215 score=0.976003 valid=1 mode=tracking state=TRACKING evaluated=807 execution_us=56274 reason=tracking_pose_accepted
x=3.29974 y=3.80007 yaw=-0.0238556 score=0.975177 valid=1 mode=tracking state=TRACKING evaluated=789 execution_us=58819 reason=tracking_pose_accepted
x=3.29974 y=3.85007 yaw=-0.0422431 score=0.971912 valid=1 mode=tracking state=TRACKING evaluated=789 execution_us=59113 reason=tracking_pose_accepted
x=3.34974 y=3.85007 yaw=-0.0431772 score=0.980291 valid=1 mode=tracking state=TRACKING evaluated=789 execution_us=60273 reason=tracking_pose_accepted
x=3.34974 y=3.85007 yaw=-0.0441114 score=0.978719 valid=1 mode=tracking state=TRACKING evaluated=807 execution_us=60192 reason=tracking_pose_accepted
x=3.29974 y=3.85007 yaw=-0.0450456 score=0.973004 valid=1 mode=tracking state=TRACKING evaluated=789 execution_us=59706 reason=tracking_pose_accepted
x=3.29974 y=3.85007 yaw=-0.0459798 score=0.97017 valid=1 mode=tracking state=TRACKING evaluated=789 execution_us=65447 reason=tracking_pose_accepted
x=3.29974 y=3.80007 yaw=-0.0294606 score=0.972873 valid=1 mode=tracking state=TRACKING evaluated=789 execution_us=56177 reason=tracking_pose_accepted
x=3.29974 y=3.85007 yaw=-0.0478481 score=0.973124 valid=1 mode=tracking state=TRACKING evaluated=789 execution_us=56767 reason=tracking_pose_accepted
x=3.34974 y=3.85007 yaw=-0.031329 score=0.974961 valid=1 mode=tracking state=TRACKING evaluated=807 execution_us=57308 reason=tracking_pose_accepted
x=3.34974 y=3.85007 yaw=-0.0322631 score=0.975427 valid=1 mode=tracking state=TRACKING evaluated=807 execution_us=57553 reason=tracking_pose_accepted
x=3.34974 y=3.85007 yaw=-0.0331973 score=0.972731 valid=1 mode=tracking state=TRACKING evaluated=807 execution_us=58479 reason=tracking_pose_accepted
x=3.34974 y=3.85007 yaw=-0.0341314 score=0.973671 valid=1 mode=tracking state=TRACKING evaluated=831 execution_us=63094 reason=tracking_pose_accepted
x=3.34974 y=3.85007 yaw=-0.0350656 score=0.97577 valid=1 mode=tracking state=TRACKING evaluated=807 execution_us=51254 reason=tracking_pose_accepted
x=3.34974 y=3.85007 yaw=-0.0359997 score=0.973426 valid=1 mode=tracking state=TRACKING evaluated=789 execution_us=51437 reason=tracking_pose_accepted
x=3.34974 y=3.85006 yaw=-0.0369339 score=0.974286 valid=1 mode=tracking state=TRACKING evaluated=789 execution_us=51818 reason=tracking_pose_accepted
x=3.29974 y=3.80006 yaw=-0.037868 score=0.973802 valid=1 mode=tracking state=TRACKING evaluated=807 execution_us=52010 reason=tracking_pose_accepted
x=3.34974 y=3.80006 yaw=-0.0562555 score=0.9749 valid=1 mode=tracking state=TRACKING evaluated=789 execution_us=51930 reason=tracking_pose_accepted
x=3.34974 y=3.75006 yaw=-0.022283 score=0.97075 valid=1 mode=tracking state=TRACKING evaluated=807 execution_us=59842 reason=tracking_pose_accepted
x=3.39974 y=3.70006 yaw=0.0116894 score=0.965956 valid=1 mode=tracking state=TRACKING evaluated=789 execution_us=60100 reason=tracking_pose_accepted
x=3.44974 y=3.65006 yaw=0.0456619 score=0.964382 valid=1 mode=tracking state=TRACKING evaluated=807 execution_us=60054 reason=tracking_pose_accepted
x=3.49974 y=3.60006 yaw=0.0447277 score=0.951409 valid=1 mode=tracking state=TRACKING evaluated=807 execution_us=61280 reason=tracking_pose_accepted
x=3.54974 y=3.50006 yaw=0.0961534 score=0.961678 valid=1 mode=tracking state=TRACKING evaluated=807 execution_us=57563 reason=tracking_pose_accepted
x=3.64974 y=3.45006 yaw=0.112673 score=0.953929 valid=1 mode=tracking state=TRACKING evaluated=807 execution_us=52967 reason=tracking_pose_accepted
x=3.69974 y=3.35006 yaw=0.129192 score=0.95528 valid=1 mode=tracking state=TRACKING evaluated=789 execution_us=51386 reason=tracking_pose_accepted
x=3.74974 y=3.35006 yaw=0.145711 score=0.964424 valid=1 mode=tracking state=TRACKING evaluated=807 execution_us=52836 reason=tracking_pose_accepted
x=3.74974 y=3.30006 yaw=0.16223 score=0.968131 valid=1 mode=tracking state=TRACKING evaluated=831 execution_us=53227 reason=tracking_pose_accepted
x=3.79974 y=3.25006 yaw=0.196202 score=0.957349 valid=1 mode=tracking state=TRACKING evaluated=789 execution_us=52016 reason=tracking_pose_accepted
x=3.79974 y=3.25006 yaw=0.195268 score=0.957803 valid=1 mode=tracking state=TRACKING evaluated=789 execution_us=50814 reason=tracking_pose_accepted
x=3.79974 y=3.20006 yaw=0.211788 score=0.970433 valid=1 mode=tracking state=TRACKING evaluated=789 execution_us=54772 reason=tracking_pose_accepted
x=3.74974 y=3.15006 yaw=0.228307 score=0.965453 valid=1 mode=tracking state=TRACKING evaluated=789 execution_us=57461 reason=tracking_pose_accepted
x=3.74973 y=3.10006 yaw=0.244826 score=0.974342 valid=1 mode=tracking state=TRACKING evaluated=789 execution_us=57730 reason=tracking_pose_accepted
x=3.74973 y=3.05006 yaw=0.226438 score=0.979374 valid=1 mode=tracking state=TRACKING evaluated=789 execution_us=58310 reason=tracking_pose_accepted
x=3.69973 y=3.00006 yaw=0.190598 score=0.978637 valid=1 mode=tracking state=TRACKING evaluated=807 execution_us=58829 reason=tracking_pose_accepted
x=3.64973 y=2.95006 yaw=0.154757 score=0.970999 valid=1 mode=tracking state=TRACKING evaluated=789 execution_us=57128 reason=tracking_pose_accepted
x=3.64973 y=2.90006 yaw=0.13637 score=0.981432 valid=1 mode=tracking state=TRACKING evaluated=789 execution_us=53873 reason=tracking_pose_accepted
x=3.59973 y=2.85006 yaw=0.135435 score=0.978478 valid=1 mode=tracking state=TRACKING evaluated=789 execution_us=53643 reason=tracking_pose_accepted
x=3.59973 y=2.80006 yaw=0.117048 score=0.98 valid=1 mode=tracking state=TRACKING evaluated=789 execution_us=55236 reason=tracking_pose_accepted
x=3.59973 y=2.75006 yaw=0.0986605 score=0.973052 valid=1 mode=tracking state=TRACKING evaluated=807 execution_us=56920 reason=tracking_pose_accepted
x=3.54973 y=2.70006 yaw=0.0802731 score=0.969324 valid=1 mode=tracking state=TRACKING evaluated=789 execution_us=55663 reason=tracking_pose_accepted
x=3.54973 y=2.65006 yaw=0.0793389 score=0.970691 valid=1 mode=tracking state=TRACKING evaluated=789 execution_us=56417 reason=tracking_pose_accepted
x=3.54973 y=2.60006 yaw=0.0784048 score=0.972785 valid=1 mode=tracking state=TRACKING evaluated=789 execution_us=59540 reason=tracking_pose_accepted
x=3.54973 y=2.55006 yaw=0.0600173 score=0.965597 valid=1 mode=tracking state=TRACKING evaluated=789 execution_us=60524 reason=tracking_pose_accepted
x=3.49973 y=2.50006 yaw=0.0416299 score=0.959298 valid=1 mode=tracking state=TRACKING evaluated=807 execution_us=50278 reason=tracking_pose_accepted
x=3.49973 y=2.45006 yaw=0.0232425 score=0.954959 valid=1 mode=tracking state=TRACKING evaluated=789 execution_us=49967 reason=tracking_pose_accepted
x=3.44973 y=2.45006 yaw=0.0397616 score=0.965852 valid=1 mode=tracking state=TRACKING evaluated=789 execution_us=49787 reason=tracking_pose_accepted
x=3.44973 y=2.40006 yaw=0.0213742 score=0.954495 valid=1 mode=tracking state=TRACKING evaluated=789 execution_us=50178 reason=tracking_pose_accepted
x=3.39973 y=2.35006 yaw=0.0378933 score=0.964572 valid=1 mode=tracking state=TRACKING evaluated=807 execution_us=57379 reason=tracking_pose_accepted
x=3.34973 y=2.30006 yaw=0.0195059 score=0.974855 valid=1 mode=tracking state=TRACKING evaluated=789 execution_us=57561 reason=tracking_pose_accepted
x=3.34973 y=2.30006 yaw=0.0185717 score=0.959518 valid=1 mode=tracking state=TRACKING evaluated=789 execution_us=58377 reason=tracking_pose_accepted
x=3.29973 y=2.25005 yaw=0.0350909 score=0.979099 valid=1 mode=tracking state=TRACKING evaluated=807 execution_us=60971 reason=tracking_pose_accepted
x=3.24973 y=2.20005 yaw=0.0341567 score=0.968238 valid=1 mode=tracking state=TRACKING evaluated=789 execution_us=58183 reason=tracking_pose_accepted
x=3.24973 y=2.15005 yaw=0.0157693 score=0.982733 valid=1 mode=tracking state=TRACKING evaluated=789 execution_us=56032 reason=tracking_pose_accepted
x=3.24973 y=2.10005 yaw=0.0148352 score=0.962312 valid=1 mode=tracking state=TRACKING evaluated=789 execution_us=51567 reason=tracking_pose_accepted
x=3.19973 y=2.05005 yaw=0.0488076 score=0.977849 valid=1 mode=tracking state=TRACKING evaluated=789 execution_us=52572 reason=tracking_pose_accepted
x=3.19973 y=2.00005 yaw=0.0304202 score=0.969813 valid=1 mode=tracking state=TRACKING evaluated=807 execution_us=53128 reason=tracking_pose_accepted
x=3.19973 y=1.90005 yaw=0.0120327 score=0.962969 valid=1 mode=tracking state=TRACKING evaluated=807 execution_us=53148 reason=tracking_pose_accepted
x=3.14973 y=1.85006 yaw=0.0110986 score=0.974166 valid=1 mode=tracking state=TRACKING evaluated=807 execution_us=52966 reason=tracking_pose_accepted
x=3.14973 y=1.85006 yaw=0.0276177 score=0.984152 valid=1 mode=tracking state=TRACKING evaluated=807 execution_us=57610 reason=tracking_pose_accepted
x=3.14973 y=1.80006 yaw=0.0441369 score=0.985193 valid=1 mode=tracking state=TRACKING evaluated=807 execution_us=57260 reason=tracking_pose_accepted
x=3.09973 y=1.75006 yaw=0.0432027 score=0.97188 valid=1 mode=tracking state=TRACKING evaluated=807 execution_us=58236 reason=tracking_pose_accepted
x=3.09973 y=1.70006 yaw=0.0422686 score=0.992137 valid=1 mode=tracking state=TRACKING evaluated=807 execution_us=57312 reason=tracking_pose_accepted
x=3.09973 y=1.65006 yaw=0.0238811 score=0.964686 valid=1 mode=tracking state=TRACKING evaluated=807 execution_us=58159 reason=tracking_pose_accepted
x=3.04973 y=1.60006 yaw=0.0404003 score=0.980037 valid=1 mode=tracking state=TRACKING evaluated=807 execution_us=59100 reason=tracking_pose_accepted
x=2.99973 y=1.55006 yaw=0.0394661 score=0.989637 valid=1 mode=tracking state=TRACKING evaluated=807 execution_us=55501 reason=tracking_pose_accepted
x=2.99973 y=1.55006 yaw=0.0385319 score=0.975008 valid=1 mode=tracking state=TRACKING evaluated=807 execution_us=56316 reason=tracking_pose_accepted
x=2.94973 y=1.50006 yaw=0.0026912 score=0.984839 valid=1 mode=tracking state=TRACKING evaluated=807 execution_us=56083 reason=tracking_pose_accepted
x=2.94973 y=1.50006 yaw=0.00175707 score=0.988694 valid=1 mode=tracking state=TRACKING evaluated=807 execution_us=55951 reason=tracking_pose_accepted
x=2.94973 y=1.50006 yaw=-0.0166304 score=0.984344 valid=1 mode=tracking state=TRACKING evaluated=807 execution_us=56118 reason=tracking_pose_accepted
x=2.94973 y=1.45006 yaw=-0.0350178 score=0.976379 valid=1 mode=tracking state=TRACKING evaluated=807 execution_us=56198 reason=tracking_pose_accepted
x=2.94973 y=1.45006 yaw=-0.00104538 score=0.983172 valid=1 mode=tracking state=TRACKING evaluated=807 execution_us=60381 reason=tracking_pose_accepted
x=2.94973 y=1.45006 yaw=0.0154738 score=0.981561 valid=1 mode=tracking state=TRACKING evaluated=807 execution_us=60781 reason=tracking_pose_accepted
x=2.94973 y=1.45006 yaw=0.0145396 score=0.982124 valid=1 mode=tracking state=TRACKING evaluated=807 execution_us=60496 reason=tracking_pose_accepted
x=2.94973 y=1.45006 yaw=-0.0038478 score=0.982262 valid=1 mode=tracking state=TRACKING evaluated=807 execution_us=104847 reason=tracking_pose_accepted
x=2.99973 y=1.45006 yaw=-0.00478195 score=0.984568 valid=1 mode=tracking state=TRACKING evaluated=807 execution_us=98389 reason=tracking_pose_accepted
x=2.99973 y=1.45006 yaw=0.0117372 score=0.982565 valid=1 mode=tracking state=TRACKING evaluated=807 execution_us=97935 reason=tracking_pose_accepted
x=2.99972 y=1.45006 yaw=0.0108031 score=0.989566 valid=1 mode=tracking state=TRACKING evaluated=807 execution_us=70450 reason=tracking_pose_accepted
x=2.99972 y=1.45006 yaw=0.00986893 score=0.985749 valid=1 mode=tracking state=TRACKING evaluated=807 execution_us=113969 reason=tracking_pose_accepted
x=2.99972 y=1.45006 yaw=0.00893481 score=0.983135 valid=1 mode=tracking state=TRACKING evaluated=807 execution_us=48839 reason=tracking_pose_accepted
x=2.99972 y=1.45006 yaw=0.00800069 score=0.983432 valid=1 mode=tracking state=TRACKING evaluated=807 execution_us=58385 reason=tracking_pose_accepted
x=2.99972 y=1.45006 yaw=-0.0103867 score=0.977015 valid=1 mode=tracking state=TRACKING evaluated=807 execution_us=50556 reason=tracking_pose_accepted
x=2.94972 y=1.45006 yaw=-0.0113209 score=0.9924 valid=1 mode=tracking state=TRACKING evaluated=807 execution_us=51685 reason=tracking_pose_accepted
x=2.94972 y=1.45006 yaw=-0.012255 score=0.993026 valid=1 mode=tracking state=TRACKING evaluated=807 execution_us=51212 reason=tracking_pose_accepted
x=2.94972 y=1.45006 yaw=-0.0131892 score=0.991184 valid=1 mode=tracking state=TRACKING evaluated=807 execution_us=51791 reason=tracking_pose_accepted
x=2.94972 y=1.45006 yaw=-0.0141233 score=0.987656 valid=1 mode=tracking state=TRACKING evaluated=807 execution_us=52215 reason=tracking_pose_accepted
x=2.94972 y=1.45006 yaw=0.0023958 score=0.984233 valid=1 mode=tracking state=TRACKING evaluated=807 execution_us=50980 reason=tracking_pose_accepted
x=2.94972 y=1.45006 yaw=0.00146167 score=0.984839 valid=1 mode=tracking state=TRACKING evaluated=807 execution_us=58744 reason=tracking_pose_accepted
x=2.94972 y=1.45006 yaw=0.000527516 score=0.991207 valid=1 mode=tracking state=TRACKING evaluated=807 execution_us=59437 reason=tracking_pose_accepted
x=2.94972 y=1.45006 yaw=-0.000406608 score=0.989842 valid=1 mode=tracking state=TRACKING evaluated=807 execution_us=58920 reason=tracking_pose_accepted
x=2.94972 y=1.45006 yaw=-0.00134073 score=0.9924 valid=1 mode=tracking state=TRACKING evaluated=807 execution_us=59205 reason=tracking_pose_accepted
x=2.94972 y=1.45006 yaw=-0.00227486 score=0.990069 valid=1 mode=tracking state=TRACKING evaluated=807 execution_us=59478 reason=tracking_pose_accepted
x=2.94972 y=1.45006 yaw=-0.00320902 score=0.992055 valid=1 mode=tracking state=TRACKING evaluated=807 execution_us=58920 reason=tracking_pose_accepted
x=2.94972 y=1.45006 yaw=-0.00414317 score=0.992321 valid=1 mode=tracking state=TRACKING evaluated=807 execution_us=53149 reason=tracking_pose_accepted
x=2.94972 y=1.45006 yaw=-0.00507732 score=0.991771 valid=1 mode=tracking state=TRACKING evaluated=807 execution_us=52893 reason=tracking_pose_accepted
x=2.94972 y=1.45006 yaw=-0.00601148 score=0.991013 valid=1 mode=tracking state=TRACKING evaluated=807 execution_us=53098 reason=tracking_pose_accepted
x=2.94972 y=1.45006 yaw=-0.00694563 score=0.992704 valid=1 mode=tracking state=TRACKING evaluated=807 execution_us=54477 reason=tracking_pose_accepted
x=2.94972 y=1.45006 yaw=-0.00787979 score=0.9924 valid=1 mode=tracking state=TRACKING evaluated=807 execution_us=54102 reason=tracking_pose_accepted
x=2.94972 y=1.45006 yaw=-0.00881394 score=0.9924 valid=1 mode=tracking state=TRACKING evaluated=807 execution_us=57903 reason=tracking_pose_accepted
x=2.94972 y=1.45006 yaw=-0.00974809 score=0.991792 valid=1 mode=tracking state=TRACKING evaluated=807 execution_us=59575 reason=tracking_pose_accepted
x=2.94972 y=1.45006 yaw=-0.0106822 score=0.992321 valid=1 mode=tracking state=TRACKING evaluated=807 execution_us=57728 reason=tracking_pose_accepted
x=2.94972 y=1.45006 yaw=-0.0116164 score=0.989842 valid=1 mode=tracking state=TRACKING evaluated=807 execution_us=59520 reason=tracking_pose_accepted
x=2.94972 y=1.45006 yaw=-0.0125506 score=0.988051 valid=1 mode=tracking state=TRACKING evaluated=807 execution_us=58226 reason=tracking_pose_accepted
x=2.94972 y=1.45006 yaw=-0.0134847 score=0.976989 valid=1 mode=tracking state=TRACKING evaluated=807 execution_us=59011 reason=tracking_pose_accepted
x=2.99972 y=1.50006 yaw=0.0204878 score=0.984344 valid=1 mode=tracking state=TRACKING evaluated=807 execution_us=56161 reason=tracking_pose_accepted
x=2.99972 y=1.50006 yaw=0.0195536 score=0.976137 valid=1 mode=tracking state=TRACKING evaluated=807 execution_us=55726 reason=tracking_pose_accepted
x=3.04972 y=1.55006 yaw=0.0360727 score=0.96808 valid=1 mode=tracking state=TRACKING evaluated=807 execution_us=55356 reason=tracking_pose_accepted
x=3.04972 y=1.60006 yaw=0.0351386 score=0.966896 valid=1 mode=tracking state=TRACKING evaluated=807 execution_us=55868 reason=tracking_pose_accepted
x=3.09972 y=1.70006 yaw=0.0167512 score=0.982601 valid=1 mode=tracking state=TRACKING evaluated=807 execution_us=55942 reason=tracking_pose_accepted
x=3.14972 y=1.75006 yaw=0.015817 score=0.983201 valid=1 mode=tracking state=TRACKING evaluated=807 execution_us=56079 reason=tracking_pose_accepted
x=3.14972 y=1.80006 yaw=0.0148829 score=0.978375 valid=1 mode=tracking state=TRACKING evaluated=807 execution_us=59854 reason=tracking_pose_accepted
x=3.19972 y=1.85006 yaw=0.031402 score=0.966797 valid=1 mode=tracking state=TRACKING evaluated=789 execution_us=60325 reason=tracking_pose_accepted
x=3.19972 y=1.90006 yaw=0.0130146 score=0.983067 valid=1 mode=tracking state=TRACKING evaluated=807 execution_us=61411 reason=tracking_pose_accepted
x=3.19972 y=1.95006 yaw=-0.00537285 score=0.97642 valid=1 mode=tracking state=TRACKING evaluated=789 execution_us=60036 reason=tracking_pose_accepted
x=3.24972 y=2.00006 yaw=-0.006307 score=0.975709 valid=1 mode=tracking state=TRACKING evaluated=807 execution_us=51118 reason=tracking_pose_accepted
x=3.24972 y=2.05006 yaw=0.0102121 score=0.96563 valid=1 mode=tracking state=TRACKING evaluated=807 execution_us=52347 reason=tracking_pose_accepted
x=3.24972 y=2.05006 yaw=0.0267313 score=0.977815 valid=1 mode=tracking state=TRACKING evaluated=807 execution_us=58482 reason=tracking_pose_accepted
x=3.24972 y=2.10006 yaw=0.00834388 score=0.975893 valid=1 mode=tracking state=TRACKING evaluated=807 execution_us=58730 reason=tracking_pose_accepted
x=3.24972 y=2.10006 yaw=-0.0100436 score=0.973608 valid=1 mode=tracking state=TRACKING evaluated=789 execution_us=57738 reason=tracking_pose_accepted
x=3.29972 y=2.15006 yaw=-0.0109777 score=0.96499 valid=1 mode=tracking state=TRACKING evaluated=789 execution_us=57993 reason=tracking_pose_accepted
x=3.29972 y=2.15006 yaw=-0.0119119 score=0.970475 valid=1 mode=tracking state=TRACKING evaluated=789 execution_us=59471 reason=tracking_pose_accepted
x=3.29972 y=2.15005 yaw=0.0220606 score=0.978385 valid=1 mode=tracking state=TRACKING evaluated=789 execution_us=58005 reason=tracking_pose_accepted
x=3.29972 y=2.15005 yaw=0.0211265 score=0.983468 valid=1 mode=tracking state=TRACKING evaluated=789 execution_us=50920 reason=tracking_pose_accepted
x=3.29972 y=2.15005 yaw=0.0201923 score=0.977431 valid=1 mode=tracking state=TRACKING evaluated=789 execution_us=51409 reason=tracking_pose_accepted
x=3.29972 y=2.10005 yaw=0.0367114 score=0.970598 valid=1 mode=tracking state=TRACKING evaluated=789 execution_us=50931 reason=tracking_pose_accepted
x=3.29972 y=2.10005 yaw=0.0357773 score=0.977097 valid=1 mode=tracking state=TRACKING evaluated=789 execution_us=51487 reason=tracking_pose_accepted
x=3.29972 y=2.10005 yaw=0.0348431 score=0.973918 valid=1 mode=tracking state=TRACKING evaluated=789 execution_us=51419 reason=tracking_pose_accepted
x=3.34972 y=2.10005 yaw=0.033909 score=0.969728 valid=1 mode=tracking state=TRACKING evaluated=789 execution_us=58653 reason=tracking_pose_accepted
x=3.29972 y=2.05005 yaw=0.0155215 score=0.960293 valid=1 mode=tracking state=TRACKING evaluated=807 execution_us=59904 reason=tracking_pose_accepted
x=3.29972 y=2.05005 yaw=-0.0203192 score=0.973399 valid=1 mode=tracking state=TRACKING evaluated=807 execution_us=56754 reason=tracking_pose_accepted
x=3.29972 y=2.05005 yaw=-0.0387066 score=0.975559 valid=1 mode=tracking state=TRACKING evaluated=807 execution_us=57252 reason=tracking_pose_accepted
x=3.29972 y=2.05006 yaw=-0.0396408 score=0.981235 valid=1 mode=tracking state=TRACKING evaluated=807 execution_us=58254 reason=tracking_pose_accepted
x=3.29972 y=2.05006 yaw=-0.0405749 score=0.981703 valid=1 mode=tracking state=TRACKING evaluated=807 execution_us=57568 reason=tracking_pose_accepted
x=3.29972 y=2.05006 yaw=-0.0415091 score=0.985084 valid=1 mode=tracking state=TRACKING evaluated=807 execution_us=54550 reason=tracking_pose_accepted
x=3.29972 y=2.05006 yaw=-0.02499 score=0.972437 valid=1 mode=tracking state=TRACKING evaluated=807 execution_us=55255 reason=tracking_pose_accepted
x=3.24972 y=2.05006 yaw=-0.0259241 score=0.966789 valid=1 mode=tracking state=TRACKING evaluated=807 execution_us=54950 reason=tracking_pose_accepted
x=3.24972 y=2.05006 yaw=-0.0268583 score=0.970523 valid=1 mode=tracking state=TRACKING evaluated=807 execution_us=56101 reason=tracking_pose_accepted
x=3.24972 y=2.05006 yaw=-0.0277924 score=0.967051 valid=1 mode=tracking state=TRACKING evaluated=807 execution_us=55897 reason=tracking_pose_accepted
x=3.29972 y=2.05006 yaw=-0.0287265 score=0.971357 valid=1 mode=tracking state=TRACKING evaluated=807 execution_us=55988 reason=tracking_pose_accepted
x=3.29972 y=2.05006 yaw=-0.0296606 score=0.969076 valid=1 mode=tracking state=TRACKING evaluated=807 execution_us=60403 reason=tracking_pose_accepted
x=3.29972 y=2.05006 yaw=-0.0305948 score=0.966651 valid=1 mode=tracking state=TRACKING evaluated=807 execution_us=60006 reason=tracking_pose_accepted
x=3.24972 y=2.05006 yaw=-0.0315289 score=0.973575 valid=1 mode=tracking state=TRACKING evaluated=807 execution_us=61172 reason=tracking_pose_accepted
x=3.24972 y=2.05006 yaw=-0.0150098 score=0.965745 valid=1 mode=tracking state=TRACKING evaluated=807 execution_us=61081 reason=tracking_pose_accepted
x=3.29972 y=2.05006 yaw=-0.0333972 score=0.968577 valid=1 mode=tracking state=TRACKING evaluated=807 execution_us=60247 reason=tracking_pose_accepted
x=3.29972 y=2.05006 yaw=-0.0343314 score=0.968355 valid=1 mode=tracking state=TRACKING evaluated=807 execution_us=66012 reason=tracking_pose_accepted
x=3.29972 y=2.05006 yaw=-0.0352655 score=0.970604 valid=1 mode=tracking state=TRACKING evaluated=807 execution_us=71468 reason=tracking_pose_accepted
x=3.24972 y=2.05006 yaw=-0.0187464 score=0.966337 valid=1 mode=tracking state=TRACKING evaluated=807 execution_us=57127 reason=tracking_pose_accepted
x=3.29972 y=2.05006 yaw=-0.0371338 score=0.965905 valid=1 mode=tracking state=TRACKING evaluated=807 execution_us=58058 reason=tracking_pose_accepted
x=3.29972 y=2.05006 yaw=-0.0206147 score=0.965641 valid=1 mode=tracking state=TRACKING evaluated=807 execution_us=57683 reason=tracking_pose_accepted
x=3.29972 y=2.05006 yaw=-0.0390022 score=0.971667 valid=1 mode=tracking state=TRACKING evaluated=807 execution_us=58023 reason=tracking_pose_accepted
x=3.24972 y=2.05006 yaw=-0.0399363 score=0.969135 valid=1 mode=tracking state=TRACKING evaluated=807 execution_us=61341 reason=tracking_pose_accepted
x=3.24972 y=2.05006 yaw=-0.0583237 score=0.979906 valid=1 mode=tracking state=TRACKING evaluated=807 execution_us=51983 reason=tracking_pose_accepted
x=3.19972 y=2.05006 yaw=-0.0592579 score=0.974103 valid=1 mode=tracking state=TRACKING evaluated=807 execution_us=51978 reason=tracking_pose_accepted
x=3.14972 y=2.05006 yaw=-0.0776454 score=0.96683 valid=1 mode=tracking state=TRACKING evaluated=807 execution_us=52076 reason=tracking_pose_accepted
x=3.09972 y=2.10006 yaw=-0.0785795 score=0.968995 valid=1 mode=tracking state=TRACKING evaluated=807 execution_us=51856 reason=tracking_pose_accepted
x=3.04972 y=2.10006 yaw=-0.0795136 score=0.959318 valid=1 mode=tracking state=TRACKING evaluated=789 execution_us=51064 reason=tracking_pose_accepted
x=2.94972 y=2.05006 yaw=-0.115354 score=0.953919 valid=1 mode=tracking state=TRACKING evaluated=789 execution_us=57746 reason=tracking_pose_accepted
x=2.89972 y=2.05006 yaw=-0.168648 score=0.958793 valid=1 mode=tracking state=TRACKING evaluated=807 execution_us=58906 reason=tracking_pose_accepted
x=2.84972 y=2.05006 yaw=-0.204489 score=0.963078 valid=1 mode=tracking state=TRACKING evaluated=807 execution_us=59446 reason=tracking_pose_accepted
x=2.84972 y=2.05006 yaw=-0.24033 score=0.976327 valid=1 mode=tracking state=TRACKING evaluated=807 execution_us=58917 reason=tracking_pose_accepted
x=2.79972 y=2.05006 yaw=-0.223811 score=0.982745 valid=1 mode=tracking state=TRACKING evaluated=807 execution_us=58958 reason=tracking_pose_accepted
x=2.74971 y=2.05006 yaw=-0.224745 score=0.974816 valid=1 mode=tracking state=TRACKING evaluated=807 execution_us=54778 reason=tracking_pose_accepted
x=2.69971 y=2.00006 yaw=-0.243132 score=0.977349 valid=1 mode=tracking state=TRACKING evaluated=807 execution_us=55101 reason=tracking_pose_accepted
x=2.64971 y=2.00006 yaw=-0.244067 score=0.967538 valid=1 mode=tracking state=TRACKING evaluated=807 execution_us=55470 reason=tracking_pose_accepted
x=2.59971 y=2.00006 yaw=-0.245001 score=0.963 valid=1 mode=tracking state=TRACKING evaluated=807 execution_us=53089 reason=tracking_pose_accepted
x=2.54971 y=2.00006 yaw=-0.245935 score=0.963848 valid=1 mode=tracking state=TRACKING evaluated=807 execution_us=54792 reason=tracking_pose_accepted
x=2.49971 y=2.00006 yaw=-0.229416 score=0.959214 valid=1 mode=tracking state=TRACKING evaluated=807 execution_us=55853 reason=tracking_pose_accepted
x=2.44971 y=2.00006 yaw=-0.17799 score=0.965344 valid=1 mode=tracking state=TRACKING evaluated=807 execution_us=58912 reason=tracking_pose_accepted
x=2.39971 y=2.00006 yaw=-0.126564 score=0.950491 valid=1 mode=tracking state=TRACKING evaluated=807 execution_us=59300 reason=tracking_pose_accepted
x=2.29971 y=2.05006 yaw=-0.092592 score=0.960939 valid=1 mode=tracking state=TRACKING evaluated=807 execution_us=59912 reason=tracking_pose_accepted
x=2.24971 y=2.05006 yaw=-0.0760729 score=0.970802 valid=1 mode=tracking state=TRACKING evaluated=807 execution_us=59522 reason=tracking_pose_accepted
x=2.19971 y=2.05006 yaw=-0.0770071 score=0.977901 valid=1 mode=tracking state=TRACKING evaluated=807 execution_us=59213 reason=tracking_pose_accepted
x=2.19971 y=2.05006 yaw=-0.060488 score=0.98033 valid=1 mode=tracking state=TRACKING evaluated=807 execution_us=59916 reason=tracking_pose_accepted
x=2.14971 y=2.05006 yaw=-0.0439688 score=0.981553 valid=1 mode=tracking state=TRACKING evaluated=807 execution_us=56369 reason=tracking_pose_accepted
x=2.14971 y=2.05006 yaw=-0.0274497 score=0.989097 valid=1 mode=tracking state=TRACKING evaluated=807 execution_us=56610 reason=tracking_pose_accepted
x=2.09971 y=2.05006 yaw=-0.0109306 score=0.975278 valid=1 mode=tracking state=TRACKING evaluated=807 execution_us=56768 reason=tracking_pose_accepted
x=2.09971 y=2.05006 yaw=0.00558861 score=0.983658 valid=1 mode=tracking state=TRACKING evaluated=831 execution_us=58187 reason=tracking_pose_accepted
x=2.09971 y=2.05006 yaw=-0.0127988 score=0.985795 valid=1 mode=tracking state=TRACKING evaluated=831 execution_us=58035 reason=tracking_pose_accepted
x=2.09971 y=2.05006 yaw=0.00372033 score=0.986028 valid=1 mode=tracking state=TRACKING evaluated=831 execution_us=60642 reason=tracking_pose_accepted
x=2.09971 y=2.05007 yaw=0.0027862 score=0.98656 valid=1 mode=tracking state=TRACKING evaluated=831 execution_us=61291 reason=tracking_pose_accepted
x=2.09971 y=2.05007 yaw=-0.0156013 score=0.982884 valid=1 mode=tracking state=TRACKING evaluated=831 execution_us=62419 reason=tracking_pose_accepted
x=2.09971 y=2.05007 yaw=-0.0339887 score=0.977116 valid=1 mode=tracking state=TRACKING evaluated=831 execution_us=61783 reason=tracking_pose_accepted
x=2.09971 y=2.05007 yaw=-0.0523761 score=0.970511 valid=1 mode=tracking state=TRACKING evaluated=831 execution_us=62213 reason=tracking_pose_accepted
x=2.09971 y=2.05007 yaw=-0.035857 score=0.973874 valid=1 mode=tracking state=TRACKING evaluated=831 execution_us=51593 reason=tracking_pose_accepted
x=2.09971 y=2.05007 yaw=-0.0367911 score=0.976719 valid=1 mode=tracking state=TRACKING evaluated=831 execution_us=58906 reason=tracking_pose_accepted
x=2.09971 y=2.05007 yaw=-0.0377253 score=0.97346 valid=1 mode=tracking state=TRACKING evaluated=831 execution_us=60616 reason=tracking_pose_accepted
x=2.09971 y=2.05007 yaw=-0.0212062 score=0.973148 valid=1 mode=tracking state=TRACKING evaluated=831 execution_us=60045 reason=tracking_pose_accepted
x=2.09971 y=2.05007 yaw=-0.0395936 score=0.978694 valid=1 mode=tracking state=TRACKING evaluated=831 execution_us=60066 reason=tracking_pose_accepted
x=2.09971 y=2.05007 yaw=-0.0405278 score=0.980023 valid=1 mode=tracking state=TRACKING evaluated=831 execution_us=61235 reason=tracking_pose_accepted
x=2.09971 y=2.05007 yaw=-0.0414619 score=0.981521 valid=1 mode=tracking state=TRACKING evaluated=831 execution_us=60395 reason=tracking_pose_accepted
x=2.09971 y=2.05007 yaw=-0.0423961 score=0.975542 valid=1 mode=tracking state=TRACKING evaluated=831 execution_us=52314 reason=tracking_pose_accepted
x=2.09971 y=2.05007 yaw=-0.025877 score=0.974062 valid=1 mode=tracking state=TRACKING evaluated=831 execution_us=54001 reason=tracking_pose_accepted
x=2.09971 y=2.05007 yaw=-0.0268111 score=0.975865 valid=1 mode=tracking state=TRACKING evaluated=831 execution_us=54305 reason=tracking_pose_accepted
x=2.09972 y=2.05007 yaw=-0.0277453 score=0.975428 valid=1 mode=tracking state=TRACKING evaluated=831 execution_us=54223 reason=tracking_pose_accepted
x=2.09972 y=2.05007 yaw=-0.0286794 score=0.977922 valid=1 mode=tracking state=TRACKING evaluated=831 execution_us=54443 reason=tracking_pose_accepted
x=2.09972 y=2.05007 yaw=-0.0296136 score=0.977522 valid=1 mode=tracking state=TRACKING evaluated=831 execution_us=54366 reason=tracking_pose_accepted
x=2.09972 y=2.05007 yaw=-0.0305477 score=0.979374 valid=1 mode=tracking state=TRACKING evaluated=831 execution_us=61623 reason=tracking_pose_accepted
x=2.09972 y=2.05007 yaw=-0.0314819 score=0.974438 valid=1 mode=tracking state=TRACKING evaluated=831 execution_us=60323 reason=tracking_pose_accepted
x=2.09972 y=2.05007 yaw=-0.032416 score=0.976006 valid=1 mode=tracking state=TRACKING evaluated=831 execution_us=60306 reason=tracking_pose_accepted
x=2.09972 y=2.05007 yaw=-0.0333502 score=0.979311 valid=1 mode=tracking state=TRACKING evaluated=831 execution_us=60275 reason=tracking_pose_accepted
x=2.09972 y=2.05007 yaw=-0.0342844 score=0.980382 valid=1 mode=tracking state=TRACKING evaluated=831 execution_us=60763 reason=tracking_pose_accepted
x=2.09972 y=2.05007 yaw=-0.0352185 score=0.975788 valid=1 mode=tracking state=TRACKING evaluated=831 execution_us=60051 reason=tracking_pose_accepted
x=2.09972 y=2.05007 yaw=-0.0361527 score=0.980964 valid=1 mode=tracking state=TRACKING evaluated=831 execution_us=53591 reason=tracking_pose_accepted
x=2.09972 y=2.05007 yaw=-0.0370868 score=0.970121 valid=1 mode=tracking state=TRACKING evaluated=831 execution_us=53917 reason=tracking_pose_accepted
x=2.09972 y=2.05007 yaw=-0.038021 score=0.97878 valid=1 mode=tracking state=TRACKING evaluated=831 execution_us=53326 reason=tracking_pose_accepted
x=2.09972 y=2.05007 yaw=-0.0389551 score=0.973994 valid=1 mode=tracking state=TRACKING evaluated=831 execution_us=54908 reason=tracking_pose_accepted
x=2.09972 y=2.05007 yaw=-0.022436 score=0.981261 valid=1 mode=tracking state=TRACKING evaluated=831 execution_us=55278 reason=tracking_pose_accepted
x=2.09972 y=2.05007 yaw=-0.0408234 score=0.98029 valid=1 mode=tracking state=TRACKING evaluated=831 execution_us=59614 reason=tracking_pose_accepted
x=2.09972 y=2.05007 yaw=-0.0417576 score=0.978848 valid=1 mode=tracking state=TRACKING evaluated=831 execution_us=59185 reason=tracking_pose_accepted
x=2.09972 y=2.05007 yaw=-0.0426918 score=0.976194 valid=1 mode=tracking state=TRACKING evaluated=831 execution_us=59914 reason=tracking_pose_accepted
x=2.09972 y=2.05007 yaw=-0.0261727 score=0.969455 valid=1 mode=tracking state=TRACKING evaluated=831 execution_us=60550 reason=tracking_pose_accepted
x=2.09972 y=2.05007 yaw=-0.0271068 score=0.978735 valid=1 mode=tracking state=TRACKING evaluated=831 execution_us=60156 reason=tracking_pose_accepted
x=2.09972 y=2.05007 yaw=-0.028041 score=0.982245 valid=1 mode=tracking state=TRACKING evaluated=831 execution_us=61050 reason=tracking_pose_accepted
x=2.09972 y=2.05007 yaw=-0.0289751 score=0.976728 valid=1 mode=tracking state=TRACKING evaluated=831 execution_us=57291 reason=tracking_pose_accepted
x=2.09972 y=2.05007 yaw=-0.0299093 score=0.974856 valid=1 mode=tracking state=TRACKING evaluated=831 execution_us=57722 reason=tracking_pose_accepted
x=2.09972 y=2.05007 yaw=-0.0308434 score=0.976316 valid=1 mode=tracking state=TRACKING evaluated=831 execution_us=58283 reason=tracking_pose_accepted
x=2.09972 y=2.05007 yaw=-0.0317776 score=0.973475 valid=1 mode=tracking state=TRACKING evaluated=831 execution_us=57503 reason=tracking_pose_accepted
x=2.09972 y=2.05007 yaw=-0.0327117 score=0.979608 valid=1 mode=tracking state=TRACKING evaluated=831 execution_us=58366 reason=tracking_pose_accepted
x=2.09972 y=2.05007 yaw=-0.0336459 score=0.979661 valid=1 mode=tracking state=TRACKING evaluated=831 execution_us=60008 reason=tracking_pose_accepted
x=2.09972 y=2.05007 yaw=-0.0345801 score=0.975519 valid=1 mode=tracking state=TRACKING evaluated=831 execution_us=52117 reason=tracking_pose_accepted
x=2.09972 y=2.05007 yaw=-0.0355142 score=0.980805 valid=1 mode=tracking state=TRACKING evaluated=831 execution_us=52275 reason=tracking_pose_accepted
x=2.09972 y=2.05008 yaw=-0.0364484 score=0.975426 valid=1 mode=tracking state=TRACKING evaluated=831 execution_us=53158 reason=tracking_pose_accepted
x=2.09972 y=2.05008 yaw=-0.0373825 score=0.980597 valid=1 mode=tracking state=TRACKING evaluated=831 execution_us=52902 reason=tracking_pose_accepted
x=2.09972 y=2.05008 yaw=-0.0383167 score=0.974613 valid=1 mode=tracking state=TRACKING evaluated=831 execution_us=53484 reason=tracking_pose_accepted
x=2.09972 y=2.05008 yaw=-0.0392508 score=0.980547 valid=1 mode=tracking state=TRACKING evaluated=831 execution_us=84805 reason=tracking_pose_accepted
x=2.09972 y=2.05008 yaw=-0.040185 score=0.97754 valid=1 mode=tracking state=TRACKING evaluated=831 execution_us=104607 reason=tracking_pose_accepted
x=2.09972 y=2.05008 yaw=-0.0411191 score=0.973475 valid=1 mode=tracking state=TRACKING evaluated=831 execution_us=90331 reason=tracking_pose_accepted
x=2.09972 y=2.05008 yaw=-0.0420533 score=0.975824 valid=1 mode=tracking state=TRACKING evaluated=831 execution_us=73641 reason=tracking_pose_accepted
x=2.09972 y=2.05008 yaw=-0.0255342 score=0.976127 valid=1 mode=tracking state=TRACKING evaluated=831 execution_us=55751 reason=tracking_pose_accepted
x=2.09972 y=2.05008 yaw=-0.0264683 score=0.978791 valid=1 mode=tracking state=TRACKING evaluated=831 execution_us=55126 reason=tracking_pose_accepted
x=2.09972 y=2.05008 yaw=-0.0448558 score=0.97413 valid=1 mode=tracking state=TRACKING evaluated=831 execution_us=54599 reason=tracking_pose_accepted
x=2.09972 y=2.05008 yaw=-0.0283366 score=0.979567 valid=1 mode=tracking state=TRACKING evaluated=831 execution_us=54697 reason=tracking_pose_accepted
x=2.09972 y=2.05008 yaw=-0.0292708 score=0.974306 valid=1 mode=tracking state=TRACKING evaluated=831 execution_us=54893 reason=tracking_pose_accepted
x=2.09972 y=2.05008 yaw=-0.0302049 score=0.979257 valid=1 mode=tracking state=TRACKING evaluated=831 execution_us=61640 reason=tracking_pose_accepted
x=2.09973 y=2.05008 yaw=-0.0311391 score=0.976316 valid=1 mode=tracking state=TRACKING evaluated=831 execution_us=59366 reason=tracking_pose_accepted
x=2.09973 y=2.05008 yaw=-0.0320732 score=0.976625 valid=1 mode=tracking state=TRACKING evaluated=831 execution_us=59163 reason=tracking_pose_accepted
x=2.09973 y=2.05008 yaw=-0.0330074 score=0.980288 valid=1 mode=tracking state=TRACKING evaluated=831 execution_us=58649 reason=tracking_pose_accepted
x=2.09973 y=2.05008 yaw=-0.0339415 score=0.981263 valid=1 mode=tracking state=TRACKING evaluated=831 execution_us=60429 reason=tracking_pose_accepted
x=2.09973 y=2.05008 yaw=-0.0348757 score=0.981782 valid=1 mode=tracking state=TRACKING evaluated=831 execution_us=59121 reason=tracking_pose_accepted
x=2.09973 y=2.05008 yaw=-0.0358098 score=0.984181 valid=1 mode=tracking state=TRACKING evaluated=831 execution_us=55685 reason=tracking_pose_accepted
x=2.09973 y=2.05008 yaw=-0.036744 score=0.976687 valid=1 mode=tracking state=TRACKING evaluated=831 execution_us=55644 reason=tracking_pose_accepted
x=2.09973 y=2.05008 yaw=-0.0376782 score=0.974988 valid=1 mode=tracking state=TRACKING evaluated=831 execution_us=55534 reason=tracking_pose_accepted
x=2.09973 y=2.05008 yaw=-0.0386123 score=0.980855 valid=1 mode=tracking state=TRACKING evaluated=831 execution_us=56128 reason=tracking_pose_accepted
x=2.09973 y=2.05008 yaw=-0.0395465 score=0.977672 valid=1 mode=tracking state=TRACKING evaluated=831 execution_us=55525 reason=tracking_pose_accepted
x=2.09973 y=2.05008 yaw=-0.0404806 score=0.976748 valid=1 mode=tracking state=TRACKING evaluated=831 execution_us=56257 reason=tracking_pose_accepted
x=2.09973 y=2.05008 yaw=-0.0414148 score=0.979419 valid=1 mode=tracking state=TRACKING evaluated=831 execution_us=61613 reason=tracking_pose_accepted
x=2.09973 y=2.05008 yaw=-0.0423489 score=0.976127 valid=1 mode=tracking state=TRACKING evaluated=831 execution_us=59358 reason=tracking_pose_accepted
x=2.09973 y=2.05008 yaw=-0.0258298 score=0.978735 valid=1 mode=tracking state=TRACKING evaluated=831 execution_us=60343 reason=tracking_pose_accepted
x=2.09973 y=2.05008 yaw=-0.0442173 score=0.975824 valid=1 mode=tracking state=TRACKING evaluated=831 execution_us=61403 reason=tracking_pose_accepted
x=2.09973 y=2.05008 yaw=-0.0276981 score=0.972467 valid=1 mode=tracking state=TRACKING evaluated=831 execution_us=61551 reason=tracking_pose_accepted
x=2.09973 y=2.05008 yaw=-0.0286323 score=0.976542 valid=1 mode=tracking state=TRACKING evaluated=831 execution_us=62124 reason=tracking_pose_accepted
x=2.09973 y=2.05008 yaw=-0.0295664 score=0.979567 valid=1 mode=tracking state=TRACKING evaluated=831 execution_us=58290 reason=tracking_pose_accepted
x=2.09973 y=2.05008 yaw=-0.0305006 score=0.973999 valid=1 mode=tracking state=TRACKING evaluated=831 execution_us=58410 reason=tracking_pose_accepted
x=2.09973 y=2.05008 yaw=-0.0314347 score=0.979458 valid=1 mode=tracking state=TRACKING evaluated=831 execution_us=58294 reason=tracking_pose_accepted
x=2.09973 y=2.05008 yaw=-0.0323689 score=0.979982 valid=1 mode=tracking state=TRACKING evaluated=831 execution_us=58686 reason=tracking_pose_accepted
x=2.09973 y=2.05008 yaw=-0.0333031 score=0.979419 valid=1 mode=tracking state=TRACKING evaluated=831 execution_us=58844 reason=tracking_pose_accepted
x=2.09973 y=2.05008 yaw=-0.0342372 score=0.977304 valid=1 mode=tracking state=TRACKING evaluated=831 execution_us=66075 reason=tracking_pose_accepted
x=2.09973 y=2.05008 yaw=-0.0351714 score=0.978793 valid=1 mode=tracking state=TRACKING evaluated=831 execution_us=52206 reason=tracking_pose_accepted
x=2.09973 y=2.05008 yaw=-0.0361055 score=0.979982 valid=1 mode=tracking state=TRACKING evaluated=831 execution_us=52725 reason=tracking_pose_accepted
x=2.09973 y=2.05008 yaw=-0.0370397 score=0.981473 valid=1 mode=tracking state=TRACKING evaluated=831 execution_us=54366 reason=tracking_pose_accepted
x=2.09973 y=2.05008 yaw=-0.0379738 score=0.97567 valid=1 mode=tracking state=TRACKING evaluated=831 execution_us=53794 reason=tracking_pose_accepted
x=2.09973 y=2.05008 yaw=-0.038908 score=0.981164 valid=1 mode=tracking state=TRACKING evaluated=831 execution_us=53806 reason=tracking_pose_accepted
x=2.09973 y=2.05008 yaw=-0.0398421 score=0.980547 valid=1 mode=tracking state=TRACKING evaluated=831 execution_us=53438 reason=tracking_pose_accepted
x=2.09973 y=2.05009 yaw=-0.0407763 score=0.977482 valid=1 mode=tracking state=TRACKING evaluated=831 execution_us=60383 reason=tracking_pose_accepted
x=2.09973 y=2.05009 yaw=-0.0242572 score=0.975802 valid=1 mode=tracking state=TRACKING evaluated=831 execution_us=60519 reason=tracking_pose_accepted
x=2.09973 y=2.05009 yaw=-0.0251913 score=0.976874 valid=1 mode=tracking state=TRACKING evaluated=831 execution_us=60520 reason=tracking_pose_accepted
x=2.09973 y=2.05009 yaw=-0.0261255 score=0.976502 valid=1 mode=tracking state=TRACKING evaluated=831 execution_us=61323 reason=tracking_pose_accepted
x=2.09973 y=2.05009 yaw=-0.0270596 score=0.979311 valid=1 mode=tracking state=TRACKING evaluated=831 execution_us=61149 reason=tracking_pose_accepted
x=2.09973 y=2.05009 yaw=-0.0279938 score=0.979823 valid=1 mode=tracking state=TRACKING evaluated=831 execution_us=54200 reason=tracking_pose_accepted
x=2.09973 y=2.05009 yaw=-0.0289279 score=0.97962 valid=1 mode=tracking state=TRACKING evaluated=831 execution_us=55482 reason=tracking_pose_accepted
x=2.09973 y=2.05009 yaw=-0.0298621 score=0.976357 valid=1 mode=tracking state=TRACKING evaluated=831 execution_us=54930 reason=tracking_pose_accepted
x=2.09973 y=2.05009 yaw=-0.0307962 score=0.979674 valid=1 mode=tracking state=TRACKING evaluated=831 execution_us=55622 reason=tracking_pose_accepted
x=2.09973 y=2.05009 yaw=-0.0317304 score=0.979366 valid=1 mode=tracking state=TRACKING evaluated=831 execution_us=56060 reason=tracking_pose_accepted
x=2.09973 y=2.05009 yaw=-0.0326645 score=0.982772 valid=1 mode=tracking state=TRACKING evaluated=831 execution_us=55310 reason=tracking_pose_accepted
x=2.09973 y=2.05009 yaw=-0.0335987 score=0.976869 valid=1 mode=tracking state=TRACKING evaluated=831 execution_us=60352 reason=tracking_pose_accepted
x=2.09973 y=2.05009 yaw=-0.0345328 score=0.981115 valid=1 mode=tracking state=TRACKING evaluated=831 execution_us=59988 reason=tracking_pose_accepted
x=2.09974 y=2.05009 yaw=-0.0180137 score=0.977867 valid=1 mode=tracking state=TRACKING evaluated=831 execution_us=59988 reason=tracking_pose_accepted
x=2.09974 y=2.05009 yaw=-0.0364012 score=0.976098 valid=1 mode=tracking state=TRACKING evaluated=831 execution_us=60363 reason=tracking_pose_accepted
x=2.09974 y=2.05009 yaw=-0.0373353 score=0.978904 valid=1 mode=tracking state=TRACKING evaluated=831 execution_us=60262 reason=tracking_pose_accepted
x=2.09974 y=2.05009 yaw=-0.0382695 score=0.980547 valid=1 mode=tracking state=TRACKING evaluated=831 execution_us=65279 reason=tracking_pose_accepted
x=2.09974 y=2.05009 yaw=-0.0392036 score=0.977245 valid=1 mode=tracking state=TRACKING evaluated=831 execution_us=57278 reason=tracking_pose_accepted
x=2.09974 y=2.05009 yaw=-0.0401378 score=0.976996 valid=1 mode=tracking state=TRACKING evaluated=831 execution_us=56434 reason=tracking_pose_accepted
x=2.09974 y=2.05009 yaw=-0.0410719 score=0.97576 valid=1 mode=tracking state=TRACKING evaluated=831 execution_us=56856 reason=tracking_pose_accepted
x=2.09974 y=2.05009 yaw=-0.0420061 score=0.973375 valid=1 mode=tracking state=TRACKING evaluated=831 execution_us=57000 reason=tracking_pose_accepted
x=2.09974 y=2.05009 yaw=-0.025487 score=0.976357 valid=1 mode=tracking state=TRACKING evaluated=831 execution_us=57066 reason=tracking_pose_accepted
x=2.09974 y=2.05009 yaw=-0.0264211 score=0.979099 valid=1 mode=tracking state=TRACKING evaluated=831 execution_us=60393 reason=tracking_pose_accepted
x=2.09974 y=2.05009 yaw=-0.0273553 score=0.979257 valid=1 mode=tracking state=TRACKING evaluated=831 execution_us=60958 reason=tracking_pose_accepted
x=2.09974 y=2.05009 yaw=-0.0282894 score=0.977037 valid=1 mode=tracking state=TRACKING evaluated=831 execution_us=62172 reason=tracking_pose_accepted
x=2.09974 y=2.05009 yaw=-0.0292236 score=0.972939 valid=1 mode=tracking state=TRACKING evaluated=831 execution_us=61991 reason=tracking_pose_accepted
x=2.09974 y=2.05009 yaw=-0.0301577 score=0.976789 valid=1 mode=tracking state=TRACKING evaluated=831 execution_us=51306 reason=tracking_pose_accepted
x=2.09974 y=2.05009 yaw=-0.0310919 score=0.979513 valid=1 mode=tracking state=TRACKING evaluated=831 execution_us=61416 reason=tracking_pose_accepted
x=2.09974 y=2.05009 yaw=-0.0320261 score=0.982554 valid=1 mode=tracking state=TRACKING evaluated=831 execution_us=59158 reason=tracking_pose_accepted
x=2.09974 y=2.05009 yaw=-0.0329602 score=0.979727 valid=1 mode=tracking state=TRACKING evaluated=831 execution_us=58457 reason=tracking_pose_accepted
x=2.09974 y=2.05009 yaw=-0.0338944 score=0.978078 valid=1 mode=tracking state=TRACKING evaluated=831 execution_us=59040 reason=tracking_pose_accepted
x=2.09974 y=2.05009 yaw=-0.0348285 score=0.975362 valid=1 mode=tracking state=TRACKING evaluated=831 execution_us=59662 reason=tracking_pose_accepted
x=2.09974 y=2.05009 yaw=-0.0357627 score=0.979157 valid=1 mode=tracking state=TRACKING evaluated=831 execution_us=59275 reason=tracking_pose_accepted
x=2.09974 y=2.05009 yaw=-0.0366968 score=0.981213 valid=1 mode=tracking state=TRACKING evaluated=831 execution_us=59957 reason=tracking_pose_accepted
x=2.09974 y=2.05009 yaw=-0.037631 score=0.974969 valid=1 mode=tracking state=TRACKING evaluated=831 execution_us=52177 reason=tracking_pose_accepted
x=2.09974 y=2.05009 yaw=-0.0385651 score=0.981115 valid=1 mode=tracking state=TRACKING evaluated=831 execution_us=52970 reason=tracking_pose_accepted
x=2.09974 y=2.05009 yaw=-0.022046 score=0.977441 valid=1 mode=tracking state=TRACKING evaluated=831 execution_us=53645 reason=tracking_pose_accepted
x=2.09974 y=2.05009 yaw=-0.0404334 score=0.979929 valid=1 mode=tracking state=TRACKING evaluated=831 execution_us=53934 reason=tracking_pose_accepted
x=2.09974 y=2.05009 yaw=-0.0413676 score=0.979674 valid=1 mode=tracking state=TRACKING evaluated=831 execution_us=54217 reason=tracking_pose_accepted
x=2.09974 y=2.05009 yaw=-0.0248485 score=0.973247 valid=1 mode=tracking state=TRACKING evaluated=831 execution_us=61678 reason=tracking_pose_accepted
x=2.09974 y=2.05009 yaw=-0.0257826 score=0.976935 valid=1 mode=tracking state=TRACKING evaluated=831 execution_us=58388 reason=tracking_pose_accepted
x=2.09974 y=2.05009 yaw=-0.0441701 score=0.974438 valid=1 mode=tracking state=TRACKING evaluated=831 execution_us=58761 reason=tracking_pose_accepted
x=2.09974 y=2.0501 yaw=-0.0276509 score=0.976605 valid=1 mode=tracking state=TRACKING evaluated=831 execution_us=58793 reason=tracking_pose_accepted
x=2.09974 y=2.0501 yaw=-0.0285851 score=0.979823 valid=1 mode=tracking state=TRACKING evaluated=831 execution_us=58553 reason=tracking_pose_accepted
x=2.09974 y=2.0501 yaw=-0.0295192 score=0.976605 valid=1 mode=tracking state=TRACKING evaluated=831 execution_us=78259 reason=tracking_pose_accepted
x=2.09974 y=2.0501 yaw=-0.0130001 score=0.973714 valid=1 mode=tracking state=TRACKING evaluated=831 execution_us=90470 reason=tracking_pose_accepted
x=2.09974 y=2.0501 yaw=-0.0313875 score=0.974546 valid=1 mode=tracking state=TRACKING evaluated=831 execution_us=55452 reason=tracking_pose_accepted
x=2.09974 y=2.0501 yaw=-0.0323217 score=0.97962 valid=1 mode=tracking state=TRACKING evaluated=831 execution_us=57046 reason=tracking_pose_accepted
x=2.09974 y=2.0501 yaw=-0.0332558 score=0.979514 valid=1 mode=tracking state=TRACKING evaluated=831 execution_us=57837 reason=tracking_pose_accepted
x=2.09974 y=2.0501 yaw=-0.03419 score=0.977056 valid=1 mode=tracking state=TRACKING evaluated=831 execution_us=60298 reason=tracking_pose_accepted
x=2.09974 y=2.0501 yaw=-0.0351242 score=0.984755 valid=1 mode=tracking state=TRACKING evaluated=831 execution_us=60319 reason=tracking_pose_accepted
x=2.09974 y=2.0501 yaw=-0.018605 score=0.977885 valid=1 mode=tracking state=TRACKING evaluated=831 execution_us=60542 reason=tracking_pose_accepted
x=2.09974 y=2.0501 yaw=-0.0369925 score=0.976808 valid=1 mode=tracking state=TRACKING evaluated=831 execution_us=61148 reason=tracking_pose_accepted
x=2.09974 y=2.0501 yaw=-0.0379266 score=0.977495 valid=1 mode=tracking state=TRACKING evaluated=831 execution_us=60319 reason=tracking_pose_accepted
x=2.09974 y=2.0501 yaw=-0.0214075 score=0.975865 valid=1 mode=tracking state=TRACKING evaluated=831 execution_us=62218 reason=tracking_pose_accepted
x=2.09975 y=2.0501 yaw=-0.0397949 score=0.980597 valid=1 mode=tracking state=TRACKING evaluated=831 execution_us=57866 reason=tracking_pose_accepted
x=2.09975 y=2.0501 yaw=-0.0232758 score=0.980901 valid=1 mode=tracking state=TRACKING evaluated=831 execution_us=56834 reason=tracking_pose_accepted
x=2.09975 y=2.0501 yaw=-0.0242099 score=0.976627 valid=1 mode=tracking state=TRACKING evaluated=831 execution_us=92737 reason=tracking_pose_accepted
x=2.09975 y=2.0501 yaw=-0.0425974 score=0.975824 valid=1 mode=tracking state=TRACKING evaluated=831 execution_us=52040 reason=tracking_pose_accepted
x=2.09975 y=2.0501 yaw=-0.0260782 score=0.979208 valid=1 mode=tracking state=TRACKING evaluated=831 execution_us=58385 reason=tracking_pose_accepted
x=2.09975 y=2.0501 yaw=-0.0270123 score=0.974479 valid=1 mode=tracking state=TRACKING evaluated=831 execution_us=62367 reason=tracking_pose_accepted
x=2.09975 y=2.0501 yaw=-0.0279465 score=0.975249 valid=1 mode=tracking state=TRACKING evaluated=831 execution_us=53290 reason=tracking_pose_accepted
x=2.09975 y=2.0501 yaw=-0.0288807 score=0.979404 valid=1 mode=tracking state=TRACKING evaluated=831 execution_us=51249 reason=tracking_pose_accepted
x=2.09975 y=2.0501 yaw=-0.0298148 score=0.974062 valid=1 mode=tracking state=TRACKING evaluated=831 execution_us=52537 reason=tracking_pose_accepted
x=2.09975 y=2.0501 yaw=-0.030749 score=0.978901 valid=1 mode=tracking state=TRACKING evaluated=831 execution_us=52298 reason=tracking_pose_accepted
x=2.09975 y=2.0501 yaw=-0.0316831 score=0.976849 valid=1 mode=tracking state=TRACKING evaluated=831 execution_us=59395 reason=tracking_pose_accepted
x=2.09975 y=2.0501 yaw=-0.0326173 score=0.973794 valid=1 mode=tracking state=TRACKING evaluated=831 execution_us=58877 reason=tracking_pose_accepted
x=2.09975 y=2.0501 yaw=-0.0335514 score=0.975915 valid=1 mode=tracking state=TRACKING evaluated=831 execution_us=59414 reason=tracking_pose_accepted
x=2.09975 y=2.0501 yaw=-0.0344856 score=0.980081 valid=1 mode=tracking state=TRACKING evaluated=831 execution_us=59511 reason=tracking_pose_accepted
x=2.09975 y=2.0501 yaw=-0.0354197 score=0.981782 valid=1 mode=tracking state=TRACKING evaluated=831 execution_us=60657 reason=tracking_pose_accepted
x=2.09975 y=2.0501 yaw=-0.0363539 score=0.977245 valid=1 mode=tracking state=TRACKING evaluated=831 execution_us=59488 reason=tracking_pose_accepted
x=2.09975 y=2.0501 yaw=-0.037288 score=0.981734 valid=1 mode=tracking state=TRACKING evaluated=831 execution_us=53162 reason=tracking_pose_accepted
x=2.09975 y=2.0501 yaw=-0.0382222 score=0.975119 valid=1 mode=tracking state=TRACKING evaluated=831 execution_us=54354 reason=tracking_pose_accepted
x=2.09975 y=2.0501 yaw=-0.0217031 score=0.975969 valid=1 mode=tracking state=TRACKING evaluated=831 execution_us=54445 reason=tracking_pose_accepted
x=2.09975 y=2.0501 yaw=-0.0400905 score=0.974613 valid=1 mode=tracking state=TRACKING evaluated=831 execution_us=54839 reason=tracking_pose_accepted
x=2.09975 y=2.0501 yaw=-0.0410246 score=0.97413 valid=1 mode=tracking state=TRACKING evaluated=831 execution_us=54490 reason=tracking_pose_accepted
x=2.09975 y=2.0501 yaw=-0.0419588 score=0.976808 valid=1 mode=tracking state=TRACKING evaluated=831 execution_us=54885 reason=tracking_pose_accepted
x=2.09975 y=2.0501 yaw=-0.0254397 score=0.975493 valid=1 mode=tracking state=TRACKING evaluated=831 execution_us=58846 reason=tracking_pose_accepted
x=2.09975 y=2.0501 yaw=-0.0263739 score=0.976564 valid=1 mode=tracking state=TRACKING evaluated=831 execution_us=58469 reason=tracking_pose_accepted
x=2.09975 y=2.0501 yaw=-0.027308 score=0.976874 valid=1 mode=tracking state=TRACKING evaluated=831 execution_us=59436 reason=tracking_pose_accepted
x=2.09975 y=2.0501 yaw=-0.0282422 score=0.979404 valid=1 mode=tracking state=TRACKING evaluated=831 execution_us=59037 reason=tracking_pose_accepted
x=2.09975 y=2.0501 yaw=-0.0291763 score=0.976996 valid=1 mode=tracking state=TRACKING evaluated=831 execution_us=60058 reason=tracking_pose_accepted
x=2.09975 y=2.0501 yaw=-0.0301105 score=0.973375 valid=1 mode=tracking state=TRACKING evaluated=831 execution_us=56594 reason=tracking_pose_accepted
x=2.09975 y=2.0501 yaw=-0.0310446 score=0.978901 valid=1 mode=tracking state=TRACKING evaluated=831 execution_us=56886 reason=tracking_pose_accepted
x=2.09975 y=2.05011 yaw=-0.0319788 score=0.977245 valid=1 mode=tracking state=TRACKING evaluated=831 execution_us=56944 reason=tracking_pose_accepted
x=2.09975 y=2.05011 yaw=-0.0329129 score=0.976813 valid=1 mode=tracking state=TRACKING evaluated=831 execution_us=57582 reason=tracking_pose_accepted
x=2.09975 y=2.05011 yaw=-0.0338471 score=0.974654 valid=1 mode=tracking state=TRACKING evaluated=831 execution_us=57171 reason=tracking_pose_accepted
x=2.09975 y=2.05011 yaw=-0.0347812 score=0.971522 valid=1 mode=tracking state=TRACKING evaluated=831 execution_us=54642 reason=tracking_pose_accepted
x=2.09975 y=2.05011 yaw=-0.0357154 score=0.974613 valid=1 mode=tracking state=TRACKING evaluated=831 execution_us=60972 reason=tracking_pose_accepted
x=2.09975 y=2.05011 yaw=-0.0366496 score=0.977805 valid=1 mode=tracking state=TRACKING evaluated=831 execution_us=61172 reason=tracking_pose_accepted
x=2.09975 y=2.05011 yaw=-0.0375837 score=0.981424 valid=1 mode=tracking state=TRACKING evaluated=831 execution_us=62201 reason=tracking_pose_accepted
x=2.09975 y=2.05011 yaw=-0.0385179 score=0.978037 valid=1 mode=tracking state=TRACKING evaluated=831 execution_us=52275 reason=tracking_pose_accepted
x=2.09975 y=2.05011 yaw=-0.039452 score=0.976625 valid=1 mode=tracking state=TRACKING evaluated=831 execution_us=51749 reason=tracking_pose_accepted
x=2.09975 y=2.05011 yaw=-0.0229329 score=0.983497 valid=1 mode=tracking state=TRACKING evaluated=831 execution_us=52924 reason=tracking_pose_accepted
x=2.09975 y=2.05011 yaw=-0.0413203 score=0.974236 valid=1 mode=tracking state=TRACKING evaluated=831 execution_us=58669 reason=tracking_pose_accepted
x=2.09975 y=2.05011 yaw=-0.0248012 score=0.981199 valid=1 mode=tracking state=TRACKING evaluated=831 execution_us=59620 reason=tracking_pose_accepted
mission_command=STOP
x=2.09975 y=2.05011 yaw=-0.0431886 score=0.973206 valid=1 mode=tracking state=TRACKING evaluated=831 execution_us=56309 reason=tracking_pose_accepted
[YDLIDAR] Now lidar scanning has stopped!
lidar_state=STOPPED
signal_handler(15)
