mission_command=START
[YDLIDAR] SDK initializing
[YDLIDAR] SDK has been initialized
[YDLIDAR] SDK Version: 1.2.7
[YDLIDAR] Lidar successfully connected [/dev/ttyS3:230400]
[YDLIDAR] Lidar running correctly! The health status: good
Current Lidar Model Code 151
[YDLIDAR] Baseplate device info
Firmware version: 1.2
Hardware version: 1
Model: Tmini Plus
Serial: 2025042300090381
[YDLIDAR] Current scan frequency: 10.00Hz
[YDLIDAR] Current scan frequency: 10.00Hz
[YDLIDAR] Lidar init success, Elapsed time 1041 ms
[YDLIDAR] Create thread 0xA69A94C0
[YDLIDAR] Successed to start scan mode, Elapsed time 2096 ms
[YDLIDAR] Scan Frequency: 10.00Hz
[YDLIDAR] Fixed Size: 400
[YDLIDAR] Sample Rate: 4.00K
[YDLIDAR] Successed to check the lidar, Elapsed time 0 ms
[2026-07-25 01:25:36][info] [YDLIDAR] Now lidar is scanning...
lidar_state=RUNNING
x=6.35 y=4.35 yaw=-0.0436336 score=0.989071 valid=1 mode=global state=RECOVERED evaluated=15444 execution_us=925700 reason=initial_global_pose_accepted
x=6.35 y=4.35 yaw=-0.0445678 score=0.98133 valid=1 mode=tracking state=RECOVERED evaluated=789 execution_us=48571 reason=recovery_confirmation_pending
x=6.35 y=4.35 yaw=-0.045502 score=0.982052 valid=1 mode=tracking state=RECOVERED evaluated=789 execution_us=47124 reason=recovery_confirmation_pending
x=6.35 y=4.4 yaw=-0.0289829 score=0.982124 valid=1 mode=tracking state=TRACKING evaluated=789 execution_us=45393 reason=recovery_confirmed
x=6.35 y=4.35 yaw=-0.0473703 score=0.985072 valid=1 mode=tracking state=TRACKING evaluated=789 execution_us=54001 reason=tracking_pose_accepted
x=6.35 y=4.4 yaw=-0.0308512 score=0.986894 valid=1 mode=tracking state=TRACKING evaluated=789 execution_us=55423 reason=tracking_pose_accepted
x=6.35 y=4.4 yaw=-0.0317853 score=0.986962 valid=1 mode=tracking state=TRACKING evaluated=789 execution_us=56938 reason=tracking_pose_accepted
x=6.35 y=4.4 yaw=-0.0327194 score=0.98552 valid=1 mode=tracking state=TRACKING evaluated=789 execution_us=56968 reason=tracking_pose_accepted
x=6.35 y=4.4 yaw=-0.0336535 score=0.987903 valid=1 mode=tracking state=TRACKING evaluated=789 execution_us=57182 reason=tracking_pose_accepted
x=6.35 y=4.4 yaw=-0.0345877 score=0.98784 valid=1 mode=tracking state=TRACKING evaluated=789 execution_us=50300 reason=tracking_pose_accepted
x=6.35 y=4.35 yaw=-0.0355218 score=0.986016 valid=1 mode=tracking state=TRACKING evaluated=789 execution_us=50780 reason=tracking_pose_accepted
x=6.35 y=4.35 yaw=-0.0364559 score=0.986128 valid=1 mode=tracking state=TRACKING evaluated=789 execution_us=51306 reason=tracking_pose_accepted
x=6.34999 y=4.4 yaw=-0.03739 score=0.986928 valid=1 mode=tracking state=TRACKING evaluated=789 execution_us=51642 reason=tracking_pose_accepted
x=6.34999 y=4.4 yaw=-0.0383242 score=0.987536 valid=1 mode=tracking state=TRACKING evaluated=789 execution_us=51979 reason=tracking_pose_accepted
x=6.34999 y=4.4 yaw=-0.0392583 score=0.98784 valid=1 mode=tracking state=TRACKING evaluated=789 execution_us=52086 reason=tracking_pose_accepted
x=6.34999 y=4.4 yaw=-0.0401924 score=0.987536 valid=1 mode=tracking state=TRACKING evaluated=789 execution_us=59085 reason=tracking_pose_accepted
x=6.34999 y=4.4 yaw=-0.0411266 score=0.983584 valid=1 mode=tracking state=TRACKING evaluated=789 execution_us=60329 reason=tracking_pose_accepted
x=6.34999 y=4.35 yaw=-0.059514 score=0.982312 valid=1 mode=tracking state=TRACKING evaluated=789 execution_us=57166 reason=tracking_pose_accepted
x=6.34999 y=4.35 yaw=-0.0429949 score=0.980575 valid=1 mode=tracking state=TRACKING evaluated=789 execution_us=56685 reason=tracking_pose_accepted
x=6.34999 y=4.35 yaw=-0.0439291 score=0.981193 valid=1 mode=tracking state=TRACKING evaluated=789 execution_us=56936 reason=tracking_pose_accepted
x=6.34999 y=4.35 yaw=-0.0448632 score=0.981027 valid=1 mode=tracking state=TRACKING evaluated=789 execution_us=58378 reason=tracking_pose_accepted
x=6.34999 y=4.35 yaw=-0.0457974 score=0.983057 valid=1 mode=tracking state=TRACKING evaluated=789 execution_us=53795 reason=tracking_pose_accepted
x=6.34999 y=4.35 yaw=-0.0467316 score=0.980362 valid=1 mode=tracking state=TRACKING evaluated=789 execution_us=54258 reason=tracking_pose_accepted
x=6.34999 y=4.4 yaw=-0.0302125 score=0.986894 valid=1 mode=tracking state=TRACKING evaluated=789 execution_us=54540 reason=tracking_pose_accepted
x=6.34999 y=4.4 yaw=-0.0311466 score=0.986355 valid=1 mode=tracking state=TRACKING evaluated=789 execution_us=54674 reason=tracking_pose_accepted
x=6.34999 y=4.4 yaw=-0.0320808 score=0.985943 valid=1 mode=tracking state=TRACKING evaluated=789 execution_us=55044 reason=tracking_pose_accepted
x=6.34999 y=4.4 yaw=-0.0330149 score=0.987265 valid=1 mode=tracking state=TRACKING evaluated=789 execution_us=61561 reason=tracking_pose_accepted
x=6.34999 y=4.4 yaw=-0.033949 score=0.988418 valid=1 mode=tracking state=TRACKING evaluated=789 execution_us=58711 reason=tracking_pose_accepted
x=6.34999 y=4.4 yaw=-0.0348831 score=0.987871 valid=1 mode=tracking state=TRACKING evaluated=789 execution_us=59530 reason=tracking_pose_accepted
x=6.34999 y=4.4 yaw=-0.0358173 score=0.987568 valid=1 mode=tracking state=TRACKING evaluated=789 execution_us=59362 reason=tracking_pose_accepted
x=6.34999 y=4.4 yaw=-0.0367514 score=0.987777 valid=1 mode=tracking state=TRACKING evaluated=789 execution_us=59331 reason=tracking_pose_accepted
x=6.34999 y=4.4 yaw=-0.0376855 score=0.988144 valid=1 mode=tracking state=TRACKING evaluated=789 execution_us=60049 reason=tracking_pose_accepted
x=6.34999 y=4.4 yaw=-0.0386196 score=0.986995 valid=1 mode=tracking state=TRACKING evaluated=789 execution_us=56405 reason=tracking_pose_accepted
x=6.34998 y=4.4 yaw=-0.0395537 score=0.986995 valid=1 mode=tracking state=TRACKING evaluated=789 execution_us=56460 reason=tracking_pose_accepted
x=6.34998 y=4.35 yaw=-0.0404879 score=0.987232 valid=1 mode=tracking state=TRACKING evaluated=789 execution_us=56723 reason=tracking_pose_accepted
x=6.34998 y=4.4 yaw=-0.041422 score=0.987273 valid=1 mode=tracking state=TRACKING evaluated=789 execution_us=56862 reason=tracking_pose_accepted
x=6.34998 y=4.4 yaw=-0.0423562 score=0.983473 valid=1 mode=tracking state=TRACKING evaluated=789 execution_us=57727 reason=tracking_pose_accepted
x=6.34998 y=4.35 yaw=-0.0432904 score=0.983513 valid=1 mode=tracking state=TRACKING evaluated=789 execution_us=58481 reason=tracking_pose_accepted
x=6.34998 y=4.35 yaw=-0.0442245 score=0.982798 valid=1 mode=tracking state=TRACKING evaluated=789 execution_us=49913 reason=tracking_pose_accepted
x=6.34998 y=4.35 yaw=-0.0451587 score=0.981679 valid=1 mode=tracking state=TRACKING evaluated=789 execution_us=52260 reason=tracking_pose_accepted
x=6.34998 y=4.35 yaw=-0.0460929 score=0.98511 valid=1 mode=tracking state=TRACKING evaluated=789 execution_us=51282 reason=tracking_pose_accepted
x=6.34998 y=4.4 yaw=-0.0295738 score=0.986249 valid=1 mode=tracking state=TRACKING evaluated=789 execution_us=51015 reason=tracking_pose_accepted
x=6.34998 y=4.4 yaw=-0.0305079 score=0.98382 valid=1 mode=tracking state=TRACKING evaluated=789 execution_us=52037 reason=tracking_pose_accepted
x=6.34998 y=4.4 yaw=-0.031442 score=0.986962 valid=1 mode=tracking state=TRACKING evaluated=789 execution_us=51440 reason=tracking_pose_accepted
x=6.34998 y=4.4 yaw=-0.0323762 score=0.989028 valid=1 mode=tracking state=TRACKING evaluated=789 execution_us=58952 reason=tracking_pose_accepted
x=6.34998 y=4.4 yaw=-0.0333103 score=0.987568 valid=1 mode=tracking state=TRACKING evaluated=789 execution_us=58940 reason=tracking_pose_accepted
x=6.34998 y=4.4 yaw=-0.0342444 score=0.987298 valid=1 mode=tracking state=TRACKING evaluated=789 execution_us=59179 reason=tracking_pose_accepted
x=6.34998 y=4.4 yaw=-0.0351785 score=0.988448 valid=1 mode=tracking state=TRACKING evaluated=789 execution_us=59614 reason=tracking_pose_accepted
x=6.34998 y=4.4 yaw=-0.0361127 score=0.989332 valid=1 mode=tracking state=TRACKING evaluated=789 execution_us=56193 reason=tracking_pose_accepted
x=6.34998 y=4.4 yaw=-0.0370468 score=0.988723 valid=1 mode=tracking state=TRACKING evaluated=789 execution_us=61736 reason=tracking_pose_accepted
x=6.34998 y=4.4 yaw=-0.0379809 score=0.988752 valid=1 mode=tracking state=TRACKING evaluated=789 execution_us=53904 reason=tracking_pose_accepted
x=6.34998 y=4.4 yaw=-0.038915 score=0.987912 valid=1 mode=tracking state=TRACKING evaluated=789 execution_us=53575 reason=tracking_pose_accepted
x=6.34998 y=4.4 yaw=-0.0398491 score=0.987265 valid=1 mode=tracking state=TRACKING evaluated=789 execution_us=54017 reason=tracking_pose_accepted
x=6.34998 y=4.4 yaw=-0.0407833 score=0.984913 valid=1 mode=tracking state=TRACKING evaluated=789 execution_us=54363 reason=tracking_pose_accepted
x=6.34997 y=4.4 yaw=-0.0417175 score=0.985218 valid=1 mode=tracking state=TRACKING evaluated=789 execution_us=54047 reason=tracking_pose_accepted
x=6.34997 y=4.4 yaw=-0.0426517 score=0.982627 valid=1 mode=tracking state=TRACKING evaluated=789 execution_us=58123 reason=tracking_pose_accepted
x=6.34997 y=4.35 yaw=-0.0435858 score=0.982099 valid=1 mode=tracking state=TRACKING evaluated=789 execution_us=58176 reason=tracking_pose_accepted
x=6.34997 y=4.35 yaw=-0.04452 score=0.982539 valid=1 mode=tracking state=TRACKING evaluated=789 execution_us=58736 reason=tracking_pose_accepted
x=6.34997 y=4.35 yaw=-0.0454542 score=0.982842 valid=1 mode=tracking state=TRACKING evaluated=789 execution_us=60643 reason=tracking_pose_accepted
x=6.34997 y=4.35 yaw=-0.0463883 score=0.983511 valid=1 mode=tracking state=TRACKING evaluated=789 execution_us=58806 reason=tracking_pose_accepted
x=6.34997 y=4.4 yaw=-0.0298692 score=0.986285 valid=1 mode=tracking state=TRACKING evaluated=789 execution_us=59246 reason=tracking_pose_accepted
x=6.34997 y=4.4 yaw=-0.0308034 score=0.986693 valid=1 mode=tracking state=TRACKING evaluated=789 execution_us=56417 reason=tracking_pose_accepted
x=6.34997 y=4.4 yaw=-0.0317375 score=0.986355 valid=1 mode=tracking state=TRACKING evaluated=789 execution_us=56032 reason=tracking_pose_accepted
x=6.34997 y=4.4 yaw=-0.0326716 score=0.989332 valid=1 mode=tracking state=TRACKING evaluated=789 execution_us=56734 reason=tracking_pose_accepted
x=6.34997 y=4.4 yaw=-0.0336057 score=0.988448 valid=1 mode=tracking state=TRACKING evaluated=789 execution_us=56089 reason=tracking_pose_accepted
x=6.34997 y=4.4 yaw=-0.0345399 score=0.98936 valid=1 mode=tracking state=TRACKING evaluated=789 execution_us=56607 reason=tracking_pose_accepted
x=6.34997 y=4.4 yaw=-0.035474 score=0.989028 valid=1 mode=tracking state=TRACKING evaluated=789 execution_us=57181 reason=tracking_pose_accepted
x=6.34997 y=4.4 yaw=-0.0364081 score=0.988752 valid=1 mode=tracking state=TRACKING evaluated=789 execution_us=50311 reason=tracking_pose_accepted
x=6.34997 y=4.4 yaw=-0.0373422 score=0.987641 valid=1 mode=tracking state=TRACKING evaluated=789 execution_us=50885 reason=tracking_pose_accepted
x=6.34997 y=4.4 yaw=-0.0382764 score=0.9876 valid=1 mode=tracking state=TRACKING evaluated=789 execution_us=51442 reason=tracking_pose_accepted
x=6.34997 y=4.4 yaw=-0.0392105 score=0.989056 valid=1 mode=tracking state=TRACKING evaluated=789 execution_us=51159 reason=tracking_pose_accepted
x=6.34997 y=4.4 yaw=-0.0401446 score=0.987371 valid=1 mode=tracking state=TRACKING evaluated=789 execution_us=52200 reason=tracking_pose_accepted
x=6.34997 y=4.4 yaw=-0.0410788 score=0.98328 valid=1 mode=tracking state=TRACKING evaluated=789 execution_us=51962 reason=tracking_pose_accepted
x=6.34997 y=4.35 yaw=-0.0420129 score=0.982449 valid=1 mode=tracking state=TRACKING evaluated=789 execution_us=59133 reason=tracking_pose_accepted
x=6.34997 y=4.35 yaw=-0.0429471 score=0.982798 valid=1 mode=tracking state=TRACKING evaluated=789 execution_us=59837 reason=tracking_pose_accepted
x=6.34996 y=4.35 yaw=-0.0438813 score=0.981378 valid=1 mode=tracking state=TRACKING evaluated=789 execution_us=59546 reason=tracking_pose_accepted
x=6.34996 y=4.35 yaw=-0.0448155 score=0.984203 valid=1 mode=tracking state=TRACKING evaluated=789 execution_us=59834 reason=tracking_pose_accepted
x=6.34996 y=4.35 yaw=-0.0457497 score=0.984465 valid=1 mode=tracking state=TRACKING evaluated=789 execution_us=57132 reason=tracking_pose_accepted
x=6.34996 y=4.35 yaw=-0.0466839 score=0.984729 valid=1 mode=tracking state=TRACKING evaluated=789 execution_us=53293 reason=tracking_pose_accepted
x=6.34996 y=4.4 yaw=-0.0301648 score=0.986016 valid=1 mode=tracking state=TRACKING evaluated=789 execution_us=54194 reason=tracking_pose_accepted
x=6.34996 y=4.4 yaw=-0.0310989 score=0.984688 valid=1 mode=tracking state=TRACKING evaluated=789 execution_us=52146 reason=tracking_pose_accepted
x=6.34996 y=4.4 yaw=-0.032033 score=0.988448 valid=1 mode=tracking state=TRACKING evaluated=789 execution_us=53792 reason=tracking_pose_accepted
x=6.34996 y=4.4 yaw=-0.0329671 score=0.989664 valid=1 mode=tracking state=TRACKING evaluated=789 execution_us=54372 reason=tracking_pose_accepted
x=6.34996 y=4.4 yaw=-0.0339013 score=0.988999 valid=1 mode=tracking state=TRACKING evaluated=789 execution_us=53873 reason=tracking_pose_accepted
x=6.34996 y=4.4 yaw=-0.0348354 score=0.989056 valid=1 mode=tracking state=TRACKING evaluated=789 execution_us=57690 reason=tracking_pose_accepted
x=6.34996 y=4.4 yaw=-0.0357695 score=0.988478 valid=1 mode=tracking state=TRACKING evaluated=789 execution_us=58872 reason=tracking_pose_accepted
x=6.34996 y=4.4 yaw=-0.0367036 score=0.988752 valid=1 mode=tracking state=TRACKING evaluated=789 execution_us=58378 reason=tracking_pose_accepted
x=6.34996 y=4.4 yaw=-0.0376378 score=0.988752 valid=1 mode=tracking state=TRACKING evaluated=789 execution_us=59430 reason=tracking_pose_accepted
x=6.34996 y=4.4 yaw=-0.0385719 score=0.987504 valid=1 mode=tracking state=TRACKING evaluated=789 execution_us=58732 reason=tracking_pose_accepted
x=6.34996 y=4.4 yaw=-0.039506 score=0.985108 valid=1 mode=tracking state=TRACKING evaluated=789 execution_us=59437 reason=tracking_pose_accepted
x=6.34996 y=4.4 yaw=-0.0404401 score=0.984688 valid=1 mode=tracking state=TRACKING evaluated=789 execution_us=55948 reason=tracking_pose_accepted
x=6.34996 y=4.4 yaw=-0.0413743 score=0.984568 valid=1 mode=tracking state=TRACKING evaluated=789 execution_us=55476 reason=tracking_pose_accepted
x=6.34996 y=4.4 yaw=-0.0423085 score=0.982105 valid=1 mode=tracking state=TRACKING evaluated=789 execution_us=56255 reason=tracking_pose_accepted
x=6.34996 y=4.35 yaw=-0.0432426 score=0.981027 valid=1 mode=tracking state=TRACKING evaluated=789 execution_us=57118 reason=tracking_pose_accepted
x=6.34996 y=4.35 yaw=-0.0441768 score=0.981935 valid=1 mode=tracking state=TRACKING evaluated=789 execution_us=56542 reason=tracking_pose_accepted
x=6.34996 y=4.35 yaw=-0.045111 score=0.981489 valid=1 mode=tracking state=TRACKING evaluated=789 execution_us=56444 reason=tracking_pose_accepted
x=6.34995 y=4.35 yaw=-0.0460452 score=0.981537 valid=1 mode=tracking state=TRACKING evaluated=789 execution_us=60336 reason=tracking_pose_accepted
x=6.34995 y=4.35 yaw=-0.0469794 score=0.982798 valid=1 mode=tracking state=TRACKING evaluated=789 execution_us=50850 reason=tracking_pose_accepted
x=6.34995 y=4.4 yaw=-0.0304603 score=0.985181 valid=1 mode=tracking state=TRACKING evaluated=789 execution_us=51137 reason=tracking_pose_accepted
x=6.34995 y=4.4 yaw=-0.0313944 score=0.9876 valid=1 mode=tracking state=TRACKING evaluated=789 execution_us=51493 reason=tracking_pose_accepted
x=6.34995 y=4.4 yaw=-0.0323285 score=0.988694 valid=1 mode=tracking state=TRACKING evaluated=789 execution_us=50715 reason=tracking_pose_accepted
x=6.34995 y=4.4 yaw=-0.0332627 score=0.988144 valid=1 mode=tracking state=TRACKING evaluated=789 execution_us=51650 reason=tracking_pose_accepted
x=6.34995 y=4.4 yaw=-0.0341968 score=0.988205 valid=1 mode=tracking state=TRACKING evaluated=789 execution_us=58473 reason=tracking_pose_accepted
x=6.34995 y=4.4 yaw=-0.0351309 score=0.987903 valid=1 mode=tracking state=TRACKING evaluated=789 execution_us=58816 reason=tracking_pose_accepted
x=6.34995 y=4.4 yaw=-0.036065 score=0.988448 valid=1 mode=tracking state=TRACKING evaluated=789 execution_us=59403 reason=tracking_pose_accepted
x=6.34995 y=4.4 yaw=-0.0369992 score=0.988448 valid=1 mode=tracking state=TRACKING evaluated=789 execution_us=59037 reason=tracking_pose_accepted
x=6.34995 y=4.4 yaw=-0.0379333 score=0.988388 valid=1 mode=tracking state=TRACKING evaluated=789 execution_us=59047 reason=tracking_pose_accepted
x=6.34995 y=4.4 yaw=-0.0388674 score=0.988478 valid=1 mode=tracking state=TRACKING evaluated=789 execution_us=51877 reason=tracking_pose_accepted
x=6.34995 y=4.4 yaw=-0.0398015 score=0.987871 valid=1 mode=tracking state=TRACKING evaluated=789 execution_us=52675 reason=tracking_pose_accepted
x=6.34995 y=4.4 yaw=-0.0407357 score=0.986132 valid=1 mode=tracking state=TRACKING evaluated=789 execution_us=53736 reason=tracking_pose_accepted
x=6.34995 y=4.4 yaw=-0.0416699 score=0.986472 valid=1 mode=tracking state=TRACKING evaluated=789 execution_us=53477 reason=tracking_pose_accepted
x=6.34995 y=4.4 yaw=-0.042604 score=0.982932 valid=1 mode=tracking state=TRACKING evaluated=789 execution_us=53418 reason=tracking_pose_accepted
x=6.34995 y=4.35 yaw=-0.0435382 score=0.982363 valid=1 mode=tracking state=TRACKING evaluated=789 execution_us=54257 reason=tracking_pose_accepted
x=6.34995 y=4.35 yaw=-0.0444724 score=0.981537 valid=1 mode=tracking state=TRACKING evaluated=789 execution_us=57411 reason=tracking_pose_accepted
x=6.34995 y=4.35 yaw=-0.0454065 score=0.98511 valid=1 mode=tracking state=TRACKING evaluated=789 execution_us=58228 reason=tracking_pose_accepted
x=6.34995 y=4.35 yaw=-0.0463407 score=0.985072 valid=1 mode=tracking state=TRACKING evaluated=789 execution_us=58853 reason=tracking_pose_accepted
x=6.34995 y=4.35 yaw=-0.0472749 score=0.985945 valid=1 mode=tracking state=TRACKING evaluated=789 execution_us=58228 reason=tracking_pose_accepted
x=6.34994 y=4.4 yaw=-0.0307558 score=0.988999 valid=1 mode=tracking state=TRACKING evaluated=789 execution_us=58478 reason=tracking_pose_accepted
x=6.34994 y=4.4 yaw=-0.0316899 score=0.988144 valid=1 mode=tracking state=TRACKING evaluated=789 execution_us=58727 reason=tracking_pose_accepted
x=6.34994 y=4.4 yaw=-0.0326241 score=0.988999 valid=1 mode=tracking state=TRACKING evaluated=789 execution_us=54830 reason=tracking_pose_accepted
x=6.34994 y=4.4 yaw=-0.0335582 score=0.98881 valid=1 mode=tracking state=TRACKING evaluated=789 execution_us=56037 reason=tracking_pose_accepted
x=6.34994 y=4.4 yaw=-0.0344923 score=0.988508 valid=1 mode=tracking state=TRACKING evaluated=789 execution_us=53188 reason=tracking_pose_accepted
x=6.34994 y=4.4 yaw=-0.0354264 score=0.989028 valid=1 mode=tracking state=TRACKING evaluated=789 execution_us=55350 reason=tracking_pose_accepted
x=6.34994 y=4.4 yaw=-0.0363605 score=0.989968 valid=1 mode=tracking state=TRACKING evaluated=789 execution_us=55928 reason=tracking_pose_accepted
x=6.34994 y=4.4 yaw=-0.0372947 score=0.988448 valid=1 mode=tracking state=TRACKING evaluated=789 execution_us=59332 reason=tracking_pose_accepted
x=6.34994 y=4.4 yaw=-0.0382288 score=0.988489 valid=1 mode=tracking state=TRACKING evaluated=789 execution_us=60100 reason=tracking_pose_accepted
x=6.34994 y=4.4 yaw=-0.0391629 score=0.98545 valid=1 mode=tracking state=TRACKING evaluated=789 execution_us=60134 reason=tracking_pose_accepted
x=6.34994 y=4.4 yaw=-0.040097 score=0.984425 valid=1 mode=tracking state=TRACKING evaluated=789 execution_us=50722 reason=tracking_pose_accepted
x=6.34994 y=4.4 yaw=-0.0410312 score=0.985259 valid=1 mode=tracking state=TRACKING evaluated=789 execution_us=50890 reason=tracking_pose_accepted
x=6.34994 y=4.4 yaw=-0.0419654 score=0.985864 valid=1 mode=tracking state=TRACKING evaluated=789 execution_us=50195 reason=tracking_pose_accepted
x=6.34994 y=4.35 yaw=-0.0428996 score=0.981841 valid=1 mode=tracking state=TRACKING evaluated=789 execution_us=57187 reason=tracking_pose_accepted
x=6.34994 y=4.35 yaw=-0.0438337 score=0.981888 valid=1 mode=tracking state=TRACKING evaluated=789 execution_us=58167 reason=tracking_pose_accepted
x=6.34994 y=4.35 yaw=-0.0447679 score=0.981794 valid=1 mode=tracking state=TRACKING evaluated=789 execution_us=57295 reason=tracking_pose_accepted
x=6.34994 y=4.35 yaw=-0.0457021 score=0.982404 valid=1 mode=tracking state=TRACKING evaluated=789 execution_us=58053 reason=tracking_pose_accepted
x=6.34994 y=4.4 yaw=-0.029183 score=0.988752 valid=1 mode=tracking state=TRACKING evaluated=789 execution_us=58779 reason=tracking_pose_accepted
x=6.34994 y=4.4 yaw=-0.0301171 score=0.98733 valid=1 mode=tracking state=TRACKING evaluated=789 execution_us=59012 reason=tracking_pose_accepted
x=6.34994 y=4.4 yaw=-0.0310513 score=0.987777 valid=1 mode=tracking state=TRACKING evaluated=789 execution_us=61305 reason=tracking_pose_accepted
x=6.34994 y=4.4 yaw=-0.0319854 score=0.98881 valid=1 mode=tracking state=TRACKING evaluated=789 execution_us=52580 reason=tracking_pose_accepted
x=6.34993 y=4.4 yaw=-0.0329195 score=0.987232 valid=1 mode=tracking state=TRACKING evaluated=789 execution_us=52327 reason=tracking_pose_accepted
x=6.34993 y=4.4 yaw=-0.0338536 score=0.987536 valid=1 mode=tracking state=TRACKING evaluated=789 execution_us=53036 reason=tracking_pose_accepted
x=6.34993 y=4.4 yaw=-0.0347878 score=0.987632 valid=1 mode=tracking state=TRACKING evaluated=789 execution_us=53192 reason=tracking_pose_accepted
x=6.34993 y=4.4 yaw=-0.0357219 score=0.9876 valid=1 mode=tracking state=TRACKING evaluated=789 execution_us=59755 reason=tracking_pose_accepted
x=6.34993 y=4.4 yaw=-0.036656 score=0.988478 valid=1 mode=tracking state=TRACKING evaluated=789 execution_us=57965 reason=tracking_pose_accepted
x=6.34993 y=4.4 yaw=-0.0375901 score=0.988144 valid=1 mode=tracking state=TRACKING evaluated=789 execution_us=57037 reason=tracking_pose_accepted
x=6.34993 y=4.4 yaw=-0.0385243 score=0.989028 valid=1 mode=tracking state=TRACKING evaluated=789 execution_us=57170 reason=tracking_pose_accepted
x=6.34993 y=4.4 yaw=-0.0394584 score=0.983626 valid=1 mode=tracking state=TRACKING evaluated=789 execution_us=57655 reason=tracking_pose_accepted
x=6.34993 y=4.4 yaw=-0.0403925 score=0.98639 valid=1 mode=tracking state=TRACKING evaluated=789 execution_us=58041 reason=tracking_pose_accepted
x=6.34993 y=4.4 yaw=-0.0413267 score=0.986437 valid=1 mode=tracking state=TRACKING evaluated=789 execution_us=54989 reason=tracking_pose_accepted
x=6.34993 y=4.4 yaw=-0.0422608 score=0.98708 valid=1 mode=tracking state=TRACKING evaluated=789 execution_us=54637 reason=tracking_pose_accepted
x=6.34993 y=4.35 yaw=-0.043195 score=0.981282 valid=1 mode=tracking state=TRACKING evaluated=789 execution_us=55097 reason=tracking_pose_accepted
x=6.34993 y=4.35 yaw=-0.0441292 score=0.982494 valid=1 mode=tracking state=TRACKING evaluated=789 execution_us=55493 reason=tracking_pose_accepted
x=6.34993 y=4.35 yaw=-0.0450634 score=0.980929 valid=1 mode=tracking state=TRACKING evaluated=789 execution_us=54723 reason=tracking_pose_accepted
x=6.34993 y=4.4 yaw=-0.0285443 score=0.987568 valid=1 mode=tracking state=TRACKING evaluated=789 execution_us=55341 reason=tracking_pose_accepted
x=6.34993 y=4.35 yaw=-0.0469317 score=0.98214 valid=1 mode=tracking state=TRACKING evaluated=789 execution_us=58976 reason=tracking_pose_accepted
x=6.34993 y=4.4 yaw=-0.0304126 score=0.987536 valid=1 mode=tracking state=TRACKING evaluated=789 execution_us=59175 reason=tracking_pose_accepted
x=6.34993 y=4.4 yaw=-0.0313467 score=0.987471 valid=1 mode=tracking state=TRACKING evaluated=789 execution_us=59862 reason=tracking_pose_accepted
x=6.34993 y=4.4 yaw=-0.0322808 score=0.986928 valid=1 mode=tracking state=TRACKING evaluated=789 execution_us=60228 reason=tracking_pose_accepted
x=6.34993 y=4.4 yaw=-0.033215 score=0.987536 valid=1 mode=tracking state=TRACKING evaluated=789 execution_us=59526 reason=tracking_pose_accepted
x=6.34993 y=4.4 yaw=-0.0341491 score=0.98881 valid=1 mode=tracking state=TRACKING evaluated=789 execution_us=60965 reason=tracking_pose_accepted
x=6.34992 y=4.4 yaw=-0.0350832 score=0.98784 valid=1 mode=tracking state=TRACKING evaluated=789 execution_us=56508 reason=tracking_pose_accepted
x=6.34992 y=4.4 yaw=-0.0360173 score=0.988478 valid=1 mode=tracking state=TRACKING evaluated=789 execution_us=56704 reason=tracking_pose_accepted
x=6.34992 y=4.4 yaw=-0.0369515 score=0.988723 valid=1 mode=tracking state=TRACKING evaluated=789 execution_us=57308 reason=tracking_pose_accepted
x=6.34992 y=4.4 yaw=-0.0378856 score=0.988781 valid=1 mode=tracking state=TRACKING evaluated=789 execution_us=58650 reason=tracking_pose_accepted
x=6.34992 y=4.4 yaw=-0.0388197 score=0.989056 valid=1 mode=tracking state=TRACKING evaluated=789 execution_us=57556 reason=tracking_pose_accepted
x=6.34992 y=4.4 yaw=-0.0397538 score=0.986995 valid=1 mode=tracking state=TRACKING evaluated=789 execution_us=64779 reason=tracking_pose_accepted
x=6.34992 y=4.4 yaw=-0.040688 score=0.985218 valid=1 mode=tracking state=TRACKING evaluated=789 execution_us=51296 reason=tracking_pose_accepted
x=6.34992 y=4.35 yaw=-0.0416222 score=0.981027 valid=1 mode=tracking state=TRACKING evaluated=789 execution_us=52220 reason=tracking_pose_accepted
x=6.34992 y=4.4 yaw=-0.0425564 score=0.983694 valid=1 mode=tracking state=TRACKING evaluated=789 execution_us=51419 reason=tracking_pose_accepted
x=6.34992 y=4.35 yaw=-0.0434905 score=0.981233 valid=1 mode=tracking state=TRACKING evaluated=789 execution_us=51921 reason=tracking_pose_accepted
x=6.34992 y=4.35 yaw=-0.0444247 score=0.981027 valid=1 mode=tracking state=TRACKING evaluated=789 execution_us=52708 reason=tracking_pose_accepted
x=6.34992 y=4.35 yaw=-0.0453589 score=0.98088 valid=1 mode=tracking state=TRACKING evaluated=789 execution_us=58617 reason=tracking_pose_accepted
x=6.34992 y=4.4 yaw=-0.0288397 score=0.98302 valid=1 mode=tracking state=TRACKING evaluated=789 execution_us=59301 reason=tracking_pose_accepted
x=6.34992 y=4.4 yaw=-0.0297739 score=0.985712 valid=1 mode=tracking state=TRACKING evaluated=789 execution_us=57115 reason=tracking_pose_accepted
x=6.34992 y=4.4 yaw=-0.030708 score=0.986624 valid=1 mode=tracking state=TRACKING evaluated=789 execution_us=56504 reason=tracking_pose_accepted
x=6.34992 y=4.4 yaw=-0.0316421 score=0.988175 valid=1 mode=tracking state=TRACKING evaluated=789 execution_us=57595 reason=tracking_pose_accepted
x=6.34992 y=4.4 yaw=-0.0325762 score=0.9876 valid=1 mode=tracking state=TRACKING evaluated=789 execution_us=57474 reason=tracking_pose_accepted
x=6.34992 y=4.4 yaw=-0.0335104 score=0.989332 valid=1 mode=tracking state=TRACKING evaluated=789 execution_us=53672 reason=tracking_pose_accepted
x=6.34992 y=4.4 yaw=-0.0344445 score=0.987871 valid=1 mode=tracking state=TRACKING evaluated=789 execution_us=54924 reason=tracking_pose_accepted
x=6.34992 y=4.4 yaw=-0.0353786 score=0.98881 valid=1 mode=tracking state=TRACKING evaluated=789 execution_us=54252 reason=tracking_pose_accepted
x=6.34992 y=4.4 yaw=-0.0363127 score=0.989637 valid=1 mode=tracking state=TRACKING evaluated=789 execution_us=54317 reason=tracking_pose_accepted
x=6.34991 y=4.4 yaw=-0.0372469 score=0.988478 valid=1 mode=tracking state=TRACKING evaluated=789 execution_us=55388 reason=tracking_pose_accepted
x=6.34991 y=4.4 yaw=-0.038181 score=0.989637 valid=1 mode=tracking state=TRACKING evaluated=789 execution_us=54743 reason=tracking_pose_accepted
x=6.34991 y=4.4 yaw=-0.0391151 score=0.983277 valid=1 mode=tracking state=TRACKING evaluated=789 execution_us=58447 reason=tracking_pose_accepted
x=6.34991 y=4.4 yaw=-0.0400492 score=0.990552 valid=1 mode=tracking state=TRACKING evaluated=789 execution_us=59723 reason=tracking_pose_accepted
x=6.34991 y=4.35 yaw=-0.0409834 score=0.987232 valid=1 mode=tracking state=TRACKING evaluated=789 execution_us=59320 reason=tracking_pose_accepted
x=6.34991 y=4.4 yaw=-0.0419176 score=0.985335 valid=1 mode=tracking state=TRACKING evaluated=789 execution_us=60206 reason=tracking_pose_accepted
x=6.34991 y=4.4 yaw=-0.0428518 score=0.984039 valid=1 mode=tracking state=TRACKING evaluated=789 execution_us=59527 reason=tracking_pose_accepted
x=6.34991 y=4.35 yaw=-0.0437859 score=0.981193 valid=1 mode=tracking state=TRACKING evaluated=789 execution_us=56741 reason=tracking_pose_accepted
x=6.34991 y=4.35 yaw=-0.0447201 score=0.981449 valid=1 mode=tracking state=TRACKING evaluated=789 execution_us=56837 reason=tracking_pose_accepted
x=6.34991 y=4.35 yaw=-0.0456543 score=0.981794 valid=1 mode=tracking state=TRACKING evaluated=789 execution_us=57001 reason=tracking_pose_accepted
x=6.34991 y=4.35 yaw=-0.0465884 score=0.983817 valid=1 mode=tracking state=TRACKING evaluated=789 execution_us=56663 reason=tracking_pose_accepted
x=6.34991 y=4.4 yaw=-0.0300693 score=0.984952 valid=1 mode=tracking state=TRACKING evaluated=789 execution_us=57032 reason=tracking_pose_accepted
x=6.34991 y=4.4 yaw=-0.0310035 score=0.986355 valid=1 mode=tracking state=TRACKING evaluated=789 execution_us=56809 reason=tracking_pose_accepted
x=6.34991 y=4.4 yaw=-0.0319376 score=0.988448 valid=1 mode=tracking state=TRACKING evaluated=789 execution_us=50080 reason=tracking_pose_accepted
x=6.34991 y=4.4 yaw=-0.0328717 score=0.98881 valid=1 mode=tracking state=TRACKING evaluated=789 execution_us=50526 reason=tracking_pose_accepted
x=6.34991 y=4.4 yaw=-0.0338058 score=0.989028 valid=1 mode=tracking state=TRACKING evaluated=789 execution_us=50582 reason=tracking_pose_accepted
x=6.34991 y=4.4 yaw=-0.03474 score=0.989388 valid=1 mode=tracking state=TRACKING evaluated=789 execution_us=51617 reason=tracking_pose_accepted
x=6.34991 y=4.4 yaw=-0.0356741 score=0.988508 valid=1 mode=tracking state=TRACKING evaluated=789 execution_us=51412 reason=tracking_pose_accepted
x=6.34991 y=4.4 yaw=-0.0366082 score=0.989916 valid=1 mode=tracking state=TRACKING evaluated=789 execution_us=50914 reason=tracking_pose_accepted
x=6.34991 y=4.4 yaw=-0.0375423 score=0.989056 valid=1 mode=tracking state=TRACKING evaluated=789 execution_us=58765 reason=tracking_pose_accepted
x=6.34991 y=4.4 yaw=-0.0384765 score=0.989388 valid=1 mode=tracking state=TRACKING evaluated=789 execution_us=58653 reason=tracking_pose_accepted
x=6.3499 y=4.4 yaw=-0.0394106 score=0.989968 valid=1 mode=tracking state=TRACKING evaluated=789 execution_us=58972 reason=tracking_pose_accepted
x=6.3499 y=4.4 yaw=-0.0403447 score=0.984577 valid=1 mode=tracking state=TRACKING evaluated=789 execution_us=58985 reason=tracking_pose_accepted
x=6.3499 y=4.35 yaw=-0.0412789 score=0.980978 valid=1 mode=tracking state=TRACKING evaluated=789 execution_us=59213 reason=tracking_pose_accepted
x=6.3499 y=4.4 yaw=-0.042213 score=0.984767 valid=1 mode=tracking state=TRACKING evaluated=789 execution_us=63514 reason=tracking_pose_accepted
x=6.3499 y=4.4 yaw=-0.0431472 score=0.982561 valid=1 mode=tracking state=TRACKING evaluated=789 execution_us=52921 reason=tracking_pose_accepted
x=6.3499 y=4.4 yaw=-0.0440813 score=0.984609 valid=1 mode=tracking state=TRACKING evaluated=789 execution_us=52643 reason=tracking_pose_accepted
x=6.3499 y=4.35 yaw=-0.0450155 score=0.981894 valid=1 mode=tracking state=TRACKING evaluated=789 execution_us=54169 reason=tracking_pose_accepted
x=6.3499 y=4.4 yaw=-0.0284964 score=0.981456 valid=1 mode=tracking state=TRACKING evaluated=789 execution_us=53494 reason=tracking_pose_accepted
x=6.3499 y=4.4 yaw=-0.0294305 score=0.987232 valid=1 mode=tracking state=TRACKING evaluated=789 execution_us=53858 reason=tracking_pose_accepted
x=6.3499 y=4.4 yaw=-0.0303646 score=0.986995 valid=1 mode=tracking state=TRACKING evaluated=789 execution_us=57439 reason=tracking_pose_accepted
x=6.3499 y=4.4 yaw=-0.0312987 score=0.985749 valid=1 mode=tracking state=TRACKING evaluated=789 execution_us=57837 reason=tracking_pose_accepted
x=6.3499 y=4.35 yaw=-0.0322329 score=0.985408 valid=1 mode=tracking state=TRACKING evaluated=789 execution_us=58515 reason=tracking_pose_accepted
x=6.3499 y=4.35 yaw=-0.033167 score=0.987777 valid=1 mode=tracking state=TRACKING evaluated=789 execution_us=57963 reason=tracking_pose_accepted
x=6.3499 y=4.35 yaw=-0.0341011 score=0.987166 valid=1 mode=tracking state=TRACKING evaluated=789 execution_us=58223 reason=tracking_pose_accepted
x=6.3499 y=4.35 yaw=-0.0350352 score=0.97793 valid=1 mode=tracking state=TRACKING evaluated=789 execution_us=59006 reason=tracking_pose_accepted
x=6.3499 y=4.35 yaw=0.0163905 score=0.962507 valid=1 mode=tracking state=TRACKING evaluated=789 execution_us=55306 reason=tracking_pose_accepted
x=6.3499 y=4.3 yaw=0.0154564 score=0.984761 valid=1 mode=tracking state=TRACKING evaluated=789 execution_us=55795 reason=tracking_pose_accepted
x=6.3499 y=4.25 yaw=-0.0203844 score=0.971503 valid=1 mode=tracking state=TRACKING evaluated=789 execution_us=55523 reason=tracking_pose_accepted
x=6.3499 y=4.2 yaw=-0.0562251 score=0.97453 valid=1 mode=tracking state=TRACKING evaluated=789 execution_us=55830 reason=tracking_pose_accepted
x=6.3499 y=4.1 yaw=-0.0746126 score=0.973159 valid=1 mode=tracking state=TRACKING evaluated=789 execution_us=56398 reason=tracking_pose_accepted
x=6.3499 y=4.05 yaw=-0.0580934 score=0.98639 valid=1 mode=tracking state=TRACKING evaluated=789 execution_us=60360 reason=tracking_pose_accepted
x=6.34989 y=4 yaw=-0.0590276 score=0.988723 valid=1 mode=tracking state=TRACKING evaluated=789 execution_us=60539 reason=tracking_pose_accepted
x=6.34989 y=3.95 yaw=-0.0774151 score=0.986264 valid=1 mode=tracking state=TRACKING evaluated=789 execution_us=51062 reason=tracking_pose_accepted
x=6.29989 y=3.9 yaw=-0.0608959 score=0.977791 valid=1 mode=tracking state=TRACKING evaluated=789 execution_us=50498 reason=tracking_pose_accepted
x=6.29989 y=3.9 yaw=-0.0792834 score=0.976836 valid=1 mode=tracking state=TRACKING evaluated=789 execution_us=51530 reason=tracking_pose_accepted
x=6.29989 y=3.85 yaw=-0.0802175 score=0.985145 valid=1 mode=tracking state=TRACKING evaluated=789 execution_us=50959 reason=tracking_pose_accepted
x=6.29989 y=3.85 yaw=-0.0636984 score=0.976063 valid=1 mode=tracking state=TRACKING evaluated=789 execution_us=60162 reason=tracking_pose_accepted
x=6.29989 y=3.8 yaw=-0.0646325 score=0.976389 valid=1 mode=tracking state=TRACKING evaluated=789 execution_us=58237 reason=tracking_pose_accepted
x=6.29989 y=3.8 yaw=-0.0306601 score=0.972802 valid=1 mode=tracking state=TRACKING evaluated=789 execution_us=58591 reason=tracking_pose_accepted
x=6.34989 y=3.8 yaw=0.00331235 score=0.994235 valid=1 mode=tracking state=TRACKING evaluated=789 execution_us=57672 reason=tracking_pose_accepted
x=6.34989 y=3.75 yaw=-0.0150751 score=0.988327 valid=1 mode=tracking state=TRACKING evaluated=789 execution_us=58333 reason=tracking_pose_accepted
x=6.34989 y=3.75 yaw=0.00144406 score=0.990502 valid=1 mode=tracking state=TRACKING evaluated=789 execution_us=58571 reason=tracking_pose_accepted
x=6.34989 y=3.7 yaw=0.000509933 score=0.983887 valid=1 mode=tracking state=TRACKING evaluated=789 execution_us=51857 reason=tracking_pose_accepted
x=6.34989 y=3.7 yaw=-0.0178775 score=0.996324 valid=1 mode=tracking state=TRACKING evaluated=789 execution_us=52880 reason=tracking_pose_accepted
x=6.29989 y=3.7 yaw=-0.0362649 score=0.984191 valid=1 mode=tracking state=TRACKING evaluated=789 execution_us=51545 reason=tracking_pose_accepted
x=6.29989 y=3.7 yaw=-0.0721056 score=0.987577 valid=1 mode=tracking state=TRACKING evaluated=789 execution_us=51576 reason=tracking_pose_accepted
x=6.29989 y=3.7 yaw=-0.0904931 score=0.98457 valid=1 mode=tracking state=TRACKING evaluated=789 execution_us=52121 reason=tracking_pose_accepted
x=6.29989 y=3.7 yaw=-0.0914272 score=0.971918 valid=1 mode=tracking state=TRACKING evaluated=789 execution_us=59427 reason=tracking_pose_accepted
x=6.34989 y=3.7 yaw=-0.0400015 score=0.986484 valid=1 mode=tracking state=TRACKING evaluated=789 execution_us=56835 reason=tracking_pose_accepted
x=6.34989 y=3.7 yaw=-0.0409357 score=0.987105 valid=1 mode=tracking state=TRACKING evaluated=789 execution_us=57282 reason=tracking_pose_accepted
x=6.34989 y=3.75 yaw=-0.0244166 score=0.986624 valid=1 mode=tracking state=TRACKING evaluated=789 execution_us=56967 reason=tracking_pose_accepted
x=6.34988 y=3.75 yaw=-0.0253507 score=0.987745 valid=1 mode=tracking state=TRACKING evaluated=807 execution_us=58357 reason=tracking_pose_accepted
x=6.34988 y=3.75 yaw=-0.0262849 score=0.987745 valid=1 mode=tracking state=TRACKING evaluated=789 execution_us=56460 reason=tracking_pose_accepted
x=6.34988 y=3.7 yaw=-0.0446723 score=0.986075 valid=1 mode=tracking state=TRACKING evaluated=789 execution_us=53350 reason=tracking_pose_accepted
x=6.34988 y=3.7 yaw=-0.0456064 score=0.984681 valid=1 mode=tracking state=TRACKING evaluated=807 execution_us=55265 reason=tracking_pose_accepted
x=6.34988 y=3.75 yaw=-0.0465406 score=0.986833 valid=1 mode=tracking state=TRACKING evaluated=789 execution_us=54383 reason=tracking_pose_accepted
x=6.34988 y=3.75 yaw=-0.0474748 score=0.986285 valid=1 mode=tracking state=TRACKING evaluated=789 execution_us=54654 reason=tracking_pose_accepted
x=6.34988 y=3.75 yaw=-0.048409 score=0.987173 valid=1 mode=tracking state=TRACKING evaluated=789 execution_us=55297 reason=tracking_pose_accepted
x=6.34988 y=3.75 yaw=-0.0493432 score=0.984913 valid=1 mode=tracking state=TRACKING evaluated=789 execution_us=55248 reason=tracking_pose_accepted
x=6.34988 y=3.75 yaw=-0.0502774 score=0.988113 valid=1 mode=tracking state=TRACKING evaluated=789 execution_us=59788 reason=tracking_pose_accepted
x=6.34988 y=3.75 yaw=-0.0512116 score=0.987536 valid=1 mode=tracking state=TRACKING evaluated=789 execution_us=59392 reason=tracking_pose_accepted
x=6.34988 y=3.75 yaw=-0.0521457 score=0.987199 valid=1 mode=tracking state=TRACKING evaluated=789 execution_us=59087 reason=tracking_pose_accepted
x=6.34988 y=3.75 yaw=-0.0530799 score=0.987504 valid=1 mode=tracking state=TRACKING evaluated=789 execution_us=60513 reason=tracking_pose_accepted
x=6.34988 y=3.75 yaw=-0.0540141 score=0.988144 valid=1 mode=tracking state=TRACKING evaluated=789 execution_us=50282 reason=tracking_pose_accepted
x=6.34988 y=3.75 yaw=-0.0549483 score=0.987304 valid=1 mode=tracking state=TRACKING evaluated=789 execution_us=56759 reason=tracking_pose_accepted
x=6.34988 y=3.7 yaw=-0.0733358 score=0.986624 valid=1 mode=tracking state=TRACKING evaluated=789 execution_us=57594 reason=tracking_pose_accepted
x=6.34988 y=3.75 yaw=-0.0568166 score=0.986213 valid=1 mode=tracking state=TRACKING evaluated=789 execution_us=56566 reason=tracking_pose_accepted
x=6.34988 y=3.75 yaw=-0.0577508 score=0.988051 valid=1 mode=tracking state=TRACKING evaluated=807 execution_us=58709 reason=tracking_pose_accepted
x=6.34988 y=3.75 yaw=-0.058685 score=0.988752 valid=1 mode=tracking state=TRACKING evaluated=789 execution_us=57369 reason=tracking_pose_accepted
x=6.34988 y=3.75 yaw=-0.0596192 score=0.989028 valid=1 mode=tracking state=TRACKING evaluated=789 execution_us=57681 reason=tracking_pose_accepted
x=6.34988 y=3.75 yaw=-0.0605533 score=0.993904 valid=1 mode=tracking state=TRACKING evaluated=789 execution_us=65195 reason=tracking_pose_accepted
x=6.34988 y=3.75 yaw=-0.0614875 score=0.993008 valid=1 mode=tracking state=TRACKING evaluated=789 execution_us=51331 reason=tracking_pose_accepted
x=6.34987 y=3.75 yaw=-0.0624217 score=0.99265 valid=1 mode=tracking state=TRACKING evaluated=789 execution_us=51267 reason=tracking_pose_accepted
x=6.34987 y=3.75 yaw=-0.0459026 score=0.991792 valid=1 mode=tracking state=TRACKING evaluated=789 execution_us=52389 reason=tracking_pose_accepted
x=6.34987 y=3.75 yaw=-0.06429 score=0.991974 valid=1 mode=tracking state=TRACKING evaluated=789 execution_us=51877 reason=tracking_pose_accepted
x=6.34987 y=3.75 yaw=-0.0477709 score=0.990785 valid=1 mode=tracking state=TRACKING evaluated=789 execution_us=51447 reason=tracking_pose_accepted
x=6.34987 y=3.75 yaw=-0.0487051 score=0.993242 valid=1 mode=tracking state=TRACKING evaluated=789 execution_us=55749 reason=tracking_pose_accepted
x=6.34987 y=3.75 yaw=-0.0496392 score=0.993277 valid=1 mode=tracking state=TRACKING evaluated=789 execution_us=55527 reason=tracking_pose_accepted
x=6.34987 y=3.75 yaw=-0.0505734 score=0.989904 valid=1 mode=tracking state=TRACKING evaluated=789 execution_us=56276 reason=tracking_pose_accepted
x=6.34987 y=3.7 yaw=-0.0689609 score=0.984721 valid=1 mode=tracking state=TRACKING evaluated=789 execution_us=56399 reason=tracking_pose_accepted
x=6.34987 y=3.7 yaw=-0.0698951 score=0.989549 valid=1 mode=tracking state=TRACKING evaluated=807 execution_us=57373 reason=tracking_pose_accepted
x=6.34987 y=3.7 yaw=-0.053376 score=0.992321 valid=1 mode=tracking state=TRACKING evaluated=789 execution_us=57093 reason=tracking_pose_accepted
x=6.34987 y=3.7 yaw=-0.0543101 score=0.995733 valid=1 mode=tracking state=TRACKING evaluated=789 execution_us=53099 reason=tracking_pose_accepted
x=6.34987 y=3.7 yaw=-0.0552443 score=0.993857 valid=1 mode=tracking state=TRACKING evaluated=789 execution_us=52715 reason=tracking_pose_accepted
x=6.34987 y=3.75 yaw=-0.0561785 score=0.995111 valid=1 mode=tracking state=TRACKING evaluated=789 execution_us=54125 reason=tracking_pose_accepted
x=6.34987 y=3.75 yaw=-0.0571127 score=0.997574 valid=1 mode=tracking state=TRACKING evaluated=789 execution_us=54233 reason=tracking_pose_accepted
x=6.34987 y=3.75 yaw=-0.0580468 score=0.990478 valid=1 mode=tracking state=TRACKING evaluated=789 execution_us=54672 reason=tracking_pose_accepted
x=6.34987 y=3.75 yaw=-0.058981 score=0.988185 valid=1 mode=tracking state=TRACKING evaluated=789 execution_us=61460 reason=tracking_pose_accepted
x=6.34987 y=3.75 yaw=-0.0599152 score=0.993008 valid=1 mode=tracking state=TRACKING evaluated=789 execution_us=58739 reason=tracking_pose_accepted
x=6.34987 y=3.75 yaw=-0.0608494 score=0.997555 valid=1 mode=tracking state=TRACKING evaluated=789 execution_us=59547 reason=tracking_pose_accepted
x=6.34987 y=3.75 yaw=-0.0617836 score=0.99725 valid=1 mode=tracking state=TRACKING evaluated=789 execution_us=58958 reason=tracking_pose_accepted
x=6.34987 y=3.75 yaw=-0.0627178 score=0.996038 valid=1 mode=tracking state=TRACKING evaluated=789 execution_us=59129 reason=tracking_pose_accepted
x=6.34987 y=3.75 yaw=-0.0636519 score=0.990552 valid=1 mode=tracking state=TRACKING evaluated=789 execution_us=59316 reason=tracking_pose_accepted
x=6.34986 y=3.75 yaw=-0.0645861 score=0.99088 valid=1 mode=tracking state=TRACKING evaluated=789 execution_us=55663 reason=tracking_pose_accepted
x=6.34986 y=3.75 yaw=-0.0655203 score=0.993936 valid=1 mode=tracking state=TRACKING evaluated=789 execution_us=56403 reason=tracking_pose_accepted
x=6.34986 y=3.75 yaw=-0.0664545 score=0.994778 valid=1 mode=tracking state=TRACKING evaluated=789 execution_us=55473 reason=tracking_pose_accepted
x=6.34986 y=3.75 yaw=-0.0673887 score=0.989968 valid=1 mode=tracking state=TRACKING evaluated=789 execution_us=56185 reason=tracking_pose_accepted
x=6.34986 y=3.75 yaw=-0.0683229 score=0.991758 valid=1 mode=tracking state=TRACKING evaluated=789 execution_us=54226 reason=tracking_pose_accepted
x=6.34986 y=3.75 yaw=-0.0518038 score=0.991792 valid=1 mode=tracking state=TRACKING evaluated=789 execution_us=56841 reason=tracking_pose_accepted
x=6.34986 y=3.75 yaw=-0.0527379 score=0.990502 valid=1 mode=tracking state=TRACKING evaluated=789 execution_us=59148 reason=tracking_pose_accepted
x=6.34986 y=3.75 yaw=-0.0536721 score=0.99242 valid=1 mode=tracking state=TRACKING evaluated=789 execution_us=50801 reason=tracking_pose_accepted
x=6.34986 y=3.75 yaw=-0.0546063 score=0.996007 valid=1 mode=tracking state=TRACKING evaluated=789 execution_us=49907 reason=tracking_pose_accepted
x=6.34986 y=3.75 yaw=-0.0555405 score=0.988875 valid=1 mode=tracking state=TRACKING evaluated=789 execution_us=50587 reason=tracking_pose_accepted
x=6.34986 y=3.75 yaw=-0.0564747 score=0.996068 valid=1 mode=tracking state=TRACKING evaluated=789 execution_us=51121 reason=tracking_pose_accepted
x=6.34986 y=3.75 yaw=-0.0574088 score=0.9936 valid=1 mode=tracking state=TRACKING evaluated=789 execution_us=50842 reason=tracking_pose_accepted
x=6.34986 y=3.75 yaw=-0.058343 score=0.993549 valid=1 mode=tracking state=TRACKING evaluated=789 execution_us=58080 reason=tracking_pose_accepted
x=6.34986 y=3.75 yaw=-0.0592772 score=0.993607 valid=1 mode=tracking state=TRACKING evaluated=789 execution_us=57969 reason=tracking_pose_accepted
x=6.34986 y=3.75 yaw=-0.0602114 score=0.996028 valid=1 mode=tracking state=TRACKING evaluated=789 execution_us=58496 reason=tracking_pose_accepted
x=6.34986 y=3.75 yaw=-0.0611456 score=0.996343 valid=1 mode=tracking state=TRACKING evaluated=789 execution_us=59384 reason=tracking_pose_accepted
x=6.34986 y=3.75 yaw=-0.0620798 score=0.995469 valid=1 mode=tracking state=TRACKING evaluated=789 execution_us=58622 reason=tracking_pose_accepted
x=6.34986 y=3.75 yaw=-0.0630139 score=0.993158 valid=1 mode=tracking state=TRACKING evaluated=789 execution_us=58615 reason=tracking_pose_accepted
x=6.34986 y=3.75 yaw=-0.0639481 score=0.992888 valid=1 mode=tracking state=TRACKING evaluated=789 execution_us=52798 reason=tracking_pose_accepted
x=6.34986 y=3.75 yaw=-0.0648823 score=0.994209 valid=1 mode=tracking state=TRACKING evaluated=789 execution_us=52351 reason=tracking_pose_accepted
x=6.34986 y=3.75 yaw=-0.0658165 score=0.995463 valid=1 mode=tracking state=TRACKING evaluated=789 execution_us=53841 reason=tracking_pose_accepted
x=6.34985 y=3.75 yaw=-0.0667507 score=0.995139 valid=1 mode=tracking state=TRACKING evaluated=789 execution_us=52745 reason=tracking_pose_accepted
x=6.34985 y=3.75 yaw=-0.0676849 score=0.995149 valid=1 mode=tracking state=TRACKING evaluated=789 execution_us=53634 reason=tracking_pose_accepted
x=6.34985 y=3.75 yaw=-0.0511658 score=0.993549 valid=1 mode=tracking state=TRACKING evaluated=789 execution_us=57130 reason=tracking_pose_accepted
x=6.34985 y=3.75 yaw=-0.0520999 score=0.992685 valid=1 mode=tracking state=TRACKING evaluated=789 execution_us=56914 reason=tracking_pose_accepted
x=6.34985 y=3.75 yaw=-0.0530341 score=0.993616 valid=1 mode=tracking state=TRACKING evaluated=789 execution_us=57423 reason=tracking_pose_accepted
x=6.34985 y=3.75 yaw=-0.0539683 score=0.995452 valid=1 mode=tracking state=TRACKING evaluated=789 execution_us=58443 reason=tracking_pose_accepted
x=6.34985 y=3.75 yaw=-0.0549024 score=0.996352 valid=1 mode=tracking state=TRACKING evaluated=789 execution_us=58111 reason=tracking_pose_accepted
x=6.34985 y=3.75 yaw=-0.0558366 score=0.995111 valid=1 mode=tracking state=TRACKING evaluated=789 execution_us=58180 reason=tracking_pose_accepted
x=6.34985 y=3.75 yaw=-0.0567708 score=0.994485 valid=1 mode=tracking state=TRACKING evaluated=789 execution_us=54734 reason=tracking_pose_accepted
x=6.34985 y=3.75 yaw=-0.057705 score=0.994194 valid=1 mode=tracking state=TRACKING evaluated=789 execution_us=55055 reason=tracking_pose_accepted
x=6.34985 y=3.75 yaw=-0.0586392 score=0.994819 valid=1 mode=tracking state=TRACKING evaluated=789 execution_us=55528 reason=tracking_pose_accepted
x=6.34985 y=3.75 yaw=-0.0595734 score=0.996656 valid=1 mode=tracking state=TRACKING evaluated=789 execution_us=55680 reason=tracking_pose_accepted
x=6.34985 y=3.75 yaw=-0.0605076 score=0.996352 valid=1 mode=tracking state=TRACKING evaluated=789 execution_us=55629 reason=tracking_pose_accepted
x=6.34985 y=3.75 yaw=-0.0614417 score=0.995755 valid=1 mode=tracking state=TRACKING evaluated=789 execution_us=60128 reason=tracking_pose_accepted
x=6.34985 y=3.75 yaw=-0.0623759 score=0.993616 valid=1 mode=tracking state=TRACKING evaluated=789 execution_us=59845 reason=tracking_pose_accepted
x=6.34985 y=3.75 yaw=-0.0633101 score=0.993882 valid=1 mode=tracking state=TRACKING evaluated=789 execution_us=59603 reason=tracking_pose_accepted
x=6.34985 y=3.75 yaw=-0.0642443 score=0.9945 valid=1 mode=tracking state=TRACKING evaluated=789 execution_us=50014 reason=tracking_pose_accepted
x=6.34985 y=3.75 yaw=-0.0651785 score=0.995428 valid=1 mode=tracking state=TRACKING evaluated=789 execution_us=50920 reason=tracking_pose_accepted
x=6.34985 y=3.75 yaw=-0.0661127 score=0.996048 valid=1 mode=tracking state=TRACKING evaluated=789 execution_us=51128 reason=tracking_pose_accepted
x=6.34985 y=3.75 yaw=-0.0670469 score=0.994805 valid=1 mode=tracking state=TRACKING evaluated=789 execution_us=56735 reason=tracking_pose_accepted
x=6.34985 y=3.75 yaw=-0.0505277 score=0.993008 valid=1 mode=tracking state=TRACKING evaluated=789 execution_us=57427 reason=tracking_pose_accepted
x=6.34984 y=3.75 yaw=-0.0514619 score=0.992704 valid=1 mode=tracking state=TRACKING evaluated=789 execution_us=58309 reason=tracking_pose_accepted
x=6.34984 y=3.75 yaw=-0.0523961 score=0.994194 valid=1 mode=tracking state=TRACKING evaluated=789 execution_us=57511 reason=tracking_pose_accepted
x=6.34984 y=3.75 yaw=-0.0533303 score=0.995416 valid=1 mode=tracking state=TRACKING evaluated=789 execution_us=58100 reason=tracking_pose_accepted
x=6.34984 y=3.75 yaw=-0.0542644 score=0.995404 valid=1 mode=tracking state=TRACKING evaluated=789 execution_us=59690 reason=tracking_pose_accepted
x=6.34984 y=3.75 yaw=-0.0551986 score=0.994845 valid=1 mode=tracking state=TRACKING evaluated=789 execution_us=51283 reason=tracking_pose_accepted
x=6.34984 y=3.75 yaw=-0.0561328 score=0.994239 valid=1 mode=tracking state=TRACKING evaluated=789 execution_us=52262 reason=tracking_pose_accepted
x=6.34984 y=3.75 yaw=-0.057067 score=0.993738 valid=1 mode=tracking state=TRACKING evaluated=789 execution_us=51763 reason=tracking_pose_accepted
x=6.34984 y=3.75 yaw=-0.0580012 score=0.99425 valid=1 mode=tracking state=TRACKING evaluated=789 execution_us=52459 reason=tracking_pose_accepted
x=6.34984 y=3.75 yaw=-0.0589354 score=0.995136 valid=1 mode=tracking state=TRACKING evaluated=789 execution_us=53259 reason=tracking_pose_accepted
x=6.34984 y=3.75 yaw=-0.0598696 score=0.996361 valid=1 mode=tracking state=TRACKING evaluated=789 execution_us=59882 reason=tracking_pose_accepted
x=6.34984 y=3.75 yaw=-0.0608037 score=0.994792 valid=1 mode=tracking state=TRACKING evaluated=789 execution_us=56371 reason=tracking_pose_accepted
x=6.34984 y=3.75 yaw=-0.0617379 score=0.99422 valid=1 mode=tracking state=TRACKING evaluated=789 execution_us=57207 reason=tracking_pose_accepted
x=6.34984 y=3.75 yaw=-0.0626721 score=0.993583 valid=1 mode=tracking state=TRACKING evaluated=789 execution_us=56853 reason=tracking_pose_accepted
x=6.34984 y=3.75 yaw=-0.0636063 score=0.9945 valid=1 mode=tracking state=TRACKING evaluated=789 execution_us=57127 reason=tracking_pose_accepted
x=6.34984 y=3.75 yaw=-0.0645405 score=0.994845 valid=1 mode=tracking state=TRACKING evaluated=789 execution_us=57850 reason=tracking_pose_accepted
x=6.34984 y=3.75 yaw=-0.0654747 score=0.994205 valid=1 mode=tracking state=TRACKING evaluated=789 execution_us=53754 reason=tracking_pose_accepted
x=6.34984 y=3.75 yaw=-0.0664088 score=0.994383 valid=1 mode=tracking state=TRACKING evaluated=789 execution_us=54509 reason=tracking_pose_accepted
x=6.34984 y=3.75 yaw=-0.067343 score=0.993216 valid=1 mode=tracking state=TRACKING evaluated=789 execution_us=54420 reason=tracking_pose_accepted
x=6.34984 y=3.75 yaw=-0.0508239 score=0.993312 valid=1 mode=tracking state=TRACKING evaluated=789 execution_us=54731 reason=tracking_pose_accepted
x=6.34984 y=3.75 yaw=-0.0517581 score=0.993008 valid=1 mode=tracking state=TRACKING evaluated=789 execution_us=55278 reason=tracking_pose_accepted
x=6.34984 y=3.75 yaw=-0.0526922 score=0.994805 valid=1 mode=tracking state=TRACKING evaluated=789 execution_us=54565 reason=tracking_pose_accepted
x=6.34983 y=3.75 yaw=-0.0536264 score=0.995098 valid=1 mode=tracking state=TRACKING evaluated=789 execution_us=58074 reason=tracking_pose_accepted
x=6.34983 y=3.75 yaw=-0.0545606 score=0.994485 valid=1 mode=tracking state=TRACKING evaluated=789 execution_us=59214 reason=tracking_pose_accepted
x=6.34983 y=3.75 yaw=-0.0554948 score=0.993936 valid=1 mode=tracking state=TRACKING evaluated=789 execution_us=59651 reason=tracking_pose_accepted
x=6.34983 y=3.75 yaw=-0.056429 score=0.9936 valid=1 mode=tracking state=TRACKING evaluated=789 execution_us=61114 reason=tracking_pose_accepted
x=6.34983 y=3.75 yaw=-0.0573632 score=0.994148 valid=1 mode=tracking state=TRACKING evaluated=789 execution_us=59314 reason=tracking_pose_accepted
x=6.34983 y=3.75 yaw=-0.0582974 score=0.993754 valid=1 mode=tracking state=TRACKING evaluated=789 execution_us=64693 reason=tracking_pose_accepted
x=6.34983 y=3.75 yaw=-0.0592315 score=0.995722 valid=1 mode=tracking state=TRACKING evaluated=789 execution_us=56650 reason=tracking_pose_accepted
x=6.34983 y=3.75 yaw=-0.0601657 score=0.993904 valid=1 mode=tracking state=TRACKING evaluated=789 execution_us=56188 reason=tracking_pose_accepted
x=6.34983 y=3.75 yaw=-0.0610999 score=0.994061 valid=1 mode=tracking state=TRACKING evaluated=789 execution_us=56078 reason=tracking_pose_accepted
x=6.34983 y=3.75 yaw=-0.0620341 score=0.994224 valid=1 mode=tracking state=TRACKING evaluated=789 execution_us=57358 reason=tracking_pose_accepted
x=6.34983 y=3.75 yaw=-0.0629683 score=0.993929 valid=1 mode=tracking state=TRACKING evaluated=789 execution_us=56746 reason=tracking_pose_accepted
x=6.34983 y=3.75 yaw=-0.0639025 score=0.994832 valid=1 mode=tracking state=TRACKING evaluated=789 execution_us=63803 reason=tracking_pose_accepted
x=6.34983 y=3.75 yaw=-0.0648367 score=0.994805 valid=1 mode=tracking state=TRACKING evaluated=789 execution_us=50535 reason=tracking_pose_accepted
x=6.34983 y=3.75 yaw=-0.0657708 score=0.993913 valid=1 mode=tracking state=TRACKING evaluated=789 execution_us=50661 reason=tracking_pose_accepted
x=6.34983 y=3.75 yaw=-0.066705 score=0.993936 valid=1 mode=tracking state=TRACKING evaluated=789 execution_us=51896 reason=tracking_pose_accepted
x=6.34983 y=3.75 yaw=-0.0676392 score=0.99326 valid=1 mode=tracking state=TRACKING evaluated=789 execution_us=50948 reason=tracking_pose_accepted
x=6.34983 y=3.75 yaw=-0.0685734 score=0.994239 valid=1 mode=tracking state=TRACKING evaluated=789 execution_us=51492 reason=tracking_pose_accepted
x=6.34983 y=3.75 yaw=-0.0520543 score=0.991965 valid=1 mode=tracking state=TRACKING evaluated=789 execution_us=59227 reason=tracking_pose_accepted
x=6.34983 y=3.75 yaw=-0.0529884 score=0.993379 valid=1 mode=tracking state=TRACKING evaluated=789 execution_us=58006 reason=tracking_pose_accepted
x=6.34983 y=3.75 yaw=-0.0539226 score=0.994224 valid=1 mode=tracking state=TRACKING evaluated=789 execution_us=58938 reason=tracking_pose_accepted
x=6.34983 y=3.75 yaw=-0.0548568 score=0.9945 valid=1 mode=tracking state=TRACKING evaluated=789 execution_us=58815 reason=tracking_pose_accepted
x=6.34982 y=3.75 yaw=-0.055791 score=0.994792 valid=1 mode=tracking state=TRACKING evaluated=789 execution_us=58459 reason=tracking_pose_accepted
x=6.34982 y=3.75 yaw=-0.0567252 score=0.996343 valid=1 mode=tracking state=TRACKING evaluated=789 execution_us=59682 reason=tracking_pose_accepted
x=6.34982 y=3.75 yaw=-0.0576594 score=0.995744 valid=1 mode=tracking state=TRACKING evaluated=789 execution_us=52515 reason=tracking_pose_accepted
x=6.34982 y=3.75 yaw=-0.0585935 score=0.995741 valid=1 mode=tracking state=TRACKING evaluated=789 execution_us=53690 reason=tracking_pose_accepted
x=6.34982 y=3.75 yaw=-0.0595277 score=0.996352 valid=1 mode=tracking state=TRACKING evaluated=789 execution_us=54482 reason=tracking_pose_accepted
x=6.34982 y=3.75 yaw=-0.0604619 score=0.995755 valid=1 mode=tracking state=TRACKING evaluated=789 execution_us=53682 reason=tracking_pose_accepted
x=6.34982 y=3.75 yaw=-0.0613961 score=0.99469 valid=1 mode=tracking state=TRACKING evaluated=789 execution_us=52981 reason=tracking_pose_accepted
x=6.34982 y=3.75 yaw=-0.0623303 score=0.99377 valid=1 mode=tracking state=TRACKING evaluated=789 execution_us=60673 reason=tracking_pose_accepted
x=6.34982 y=3.75 yaw=-0.0632645 score=0.995752 valid=1 mode=tracking state=TRACKING evaluated=789 execution_us=57111 reason=tracking_pose_accepted
x=6.34982 y=3.75 yaw=-0.0641986 score=0.994819 valid=1 mode=tracking state=TRACKING evaluated=789 execution_us=57926 reason=tracking_pose_accepted
x=6.34982 y=3.75 yaw=-0.0651328 score=0.99544 valid=1 mode=tracking state=TRACKING evaluated=789 execution_us=58380 reason=tracking_pose_accepted
x=6.34982 y=3.75 yaw=-0.066067 score=0.995744 valid=1 mode=tracking state=TRACKING evaluated=789 execution_us=58628 reason=tracking_pose_accepted
x=6.34982 y=3.75 yaw=-0.0670012 score=0.995149 valid=1 mode=tracking state=TRACKING evaluated=789 execution_us=59567 reason=tracking_pose_accepted
x=6.34982 y=3.75 yaw=-0.0504821 score=0.993071 valid=1 mode=tracking state=TRACKING evaluated=789 execution_us=54716 reason=tracking_pose_accepted
x=6.34982 y=3.75 yaw=-0.0514162 score=0.995136 valid=1 mode=tracking state=TRACKING evaluated=789 execution_us=55443 reason=tracking_pose_accepted
x=6.34982 y=3.75 yaw=-0.0523504 score=0.9945 valid=1 mode=tracking state=TRACKING evaluated=789 execution_us=55994 reason=tracking_pose_accepted
x=6.34982 y=3.75 yaw=-0.0532846 score=0.99544 valid=1 mode=tracking state=TRACKING evaluated=789 execution_us=55477 reason=tracking_pose_accepted
x=6.34982 y=3.75 yaw=-0.0542188 score=0.995136 valid=1 mode=tracking state=TRACKING evaluated=789 execution_us=55693 reason=tracking_pose_accepted
x=6.34982 y=3.75 yaw=-0.055153 score=0.996007 valid=1 mode=tracking state=TRACKING evaluated=789 execution_us=55677 reason=tracking_pose_accepted
x=6.34982 y=3.75 yaw=-0.0560872 score=0.995733 valid=1 mode=tracking state=TRACKING evaluated=789 execution_us=59934 reason=tracking_pose_accepted
x=6.34982 y=3.75 yaw=-0.0570213 score=0.996333 valid=1 mode=tracking state=TRACKING evaluated=789 execution_us=50317 reason=tracking_pose_accepted
x=6.34981 y=3.75 yaw=-0.0579555 score=0.994676 valid=1 mode=tracking state=TRACKING evaluated=789 execution_us=49447 reason=tracking_pose_accepted
x=6.34981 y=3.75 yaw=-0.0588897 score=0.996048 valid=1 mode=tracking state=TRACKING evaluated=789 execution_us=50067 reason=tracking_pose_accepted
x=6.34981 y=3.75 yaw=-0.0598239 score=0.994819 valid=1 mode=tracking state=TRACKING evaluated=789 execution_us=50784 reason=tracking_pose_accepted
x=6.34981 y=3.75 yaw=-0.0607581 score=0.99544 valid=1 mode=tracking state=TRACKING evaluated=789 execution_us=58028 reason=tracking_pose_accepted
x=6.34981 y=3.75 yaw=-0.0616923 score=0.995416 valid=1 mode=tracking state=TRACKING evaluated=789 execution_us=57224 reason=tracking_pose_accepted
x=6.34981 y=3.75 yaw=-0.0626265 score=0.996048 valid=1 mode=tracking state=TRACKING evaluated=789 execution_us=57939 reason=tracking_pose_accepted
x=6.34981 y=3.75 yaw=-0.0635606 score=0.992392 valid=1 mode=tracking state=TRACKING evaluated=789 execution_us=56852 reason=tracking_pose_accepted
x=6.34981 y=3.75 yaw=-0.0644948 score=0.99544 valid=1 mode=tracking state=TRACKING evaluated=789 execution_us=58541 reason=tracking_pose_accepted
x=6.34981 y=3.75 yaw=-0.065429 score=0.995136 valid=1 mode=tracking state=TRACKING evaluated=789 execution_us=58205 reason=tracking_pose_accepted
x=6.34981 y=3.75 yaw=-0.0663632 score=0.994542 valid=1 mode=tracking state=TRACKING evaluated=789 execution_us=58721 reason=tracking_pose_accepted
x=6.34981 y=3.75 yaw=-0.0672974 score=0.99112 valid=1 mode=tracking state=TRACKING evaluated=789 execution_us=51923 reason=tracking_pose_accepted
x=6.34981 y=3.75 yaw=-0.0507783 score=0.991944 valid=1 mode=tracking state=TRACKING evaluated=789 execution_us=52084 reason=tracking_pose_accepted
x=6.34981 y=3.75 yaw=-0.0691657 score=0.994224 valid=1 mode=tracking state=TRACKING evaluated=789 execution_us=52444 reason=tracking_pose_accepted
x=6.34981 y=3.75 yaw=-0.0526466 score=0.9928 valid=1 mode=tracking state=TRACKING evaluated=789 execution_us=52210 reason=tracking_pose_accepted
x=6.34981 y=3.75 yaw=-0.0535807 score=0.991944 valid=1 mode=tracking state=TRACKING evaluated=789 execution_us=52825 reason=tracking_pose_accepted
x=6.34981 y=3.75 yaw=-0.0545149 score=0.995733 valid=1 mode=tracking state=TRACKING evaluated=789 execution_us=56630 reason=tracking_pose_accepted
x=6.34981 y=3.75 yaw=-0.0554491 score=0.995404 valid=1 mode=tracking state=TRACKING evaluated=789 execution_us=56822 reason=tracking_pose_accepted
x=6.34981 y=3.75 yaw=-0.0563833 score=0.993738 valid=1 mode=tracking state=TRACKING evaluated=789 execution_us=56829 reason=tracking_pose_accepted
x=6.34981 y=3.75 yaw=-0.0573175 score=0.995744 valid=1 mode=tracking state=TRACKING evaluated=789 execution_us=58149 reason=tracking_pose_accepted
x=6.34981 y=3.75 yaw=-0.0582516 score=0.996038 valid=1 mode=tracking state=TRACKING evaluated=789 execution_us=57525 reason=tracking_pose_accepted
x=6.34981 y=3.75 yaw=-0.0591858 score=0.99529 valid=1 mode=tracking state=TRACKING evaluated=789 execution_us=57273 reason=tracking_pose_accepted
x=6.3498 y=3.75 yaw=-0.06012 score=0.994819 valid=1 mode=tracking state=TRACKING evaluated=789 execution_us=55002 reason=tracking_pose_accepted
x=6.3498 y=3.75 yaw=-0.0610542 score=0.995149 valid=1 mode=tracking state=TRACKING evaluated=789 execution_us=54650 reason=tracking_pose_accepted
x=6.3498 y=3.75 yaw=-0.0619884 score=0.995098 valid=1 mode=tracking state=TRACKING evaluated=789 execution_us=54599 reason=tracking_pose_accepted
x=6.3498 y=3.75 yaw=-0.0629226 score=0.99469 valid=1 mode=tracking state=TRACKING evaluated=789 execution_us=55045 reason=tracking_pose_accepted
x=6.3498 y=3.75 yaw=-0.0638568 score=0.995149 valid=1 mode=tracking state=TRACKING evaluated=789 execution_us=55541 reason=tracking_pose_accepted
x=6.3498 y=3.75 yaw=-0.0647909 score=0.994819 valid=1 mode=tracking state=TRACKING evaluated=789 execution_us=55343 reason=tracking_pose_accepted
x=6.3498 y=3.75 yaw=-0.0657251 score=0.989691 valid=1 mode=tracking state=TRACKING evaluated=789 execution_us=59204 reason=tracking_pose_accepted
x=6.3498 y=3.75 yaw=-0.049206 score=0.991944 valid=1 mode=tracking state=TRACKING evaluated=789 execution_us=59439 reason=tracking_pose_accepted
x=6.3498 y=3.75 yaw=-0.0675934 score=0.994485 valid=1 mode=tracking state=TRACKING evaluated=789 execution_us=60168 reason=tracking_pose_accepted
x=6.3498 y=3.75 yaw=-0.0685276 score=0.99299 valid=1 mode=tracking state=TRACKING evaluated=789 execution_us=59224 reason=tracking_pose_accepted
x=6.3498 y=3.75 yaw=-0.0520085 score=0.994179 valid=1 mode=tracking state=TRACKING evaluated=789 execution_us=59228 reason=tracking_pose_accepted
x=6.3498 y=3.75 yaw=-0.0703959 score=0.993277 valid=1 mode=tracking state=TRACKING evaluated=789 execution_us=65277 reason=tracking_pose_accepted
x=6.3498 y=3.75 yaw=-0.0538768 score=0.994832 valid=1 mode=tracking state=TRACKING evaluated=789 execution_us=56267 reason=tracking_pose_accepted
x=6.3498 y=3.75 yaw=-0.054811 score=0.995452 valid=1 mode=tracking state=TRACKING evaluated=789 execution_us=56475 reason=tracking_pose_accepted
x=6.3498 y=3.75 yaw=-0.0557452 score=0.994846 valid=1 mode=tracking state=TRACKING evaluated=789 execution_us=57160 reason=tracking_pose_accepted
x=6.3498 y=3.75 yaw=-0.0566793 score=0.995136 valid=1 mode=tracking state=TRACKING evaluated=789 execution_us=56557 reason=tracking_pose_accepted
x=6.3498 y=3.75 yaw=-0.0576135 score=0.996352 valid=1 mode=tracking state=TRACKING evaluated=789 execution_us=57280 reason=tracking_pose_accepted
x=6.3498 y=3.75 yaw=-0.0585477 score=0.995139 valid=1 mode=tracking state=TRACKING evaluated=789 execution_us=49133 reason=tracking_pose_accepted
x=6.3498 y=3.75 yaw=-0.0594819 score=0.995763 valid=1 mode=tracking state=TRACKING evaluated=789 execution_us=50390 reason=tracking_pose_accepted
x=6.3498 y=3.75 yaw=-0.0604161 score=0.994845 valid=1 mode=tracking state=TRACKING evaluated=789 execution_us=51186 reason=tracking_pose_accepted
x=6.3498 y=3.75 yaw=-0.0613503 score=0.994983 valid=1 mode=tracking state=TRACKING evaluated=789 execution_us=49928 reason=tracking_pose_accepted
x=6.34979 y=3.75 yaw=-0.0622844 score=0.994996 valid=1 mode=tracking state=TRACKING evaluated=789 execution_us=50369 reason=tracking_pose_accepted
x=6.34979 y=3.75 yaw=-0.0632186 score=0.995492 valid=1 mode=tracking state=TRACKING evaluated=789 execution_us=51391 reason=tracking_pose_accepted
x=6.34979 y=3.75 yaw=-0.0641528 score=0.995755 valid=1 mode=tracking state=TRACKING evaluated=789 execution_us=57754 reason=tracking_pose_accepted
x=6.34979 y=3.75 yaw=-0.065087 score=0.995744 valid=1 mode=tracking state=TRACKING evaluated=789 execution_us=56093 reason=tracking_pose_accepted
x=6.34979 y=3.75 yaw=-0.0660212 score=0.994368 valid=1 mode=tracking state=TRACKING evaluated=789 execution_us=57932 reason=tracking_pose_accepted
x=6.34979 y=3.75 yaw=-0.0669554 score=0.991965 valid=1 mode=tracking state=TRACKING evaluated=789 execution_us=59335 reason=tracking_pose_accepted
x=6.34979 y=3.75 yaw=-0.0504363 score=0.992533 valid=1 mode=tracking state=TRACKING evaluated=789 execution_us=59331 reason=tracking_pose_accepted
x=6.34979 y=3.75 yaw=-0.0513704 score=0.995996 valid=1 mode=tracking state=TRACKING evaluated=789 execution_us=58279 reason=tracking_pose_accepted
x=6.34979 y=3.75 yaw=-0.0523046 score=0.994819 valid=1 mode=tracking state=TRACKING evaluated=789 execution_us=52111 reason=tracking_pose_accepted
x=6.34979 y=3.75 yaw=-0.0532388 score=0.995404 valid=1 mode=tracking state=TRACKING evaluated=789 execution_us=52405 reason=tracking_pose_accepted
x=6.34979 y=3.75 yaw=-0.0541729 score=0.995711 valid=1 mode=tracking state=TRACKING evaluated=789 execution_us=52341 reason=tracking_pose_accepted
x=6.34979 y=3.75 yaw=-0.0551071 score=0.996028 valid=1 mode=tracking state=TRACKING evaluated=789 execution_us=52677 reason=tracking_pose_accepted
x=6.34979 y=3.75 yaw=-0.0560413 score=0.9957 valid=1 mode=tracking state=TRACKING evaluated=789 execution_us=52899 reason=tracking_pose_accepted
x=6.34979 y=3.75 yaw=-0.0569755 score=0.993754 valid=1 mode=tracking state=TRACKING evaluated=789 execution_us=63182 reason=tracking_pose_accepted
x=6.34979 y=3.75 yaw=-0.0579097 score=0.996058 valid=1 mode=tracking state=TRACKING evaluated=789 execution_us=57690 reason=tracking_pose_accepted
x=6.34979 y=3.75 yaw=-0.0588439 score=0.995126 valid=1 mode=tracking state=TRACKING evaluated=789 execution_us=57241 reason=tracking_pose_accepted
x=6.34979 y=3.75 yaw=-0.0597781 score=0.995733 valid=1 mode=tracking state=TRACKING evaluated=789 execution_us=57573 reason=tracking_pose_accepted
x=6.34979 y=3.75 yaw=-0.0607122 score=0.995711 valid=1 mode=tracking state=TRACKING evaluated=789 execution_us=58190 reason=tracking_pose_accepted
x=6.34979 y=3.75 yaw=-0.0616464 score=0.995452 valid=1 mode=tracking state=TRACKING evaluated=789 execution_us=58160 reason=tracking_pose_accepted
x=6.34979 y=3.75 yaw=-0.0625806 score=0.995744 valid=1 mode=tracking state=TRACKING evaluated=789 execution_us=54868 reason=tracking_pose_accepted
x=6.34979 y=3.75 yaw=-0.0635148 score=0.994354 valid=1 mode=tracking state=TRACKING evaluated=789 execution_us=54633 reason=tracking_pose_accepted
x=6.34978 y=3.75 yaw=-0.064449 score=0.995755 valid=1 mode=tracking state=TRACKING evaluated=789 execution_us=55379 reason=tracking_pose_accepted
x=6.34978 y=3.75 yaw=-0.0653832 score=0.992249 valid=1 mode=tracking state=TRACKING evaluated=789 execution_us=55409 reason=tracking_pose_accepted
x=6.34978 y=3.75 yaw=-0.0663173 score=0.994485 valid=1 mode=tracking state=TRACKING evaluated=789 execution_us=55099 reason=tracking_pose_accepted
x=6.34978 y=3.75 yaw=-0.0497982 score=0.994485 valid=1 mode=tracking state=TRACKING evaluated=789 execution_us=58623 reason=tracking_pose_accepted
x=6.34978 y=3.75 yaw=-0.0681857 score=0.99377 valid=1 mode=tracking state=TRACKING evaluated=789 execution_us=59739 reason=tracking_pose_accepted
x=6.34978 y=3.75 yaw=-0.0691198 score=0.99377 valid=1 mode=tracking state=TRACKING evaluated=789 execution_us=59374 reason=tracking_pose_accepted
x=6.34978 y=3.75 yaw=-0.070054 score=0.991649 valid=1 mode=tracking state=TRACKING evaluated=789 execution_us=60128 reason=tracking_pose_accepted
x=6.34978 y=3.75 yaw=-0.0535349 score=0.995123 valid=1 mode=tracking state=TRACKING evaluated=789 execution_us=49919 reason=tracking_pose_accepted
x=6.34978 y=3.75 yaw=-0.0544691 score=0.995986 valid=1 mode=tracking state=TRACKING evaluated=789 execution_us=58987 reason=tracking_pose_accepted
x=6.34978 y=3.75 yaw=-0.0554033 score=0.994819 valid=1 mode=tracking state=TRACKING evaluated=789 execution_us=56879 reason=tracking_pose_accepted
x=6.34978 y=3.75 yaw=-0.0563374 score=0.99544 valid=1 mode=tracking state=TRACKING evaluated=789 execution_us=56750 reason=tracking_pose_accepted
x=6.34978 y=3.75 yaw=-0.0572716 score=0.995136 valid=1 mode=tracking state=TRACKING evaluated=789 execution_us=56480 reason=tracking_pose_accepted
x=6.34978 y=3.75 yaw=-0.0582058 score=0.995404 valid=1 mode=tracking state=TRACKING evaluated=789 execution_us=57239 reason=tracking_pose_accepted
x=6.34978 y=3.75 yaw=-0.05914 score=0.995111 valid=1 mode=tracking state=TRACKING evaluated=789 execution_us=57208 reason=tracking_pose_accepted
x=6.34978 y=3.75 yaw=-0.0600742 score=0.995744 valid=1 mode=tracking state=TRACKING evaluated=789 execution_us=57304 reason=tracking_pose_accepted
x=6.34978 y=3.75 yaw=-0.0610084 score=0.995766 valid=1 mode=tracking state=TRACKING evaluated=789 execution_us=61163 reason=tracking_pose_accepted
x=6.34978 y=3.75 yaw=-0.0619425 score=0.995755 valid=1 mode=tracking state=TRACKING evaluated=789 execution_us=51646 reason=tracking_pose_accepted
x=6.34978 y=3.75 yaw=-0.0628767 score=0.994778 valid=1 mode=tracking state=TRACKING evaluated=789 execution_us=51377 reason=tracking_pose_accepted
x=6.34978 y=3.75 yaw=-0.0638109 score=0.995149 valid=1 mode=tracking state=TRACKING evaluated=789 execution_us=52162 reason=tracking_pose_accepted
x=6.34978 y=3.75 yaw=-0.0647451 score=0.994205 valid=1 mode=tracking state=TRACKING evaluated=789 execution_us=51502 reason=tracking_pose_accepted
x=6.34978 y=3.75 yaw=-0.0656793 score=0.995136 valid=1 mode=tracking state=TRACKING evaluated=789 execution_us=52489 reason=tracking_pose_accepted
x=6.34977 y=3.75 yaw=-0.0666135 score=0.995149 valid=1 mode=tracking state=TRACKING evaluated=789 execution_us=59132 reason=tracking_pose_accepted
x=6.34977 y=3.75 yaw=-0.0675476 score=0.991572 valid=1 mode=tracking state=TRACKING evaluated=789 execution_us=58499 reason=tracking_pose_accepted
x=6.34977 y=3.75 yaw=-0.0684818 score=0.991336 valid=1 mode=tracking state=TRACKING evaluated=789 execution_us=60839 reason=tracking_pose_accepted
x=6.34977 y=3.75 yaw=-0.0519627 score=0.992552 valid=1 mode=tracking state=TRACKING evaluated=789 execution_us=56431 reason=tracking_pose_accepted
x=6.34977 y=3.75 yaw=-0.0528969 score=0.990222 valid=1 mode=tracking state=TRACKING evaluated=789 execution_us=56333 reason=tracking_pose_accepted
x=6.34977 y=3.75 yaw=-0.0538311 score=0.994528 valid=1 mode=tracking state=TRACKING evaluated=789 execution_us=54202 reason=tracking_pose_accepted
x=6.34977 y=3.75 yaw=-0.0547652 score=0.995392 valid=1 mode=tracking state=TRACKING evaluated=789 execution_us=53371 reason=tracking_pose_accepted
x=6.34977 y=3.75 yaw=-0.0556994 score=0.996352 valid=1 mode=tracking state=TRACKING evaluated=789 execution_us=54647 reason=tracking_pose_accepted
x=6.34977 y=3.75 yaw=-0.0566336 score=0.994077 valid=1 mode=tracking state=TRACKING evaluated=789 execution_us=53757 reason=tracking_pose_accepted
x=6.34977 y=3.75 yaw=-0.0575678 score=0.995755 valid=1 mode=tracking state=TRACKING evaluated=789 execution_us=54158 reason=tracking_pose_accepted
x=6.34977 y=3.75 yaw=-0.058502 score=0.995755 valid=1 mode=tracking state=TRACKING evaluated=789 execution_us=55087 reason=tracking_pose_accepted
x=6.34977 y=3.75 yaw=-0.0594362 score=0.996048 valid=1 mode=tracking state=TRACKING evaluated=789 execution_us=57874 reason=tracking_pose_accepted
x=6.34977 y=3.75 yaw=-0.0603704 score=0.995755 valid=1 mode=tracking state=TRACKING evaluated=789 execution_us=58900 reason=tracking_pose_accepted
x=6.34977 y=3.75 yaw=-0.0613045 score=0.995161 valid=1 mode=tracking state=TRACKING evaluated=789 execution_us=59696 reason=tracking_pose_accepted
x=6.34977 y=3.75 yaw=-0.0622387 score=0.995152 valid=1 mode=tracking state=TRACKING evaluated=789 execution_us=58976 reason=tracking_pose_accepted
x=6.34977 y=3.75 yaw=-0.0631729 score=0.996058 valid=1 mode=tracking state=TRACKING evaluated=789 execution_us=59651 reason=tracking_pose_accepted
x=6.34977 y=3.75 yaw=-0.0641071 score=0.9928 valid=1 mode=tracking state=TRACKING evaluated=789 execution_us=60112 reason=tracking_pose_accepted
x=6.34977 y=3.75 yaw=-0.0650413 score=0.99544 valid=1 mode=tracking state=TRACKING evaluated=789 execution_us=55842 reason=tracking_pose_accepted
x=6.34977 y=3.75 yaw=-0.0659755 score=0.979453 valid=1 mode=tracking state=TRACKING evaluated=789 execution_us=56363 reason=tracking_pose_accepted
x=6.29977 y=3.75 yaw=-0.032003 score=0.979321 valid=1 mode=tracking state=TRACKING evaluated=789 execution_us=56113 reason=tracking_pose_accepted
x=6.29977 y=3.75 yaw=-0.0329372 score=0.968152 valid=1 mode=tracking state=TRACKING evaluated=789 execution_us=56817 reason=tracking_pose_accepted
x=6.19976 y=3.75 yaw=-0.0338714 score=0.959784 valid=1 mode=tracking state=TRACKING evaluated=789 execution_us=56963 reason=tracking_pose_accepted
x=6.14976 y=3.75 yaw=-0.0348055 score=0.965498 valid=1 mode=tracking state=TRACKING evaluated=789 execution_us=63457 reason=tracking_pose_accepted
x=6.09976 y=3.8 yaw=-0.0182864 score=0.981304 valid=1 mode=tracking state=TRACKING evaluated=789 execution_us=51078 reason=tracking_pose_accepted
x=6.04976 y=3.8 yaw=-0.0541271 score=0.967037 valid=1 mode=tracking state=TRACKING evaluated=807 execution_us=51522 reason=tracking_pose_accepted
x=5.94976 y=3.8 yaw=-0.0550612 score=0.964807 valid=1 mode=tracking state=TRACKING evaluated=789 execution_us=50823 reason=tracking_pose_accepted
x=5.89976 y=3.85 yaw=-0.0559954 score=0.983655 valid=1 mode=tracking state=TRACKING evaluated=789 execution_us=51234 reason=tracking_pose_accepted
x=5.84976 y=3.85 yaw=-0.0569296 score=0.957787 valid=1 mode=tracking state=TRACKING evaluated=789 execution_us=50993 reason=tracking_pose_accepted
x=5.74976 y=3.85 yaw=-0.0927704 score=0.986589 valid=1 mode=tracking state=TRACKING evaluated=789 execution_us=58033 reason=tracking_pose_accepted
x=5.64976 y=3.85 yaw=-0.111158 score=0.974812 valid=1 mode=tracking state=TRACKING evaluated=789 execution_us=58200 reason=tracking_pose_accepted
x=5.59976 y=3.85 yaw=-0.129545 score=0.992533 valid=1 mode=tracking state=TRACKING evaluated=789 execution_us=58282 reason=tracking_pose_accepted
x=5.54976 y=3.85 yaw=-0.130479 score=0.980474 valid=1 mode=tracking state=TRACKING evaluated=789 execution_us=58216 reason=tracking_pose_accepted
x=5.49976 y=3.85 yaw=-0.11396 score=0.969914 valid=1 mode=tracking state=TRACKING evaluated=789 execution_us=56308 reason=tracking_pose_accepted
x=5.39976 y=3.8 yaw=-0.114894 score=0.971397 valid=1 mode=tracking state=TRACKING evaluated=789 execution_us=56156 reason=tracking_pose_accepted
x=5.34976 y=3.8 yaw=-0.133282 score=0.983104 valid=1 mode=tracking state=TRACKING evaluated=789 execution_us=52451 reason=tracking_pose_accepted
x=5.29976 y=3.8 yaw=-0.151669 score=0.961915 valid=1 mode=tracking state=TRACKING evaluated=789 execution_us=52825 reason=tracking_pose_accepted
x=5.29976 y=3.8 yaw=-0.100244 score=0.945752 valid=1 mode=tracking state=TRACKING evaluated=807 execution_us=54225 reason=tracking_pose_accepted
x=5.24976 y=3.8 yaw=-0.0488178 score=0.978548 valid=1 mode=tracking state=TRACKING evaluated=789 execution_us=53987 reason=tracking_pose_accepted
x=5.19976 y=3.8 yaw=-0.0322987 score=0.976277 valid=1 mode=tracking state=TRACKING evaluated=789 execution_us=52771 reason=tracking_pose_accepted
x=5.14976 y=3.8 yaw=0.00167378 score=0.961361 valid=1 mode=tracking state=TRACKING evaluated=807 execution_us=61162 reason=tracking_pose_accepted
x=5.14976 y=3.8 yaw=0.0356462 score=0.994514 valid=1 mode=tracking state=TRACKING evaluated=789 execution_us=57435 reason=tracking_pose_accepted
x=5.14976 y=3.8 yaw=0.0172588 score=0.975783 valid=1 mode=tracking state=TRACKING evaluated=807 execution_us=58117 reason=tracking_pose_accepted
x=5.09975 y=3.8 yaw=0.0163246 score=0.981918 valid=1 mode=tracking state=TRACKING evaluated=789 execution_us=56585 reason=tracking_pose_accepted
x=5.09975 y=3.8 yaw=0.0153905 score=0.983171 valid=1 mode=tracking state=TRACKING evaluated=789 execution_us=56570 reason=tracking_pose_accepted
x=5.09975 y=3.8 yaw=0.0144563 score=0.984601 valid=1 mode=tracking state=TRACKING evaluated=789 execution_us=58120 reason=tracking_pose_accepted
x=5.14975 y=3.8 yaw=-0.0213844 score=0.987132 valid=1 mode=tracking state=TRACKING evaluated=789 execution_us=54481 reason=tracking_pose_accepted
x=5.14975 y=3.8 yaw=-0.0397718 score=0.997543 valid=1 mode=tracking state=TRACKING evaluated=789 execution_us=53816 reason=tracking_pose_accepted
x=5.14975 y=3.8 yaw=-0.0581592 score=0.990552 valid=1 mode=tracking state=TRACKING evaluated=789 execution_us=54818 reason=tracking_pose_accepted
x=5.14975 y=3.8 yaw=-0.0765467 score=0.991728 valid=1 mode=tracking state=TRACKING evaluated=789 execution_us=55284 reason=tracking_pose_accepted
x=5.14975 y=3.8 yaw=-0.0774808 score=0.985218 valid=1 mode=tracking state=TRACKING evaluated=789 execution_us=54987 reason=tracking_pose_accepted
x=5.14975 y=3.8 yaw=-0.078415 score=0.982058 valid=1 mode=tracking state=TRACKING evaluated=789 execution_us=55612 reason=tracking_pose_accepted
x=5.14975 y=3.8 yaw=-0.0618959 score=0.969436 valid=1 mode=tracking state=TRACKING evaluated=807 execution_us=59884 reason=tracking_pose_accepted
x=5.09975 y=3.75 yaw=-0.0628301 score=0.971734 valid=1 mode=tracking state=TRACKING evaluated=789 execution_us=59516 reason=tracking_pose_accepted
x=5.14975 y=3.75 yaw=-0.0812175 score=0.982327 valid=1 mode=tracking state=TRACKING evaluated=789 execution_us=60243 reason=tracking_pose_accepted
x=5.14975 y=3.75 yaw=-0.0646984 score=0.980443 valid=1 mode=tracking state=TRACKING evaluated=789 execution_us=49718 reason=tracking_pose_accepted
x=5.14975 y=3.75 yaw=-0.0307259 score=0.981561 valid=1 mode=tracking state=TRACKING evaluated=789 execution_us=50480 reason=tracking_pose_accepted
x=5.14975 y=3.8 yaw=-0.0316601 score=0.991993 valid=1 mode=tracking state=TRACKING evaluated=789 execution_us=66617 reason=tracking_pose_accepted
x=5.14975 y=3.79999 yaw=-0.0500475 score=0.982623 valid=1 mode=tracking state=TRACKING evaluated=807 execution_us=58029 reason=tracking_pose_accepted
x=5.14975 y=3.79999 yaw=-0.0509817 score=0.983538 valid=1 mode=tracking state=TRACKING evaluated=789 execution_us=56629 reason=tracking_pose_accepted
x=5.14975 y=3.79999 yaw=-0.0519158 score=0.98243 valid=1 mode=tracking state=TRACKING evaluated=789 execution_us=57598 reason=tracking_pose_accepted
x=5.14975 y=3.79999 yaw=-0.0353967 score=0.985294 valid=1 mode=tracking state=TRACKING evaluated=807 execution_us=58254 reason=tracking_pose_accepted
x=5.14975 y=3.79999 yaw=-0.0537841 score=0.986269 valid=1 mode=tracking state=TRACKING evaluated=789 execution_us=56969 reason=tracking_pose_accepted
x=5.14975 y=3.79999 yaw=-0.037265 score=0.986096 valid=1 mode=tracking state=TRACKING evaluated=789 execution_us=64457 reason=tracking_pose_accepted
x=5.14974 y=3.79999 yaw=-0.0556524 score=0.99696 valid=1 mode=tracking state=TRACKING evaluated=807 execution_us=52045 reason=tracking_pose_accepted
x=5.14974 y=3.79999 yaw=-0.0740399 score=0.989068 valid=1 mode=tracking state=TRACKING evaluated=789 execution_us=51690 reason=tracking_pose_accepted
x=5.14974 y=3.79999 yaw=-0.074974 score=0.987013 valid=1 mode=tracking state=TRACKING evaluated=789 execution_us=52466 reason=tracking_pose_accepted
x=5.14974 y=3.79999 yaw=-0.0759082 score=0.984659 valid=1 mode=tracking state=TRACKING evaluated=789 execution_us=52014 reason=tracking_pose_accepted
x=5.14974 y=3.79999 yaw=-0.0593891 score=0.987373 valid=1 mode=tracking state=TRACKING evaluated=807 execution_us=53432 reason=tracking_pose_accepted
x=5.14974 y=3.79999 yaw=-0.0603233 score=0.991336 valid=1 mode=tracking state=TRACKING evaluated=789 execution_us=59145 reason=tracking_pose_accepted
x=5.14974 y=3.79999 yaw=-0.0612574 score=0.987459 valid=1 mode=tracking state=TRACKING evaluated=807 execution_us=59600 reason=tracking_pose_accepted
x=5.14974 y=3.79999 yaw=-0.0447383 score=0.995392 valid=1 mode=tracking state=TRACKING evaluated=789 execution_us=56380 reason=tracking_pose_accepted
x=5.14974 y=3.79999 yaw=-0.0456724 score=0.99343 valid=1 mode=tracking state=TRACKING evaluated=807 execution_us=56780 reason=tracking_pose_accepted
x=5.14974 y=3.79999 yaw=-0.0466066 score=0.996314 valid=1 mode=tracking state=TRACKING evaluated=789 execution_us=56250 reason=tracking_pose_accepted
x=5.14974 y=3.79999 yaw=-0.0475408 score=0.996343 valid=1 mode=tracking state=TRACKING evaluated=789 execution_us=56082 reason=tracking_pose_accepted
x=5.14974 y=3.79999 yaw=-0.048475 score=0.996647 valid=1 mode=tracking state=TRACKING evaluated=789 execution_us=53038 reason=tracking_pose_accepted
x=5.14974 y=3.79999 yaw=-0.0494092 score=0.989678 valid=1 mode=tracking state=TRACKING evaluated=789 execution_us=54189 reason=tracking_pose_accepted
x=5.14974 y=3.79999 yaw=-0.0503433 score=0.986402 valid=1 mode=tracking state=TRACKING evaluated=789 execution_us=53070 reason=tracking_pose_accepted
x=5.14974 y=3.79999 yaw=-0.0512775 score=0.981248 valid=1 mode=tracking state=TRACKING evaluated=789 execution_us=53756 reason=tracking_pose_accepted
x=5.14974 y=3.79999 yaw=-0.0522117 score=0.971734 valid=1 mode=tracking state=TRACKING evaluated=807 execution_us=55446 reason=tracking_pose_accepted
x=5.09974 y=3.79999 yaw=-0.0356926 score=0.975467 valid=1 mode=tracking state=TRACKING evaluated=789 execution_us=60847 reason=tracking_pose_accepted
x=5.09974 y=3.79999 yaw=-0.0366267 score=0.975531 valid=1 mode=tracking state=TRACKING evaluated=807 execution_us=59376 reason=tracking_pose_accepted
x=5.14974 y=3.79999 yaw=-0.0550142 score=0.979715 valid=1 mode=tracking state=TRACKING evaluated=789 execution_us=58352 reason=tracking_pose_accepted
x=5.14974 y=3.79999 yaw=-0.0559483 score=0.984537 valid=1 mode=tracking state=TRACKING evaluated=789 execution_us=58881 reason=tracking_pose_accepted
x=5.14974 y=3.79999 yaw=-0.0568825 score=0.984416 valid=1 mode=tracking state=TRACKING evaluated=789 execution_us=59028 reason=tracking_pose_accepted
x=5.14973 y=3.79999 yaw=-0.0578166 score=0.986192 valid=1 mode=tracking state=TRACKING evaluated=807 execution_us=59920 reason=tracking_pose_accepted
x=5.14973 y=3.79999 yaw=-0.0412974 score=0.976869 valid=1 mode=tracking state=TRACKING evaluated=789 execution_us=55533 reason=tracking_pose_accepted
x=5.14973 y=3.79999 yaw=-0.0596849 score=0.978396 valid=1 mode=tracking state=TRACKING evaluated=807 execution_us=57163 reason=tracking_pose_accepted
x=5.14973 y=3.79999 yaw=-0.060619 score=0.980894 valid=1 mode=tracking state=TRACKING evaluated=789 execution_us=55446 reason=tracking_pose_accepted
x=5.14973 y=3.79999 yaw=-0.0440998 score=0.986068 valid=1 mode=tracking state=TRACKING evaluated=789 execution_us=55548 reason=tracking_pose_accepted
x=5.14973 y=3.79999 yaw=-0.045034 score=0.983652 valid=1 mode=tracking state=TRACKING evaluated=807 execution_us=57379 reason=tracking_pose_accepted
x=5.14973 y=3.79999 yaw=-0.0634215 score=0.982271 valid=1 mode=tracking state=TRACKING evaluated=789 execution_us=55933 reason=tracking_pose_accepted
x=5.14973 y=3.79999 yaw=-0.0469023 score=0.98157 valid=1 mode=tracking state=TRACKING evaluated=789 execution_us=60062 reason=tracking_pose_accepted
x=5.14973 y=3.79998 yaw=-0.0478365 score=0.982184 valid=1 mode=tracking state=TRACKING evaluated=789 execution_us=49575 reason=tracking_pose_accepted
x=5.14973 y=3.79998 yaw=-0.0487707 score=0.984222 valid=1 mode=tracking state=TRACKING evaluated=789 execution_us=50325 reason=tracking_pose_accepted
x=5.14973 y=3.79998 yaw=-0.0497049 score=0.986792 valid=1 mode=tracking state=TRACKING evaluated=789 execution_us=50974 reason=tracking_pose_accepted
x=5.14973 y=3.79998 yaw=-0.050639 score=0.980799 valid=1 mode=tracking state=TRACKING evaluated=789 execution_us=50371 reason=tracking_pose_accepted
x=5.14973 y=3.79998 yaw=-0.0515732 score=0.986798 valid=1 mode=tracking state=TRACKING evaluated=789 execution_us=50514 reason=tracking_pose_accepted
x=5.14973 y=3.79998 yaw=-0.0525074 score=0.978442 valid=1 mode=tracking state=TRACKING evaluated=789 execution_us=57976 reason=tracking_pose_accepted
x=5.14973 y=3.79998 yaw=-0.0534416 score=0.978094 valid=1 mode=tracking state=TRACKING evaluated=789 execution_us=57676 reason=tracking_pose_accepted
x=5.14973 y=3.79998 yaw=-0.0543758 score=0.977656 valid=1 mode=tracking state=TRACKING evaluated=789 execution_us=58745 reason=tracking_pose_accepted
x=5.14973 y=3.79998 yaw=-0.05531 score=0.987219 valid=1 mode=tracking state=TRACKING evaluated=807 execution_us=58984 reason=tracking_pose_accepted
x=5.14973 y=3.79998 yaw=-0.0562441 score=0.97691 valid=1 mode=tracking state=TRACKING evaluated=789 execution_us=58323 reason=tracking_pose_accepted
x=5.14973 y=3.79998 yaw=-0.0571783 score=0.980536 valid=1 mode=tracking state=TRACKING evaluated=807 execution_us=59840 reason=tracking_pose_accepted
x=5.14973 y=3.79998 yaw=-0.0406591 score=0.977293 valid=1 mode=tracking state=TRACKING evaluated=789 execution_us=51902 reason=tracking_pose_accepted
x=5.14973 y=3.79998 yaw=-0.0590466 score=0.977617 valid=1 mode=tracking state=TRACKING evaluated=807 execution_us=53053 reason=tracking_pose_accepted
x=5.14972 y=3.79998 yaw=-0.0599807 score=0.982532 valid=1 mode=tracking state=TRACKING evaluated=789 execution_us=52073 reason=tracking_pose_accepted
x=5.14972 y=3.79998 yaw=-0.0434615 score=0.981005 valid=1 mode=tracking state=TRACKING evaluated=789 execution_us=52487 reason=tracking_pose_accepted
x=5.14972 y=3.79998 yaw=-0.0443957 score=0.980855 valid=1 mode=tracking state=TRACKING evaluated=807 execution_us=51760 reason=tracking_pose_accepted
x=5.14972 y=3.79998 yaw=-0.0453299 score=0.98136 valid=1 mode=tracking state=TRACKING evaluated=789 execution_us=56752 reason=tracking_pose_accepted
x=5.14972 y=3.79998 yaw=-0.0462641 score=0.979266 valid=1 mode=tracking state=TRACKING evaluated=789 execution_us=56472 reason=tracking_pose_accepted
x=5.14972 y=3.79998 yaw=-0.0471983 score=0.979266 valid=1 mode=tracking state=TRACKING evaluated=789 execution_us=57479 reason=tracking_pose_accepted
x=5.14972 y=3.79998 yaw=-0.0481324 score=0.984795 valid=1 mode=tracking state=TRACKING evaluated=789 execution_us=57192 reason=tracking_pose_accepted
x=5.14972 y=3.79998 yaw=-0.0490666 score=0.981924 valid=1 mode=tracking state=TRACKING evaluated=789 execution_us=57521 reason=tracking_pose_accepted
x=5.14972 y=3.79998 yaw=-0.0500008 score=0.97932 valid=1 mode=tracking state=TRACKING evaluated=789 execution_us=58444 reason=tracking_pose_accepted
x=5.14972 y=3.79998 yaw=-0.050935 score=0.976836 valid=1 mode=tracking state=TRACKING evaluated=789 execution_us=54080 reason=tracking_pose_accepted
x=5.14972 y=3.79998 yaw=-0.0518692 score=0.981164 valid=1 mode=tracking state=TRACKING evaluated=789 execution_us=53991 reason=tracking_pose_accepted
x=5.14972 y=3.79998 yaw=-0.0528034 score=0.975984 valid=1 mode=tracking state=TRACKING evaluated=789 execution_us=55054 reason=tracking_pose_accepted
x=5.14972 y=3.79998 yaw=-0.0537375 score=0.979473 valid=1 mode=tracking state=TRACKING evaluated=807 execution_us=55898 reason=tracking_pose_accepted
x=5.14972 y=3.79998 yaw=-0.0546717 score=0.98269 valid=1 mode=tracking state=TRACKING evaluated=789 execution_us=55517 reason=tracking_pose_accepted
x=5.14972 y=3.79998 yaw=-0.0556058 score=0.98587 valid=1 mode=tracking state=TRACKING evaluated=807 execution_us=56017 reason=tracking_pose_accepted
x=5.14972 y=3.79998 yaw=-0.05654 score=0.984252 valid=1 mode=tracking state=TRACKING evaluated=789 execution_us=59169 reason=tracking_pose_accepted
x=5.14972 y=3.79998 yaw=-0.0400209 score=0.976379 valid=1 mode=tracking state=TRACKING evaluated=807 execution_us=61292 reason=tracking_pose_accepted
x=5.14972 y=3.79998 yaw=-0.0584083 score=0.979348 valid=1 mode=tracking state=TRACKING evaluated=789 execution_us=59215 reason=tracking_pose_accepted
x=5.14972 y=3.79998 yaw=-0.0593425 score=0.97788 valid=1 mode=tracking state=TRACKING evaluated=789 execution_us=59834 reason=tracking_pose_accepted
x=5.14972 y=3.79998 yaw=-0.0602766 score=0.981815 valid=1 mode=tracking state=TRACKING evaluated=807 execution_us=50716 reason=tracking_pose_accepted
x=5.14972 y=3.79998 yaw=-0.0612107 score=0.978581 valid=1 mode=tracking state=TRACKING evaluated=789 execution_us=55936 reason=tracking_pose_accepted
x=5.14971 y=3.79998 yaw=-0.0446915 score=0.978904 valid=1 mode=tracking state=TRACKING evaluated=807 execution_us=57076 reason=tracking_pose_accepted
x=5.14971 y=3.79998 yaw=-0.063079 score=0.980116 valid=1 mode=tracking state=TRACKING evaluated=789 execution_us=56323 reason=tracking_pose_accepted
x=5.14971 y=3.79998 yaw=-0.0465598 score=0.98157 valid=1 mode=tracking state=TRACKING evaluated=789 execution_us=56904 reason=tracking_pose_accepted
x=5.14971 y=3.79998 yaw=-0.047494 score=0.983915 valid=1 mode=tracking state=TRACKING evaluated=807 execution_us=58740 reason=tracking_pose_accepted
x=5.14971 y=3.79998 yaw=-0.0484282 score=0.980905 valid=1 mode=tracking state=TRACKING evaluated=789 execution_us=57099 reason=tracking_pose_accepted
x=5.14971 y=3.79998 yaw=-0.0493624 score=0.981924 valid=1 mode=tracking state=TRACKING evaluated=789 execution_us=64206 reason=tracking_pose_accepted
x=5.14971 y=3.79998 yaw=-0.0502966 score=0.979471 valid=1 mode=tracking state=TRACKING evaluated=789 execution_us=51537 reason=tracking_pose_accepted
x=5.14971 y=3.79998 yaw=-0.0512307 score=0.982277 valid=1 mode=tracking state=TRACKING evaluated=789 execution_us=51035 reason=tracking_pose_accepted
x=5.14971 y=3.79998 yaw=-0.0521649 score=0.980752 valid=1 mode=tracking state=TRACKING evaluated=789 execution_us=50756 reason=tracking_pose_accepted
x=5.14971 y=3.79998 yaw=-0.0530991 score=0.975922 valid=1 mode=tracking state=TRACKING evaluated=789 execution_us=52022 reason=tracking_pose_accepted
x=5.14971 y=3.79997 yaw=-0.0540333 score=0.986068 valid=1 mode=tracking state=TRACKING evaluated=807 execution_us=51589 reason=tracking_pose_accepted
x=5.14971 y=3.79997 yaw=-0.0549674 score=0.980034 valid=1 mode=tracking state=TRACKING evaluated=789 execution_us=58669 reason=tracking_pose_accepted
x=5.14971 y=3.79997 yaw=-0.0559015 score=0.985256 valid=1 mode=tracking state=TRACKING evaluated=807 execution_us=59761 reason=tracking_pose_accepted
x=5.14971 y=3.79997 yaw=-0.0568357 score=0.984988 valid=1 mode=tracking state=TRACKING evaluated=789 execution_us=58687 reason=tracking_pose_accepted
x=5.14971 y=3.79997 yaw=-0.0577698 score=0.980843 valid=1 mode=tracking state=TRACKING evaluated=807 execution_us=60321 reason=tracking_pose_accepted
x=5.14971 y=3.79997 yaw=-0.058704 score=0.981029 valid=1 mode=tracking state=TRACKING evaluated=789 execution_us=55610 reason=tracking_pose_accepted
x=5.14971 y=3.79997 yaw=-0.0596381 score=0.982175 valid=1 mode=tracking state=TRACKING evaluated=807 execution_us=53928 reason=tracking_pose_accepted
x=5.14971 y=3.79997 yaw=-0.0605722 score=0.977044 valid=1 mode=tracking state=TRACKING evaluated=789 execution_us=53463 reason=tracking_pose_accepted
x=5.14971 y=3.79997 yaw=-0.0615063 score=0.978897 valid=1 mode=tracking state=TRACKING evaluated=807 execution_us=53918 reason=tracking_pose_accepted
x=5.14971 y=3.79997 yaw=-0.0449872 score=0.980597 valid=1 mode=tracking state=TRACKING evaluated=789 execution_us=52970 reason=tracking_pose_accepted
x=5.14971 y=3.79997 yaw=-0.0459213 score=0.979626 valid=1 mode=tracking state=TRACKING evaluated=807 execution_us=54416 reason=tracking_pose_accepted
x=5.1497 y=3.79997 yaw=-0.0468555 score=0.979836 valid=1 mode=tracking state=TRACKING evaluated=789 execution_us=53815 reason=tracking_pose_accepted
x=5.1497 y=3.79997 yaw=-0.0477897 score=0.986757 valid=1 mode=tracking state=TRACKING evaluated=789 execution_us=58709 reason=tracking_pose_accepted
x=5.1497 y=3.79997 yaw=-0.0487239 score=0.987373 valid=1 mode=tracking state=TRACKING evaluated=789 execution_us=57196 reason=tracking_pose_accepted
x=5.1497 y=3.79997 yaw=-0.0496581 score=0.979573 valid=1 mode=tracking state=TRACKING evaluated=789 execution_us=57497 reason=tracking_pose_accepted
x=5.1497 y=3.79997 yaw=-0.0505923 score=0.981473 valid=1 mode=tracking state=TRACKING evaluated=789 execution_us=58338 reason=tracking_pose_accepted
x=5.1497 y=3.79997 yaw=-0.0515264 score=0.978288 valid=1 mode=tracking state=TRACKING evaluated=789 execution_us=57838 reason=tracking_pose_accepted
x=5.1497 y=3.79997 yaw=-0.0524606 score=0.978457 valid=1 mode=tracking state=TRACKING evaluated=789 execution_us=58686 reason=tracking_pose_accepted
x=5.1497 y=3.79997 yaw=-0.0533948 score=0.979931 valid=1 mode=tracking state=TRACKING evaluated=789 execution_us=55647 reason=tracking_pose_accepted
x=5.1497 y=3.79997 yaw=-0.0543289 score=0.977846 valid=1 mode=tracking state=TRACKING evaluated=789 execution_us=55142 reason=tracking_pose_accepted
x=5.1497 y=3.79997 yaw=-0.0552631 score=0.981812 valid=1 mode=tracking state=TRACKING evaluated=807 execution_us=56978 reason=tracking_pose_accepted
x=5.1497 y=3.79997 yaw=-0.0561972 score=0.981983 valid=1 mode=tracking state=TRACKING evaluated=789 execution_us=55078 reason=tracking_pose_accepted
x=5.1497 y=3.79997 yaw=-0.0396781 score=0.976869 valid=1 mode=tracking state=TRACKING evaluated=807 execution_us=56630 reason=tracking_pose_accepted
x=5.1497 y=3.79997 yaw=-0.0580655 score=0.980884 valid=1 mode=tracking state=TRACKING evaluated=789 execution_us=62389 reason=tracking_pose_accepted
x=5.1497 y=3.79997 yaw=-0.0589997 score=0.981959 valid=1 mode=tracking state=TRACKING evaluated=789 execution_us=59413 reason=tracking_pose_accepted
x=5.1497 y=3.79997 yaw=-0.0599338 score=0.980126 valid=1 mode=tracking state=TRACKING evaluated=807 execution_us=60847 reason=tracking_pose_accepted
x=5.1497 y=3.79997 yaw=-0.0434146 score=0.977482 valid=1 mode=tracking state=TRACKING evaluated=789 execution_us=50461 reason=tracking_pose_accepted
x=5.1497 y=3.79997 yaw=-0.0618021 score=0.977754 valid=1 mode=tracking state=TRACKING evaluated=807 execution_us=50675 reason=tracking_pose_accepted
x=5.1497 y=3.79997 yaw=-0.0452829 score=0.982064 valid=1 mode=tracking state=TRACKING evaluated=789 execution_us=50836 reason=tracking_pose_accepted
x=5.1497 y=3.79997 yaw=-0.0462171 score=0.978539 valid=1 mode=tracking state=TRACKING evaluated=789 execution_us=56735 reason=tracking_pose_accepted
x=5.1497 y=3.79997 yaw=-0.0471513 score=0.98157 valid=1 mode=tracking state=TRACKING evaluated=789 execution_us=56571 reason=tracking_pose_accepted
x=5.1497 y=3.79997 yaw=-0.0480855 score=0.982018 valid=1 mode=tracking state=TRACKING evaluated=789 execution_us=58445 reason=tracking_pose_accepted
x=5.14969 y=3.79997 yaw=-0.0490196 score=0.983729 valid=1 mode=tracking state=TRACKING evaluated=789 execution_us=57539 reason=tracking_pose_accepted
x=5.14969 y=3.79997 yaw=-0.0499538 score=0.984181 valid=1 mode=tracking state=TRACKING evaluated=789 execution_us=58650 reason=tracking_pose_accepted
x=5.14969 y=3.79997 yaw=-0.050888 score=0.981311 valid=1 mode=tracking state=TRACKING evaluated=789 execution_us=58531 reason=tracking_pose_accepted
x=5.14969 y=3.79997 yaw=-0.0518222 score=0.98404 valid=1 mode=tracking state=TRACKING evaluated=789 execution_us=50371 reason=tracking_pose_accepted
x=5.14969 y=3.79997 yaw=-0.0527564 score=0.980699 valid=1 mode=tracking state=TRACKING evaluated=789 execution_us=51643 reason=tracking_pose_accepted
x=5.14969 y=3.79997 yaw=-0.0536906 score=0.981265 valid=1 mode=tracking state=TRACKING evaluated=807 execution_us=52585 reason=tracking_pose_accepted
x=5.14969 y=3.79996 yaw=-0.0546247 score=0.985294 valid=1 mode=tracking state=TRACKING evaluated=789 execution_us=52069 reason=tracking_pose_accepted
x=5.14969 y=3.79996 yaw=-0.0555589 score=0.987592 valid=1 mode=tracking state=TRACKING evaluated=807 execution_us=53598 reason=tracking_pose_accepted
x=5.14969 y=3.79996 yaw=-0.0564931 score=0.984681 valid=1 mode=tracking state=TRACKING evaluated=789 execution_us=59121 reason=tracking_pose_accepted
x=5.14969 y=3.79996 yaw=-0.0399739 score=0.975401 valid=1 mode=tracking state=TRACKING evaluated=807 execution_us=59934 reason=tracking_pose_accepted
x=5.14969 y=3.79996 yaw=-0.0583613 score=0.985412 valid=1 mode=tracking state=TRACKING evaluated=789 execution_us=56956 reason=tracking_pose_accepted
x=5.14969 y=3.79996 yaw=-0.0592955 score=0.974969 valid=1 mode=tracking state=TRACKING evaluated=789 execution_us=56171 reason=tracking_pose_accepted
x=5.14969 y=3.79996 yaw=-0.0602296 score=0.978385 valid=1 mode=tracking state=TRACKING evaluated=807 execution_us=57306 reason=tracking_pose_accepted
x=5.14969 y=3.79996 yaw=-0.0611637 score=0.979671 valid=1 mode=tracking state=TRACKING evaluated=789 execution_us=62583 reason=tracking_pose_accepted
x=5.14969 y=3.79996 yaw=-0.0446446 score=0.980138 valid=1 mode=tracking state=TRACKING evaluated=807 execution_us=54419 reason=tracking_pose_accepted
x=5.14969 y=3.79996 yaw=-0.0455787 score=0.983523 valid=1 mode=tracking state=TRACKING evaluated=789 execution_us=53842 reason=tracking_pose_accepted
x=5.14969 y=3.79996 yaw=-0.0465129 score=0.984488 valid=1 mode=tracking state=TRACKING evaluated=789 execution_us=53591 reason=tracking_pose_accepted
x=5.14969 y=3.79996 yaw=-0.0474471 score=0.980905 valid=1 mode=tracking state=TRACKING evaluated=789 execution_us=53647 reason=tracking_pose_accepted
x=5.14969 y=3.79996 yaw=-0.0483813 score=0.984874 valid=1 mode=tracking state=TRACKING evaluated=789 execution_us=55581 reason=tracking_pose_accepted
x=5.14969 y=3.79996 yaw=-0.0493155 score=0.985024 valid=1 mode=tracking state=TRACKING evaluated=789 execution_us=56976 reason=tracking_pose_accepted
x=5.14969 y=3.79996 yaw=-0.0502497 score=0.980903 valid=1 mode=tracking state=TRACKING evaluated=789 execution_us=58249 reason=tracking_pose_accepted
x=5.14968 y=3.79996 yaw=-0.0511838 score=0.983652 valid=1 mode=tracking state=TRACKING evaluated=789 execution_us=58914 reason=tracking_pose_accepted
x=5.14968 y=3.79996 yaw=-0.052118 score=0.986002 valid=1 mode=tracking state=TRACKING evaluated=789 execution_us=59379 reason=tracking_pose_accepted
x=5.14968 y=3.79996 yaw=-0.0530522 score=0.98278 valid=1 mode=tracking state=TRACKING evaluated=807 execution_us=59512 reason=tracking_pose_accepted
x=5.14968 y=3.79996 yaw=-0.0539864 score=0.982338 valid=1 mode=tracking state=TRACKING evaluated=789 execution_us=58868 reason=tracking_pose_accepted
x=5.14968 y=3.79996 yaw=-0.0549206 score=0.982645 valid=1 mode=tracking state=TRACKING evaluated=807 execution_us=56363 reason=tracking_pose_accepted
x=5.14968 y=3.79996 yaw=-0.0558547 score=0.979366 valid=1 mode=tracking state=TRACKING evaluated=789 execution_us=56061 reason=tracking_pose_accepted
x=5.14968 y=3.79996 yaw=-0.0567888 score=0.97865 valid=1 mode=tracking state=TRACKING evaluated=807 execution_us=56922 reason=tracking_pose_accepted
x=5.14968 y=3.79996 yaw=-0.0577229 score=0.980485 valid=1 mode=tracking state=TRACKING evaluated=789 execution_us=55598 reason=tracking_pose_accepted
x=5.14968 y=3.79996 yaw=-0.0586571 score=0.980129 valid=1 mode=tracking state=TRACKING evaluated=807 execution_us=57700 reason=tracking_pose_accepted
x=5.14968 y=3.79996 yaw=-0.0421379 score=0.996038 valid=1 mode=tracking state=TRACKING evaluated=789 execution_us=56743 reason=tracking_pose_accepted
x=5.14968 y=3.79996 yaw=-0.0430721 score=0.996324 valid=1 mode=tracking state=TRACKING evaluated=807 execution_us=60514 reason=tracking_pose_accepted
x=5.14968 y=3.79996 yaw=-0.0614595 score=0.981614 valid=1 mode=tracking state=TRACKING evaluated=789 execution_us=50781 reason=tracking_pose_accepted
x=5.09968 y=3.79996 yaw=-0.0449404 score=0.981105 valid=1 mode=tracking state=TRACKING evaluated=789 execution_us=50808 reason=tracking_pose_accepted
x=5.09968 y=3.79996 yaw=-0.0458746 score=0.979984 valid=1 mode=tracking state=TRACKING evaluated=789 execution_us=50939 reason=tracking_pose_accepted
x=5.09968 y=3.79996 yaw=-0.0468087 score=0.983609 valid=1 mode=tracking state=TRACKING evaluated=789 execution_us=50936 reason=tracking_pose_accepted
x=5.09968 y=3.79996 yaw=-0.0477429 score=0.987392 valid=1 mode=tracking state=TRACKING evaluated=789 execution_us=50865 reason=tracking_pose_accepted
x=5.09968 y=3.79996 yaw=-0.0486771 score=0.975337 valid=1 mode=tracking state=TRACKING evaluated=789 execution_us=58632 reason=tracking_pose_accepted
x=5.04968 y=3.84996 yaw=-0.032158 score=0.979784 valid=1 mode=tracking state=TRACKING evaluated=789 execution_us=58331 reason=tracking_pose_accepted
x=4.99968 y=3.89996 yaw=0.00181445 score=0.960119 valid=1 mode=tracking state=TRACKING evaluated=807 execution_us=50647 reason=tracking_pose_accepted
x=4.89968 y=3.89996 yaw=-0.016573 score=0.957066 valid=1 mode=tracking state=TRACKING evaluated=789 execution_us=56252 reason=tracking_pose_accepted
x=4.74968 y=3.94996 yaw=-0.0349604 score=0.888129 valid=0 mode=tracking state=DEGRADED evaluated=789 execution_us=62424 reason=tracking_score_below_threshold
x=4.69968 y=3.94996 yaw=-0.0873203 score=0.871919 valid=0 mode=tracking state=DEGRADED evaluated=789 execution_us=52411 reason=tracking_score_below_threshold
x=4.64968 y=3.99996 yaw=-0.122227 score=0.879018 valid=0 mode=tracking state=LOST evaluated=789 execution_us=53780 reason=rejection_limit_reached
x=4.55 y=4.05 yaw=-0.109083 score=0.895509 valid=0 mode=global state=LOST evaluated=15444 execution_us=904808 reason=global_score_below_threshold
x=4.05 y=4.2 yaw=-0.0654502 score=0.978554 valid=1 mode=global state=RECOVERED evaluated=15444 execution_us=888819 reason=global_relocalization_accepted
x=3.9 y=4.4 yaw=-0.0838377 score=0.982491 valid=1 mode=tracking state=RECOVERED evaluated=789 execution_us=47222 reason=recovery_confirmation_pending
x=3.9 y=4.4 yaw=-0.0847718 score=0.987999 valid=1 mode=tracking state=RECOVERED evaluated=789 execution_us=55124 reason=recovery_confirmation_pending
x=3.9 y=4.4 yaw=-0.0682527 score=0.972193 valid=1 mode=tracking state=TRACKING evaluated=789 execution_us=56921 reason=recovery_confirmed
x=3.95 y=4.4 yaw=-0.0517336 score=0.981706 valid=1 mode=tracking state=TRACKING evaluated=789 execution_us=49887 reason=tracking_pose_accepted
x=3.95 y=4.4 yaw=-0.0526678 score=0.994194 valid=1 mode=tracking state=TRACKING evaluated=807 execution_us=61126 reason=tracking_pose_accepted
x=3.95 y=4.4 yaw=-0.0536019 score=0.993532 valid=1 mode=tracking state=TRACKING evaluated=789 execution_us=50236 reason=tracking_pose_accepted
x=3.95 y=4.4 yaw=-0.0545361 score=0.993125 valid=1 mode=tracking state=TRACKING evaluated=789 execution_us=50590 reason=tracking_pose_accepted
x=3.95 y=4.4 yaw=-0.0554703 score=0.991662 valid=1 mode=tracking state=TRACKING evaluated=789 execution_us=51090 reason=tracking_pose_accepted
x=3.95 y=4.4 yaw=-0.0564045 score=0.98793 valid=1 mode=tracking state=TRACKING evaluated=789 execution_us=57719 reason=tracking_pose_accepted
x=3.95 y=4.45 yaw=-0.0573386 score=0.992972 valid=1 mode=tracking state=TRACKING evaluated=789 execution_us=57754 reason=tracking_pose_accepted
x=3.95 y=4.45 yaw=-0.0582727 score=0.992268 valid=1 mode=tracking state=TRACKING evaluated=789 execution_us=58874 reason=tracking_pose_accepted
x=3.95 y=4.45 yaw=-0.0592069 score=0.991486 valid=1 mode=tracking state=TRACKING evaluated=789 execution_us=57519 reason=tracking_pose_accepted
x=3.95 y=4.45 yaw=-0.0426878 score=0.983652 valid=1 mode=tracking state=TRACKING evaluated=789 execution_us=58251 reason=tracking_pose_accepted
x=3.95 y=4.4 yaw=-0.0610753 score=0.979374 valid=1 mode=tracking state=TRACKING evaluated=789 execution_us=59024 reason=tracking_pose_accepted
x=3.95 y=4.4 yaw=-0.0620094 score=0.985027 valid=1 mode=tracking state=TRACKING evaluated=789 execution_us=51417 reason=tracking_pose_accepted
x=3.95 y=4.4 yaw=-0.0629435 score=0.990247 valid=1 mode=tracking state=TRACKING evaluated=789 execution_us=52027 reason=tracking_pose_accepted
x=3.95 y=4.4 yaw=-0.0638777 score=0.989332 valid=1 mode=tracking state=TRACKING evaluated=789 execution_us=52390 reason=tracking_pose_accepted
x=3.95 y=4.45 yaw=-0.0648119 score=0.981304 valid=1 mode=tracking state=TRACKING evaluated=789 execution_us=52518 reason=tracking_pose_accepted
x=3.95 y=4.45 yaw=-0.0657461 score=0.98075 valid=1 mode=tracking state=TRACKING evaluated=789 execution_us=52782 reason=tracking_pose_accepted
x=3.95 y=4.45 yaw=-0.0666803 score=0.980942 valid=1 mode=tracking state=TRACKING evaluated=789 execution_us=56556 reason=tracking_pose_accepted
x=3.95 y=4.45 yaw=-0.0501612 score=0.989863 valid=1 mode=tracking state=TRACKING evaluated=789 execution_us=56535 reason=tracking_pose_accepted
x=3.95 y=4.45 yaw=-0.0510953 score=0.991597 valid=1 mode=tracking state=TRACKING evaluated=789 execution_us=57675 reason=tracking_pose_accepted
x=3.95 y=4.45 yaw=-0.0520295 score=0.992268 valid=1 mode=tracking state=TRACKING evaluated=789 execution_us=57144 reason=tracking_pose_accepted
x=3.95 y=4.45 yaw=-0.0529637 score=0.992935 valid=1 mode=tracking state=TRACKING evaluated=789 execution_us=56796 reason=tracking_pose_accepted
x=3.95 y=4.45 yaw=-0.0538979 score=0.990146 valid=1 mode=tracking state=TRACKING evaluated=789 execution_us=57791 reason=tracking_pose_accepted
x=3.95 y=4.45 yaw=-0.0548321 score=0.990299 valid=1 mode=tracking state=TRACKING evaluated=789 execution_us=86564 reason=tracking_pose_accepted
x=3.95 y=4.45 yaw=-0.0557663 score=0.98918 valid=1 mode=tracking state=TRACKING evaluated=789 execution_us=60564 reason=tracking_pose_accepted
x=3.95 y=4.45 yaw=-0.0567004 score=0.993549 valid=1 mode=tracking state=TRACKING evaluated=789 execution_us=53711 reason=tracking_pose_accepted
x=3.95 y=4.45 yaw=-0.0576346 score=0.993936 valid=1 mode=tracking state=TRACKING evaluated=789 execution_us=54601 reason=tracking_pose_accepted
x=3.95 y=4.45 yaw=-0.0585688 score=0.991291 valid=1 mode=tracking state=TRACKING evaluated=789 execution_us=54966 reason=tracking_pose_accepted
x=3.95 y=4.45 yaw=-0.059503 score=0.987132 valid=1 mode=tracking state=TRACKING evaluated=789 execution_us=61302 reason=tracking_pose_accepted
x=3.95 y=4.45 yaw=-0.0604372 score=0.986016 valid=1 mode=tracking state=TRACKING evaluated=789 execution_us=59376 reason=tracking_pose_accepted
x=3.95 y=4.45 yaw=-0.0613713 score=0.990424 valid=1 mode=tracking state=TRACKING evaluated=789 execution_us=59976 reason=tracking_pose_accepted
x=3.95 y=4.45 yaw=-0.0623055 score=0.986024 valid=1 mode=tracking state=TRACKING evaluated=789 execution_us=58888 reason=tracking_pose_accepted
x=3.95 y=4.45 yaw=-0.0632397 score=0.989249 valid=1 mode=tracking state=TRACKING evaluated=789 execution_us=58914 reason=tracking_pose_accepted
x=3.95 y=4.45 yaw=-0.0641739 score=0.986742 valid=1 mode=tracking state=TRACKING evaluated=789 execution_us=59158 reason=tracking_pose_accepted
x=3.95 y=4.45 yaw=-0.0651081 score=0.984952 valid=1 mode=tracking state=TRACKING evaluated=789 execution_us=62092 reason=tracking_pose_accepted
x=3.95 y=4.45 yaw=-0.048589 score=0.988781 valid=1 mode=tracking state=TRACKING evaluated=789 execution_us=91187 reason=tracking_pose_accepted
x=3.95 y=4.45 yaw=-0.0495231 score=0.987957 valid=1 mode=tracking state=TRACKING evaluated=789 execution_us=46663 reason=tracking_pose_accepted
x=3.95 y=4.45 yaw=-0.0504573 score=0.986707 valid=1 mode=tracking state=TRACKING evaluated=789 execution_us=56450 reason=tracking_pose_accepted
x=3.95 y=4.45 yaw=-0.0513915 score=0.992819 valid=1 mode=tracking state=TRACKING evaluated=789 execution_us=59864 reason=tracking_pose_accepted
x=3.95 y=4.45 yaw=-0.0523257 score=0.994209 valid=1 mode=tracking state=TRACKING evaluated=789 execution_us=50324 reason=tracking_pose_accepted
x=3.95 y=4.45 yaw=-0.0532599 score=0.991399 valid=1 mode=tracking state=TRACKING evaluated=789 execution_us=49860 reason=tracking_pose_accepted
x=3.95 y=4.45 yaw=-0.054194 score=0.990631 valid=1 mode=tracking state=TRACKING evaluated=789 execution_us=50601 reason=tracking_pose_accepted
x=3.95 y=4.45 yaw=-0.0551282 score=0.991792 valid=1 mode=tracking state=TRACKING evaluated=789 execution_us=60085 reason=tracking_pose_accepted
x=3.95 y=4.45 yaw=-0.0560624 score=0.993566 valid=1 mode=tracking state=TRACKING evaluated=789 execution_us=50596 reason=tracking_pose_accepted
x=3.95 y=4.45 yaw=-0.0569966 score=0.990374 valid=1 mode=tracking state=TRACKING evaluated=789 execution_us=57778 reason=tracking_pose_accepted
x=3.95 y=4.45 yaw=-0.0579308 score=0.992953 valid=1 mode=tracking state=TRACKING evaluated=789 execution_us=57951 reason=tracking_pose_accepted
x=3.95 y=4.45 yaw=-0.058865 score=0.990324 valid=1 mode=tracking state=TRACKING evaluated=789 execution_us=58535 reason=tracking_pose_accepted
x=3.95 y=4.45 yaw=-0.0597991 score=0.988083 valid=1 mode=tracking state=TRACKING evaluated=789 execution_us=58439 reason=tracking_pose_accepted
x=3.95 y=4.45 yaw=-0.0607333 score=0.99012 valid=1 mode=tracking state=TRACKING evaluated=789 execution_us=58743 reason=tracking_pose_accepted
x=3.95 y=4.45 yaw=-0.0616675 score=0.98372 valid=1 mode=tracking state=TRACKING evaluated=789 execution_us=51545 reason=tracking_pose_accepted
x=3.95 y=4.45 yaw=-0.0626017 score=0.989717 valid=1 mode=tracking state=TRACKING evaluated=789 execution_us=52725 reason=tracking_pose_accepted
x=3.95 y=4.45 yaw=-0.0635359 score=0.985864 valid=1 mode=tracking state=TRACKING evaluated=789 execution_us=52555 reason=tracking_pose_accepted
x=3.95 y=4.45 yaw=-0.0644701 score=0.985987 valid=1 mode=tracking state=TRACKING evaluated=789 execution_us=52403 reason=tracking_pose_accepted
x=3.95 y=4.45 yaw=-0.0654043 score=0.988051 valid=1 mode=tracking state=TRACKING evaluated=789 execution_us=52397 reason=tracking_pose_accepted
x=3.95 y=4.45 yaw=-0.0488851 score=0.988971 valid=1 mode=tracking state=TRACKING evaluated=789 execution_us=53282 reason=tracking_pose_accepted
x=3.95 y=4.45 yaw=-0.0498193 score=0.987013 valid=1 mode=tracking state=TRACKING evaluated=789 execution_us=56685 reason=tracking_pose_accepted
x=3.95 y=4.45 yaw=-0.0507535 score=0.991176 valid=1 mode=tracking state=TRACKING evaluated=789 execution_us=56224 reason=tracking_pose_accepted
x=3.95 y=4.45 yaw=-0.0516877 score=0.994239 valid=1 mode=tracking state=TRACKING evaluated=789 execution_us=58130 reason=tracking_pose_accepted
x=3.95 y=4.45 yaw=-0.0526219 score=0.991223 valid=1 mode=tracking state=TRACKING evaluated=789 execution_us=56292 reason=tracking_pose_accepted
x=3.95 y=4.45 yaw=-0.053556 score=0.992685 valid=1 mode=tracking state=TRACKING evaluated=789 execution_us=57107 reason=tracking_pose_accepted
x=3.95 y=4.45 yaw=-0.0544902 score=0.990986 valid=1 mode=tracking state=TRACKING evaluated=789 execution_us=54319 reason=tracking_pose_accepted
x=3.95 y=4.45 yaw=-0.0554244 score=0.993225 valid=1 mode=tracking state=TRACKING evaluated=789 execution_us=53442 reason=tracking_pose_accepted
x=3.95 y=4.45 yaw=-0.0563586 score=0.993008 valid=1 mode=tracking state=TRACKING evaluated=789 execution_us=56154 reason=tracking_pose_accepted
x=3.95 y=4.45 yaw=-0.0572928 score=0.988913 valid=1 mode=tracking state=TRACKING evaluated=789 execution_us=54644 reason=tracking_pose_accepted
x=3.95 y=4.45 yaw=-0.058227 score=0.990704 valid=1 mode=tracking state=TRACKING evaluated=789 execution_us=55104 reason=tracking_pose_accepted
x=3.95 y=4.45 yaw=-0.0591611 score=0.987536 valid=1 mode=tracking state=TRACKING evaluated=789 execution_us=55901 reason=tracking_pose_accepted
x=3.95 y=4.45 yaw=-0.0600953 score=0.990728 valid=1 mode=tracking state=TRACKING evaluated=789 execution_us=58744 reason=tracking_pose_accepted
x=3.95 y=4.45 yaw=-0.0610295 score=0.986945 valid=1 mode=tracking state=TRACKING evaluated=789 execution_us=58639 reason=tracking_pose_accepted
x=3.95 y=4.45 yaw=-0.0619637 score=0.991055 valid=1 mode=tracking state=TRACKING evaluated=789 execution_us=59919 reason=tracking_pose_accepted
x=3.95 y=4.45 yaw=-0.0628979 score=0.98606 valid=1 mode=tracking state=TRACKING evaluated=789 execution_us=59169 reason=tracking_pose_accepted
x=3.95 y=4.45 yaw=-0.0638321 score=0.987568 valid=1 mode=tracking state=TRACKING evaluated=789 execution_us=59763 reason=tracking_pose_accepted
x=3.95 y=4.45 yaw=-0.0647662 score=0.988418 valid=1 mode=tracking state=TRACKING evaluated=789 execution_us=65003 reason=tracking_pose_accepted
x=3.95 y=4.45 yaw=-0.0657004 score=0.987745 valid=1 mode=tracking state=TRACKING evaluated=789 execution_us=55763 reason=tracking_pose_accepted
x=3.95 y=4.45 yaw=-0.0666346 score=0.988418 valid=1 mode=tracking state=TRACKING evaluated=789 execution_us=56806 reason=tracking_pose_accepted
x=3.95 y=4.45 yaw=-0.0501155 score=0.992248 valid=1 mode=tracking state=TRACKING evaluated=789 execution_us=56673 reason=tracking_pose_accepted
x=3.95 y=4.45 yaw=-0.0510497 score=0.994194 valid=1 mode=tracking state=TRACKING evaluated=789 execution_us=56674 reason=tracking_pose_accepted
x=3.95 y=4.45 yaw=-0.0519838 score=0.988358 valid=1 mode=tracking state=TRACKING evaluated=789 execution_us=57217 reason=tracking_pose_accepted
x=3.95 y=4.45 yaw=-0.052918 score=0.993632 valid=1 mode=tracking state=TRACKING evaluated=789 execution_us=64296 reason=tracking_pose_accepted
x=3.95 y=4.45 yaw=-0.0538522 score=0.992341 valid=1 mode=tracking state=TRACKING evaluated=789 execution_us=50589 reason=tracking_pose_accepted
x=3.95 y=4.45 yaw=-0.0547864 score=0.991575 valid=1 mode=tracking state=TRACKING evaluated=789 execution_us=50903 reason=tracking_pose_accepted
x=3.95 y=4.45 yaw=-0.0557206 score=0.993008 valid=1 mode=tracking state=TRACKING evaluated=789 execution_us=51303 reason=tracking_pose_accepted
x=3.95 y=4.45 yaw=-0.0566548 score=0.989816 valid=1 mode=tracking state=TRACKING evaluated=789 execution_us=52052 reason=tracking_pose_accepted
x=3.95 y=4.45 yaw=-0.0575889 score=0.990069 valid=1 mode=tracking state=TRACKING evaluated=789 execution_us=51488 reason=tracking_pose_accepted
x=3.95 y=4.45 yaw=-0.0585231 score=0.98979 valid=1 mode=tracking state=TRACKING evaluated=789 execution_us=59665 reason=tracking_pose_accepted
x=3.95 y=4.45 yaw=-0.0594573 score=0.988144 valid=1 mode=tracking state=TRACKING evaluated=789 execution_us=59581 reason=tracking_pose_accepted
x=3.95 y=4.45 yaw=-0.0603915 score=0.988144 valid=1 mode=tracking state=TRACKING evaluated=789 execution_us=58928 reason=tracking_pose_accepted
x=3.95 y=4.45 yaw=-0.0613257 score=0.988999 valid=1 mode=tracking state=TRACKING evaluated=789 execution_us=58983 reason=tracking_pose_accepted
x=3.95 y=4.45 yaw=-0.0622599 score=0.986132 valid=1 mode=tracking state=TRACKING evaluated=789 execution_us=57165 reason=tracking_pose_accepted
x=3.95 y=4.45 yaw=-0.0631941 score=0.987903 valid=1 mode=tracking state=TRACKING evaluated=789 execution_us=56733 reason=tracking_pose_accepted
x=3.95 y=4.45 yaw=-0.0641282 score=0.985716 valid=1 mode=tracking state=TRACKING evaluated=789 execution_us=52292 reason=tracking_pose_accepted
x=3.95 y=4.45 yaw=-0.0650624 score=0.988635 valid=1 mode=tracking state=TRACKING evaluated=789 execution_us=52345 reason=tracking_pose_accepted
x=3.95 y=4.45 yaw=-0.0659966 score=0.988113 valid=1 mode=tracking state=TRACKING evaluated=789 execution_us=53046 reason=tracking_pose_accepted
x=3.95 y=4.45 yaw=-0.0494775 score=0.989305 valid=1 mode=tracking state=TRACKING evaluated=789 execution_us=53837 reason=tracking_pose_accepted
x=3.95 y=4.45 yaw=-0.0504117 score=0.988723 valid=1 mode=tracking state=TRACKING evaluated=789 execution_us=53503 reason=tracking_pose_accepted
x=3.95 y=4.45 yaw=-0.0513458 score=0.993904 valid=1 mode=tracking state=TRACKING evaluated=789 execution_us=53962 reason=tracking_pose_accepted
x=3.95 y=4.45 yaw=-0.05228 score=0.994224 valid=1 mode=tracking state=TRACKING evaluated=789 execution_us=58376 reason=tracking_pose_accepted
x=3.95 y=4.45 yaw=-0.0532142 score=0.993207 valid=1 mode=tracking state=TRACKING evaluated=789 execution_us=56596 reason=tracking_pose_accepted
x=3.95 y=4.45 yaw=-0.0541484 score=0.993008 valid=1 mode=tracking state=TRACKING evaluated=789 execution_us=57571 reason=tracking_pose_accepted
x=3.95 y=4.45 yaw=-0.0550826 score=0.992034 valid=1 mode=tracking state=TRACKING evaluated=789 execution_us=57521 reason=tracking_pose_accepted
x=3.95 y=4.45 yaw=-0.0560168 score=0.992723 valid=1 mode=tracking state=TRACKING evaluated=789 execution_us=58403 reason=tracking_pose_accepted
x=3.95 y=4.45 yaw=-0.0569509 score=0.989152 valid=1 mode=tracking state=TRACKING evaluated=789 execution_us=54978 reason=tracking_pose_accepted
x=3.95 y=4.45 yaw=-0.0578851 score=0.990094 valid=1 mode=tracking state=TRACKING evaluated=789 execution_us=54690 reason=tracking_pose_accepted
x=3.95 y=4.45 yaw=-0.0588193 score=0.99012 valid=1 mode=tracking state=TRACKING evaluated=789 execution_us=54827 reason=tracking_pose_accepted
x=3.95 y=4.45 yaw=-0.0597535 score=0.990728 valid=1 mode=tracking state=TRACKING evaluated=789 execution_us=55620 reason=tracking_pose_accepted
x=3.95 y=4.45 yaw=-0.0606877 score=0.991009 valid=1 mode=tracking state=TRACKING evaluated=789 execution_us=56736 reason=tracking_pose_accepted
x=3.95 y=4.45 yaw=-0.0616219 score=0.988942 valid=1 mode=tracking state=TRACKING evaluated=789 execution_us=54846 reason=tracking_pose_accepted
x=3.95 y=4.45 yaw=-0.062556 score=0.991291 valid=1 mode=tracking state=TRACKING evaluated=789 execution_us=59351 reason=tracking_pose_accepted
x=3.95 y=4.45 yaw=-0.0634902 score=0.986024 valid=1 mode=tracking state=TRACKING evaluated=789 execution_us=59060 reason=tracking_pose_accepted
x=3.95 y=4.45 yaw=-0.0469711 score=0.986979 valid=1 mode=tracking state=TRACKING evaluated=789 execution_us=60018 reason=tracking_pose_accepted
x=3.95 y=4.45 yaw=-0.0653586 score=0.98606 valid=1 mode=tracking state=TRACKING evaluated=789 execution_us=59625 reason=tracking_pose_accepted
x=3.95 y=4.45 yaw=-0.0662927 score=0.987871 valid=1 mode=tracking state=TRACKING evaluated=789 execution_us=60233 reason=tracking_pose_accepted
x=3.95 y=4.45 yaw=-0.0497736 score=0.990986 valid=1 mode=tracking state=TRACKING evaluated=789 execution_us=50375 reason=tracking_pose_accepted
x=3.95 y=4.45 yaw=-0.0507078 score=0.994239 valid=1 mode=tracking state=TRACKING evaluated=789 execution_us=56616 reason=tracking_pose_accepted
x=3.95 y=4.45 yaw=-0.051642 score=0.994224 valid=1 mode=tracking state=TRACKING evaluated=789 execution_us=56941 reason=tracking_pose_accepted
x=3.95 y=4.45 yaw=-0.0525761 score=0.993295 valid=1 mode=tracking state=TRACKING evaluated=789 execution_us=57693 reason=tracking_pose_accepted
x=3.95 y=4.45 yaw=-0.0535103 score=0.993616 valid=1 mode=tracking state=TRACKING evaluated=789 execution_us=57398 reason=tracking_pose_accepted
x=3.95 y=4.45 yaw=-0.0544445 score=0.990424 valid=1 mode=tracking state=TRACKING evaluated=789 execution_us=58876 reason=tracking_pose_accepted
x=3.95 y=4.45 yaw=-0.0553787 score=0.993888 valid=1 mode=tracking state=TRACKING evaluated=789 execution_us=58044 reason=tracking_pose_accepted
x=3.95 y=4.45 yaw=-0.0563129 score=0.992321 valid=1 mode=tracking state=TRACKING evaluated=789 execution_us=50980 reason=tracking_pose_accepted
x=3.95 y=4.45 yaw=-0.0572471 score=0.990752 valid=1 mode=tracking state=TRACKING evaluated=789 execution_us=52213 reason=tracking_pose_accepted
x=3.95 y=4.45 yaw=-0.0581812 score=0.99238 valid=1 mode=tracking state=TRACKING evaluated=789 execution_us=51503 reason=tracking_pose_accepted
x=3.95 y=4.45 yaw=-0.0591154 score=0.99068 valid=1 mode=tracking state=TRACKING evaluated=789 execution_us=51553 reason=tracking_pose_accepted
x=3.95 y=4.45 yaw=-0.0600496 score=0.98971 valid=1 mode=tracking state=TRACKING evaluated=789 execution_us=52179 reason=tracking_pose_accepted
x=3.95 y=4.45 yaw=-0.0609838 score=0.988388 valid=1 mode=tracking state=TRACKING evaluated=789 execution_us=58564 reason=tracking_pose_accepted
x=3.95 y=4.45 yaw=-0.061918 score=0.988723 valid=1 mode=tracking state=TRACKING evaluated=789 execution_us=59359 reason=tracking_pose_accepted
x=3.95 y=4.45 yaw=-0.0628522 score=0.9876 valid=1 mode=tracking state=TRACKING evaluated=789 execution_us=57874 reason=tracking_pose_accepted
x=3.95 y=4.45 yaw=-0.0637863 score=0.985754 valid=1 mode=tracking state=TRACKING evaluated=789 execution_us=56149 reason=tracking_pose_accepted
x=3.95 y=4.45 yaw=-0.0647205 score=0.988781 valid=1 mode=tracking state=TRACKING evaluated=789 execution_us=57181 reason=tracking_pose_accepted
x=3.95 y=4.45 yaw=-0.0482014 score=0.989664 valid=1 mode=tracking state=TRACKING evaluated=789 execution_us=56600 reason=tracking_pose_accepted
x=3.95 y=4.45 yaw=-0.0491356 score=0.98708 valid=1 mode=tracking state=TRACKING evaluated=789 execution_us=53660 reason=tracking_pose_accepted
x=3.95 y=4.45 yaw=-0.0500698 score=0.993566 valid=1 mode=tracking state=TRACKING evaluated=789 execution_us=53565 reason=tracking_pose_accepted
x=3.95 y=4.45 yaw=-0.0510039 score=0.994792 valid=1 mode=tracking state=TRACKING evaluated=789 execution_us=52817 reason=tracking_pose_accepted
x=3.95 y=4.45 yaw=-0.0519381 score=0.993277 valid=1 mode=tracking state=TRACKING evaluated=789 execution_us=53521 reason=tracking_pose_accepted
x=3.95 y=4.45 yaw=-0.0528723 score=0.99392 valid=1 mode=tracking state=TRACKING evaluated=789 execution_us=54150 reason=tracking_pose_accepted
x=3.95 y=4.45 yaw=-0.0538065 score=0.992361 valid=1 mode=tracking state=TRACKING evaluated=789 execution_us=54091 reason=tracking_pose_accepted
x=3.95 y=4.45 yaw=-0.0547407 score=0.992034 valid=1 mode=tracking state=TRACKING evaluated=789 execution_us=57759 reason=tracking_pose_accepted
x=3.95 y=4.45 yaw=-0.0556749 score=0.992096 valid=1 mode=tracking state=TRACKING evaluated=789 execution_us=58096 reason=tracking_pose_accepted
x=3.95 y=4.45 yaw=-0.0566091 score=0.990424 valid=1 mode=tracking state=TRACKING evaluated=789 execution_us=58939 reason=tracking_pose_accepted
x=3.95 y=4.45 yaw=-0.0575432 score=0.992034 valid=1 mode=tracking state=TRACKING evaluated=789 execution_us=58929 reason=tracking_pose_accepted
x=3.95 y=4.45 yaw=-0.0584774 score=0.990473 valid=1 mode=tracking state=TRACKING evaluated=789 execution_us=59009 reason=tracking_pose_accepted
x=3.95 y=4.45 yaw=-0.0594116 score=0.991531 valid=1 mode=tracking state=TRACKING evaluated=789 execution_us=64299 reason=tracking_pose_accepted
x=3.95 y=4.45 yaw=-0.0603458 score=0.990656 valid=1 mode=tracking state=TRACKING evaluated=789 execution_us=55763 reason=tracking_pose_accepted
x=3.95 y=4.45 yaw=-0.06128 score=0.987777 valid=1 mode=tracking state=TRACKING evaluated=789 execution_us=55245 reason=tracking_pose_accepted
x=3.95 y=4.45 yaw=-0.0622142 score=0.987745 valid=1 mode=tracking state=TRACKING evaluated=789 execution_us=55051 reason=tracking_pose_accepted
x=3.95 y=4.45 yaw=-0.0631483 score=0.989056 valid=1 mode=tracking state=TRACKING evaluated=789 execution_us=56139 reason=tracking_pose_accepted
x=3.95 y=4.45 yaw=-0.0640825 score=0.988781 valid=1 mode=tracking state=TRACKING evaluated=789 execution_us=56098 reason=tracking_pose_accepted
x=3.95 y=4.45 yaw=-0.0650167 score=0.985371 valid=1 mode=tracking state=TRACKING evaluated=789 execution_us=59380 reason=tracking_pose_accepted
x=3.95 y=4.45 yaw=-0.0484976 score=0.989991 valid=1 mode=tracking state=TRACKING evaluated=789 execution_us=49195 reason=tracking_pose_accepted
x=3.95 y=4.45 yaw=-0.066885 score=0.986894 valid=1 mode=tracking state=TRACKING evaluated=789 execution_us=50130 reason=tracking_pose_accepted
x=3.9 y=4.4 yaw=-0.0852725 score=0.983432 valid=1 mode=tracking state=TRACKING evaluated=789 execution_us=50944 reason=tracking_pose_accepted
x=3.9 y=4.4 yaw=-0.10366 score=0.979105 valid=1 mode=tracking state=TRACKING evaluated=807 execution_us=51258 reason=tracking_pose_accepted
x=3.85 y=4.35 yaw=-0.0871408 score=0.972691 valid=1 mode=tracking state=TRACKING evaluated=789 execution_us=50709 reason=tracking_pose_accepted
x=3.75 y=4.3 yaw=-0.0531684 score=0.960835 valid=1 mode=tracking state=TRACKING evaluated=789 execution_us=58078 reason=tracking_pose_accepted
x=3.7 y=4.25 yaw=-0.0191959 score=0.920332 valid=1 mode=tracking state=TRACKING evaluated=807 execution_us=58699 reason=tracking_pose_accepted
x=3.6 y=4.2 yaw=-0.0724899 score=0.9289 valid=1 mode=tracking state=TRACKING evaluated=789 execution_us=58702 reason=tracking_pose_accepted
x=3.55 y=4.1 yaw=-0.108331 score=0.914683 valid=1 mode=tracking state=TRACKING evaluated=807 execution_us=59215 reason=tracking_pose_accepted
x=3.45 y=4.05 yaw=-0.179078 score=0.934159 valid=1 mode=tracking state=TRACKING evaluated=789 execution_us=58446 reason=tracking_pose_accepted
x=3.4 y=4 yaw=-0.197465 score=0.923169 valid=1 mode=tracking state=TRACKING evaluated=807 execution_us=59673 reason=tracking_pose_accepted
x=3.4 y=4 yaw=-0.163493 score=0.939092 valid=1 mode=tracking state=TRACKING evaluated=789 execution_us=52817 reason=tracking_pose_accepted
x=3.35 y=3.95 yaw=-0.129521 score=0.946551 valid=1 mode=tracking state=TRACKING evaluated=807 execution_us=54581 reason=tracking_pose_accepted
x=3.35 y=3.95 yaw=-0.0780949 score=0.983846 valid=1 mode=tracking state=TRACKING evaluated=789 execution_us=52308 reason=tracking_pose_accepted
x=3.3 y=3.95 yaw=-0.0615757 score=0.980997 valid=1 mode=tracking state=TRACKING evaluated=831 execution_us=55875 reason=tracking_pose_accepted
x=3.3 y=3.9 yaw=-0.0450566 score=0.975929 valid=1 mode=tracking state=TRACKING evaluated=789 execution_us=53698 reason=tracking_pose_accepted
x=3.25 y=3.9 yaw=-0.0459908 score=0.9876 valid=1 mode=tracking state=TRACKING evaluated=789 execution_us=57461 reason=tracking_pose_accepted
x=3.25 y=3.9 yaw=-0.046925 score=0.970413 valid=1 mode=tracking state=TRACKING evaluated=789 execution_us=57885 reason=tracking_pose_accepted
x=3.2 y=3.85 yaw=-0.0653124 score=0.945678 valid=1 mode=tracking state=TRACKING evaluated=807 execution_us=59275 reason=tracking_pose_accepted
x=3.19999 y=3.85 yaw=-0.0836999 score=0.943267 valid=1 mode=tracking state=TRACKING evaluated=789 execution_us=57944 reason=tracking_pose_accepted
x=3.19999 y=3.85 yaw=-0.102087 score=0.935938 valid=1 mode=tracking state=TRACKING evaluated=789 execution_us=57187 reason=tracking_pose_accepted
x=3.19999 y=3.85 yaw=-0.120475 score=0.940426 valid=1 mode=tracking state=TRACKING evaluated=807 execution_us=59115 reason=tracking_pose_accepted
x=3.19999 y=3.85 yaw=-0.103956 score=0.9696 valid=1 mode=tracking state=TRACKING evaluated=789 execution_us=53764 reason=tracking_pose_accepted
x=3.24999 y=3.85 yaw=-0.0874365 score=0.979487 valid=1 mode=tracking state=TRACKING evaluated=789 execution_us=54799 reason=tracking_pose_accepted
x=3.24999 y=3.85 yaw=-0.0883706 score=0.975771 valid=1 mode=tracking state=TRACKING evaluated=807 execution_us=56151 reason=tracking_pose_accepted
x=3.29999 y=3.85 yaw=-0.0718515 score=0.978416 valid=1 mode=tracking state=TRACKING evaluated=789 execution_us=54163 reason=tracking_pose_accepted
x=3.29999 y=3.85 yaw=-0.090239 score=0.990973 valid=1 mode=tracking state=TRACKING evaluated=807 execution_us=56545 reason=tracking_pose_accepted
x=3.29999 y=3.85 yaw=-0.0911731 score=0.981713 valid=1 mode=tracking state=TRACKING evaluated=789 execution_us=54799 reason=tracking_pose_accepted
x=3.34999 y=3.85 yaw=-0.074654 score=0.981448 valid=1 mode=tracking state=TRACKING evaluated=789 execution_us=58338 reason=tracking_pose_accepted
x=3.34999 y=3.85 yaw=-0.0755882 score=0.987232 valid=1 mode=tracking state=TRACKING evaluated=807 execution_us=60088 reason=tracking_pose_accepted
x=3.34999 y=3.85 yaw=-0.0765224 score=0.983778 valid=1 mode=tracking state=TRACKING evaluated=789 execution_us=58900 reason=tracking_pose_accepted
x=3.34999 y=3.85 yaw=-0.0774565 score=0.986016 valid=1 mode=tracking state=TRACKING evaluated=807 execution_us=60183 reason=tracking_pose_accepted
x=3.34999 y=3.85 yaw=-0.0783907 score=0.985446 valid=1 mode=tracking state=TRACKING evaluated=789 execution_us=60316 reason=tracking_pose_accepted
x=3.34999 y=3.85 yaw=-0.0793249 score=0.984761 valid=1 mode=tracking state=TRACKING evaluated=807 execution_us=65910 reason=tracking_pose_accepted
x=3.29999 y=3.85 yaw=-0.0802591 score=0.981543 valid=1 mode=tracking state=TRACKING evaluated=789 execution_us=56685 reason=tracking_pose_accepted
x=3.29999 y=3.85 yaw=-0.0811933 score=0.979035 valid=1 mode=tracking state=TRACKING evaluated=789 execution_us=56805 reason=tracking_pose_accepted
x=3.29999 y=3.85 yaw=-0.0646742 score=0.986285 valid=1 mode=tracking state=TRACKING evaluated=789 execution_us=56073 reason=tracking_pose_accepted
x=3.29999 y=3.85 yaw=-0.0656083 score=0.982912 valid=1 mode=tracking state=TRACKING evaluated=789 execution_us=57115 reason=tracking_pose_accepted
x=3.29999 y=3.85 yaw=-0.0665425 score=0.98306 valid=1 mode=tracking state=TRACKING evaluated=789 execution_us=56445 reason=tracking_pose_accepted
x=3.34999 y=3.85 yaw=-0.0674767 score=0.983389 valid=1 mode=tracking state=TRACKING evaluated=789 execution_us=59321 reason=tracking_pose_accepted
x=3.34999 y=3.85 yaw=-0.0684109 score=0.982956 valid=1 mode=tracking state=TRACKING evaluated=807 execution_us=62226 reason=tracking_pose_accepted
x=3.34999 y=3.85 yaw=-0.0693451 score=0.983258 valid=1 mode=tracking state=TRACKING evaluated=807 execution_us=60841 reason=tracking_pose_accepted
x=3.34999 y=3.85 yaw=-0.0702793 score=0.986995 valid=1 mode=tracking state=TRACKING evaluated=789 execution_us=61715 reason=tracking_pose_accepted
x=3.34999 y=3.85 yaw=-0.0712134 score=0.98261 valid=1 mode=tracking state=TRACKING evaluated=789 execution_us=51356 reason=tracking_pose_accepted
x=3.34999 y=3.85 yaw=-0.0721476 score=0.982005 valid=1 mode=tracking state=TRACKING evaluated=789 execution_us=51454 reason=tracking_pose_accepted
x=3.34999 y=3.85 yaw=-0.0730818 score=0.983517 valid=1 mode=tracking state=TRACKING evaluated=789 execution_us=59089 reason=tracking_pose_accepted
x=3.34999 y=3.85 yaw=-0.074016 score=0.983432 valid=1 mode=tracking state=TRACKING evaluated=789 execution_us=58492 reason=tracking_pose_accepted
x=3.34999 y=3.85 yaw=-0.0574969 score=0.980947 valid=1 mode=tracking state=TRACKING evaluated=789 execution_us=58717 reason=tracking_pose_accepted
x=3.34999 y=3.85 yaw=-0.058431 score=0.982956 valid=1 mode=tracking state=TRACKING evaluated=789 execution_us=59318 reason=tracking_pose_accepted
x=3.34999 y=3.85 yaw=-0.0419119 score=0.980925 valid=1 mode=tracking state=TRACKING evaluated=789 execution_us=58987 reason=tracking_pose_accepted
x=3.34999 y=3.85 yaw=-0.0602994 score=0.982956 valid=1 mode=tracking state=TRACKING evaluated=789 execution_us=59511 reason=tracking_pose_accepted
x=3.34999 y=3.85 yaw=-0.0612335 score=0.982353 valid=1 mode=tracking state=TRACKING evaluated=831 execution_us=54526 reason=tracking_pose_accepted
x=3.34999 y=3.85 yaw=-0.0621677 score=0.984878 valid=1 mode=tracking state=TRACKING evaluated=789 execution_us=52895 reason=tracking_pose_accepted
x=3.34999 y=3.85 yaw=-0.0456486 score=0.980493 valid=1 mode=tracking state=TRACKING evaluated=789 execution_us=53038 reason=tracking_pose_accepted
x=3.34999 y=3.85 yaw=-0.0465828 score=0.984163 valid=1 mode=tracking state=TRACKING evaluated=789 execution_us=53672 reason=tracking_pose_accepted
x=3.34999 y=3.85 yaw=-0.047517 score=0.987166 valid=1 mode=tracking state=TRACKING evaluated=789 execution_us=53090 reason=tracking_pose_accepted
x=3.34999 y=3.85 yaw=-0.0484511 score=0.985066 valid=1 mode=tracking state=TRACKING evaluated=807 execution_us=61830 reason=tracking_pose_accepted
x=3.34999 y=3.85 yaw=-0.0493853 score=0.981551 valid=1 mode=tracking state=TRACKING evaluated=807 execution_us=58805 reason=tracking_pose_accepted
x=3.34999 y=3.85 yaw=-0.0503195 score=0.982097 valid=1 mode=tracking state=TRACKING evaluated=807 execution_us=58769 reason=tracking_pose_accepted
x=3.34999 y=3.85 yaw=-0.0512537 score=0.986355 valid=1 mode=tracking state=TRACKING evaluated=807 execution_us=59304 reason=tracking_pose_accepted
x=3.34999 y=3.85 yaw=-0.0521879 score=0.987029 valid=1 mode=tracking state=TRACKING evaluated=789 execution_us=57785 reason=tracking_pose_accepted
x=3.34999 y=3.85 yaw=-0.0531221 score=0.982868 valid=1 mode=tracking state=TRACKING evaluated=789 execution_us=59054 reason=tracking_pose_accepted
x=3.34999 y=3.85 yaw=-0.0540562 score=0.98261 valid=1 mode=tracking state=TRACKING evaluated=807 execution_us=56328 reason=tracking_pose_accepted
x=3.34999 y=3.85 yaw=-0.0549904 score=0.982868 valid=1 mode=tracking state=TRACKING evaluated=789 execution_us=65038 reason=tracking_pose_accepted
x=3.34999 y=3.85 yaw=-0.0559246 score=0.982868 valid=1 mode=tracking state=TRACKING evaluated=789 execution_us=55739 reason=tracking_pose_accepted
x=3.34999 y=3.85 yaw=-0.0568588 score=0.980342 valid=1 mode=tracking state=TRACKING evaluated=789 execution_us=61897 reason=tracking_pose_accepted
x=3.34999 y=3.85 yaw=-0.057793 score=0.98382 valid=1 mode=tracking state=TRACKING evaluated=807 execution_us=60278 reason=tracking_pose_accepted
x=3.34999 y=3.85 yaw=-0.0587272 score=0.982308 valid=1 mode=tracking state=TRACKING evaluated=789 execution_us=59822 reason=tracking_pose_accepted
x=3.34999 y=3.85 yaw=-0.0596613 score=0.983128 valid=1 mode=tracking state=TRACKING evaluated=789 execution_us=59231 reason=tracking_pose_accepted
x=3.34999 y=3.85 yaw=-0.0605955 score=0.979381 valid=1 mode=tracking state=TRACKING evaluated=789 execution_us=55564 reason=tracking_pose_accepted
x=3.34999 y=3.85 yaw=-0.0615297 score=0.980342 valid=1 mode=tracking state=TRACKING evaluated=789 execution_us=55954 reason=tracking_pose_accepted
x=3.34999 y=3.85 yaw=-0.0624639 score=0.982353 valid=1 mode=tracking state=TRACKING evaluated=789 execution_us=56098 reason=tracking_pose_accepted
x=3.34999 y=3.85 yaw=-0.0633981 score=0.983128 valid=1 mode=tracking state=TRACKING evaluated=789 execution_us=56324 reason=tracking_pose_accepted
x=3.34999 y=3.85 yaw=-0.046879 score=0.984314 valid=1 mode=tracking state=TRACKING evaluated=789 execution_us=56239 reason=tracking_pose_accepted
x=3.34999 y=3.85 yaw=-0.0478131 score=0.98393 valid=1 mode=tracking state=TRACKING evaluated=789 execution_us=56473 reason=tracking_pose_accepted
x=3.34999 y=3.85 yaw=-0.0487473 score=0.982761 valid=1 mode=tracking state=TRACKING evaluated=789 execution_us=60992 reason=tracking_pose_accepted
x=3.34999 y=3.85 yaw=-0.0496815 score=0.984273 valid=1 mode=tracking state=TRACKING evaluated=807 execution_us=51323 reason=tracking_pose_accepted
x=3.34999 y=3.85 yaw=-0.0506157 score=0.98632 valid=1 mode=tracking state=TRACKING evaluated=789 execution_us=50355 reason=tracking_pose_accepted
x=3.34999 y=3.85 yaw=-0.0515499 score=0.986624 valid=1 mode=tracking state=TRACKING evaluated=807 execution_us=52700 reason=tracking_pose_accepted
x=3.34999 y=3.85 yaw=-0.0524841 score=0.984648 valid=1 mode=tracking state=TRACKING evaluated=789 execution_us=50570 reason=tracking_pose_accepted
x=3.34999 y=3.85 yaw=-0.0534182 score=0.982912 valid=1 mode=tracking state=TRACKING evaluated=807 execution_us=58625 reason=tracking_pose_accepted
x=3.34999 y=3.85 yaw=-0.0543524 score=0.985712 valid=1 mode=tracking state=TRACKING evaluated=789 execution_us=58383 reason=tracking_pose_accepted
x=3.34999 y=3.85 yaw=-0.0552866 score=0.986659 valid=1 mode=tracking state=TRACKING evaluated=789 execution_us=59244 reason=tracking_pose_accepted
x=3.34999 y=3.85 yaw=-0.0562208 score=0.980644 valid=1 mode=tracking state=TRACKING evaluated=789 execution_us=59002 reason=tracking_pose_accepted
x=3.34999 y=3.85 yaw=-0.057155 score=0.983215 valid=1 mode=tracking state=TRACKING evaluated=789 execution_us=58640 reason=tracking_pose_accepted
x=3.34999 y=3.85 yaw=-0.0580892 score=0.983128 valid=1 mode=tracking state=TRACKING evaluated=789 execution_us=58190 reason=tracking_pose_accepted
x=3.34999 y=3.85 yaw=-0.0590233 score=0.98009 valid=1 mode=tracking state=TRACKING evaluated=789 execution_us=52050 reason=tracking_pose_accepted
x=3.34999 y=3.85 yaw=-0.0599575 score=0.982868 valid=1 mode=tracking state=TRACKING evaluated=789 execution_us=52067 reason=tracking_pose_accepted
x=3.34999 y=3.85 yaw=-0.0608917 score=0.983258 valid=1 mode=tracking state=TRACKING evaluated=789 execution_us=52344 reason=tracking_pose_accepted
x=3.34999 y=3.85 yaw=-0.0618259 score=0.979789 valid=1 mode=tracking state=TRACKING evaluated=789 execution_us=52810 reason=tracking_pose_accepted
x=3.34999 y=3.85 yaw=-0.0627601 score=0.983172 valid=1 mode=tracking state=TRACKING evaluated=789 execution_us=52675 reason=tracking_pose_accepted
x=3.34999 y=3.85 yaw=-0.046241 score=0.982156 valid=1 mode=tracking state=TRACKING evaluated=789 execution_us=53375 reason=tracking_pose_accepted
x=3.34999 y=3.85 yaw=-0.0471751 score=0.980494 valid=1 mode=tracking state=TRACKING evaluated=789 execution_us=59787 reason=tracking_pose_accepted
x=3.34998 y=3.85 yaw=-0.0481093 score=0.983064 valid=1 mode=tracking state=TRACKING evaluated=807 execution_us=58369 reason=tracking_pose_accepted
x=3.34998 y=3.85 yaw=-0.0490435 score=0.981703 valid=1 mode=tracking state=TRACKING evaluated=807 execution_us=59270 reason=tracking_pose_accepted
x=3.34998 y=3.85 yaw=-0.0499777 score=0.986928 valid=1 mode=tracking state=TRACKING evaluated=807 execution_us=58024 reason=tracking_pose_accepted
x=3.34998 y=3.85 yaw=-0.0509119 score=0.983517 valid=1 mode=tracking state=TRACKING evaluated=807 execution_us=58572 reason=tracking_pose_accepted
x=3.34998 y=3.85 yaw=-0.051846 score=0.986894 valid=1 mode=tracking state=TRACKING evaluated=789 execution_us=63060 reason=tracking_pose_accepted
x=3.34998 y=3.85 yaw=-0.0527802 score=0.985408 valid=1 mode=tracking state=TRACKING evaluated=789 execution_us=54113 reason=tracking_pose_accepted
x=3.34998 y=3.85 yaw=-0.0537144 score=0.984839 valid=1 mode=tracking state=TRACKING evaluated=789 execution_us=54252 reason=tracking_pose_accepted
x=3.34998 y=3.85 yaw=-0.0546486 score=0.982565 valid=1 mode=tracking state=TRACKING evaluated=789 execution_us=54426 reason=tracking_pose_accepted
x=3.34998 y=3.85 yaw=-0.0555828 score=0.982956 valid=1 mode=tracking state=TRACKING evaluated=789 execution_us=54881 reason=tracking_pose_accepted
x=3.34998 y=3.85 yaw=-0.056517 score=0.982655 valid=1 mode=tracking state=TRACKING evaluated=789 execution_us=55720 reason=tracking_pose_accepted
x=3.34998 y=3.85 yaw=-0.0574511 score=0.983475 valid=1 mode=tracking state=TRACKING evaluated=789 execution_us=59325 reason=tracking_pose_accepted
x=3.34998 y=3.85 yaw=-0.0583853 score=0.982868 valid=1 mode=tracking state=TRACKING evaluated=789 execution_us=58702 reason=tracking_pose_accepted
x=3.34998 y=3.85 yaw=-0.0593195 score=0.98252 valid=1 mode=tracking state=TRACKING evaluated=789 execution_us=59376 reason=tracking_pose_accepted
x=3.34998 y=3.85 yaw=-0.0602537 score=0.979988 valid=1 mode=tracking state=TRACKING evaluated=789 execution_us=59199 reason=tracking_pose_accepted
x=3.34998 y=3.85 yaw=-0.0611879 score=0.980848 valid=1 mode=tracking state=TRACKING evaluated=789 execution_us=59289 reason=tracking_pose_accepted
x=3.34998 y=3.85 yaw=-0.0621221 score=0.98175 valid=1 mode=tracking state=TRACKING evaluated=789 execution_us=59570 reason=tracking_pose_accepted
x=3.34998 y=3.85 yaw=-0.045603 score=0.981585 valid=1 mode=tracking state=TRACKING evaluated=789 execution_us=56020 reason=tracking_pose_accepted
x=3.34998 y=3.85 yaw=-0.0639904 score=0.9814 valid=1 mode=tracking state=TRACKING evaluated=789 execution_us=56513 reason=tracking_pose_accepted
x=3.34998 y=3.85 yaw=-0.0474713 score=0.981049 valid=1 mode=tracking state=TRACKING evaluated=807 execution_us=57089 reason=tracking_pose_accepted
x=3.34998 y=3.85 yaw=-0.0484054 score=0.984839 valid=1 mode=tracking state=TRACKING evaluated=789 execution_us=56374 reason=tracking_pose_accepted
x=3.34998 y=3.85 yaw=-0.0493396 score=0.986016 valid=1 mode=tracking state=TRACKING evaluated=807 execution_us=58116 reason=tracking_pose_accepted
x=3.34998 y=3.85 yaw=-0.0502738 score=0.986693 valid=1 mode=tracking state=TRACKING evaluated=807 execution_us=57699 reason=tracking_pose_accepted
x=3.34998 y=3.85 yaw=-0.051208 score=0.985749 valid=1 mode=tracking state=TRACKING evaluated=789 execution_us=49773 reason=tracking_pose_accepted
x=3.34998 y=3.85 yaw=-0.0521422 score=0.982308 valid=1 mode=tracking state=TRACKING evaluated=789 execution_us=51081 reason=tracking_pose_accepted
x=3.34998 y=3.85 yaw=-0.0530763 score=0.981959 valid=1 mode=tracking state=TRACKING evaluated=789 execution_us=51018 reason=tracking_pose_accepted
x=3.34998 y=3.85 yaw=-0.0540105 score=0.982912 valid=1 mode=tracking state=TRACKING evaluated=789 execution_us=51361 reason=tracking_pose_accepted
x=3.34998 y=3.85 yaw=-0.0549447 score=0.982005 valid=1 mode=tracking state=TRACKING evaluated=789 execution_us=51543 reason=tracking_pose_accepted
x=3.34998 y=3.85 yaw=-0.0558789 score=0.982655 valid=1 mode=tracking state=TRACKING evaluated=789 execution_us=51446 reason=tracking_pose_accepted
x=3.34998 y=3.85 yaw=-0.0568131 score=0.985749 valid=1 mode=tracking state=TRACKING evaluated=789 execution_us=58768 reason=tracking_pose_accepted
x=3.34998 y=3.85 yaw=-0.0577473 score=0.982655 valid=1 mode=tracking state=TRACKING evaluated=789 execution_us=58552 reason=tracking_pose_accepted
x=3.34998 y=3.85 yaw=-0.0586814 score=0.983 valid=1 mode=tracking state=TRACKING evaluated=789 execution_us=58935 reason=tracking_pose_accepted
x=3.34998 y=3.85 yaw=-0.0596156 score=0.98252 valid=1 mode=tracking state=TRACKING evaluated=789 execution_us=59521 reason=tracking_pose_accepted
x=3.34998 y=3.85 yaw=-0.0605498 score=0.983128 valid=1 mode=tracking state=TRACKING evaluated=789 execution_us=58664 reason=tracking_pose_accepted
x=3.34998 y=3.85 yaw=-0.0440307 score=0.982338 valid=1 mode=tracking state=TRACKING evaluated=789 execution_us=59169 reason=tracking_pose_accepted
x=3.34998 y=3.85 yaw=-0.0624182 score=0.981703 valid=1 mode=tracking state=TRACKING evaluated=789 execution_us=53278 reason=tracking_pose_accepted
x=3.34998 y=3.85 yaw=-0.0633523 score=0.981703 valid=1 mode=tracking state=TRACKING evaluated=807 execution_us=54308 reason=tracking_pose_accepted
x=3.34998 y=3.85 yaw=-0.0468332 score=0.980443 valid=1 mode=tracking state=TRACKING evaluated=789 execution_us=53587 reason=tracking_pose_accepted
x=3.34998 y=3.85 yaw=-0.0477674 score=0.985066 valid=1 mode=tracking state=TRACKING evaluated=789 execution_us=52669 reason=tracking_pose_accepted
x=3.34998 y=3.85 yaw=-0.0487015 score=0.985749 valid=1 mode=tracking state=TRACKING evaluated=807 execution_us=53638 reason=tracking_pose_accepted
x=3.34998 y=3.85 yaw=-0.0496357 score=0.984053 valid=1 mode=tracking state=TRACKING evaluated=807 execution_us=58919 reason=tracking_pose_accepted
x=3.34998 y=3.85 yaw=-0.0505699 score=0.984878 valid=1 mode=tracking state=TRACKING evaluated=789 execution_us=57411 reason=tracking_pose_accepted
x=3.34998 y=3.85 yaw=-0.0515041 score=0.984839 valid=1 mode=tracking state=TRACKING evaluated=789 execution_us=57938 reason=tracking_pose_accepted
x=3.34998 y=3.85 yaw=-0.0524383 score=0.985143 valid=1 mode=tracking state=TRACKING evaluated=789 execution_us=58247 reason=tracking_pose_accepted
x=3.34998 y=3.85 yaw=-0.0533725 score=0.984576 valid=1 mode=tracking state=TRACKING evaluated=789 execution_us=58500 reason=tracking_pose_accepted
x=3.34998 y=3.85 yaw=-0.0543066 score=0.98639 valid=1 mode=tracking state=TRACKING evaluated=789 execution_us=54978 reason=tracking_pose_accepted
x=3.34998 y=3.85 yaw=-0.0552408 score=0.98261 valid=1 mode=tracking state=TRACKING evaluated=789 execution_us=54543 reason=tracking_pose_accepted
x=3.34998 y=3.85 yaw=-0.056175 score=0.982051 valid=1 mode=tracking state=TRACKING evaluated=789 execution_us=55158 reason=tracking_pose_accepted
x=3.34998 y=3.85 yaw=-0.0571092 score=0.98261 valid=1 mode=tracking state=TRACKING evaluated=789 execution_us=55365 reason=tracking_pose_accepted
x=3.34998 y=3.85 yaw=-0.0580434 score=0.982262 valid=1 mode=tracking state=TRACKING evaluated=789 execution_us=54287 reason=tracking_pose_accepted
x=3.34998 y=3.85 yaw=-0.0589776 score=0.980291 valid=1 mode=tracking state=TRACKING evaluated=789 execution_us=54725 reason=tracking_pose_accepted
x=3.34998 y=3.85 yaw=-0.0599117 score=0.98252 valid=1 mode=tracking state=TRACKING evaluated=789 execution_us=58598 reason=tracking_pose_accepted
x=3.34998 y=3.85 yaw=-0.0608459 score=0.982216 valid=1 mode=tracking state=TRACKING evaluated=789 execution_us=58339 reason=tracking_pose_accepted
x=3.34998 y=3.85 yaw=-0.0617801 score=0.980342 valid=1 mode=tracking state=TRACKING evaluated=789 execution_us=59081 reason=tracking_pose_accepted
x=3.34998 y=3.85 yaw=-0.0627143 score=0.982308 valid=1 mode=tracking state=TRACKING evaluated=789 execution_us=59374 reason=tracking_pose_accepted
x=3.34998 y=3.85 yaw=-0.0461952 score=0.979336 valid=1 mode=tracking state=TRACKING evaluated=789 execution_us=59704 reason=tracking_pose_accepted
x=3.34998 y=3.85 yaw=-0.0471293 score=0.97994 valid=1 mode=tracking state=TRACKING evaluated=789 execution_us=60513 reason=tracking_pose_accepted
x=3.34998 y=3.85 yaw=-0.0480635 score=0.985446 valid=1 mode=tracking state=TRACKING evaluated=807 execution_us=57306 reason=tracking_pose_accepted
x=3.34998 y=3.85 yaw=-0.0489977 score=0.984192 valid=1 mode=tracking state=TRACKING evaluated=807 execution_us=57279 reason=tracking_pose_accepted
x=3.34998 y=3.85 yaw=-0.0499319 score=0.983043 valid=1 mode=tracking state=TRACKING evaluated=807 execution_us=59161 reason=tracking_pose_accepted
x=3.34998 y=3.85 yaw=-0.0508661 score=0.986355 valid=1 mode=tracking state=TRACKING evaluated=807 execution_us=57878 reason=tracking_pose_accepted
x=3.34998 y=3.85 yaw=-0.0518003 score=0.985712 valid=1 mode=tracking state=TRACKING evaluated=789 execution_us=56676 reason=tracking_pose_accepted
x=3.34998 y=3.85 yaw=-0.0527344 score=0.986016 valid=1 mode=tracking state=TRACKING evaluated=789 execution_us=60002 reason=tracking_pose_accepted
x=3.34998 y=3.85 yaw=-0.0536686 score=0.985749 valid=1 mode=tracking state=TRACKING evaluated=789 execution_us=50803 reason=tracking_pose_accepted
x=3.34998 y=3.85 yaw=-0.0546028 score=0.985181 valid=1 mode=tracking state=TRACKING evaluated=789 execution_us=51615 reason=tracking_pose_accepted
x=3.34998 y=3.85 yaw=-0.055537 score=0.984878 valid=1 mode=tracking state=TRACKING evaluated=789 execution_us=51190 reason=tracking_pose_accepted
x=3.34998 y=3.85 yaw=-0.0564712 score=0.983128 valid=1 mode=tracking state=TRACKING evaluated=789 execution_us=51419 reason=tracking_pose_accepted
x=3.34998 y=3.85 yaw=-0.0574054 score=0.9848 valid=1 mode=tracking state=TRACKING evaluated=789 execution_us=52227 reason=tracking_pose_accepted
x=3.34998 y=3.85 yaw=-0.0583396 score=0.981703 valid=1 mode=tracking state=TRACKING evaluated=789 execution_us=51858 reason=tracking_pose_accepted
x=3.34998 y=3.85 yaw=-0.0592737 score=0.985219 valid=1 mode=tracking state=TRACKING evaluated=789 execution_us=59089 reason=tracking_pose_accepted
x=3.34998 y=3.85 yaw=-0.0602079 score=0.982565 valid=1 mode=tracking state=TRACKING evaluated=789 execution_us=59356 reason=tracking_pose_accepted
x=3.34998 y=3.85 yaw=-0.0611421 score=0.981912 valid=1 mode=tracking state=TRACKING evaluated=789 execution_us=58911 reason=tracking_pose_accepted
x=3.34998 y=3.85 yaw=-0.0620763 score=0.979487 valid=1 mode=tracking state=TRACKING evaluated=789 execution_us=59605 reason=tracking_pose_accepted
x=3.34998 y=3.85 yaw=-0.0630105 score=0.979132 valid=1 mode=tracking state=TRACKING evaluated=789 execution_us=59720 reason=tracking_pose_accepted
x=3.34998 y=3.85 yaw=-0.0639447 score=0.981959 valid=1 mode=tracking state=TRACKING evaluated=789 execution_us=51181 reason=tracking_pose_accepted
x=3.34998 y=3.85 yaw=-0.0474255 score=0.981656 valid=1 mode=tracking state=TRACKING evaluated=789 execution_us=53635 reason=tracking_pose_accepted
x=3.34998 y=3.85 yaw=-0.0483597 score=0.982475 valid=1 mode=tracking state=TRACKING evaluated=789 execution_us=53009 reason=tracking_pose_accepted
x=3.34998 y=3.85 yaw=-0.0492939 score=0.985749 valid=1 mode=tracking state=TRACKING evaluated=807 execution_us=54555 reason=tracking_pose_accepted
x=3.34998 y=3.85 yaw=-0.0502281 score=0.985786 valid=1 mode=tracking state=TRACKING evaluated=789 execution_us=54294 reason=tracking_pose_accepted
x=3.34998 y=3.85 yaw=-0.0511623 score=0.985749 valid=1 mode=tracking state=TRACKING evaluated=807 execution_us=61475 reason=tracking_pose_accepted
x=3.34998 y=3.85 yaw=-0.0520964 score=0.983888 valid=1 mode=tracking state=TRACKING evaluated=789 execution_us=57459 reason=tracking_pose_accepted
x=3.34998 y=3.8 yaw=-0.0530306 score=0.981408 valid=1 mode=tracking state=TRACKING evaluated=789 execution_us=57537 reason=tracking_pose_accepted
x=3.39998 y=3.8 yaw=-0.0714181 score=0.975984 valid=1 mode=tracking state=TRACKING evaluated=789 execution_us=57777 reason=tracking_pose_accepted
x=3.44998 y=3.75 yaw=-0.054899 score=0.973924 valid=1 mode=tracking state=TRACKING evaluated=807 execution_us=60171 reason=tracking_pose_accepted
x=3.49998 y=3.7 yaw=-0.0558331 score=0.981456 valid=1 mode=tracking state=TRACKING evaluated=807 execution_us=59333 reason=tracking_pose_accepted
x=3.54998 y=3.65 yaw=-0.0567673 score=0.982202 valid=1 mode=tracking state=TRACKING evaluated=807 execution_us=56157 reason=tracking_pose_accepted
x=3.59998 y=3.6 yaw=-0.0751548 score=0.983185 valid=1 mode=tracking state=TRACKING evaluated=807 execution_us=56536 reason=tracking_pose_accepted
x=3.59998 y=3.5 yaw=-0.128449 score=0.947662 valid=1 mode=tracking state=TRACKING evaluated=789 execution_us=54381 reason=tracking_pose_accepted
x=3.64998 y=3.45 yaw=-0.181743 score=0.94957 valid=1 mode=tracking state=TRACKING evaluated=807 execution_us=55231 reason=tracking_pose_accepted
x=3.64998 y=3.34999 yaw=-0.269943 score=0.944133 valid=1 mode=tracking state=TRACKING evaluated=807 execution_us=54803 reason=tracking_pose_accepted
x=3.69998 y=3.29999 yaw=-0.358144 score=0.93233 valid=1 mode=tracking state=TRACKING evaluated=807 execution_us=54687 reason=tracking_pose_accepted
x=3.69998 y=3.24999 yaw=-0.411438 score=0.927336 valid=1 mode=tracking state=TRACKING evaluated=789 execution_us=57280 reason=tracking_pose_accepted
x=3.69998 y=3.19999 yaw=-0.499639 score=0.931995 valid=1 mode=tracking state=TRACKING evaluated=807 execution_us=58663 reason=tracking_pose_accepted
x=3.69997 y=3.14999 yaw=-0.552933 score=0.92001 valid=1 mode=tracking state=TRACKING evaluated=789 execution_us=58725 reason=tracking_pose_accepted
x=3.69997 y=3.09999 yaw=-0.658587 score=0.948491 valid=1 mode=tracking state=TRACKING evaluated=807 execution_us=60527 reason=tracking_pose_accepted
x=3.69997 y=3.04999 yaw=-0.694427 score=0.990119 valid=1 mode=tracking state=TRACKING evaluated=789 execution_us=57911 reason=tracking_pose_accepted
x=3.69997 y=2.99999 yaw=-0.712815 score=0.993904 valid=1 mode=tracking state=TRACKING evaluated=807 execution_us=60772 reason=tracking_pose_accepted
x=3.69997 y=2.94999 yaw=-0.731202 score=0.993207 valid=1 mode=tracking state=TRACKING evaluated=789 execution_us=56454 reason=tracking_pose_accepted
x=3.69997 y=2.89999 yaw=-0.732136 score=0.98652 valid=1 mode=tracking state=TRACKING evaluated=807 execution_us=57731 reason=tracking_pose_accepted
x=3.64997 y=2.79999 yaw=-0.767977 score=0.976916 valid=1 mode=tracking state=TRACKING evaluated=789 execution_us=56375 reason=tracking_pose_accepted
x=3.59997 y=2.74999 yaw=-0.803818 score=0.97187 valid=1 mode=tracking state=TRACKING evaluated=789 execution_us=57117 reason=tracking_pose_accepted
x=3.59997 y=2.69999 yaw=-0.822205 score=0.978539 valid=1 mode=tracking state=TRACKING evaluated=789 execution_us=57109 reason=tracking_pose_accepted
x=3.54997 y=2.64999 yaw=-0.858046 score=0.97836 valid=1 mode=tracking state=TRACKING evaluated=807 execution_us=61951 reason=tracking_pose_accepted
x=3.49997 y=2.59999 yaw=-0.85898 score=0.97174 valid=1 mode=tracking state=TRACKING evaluated=789 execution_us=50997 reason=tracking_pose_accepted
x=3.49997 y=2.54999 yaw=-0.859914 score=0.971983 valid=1 mode=tracking state=TRACKING evaluated=789 execution_us=51198 reason=tracking_pose_accepted
x=3.44997 y=2.49999 yaw=-0.825941 score=0.977966 valid=1 mode=tracking state=TRACKING evaluated=807 execution_us=52572 reason=tracking_pose_accepted
x=3.39997 y=2.44999 yaw=-0.774515 score=0.980801 valid=1 mode=tracking state=TRACKING evaluated=789 execution_us=50824 reason=tracking_pose_accepted
x=3.39997 y=2.39999 yaw=-0.757996 score=0.966003 valid=1 mode=tracking state=TRACKING evaluated=789 execution_us=51321 reason=tracking_pose_accepted
x=3.34997 y=2.29999 yaw=-0.70657 score=0.968976 valid=1 mode=tracking state=TRACKING evaluated=807 execution_us=57041 reason=tracking_pose_accepted
x=3.34997 y=2.24999 yaw=-0.690051 score=0.957546 valid=1 mode=tracking state=TRACKING evaluated=789 execution_us=57376 reason=tracking_pose_accepted
x=3.29997 y=2.14999 yaw=-0.603719 score=0.952167 valid=1 mode=tracking state=TRACKING evaluated=807 execution_us=56888 reason=tracking_pose_accepted
x=3.24997 y=2.09999 yaw=-0.552293 score=0.951538 valid=1 mode=tracking state=TRACKING evaluated=789 execution_us=55549 reason=tracking_pose_accepted
x=3.19997 y=1.99999 yaw=-0.465961 score=0.966244 valid=1 mode=tracking state=TRACKING evaluated=807 execution_us=57573 reason=tracking_pose_accepted
x=3.14997 y=1.94999 yaw=-0.379629 score=0.960876 valid=1 mode=tracking state=TRACKING evaluated=807 execution_us=57617 reason=tracking_pose_accepted
x=3.14997 y=1.89999 yaw=-0.328203 score=0.977372 valid=1 mode=tracking state=TRACKING evaluated=789 execution_us=53087 reason=tracking_pose_accepted
x=3.09997 y=1.84999 yaw=-0.224417 score=0.960804 valid=1 mode=tracking state=TRACKING evaluated=807 execution_us=55558 reason=tracking_pose_accepted
x=3.09997 y=1.79999 yaw=-0.172992 score=0.978581 valid=1 mode=tracking state=TRACKING evaluated=807 execution_us=54954 reason=tracking_pose_accepted
x=3.04997 y=1.69999 yaw=-0.139019 score=0.975503 valid=1 mode=tracking state=TRACKING evaluated=807 execution_us=53968 reason=tracking_pose_accepted
x=2.99997 y=1.64999 yaw=-0.139953 score=0.972851 valid=1 mode=tracking state=TRACKING evaluated=807 execution_us=54006 reason=tracking_pose_accepted
x=2.99997 y=1.59999 yaw=-0.123434 score=0.988577 valid=1 mode=tracking state=TRACKING evaluated=807 execution_us=60847 reason=tracking_pose_accepted
x=2.99997 y=1.54999 yaw=-0.0894618 score=0.972025 valid=1 mode=tracking state=TRACKING evaluated=807 execution_us=57957 reason=tracking_pose_accepted
x=2.94997 y=1.49999 yaw=-0.0729427 score=0.986053 valid=1 mode=tracking state=TRACKING evaluated=807 execution_us=58779 reason=tracking_pose_accepted
x=2.94997 y=1.44999 yaw=-0.0215169 score=0.985708 valid=1 mode=tracking state=TRACKING evaluated=807 execution_us=58694 reason=tracking_pose_accepted
x=2.94997 y=1.44999 yaw=0.0124555 score=0.981249 valid=1 mode=tracking state=TRACKING evaluated=807 execution_us=58598 reason=tracking_pose_accepted
x=2.89997 y=1.39999 yaw=0.0289747 score=0.979841 valid=1 mode=tracking state=TRACKING evaluated=807 execution_us=59141 reason=tracking_pose_accepted
x=2.89997 y=1.39999 yaw=0.0454938 score=0.988115 valid=1 mode=tracking state=TRACKING evaluated=807 execution_us=54479 reason=tracking_pose_accepted
x=2.89997 y=1.34999 yaw=0.0271064 score=0.967003 valid=1 mode=tracking state=TRACKING evaluated=807 execution_us=54683 reason=tracking_pose_accepted
x=2.84997 y=1.34999 yaw=0.0261722 score=0.959688 valid=1 mode=tracking state=TRACKING evaluated=807 execution_us=54943 reason=tracking_pose_accepted
x=2.84997 y=1.34999 yaw=-0.00966851 score=0.962044 valid=1 mode=tracking state=TRACKING evaluated=807 execution_us=54934 reason=tracking_pose_accepted
x=2.84997 y=1.34999 yaw=-0.0455092 score=0.966305 valid=1 mode=tracking state=TRACKING evaluated=807 execution_us=56099 reason=tracking_pose_accepted
x=2.84997 y=1.34999 yaw=-0.0638967 score=0.981249 valid=1 mode=tracking state=TRACKING evaluated=807 execution_us=55755 reason=tracking_pose_accepted
x=2.84997 y=1.39999 yaw=-0.0822841 score=0.97954 valid=1 mode=tracking state=TRACKING evaluated=807 execution_us=60197 reason=tracking_pose_accepted
x=2.89997 y=1.39999 yaw=-0.0832183 score=0.985294 valid=1 mode=tracking state=TRACKING evaluated=807 execution_us=61320 reason=tracking_pose_accepted
x=2.89997 y=1.39999 yaw=-0.101606 score=0.989469 valid=1 mode=tracking state=TRACKING evaluated=807 execution_us=60454 reason=tracking_pose_accepted
x=2.89997 y=1.39999 yaw=-0.0850866 score=0.979442 valid=1 mode=tracking state=TRACKING evaluated=807 execution_us=61181 reason=tracking_pose_accepted
x=2.89997 y=1.44999 yaw=-0.0685675 score=0.97569 valid=1 mode=tracking state=TRACKING evaluated=807 execution_us=51659 reason=tracking_pose_accepted
x=2.94997 y=1.44999 yaw=-0.0345951 score=0.97584 valid=1 mode=tracking state=TRACKING evaluated=807 execution_us=59389 reason=tracking_pose_accepted
x=2.94997 y=1.44999 yaw=-0.000622634 score=0.987965 valid=1 mode=tracking state=TRACKING evaluated=807 execution_us=58867 reason=tracking_pose_accepted
x=2.94997 y=1.44999 yaw=-0.00155677 score=0.98639 valid=1 mode=tracking state=TRACKING evaluated=807 execution_us=58140 reason=tracking_pose_accepted
x=2.94997 y=1.44999 yaw=-0.0199442 score=0.989496 valid=1 mode=tracking state=TRACKING evaluated=807 execution_us=58366 reason=tracking_pose_accepted
x=2.94997 y=1.44999 yaw=-0.0208784 score=0.984504 valid=1 mode=tracking state=TRACKING evaluated=807 execution_us=58630 reason=tracking_pose_accepted
x=2.94997 y=1.44999 yaw=-0.0218125 score=0.984354 valid=1 mode=tracking state=TRACKING evaluated=807 execution_us=58183 reason=tracking_pose_accepted
x=2.94997 y=1.44999 yaw=-0.0227466 score=0.988566 valid=1 mode=tracking state=TRACKING evaluated=807 execution_us=50543 reason=tracking_pose_accepted
x=2.94997 y=1.44999 yaw=-0.041134 score=0.984053 valid=1 mode=tracking state=TRACKING evaluated=807 execution_us=52120 reason=tracking_pose_accepted
x=2.94997 y=1.44999 yaw=-0.0420682 score=0.987965 valid=1 mode=tracking state=TRACKING evaluated=807 execution_us=51781 reason=tracking_pose_accepted
x=2.94997 y=1.44999 yaw=-0.0430024 score=0.983752 valid=1 mode=tracking state=TRACKING evaluated=807 execution_us=51944 reason=tracking_pose_accepted
x=2.94997 y=1.44999 yaw=-0.0439366 score=0.980141 valid=1 mode=tracking state=TRACKING evaluated=807 execution_us=52396 reason=tracking_pose_accepted
x=2.94997 y=1.39999 yaw=-0.062324 score=0.97954 valid=1 mode=tracking state=TRACKING evaluated=807 execution_us=52319 reason=tracking_pose_accepted
x=2.94997 y=1.44999 yaw=-0.0632582 score=0.979841 valid=1 mode=tracking state=TRACKING evaluated=807 execution_us=60061 reason=tracking_pose_accepted
x=2.94997 y=1.44999 yaw=-0.0641924 score=0.982143 valid=1 mode=tracking state=TRACKING evaluated=807 execution_us=59640 reason=tracking_pose_accepted
x=2.94997 y=1.44999 yaw=-0.0651266 score=0.97954 valid=1 mode=tracking state=TRACKING evaluated=807 execution_us=59602 reason=tracking_pose_accepted
x=2.94997 y=1.44999 yaw=-0.0486074 score=0.986952 valid=1 mode=tracking state=TRACKING evaluated=807 execution_us=60358 reason=tracking_pose_accepted
x=2.94997 y=1.44999 yaw=-0.0669949 score=0.984465 valid=1 mode=tracking state=TRACKING evaluated=807 execution_us=59597 reason=tracking_pose_accepted
x=2.94997 y=1.44999 yaw=-0.067929 score=0.994898 valid=1 mode=tracking state=TRACKING evaluated=807 execution_us=60141 reason=tracking_pose_accepted
x=2.94997 y=1.44999 yaw=-0.0688632 score=0.995198 valid=1 mode=tracking state=TRACKING evaluated=807 execution_us=53816 reason=tracking_pose_accepted
x=2.94997 y=1.44999 yaw=-0.0697974 score=0.989196 valid=1 mode=tracking state=TRACKING evaluated=807 execution_us=53531 reason=tracking_pose_accepted
x=2.94997 y=1.44999 yaw=-0.0532783 score=0.990396 valid=1 mode=tracking state=TRACKING evaluated=807 execution_us=54186 reason=tracking_pose_accepted
x=2.94997 y=1.44999 yaw=-0.0542125 score=0.989496 valid=1 mode=tracking state=TRACKING evaluated=807 execution_us=55027 reason=tracking_pose_accepted
x=2.94997 y=1.44999 yaw=-0.0551466 score=0.990372 valid=1 mode=tracking state=TRACKING evaluated=807 execution_us=53973 reason=tracking_pose_accepted
x=2.94997 y=1.44999 yaw=-0.0560808 score=0.985557 valid=1 mode=tracking state=TRACKING evaluated=807 execution_us=58695 reason=tracking_pose_accepted
x=2.94997 y=1.44999 yaw=-0.057015 score=0.985256 valid=1 mode=tracking state=TRACKING evaluated=807 execution_us=58217 reason=tracking_pose_accepted
x=2.94997 y=1.44999 yaw=-0.0579492 score=0.988445 valid=1 mode=tracking state=TRACKING evaluated=807 execution_us=58489 reason=tracking_pose_accepted
x=2.94997 y=1.44999 yaw=-0.0588834 score=0.987212 valid=1 mode=tracking state=TRACKING evaluated=807 execution_us=59065 reason=tracking_pose_accepted
x=2.94997 y=1.44999 yaw=-0.0598176 score=0.987513 valid=1 mode=tracking state=TRACKING evaluated=807 execution_us=58608 reason=tracking_pose_accepted
x=2.94997 y=1.44999 yaw=-0.0607518 score=0.990696 valid=1 mode=tracking state=TRACKING evaluated=807 execution_us=59295 reason=tracking_pose_accepted
x=2.94997 y=1.44999 yaw=-0.0616859 score=0.991597 valid=1 mode=tracking state=TRACKING evaluated=807 execution_us=55862 reason=tracking_pose_accepted
x=2.94997 y=1.44999 yaw=-0.0626201 score=0.990649 valid=1 mode=tracking state=TRACKING evaluated=807 execution_us=55723 reason=tracking_pose_accepted
x=2.94997 y=1.44999 yaw=-0.0635543 score=0.991297 valid=1 mode=tracking state=TRACKING evaluated=807 execution_us=56438 reason=tracking_pose_accepted
x=2.94997 y=1.44999 yaw=-0.0644885 score=0.990396 valid=1 mode=tracking state=TRACKING evaluated=807 execution_us=55691 reason=tracking_pose_accepted
x=2.94997 y=1.44999 yaw=-0.0654227 score=0.990096 valid=1 mode=tracking state=TRACKING evaluated=807 execution_us=55800 reason=tracking_pose_accepted
x=2.94997 y=1.44999 yaw=-0.0663569 score=0.989046 valid=1 mode=tracking state=TRACKING evaluated=807 execution_us=56721 reason=tracking_pose_accepted
x=2.94997 y=1.44999 yaw=-0.067291 score=0.991124 valid=1 mode=tracking state=TRACKING evaluated=807 execution_us=59714 reason=tracking_pose_accepted
x=2.94997 y=1.44999 yaw=-0.0682252 score=0.988896 valid=1 mode=tracking state=TRACKING evaluated=807 execution_us=60323 reason=tracking_pose_accepted
x=2.94997 y=1.44999 yaw=-0.0517061 score=0.985557 valid=1 mode=tracking state=TRACKING evaluated=807 execution_us=60289 reason=tracking_pose_accepted
x=2.94997 y=1.44999 yaw=-0.0526403 score=0.990045 valid=1 mode=tracking state=TRACKING evaluated=807 execution_us=60286 reason=tracking_pose_accepted
x=2.94997 y=1.44999 yaw=-0.0535745 score=0.989796 valid=1 mode=tracking state=TRACKING evaluated=807 execution_us=61128 reason=tracking_pose_accepted
x=2.94997 y=1.44999 yaw=-0.0545086 score=0.990071 valid=1 mode=tracking state=TRACKING evaluated=807 execution_us=57361 reason=tracking_pose_accepted
x=2.94997 y=1.44999 yaw=-0.0554428 score=0.987212 valid=1 mode=tracking state=TRACKING evaluated=807 execution_us=57163 reason=tracking_pose_accepted
x=2.94997 y=1.44999 yaw=-0.056377 score=0.987814 valid=1 mode=tracking state=TRACKING evaluated=807 execution_us=58926 reason=tracking_pose_accepted
x=2.94997 y=1.44999 yaw=-0.0573112 score=0.99095 valid=1 mode=tracking state=TRACKING evaluated=807 execution_us=57088 reason=tracking_pose_accepted
x=2.94997 y=1.44999 yaw=-0.0582454 score=0.989496 valid=1 mode=tracking state=TRACKING evaluated=807 execution_us=57697 reason=tracking_pose_accepted
x=2.94997 y=1.44999 yaw=-0.0591796 score=0.990096 valid=1 mode=tracking state=TRACKING evaluated=807 execution_us=58272 reason=tracking_pose_accepted
x=2.94997 y=1.44999 yaw=-0.0601137 score=0.990672 valid=1 mode=tracking state=TRACKING evaluated=807 execution_us=61126 reason=tracking_pose_accepted
x=2.94997 y=1.44999 yaw=-0.0610479 score=0.990071 valid=1 mode=tracking state=TRACKING evaluated=807 execution_us=51974 reason=tracking_pose_accepted
x=2.94997 y=1.44999 yaw=-0.0619821 score=0.990372 valid=1 mode=tracking state=TRACKING evaluated=807 execution_us=51827 reason=tracking_pose_accepted
x=2.94997 y=1.44999 yaw=-0.0629163 score=0.990396 valid=1 mode=tracking state=TRACKING evaluated=807 execution_us=52551 reason=tracking_pose_accepted
x=2.94997 y=1.44999 yaw=-0.0638505 score=0.987783 valid=1 mode=tracking state=TRACKING evaluated=807 execution_us=54451 reason=tracking_pose_accepted
x=2.94997 y=1.44999 yaw=-0.0647847 score=0.99095 valid=1 mode=tracking state=TRACKING evaluated=807 execution_us=52507 reason=tracking_pose_accepted
x=2.94997 y=1.44999 yaw=-0.0657188 score=0.992177 valid=1 mode=tracking state=TRACKING evaluated=807 execution_us=52398 reason=tracking_pose_accepted
x=2.94997 y=1.44999 yaw=-0.066653 score=0.994898 valid=1 mode=tracking state=TRACKING evaluated=807 execution_us=60066 reason=tracking_pose_accepted
x=2.94997 y=1.44999 yaw=-0.0675872 score=0.988566 valid=1 mode=tracking state=TRACKING evaluated=807 execution_us=59397 reason=tracking_pose_accepted
x=2.94997 y=1.44999 yaw=-0.0685214 score=0.986009 valid=1 mode=tracking state=TRACKING evaluated=807 execution_us=59834 reason=tracking_pose_accepted
x=2.94997 y=1.44999 yaw=-0.0520023 score=0.984994 valid=1 mode=tracking state=TRACKING evaluated=807 execution_us=60400 reason=tracking_pose_accepted
x=2.94997 y=1.44999 yaw=-0.0703897 score=0.987513 valid=1 mode=tracking state=TRACKING evaluated=807 execution_us=60338 reason=tracking_pose_accepted
x=2.94997 y=1.44999 yaw=-0.0538706 score=0.990973 valid=1 mode=tracking state=TRACKING evaluated=807 execution_us=54490 reason=tracking_pose_accepted
x=2.94997 y=1.44999 yaw=-0.0548048 score=0.987783 valid=1 mode=tracking state=TRACKING evaluated=807 execution_us=54287 reason=tracking_pose_accepted
x=2.94997 y=1.44999 yaw=-0.055739 score=0.990672 valid=1 mode=tracking state=TRACKING evaluated=807 execution_us=53802 reason=tracking_pose_accepted
x=2.94997 y=1.44999 yaw=-0.0566731 score=0.991297 valid=1 mode=tracking state=TRACKING evaluated=807 execution_us=54828 reason=tracking_pose_accepted
x=2.94997 y=1.44999 yaw=-0.0576073 score=0.990996 valid=1 mode=tracking state=TRACKING evaluated=807 execution_us=54780 reason=tracking_pose_accepted
x=2.94997 y=1.44999 yaw=-0.0585415 score=0.991597 valid=1 mode=tracking state=TRACKING evaluated=807 execution_us=58394 reason=tracking_pose_accepted
x=2.94997 y=1.44999 yaw=-0.0594757 score=0.990347 valid=1 mode=tracking state=TRACKING evaluated=807 execution_us=58738 reason=tracking_pose_accepted
x=2.94997 y=1.44999 yaw=-0.0604099 score=0.990672 valid=1 mode=tracking state=TRACKING evaluated=807 execution_us=58963 reason=tracking_pose_accepted
x=2.94997 y=1.44999 yaw=-0.061344 score=0.99095 valid=1 mode=tracking state=TRACKING evaluated=807 execution_us=59154 reason=tracking_pose_accepted
x=2.94997 y=1.44999 yaw=-0.0622782 score=0.990071 valid=1 mode=tracking state=TRACKING evaluated=807 execution_us=58754 reason=tracking_pose_accepted
x=2.94997 y=1.44999 yaw=-0.0632124 score=0.991876 valid=1 mode=tracking state=TRACKING evaluated=807 execution_us=58983 reason=tracking_pose_accepted
x=2.94997 y=1.44999 yaw=-0.0641466 score=0.990973 valid=1 mode=tracking state=TRACKING evaluated=807 execution_us=56151 reason=tracking_pose_accepted
x=2.94997 y=1.44999 yaw=-0.0650808 score=0.991554 valid=1 mode=tracking state=TRACKING evaluated=807 execution_us=69522 reason=tracking_pose_accepted
x=2.94997 y=1.44999 yaw=-0.066015 score=0.990196 valid=1 mode=tracking state=TRACKING evaluated=807 execution_us=55677 reason=tracking_pose_accepted
x=2.94997 y=1.44999 yaw=-0.0669491 score=0.99338 valid=1 mode=tracking state=TRACKING evaluated=807 execution_us=56552 reason=tracking_pose_accepted
x=2.94997 y=1.44999 yaw=-0.05043 score=0.987212 valid=1 mode=tracking state=TRACKING evaluated=807 execution_us=56064 reason=tracking_pose_accepted
x=2.94997 y=1.44999 yaw=-0.0513642 score=0.987545 valid=1 mode=tracking state=TRACKING evaluated=807 execution_us=59656 reason=tracking_pose_accepted
x=2.94997 y=1.44999 yaw=-0.0522984 score=0.990396 valid=1 mode=tracking state=TRACKING evaluated=807 execution_us=59842 reason=tracking_pose_accepted
x=2.94997 y=1.44999 yaw=-0.0532326 score=0.985219 valid=1 mode=tracking state=TRACKING evaluated=807 execution_us=60137 reason=tracking_pose_accepted
x=2.94997 y=1.44999 yaw=-0.0541667 score=0.989744 valid=1 mode=tracking state=TRACKING evaluated=807 execution_us=60989 reason=tracking_pose_accepted
x=2.94997 y=1.44999 yaw=-0.0551009 score=0.990045 valid=1 mode=tracking state=TRACKING evaluated=807 execution_us=60063 reason=tracking_pose_accepted
x=2.94997 y=1.44999 yaw=-0.0560351 score=0.991297 valid=1 mode=tracking state=TRACKING evaluated=807 execution_us=56847 reason=tracking_pose_accepted
x=2.94997 y=1.44999 yaw=-0.0569693 score=0.990672 valid=1 mode=tracking state=TRACKING evaluated=807 execution_us=57365 reason=tracking_pose_accepted
x=2.94997 y=1.44999 yaw=-0.0579035 score=0.990396 valid=1 mode=tracking state=TRACKING evaluated=807 execution_us=57500 reason=tracking_pose_accepted
x=2.94997 y=1.44999 yaw=-0.0588377 score=0.990996 valid=1 mode=tracking state=TRACKING evaluated=807 execution_us=57743 reason=tracking_pose_accepted
x=2.94997 y=1.44999 yaw=-0.0597719 score=0.990396 valid=1 mode=tracking state=TRACKING evaluated=807 execution_us=58235 reason=tracking_pose_accepted
x=2.94997 y=1.44999 yaw=-0.060706 score=0.991834 valid=1 mode=tracking state=TRACKING evaluated=807 execution_us=55451 reason=tracking_pose_accepted
x=2.94997 y=1.44999 yaw=-0.0616402 score=0.990996 valid=1 mode=tracking state=TRACKING evaluated=807 execution_us=52042 reason=tracking_pose_accepted
x=2.94997 y=1.44999 yaw=-0.0625744 score=0.988688 valid=1 mode=tracking state=TRACKING evaluated=807 execution_us=51941 reason=tracking_pose_accepted
x=2.94997 y=1.44999 yaw=-0.0635086 score=0.991876 valid=1 mode=tracking state=TRACKING evaluated=807 execution_us=52067 reason=tracking_pose_accepted
x=2.94997 y=1.44999 yaw=-0.0644428 score=0.991855 valid=1 mode=tracking state=TRACKING evaluated=807 execution_us=52837 reason=tracking_pose_accepted
x=2.94997 y=1.44999 yaw=-0.065377 score=0.99276 valid=1 mode=tracking state=TRACKING evaluated=807 execution_us=52414 reason=tracking_pose_accepted
x=2.94997 y=1.44999 yaw=-0.0663111 score=0.989046 valid=1 mode=tracking state=TRACKING evaluated=807 execution_us=53121 reason=tracking_pose_accepted
x=2.94997 y=1.44999 yaw=-0.0672453 score=0.986495 valid=1 mode=tracking state=TRACKING evaluated=807 execution_us=60421 reason=tracking_pose_accepted
x=2.94997 y=1.44999 yaw=-0.0681795 score=0.988566 valid=1 mode=tracking state=TRACKING evaluated=807 execution_us=59917 reason=tracking_pose_accepted
x=2.94997 y=1.44999 yaw=-0.0516604 score=0.988145 valid=1 mode=tracking state=TRACKING evaluated=807 execution_us=60670 reason=tracking_pose_accepted
x=2.94997 y=1.44999 yaw=-0.0700478 score=0.985973 valid=1 mode=tracking state=TRACKING evaluated=807 execution_us=60150 reason=tracking_pose_accepted
x=2.94997 y=1.44999 yaw=-0.0535287 score=0.983752 valid=1 mode=tracking state=TRACKING evaluated=807 execution_us=60495 reason=tracking_pose_accepted
x=2.94997 y=1.44999 yaw=-0.0544629 score=0.990696 valid=1 mode=tracking state=TRACKING evaluated=807 execution_us=61230 reason=tracking_pose_accepted
x=2.94997 y=1.44999 yaw=-0.0553971 score=0.98977 valid=1 mode=tracking state=TRACKING evaluated=807 execution_us=53899 reason=tracking_pose_accepted
x=2.94997 y=1.44999 yaw=-0.0563312 score=0.990347 valid=1 mode=tracking state=TRACKING evaluated=807 execution_us=53948 reason=tracking_pose_accepted
x=2.94997 y=1.44999 yaw=-0.0572654 score=0.990649 valid=1 mode=tracking state=TRACKING evaluated=807 execution_us=55020 reason=tracking_pose_accepted
x=2.94997 y=1.44999 yaw=-0.0581996 score=0.98977 valid=1 mode=tracking state=TRACKING evaluated=807 execution_us=54800 reason=tracking_pose_accepted
x=2.94997 y=1.44999 yaw=-0.0591338 score=0.991274 valid=1 mode=tracking state=TRACKING evaluated=807 execution_us=55215 reason=tracking_pose_accepted
x=2.94997 y=1.44999 yaw=-0.060068 score=0.990096 valid=1 mode=tracking state=TRACKING evaluated=807 execution_us=59356 reason=tracking_pose_accepted
x=2.94997 y=1.44999 yaw=-0.0610022 score=0.991597 valid=1 mode=tracking state=TRACKING evaluated=807 execution_us=59435 reason=tracking_pose_accepted
x=2.94997 y=1.44999 yaw=-0.0619363 score=0.991597 valid=1 mode=tracking state=TRACKING evaluated=807 execution_us=59992 reason=tracking_pose_accepted
x=2.94997 y=1.44999 yaw=-0.0628705 score=0.987751 valid=1 mode=tracking state=TRACKING evaluated=807 execution_us=59037 reason=tracking_pose_accepted
x=2.94997 y=1.44999 yaw=-0.0638047 score=0.987783 valid=1 mode=tracking state=TRACKING evaluated=807 execution_us=59085 reason=tracking_pose_accepted
x=2.94997 y=1.44999 yaw=-0.0647389 score=0.990396 valid=1 mode=tracking state=TRACKING evaluated=807 execution_us=60323 reason=tracking_pose_accepted
x=2.94997 y=1.44999 yaw=-0.0656731 score=0.991575 valid=1 mode=tracking state=TRACKING evaluated=807 execution_us=55861 reason=tracking_pose_accepted
x=2.94997 y=1.44999 yaw=-0.0666073 score=0.990071 valid=1 mode=tracking state=TRACKING evaluated=807 execution_us=56366 reason=tracking_pose_accepted
x=2.94997 y=1.44999 yaw=-0.0675414 score=0.987245 valid=1 mode=tracking state=TRACKING evaluated=807 execution_us=55199 reason=tracking_pose_accepted
x=2.94997 y=1.44999 yaw=-0.0684756 score=0.988896 valid=1 mode=tracking state=TRACKING evaluated=807 execution_us=56478 reason=tracking_pose_accepted
x=2.94997 y=1.44999 yaw=-0.0519565 score=0.987545 valid=1 mode=tracking state=TRACKING evaluated=807 execution_us=57229 reason=tracking_pose_accepted
x=2.94997 y=1.44999 yaw=-0.0528907 score=0.990347 valid=1 mode=tracking state=TRACKING evaluated=807 execution_us=56992 reason=tracking_pose_accepted
x=2.94997 y=1.44999 yaw=-0.0538249 score=0.990372 valid=1 mode=tracking state=TRACKING evaluated=807 execution_us=60979 reason=tracking_pose_accepted
x=2.94997 y=1.44999 yaw=-0.054759 score=0.990996 valid=1 mode=tracking state=TRACKING evaluated=807 execution_us=61681 reason=tracking_pose_accepted
x=2.94997 y=1.44999 yaw=-0.0556932 score=0.990347 valid=1 mode=tracking state=TRACKING evaluated=807 execution_us=60739 reason=tracking_pose_accepted
x=2.94997 y=1.44999 yaw=-0.0566274 score=0.988896 valid=1 mode=tracking state=TRACKING evaluated=807 execution_us=61368 reason=tracking_pose_accepted
x=2.94997 y=1.44999 yaw=-0.0575616 score=0.990096 valid=1 mode=tracking state=TRACKING evaluated=807 execution_us=51416 reason=tracking_pose_accepted
x=2.94997 y=1.44999 yaw=-0.0584958 score=0.990396 valid=1 mode=tracking state=TRACKING evaluated=807 execution_us=58154 reason=tracking_pose_accepted
x=2.94997 y=1.44999 yaw=-0.05943 score=0.990096 valid=1 mode=tracking state=TRACKING evaluated=807 execution_us=58334 reason=tracking_pose_accepted
x=2.94997 y=1.44999 yaw=-0.0603641 score=0.990071 valid=1 mode=tracking state=TRACKING evaluated=807 execution_us=58169 reason=tracking_pose_accepted
x=2.94997 y=1.44999 yaw=-0.0612983 score=0.990272 valid=1 mode=tracking state=TRACKING evaluated=807 execution_us=57699 reason=tracking_pose_accepted
x=2.94997 y=1.44999 yaw=-0.0622325 score=0.990696 valid=1 mode=tracking state=TRACKING evaluated=807 execution_us=59021 reason=tracking_pose_accepted
x=2.94997 y=1.44999 yaw=-0.0631667 score=0.990996 valid=1 mode=tracking state=TRACKING evaluated=807 execution_us=58740 reason=tracking_pose_accepted
x=2.94997 y=1.44999 yaw=-0.0641009 score=0.990696 valid=1 mode=tracking state=TRACKING evaluated=807 execution_us=62612 reason=tracking_pose_accepted
x=2.94997 y=1.44999 yaw=-0.0650351 score=0.990071 valid=1 mode=tracking state=TRACKING evaluated=807 execution_us=52995 reason=tracking_pose_accepted
x=2.94997 y=1.44999 yaw=-0.0659692 score=0.990973 valid=1 mode=tracking state=TRACKING evaluated=807 execution_us=52245 reason=tracking_pose_accepted
x=2.94997 y=1.44999 yaw=-0.0669034 score=0.98992 valid=1 mode=tracking state=TRACKING evaluated=807 execution_us=52586 reason=tracking_pose_accepted
x=2.94997 y=1.44999 yaw=-0.0678376 score=0.987363 valid=1 mode=tracking state=TRACKING evaluated=807 execution_us=52975 reason=tracking_pose_accepted
x=2.94997 y=1.44999 yaw=-0.0687718 score=0.987062 valid=1 mode=tracking state=TRACKING evaluated=807 execution_us=52921 reason=tracking_pose_accepted
x=2.94997 y=1.44999 yaw=-0.0522527 score=0.990096 valid=1 mode=tracking state=TRACKING evaluated=807 execution_us=60451 reason=tracking_pose_accepted
x=2.94997 y=1.44999 yaw=-0.0531868 score=0.987845 valid=1 mode=tracking state=TRACKING evaluated=807 execution_us=59960 reason=tracking_pose_accepted
x=2.94997 y=1.44999 yaw=-0.054121 score=0.986945 valid=1 mode=tracking state=TRACKING evaluated=807 execution_us=60061 reason=tracking_pose_accepted
x=2.94997 y=1.44999 yaw=-0.0550552 score=0.99002 valid=1 mode=tracking state=TRACKING evaluated=807 execution_us=60309 reason=tracking_pose_accepted
x=2.94997 y=1.44999 yaw=-0.0559894 score=0.989796 valid=1 mode=tracking state=TRACKING evaluated=807 execution_us=60545 reason=tracking_pose_accepted
x=2.94997 y=1.44999 yaw=-0.0569236 score=0.990322 valid=1 mode=tracking state=TRACKING evaluated=807 execution_us=60196 reason=tracking_pose_accepted
x=2.94997 y=1.44999 yaw=-0.0578578 score=0.99095 valid=1 mode=tracking state=TRACKING evaluated=807 execution_us=54394 reason=tracking_pose_accepted
x=2.94997 y=1.44999 yaw=-0.058792 score=0.990372 valid=1 mode=tracking state=TRACKING evaluated=807 execution_us=54394 reason=tracking_pose_accepted
x=2.94997 y=1.44999 yaw=-0.0597261 score=0.990649 valid=1 mode=tracking state=TRACKING evaluated=807 execution_us=54780 reason=tracking_pose_accepted
x=2.94997 y=1.44999 yaw=-0.0606603 score=0.990396 valid=1 mode=tracking state=TRACKING evaluated=807 execution_us=55396 reason=tracking_pose_accepted
x=2.94997 y=1.44999 yaw=-0.0615945 score=0.992177 valid=1 mode=tracking state=TRACKING evaluated=807 execution_us=54628 reason=tracking_pose_accepted
x=2.94997 y=1.44999 yaw=-0.0625287 score=0.990347 valid=1 mode=tracking state=TRACKING evaluated=807 execution_us=58989 reason=tracking_pose_accepted
x=2.94997 y=1.44999 yaw=-0.0634629 score=0.990347 valid=1 mode=tracking state=TRACKING evaluated=807 execution_us=58704 reason=tracking_pose_accepted
x=2.94997 y=1.44999 yaw=-0.0643971 score=0.991575 valid=1 mode=tracking state=TRACKING evaluated=807 execution_us=58727 reason=tracking_pose_accepted
x=2.94997 y=1.44999 yaw=-0.0653312 score=0.991297 valid=1 mode=tracking state=TRACKING evaluated=807 execution_us=59360 reason=tracking_pose_accepted
x=2.94997 y=1.44999 yaw=-0.0662654 score=0.987095 valid=1 mode=tracking state=TRACKING evaluated=807 execution_us=59575 reason=tracking_pose_accepted
x=2.94997 y=1.44999 yaw=-0.0497463 score=0.986945 valid=1 mode=tracking state=TRACKING evaluated=807 execution_us=59018 reason=tracking_pose_accepted
x=2.94997 y=1.44999 yaw=-0.0681338 score=0.989619 valid=1 mode=tracking state=TRACKING evaluated=807 execution_us=56158 reason=tracking_pose_accepted
x=2.94997 y=1.44999 yaw=-0.0690679 score=0.988265 valid=1 mode=tracking state=TRACKING evaluated=807 execution_us=56030 reason=tracking_pose_accepted
x=2.94997 y=1.44999 yaw=-0.0525488 score=0.987545 valid=1 mode=tracking state=TRACKING evaluated=807 execution_us=57013 reason=tracking_pose_accepted
x=2.94997 y=1.44999 yaw=-0.053483 score=0.986911 valid=1 mode=tracking state=TRACKING evaluated=807 execution_us=54344 reason=tracking_pose_accepted
x=2.94997 y=1.44999 yaw=-0.0544171 score=0.990045 valid=1 mode=tracking state=TRACKING evaluated=807 execution_us=55929 reason=tracking_pose_accepted
x=2.94997 y=1.44999 yaw=-0.0553513 score=0.990096 valid=1 mode=tracking state=TRACKING evaluated=807 execution_us=63666 reason=tracking_pose_accepted
x=2.94997 y=1.44999 yaw=-0.0562855 score=0.990927 valid=1 mode=tracking state=TRACKING evaluated=807 execution_us=59547 reason=tracking_pose_accepted
x=2.94997 y=1.44999 yaw=-0.0572197 score=0.990096 valid=1 mode=tracking state=TRACKING evaluated=807 execution_us=60570 reason=tracking_pose_accepted
x=2.94997 y=1.44999 yaw=-0.0581539 score=0.990045 valid=1 mode=tracking state=TRACKING evaluated=807 execution_us=60866 reason=tracking_pose_accepted
x=2.94997 y=1.44999 yaw=-0.0590881 score=0.98977 valid=1 mode=tracking state=TRACKING evaluated=807 execution_us=60949 reason=tracking_pose_accepted
x=2.94997 y=1.44999 yaw=-0.0600222 score=0.990372 valid=1 mode=tracking state=TRACKING evaluated=807 execution_us=61850 reason=tracking_pose_accepted
x=2.94997 y=1.44999 yaw=-0.0609564 score=0.98977 valid=1 mode=tracking state=TRACKING evaluated=807 execution_us=58046 reason=tracking_pose_accepted
x=2.94997 y=1.44999 yaw=-0.0618906 score=0.990396 valid=1 mode=tracking state=TRACKING evaluated=807 execution_us=58454 reason=tracking_pose_accepted
x=2.94997 y=1.44999 yaw=-0.0628248 score=0.989796 valid=1 mode=tracking state=TRACKING evaluated=807 execution_us=59204 reason=tracking_pose_accepted
x=2.94997 y=1.44999 yaw=-0.063759 score=0.989822 valid=1 mode=tracking state=TRACKING evaluated=807 execution_us=58697 reason=tracking_pose_accepted
x=2.94997 y=1.44999 yaw=-0.0646932 score=0.990096 valid=1 mode=tracking state=TRACKING evaluated=807 execution_us=59212 reason=tracking_pose_accepted
x=2.94997 y=1.44999 yaw=-0.0656274 score=0.990973 valid=1 mode=tracking state=TRACKING evaluated=807 execution_us=59843 reason=tracking_pose_accepted
x=2.94997 y=1.44999 yaw=-0.0665615 score=0.987814 valid=1 mode=tracking state=TRACKING evaluated=807 execution_us=53066 reason=tracking_pose_accepted
x=2.94997 y=1.44999 yaw=-0.0500424 score=0.986952 valid=1 mode=tracking state=TRACKING evaluated=807 execution_us=53472 reason=tracking_pose_accepted
x=2.94997 y=1.44999 yaw=-0.0684299 score=0.986159 valid=1 mode=tracking state=TRACKING evaluated=807 execution_us=54928 reason=tracking_pose_accepted
x=2.94997 y=1.44999 yaw=-0.0519107 score=0.98631 valid=1 mode=tracking state=TRACKING evaluated=807 execution_us=54404 reason=tracking_pose_accepted
x=2.94997 y=1.44999 yaw=-0.0528449 score=0.988084 valid=1 mode=tracking state=TRACKING evaluated=807 execution_us=54918 reason=tracking_pose_accepted
x=2.94997 y=1.44999 yaw=-0.0537791 score=0.98977 valid=1 mode=tracking state=TRACKING evaluated=807 execution_us=58776 reason=tracking_pose_accepted
x=2.94997 y=1.44999 yaw=-0.0547133 score=0.989796 valid=1 mode=tracking state=TRACKING evaluated=807 execution_us=59011 reason=tracking_pose_accepted
x=2.94997 y=1.44999 yaw=-0.0556475 score=0.990096 valid=1 mode=tracking state=TRACKING evaluated=807 execution_us=59225 reason=tracking_pose_accepted
x=2.94997 y=1.44999 yaw=-0.0565816 score=0.990696 valid=1 mode=tracking state=TRACKING evaluated=807 execution_us=58987 reason=tracking_pose_accepted
x=2.94997 y=1.44999 yaw=-0.0575158 score=0.991297 valid=1 mode=tracking state=TRACKING evaluated=807 execution_us=58772 reason=tracking_pose_accepted
x=2.94997 y=1.44999 yaw=-0.05845 score=0.989796 valid=1 mode=tracking state=TRACKING evaluated=807 execution_us=55676 reason=tracking_pose_accepted
x=2.94997 y=1.44999 yaw=-0.0593842 score=0.991274 valid=1 mode=tracking state=TRACKING evaluated=807 execution_us=55726 reason=tracking_pose_accepted
x=2.94997 y=1.44999 yaw=-0.0603184 score=0.990996 valid=1 mode=tracking state=TRACKING evaluated=807 execution_us=56571 reason=tracking_pose_accepted
x=2.94997 y=1.44999 yaw=-0.0612525 score=0.989469 valid=1 mode=tracking state=TRACKING evaluated=807 execution_us=56162 reason=tracking_pose_accepted
x=2.94997 y=1.44999 yaw=-0.0621867 score=0.990322 valid=1 mode=tracking state=TRACKING evaluated=807 execution_us=56073 reason=tracking_pose_accepted
x=2.94997 y=1.44999 yaw=-0.0631209 score=0.990396 valid=1 mode=tracking state=TRACKING evaluated=807 execution_us=57562 reason=tracking_pose_accepted
x=2.94997 y=1.44999 yaw=-0.0640551 score=0.990396 valid=1 mode=tracking state=TRACKING evaluated=807 execution_us=60199 reason=tracking_pose_accepted
x=2.94997 y=1.44999 yaw=-0.0649893 score=0.990996 valid=1 mode=tracking state=TRACKING evaluated=807 execution_us=60577 reason=tracking_pose_accepted
x=2.94997 y=1.44999 yaw=-0.0659235 score=0.990996 valid=1 mode=tracking state=TRACKING evaluated=807 execution_us=61928 reason=tracking_pose_accepted
x=2.94997 y=1.44999 yaw=-0.0668577 score=0.992157 valid=1 mode=tracking state=TRACKING evaluated=807 execution_us=60681 reason=tracking_pose_accepted
x=2.94997 y=1.44999 yaw=-0.0677918 score=0.985068 valid=1 mode=tracking state=TRACKING evaluated=807 execution_us=61347 reason=tracking_pose_accepted
x=2.94997 y=1.44999 yaw=-0.068726 score=0.989946 valid=1 mode=tracking state=TRACKING evaluated=807 execution_us=51775 reason=tracking_pose_accepted
x=2.94997 y=1.44999 yaw=-0.0522069 score=0.990071 valid=1 mode=tracking state=TRACKING evaluated=807 execution_us=58653 reason=tracking_pose_accepted
x=2.94997 y=1.44999 yaw=-0.0531411 score=0.986911 valid=1 mode=tracking state=TRACKING evaluated=807 execution_us=60160 reason=tracking_pose_accepted
x=2.94997 y=1.44999 yaw=-0.0540753 score=0.990071 valid=1 mode=tracking state=TRACKING evaluated=807 execution_us=59199 reason=tracking_pose_accepted
x=2.94997 y=1.44999 yaw=-0.0550094 score=0.987212 valid=1 mode=tracking state=TRACKING evaluated=807 execution_us=59747 reason=tracking_pose_accepted
x=2.94997 y=1.44999 yaw=-0.0559436 score=0.990372 valid=1 mode=tracking state=TRACKING evaluated=807 execution_us=60297 reason=tracking_pose_accepted
x=2.94997 y=1.44999 yaw=-0.0568778 score=0.991554 valid=1 mode=tracking state=TRACKING evaluated=807 execution_us=59736 reason=tracking_pose_accepted
x=2.94997 y=1.44999 yaw=-0.057812 score=0.990396 valid=1 mode=tracking state=TRACKING evaluated=807 execution_us=52797 reason=tracking_pose_accepted
x=2.94997 y=1.44999 yaw=-0.0587462 score=0.990372 valid=1 mode=tracking state=TRACKING evaluated=807 execution_us=53378 reason=tracking_pose_accepted
x=2.94997 y=1.44999 yaw=-0.0596804 score=0.990096 valid=1 mode=tracking state=TRACKING evaluated=807 execution_us=53262 reason=tracking_pose_accepted
x=2.94997 y=1.44999 yaw=-0.0606145 score=0.990096 valid=1 mode=tracking state=TRACKING evaluated=807 execution_us=54214 reason=tracking_pose_accepted
x=2.94997 y=1.44999 yaw=-0.0615487 score=0.990071 valid=1 mode=tracking state=TRACKING evaluated=807 execution_us=53812 reason=tracking_pose_accepted
x=2.94997 y=1.44999 yaw=-0.0624829 score=0.989796 valid=1 mode=tracking state=TRACKING evaluated=807 execution_us=60358 reason=tracking_pose_accepted
x=2.94997 y=1.44999 yaw=-0.0634171 score=0.99095 valid=1 mode=tracking state=TRACKING evaluated=807 execution_us=60887 reason=tracking_pose_accepted
x=2.94997 y=1.44999 yaw=-0.0643513 score=0.990096 valid=1 mode=tracking state=TRACKING evaluated=807 execution_us=58113 reason=tracking_pose_accepted
x=2.94997 y=1.44999 yaw=-0.0652855 score=0.989496 valid=1 mode=tracking state=TRACKING evaluated=807 execution_us=58258 reason=tracking_pose_accepted
x=2.94997 y=1.44999 yaw=-0.0662196 score=0.990372 valid=1 mode=tracking state=TRACKING evaluated=807 execution_us=58641 reason=tracking_pose_accepted
x=2.94997 y=1.44999 yaw=-0.0671538 score=0.990672 valid=1 mode=tracking state=TRACKING evaluated=807 execution_us=58326 reason=tracking_pose_accepted
x=2.94997 y=1.44999 yaw=-0.068088 score=0.987903 valid=1 mode=tracking state=TRACKING evaluated=807 execution_us=54829 reason=tracking_pose_accepted
x=2.94997 y=1.44999 yaw=-0.0690222 score=0.988295 valid=1 mode=tracking state=TRACKING evaluated=807 execution_us=55092 reason=tracking_pose_accepted
x=2.94997 y=1.44999 yaw=-0.0525031 score=0.987513 valid=1 mode=tracking state=TRACKING evaluated=807 execution_us=55059 reason=tracking_pose_accepted
x=2.94997 y=1.44999 yaw=-0.0534372 score=0.989018 valid=1 mode=tracking state=TRACKING evaluated=807 execution_us=55770 reason=tracking_pose_accepted
x=2.94997 y=1.44999 yaw=-0.0543714 score=0.990973 valid=1 mode=tracking state=TRACKING evaluated=807 execution_us=55018 reason=tracking_pose_accepted
x=2.94997 y=1.44999 yaw=-0.0553056 score=0.990396 valid=1 mode=tracking state=TRACKING evaluated=807 execution_us=55312 reason=tracking_pose_accepted
x=2.94997 y=1.44999 yaw=-0.0562398 score=0.989496 valid=1 mode=tracking state=TRACKING evaluated=807 execution_us=59444 reason=tracking_pose_accepted
x=2.94997 y=1.44999 yaw=-0.057174 score=0.98977 valid=1 mode=tracking state=TRACKING evaluated=807 execution_us=58053 reason=tracking_pose_accepted
x=2.94997 y=1.44999 yaw=-0.0581082 score=0.991252 valid=1 mode=tracking state=TRACKING evaluated=807 execution_us=57677 reason=tracking_pose_accepted
x=2.94997 y=1.44999 yaw=-0.0590423 score=0.990996 valid=1 mode=tracking state=TRACKING evaluated=807 execution_us=58221 reason=tracking_pose_accepted
x=2.94997 y=1.44999 yaw=-0.0599765 score=0.98733 valid=1 mode=tracking state=TRACKING evaluated=807 execution_us=58054 reason=tracking_pose_accepted
x=2.94997 y=1.44999 yaw=-0.0434574 score=0.979186 valid=1 mode=tracking state=TRACKING evaluated=807 execution_us=55283 reason=tracking_pose_accepted
x=2.94997 y=1.49999 yaw=-0.0443916 score=0.982699 valid=1 mode=tracking state=TRACKING evaluated=807 execution_us=54754 reason=tracking_pose_accepted
x=2.94996 y=1.54999 yaw=-0.0453258 score=0.975832 valid=1 mode=tracking state=TRACKING evaluated=807 execution_us=54396 reason=tracking_pose_accepted
x=2.94996 y=1.59999 yaw=-0.0637132 score=0.969532 valid=1 mode=tracking state=TRACKING evaluated=807 execution_us=55274 reason=tracking_pose_accepted
x=2.94996 y=1.64999 yaw=-0.0471941 score=0.969911 valid=1 mode=tracking state=TRACKING evaluated=807 execution_us=54832 reason=tracking_pose_accepted
x=2.94996 y=1.69999 yaw=-0.0830349 score=0.971807 valid=1 mode=tracking state=TRACKING evaluated=807 execution_us=54496 reason=tracking_pose_accepted
x=2.99996 y=1.79999 yaw=-0.101422 score=0.961077 valid=1 mode=tracking state=TRACKING evaluated=807 execution_us=58966 reason=tracking_pose_accepted
x=2.99996 y=1.79999 yaw=-0.102356 score=0.955312 valid=1 mode=tracking state=TRACKING evaluated=807 execution_us=58611 reason=tracking_pose_accepted
x=3.04996 y=1.84999 yaw=-0.120744 score=0.959276 valid=1 mode=tracking state=TRACKING evaluated=789 execution_us=58851 reason=tracking_pose_accepted
x=3.09996 y=1.89999 yaw=-0.121678 score=0.972478 valid=1 mode=tracking state=TRACKING evaluated=807 execution_us=59579 reason=tracking_pose_accepted
x=3.14996 y=1.94999 yaw=-0.105159 score=0.987961 valid=1 mode=tracking state=TRACKING evaluated=807 execution_us=59785 reason=tracking_pose_accepted
x=3.19996 y=1.99999 yaw=-0.106093 score=0.970588 valid=1 mode=tracking state=TRACKING evaluated=807 execution_us=60419 reason=tracking_pose_accepted
x=3.19996 y=1.99999 yaw=-0.124481 score=0.977808 valid=1 mode=tracking state=TRACKING evaluated=789 execution_us=54628 reason=tracking_pose_accepted
x=3.19996 y=2.04999 yaw=-0.160321 score=0.951857 valid=1 mode=tracking state=TRACKING evaluated=789 execution_us=54097 reason=tracking_pose_accepted
x=3.24996 y=2.04999 yaw=-0.196162 score=0.987252 valid=1 mode=tracking state=TRACKING evaluated=807 execution_us=55522 reason=tracking_pose_accepted
x=3.24996 y=2.04999 yaw=-0.16219 score=0.969897 valid=1 mode=tracking state=TRACKING evaluated=807 execution_us=53622 reason=tracking_pose_accepted
x=3.29996 y=2.09999 yaw=-0.0933106 score=0.964228 valid=1 mode=tracking state=TRACKING evaluated=807 execution_us=56379 reason=tracking_pose_accepted
x=3.24996 y=2.09999 yaw=-0.0593382 score=0.979068 valid=1 mode=tracking state=TRACKING evaluated=807 execution_us=56822 reason=tracking_pose_accepted
x=3.24996 y=2.09999 yaw=-0.0428191 score=0.981561 valid=1 mode=tracking state=TRACKING evaluated=807 execution_us=60316 reason=tracking_pose_accepted
x=3.24996 y=2.04999 yaw=-0.0437532 score=0.978416 valid=1 mode=tracking state=TRACKING evaluated=807 execution_us=60698 reason=tracking_pose_accepted
x=3.24996 y=2.04999 yaw=-0.0446874 score=0.980955 valid=1 mode=tracking state=TRACKING evaluated=807 execution_us=59151 reason=tracking_pose_accepted
x=3.24996 y=2.04999 yaw=-0.0630749 score=0.969979 valid=1 mode=tracking state=TRACKING evaluated=807 execution_us=59489 reason=tracking_pose_accepted
x=3.24996 y=1.99999 yaw=-0.064009 score=0.978376 valid=1 mode=tracking state=TRACKING evaluated=807 execution_us=60691 reason=tracking_pose_accepted
x=3.24996 y=1.99999 yaw=-0.0649432 score=0.979132 valid=1 mode=tracking state=TRACKING evaluated=807 execution_us=65342 reason=tracking_pose_accepted
x=3.24996 y=1.99999 yaw=-0.0658774 score=0.975956 valid=1 mode=tracking state=TRACKING evaluated=807 execution_us=57481 reason=tracking_pose_accepted
x=3.24996 y=1.99999 yaw=-0.0668116 score=0.983128 valid=1 mode=tracking state=TRACKING evaluated=807 execution_us=58271 reason=tracking_pose_accepted
x=3.24996 y=1.99999 yaw=-0.0502925 score=0.972559 valid=1 mode=tracking state=TRACKING evaluated=807 execution_us=58407 reason=tracking_pose_accepted
x=3.29996 y=1.99999 yaw=-0.0686799 score=0.979533 valid=1 mode=tracking state=TRACKING evaluated=807 execution_us=59164 reason=tracking_pose_accepted
x=3.29996 y=1.99999 yaw=-0.0696141 score=0.978568 valid=1 mode=tracking state=TRACKING evaluated=807 execution_us=58786 reason=tracking_pose_accepted
x=3.24996 y=1.99999 yaw=-0.0705483 score=0.97836 valid=1 mode=tracking state=TRACKING evaluated=807 execution_us=59469 reason=tracking_pose_accepted
x=3.24996 y=1.99999 yaw=-0.0540292 score=0.980443 valid=1 mode=tracking state=TRACKING evaluated=807 execution_us=54078 reason=tracking_pose_accepted
x=3.24996 y=1.99999 yaw=-0.0549633 score=0.969064 valid=1 mode=tracking state=TRACKING evaluated=807 execution_us=53250 reason=tracking_pose_accepted
x=3.24996 y=2.04999 yaw=-0.0558975 score=0.970099 valid=1 mode=tracking state=TRACKING evaluated=807 execution_us=54159 reason=tracking_pose_accepted
x=3.24996 y=2.04999 yaw=-0.0568317 score=0.979784 valid=1 mode=tracking state=TRACKING evaluated=807 execution_us=54565 reason=tracking_pose_accepted
x=3.24996 y=2.04999 yaw=-0.0577659 score=0.982277 valid=1 mode=tracking state=TRACKING evaluated=807 execution_us=60600 reason=tracking_pose_accepted
x=3.24996 y=2.04999 yaw=-0.0587001 score=0.978094 valid=1 mode=tracking state=TRACKING evaluated=807 execution_us=57082 reason=tracking_pose_accepted
x=3.24996 y=1.99999 yaw=-0.0596342 score=0.976896 valid=1 mode=tracking state=TRACKING evaluated=807 execution_us=57512 reason=tracking_pose_accepted
x=3.24996 y=1.99999 yaw=-0.0605684 score=0.973276 valid=1 mode=tracking state=TRACKING evaluated=807 execution_us=56740 reason=tracking_pose_accepted
x=3.24996 y=2.04999 yaw=-0.0615026 score=0.980594 valid=1 mode=tracking state=TRACKING evaluated=807 execution_us=58220 reason=tracking_pose_accepted
x=3.24996 y=2.04999 yaw=-0.0624368 score=0.976592 valid=1 mode=tracking state=TRACKING evaluated=807 execution_us=57573 reason=tracking_pose_accepted
x=3.24996 y=2.04999 yaw=-0.063371 score=0.978513 valid=1 mode=tracking state=TRACKING evaluated=807 execution_us=54689 reason=tracking_pose_accepted
x=3.24996 y=2.04999 yaw=-0.0643052 score=0.980138 valid=1 mode=tracking state=TRACKING evaluated=807 execution_us=55026 reason=tracking_pose_accepted
x=3.24996 y=1.99999 yaw=-0.0652393 score=0.973839 valid=1 mode=tracking state=TRACKING evaluated=807 execution_us=56089 reason=tracking_pose_accepted
x=3.24996 y=1.99999 yaw=-0.0661735 score=0.979679 valid=1 mode=tracking state=TRACKING evaluated=807 execution_us=55405 reason=tracking_pose_accepted
x=3.24996 y=2.04999 yaw=-0.0496544 score=0.979555 valid=1 mode=tracking state=TRACKING evaluated=807 execution_us=56359 reason=tracking_pose_accepted
x=3.24996 y=2.04999 yaw=-0.0680419 score=0.978762 valid=1 mode=tracking state=TRACKING evaluated=807 execution_us=56077 reason=tracking_pose_accepted
x=3.24996 y=2.04999 yaw=-0.0515227 score=0.977903 valid=1 mode=tracking state=TRACKING evaluated=807 execution_us=60168 reason=tracking_pose_accepted
x=3.24996 y=2.04999 yaw=-0.0524569 score=0.977903 valid=1 mode=tracking state=TRACKING evaluated=807 execution_us=60523 reason=tracking_pose_accepted
x=3.24996 y=2.04999 yaw=-0.0533911 score=0.979078 valid=1 mode=tracking state=TRACKING evaluated=807 execution_us=60854 reason=tracking_pose_accepted
x=3.24996 y=2.04999 yaw=-0.0543252 score=0.974267 valid=1 mode=tracking state=TRACKING evaluated=807 execution_us=61579 reason=tracking_pose_accepted
x=3.24996 y=2.04999 yaw=-0.0552594 score=0.980685 valid=1 mode=tracking state=TRACKING evaluated=807 execution_us=50982 reason=tracking_pose_accepted
x=3.24996 y=2.04999 yaw=-0.0561936 score=0.978208 valid=1 mode=tracking state=TRACKING evaluated=807 execution_us=51006 reason=tracking_pose_accepted
x=3.24996 y=2.04999 yaw=-0.0571278 score=0.977225 valid=1 mode=tracking state=TRACKING evaluated=807 execution_us=58715 reason=tracking_pose_accepted
x=3.24996 y=2.04999 yaw=-0.058062 score=0.980138 valid=1 mode=tracking state=TRACKING evaluated=807 execution_us=57607 reason=tracking_pose_accepted
x=3.24996 y=1.99999 yaw=-0.0589962 score=0.974378 valid=1 mode=tracking state=TRACKING evaluated=807 execution_us=58952 reason=tracking_pose_accepted
x=3.24996 y=1.99999 yaw=-0.0599304 score=0.975265 valid=1 mode=tracking state=TRACKING evaluated=807 execution_us=58525 reason=tracking_pose_accepted
x=3.24996 y=2.04999 yaw=-0.0608645 score=0.978264 valid=1 mode=tracking state=TRACKING evaluated=807 execution_us=59858 reason=tracking_pose_accepted
x=3.24996 y=2.04999 yaw=-0.0617987 score=0.97796 valid=1 mode=tracking state=TRACKING evaluated=807 execution_us=66175 reason=tracking_pose_accepted
x=3.24996 y=2.04999 yaw=-0.0627329 score=0.974962 valid=1 mode=tracking state=TRACKING evaluated=807 execution_us=52350 reason=tracking_pose_accepted
x=3.24996 y=2.04999 yaw=-0.0636671 score=0.977714 valid=1 mode=tracking state=TRACKING evaluated=807 execution_us=52897 reason=tracking_pose_accepted
x=3.24996 y=2 yaw=-0.0646013 score=0.972088 valid=1 mode=tracking state=TRACKING evaluated=807 execution_us=52535 reason=tracking_pose_accepted
x=3.24996 y=2 yaw=-0.0655355 score=0.976108 valid=1 mode=tracking state=TRACKING evaluated=807 execution_us=53560 reason=tracking_pose_accepted
x=3.24996 y=2.05 yaw=-0.0490163 score=0.971848 valid=1 mode=tracking state=TRACKING evaluated=807 execution_us=53320 reason=tracking_pose_accepted
x=3.24996 y=2.05 yaw=-0.0499505 score=0.977714 valid=1 mode=tracking state=TRACKING evaluated=807 execution_us=60644 reason=tracking_pose_accepted
x=3.24996 y=2.05 yaw=-0.0508847 score=0.977469 valid=1 mode=tracking state=TRACKING evaluated=807 execution_us=58256 reason=tracking_pose_accepted
x=3.24996 y=2.05 yaw=-0.0518189 score=0.971953 valid=1 mode=tracking state=TRACKING evaluated=807 execution_us=57704 reason=tracking_pose_accepted
x=3.24996 y=2.05 yaw=-0.052753 score=0.973788 valid=1 mode=tracking state=TRACKING evaluated=807 execution_us=57068 reason=tracking_pose_accepted
x=3.24996 y=2.05 yaw=-0.0536872 score=0.98024 valid=1 mode=tracking state=TRACKING evaluated=807 execution_us=57096 reason=tracking_pose_accepted
x=3.24996 y=2.05 yaw=-0.0546214 score=0.976288 valid=1 mode=tracking state=TRACKING evaluated=807 execution_us=57456 reason=tracking_pose_accepted
x=3.24996 y=2.05 yaw=-0.0555556 score=0.969283 valid=1 mode=tracking state=TRACKING evaluated=807 execution_us=53144 reason=tracking_pose_accepted
x=3.24996 y=2.05 yaw=-0.0564898 score=0.974768 valid=1 mode=tracking state=TRACKING evaluated=807 execution_us=54363 reason=tracking_pose_accepted
x=3.24996 y=2.05 yaw=-0.057424 score=0.975072 valid=1 mode=tracking state=TRACKING evaluated=807 execution_us=54405 reason=tracking_pose_accepted
x=3.24996 y=2.05 yaw=-0.0583582 score=0.977225 valid=1 mode=tracking state=TRACKING evaluated=807 execution_us=54887 reason=tracking_pose_accepted
x=3.24996 y=2 yaw=-0.0592923 score=0.977941 valid=1 mode=tracking state=TRACKING evaluated=807 execution_us=54877 reason=tracking_pose_accepted
x=3.24996 y=2.05 yaw=-0.0602265 score=0.979685 valid=1 mode=tracking state=TRACKING evaluated=789 execution_us=61018 reason=tracking_pose_accepted
x=3.24996 y=2.05 yaw=-0.0611607 score=0.974768 valid=1 mode=tracking state=TRACKING evaluated=807 execution_us=59122 reason=tracking_pose_accepted
x=3.24996 y=2.05 yaw=-0.0620949 score=0.973522 valid=1 mode=tracking state=TRACKING evaluated=807 execution_us=60686 reason=tracking_pose_accepted
x=3.24996 y=2.05 yaw=-0.0630291 score=0.969748 valid=1 mode=tracking state=TRACKING evaluated=807 execution_us=60571 reason=tracking_pose_accepted
x=3.24996 y=2.05 yaw=-0.0639633 score=0.978073 valid=1 mode=tracking state=TRACKING evaluated=807 execution_us=59749 reason=tracking_pose_accepted
x=3.24996 y=2 yaw=-0.0648974 score=0.976877 valid=1 mode=tracking state=TRACKING evaluated=807 execution_us=59614 reason=tracking_pose_accepted
x=3.24996 y=2.05 yaw=-0.0483783 score=0.972025 valid=1 mode=tracking state=TRACKING evaluated=807 execution_us=56229 reason=tracking_pose_accepted
x=3.24996 y=2.05 yaw=-0.0667658 score=0.973331 valid=1 mode=tracking state=TRACKING evaluated=807 execution_us=56682 reason=tracking_pose_accepted
x=3.24996 y=2.05 yaw=-0.0502466 score=0.972458 valid=1 mode=tracking state=TRACKING evaluated=807 execution_us=56444 reason=tracking_pose_accepted
x=3.24996 y=2.05 yaw=-0.0511808 score=0.977048 valid=1 mode=tracking state=TRACKING evaluated=807 execution_us=56758 reason=tracking_pose_accepted
x=3.24996 y=2.05 yaw=-0.052115 score=0.974238 valid=1 mode=tracking state=TRACKING evaluated=807 execution_us=57479 reason=tracking_pose_accepted
x=3.24996 y=2.05 yaw=-0.0530492 score=0.980178 valid=1 mode=tracking state=TRACKING evaluated=807 execution_us=57332 reason=tracking_pose_accepted
x=3.24996 y=2.05 yaw=-0.0539833 score=0.979884 valid=1 mode=tracking state=TRACKING evaluated=807 execution_us=60530 reason=tracking_pose_accepted
x=3.24996 y=2.05 yaw=-0.0549175 score=0.975426 valid=1 mode=tracking state=TRACKING evaluated=807 execution_us=51427 reason=tracking_pose_accepted
x=3.24996 y=2.05 yaw=-0.0558517 score=0.9734 valid=1 mode=tracking state=TRACKING evaluated=807 execution_us=51214 reason=tracking_pose_accepted
x=3.24996 y=2.05 yaw=-0.0567859 score=0.970131 valid=1 mode=tracking state=TRACKING evaluated=807 execution_us=51396 reason=tracking_pose_accepted
x=3.24996 y=2 yaw=-0.0577201 score=0.977545 valid=1 mode=tracking state=TRACKING evaluated=807 execution_us=65867 reason=tracking_pose_accepted
x=3.24996 y=2.05 yaw=-0.0586543 score=0.98009 valid=1 mode=tracking state=TRACKING evaluated=807 execution_us=51936 reason=tracking_pose_accepted
x=3.24996 y=2.05 yaw=-0.0595885 score=0.975376 valid=1 mode=tracking state=TRACKING evaluated=807 execution_us=59034 reason=tracking_pose_accepted
x=3.24996 y=2.05 yaw=-0.0605226 score=0.977235 valid=1 mode=tracking state=TRACKING evaluated=807 execution_us=58161 reason=tracking_pose_accepted
x=3.24996 y=2.05 yaw=-0.0614568 score=0.975136 valid=1 mode=tracking state=TRACKING evaluated=807 execution_us=58739 reason=tracking_pose_accepted
x=3.24996 y=2.05 yaw=-0.062391 score=0.977352 valid=1 mode=tracking state=TRACKING evaluated=807 execution_us=59176 reason=tracking_pose_accepted
x=3.24996 y=2.05 yaw=-0.0633252 score=0.971953 valid=1 mode=tracking state=TRACKING evaluated=807 execution_us=58596 reason=tracking_pose_accepted
x=3.24996 y=2.05 yaw=-0.0642594 score=0.975008 valid=1 mode=tracking state=TRACKING evaluated=807 execution_us=61325 reason=tracking_pose_accepted
x=3.24996 y=2.05 yaw=-0.0651936 score=0.970131 valid=1 mode=tracking state=TRACKING evaluated=807 execution_us=53899 reason=tracking_pose_accepted
x=3.24996 y=2.05 yaw=-0.0486745 score=0.972327 valid=1 mode=tracking state=TRACKING evaluated=807 execution_us=53018 reason=tracking_pose_accepted
x=3.24996 y=2.05 yaw=-0.0496086 score=0.974611 valid=1 mode=tracking state=TRACKING evaluated=807 execution_us=53292 reason=tracking_pose_accepted
x=3.24996 y=2.05 yaw=-0.0505428 score=0.972256 valid=1 mode=tracking state=TRACKING evaluated=807 execution_us=53620 reason=tracking_pose_accepted
x=3.24996 y=2.05 yaw=-0.051477 score=0.977656 valid=1 mode=tracking state=TRACKING evaluated=807 execution_us=53625 reason=tracking_pose_accepted
x=3.24996 y=2.05 yaw=-0.0524112 score=0.976541 valid=1 mode=tracking state=TRACKING evaluated=807 execution_us=61126 reason=tracking_pose_accepted
x=3.24996 y=2.05 yaw=-0.0533453 score=0.977107 valid=1 mode=tracking state=TRACKING evaluated=807 execution_us=57388 reason=tracking_pose_accepted
x=3.29996 y=2.05 yaw=-0.0542795 score=0.974595 valid=1 mode=tracking state=TRACKING evaluated=807 execution_us=59163 reason=tracking_pose_accepted
x=3.24996 y=2.05001 yaw=-0.0552137 score=0.977352 valid=1 mode=tracking state=TRACKING evaluated=807 execution_us=58735 reason=tracking_pose_accepted
x=3.24996 y=2.05001 yaw=-0.0561479 score=0.969679 valid=1 mode=tracking state=TRACKING evaluated=807 execution_us=58185 reason=tracking_pose_accepted
x=3.24996 y=2.05001 yaw=-0.0570821 score=0.981408 valid=1 mode=tracking state=TRACKING evaluated=807 execution_us=58170 reason=tracking_pose_accepted
x=3.24996 y=2.05001 yaw=-0.0580163 score=0.982565 valid=1 mode=tracking state=TRACKING evaluated=807 execution_us=55111 reason=tracking_pose_accepted
x=3.24996 y=2.00001 yaw=-0.0589505 score=0.975654 valid=1 mode=tracking state=TRACKING evaluated=807 execution_us=55288 reason=tracking_pose_accepted
x=3.24996 y=2.00001 yaw=-0.0424313 score=0.980088 valid=1 mode=tracking state=TRACKING evaluated=807 execution_us=56066 reason=tracking_pose_accepted
x=3.24996 y=2.05001 yaw=-0.0084589 score=0.973981 valid=1 mode=tracking state=TRACKING evaluated=807 execution_us=55770 reason=tracking_pose_accepted
x=3.19996 y=2.05001 yaw=0.0255135 score=0.968444 valid=1 mode=tracking state=TRACKING evaluated=807 execution_us=56392 reason=tracking_pose_accepted
x=3.09996 y=2.00001 yaw=0.0245794 score=0.975643 valid=1 mode=tracking state=TRACKING evaluated=807 execution_us=62803 reason=tracking_pose_accepted
x=3.04996 y=2.00001 yaw=0.0236452 score=0.977082 valid=1 mode=tracking state=TRACKING evaluated=807 execution_us=59127 reason=tracking_pose_accepted
x=2.94996 y=1.95001 yaw=0.00525778 score=0.964614 valid=1 mode=tracking state=TRACKING evaluated=807 execution_us=58814 reason=tracking_pose_accepted
x=2.84996 y=1.95001 yaw=-0.0480362 score=0.922572 valid=1 mode=tracking state=TRACKING evaluated=807 execution_us=58900 reason=tracking_pose_accepted
x=2.79996 y=1.95001 yaw=-0.223503 score=0.927835 valid=1 mode=tracking state=TRACKING evaluated=807 execution_us=57340 reason=tracking_pose_accepted
x=2.74996 y=1.95001 yaw=-0.311704 score=0.965686 valid=1 mode=tracking state=TRACKING evaluated=807 execution_us=58577 reason=tracking_pose_accepted
x=2.69996 y=2.00001 yaw=-0.330091 score=0.984456 valid=1 mode=tracking state=TRACKING evaluated=807 execution_us=55130 reason=tracking_pose_accepted
x=2.69996 y=2.00001 yaw=-0.261212 score=0.968504 valid=1 mode=tracking state=TRACKING evaluated=807 execution_us=56340 reason=tracking_pose_accepted
x=2.64996 y=2.00001 yaw=-0.157427 score=0.984911 valid=1 mode=tracking state=TRACKING evaluated=807 execution_us=56909 reason=tracking_pose_accepted
x=2.59996 y=2.00001 yaw=-0.0885479 score=0.974438 valid=1 mode=tracking state=TRACKING evaluated=807 execution_us=56584 reason=tracking_pose_accepted
x=2.59996 y=2.00001 yaw=-0.0371222 score=0.96575 valid=1 mode=tracking state=TRACKING evaluated=807 execution_us=57710 reason=tracking_pose_accepted
x=2.59996 y=2.05001 yaw=-0.0206031 score=0.970578 valid=1 mode=tracking state=TRACKING evaluated=807 execution_us=57917 reason=tracking_pose_accepted
x=2.54996 y=2.05001 yaw=0.0482759 score=0.968856 valid=1 mode=tracking state=TRACKING evaluated=807 execution_us=49663 reason=tracking_pose_accepted
x=2.54996 y=2.05001 yaw=0.134608 score=0.975887 valid=1 mode=tracking state=TRACKING evaluated=807 execution_us=51150 reason=tracking_pose_accepted
x=2.49995 y=2.05001 yaw=0.168581 score=0.981109 valid=1 mode=tracking state=TRACKING evaluated=807 execution_us=60719 reason=tracking_pose_accepted
x=2.44995 y=2.05001 yaw=0.150193 score=0.964407 valid=1 mode=tracking state=TRACKING evaluated=807 execution_us=59732 reason=tracking_pose_accepted
x=2.39995 y=2.05001 yaw=0.0794459 score=0.966806 valid=1 mode=tracking state=TRACKING evaluated=807 execution_us=60147 reason=tracking_pose_accepted
x=2.34995 y=2.05001 yaw=0.00869861 score=0.987406 valid=1 mode=tracking state=TRACKING evaluated=807 execution_us=59547 reason=tracking_pose_accepted
x=2.29995 y=2.05001 yaw=-0.00968883 score=0.979003 valid=1 mode=tracking state=TRACKING evaluated=807 execution_us=55884 reason=tracking_pose_accepted
x=2.29995 y=2.10001 yaw=0.00683032 score=0.986945 valid=1 mode=tracking state=TRACKING evaluated=807 execution_us=57493 reason=tracking_pose_accepted
x=2.24995 y=2.10001 yaw=0.0233495 score=0.995896 valid=1 mode=tracking state=TRACKING evaluated=789 execution_us=56806 reason=tracking_pose_accepted
x=2.19995 y=2.10001 yaw=0.0224153 score=0.985831 valid=1 mode=tracking state=TRACKING evaluated=789 execution_us=57034 reason=tracking_pose_accepted
x=2.19995 y=2.10001 yaw=0.0214812 score=0.991422 valid=1 mode=tracking state=TRACKING evaluated=789 execution_us=54676 reason=tracking_pose_accepted
x=2.14995 y=2.10001 yaw=-0.0318128 score=0.988515 valid=1 mode=tracking state=TRACKING evaluated=789 execution_us=60447 reason=tracking_pose_accepted
x=2.14995 y=2.10001 yaw=-0.0676536 score=0.994413 valid=1 mode=tracking state=TRACKING evaluated=789 execution_us=50709 reason=tracking_pose_accepted
x=2.14995 y=2.10001 yaw=-0.086041 score=0.987428 valid=1 mode=tracking state=TRACKING evaluated=789 execution_us=50815 reason=tracking_pose_accepted
x=2.14995 y=2.10001 yaw=-0.0520686 score=0.985063 valid=1 mode=tracking state=TRACKING evaluated=789 execution_us=51827 reason=tracking_pose_accepted
x=2.14995 y=2.15001 yaw=-0.0355494 score=0.975143 valid=1 mode=tracking state=TRACKING evaluated=789 execution_us=52541 reason=tracking_pose_accepted
x=2.14995 y=2.15001 yaw=-0.0190303 score=0.972673 valid=1 mode=tracking state=TRACKING evaluated=789 execution_us=52338 reason=tracking_pose_accepted
x=2.09995 y=2.10001 yaw=-0.0199644 score=0.982537 valid=1 mode=tracking state=TRACKING evaluated=789 execution_us=56209 reason=tracking_pose_accepted
x=2.09995 y=2.10001 yaw=-0.00344531 score=0.988605 valid=1 mode=tracking state=TRACKING evaluated=807 execution_us=57247 reason=tracking_pose_accepted
x=2.09995 y=2.10001 yaw=-0.0218327 score=0.992188 valid=1 mode=tracking state=TRACKING evaluated=807 execution_us=56873 reason=tracking_pose_accepted
x=2.09995 y=2.10001 yaw=-0.00531359 score=0.993549 valid=1 mode=tracking state=TRACKING evaluated=807 execution_us=56897 reason=tracking_pose_accepted
x=2.09995 y=2.10001 yaw=-0.0411543 score=0.991331 valid=1 mode=tracking state=TRACKING evaluated=807 execution_us=56665 reason=tracking_pose_accepted
x=2.09995 y=2.10001 yaw=-0.076995 score=0.988173 valid=1 mode=tracking state=TRACKING evaluated=807 execution_us=56993 reason=tracking_pose_accepted
x=2.09995 y=2.10001 yaw=-0.0953825 score=0.992375 valid=1 mode=tracking state=TRACKING evaluated=807 execution_us=54437 reason=tracking_pose_accepted
x=2.09995 y=2.10001 yaw=-0.0788634 score=0.992375 valid=1 mode=tracking state=TRACKING evaluated=807 execution_us=54232 reason=tracking_pose_accepted
x=2.09995 y=2.10001 yaw=-0.0623442 score=0.991929 valid=1 mode=tracking state=TRACKING evaluated=807 execution_us=55084 reason=tracking_pose_accepted
x=2.09995 y=2.10001 yaw=-0.0632784 score=0.979202 valid=1 mode=tracking state=TRACKING evaluated=807 execution_us=55489 reason=tracking_pose_accepted
x=2.09995 y=2.05001 yaw=-0.0467593 score=0.978231 valid=1 mode=tracking state=TRACKING evaluated=807 execution_us=55732 reason=tracking_pose_accepted
x=2.09995 y=2.05001 yaw=-0.0476934 score=0.982151 valid=1 mode=tracking state=TRACKING evaluated=831 execution_us=63888 reason=tracking_pose_accepted
x=2.09996 y=2.05001 yaw=-0.0660809 score=0.980443 valid=1 mode=tracking state=TRACKING evaluated=831 execution_us=60827 reason=tracking_pose_accepted
x=2.09996 y=2.05001 yaw=-0.0495618 score=0.98452 valid=1 mode=tracking state=TRACKING evaluated=831 execution_us=60444 reason=tracking_pose_accepted
x=2.09996 y=2.05001 yaw=-0.0679492 score=0.977098 valid=1 mode=tracking state=TRACKING evaluated=831 execution_us=60346 reason=tracking_pose_accepted
x=2.09996 y=2.05001 yaw=-0.0688834 score=0.973753 valid=1 mode=tracking state=TRACKING evaluated=831 execution_us=60764 reason=tracking_pose_accepted
x=2.09996 y=2.05001 yaw=-0.0523643 score=0.975606 valid=1 mode=tracking state=TRACKING evaluated=831 execution_us=60831 reason=tracking_pose_accepted
x=2.09996 y=2.05001 yaw=-0.0532984 score=0.975606 valid=1 mode=tracking state=TRACKING evaluated=831 execution_us=57602 reason=tracking_pose_accepted
x=2.09996 y=2.10001 yaw=-0.0542326 score=0.97413 valid=1 mode=tracking state=TRACKING evaluated=831 execution_us=55052 reason=tracking_pose_accepted
x=2.09996 y=2.05001 yaw=-0.0551668 score=0.974546 valid=1 mode=tracking state=TRACKING evaluated=807 execution_us=55175 reason=tracking_pose_accepted
x=2.09996 y=2.05001 yaw=-0.056101 score=0.976751 valid=1 mode=tracking state=TRACKING evaluated=831 execution_us=56962 reason=tracking_pose_accepted
x=2.09996 y=2.05001 yaw=-0.0570352 score=0.981996 valid=1 mode=tracking state=TRACKING evaluated=831 execution_us=57101 reason=tracking_pose_accepted
x=2.09996 y=2.05001 yaw=-0.0579693 score=0.97709 valid=1 mode=tracking state=TRACKING evaluated=831 execution_us=57776 reason=tracking_pose_accepted
x=2.09996 y=2.05001 yaw=-0.0589035 score=0.985177 valid=1 mode=tracking state=TRACKING evaluated=831 execution_us=60148 reason=tracking_pose_accepted
x=2.09996 y=2.05001 yaw=-0.0598377 score=0.987152 valid=1 mode=tracking state=TRACKING evaluated=831 execution_us=61157 reason=tracking_pose_accepted
x=2.09996 y=2.05001 yaw=-0.0607719 score=0.988017 valid=1 mode=tracking state=TRACKING evaluated=831 execution_us=61334 reason=tracking_pose_accepted
x=2.09996 y=2.05001 yaw=-0.0617061 score=0.988854 valid=1 mode=tracking state=TRACKING evaluated=831 execution_us=60756 reason=tracking_pose_accepted
x=2.09996 y=2.05001 yaw=-0.0626403 score=0.975568 valid=1 mode=tracking state=TRACKING evaluated=831 execution_us=60778 reason=tracking_pose_accepted
x=2.09996 y=2.05001 yaw=-0.0635744 score=0.972063 valid=1 mode=tracking state=TRACKING evaluated=831 execution_us=61404 reason=tracking_pose_accepted
x=2.09996 y=2.05001 yaw=-0.0645086 score=0.973668 valid=1 mode=tracking state=TRACKING evaluated=831 execution_us=57694 reason=tracking_pose_accepted
x=2.09996 y=2.05001 yaw=-0.0654428 score=0.977435 valid=1 mode=tracking state=TRACKING evaluated=831 execution_us=57250 reason=tracking_pose_accepted
x=2.09996 y=2.05001 yaw=-0.066377 score=0.983149 valid=1 mode=tracking state=TRACKING evaluated=831 execution_us=57448 reason=tracking_pose_accepted
x=2.09996 y=2.05001 yaw=-0.0673112 score=0.980083 valid=1 mode=tracking state=TRACKING evaluated=831 execution_us=58464 reason=tracking_pose_accepted
x=2.09996 y=2.05001 yaw=-0.0682454 score=0.980548 valid=1 mode=tracking state=TRACKING evaluated=831 execution_us=58888 reason=tracking_pose_accepted
x=2.09996 y=2.05001 yaw=-0.0691795 score=0.972209 valid=1 mode=tracking state=TRACKING evaluated=831 execution_us=58977 reason=tracking_pose_accepted
x=2.09996 y=2.05002 yaw=-0.0701137 score=0.978254 valid=1 mode=tracking state=TRACKING evaluated=831 execution_us=51546 reason=tracking_pose_accepted
x=2.09996 y=2.05002 yaw=-0.0535946 score=0.980812 valid=1 mode=tracking state=TRACKING evaluated=831 execution_us=52515 reason=tracking_pose_accepted
x=2.09996 y=2.05002 yaw=-0.0545288 score=0.981176 valid=1 mode=tracking state=TRACKING evaluated=831 execution_us=52048 reason=tracking_pose_accepted
x=2.09996 y=2.05002 yaw=-0.0729163 score=0.979668 valid=1 mode=tracking state=TRACKING evaluated=831 execution_us=53512 reason=tracking_pose_accepted
x=2.09996 y=2.05002 yaw=-0.0738504 score=0.976041 valid=1 mode=tracking state=TRACKING evaluated=831 execution_us=53886 reason=tracking_pose_accepted
x=2.09996 y=2.05002 yaw=-0.0747846 score=0.978254 valid=1 mode=tracking state=TRACKING evaluated=831 execution_us=52392 reason=tracking_pose_accepted
x=2.09996 y=2.05002 yaw=-0.0757188 score=0.973163 valid=1 mode=tracking state=TRACKING evaluated=831 execution_us=60368 reason=tracking_pose_accepted
x=2.09996 y=2.05002 yaw=-0.0591997 score=0.979137 valid=1 mode=tracking state=TRACKING evaluated=831 execution_us=59991 reason=tracking_pose_accepted
x=2.09996 y=2.05002 yaw=-0.0601338 score=0.976719 valid=1 mode=tracking state=TRACKING evaluated=831 execution_us=60397 reason=tracking_pose_accepted
x=2.09996 y=2.05002 yaw=-0.0785213 score=0.980081 valid=1 mode=tracking state=TRACKING evaluated=831 execution_us=61150 reason=tracking_pose_accepted
x=2.09996 y=2.05002 yaw=-0.0620022 score=0.97576 valid=1 mode=tracking state=TRACKING evaluated=831 execution_us=57868 reason=tracking_pose_accepted
x=2.09996 y=2.05002 yaw=-0.0629363 score=0.977666 valid=1 mode=tracking state=TRACKING evaluated=831 execution_us=53711 reason=tracking_pose_accepted
x=2.09996 y=2.05002 yaw=-0.0638705 score=0.975971 valid=1 mode=tracking state=TRACKING evaluated=831 execution_us=54811 reason=tracking_pose_accepted
x=2.09996 y=2.05002 yaw=-0.0648047 score=0.979668 valid=1 mode=tracking state=TRACKING evaluated=831 execution_us=56138 reason=tracking_pose_accepted
x=2.09996 y=2.05002 yaw=-0.0482856 score=0.979975 valid=1 mode=tracking state=TRACKING evaluated=831 execution_us=54826 reason=tracking_pose_accepted
x=2.09996 y=2.05002 yaw=-0.066673 score=0.98112 valid=1 mode=tracking state=TRACKING evaluated=831 execution_us=55015 reason=tracking_pose_accepted
x=2.09996 y=2.05002 yaw=-0.0676072 score=0.978156 valid=1 mode=tracking state=TRACKING evaluated=831 execution_us=55061 reason=tracking_pose_accepted
x=2.09996 y=2.05002 yaw=-0.0685414 score=0.974255 valid=1 mode=tracking state=TRACKING evaluated=831 execution_us=59239 reason=tracking_pose_accepted
x=2.09996 y=2.05002 yaw=-0.0694755 score=0.978824 valid=1 mode=tracking state=TRACKING evaluated=831 execution_us=58840 reason=tracking_pose_accepted
x=2.09997 y=2.05002 yaw=-0.0704097 score=0.98149 valid=1 mode=tracking state=TRACKING evaluated=831 execution_us=59315 reason=tracking_pose_accepted
x=2.09997 y=2.05002 yaw=-0.0713439 score=0.979137 valid=1 mode=tracking state=TRACKING evaluated=831 execution_us=59762 reason=tracking_pose_accepted
x=2.09997 y=2.05002 yaw=-0.0722781 score=0.975606 valid=1 mode=tracking state=TRACKING evaluated=831 execution_us=60165 reason=tracking_pose_accepted
x=2.09997 y=2.05002 yaw=-0.0732123 score=0.978058 valid=1 mode=tracking state=TRACKING evaluated=831 execution_us=59984 reason=tracking_pose_accepted
x=2.09997 y=2.05002 yaw=-0.0566932 score=0.979193 valid=1 mode=tracking state=TRACKING evaluated=831 execution_us=56569 reason=tracking_pose_accepted
x=2.09997 y=2.05002 yaw=-0.0750806 score=0.97688 valid=1 mode=tracking state=TRACKING evaluated=831 execution_us=58197 reason=tracking_pose_accepted
x=2.09997 y=2.05002 yaw=-0.0585615 score=0.979451 valid=1 mode=tracking state=TRACKING evaluated=831 execution_us=57087 reason=tracking_pose_accepted
x=2.09997 y=2.05002 yaw=-0.0769489 score=0.97977 valid=1 mode=tracking state=TRACKING evaluated=831 execution_us=57204 reason=tracking_pose_accepted
x=2.09997 y=2.05002 yaw=-0.0604298 score=0.98226 valid=1 mode=tracking state=TRACKING evaluated=831 execution_us=57352 reason=tracking_pose_accepted
x=2.09997 y=2.05002 yaw=-0.061364 score=0.976655 valid=1 mode=tracking state=TRACKING evaluated=831 execution_us=58892 reason=tracking_pose_accepted
x=2.09997 y=2.05002 yaw=-0.0622981 score=0.975322 valid=1 mode=tracking state=TRACKING evaluated=831 execution_us=61129 reason=tracking_pose_accepted
x=2.09997 y=2.05002 yaw=-0.045779 score=0.978623 valid=1 mode=tracking state=TRACKING evaluated=831 execution_us=61368 reason=tracking_pose_accepted
x=2.09997 y=2.05002 yaw=-0.0641665 score=0.980757 valid=1 mode=tracking state=TRACKING evaluated=831 execution_us=51298 reason=tracking_pose_accepted
x=2.09997 y=2.05002 yaw=-0.0651006 score=0.97728 valid=1 mode=tracking state=TRACKING evaluated=831 execution_us=51417 reason=tracking_pose_accepted
x=2.09997 y=2.05002 yaw=-0.0660348 score=0.980808 valid=1 mode=tracking state=TRACKING evaluated=831 execution_us=51403 reason=tracking_pose_accepted
x=2.09997 y=2.05002 yaw=-0.066969 score=0.977269 valid=1 mode=tracking state=TRACKING evaluated=831 execution_us=59011 reason=tracking_pose_accepted
x=2.09997 y=2.05002 yaw=-0.0679032 score=0.979506 valid=1 mode=tracking state=TRACKING evaluated=831 execution_us=58358 reason=tracking_pose_accepted
x=2.09997 y=2.05002 yaw=-0.0513841 score=0.978535 valid=1 mode=tracking state=TRACKING evaluated=831 execution_us=59600 reason=tracking_pose_accepted
x=2.09997 y=2.05002 yaw=-0.0523182 score=0.975788 valid=1 mode=tracking state=TRACKING evaluated=831 execution_us=58871 reason=tracking_pose_accepted
x=2.09997 y=2.05002 yaw=-0.0532524 score=0.980086 valid=1 mode=tracking state=TRACKING evaluated=831 execution_us=59901 reason=tracking_pose_accepted
x=2.09997 y=2.05002 yaw=-0.0716399 score=0.979303 valid=1 mode=tracking state=TRACKING evaluated=831 execution_us=59476 reason=tracking_pose_accepted
x=2.09997 y=2.05002 yaw=-0.072574 score=0.978624 valid=1 mode=tracking state=TRACKING evaluated=831 execution_us=65783 reason=tracking_pose_accepted
x=2.09997 y=2.05002 yaw=-0.0560549 score=0.975606 valid=1 mode=tracking state=TRACKING evaluated=831 execution_us=53320 reason=tracking_pose_accepted
x=2.09997 y=2.05003 yaw=-0.0744424 score=0.978196 valid=1 mode=tracking state=TRACKING evaluated=831 execution_us=52953 reason=tracking_pose_accepted
x=2.09997 y=2.05003 yaw=-0.0579232 score=0.979157 valid=1 mode=tracking state=TRACKING evaluated=831 execution_us=53765 reason=tracking_pose_accepted
x=2.09997 y=2.05003 yaw=-0.0588574 score=0.979193 valid=1 mode=tracking state=TRACKING evaluated=831 execution_us=53720 reason=tracking_pose_accepted
x=2.09997 y=2.05003 yaw=-0.0597916 score=0.973805 valid=1 mode=tracking state=TRACKING evaluated=831 execution_us=55532 reason=tracking_pose_accepted
x=2.09997 y=2.05003 yaw=-0.0607258 score=0.97678 valid=1 mode=tracking state=TRACKING evaluated=831 execution_us=60206 reason=tracking_pose_accepted
x=2.09997 y=2.05003 yaw=-0.0616599 score=0.978992 valid=1 mode=tracking state=TRACKING evaluated=831 execution_us=61078 reason=tracking_pose_accepted
x=2.09997 y=2.05003 yaw=-0.0625941 score=0.9749 valid=1 mode=tracking state=TRACKING evaluated=831 execution_us=58330 reason=tracking_pose_accepted
x=2.09997 y=2.05003 yaw=-0.0635283 score=0.975077 valid=1 mode=tracking state=TRACKING evaluated=831 execution_us=57786 reason=tracking_pose_accepted
x=2.09997 y=2.05003 yaw=-0.0644625 score=0.978328 valid=1 mode=tracking state=TRACKING evaluated=831 execution_us=58039 reason=tracking_pose_accepted
x=2.09997 y=2.05003 yaw=-0.0653967 score=0.977941 valid=1 mode=tracking state=TRACKING evaluated=831 execution_us=54962 reason=tracking_pose_accepted
x=2.09997 y=2.05003 yaw=-0.0488776 score=0.978805 valid=1 mode=tracking state=TRACKING evaluated=831 execution_us=55320 reason=tracking_pose_accepted
x=2.09997 y=2.05003 yaw=-0.067265 score=0.977961 valid=1 mode=tracking state=TRACKING evaluated=831 execution_us=54480 reason=tracking_pose_accepted
x=2.09997 y=2.05003 yaw=-0.0681992 score=0.979819 valid=1 mode=tracking state=TRACKING evaluated=831 execution_us=54397 reason=tracking_pose_accepted
x=2.09997 y=2.05003 yaw=-0.0691334 score=0.97988 valid=1 mode=tracking state=TRACKING evaluated=831 execution_us=55770 reason=tracking_pose_accepted
x=2.09997 y=2.05003 yaw=-0.0526142 score=0.980601 valid=1 mode=tracking state=TRACKING evaluated=831 execution_us=54450 reason=tracking_pose_accepted
x=2.09997 y=2.05003 yaw=-0.0710017 score=0.97721 valid=1 mode=tracking state=TRACKING evaluated=831 execution_us=58904 reason=tracking_pose_accepted
mission_command=STOP
x=2.09997 y=2.05003 yaw=-0.0719358 score=0.97622 valid=1 mode=tracking state=TRACKING evaluated=831 execution_us=58781 reason=tracking_pose_accepted
[YDLIDAR] Now lidar scanning has stopped!
lidar_state=STOPPED
signal_handler(15)
