mission_command=START
[YDLIDAR] SDK initializing
[YDLIDAR] SDK has been initialized
[YDLIDAR] SDK Version: 1.2.7
[YDLIDAR] Lidar successfully connected [/dev/ttyS3:230400]
[YDLIDAR] Lidar running correctly! The health status: good
Current Lidar Model Code 151
[YDLIDAR] Baseplate device info
Firmware version: 1.2
Hardware version: 1
Model: Tmini Plus
Serial: 2025042300090381
[YDLIDAR] Current scan frequency: 10.00Hz
[YDLIDAR] Current scan frequency: 10.00Hz
[YDLIDAR] Lidar init success, Elapsed time 943 ms
[YDLIDAR] Create thread 0xA69684C0
[YDLIDAR] Successed to start scan mode, Elapsed time 2097 ms
[YDLIDAR] Scan Frequency: 10.00Hz
[YDLIDAR] Fixed Size: 400
[YDLIDAR] Sample Rate: 4.00K
[YDLIDAR] Successed to check the lidar, Elapsed time 0 ms
[2026-07-25 06:53:19][info] [YDLIDAR] Now lidar is scanning...
lidar_state=RUNNING
x=2.1 y=2.05 yaw=-0.021817 score=0.980942 valid=1 mode=global state=RECOVERED evaluated=15444 execution_us=893081 reason=initial_global_pose_accepted
x=2.1 y=2.05 yaw=-0.0402044 score=0.974768 valid=1 mode=tracking state=RECOVERED evaluated=831 execution_us=50074 reason=recovery_confirmation_pending
x=2.1 y=2.05 yaw=-0.0236853 score=0.9775 valid=1 mode=tracking state=RECOVERED evaluated=831 execution_us=49348 reason=recovery_confirmation_pending
x=2.1 y=2.05 yaw=-0.0246195 score=0.975249 valid=1 mode=tracking state=TRACKING evaluated=831 execution_us=58896 reason=recovery_confirmed
x=2.1 y=2.05 yaw=-0.0430069 score=0.977635 valid=1 mode=tracking state=TRACKING evaluated=831 execution_us=55492 reason=tracking_pose_accepted
x=2.1 y=2.05 yaw=-0.043941 score=0.975208 valid=1 mode=tracking state=TRACKING evaluated=831 execution_us=55421 reason=tracking_pose_accepted
x=2.1 y=2.05 yaw=-0.0274219 score=0.98117 valid=1 mode=tracking state=TRACKING evaluated=831 execution_us=54779 reason=tracking_pose_accepted
x=2.1 y=2.05 yaw=-0.0283561 score=0.981841 valid=1 mode=tracking state=TRACKING evaluated=831 execution_us=56007 reason=tracking_pose_accepted
x=2.1 y=2.05 yaw=-0.0118369 score=0.972746 valid=1 mode=tracking state=TRACKING evaluated=831 execution_us=55201 reason=tracking_pose_accepted
x=2.1 y=2.05 yaw=-0.0302244 score=0.981579 valid=1 mode=tracking state=TRACKING evaluated=831 execution_us=59391 reason=tracking_pose_accepted
x=2.1 y=2.05 yaw=-0.0311585 score=0.978805 valid=1 mode=tracking state=TRACKING evaluated=831 execution_us=60503 reason=tracking_pose_accepted
x=2.1 y=2.05 yaw=-0.0320927 score=0.975802 valid=1 mode=tracking state=TRACKING evaluated=831 execution_us=59866 reason=tracking_pose_accepted
x=2.1 y=2.05 yaw=-0.0330268 score=0.979058 valid=1 mode=tracking state=TRACKING evaluated=831 execution_us=60229 reason=tracking_pose_accepted
x=2.1 y=2.05 yaw=-0.0165077 score=0.97474 valid=1 mode=tracking state=TRACKING evaluated=831 execution_us=60876 reason=tracking_pose_accepted
x=2.1 y=2.05 yaw=-0.0348952 score=0.976253 valid=1 mode=tracking state=TRACKING evaluated=831 execution_us=60366 reason=tracking_pose_accepted
x=2.1 y=2.05 yaw=-0.0358293 score=0.978385 valid=1 mode=tracking state=TRACKING evaluated=831 execution_us=57657 reason=tracking_pose_accepted
x=2.1 y=2.05 yaw=-0.0367635 score=0.984641 valid=1 mode=tracking state=TRACKING evaluated=831 execution_us=57462 reason=tracking_pose_accepted
x=2.1 y=2.05 yaw=-0.0376976 score=0.976687 valid=1 mode=tracking state=TRACKING evaluated=831 execution_us=57138 reason=tracking_pose_accepted
x=2.1 y=2.05 yaw=-0.0211785 score=0.978834 valid=1 mode=tracking state=TRACKING evaluated=831 execution_us=57941 reason=tracking_pose_accepted
x=2.1 y=2.05 yaw=-0.0395659 score=0.974351 valid=1 mode=tracking state=TRACKING evaluated=831 execution_us=57599 reason=tracking_pose_accepted
x=2.1 y=2.05 yaw=-0.0230468 score=0.9775 valid=1 mode=tracking state=TRACKING evaluated=831 execution_us=57385 reason=tracking_pose_accepted
x=2.1 y=2.05001 yaw=-0.0239809 score=0.974499 valid=1 mode=tracking state=TRACKING evaluated=831 execution_us=62146 reason=tracking_pose_accepted
x=2.1 y=2.05001 yaw=-0.0249151 score=0.979709 valid=1 mode=tracking state=TRACKING evaluated=831 execution_us=61415 reason=tracking_pose_accepted
x=2.1 y=2.05001 yaw=-0.0258492 score=0.975119 valid=1 mode=tracking state=TRACKING evaluated=831 execution_us=51663 reason=tracking_pose_accepted
x=2.1 y=2.05001 yaw=-0.0267834 score=0.981162 valid=1 mode=tracking state=TRACKING evaluated=831 execution_us=52413 reason=tracking_pose_accepted
x=2.1 y=2.05001 yaw=-0.0277176 score=0.978468 valid=1 mode=tracking state=TRACKING evaluated=831 execution_us=52747 reason=tracking_pose_accepted
x=2.1 y=2.05001 yaw=-0.0286517 score=0.98112 valid=1 mode=tracking state=TRACKING evaluated=831 execution_us=53895 reason=tracking_pose_accepted
x=2.1 y=2.05001 yaw=-0.0295859 score=0.979153 valid=1 mode=tracking state=TRACKING evaluated=831 execution_us=58779 reason=tracking_pose_accepted
x=2.1 y=2.05001 yaw=-0.03052 score=0.982245 valid=1 mode=tracking state=TRACKING evaluated=831 execution_us=58093 reason=tracking_pose_accepted
x=2.1 y=2.05001 yaw=-0.0314542 score=0.98117 valid=1 mode=tracking state=TRACKING evaluated=831 execution_us=58300 reason=tracking_pose_accepted
x=2.1 y=2.05001 yaw=-0.0323883 score=0.981936 valid=1 mode=tracking state=TRACKING evaluated=831 execution_us=57928 reason=tracking_pose_accepted
x=2.1 y=2.05001 yaw=-0.0333225 score=0.985449 valid=1 mode=tracking state=TRACKING evaluated=831 execution_us=58593 reason=tracking_pose_accepted
x=2.1 y=2.05001 yaw=-0.0342566 score=0.979458 valid=1 mode=tracking state=TRACKING evaluated=831 execution_us=58281 reason=tracking_pose_accepted
x=2.1 y=2.05001 yaw=-0.0177375 score=0.976779 valid=1 mode=tracking state=TRACKING evaluated=831 execution_us=55730 reason=tracking_pose_accepted
x=2.1 y=2.05001 yaw=-0.036125 score=0.97962 valid=1 mode=tracking state=TRACKING evaluated=831 execution_us=55983 reason=tracking_pose_accepted
x=2.1 y=2.05001 yaw=-0.0370591 score=0.979257 valid=1 mode=tracking state=TRACKING evaluated=831 execution_us=55231 reason=tracking_pose_accepted
x=2.1 y=2.05001 yaw=-0.0379933 score=0.976502 valid=1 mode=tracking state=TRACKING evaluated=831 execution_us=55244 reason=tracking_pose_accepted
x=2.1 y=2.05001 yaw=-0.0389274 score=0.979674 valid=1 mode=tracking state=TRACKING evaluated=831 execution_us=56698 reason=tracking_pose_accepted
x=2.1 y=2.05001 yaw=-0.0398616 score=0.977672 valid=1 mode=tracking state=TRACKING evaluated=831 execution_us=55831 reason=tracking_pose_accepted
x=2.1 y=2.05001 yaw=-0.0407957 score=0.975257 valid=1 mode=tracking state=TRACKING evaluated=831 execution_us=59294 reason=tracking_pose_accepted
x=2.1 y=2.05001 yaw=-0.0242766 score=0.983546 valid=1 mode=tracking state=TRACKING evaluated=831 execution_us=60212 reason=tracking_pose_accepted
x=2.1 y=2.05001 yaw=-0.042664 score=0.978271 valid=1 mode=tracking state=TRACKING evaluated=831 execution_us=60297 reason=tracking_pose_accepted
x=2.1 y=2.05001 yaw=-0.0261449 score=0.981889 valid=1 mode=tracking state=TRACKING evaluated=831 execution_us=61575 reason=tracking_pose_accepted
x=2.1 y=2.05001 yaw=-0.027079 score=0.977961 valid=1 mode=tracking state=TRACKING evaluated=831 execution_us=61048 reason=tracking_pose_accepted
x=2.1 y=2.05001 yaw=-0.0280132 score=0.977063 valid=1 mode=tracking state=TRACKING evaluated=831 execution_us=61104 reason=tracking_pose_accepted
x=2.1 y=2.05001 yaw=-0.0289474 score=0.978139 valid=1 mode=tracking state=TRACKING evaluated=831 execution_us=58460 reason=tracking_pose_accepted
x=2.1 y=2.05001 yaw=-0.0298815 score=0.973486 valid=1 mode=tracking state=TRACKING evaluated=831 execution_us=58426 reason=tracking_pose_accepted
x=2.1 y=2.05001 yaw=-0.0308157 score=0.973863 valid=1 mode=tracking state=TRACKING evaluated=831 execution_us=58763 reason=tracking_pose_accepted
x=2.1 y=2.05001 yaw=-0.0317498 score=0.976316 valid=1 mode=tracking state=TRACKING evaluated=831 execution_us=58672 reason=tracking_pose_accepted
x=2.1 y=2.05001 yaw=-0.032684 score=0.979092 valid=1 mode=tracking state=TRACKING evaluated=831 execution_us=58114 reason=tracking_pose_accepted
x=2.1 y=2.05001 yaw=-0.0336181 score=0.979202 valid=1 mode=tracking state=TRACKING evaluated=831 execution_us=58764 reason=tracking_pose_accepted
x=2.1 y=2.05001 yaw=-0.0345523 score=0.983437 valid=1 mode=tracking state=TRACKING evaluated=831 execution_us=65762 reason=tracking_pose_accepted
x=2.1 y=2.05001 yaw=-0.0354864 score=0.977185 valid=1 mode=tracking state=TRACKING evaluated=831 execution_us=52679 reason=tracking_pose_accepted
x=2.1 y=2.05001 yaw=-0.0364206 score=0.977922 valid=1 mode=tracking state=TRACKING evaluated=831 execution_us=54310 reason=tracking_pose_accepted
x=2.1 y=2.05001 yaw=-0.0373547 score=0.982508 valid=1 mode=tracking state=TRACKING evaluated=831 execution_us=52718 reason=tracking_pose_accepted
x=2.1 y=2.05001 yaw=-0.0382889 score=0.979982 valid=1 mode=tracking state=TRACKING evaluated=831 execution_us=53027 reason=tracking_pose_accepted
x=2.1 y=2.05001 yaw=-0.0217698 score=0.980072 valid=1 mode=tracking state=TRACKING evaluated=831 execution_us=53630 reason=tracking_pose_accepted
x=2.1 y=2.05001 yaw=-0.0401572 score=0.97875 valid=1 mode=tracking state=TRACKING evaluated=831 execution_us=110823 reason=tracking_pose_accepted
x=2.1 y=2.05001 yaw=-0.023638 score=0.98064 valid=1 mode=tracking state=TRACKING evaluated=831 execution_us=103162 reason=tracking_pose_accepted
x=2.1 y=2.05001 yaw=-0.0245722 score=0.977692 valid=1 mode=tracking state=TRACKING evaluated=831 execution_us=93877 reason=tracking_pose_accepted
x=2.1 y=2.05001 yaw=-0.0255063 score=0.977885 valid=1 mode=tracking state=TRACKING evaluated=831 execution_us=79226 reason=tracking_pose_accepted
x=2.1 y=2.05001 yaw=-0.0264405 score=0.975428 valid=1 mode=tracking state=TRACKING evaluated=831 execution_us=54328 reason=tracking_pose_accepted
x=2.1 y=2.05001 yaw=-0.0448279 score=0.977399 valid=1 mode=tracking state=TRACKING evaluated=831 execution_us=56970 reason=tracking_pose_accepted
x=2.1 y=2.05002 yaw=-0.0283088 score=0.978002 valid=1 mode=tracking state=TRACKING evaluated=831 execution_us=57136 reason=tracking_pose_accepted
x=2.1 y=2.05002 yaw=-0.0292429 score=0.980538 valid=1 mode=tracking state=TRACKING evaluated=831 execution_us=57642 reason=tracking_pose_accepted
x=2.1 y=2.05002 yaw=-0.0301771 score=0.981432 valid=1 mode=tracking state=TRACKING evaluated=831 execution_us=57755 reason=tracking_pose_accepted
x=2.1 y=2.05002 yaw=-0.0311112 score=0.978877 valid=1 mode=tracking state=TRACKING evaluated=831 execution_us=58531 reason=tracking_pose_accepted
x=2.1 y=2.05002 yaw=-0.0320454 score=0.979567 valid=1 mode=tracking state=TRACKING evaluated=831 execution_us=59744 reason=tracking_pose_accepted
x=2.1 y=2.05002 yaw=-0.0329795 score=0.978723 valid=1 mode=tracking state=TRACKING evaluated=831 execution_us=66134 reason=tracking_pose_accepted
x=2.1 y=2.05002 yaw=-0.0339137 score=0.976316 valid=1 mode=tracking state=TRACKING evaluated=831 execution_us=48589 reason=tracking_pose_accepted
x=2.1 y=2.05002 yaw=-0.0348479 score=0.982457 valid=1 mode=tracking state=TRACKING evaluated=831 execution_us=53703 reason=tracking_pose_accepted
x=2.1 y=2.05002 yaw=-0.035782 score=0.978213 valid=1 mode=tracking state=TRACKING evaluated=831 execution_us=55553 reason=tracking_pose_accepted
x=2.1 y=2.05002 yaw=-0.0367162 score=0.976253 valid=1 mode=tracking state=TRACKING evaluated=831 execution_us=56585 reason=tracking_pose_accepted
x=2.1 y=2.05002 yaw=-0.0376503 score=0.975632 valid=1 mode=tracking state=TRACKING evaluated=831 execution_us=57030 reason=tracking_pose_accepted
x=2.1 y=2.05002 yaw=-0.0211312 score=0.976076 valid=1 mode=tracking state=TRACKING evaluated=831 execution_us=60076 reason=tracking_pose_accepted
x=2.1 y=2.05002 yaw=-0.0220653 score=0.982878 valid=1 mode=tracking state=TRACKING evaluated=831 execution_us=61508 reason=tracking_pose_accepted
x=2.1 y=2.05002 yaw=-0.0404528 score=0.978694 valid=1 mode=tracking state=TRACKING evaluated=831 execution_us=61329 reason=tracking_pose_accepted
x=2.1 y=2.05002 yaw=-0.0413869 score=0.97644 valid=1 mode=tracking state=TRACKING evaluated=831 execution_us=61969 reason=tracking_pose_accepted
x=2.1 y=2.05002 yaw=-0.0248678 score=0.980278 valid=1 mode=tracking state=TRACKING evaluated=831 execution_us=51162 reason=tracking_pose_accepted
x=2.1 y=2.05002 yaw=-0.0258019 score=0.981001 valid=1 mode=tracking state=TRACKING evaluated=831 execution_us=91421 reason=tracking_pose_accepted
x=2.1 y=2.05002 yaw=-0.0441894 score=0.97709 valid=1 mode=tracking state=TRACKING evaluated=831 execution_us=47618 reason=tracking_pose_accepted
x=2.1 y=2.05002 yaw=-0.0276702 score=0.98112 valid=1 mode=tracking state=TRACKING evaluated=831 execution_us=58623 reason=tracking_pose_accepted
x=2.1 y=2.05002 yaw=-0.0286044 score=0.981269 valid=1 mode=tracking state=TRACKING evaluated=831 execution_us=59131 reason=tracking_pose_accepted
x=2.1 y=2.05002 yaw=-0.0295385 score=0.978175 valid=1 mode=tracking state=TRACKING evaluated=831 execution_us=61158 reason=tracking_pose_accepted
x=2.1 y=2.05002 yaw=-0.0304727 score=0.978989 valid=1 mode=tracking state=TRACKING evaluated=831 execution_us=59922 reason=tracking_pose_accepted
x=2.1 y=2.05002 yaw=-0.0314068 score=0.979153 valid=1 mode=tracking state=TRACKING evaluated=831 execution_us=60419 reason=tracking_pose_accepted
x=2.1 y=2.05002 yaw=-0.032341 score=0.982198 valid=1 mode=tracking state=TRACKING evaluated=831 execution_us=54545 reason=tracking_pose_accepted
x=2.1 y=2.05002 yaw=-0.0332752 score=0.978723 valid=1 mode=tracking state=TRACKING evaluated=831 execution_us=53437 reason=tracking_pose_accepted
x=2.1 y=2.05002 yaw=-0.0342093 score=0.979864 valid=1 mode=tracking state=TRACKING evaluated=831 execution_us=53804 reason=tracking_pose_accepted
x=2.1 y=2.05002 yaw=-0.0351435 score=0.982245 valid=1 mode=tracking state=TRACKING evaluated=831 execution_us=54857 reason=tracking_pose_accepted
x=2.1 y=2.05002 yaw=-0.0360776 score=0.978328 valid=1 mode=tracking state=TRACKING evaluated=831 execution_us=95366 reason=tracking_pose_accepted
x=2.1 y=2.05002 yaw=-0.0195585 score=0.978329 valid=1 mode=tracking state=TRACKING evaluated=831 execution_us=97834 reason=tracking_pose_accepted
x=2.1 y=2.05002 yaw=-0.0204926 score=0.975598 valid=1 mode=tracking state=TRACKING evaluated=831 execution_us=49275 reason=tracking_pose_accepted
x=2.1 y=2.05002 yaw=-0.0388801 score=0.980859 valid=1 mode=tracking state=TRACKING evaluated=831 execution_us=59166 reason=tracking_pose_accepted
x=2.1 y=2.05002 yaw=-0.0223609 score=0.982924 valid=1 mode=tracking state=TRACKING evaluated=831 execution_us=59864 reason=tracking_pose_accepted
x=2.1 y=2.05002 yaw=-0.0407484 score=0.978442 valid=1 mode=tracking state=TRACKING evaluated=831 execution_us=60140 reason=tracking_pose_accepted
x=2.1 y=2.05002 yaw=-0.0416826 score=0.974658 valid=1 mode=tracking state=TRACKING evaluated=831 execution_us=56963 reason=tracking_pose_accepted
x=2.1 y=2.05002 yaw=-0.0251634 score=0.980496 valid=1 mode=tracking state=TRACKING evaluated=831 execution_us=58312 reason=tracking_pose_accepted
x=2.1 y=2.05002 yaw=-0.0260976 score=0.981212 valid=1 mode=tracking state=TRACKING evaluated=831 execution_us=57005 reason=tracking_pose_accepted
x=2.1 y=2.05002 yaw=-0.0270317 score=0.974809 valid=1 mode=tracking state=TRACKING evaluated=831 execution_us=57392 reason=tracking_pose_accepted
x=2.1 y=2.05002 yaw=-0.0279659 score=0.975249 valid=1 mode=tracking state=TRACKING evaluated=831 execution_us=58115 reason=tracking_pose_accepted
x=2.1 y=2.05002 yaw=-0.0289001 score=0.981579 valid=1 mode=tracking state=TRACKING evaluated=831 execution_us=58436 reason=tracking_pose_accepted
x=2.1 y=2.05002 yaw=-0.0298342 score=0.976996 valid=1 mode=tracking state=TRACKING evaluated=831 execution_us=61849 reason=tracking_pose_accepted
x=2.1 y=2.05002 yaw=-0.0307684 score=0.979153 valid=1 mode=tracking state=TRACKING evaluated=831 execution_us=52228 reason=tracking_pose_accepted
x=2.1 y=2.05002 yaw=-0.0317025 score=0.976253 valid=1 mode=tracking state=TRACKING evaluated=831 execution_us=52003 reason=tracking_pose_accepted
x=2.1 y=2.05003 yaw=-0.0326367 score=0.980701 valid=1 mode=tracking state=TRACKING evaluated=831 execution_us=53120 reason=tracking_pose_accepted
x=2.1 y=2.05003 yaw=-0.0335708 score=0.97875 valid=1 mode=tracking state=TRACKING evaluated=831 execution_us=53008 reason=tracking_pose_accepted
x=2.1 y=2.05003 yaw=-0.034505 score=0.976625 valid=1 mode=tracking state=TRACKING evaluated=831 execution_us=53576 reason=tracking_pose_accepted
x=2.1 y=2.05003 yaw=-0.0354391 score=0.978892 valid=1 mode=tracking state=TRACKING evaluated=831 execution_us=60717 reason=tracking_pose_accepted
x=2.1 y=2.05003 yaw=-0.0363733 score=0.978694 valid=1 mode=tracking state=TRACKING evaluated=831 execution_us=60251 reason=tracking_pose_accepted
x=2.1 y=2.05003 yaw=-0.0198541 score=0.976076 valid=1 mode=tracking state=TRACKING evaluated=831 execution_us=60865 reason=tracking_pose_accepted
x=2.1 y=2.05003 yaw=-0.0207883 score=0.980742 valid=1 mode=tracking state=TRACKING evaluated=831 execution_us=61148 reason=tracking_pose_accepted
x=2.1 y=2.05003 yaw=-0.0217225 score=0.984262 valid=1 mode=tracking state=TRACKING evaluated=831 execution_us=58156 reason=tracking_pose_accepted
x=2.1 y=2.05003 yaw=-0.0226566 score=0.975519 valid=1 mode=tracking state=TRACKING evaluated=831 execution_us=55605 reason=tracking_pose_accepted
x=2.1 y=2.05003 yaw=-0.0235908 score=0.982927 valid=1 mode=tracking state=TRACKING evaluated=831 execution_us=55074 reason=tracking_pose_accepted
x=2.1 y=2.05003 yaw=-0.0245249 score=0.979344 valid=1 mode=tracking state=TRACKING evaluated=831 execution_us=55640 reason=tracking_pose_accepted
x=2.1 y=2.05003 yaw=-0.0254591 score=0.980131 valid=1 mode=tracking state=TRACKING evaluated=831 execution_us=55760 reason=tracking_pose_accepted
x=2.1 y=2.05003 yaw=-0.0263932 score=0.975119 valid=1 mode=tracking state=TRACKING evaluated=831 execution_us=56705 reason=tracking_pose_accepted
x=2.1 y=2.05003 yaw=-0.0273274 score=0.978791 valid=1 mode=tracking state=TRACKING evaluated=831 execution_us=56433 reason=tracking_pose_accepted
x=2.1 y=2.05003 yaw=-0.0282615 score=0.981481 valid=1 mode=tracking state=TRACKING evaluated=831 execution_us=59833 reason=tracking_pose_accepted
x=2.1 y=2.05003 yaw=-0.0291957 score=0.975119 valid=1 mode=tracking state=TRACKING evaluated=831 execution_us=60275 reason=tracking_pose_accepted
x=2.1 y=2.05003 yaw=-0.0301298 score=0.981889 valid=1 mode=tracking state=TRACKING evaluated=831 execution_us=60973 reason=tracking_pose_accepted
x=2.1 y=2.05003 yaw=-0.031064 score=0.978426 valid=1 mode=tracking state=TRACKING evaluated=831 execution_us=60448 reason=tracking_pose_accepted
x=2.1 y=2.05003 yaw=-0.0319982 score=0.982151 valid=1 mode=tracking state=TRACKING evaluated=831 execution_us=60515 reason=tracking_pose_accepted
x=2.1 y=2.05003 yaw=-0.0329323 score=0.978539 valid=1 mode=tracking state=TRACKING evaluated=831 execution_us=61833 reason=tracking_pose_accepted
x=2.1 y=2.05003 yaw=-0.0338665 score=0.977364 valid=1 mode=tracking state=TRACKING evaluated=831 execution_us=57825 reason=tracking_pose_accepted
x=2.1 y=2.05003 yaw=-0.0348006 score=0.98203 valid=1 mode=tracking state=TRACKING evaluated=831 execution_us=55623 reason=tracking_pose_accepted
x=2.1 y=2.05003 yaw=-0.0182815 score=0.976615 valid=1 mode=tracking state=TRACKING evaluated=831 execution_us=58100 reason=tracking_pose_accepted
x=2.1 y=2.05003 yaw=-0.0366689 score=0.979929 valid=1 mode=tracking state=TRACKING evaluated=831 execution_us=58242 reason=tracking_pose_accepted
x=2.1 y=2.05003 yaw=-0.0376031 score=0.974236 valid=1 mode=tracking state=TRACKING evaluated=831 execution_us=58704 reason=tracking_pose_accepted
x=2.1 y=2.05003 yaw=-0.0385372 score=0.98029 valid=1 mode=tracking state=TRACKING evaluated=831 execution_us=58260 reason=tracking_pose_accepted
x=2.1 y=2.05003 yaw=-0.0220181 score=0.977191 valid=1 mode=tracking state=TRACKING evaluated=831 execution_us=51872 reason=tracking_pose_accepted
x=2.1 y=2.05003 yaw=-0.0229523 score=0.976139 valid=1 mode=tracking state=TRACKING evaluated=831 execution_us=52317 reason=tracking_pose_accepted
x=2.1 y=2.05003 yaw=-0.0238864 score=0.978933 valid=1 mode=tracking state=TRACKING evaluated=831 execution_us=51908 reason=tracking_pose_accepted
x=2.1 y=2.05003 yaw=-0.0248206 score=0.979419 valid=1 mode=tracking state=TRACKING evaluated=831 execution_us=52867 reason=tracking_pose_accepted
x=2.1 y=2.05003 yaw=-0.043208 score=0.975012 valid=1 mode=tracking state=TRACKING evaluated=831 execution_us=53327 reason=tracking_pose_accepted
x=2.1 y=2.05003 yaw=-0.0441421 score=0.974701 valid=1 mode=tracking state=TRACKING evaluated=831 execution_us=53316 reason=tracking_pose_accepted
x=2.1 y=2.05003 yaw=-0.0450763 score=0.977245 valid=1 mode=tracking state=TRACKING evaluated=831 execution_us=61020 reason=tracking_pose_accepted
x=2.1 y=2.05003 yaw=-0.0285572 score=0.983168 valid=1 mode=tracking state=TRACKING evaluated=831 execution_us=60531 reason=tracking_pose_accepted
x=2.1 y=2.05003 yaw=-0.0294914 score=0.978679 valid=1 mode=tracking state=TRACKING evaluated=831 execution_us=60763 reason=tracking_pose_accepted
x=2.15 y=2.05003 yaw=-0.0304255 score=0.97259 valid=1 mode=tracking state=TRACKING evaluated=831 execution_us=62491 reason=tracking_pose_accepted
x=2.15 y=2.05003 yaw=-0.0139064 score=0.978191 valid=1 mode=tracking state=TRACKING evaluated=807 execution_us=57155 reason=tracking_pose_accepted
x=2.2 y=2.05003 yaw=-0.0148405 score=0.979772 valid=1 mode=tracking state=TRACKING evaluated=807 execution_us=54479 reason=tracking_pose_accepted
x=2.25 y=2.05003 yaw=0.0016786 score=0.94565 valid=1 mode=tracking state=TRACKING evaluated=807 execution_us=54641 reason=tracking_pose_accepted
x=2.35 y=2.00003 yaw=0.0181978 score=0.974587 valid=1 mode=tracking state=TRACKING evaluated=807 execution_us=54722 reason=tracking_pose_accepted
x=2.4 y=1.95003 yaw=0.0521702 score=0.973981 valid=1 mode=tracking state=TRACKING evaluated=807 execution_us=55974 reason=tracking_pose_accepted
x=2.45 y=1.95003 yaw=0.0861427 score=0.976764 valid=1 mode=tracking state=TRACKING evaluated=807 execution_us=55914 reason=tracking_pose_accepted
x=2.5 y=1.90003 yaw=0.137568 score=0.974591 valid=1 mode=tracking state=TRACKING evaluated=807 execution_us=56548 reason=tracking_pose_accepted
x=2.6 y=1.90003 yaw=0.188994 score=0.958955 valid=1 mode=tracking state=TRACKING evaluated=789 execution_us=60125 reason=tracking_pose_accepted
x=2.65 y=1.90003 yaw=0.24042 score=0.974555 valid=1 mode=tracking state=TRACKING evaluated=789 execution_us=59844 reason=tracking_pose_accepted
x=2.7 y=1.90003 yaw=0.274392 score=0.94813 valid=1 mode=tracking state=TRACKING evaluated=789 execution_us=59940 reason=tracking_pose_accepted
x=2.8 y=1.90003 yaw=0.308365 score=0.978704 valid=1 mode=tracking state=TRACKING evaluated=789 execution_us=60551 reason=tracking_pose_accepted
x=2.9 y=1.90003 yaw=0.324884 score=0.965577 valid=1 mode=tracking state=TRACKING evaluated=789 execution_us=59902 reason=tracking_pose_accepted
x=2.95 y=1.90003 yaw=0.289043 score=0.959769 valid=1 mode=tracking state=TRACKING evaluated=789 execution_us=60246 reason=tracking_pose_accepted
x=3 y=1.95003 yaw=0.253202 score=0.95942 valid=1 mode=tracking state=TRACKING evaluated=789 execution_us=56367 reason=tracking_pose_accepted
x=3.1 y=1.95003 yaw=0.165002 score=0.963731 valid=1 mode=tracking state=TRACKING evaluated=807 execution_us=56659 reason=tracking_pose_accepted
x=3.15 y=2.00003 yaw=0.111708 score=0.975214 valid=1 mode=tracking state=TRACKING evaluated=807 execution_us=57971 reason=tracking_pose_accepted
x=3.15 y=2.00003 yaw=0.0584138 score=0.964268 valid=1 mode=tracking state=TRACKING evaluated=807 execution_us=57938 reason=tracking_pose_accepted
x=3.2 y=2.00004 yaw=0.00511981 score=0.971993 valid=1 mode=tracking state=TRACKING evaluated=807 execution_us=57988 reason=tracking_pose_accepted
x=3.2 y=2.00004 yaw=-0.0307209 score=0.973057 valid=1 mode=tracking state=TRACKING evaluated=807 execution_us=59450 reason=tracking_pose_accepted
x=3.2 y=2.00004 yaw=-0.0665616 score=0.969638 valid=1 mode=tracking state=TRACKING evaluated=807 execution_us=52124 reason=tracking_pose_accepted
x=3.2 y=2.00004 yaw=-0.0849491 score=0.97151 valid=1 mode=tracking state=TRACKING evaluated=807 execution_us=52537 reason=tracking_pose_accepted
x=3.2 y=2.00004 yaw=-0.0684299 score=0.950023 valid=1 mode=tracking state=TRACKING evaluated=807 execution_us=52984 reason=tracking_pose_accepted
x=3.2 y=2.00004 yaw=-0.0693641 score=0.958747 valid=1 mode=tracking state=TRACKING evaluated=807 execution_us=54046 reason=tracking_pose_accepted
x=3.25 y=2.00004 yaw=-0.0702983 score=0.95946 valid=1 mode=tracking state=TRACKING evaluated=807 execution_us=54405 reason=tracking_pose_accepted
x=3.25 y=2.00004 yaw=-0.0712325 score=0.975865 valid=1 mode=tracking state=TRACKING evaluated=807 execution_us=54971 reason=tracking_pose_accepted
x=3.25 y=2.00004 yaw=-0.0372601 score=0.965265 valid=1 mode=tracking state=TRACKING evaluated=807 execution_us=58907 reason=tracking_pose_accepted
x=3.3 y=2.00004 yaw=-0.0556475 score=0.97589 valid=1 mode=tracking state=TRACKING evaluated=807 execution_us=60550 reason=tracking_pose_accepted
x=3.29999 y=2.00004 yaw=-0.021675 score=0.975167 valid=1 mode=tracking state=TRACKING evaluated=807 execution_us=58511 reason=tracking_pose_accepted
x=3.34999 y=2.00004 yaw=-0.0051559 score=0.969866 valid=1 mode=tracking state=TRACKING evaluated=807 execution_us=58969 reason=tracking_pose_accepted
x=3.34999 y=2.00004 yaw=0.0288165 score=0.968217 valid=1 mode=tracking state=TRACKING evaluated=831 execution_us=60570 reason=tracking_pose_accepted
x=3.29999 y=1.95004 yaw=0.0278824 score=0.960373 valid=1 mode=tracking state=TRACKING evaluated=831 execution_us=56181 reason=tracking_pose_accepted
x=3.29999 y=1.95004 yaw=0.0269483 score=0.96972 valid=1 mode=tracking state=TRACKING evaluated=789 execution_us=54639 reason=tracking_pose_accepted
x=3.29999 y=2.00004 yaw=0.0434674 score=0.976358 valid=1 mode=tracking state=TRACKING evaluated=789 execution_us=55311 reason=tracking_pose_accepted
x=3.29999 y=1.95004 yaw=0.00762664 score=0.978649 valid=1 mode=tracking state=TRACKING evaluated=807 execution_us=56670 reason=tracking_pose_accepted
x=3.29999 y=2.00004 yaw=0.0241458 score=0.981022 valid=1 mode=tracking state=TRACKING evaluated=807 execution_us=57193 reason=tracking_pose_accepted
x=3.29999 y=2.00004 yaw=0.0232117 score=0.98026 valid=1 mode=tracking state=TRACKING evaluated=807 execution_us=57381 reason=tracking_pose_accepted
x=3.29999 y=2.00004 yaw=0.0222775 score=0.979592 valid=1 mode=tracking state=TRACKING evaluated=807 execution_us=60562 reason=tracking_pose_accepted
x=3.24999 y=2.00004 yaw=0.00389007 score=0.951722 valid=1 mode=tracking state=TRACKING evaluated=807 execution_us=51538 reason=tracking_pose_accepted
x=3.29999 y=2.00004 yaw=-0.0319507 score=0.971734 valid=1 mode=tracking state=TRACKING evaluated=807 execution_us=50912 reason=tracking_pose_accepted
x=3.29999 y=2.00004 yaw=-0.0328848 score=0.974555 valid=1 mode=tracking state=TRACKING evaluated=807 execution_us=51629 reason=tracking_pose_accepted
x=3.29999 y=2.00004 yaw=-0.033819 score=0.972193 valid=1 mode=tracking state=TRACKING evaluated=807 execution_us=51618 reason=tracking_pose_accepted
x=3.29999 y=2.00004 yaw=-0.0522064 score=0.974378 valid=1 mode=tracking state=TRACKING evaluated=807 execution_us=52278 reason=tracking_pose_accepted
x=3.29999 y=2.05004 yaw=-0.0356873 score=0.977359 valid=1 mode=tracking state=TRACKING evaluated=807 execution_us=58613 reason=tracking_pose_accepted
x=3.29999 y=2.05004 yaw=-0.0366215 score=0.98017 valid=1 mode=tracking state=TRACKING evaluated=807 execution_us=59627 reason=tracking_pose_accepted
x=3.29999 y=2.05004 yaw=-0.0375556 score=0.977322 valid=1 mode=tracking state=TRACKING evaluated=807 execution_us=59490 reason=tracking_pose_accepted
x=3.24999 y=2.05004 yaw=-0.0384898 score=0.972101 valid=1 mode=tracking state=TRACKING evaluated=807 execution_us=60007 reason=tracking_pose_accepted
x=3.24999 y=2.05004 yaw=-0.0394239 score=0.97887 valid=1 mode=tracking state=TRACKING evaluated=807 execution_us=60323 reason=tracking_pose_accepted
x=3.24999 y=2.05004 yaw=-0.0403581 score=0.978512 valid=1 mode=tracking state=TRACKING evaluated=807 execution_us=58734 reason=tracking_pose_accepted
x=3.24999 y=2.05004 yaw=-0.0412922 score=0.975531 valid=1 mode=tracking state=TRACKING evaluated=807 execution_us=54735 reason=tracking_pose_accepted
x=3.24999 y=2.05004 yaw=-0.0422264 score=0.977484 valid=1 mode=tracking state=TRACKING evaluated=807 execution_us=54022 reason=tracking_pose_accepted
x=3.24999 y=2.05004 yaw=-0.0257073 score=0.97025 valid=1 mode=tracking state=TRACKING evaluated=807 execution_us=55085 reason=tracking_pose_accepted
x=3.24999 y=2.05004 yaw=-0.0266414 score=0.967937 valid=1 mode=tracking state=TRACKING evaluated=807 execution_us=55458 reason=tracking_pose_accepted
x=3.29999 y=2.05004 yaw=-0.0275755 score=0.961465 valid=1 mode=tracking state=TRACKING evaluated=807 execution_us=55652 reason=tracking_pose_accepted
x=3.29999 y=2.05004 yaw=-0.0285097 score=0.974285 valid=1 mode=tracking state=TRACKING evaluated=807 execution_us=62718 reason=tracking_pose_accepted
x=3.29999 y=2.05004 yaw=-0.0468971 score=0.972815 valid=1 mode=tracking state=TRACKING evaluated=807 execution_us=59118 reason=tracking_pose_accepted
x=3.29999 y=2.05004 yaw=-0.030378 score=0.974657 valid=1 mode=tracking state=TRACKING evaluated=807 execution_us=59784 reason=tracking_pose_accepted
x=3.29999 y=2.05004 yaw=-0.0313121 score=0.975434 valid=1 mode=tracking state=TRACKING evaluated=807 execution_us=60594 reason=tracking_pose_accepted
x=3.29999 y=2.05004 yaw=-0.0322462 score=0.969618 valid=1 mode=tracking state=TRACKING evaluated=807 execution_us=60323 reason=tracking_pose_accepted
x=3.29999 y=2.05004 yaw=-0.0331803 score=0.968323 valid=1 mode=tracking state=TRACKING evaluated=807 execution_us=60261 reason=tracking_pose_accepted
x=3.29999 y=2.05004 yaw=-0.0341145 score=0.972539 valid=1 mode=tracking state=TRACKING evaluated=807 execution_us=57793 reason=tracking_pose_accepted
x=3.29999 y=2.05004 yaw=-0.0350486 score=0.969708 valid=1 mode=tracking state=TRACKING evaluated=807 execution_us=56354 reason=tracking_pose_accepted
x=3.29999 y=2.05004 yaw=-0.0359828 score=0.979942 valid=1 mode=tracking state=TRACKING evaluated=807 execution_us=56926 reason=tracking_pose_accepted
x=3.29999 y=2.05004 yaw=-0.0369169 score=0.968658 valid=1 mode=tracking state=TRACKING evaluated=807 execution_us=56992 reason=tracking_pose_accepted
x=3.24999 y=2.05005 yaw=-0.0203978 score=0.953082 valid=1 mode=tracking state=TRACKING evaluated=807 execution_us=58014 reason=tracking_pose_accepted
x=3.29999 y=2.05005 yaw=-0.0387852 score=0.926814 valid=1 mode=tracking state=TRACKING evaluated=807 execution_us=58474 reason=tracking_pose_accepted
x=3.29999 y=2.05005 yaw=-0.0397194 score=0.914899 valid=1 mode=tracking state=TRACKING evaluated=807 execution_us=51066 reason=tracking_pose_accepted
x=3.29999 y=2.05005 yaw=-0.0406535 score=0.904776 valid=1 mode=tracking state=TRACKING evaluated=807 execution_us=51751 reason=tracking_pose_accepted
x=3.29999 y=2.05005 yaw=-0.0415877 score=0.90175 valid=1 mode=tracking state=TRACKING evaluated=807 execution_us=107188 reason=tracking_pose_accepted
x=3.29999 y=2.05005 yaw=-0.0425219 score=0.901779 valid=1 mode=tracking state=TRACKING evaluated=807 execution_us=92615 reason=tracking_pose_accepted
x=3.24999 y=2.05005 yaw=-0.0260028 score=0.907053 valid=1 mode=tracking state=TRACKING evaluated=807 execution_us=105759 reason=tracking_pose_accepted
x=3.24999 y=2.05005 yaw=-0.00948364 score=0.906333 valid=1 mode=tracking state=TRACKING evaluated=807 execution_us=74292 reason=tracking_pose_accepted
x=3.29999 y=2.05005 yaw=-0.0278711 score=0.909693 valid=1 mode=tracking state=TRACKING evaluated=807 execution_us=79382 reason=tracking_pose_accepted
x=3.29999 y=2.05005 yaw=-0.0288052 score=0.907828 valid=1 mode=tracking state=TRACKING evaluated=807 execution_us=55255 reason=tracking_pose_accepted
x=3.29999 y=2.05005 yaw=-0.0297393 score=0.911385 valid=1 mode=tracking state=TRACKING evaluated=807 execution_us=58273 reason=tracking_pose_accepted
x=3.24999 y=2.05005 yaw=-0.0132202 score=0.908868 valid=1 mode=tracking state=TRACKING evaluated=807 execution_us=58230 reason=tracking_pose_accepted
x=3.24999 y=2.05005 yaw=-0.0141543 score=0.905092 valid=1 mode=tracking state=TRACKING evaluated=807 execution_us=58420 reason=tracking_pose_accepted
x=3.29999 y=2.05005 yaw=-0.0325418 score=0.904705 valid=1 mode=tracking state=TRACKING evaluated=807 execution_us=54574 reason=tracking_pose_accepted
x=3.29999 y=2.05005 yaw=-0.0334759 score=0.907718 valid=1 mode=tracking state=TRACKING evaluated=807 execution_us=54946 reason=tracking_pose_accepted
x=3.29999 y=2.05005 yaw=-0.03441 score=0.910115 valid=1 mode=tracking state=TRACKING evaluated=807 execution_us=55861 reason=tracking_pose_accepted
x=3.29999 y=2.05005 yaw=-0.0353442 score=0.908719 valid=1 mode=tracking state=TRACKING evaluated=807 execution_us=55885 reason=tracking_pose_accepted
x=3.29998 y=2.05005 yaw=-0.0362783 score=0.906213 valid=1 mode=tracking state=TRACKING evaluated=807 execution_us=55797 reason=tracking_pose_accepted
x=3.29998 y=2.05005 yaw=-0.0372124 score=0.90639 valid=1 mode=tracking state=TRACKING evaluated=807 execution_us=56621 reason=tracking_pose_accepted
x=3.29998 y=2.05005 yaw=-0.0381465 score=0.906252 valid=1 mode=tracking state=TRACKING evaluated=807 execution_us=60254 reason=tracking_pose_accepted
x=3.29998 y=2.05005 yaw=-0.0390807 score=0.91186 valid=1 mode=tracking state=TRACKING evaluated=807 execution_us=61069 reason=tracking_pose_accepted
x=3.29998 y=2.05005 yaw=-0.0225615 score=0.904152 valid=1 mode=tracking state=TRACKING evaluated=807 execution_us=60291 reason=tracking_pose_accepted
x=3.29998 y=2.05005 yaw=-0.0409489 score=0.909764 valid=1 mode=tracking state=TRACKING evaluated=807 execution_us=60994 reason=tracking_pose_accepted
x=3.24998 y=2.05005 yaw=-0.00697648 score=0.905793 valid=1 mode=tracking state=TRACKING evaluated=807 execution_us=61779 reason=tracking_pose_accepted
x=3.29998 y=2.05005 yaw=-0.0253639 score=0.905782 valid=1 mode=tracking state=TRACKING evaluated=807 execution_us=58139 reason=tracking_pose_accepted
x=3.29998 y=2.05005 yaw=-0.0437514 score=0.905553 valid=1 mode=tracking state=TRACKING evaluated=807 execution_us=58110 reason=tracking_pose_accepted
x=3.29998 y=2.05005 yaw=-0.0272322 score=0.908253 valid=1 mode=tracking state=TRACKING evaluated=807 execution_us=59152 reason=tracking_pose_accepted
x=3.29998 y=2.05005 yaw=-0.0281663 score=0.908122 valid=1 mode=tracking state=TRACKING evaluated=807 execution_us=58482 reason=tracking_pose_accepted
x=3.24998 y=2.05005 yaw=-0.0116472 score=0.90636 valid=1 mode=tracking state=TRACKING evaluated=807 execution_us=59206 reason=tracking_pose_accepted
x=3.29998 y=2.05005 yaw=-0.0300346 score=0.904947 valid=1 mode=tracking state=TRACKING evaluated=807 execution_us=58842 reason=tracking_pose_accepted
x=3.24998 y=2.05005 yaw=-0.0135154 score=0.905673 valid=1 mode=tracking state=TRACKING evaluated=807 execution_us=65656 reason=tracking_pose_accepted
x=3.29998 y=2.05005 yaw=-0.0319029 score=0.908102 valid=1 mode=tracking state=TRACKING evaluated=807 execution_us=53207 reason=tracking_pose_accepted
x=3.29998 y=2.05005 yaw=-0.032837 score=0.908473 valid=1 mode=tracking state=TRACKING evaluated=807 execution_us=52864 reason=tracking_pose_accepted
x=3.29998 y=2.05005 yaw=-0.0337711 score=0.909604 valid=1 mode=tracking state=TRACKING evaluated=807 execution_us=52004 reason=tracking_pose_accepted
x=3.29998 y=2.05005 yaw=-0.0347053 score=0.907549 valid=1 mode=tracking state=TRACKING evaluated=807 execution_us=54092 reason=tracking_pose_accepted
x=3.29998 y=2.05005 yaw=-0.0356394 score=0.904987 valid=1 mode=tracking state=TRACKING evaluated=807 execution_us=53843 reason=tracking_pose_accepted
x=3.29998 y=2.05005 yaw=-0.0365735 score=0.906191 valid=1 mode=tracking state=TRACKING evaluated=807 execution_us=57756 reason=tracking_pose_accepted
x=3.29998 y=2.05005 yaw=-0.0375076 score=0.912163 valid=1 mode=tracking state=TRACKING evaluated=807 execution_us=57872 reason=tracking_pose_accepted
x=3.29998 y=2.05005 yaw=-0.0384418 score=0.909625 valid=1 mode=tracking state=TRACKING evaluated=807 execution_us=58293 reason=tracking_pose_accepted
x=3.29998 y=2.05005 yaw=-0.0393759 score=0.912461 valid=1 mode=tracking state=TRACKING evaluated=807 execution_us=59272 reason=tracking_pose_accepted
x=3.29998 y=2.05005 yaw=-0.04031 score=0.906833 valid=1 mode=tracking state=TRACKING evaluated=807 execution_us=57970 reason=tracking_pose_accepted
x=3.24997 y=2.05005 yaw=-0.00633758 score=0.910243 valid=1 mode=tracking state=TRACKING evaluated=807 execution_us=55139 reason=tracking_pose_accepted
x=3.24997 y=2.05006 yaw=-0.00727173 score=0.910265 valid=1 mode=tracking state=TRACKING evaluated=807 execution_us=55582 reason=tracking_pose_accepted
x=3.24997 y=2.05006 yaw=-0.00820588 score=0.905252 valid=1 mode=tracking state=TRACKING evaluated=807 execution_us=55616 reason=tracking_pose_accepted
x=3.29997 y=2.05006 yaw=-0.0265933 score=0.906501 valid=1 mode=tracking state=TRACKING evaluated=807 execution_us=56244 reason=tracking_pose_accepted
x=3.24997 y=2.05006 yaw=-0.0100742 score=0.906963 valid=1 mode=tracking state=TRACKING evaluated=807 execution_us=56765 reason=tracking_pose_accepted
x=3.24997 y=2.05006 yaw=-0.0110083 score=0.905016 valid=1 mode=tracking state=TRACKING evaluated=807 execution_us=56803 reason=tracking_pose_accepted
x=3.29997 y=2.05006 yaw=-0.0293958 score=0.907617 valid=1 mode=tracking state=TRACKING evaluated=807 execution_us=60984 reason=tracking_pose_accepted
x=3.29997 y=2.05006 yaw=-0.0303299 score=0.909864 valid=1 mode=tracking state=TRACKING evaluated=807 execution_us=60526 reason=tracking_pose_accepted
x=3.29997 y=2.05006 yaw=-0.031264 score=0.908167 valid=1 mode=tracking state=TRACKING evaluated=807 execution_us=60859 reason=tracking_pose_accepted
x=3.29997 y=2.05006 yaw=-0.0321982 score=0.907933 valid=1 mode=tracking state=TRACKING evaluated=807 execution_us=61597 reason=tracking_pose_accepted
x=3.29997 y=2.05006 yaw=-0.0331323 score=0.907653 valid=1 mode=tracking state=TRACKING evaluated=807 execution_us=61171 reason=tracking_pose_accepted
x=3.29997 y=2.05006 yaw=-0.0340664 score=0.909604 valid=1 mode=tracking state=TRACKING evaluated=807 execution_us=61688 reason=tracking_pose_accepted
x=3.24997 y=2.05006 yaw=-0.0175473 score=0.910194 valid=1 mode=tracking state=TRACKING evaluated=807 execution_us=58849 reason=tracking_pose_accepted
x=3.29997 y=2.05006 yaw=-0.0359347 score=0.907226 valid=1 mode=tracking state=TRACKING evaluated=807 execution_us=58845 reason=tracking_pose_accepted
x=3.24997 y=2.05006 yaw=-0.00196224 score=0.905681 valid=1 mode=tracking state=TRACKING evaluated=807 execution_us=59083 reason=tracking_pose_accepted
x=3.24997 y=2.05006 yaw=-0.00289639 score=0.905533 valid=1 mode=tracking state=TRACKING evaluated=807 execution_us=59271 reason=tracking_pose_accepted
x=3.29997 y=2.05006 yaw=-0.0387371 score=0.907803 valid=1 mode=tracking state=TRACKING evaluated=807 execution_us=59669 reason=tracking_pose_accepted
x=3.29997 y=2.05006 yaw=-0.022218 score=0.908821 valid=1 mode=tracking state=TRACKING evaluated=807 execution_us=66658 reason=tracking_pose_accepted
x=3.29997 y=2.05006 yaw=-0.0406054 score=0.908704 valid=1 mode=tracking state=TRACKING evaluated=807 execution_us=51756 reason=tracking_pose_accepted
x=3.24997 y=2.05006 yaw=-0.00663298 score=0.904715 valid=1 mode=tracking state=TRACKING evaluated=807 execution_us=53015 reason=tracking_pose_accepted
x=3.29997 y=2.05006 yaw=-0.0424737 score=0.910462 valid=1 mode=tracking state=TRACKING evaluated=807 execution_us=53704 reason=tracking_pose_accepted
x=3.29997 y=2.05006 yaw=-0.0259546 score=0.908553 valid=1 mode=tracking state=TRACKING evaluated=807 execution_us=53450 reason=tracking_pose_accepted
x=3.29997 y=2.05006 yaw=-0.0268887 score=0.905862 valid=1 mode=tracking state=TRACKING evaluated=807 execution_us=54005 reason=tracking_pose_accepted
x=3.29997 y=2.05006 yaw=-0.0452761 score=0.901553 valid=1 mode=tracking state=TRACKING evaluated=807 execution_us=61472 reason=tracking_pose_accepted
x=3.29997 y=2.05006 yaw=-0.028757 score=0.908699 valid=1 mode=tracking state=TRACKING evaluated=807 execution_us=57922 reason=tracking_pose_accepted
x=3.29997 y=2.05006 yaw=-0.0296911 score=0.905102 valid=1 mode=tracking state=TRACKING evaluated=807 execution_us=58826 reason=tracking_pose_accepted
x=3.29997 y=2.05006 yaw=-0.0306253 score=0.909465 valid=1 mode=tracking state=TRACKING evaluated=807 execution_us=58927 reason=tracking_pose_accepted
x=3.29997 y=2.05006 yaw=-0.0315594 score=0.910055 valid=1 mode=tracking state=TRACKING evaluated=807 execution_us=58617 reason=tracking_pose_accepted
x=3.29997 y=2.05006 yaw=-0.0324935 score=0.907493 valid=1 mode=tracking state=TRACKING evaluated=807 execution_us=59428 reason=tracking_pose_accepted
x=3.29997 y=2.05006 yaw=-0.0334276 score=0.908721 valid=1 mode=tracking state=TRACKING evaluated=807 execution_us=55222 reason=tracking_pose_accepted
x=3.29996 y=2.05006 yaw=-0.0343618 score=0.905712 valid=1 mode=tracking state=TRACKING evaluated=807 execution_us=56007 reason=tracking_pose_accepted
x=3.29996 y=2.05006 yaw=-0.0352959 score=0.906274 valid=1 mode=tracking state=TRACKING evaluated=807 execution_us=55983 reason=tracking_pose_accepted
x=3.29996 y=2.05006 yaw=-0.03623 score=0.906292 valid=1 mode=tracking state=TRACKING evaluated=807 execution_us=56270 reason=tracking_pose_accepted
x=3.29996 y=2.05006 yaw=-0.0371641 score=0.909235 valid=1 mode=tracking state=TRACKING evaluated=807 execution_us=57464 reason=tracking_pose_accepted
x=3.29996 y=2.05006 yaw=-0.0380983 score=0.904625 valid=1 mode=tracking state=TRACKING evaluated=807 execution_us=63368 reason=tracking_pose_accepted
x=3.24996 y=2.05006 yaw=-0.0041258 score=0.906122 valid=1 mode=tracking state=TRACKING evaluated=807 execution_us=60157 reason=tracking_pose_accepted
x=3.24996 y=2.05006 yaw=-0.00505995 score=0.907447 valid=1 mode=tracking state=TRACKING evaluated=807 execution_us=61055 reason=tracking_pose_accepted
x=3.29996 y=2.05006 yaw=-0.0234474 score=0.905582 valid=1 mode=tracking state=TRACKING evaluated=807 execution_us=61101 reason=tracking_pose_accepted
x=3.24996 y=2.05006 yaw=-0.00692824 score=0.910103 valid=1 mode=tracking state=TRACKING evaluated=807 execution_us=61695 reason=tracking_pose_accepted
x=3.29996 y=2.05006 yaw=-0.0253157 score=0.91173 valid=1 mode=tracking state=TRACKING evaluated=807 execution_us=51040 reason=tracking_pose_accepted
x=3.29996 y=2.05006 yaw=-0.0262498 score=0.901461 valid=1 mode=tracking state=TRACKING evaluated=807 execution_us=58341 reason=tracking_pose_accepted
x=3.29996 y=2.05006 yaw=-0.0446373 score=0.904146 valid=1 mode=tracking state=TRACKING evaluated=807 execution_us=58798 reason=tracking_pose_accepted
x=3.29996 y=2.05006 yaw=-0.0281181 score=0.910764 valid=1 mode=tracking state=TRACKING evaluated=807 execution_us=58849 reason=tracking_pose_accepted
x=3.29996 y=2.05007 yaw=-0.0290522 score=0.910877 valid=1 mode=tracking state=TRACKING evaluated=807 execution_us=61569 reason=tracking_pose_accepted
x=3.29996 y=2.05007 yaw=-0.0299864 score=0.907004 valid=1 mode=tracking state=TRACKING evaluated=807 execution_us=59890 reason=tracking_pose_accepted
x=3.29996 y=2.05007 yaw=-0.0309205 score=0.907979 valid=1 mode=tracking state=TRACKING evaluated=807 execution_us=59632 reason=tracking_pose_accepted
x=3.29996 y=2.05007 yaw=-0.0318546 score=0.908213 valid=1 mode=tracking state=TRACKING evaluated=807 execution_us=66442 reason=tracking_pose_accepted
x=3.29996 y=2.05007 yaw=-0.0327887 score=0.907953 valid=1 mode=tracking state=TRACKING evaluated=807 execution_us=53945 reason=tracking_pose_accepted
x=3.29996 y=2.05007 yaw=-0.0337229 score=0.909604 valid=1 mode=tracking state=TRACKING evaluated=807 execution_us=53546 reason=tracking_pose_accepted
x=3.29996 y=2.05007 yaw=-0.034657 score=0.903982 valid=1 mode=tracking state=TRACKING evaluated=807 execution_us=53904 reason=tracking_pose_accepted
x=3.29996 y=2.05007 yaw=-0.0355911 score=0.907449 valid=1 mode=tracking state=TRACKING evaluated=807 execution_us=54443 reason=tracking_pose_accepted
x=3.29996 y=2.05007 yaw=-0.0365252 score=0.908497 valid=1 mode=tracking state=TRACKING evaluated=807 execution_us=54586 reason=tracking_pose_accepted
x=3.29996 y=2.05007 yaw=-0.0374594 score=0.91186 valid=1 mode=tracking state=TRACKING evaluated=807 execution_us=58815 reason=tracking_pose_accepted
x=3.29996 y=2.05007 yaw=-0.0383935 score=0.909326 valid=1 mode=tracking state=TRACKING evaluated=807 execution_us=59111 reason=tracking_pose_accepted
x=3.24995 y=2.05007 yaw=-0.00442102 score=0.906032 valid=1 mode=tracking state=TRACKING evaluated=807 execution_us=59156 reason=tracking_pose_accepted
x=3.29995 y=2.05007 yaw=-0.0402618 score=0.903547 valid=1 mode=tracking state=TRACKING evaluated=807 execution_us=59570 reason=tracking_pose_accepted
x=3.29995 y=2.05007 yaw=-0.0411959 score=0.906593 valid=1 mode=tracking state=TRACKING evaluated=807 execution_us=59059 reason=tracking_pose_accepted
x=3.29995 y=2.05007 yaw=-0.0246768 score=0.909234 valid=1 mode=tracking state=TRACKING evaluated=807 execution_us=64913 reason=tracking_pose_accepted
x=3.29995 y=2.05007 yaw=-0.0256109 score=0.904681 valid=1 mode=tracking state=TRACKING evaluated=807 execution_us=56959 reason=tracking_pose_accepted
x=3.29995 y=2.05007 yaw=-0.026545 score=0.909784 valid=1 mode=tracking state=TRACKING evaluated=807 execution_us=62339 reason=tracking_pose_accepted
x=3.24995 y=2.05007 yaw=-0.0100259 score=0.908844 valid=1 mode=tracking state=TRACKING evaluated=807 execution_us=55050 reason=tracking_pose_accepted
x=3.29995 y=2.05007 yaw=-0.0284133 score=0.91064 valid=1 mode=tracking state=TRACKING evaluated=807 execution_us=57024 reason=tracking_pose_accepted
x=3.29995 y=2.05007 yaw=-0.0293474 score=0.907903 valid=1 mode=tracking state=TRACKING evaluated=807 execution_us=57426 reason=tracking_pose_accepted
x=3.29995 y=2.05007 yaw=-0.0302816 score=0.907913 valid=1 mode=tracking state=TRACKING evaluated=807 execution_us=61404 reason=tracking_pose_accepted
x=3.24995 y=2.05007 yaw=-0.0137624 score=0.90851 valid=1 mode=tracking state=TRACKING evaluated=807 execution_us=61338 reason=tracking_pose_accepted
x=3.29995 y=2.05007 yaw=-0.0321498 score=0.910284 valid=1 mode=tracking state=TRACKING evaluated=807 execution_us=61082 reason=tracking_pose_accepted
x=3.29995 y=2.05007 yaw=-0.033084 score=0.906655 valid=1 mode=tracking state=TRACKING evaluated=807 execution_us=62231 reason=tracking_pose_accepted
x=3.29995 y=2.05007 yaw=-0.0340181 score=0.90715 valid=1 mode=tracking state=TRACKING evaluated=807 execution_us=51518 reason=tracking_pose_accepted
x=3.29995 y=2.05007 yaw=-0.0349522 score=0.907888 valid=1 mode=tracking state=TRACKING evaluated=807 execution_us=61888 reason=tracking_pose_accepted
x=3.29995 y=2.05007 yaw=-0.0358863 score=0.906551 valid=1 mode=tracking state=TRACKING evaluated=807 execution_us=56755 reason=tracking_pose_accepted
x=3.29995 y=2.05007 yaw=-0.0368205 score=0.903762 valid=1 mode=tracking state=TRACKING evaluated=807 execution_us=58546 reason=tracking_pose_accepted
x=3.24995 y=2.05007 yaw=-0.002848 score=0.904152 valid=1 mode=tracking state=TRACKING evaluated=807 execution_us=59657 reason=tracking_pose_accepted
x=3.29995 y=2.05007 yaw=-0.0212354 score=0.909302 valid=1 mode=tracking state=TRACKING evaluated=807 execution_us=59292 reason=tracking_pose_accepted
x=3.29995 y=2.05007 yaw=-0.0396229 score=0.906753 valid=1 mode=tracking state=TRACKING evaluated=807 execution_us=60196 reason=tracking_pose_accepted
x=3.29995 y=2.05007 yaw=-0.040557 score=0.906374 valid=1 mode=tracking state=TRACKING evaluated=807 execution_us=60264 reason=tracking_pose_accepted
x=3.24995 y=2.05007 yaw=-0.00658458 score=0.905533 valid=1 mode=tracking state=TRACKING evaluated=807 execution_us=54964 reason=tracking_pose_accepted
x=3.29995 y=2.05007 yaw=-0.024972 score=0.909784 valid=1 mode=tracking state=TRACKING evaluated=807 execution_us=53738 reason=tracking_pose_accepted
x=3.24995 y=2.05007 yaw=-0.00845287 score=0.911021 valid=1 mode=tracking state=TRACKING evaluated=807 execution_us=54915 reason=tracking_pose_accepted
x=3.24995 y=2.05007 yaw=-0.00938701 score=0.905255 valid=1 mode=tracking state=TRACKING evaluated=807 execution_us=54189 reason=tracking_pose_accepted
x=3.24995 y=2.05007 yaw=-0.0103212 score=0.907259 valid=1 mode=tracking state=TRACKING evaluated=807 execution_us=54640 reason=tracking_pose_accepted
x=3.29995 y=2.05007 yaw=-0.0287086 score=0.908447 valid=1 mode=tracking state=TRACKING evaluated=807 execution_us=54762 reason=tracking_pose_accepted
x=3.29995 y=2.05007 yaw=-0.0296427 score=0.907718 valid=1 mode=tracking state=TRACKING evaluated=807 execution_us=58529 reason=tracking_pose_accepted
x=3.29995 y=2.05007 yaw=-0.0305769 score=0.911131 valid=1 mode=tracking state=TRACKING evaluated=807 execution_us=59703 reason=tracking_pose_accepted
x=3.29994 y=2.05007 yaw=-0.031511 score=0.905004 valid=1 mode=tracking state=TRACKING evaluated=807 execution_us=59670 reason=tracking_pose_accepted
x=3.24994 y=2.05007 yaw=-0.0149918 score=0.911195 valid=1 mode=tracking state=TRACKING evaluated=807 execution_us=59838 reason=tracking_pose_accepted
x=3.29994 y=2.05008 yaw=-0.0333792 score=0.909974 valid=1 mode=tracking state=TRACKING evaluated=807 execution_us=60397 reason=tracking_pose_accepted
x=3.29994 y=2.05008 yaw=-0.0343134 score=0.906489 valid=1 mode=tracking state=TRACKING evaluated=807 execution_us=56596 reason=tracking_pose_accepted
x=3.29994 y=2.05008 yaw=-0.0352475 score=0.907053 valid=1 mode=tracking state=TRACKING evaluated=807 execution_us=57085 reason=tracking_pose_accepted
x=3.29994 y=2.05008 yaw=-0.0361817 score=0.904117 valid=1 mode=tracking state=TRACKING evaluated=807 execution_us=57026 reason=tracking_pose_accepted
x=3.29994 y=2.05008 yaw=-0.0371158 score=0.909326 valid=1 mode=tracking state=TRACKING evaluated=807 execution_us=58558 reason=tracking_pose_accepted
x=3.24994 y=2.05008 yaw=-0.00314334 score=0.905813 valid=1 mode=tracking state=TRACKING evaluated=807 execution_us=57696 reason=tracking_pose_accepted
x=3.29994 y=2.05008 yaw=-0.0389841 score=0.90647 valid=1 mode=tracking state=TRACKING evaluated=807 execution_us=57571 reason=tracking_pose_accepted
x=3.29994 y=2.05008 yaw=-0.0399182 score=0.909164 valid=1 mode=tracking state=TRACKING evaluated=807 execution_us=60801 reason=tracking_pose_accepted
x=3.29994 y=2.05008 yaw=-0.0408524 score=0.906613 valid=1 mode=tracking state=TRACKING evaluated=807 execution_us=62419 reason=tracking_pose_accepted
x=3.24994 y=2.05008 yaw=-0.00687998 score=0.909523 valid=1 mode=tracking state=TRACKING evaluated=807 execution_us=61892 reason=tracking_pose_accepted
x=3.24994 y=2.05008 yaw=-0.00781413 score=0.908243 valid=1 mode=tracking state=TRACKING evaluated=807 execution_us=51589 reason=tracking_pose_accepted
x=3.29994 y=2.05008 yaw=-0.0262016 score=0.908346 valid=1 mode=tracking state=TRACKING evaluated=807 execution_us=51776 reason=tracking_pose_accepted
x=3.29994 y=2.05008 yaw=-0.0271357 score=0.907369 valid=1 mode=tracking state=TRACKING evaluated=807 execution_us=51956 reason=tracking_pose_accepted
x=3.24994 y=2.05008 yaw=-0.0106165 score=0.902593 valid=1 mode=tracking state=TRACKING evaluated=807 execution_us=59659 reason=tracking_pose_accepted
x=3.24994 y=2.05008 yaw=-0.0115507 score=0.907495 valid=1 mode=tracking state=TRACKING evaluated=807 execution_us=59252 reason=tracking_pose_accepted
x=3.29994 y=2.05008 yaw=-0.0299381 score=0.909834 valid=1 mode=tracking state=TRACKING evaluated=807 execution_us=59572 reason=tracking_pose_accepted
x=3.29994 y=2.05008 yaw=-0.0308723 score=0.908122 valid=1 mode=tracking state=TRACKING evaluated=807 execution_us=60477 reason=tracking_pose_accepted
x=3.29994 y=2.05008 yaw=-0.0318064 score=0.907226 valid=1 mode=tracking state=TRACKING evaluated=807 execution_us=59979 reason=tracking_pose_accepted
x=3.24994 y=2.05008 yaw=-0.0152872 score=0.90223 valid=1 mode=tracking state=TRACKING evaluated=807 execution_us=60450 reason=tracking_pose_accepted
x=3.29994 y=2.05008 yaw=-0.0336747 score=0.907783 valid=1 mode=tracking state=TRACKING evaluated=807 execution_us=52360 reason=tracking_pose_accepted
x=3.29994 y=2.05008 yaw=-0.0346088 score=0.906589 valid=1 mode=tracking state=TRACKING evaluated=807 execution_us=53899 reason=tracking_pose_accepted
x=3.29994 y=2.05008 yaw=-0.035543 score=0.907353 valid=1 mode=tracking state=TRACKING evaluated=807 execution_us=54288 reason=tracking_pose_accepted
x=3.29994 y=2.05008 yaw=-0.0364771 score=0.906514 valid=1 mode=tracking state=TRACKING evaluated=807 execution_us=54706 reason=tracking_pose_accepted
x=3.29994 y=2.05008 yaw=-0.0374112 score=0.909235 valid=1 mode=tracking state=TRACKING evaluated=807 execution_us=54868 reason=tracking_pose_accepted
x=3.29994 y=2.05008 yaw=-0.0383453 score=0.909464 valid=1 mode=tracking state=TRACKING evaluated=807 execution_us=55419 reason=tracking_pose_accepted
x=3.29994 y=2.05008 yaw=-0.0392794 score=0.912163 valid=1 mode=tracking state=TRACKING evaluated=807 execution_us=60033 reason=tracking_pose_accepted
x=3.29993 y=2.05008 yaw=-0.0402136 score=0.911715 valid=1 mode=tracking state=TRACKING evaluated=807 execution_us=59363 reason=tracking_pose_accepted
x=3.24993 y=2.05008 yaw=-0.00624114 score=0.906411 valid=1 mode=tracking state=TRACKING evaluated=807 execution_us=59931 reason=tracking_pose_accepted
x=3.29993 y=2.05008 yaw=-0.0420819 score=0.903255 valid=1 mode=tracking state=TRACKING evaluated=807 execution_us=88580 reason=tracking_pose_accepted
x=3.29993 y=2.05008 yaw=-0.0255627 score=0.903897 valid=1 mode=tracking state=TRACKING evaluated=807 execution_us=99609 reason=tracking_pose_accepted
x=3.29993 y=2.05008 yaw=-0.0264969 score=0.905102 valid=1 mode=tracking state=TRACKING evaluated=807 execution_us=101835 reason=tracking_pose_accepted
x=3.29993 y=2.05008 yaw=-0.027431 score=0.911064 valid=1 mode=tracking state=TRACKING evaluated=807 execution_us=79023 reason=tracking_pose_accepted
x=3.24993 y=2.05008 yaw=-0.0109118 score=0.910639 valid=1 mode=tracking state=TRACKING evaluated=807 execution_us=54116 reason=tracking_pose_accepted
x=3.29993 y=2.05008 yaw=-0.0292993 score=0.909694 valid=1 mode=tracking state=TRACKING evaluated=807 execution_us=58984 reason=tracking_pose_accepted
x=3.29993 y=2.05008 yaw=-0.0302334 score=0.910404 valid=1 mode=tracking state=TRACKING evaluated=807 execution_us=61497 reason=tracking_pose_accepted
x=3.29993 y=2.05008 yaw=-0.0311675 score=0.907613 valid=1 mode=tracking state=TRACKING evaluated=807 execution_us=61660 reason=tracking_pose_accepted
x=3.29993 y=2.05008 yaw=-0.0321016 score=0.910464 valid=1 mode=tracking state=TRACKING evaluated=807 execution_us=51736 reason=tracking_pose_accepted
x=3.29993 y=2.05008 yaw=-0.0330358 score=0.91058 valid=1 mode=tracking state=TRACKING evaluated=807 execution_us=62342 reason=tracking_pose_accepted
x=3.29993 y=2.05008 yaw=-0.0339699 score=0.909084 valid=1 mode=tracking state=TRACKING evaluated=807 execution_us=59516 reason=tracking_pose_accepted
x=3.29993 y=2.05008 yaw=-0.034904 score=0.906391 valid=1 mode=tracking state=TRACKING evaluated=807 execution_us=59410 reason=tracking_pose_accepted
x=3.29993 y=2.05008 yaw=-0.0358382 score=0.907389 valid=1 mode=tracking state=TRACKING evaluated=807 execution_us=59615 reason=tracking_pose_accepted
x=3.29993 y=2.05008 yaw=-0.0367723 score=0.906629 valid=1 mode=tracking state=TRACKING evaluated=807 execution_us=59853 reason=tracking_pose_accepted
x=3.24993 y=2.05009 yaw=-0.0202531 score=0.907423 valid=1 mode=tracking state=TRACKING evaluated=807 execution_us=59462 reason=tracking_pose_accepted
x=3.29993 y=2.05009 yaw=-0.0386406 score=0.909476 valid=1 mode=tracking state=TRACKING evaluated=807 execution_us=60670 reason=tracking_pose_accepted
x=3.29993 y=2.05009 yaw=-0.0395747 score=0.906313 valid=1 mode=tracking state=TRACKING evaluated=807 execution_us=67029 reason=tracking_pose_accepted
x=3.29993 y=2.05009 yaw=-0.0405089 score=0.908796 valid=1 mode=tracking state=TRACKING evaluated=807 execution_us=53559 reason=tracking_pose_accepted
x=3.24993 y=2.05009 yaw=-0.00653642 score=0.905632 valid=1 mode=tracking state=TRACKING evaluated=807 execution_us=55075 reason=tracking_pose_accepted
x=3.29993 y=2.05009 yaw=-0.0249239 score=0.911064 valid=1 mode=tracking state=TRACKING evaluated=807 execution_us=53689 reason=tracking_pose_accepted
x=3.29993 y=2.05009 yaw=-0.025858 score=0.908279 valid=1 mode=tracking state=TRACKING evaluated=807 execution_us=54322 reason=tracking_pose_accepted
x=3.29993 y=2.05009 yaw=-0.0267921 score=0.910632 valid=1 mode=tracking state=TRACKING evaluated=807 execution_us=54632 reason=tracking_pose_accepted
x=3.29993 y=2.05009 yaw=-0.0277262 score=0.910484 valid=1 mode=tracking state=TRACKING evaluated=807 execution_us=58375 reason=tracking_pose_accepted
x=3.29992 y=2.05009 yaw=-0.0286604 score=0.910504 valid=1 mode=tracking state=TRACKING evaluated=807 execution_us=59167 reason=tracking_pose_accepted
x=3.29992 y=2.05009 yaw=-0.0295945 score=0.908353 valid=1 mode=tracking state=TRACKING evaluated=807 execution_us=58961 reason=tracking_pose_accepted
x=3.29992 y=2.05009 yaw=-0.0305286 score=0.911291 valid=1 mode=tracking state=TRACKING evaluated=807 execution_us=59175 reason=tracking_pose_accepted
x=3.29992 y=2.05009 yaw=-0.0314627 score=0.910904 valid=1 mode=tracking state=TRACKING evaluated=807 execution_us=59841 reason=tracking_pose_accepted
x=3.29992 y=2.05009 yaw=-0.0323969 score=0.90715 valid=1 mode=tracking state=TRACKING evaluated=807 execution_us=55821 reason=tracking_pose_accepted
x=3.29992 y=2.05009 yaw=-0.033331 score=0.908249 valid=1 mode=tracking state=TRACKING evaluated=807 execution_us=56226 reason=tracking_pose_accepted
x=3.29992 y=2.05009 yaw=-0.0342651 score=0.906514 valid=1 mode=tracking state=TRACKING evaluated=807 execution_us=56783 reason=tracking_pose_accepted
x=3.29992 y=2.05009 yaw=-0.0351993 score=0.909674 valid=1 mode=tracking state=TRACKING evaluated=807 execution_us=57189 reason=tracking_pose_accepted
x=3.29992 y=2.05009 yaw=-0.0361334 score=0.90699 valid=1 mode=tracking state=TRACKING evaluated=807 execution_us=57184 reason=tracking_pose_accepted
x=3.24992 y=2.05009 yaw=-0.00216093 score=0.905892 valid=1 mode=tracking state=TRACKING evaluated=807 execution_us=57884 reason=tracking_pose_accepted
x=3.24992 y=2.05009 yaw=-0.00309508 score=0.905832 valid=1 mode=tracking state=TRACKING evaluated=807 execution_us=60874 reason=tracking_pose_accepted
x=3.29992 y=2.05009 yaw=-0.0389358 score=0.903656 valid=1 mode=tracking state=TRACKING evaluated=807 execution_us=62170 reason=tracking_pose_accepted
x=3.29992 y=2.05009 yaw=-0.0398699 score=0.903907 valid=1 mode=tracking state=TRACKING evaluated=807 execution_us=52030 reason=tracking_pose_accepted
x=3.24992 y=2.05009 yaw=-0.00589752 score=0.906947 valid=1 mode=tracking state=TRACKING evaluated=807 execution_us=52408 reason=tracking_pose_accepted
x=3.29992 y=2.05009 yaw=-0.0417382 score=0.91164 valid=1 mode=tracking state=TRACKING evaluated=807 execution_us=52525 reason=tracking_pose_accepted
x=3.24992 y=2.05009 yaw=-0.00776583 score=0.906898 valid=1 mode=tracking state=TRACKING evaluated=807 execution_us=52257 reason=tracking_pose_accepted
x=3.24992 y=2.05009 yaw=-0.00869997 score=0.907471 valid=1 mode=tracking state=TRACKING evaluated=807 execution_us=59902 reason=tracking_pose_accepted
x=3.29992 y=2.05009 yaw=-0.0445407 score=0.90857 valid=1 mode=tracking state=TRACKING evaluated=807 execution_us=59884 reason=tracking_pose_accepted
x=3.29992 y=2.05009 yaw=-0.0280215 score=0.907903 valid=1 mode=tracking state=TRACKING evaluated=807 execution_us=60047 reason=tracking_pose_accepted
x=3.29992 y=2.05009 yaw=-0.0289557 score=0.910496 valid=1 mode=tracking state=TRACKING evaluated=807 execution_us=60370 reason=tracking_pose_accepted
x=3.29992 y=2.05009 yaw=-0.0298898 score=0.910958 valid=1 mode=tracking state=TRACKING evaluated=807 execution_us=60240 reason=tracking_pose_accepted
x=3.29992 y=2.05009 yaw=-0.0308239 score=0.91095 valid=1 mode=tracking state=TRACKING evaluated=807 execution_us=60073 reason=tracking_pose_accepted
x=3.24992 y=2.05009 yaw=-0.0143048 score=0.912929 valid=1 mode=tracking state=TRACKING evaluated=807 execution_us=53208 reason=tracking_pose_accepted
x=3.24992 y=2.05009 yaw=-0.0326922 score=0.906718 valid=1 mode=tracking state=TRACKING evaluated=807 execution_us=53584 reason=tracking_pose_accepted
x=3.24992 y=2.05009 yaw=-0.0336263 score=0.917527 valid=1 mode=tracking state=TRACKING evaluated=807 execution_us=53767 reason=tracking_pose_accepted
x=3.24992 y=2.05009 yaw=-0.0345605 score=0.916343 valid=1 mode=tracking state=TRACKING evaluated=807 execution_us=53935 reason=tracking_pose_accepted
x=3.19992 y=2.05009 yaw=-0.0354946 score=0.906569 valid=1 mode=tracking state=TRACKING evaluated=807 execution_us=54211 reason=tracking_pose_accepted
x=3.14992 y=2.05009 yaw=-0.0713353 score=0.917078 valid=1 mode=tracking state=TRACKING evaluated=807 execution_us=54105 reason=tracking_pose_accepted
x=3.09992 y=2.05009 yaw=-0.0722695 score=0.916687 valid=1 mode=tracking state=TRACKING evaluated=807 execution_us=57590 reason=tracking_pose_accepted
x=3.04992 y=2.05009 yaw=-0.0732036 score=0.919548 valid=1 mode=tracking state=TRACKING evaluated=807 execution_us=58584 reason=tracking_pose_accepted
x=2.94992 y=2.00009 yaw=-0.0741378 score=0.901731 valid=1 mode=tracking state=TRACKING evaluated=807 execution_us=59660 reason=tracking_pose_accepted
x=2.89992 y=2.00009 yaw=-0.075072 score=0.921939 valid=1 mode=tracking state=TRACKING evaluated=807 execution_us=59215 reason=tracking_pose_accepted
x=2.84992 y=2.00009 yaw=-0.0934595 score=0.922142 valid=1 mode=tracking state=TRACKING evaluated=807 execution_us=58699 reason=tracking_pose_accepted
x=2.74991 y=2.0001 yaw=-0.146753 score=0.92299 valid=1 mode=tracking state=TRACKING evaluated=807 execution_us=55442 reason=tracking_pose_accepted
x=2.69991 y=2.0001 yaw=-0.252407 score=0.914047 valid=1 mode=tracking state=TRACKING evaluated=807 execution_us=55020 reason=tracking_pose_accepted
x=2.64991 y=2.0001 yaw=-0.305701 score=0.93681 valid=1 mode=tracking state=TRACKING evaluated=807 execution_us=55271 reason=tracking_pose_accepted
x=2.59991 y=2.0001 yaw=-0.358995 score=0.9453 valid=1 mode=tracking state=TRACKING evaluated=807 execution_us=56074 reason=tracking_pose_accepted
x=2.54991 y=2.0501 yaw=-0.342476 score=0.949806 valid=1 mode=tracking state=TRACKING evaluated=807 execution_us=58000 reason=tracking_pose_accepted
x=2.54991 y=2.0501 yaw=-0.308504 score=0.948577 valid=1 mode=tracking state=TRACKING evaluated=807 execution_us=58332 reason=tracking_pose_accepted
x=2.49991 y=2.0501 yaw=-0.257078 score=0.937527 valid=1 mode=tracking state=TRACKING evaluated=807 execution_us=50812 reason=tracking_pose_accepted
x=2.44991 y=2.0501 yaw=-0.170746 score=0.938811 valid=1 mode=tracking state=TRACKING evaluated=807 execution_us=51839 reason=tracking_pose_accepted
x=2.39991 y=2.0501 yaw=-0.136774 score=0.945128 valid=1 mode=tracking state=TRACKING evaluated=807 execution_us=52200 reason=tracking_pose_accepted
x=2.34991 y=2.0501 yaw=-0.207521 score=0.930451 valid=1 mode=tracking state=TRACKING evaluated=807 execution_us=60231 reason=tracking_pose_accepted
x=2.34991 y=2.0501 yaw=-0.260815 score=0.959619 valid=1 mode=tracking state=TRACKING evaluated=807 execution_us=60583 reason=tracking_pose_accepted
x=2.34991 y=2.0501 yaw=-0.279202 score=0.967957 valid=1 mode=tracking state=TRACKING evaluated=807 execution_us=50922 reason=tracking_pose_accepted
x=2.29991 y=2.0501 yaw=-0.280137 score=0.962112 valid=1 mode=tracking state=TRACKING evaluated=807 execution_us=57565 reason=tracking_pose_accepted
x=2.29991 y=2.0501 yaw=-0.263617 score=0.964909 valid=1 mode=tracking state=TRACKING evaluated=807 execution_us=58554 reason=tracking_pose_accepted
x=2.29991 y=2.0501 yaw=-0.247098 score=0.968556 valid=1 mode=tracking state=TRACKING evaluated=807 execution_us=58260 reason=tracking_pose_accepted
x=2.29991 y=2.0501 yaw=-0.213126 score=0.94865 valid=1 mode=tracking state=TRACKING evaluated=807 execution_us=58199 reason=tracking_pose_accepted
x=2.24991 y=2.0501 yaw=-0.144247 score=0.957835 valid=1 mode=tracking state=TRACKING evaluated=807 execution_us=59832 reason=tracking_pose_accepted
x=2.19991 y=2.0501 yaw=-0.0928212 score=0.947084 valid=1 mode=tracking state=TRACKING evaluated=807 execution_us=59207 reason=tracking_pose_accepted
x=2.19991 y=2.0501 yaw=-0.0763021 score=0.966003 valid=1 mode=tracking state=TRACKING evaluated=807 execution_us=52340 reason=tracking_pose_accepted
x=2.14991 y=2.0501 yaw=-0.0772362 score=0.96679 valid=1 mode=tracking state=TRACKING evaluated=807 execution_us=52051 reason=tracking_pose_accepted
x=2.14991 y=2.1001 yaw=-0.0781704 score=0.961831 valid=1 mode=tracking state=TRACKING evaluated=807 execution_us=53239 reason=tracking_pose_accepted
x=2.09991 y=2.1001 yaw=-0.0616513 score=0.959275 valid=1 mode=tracking state=TRACKING evaluated=789 execution_us=51799 reason=tracking_pose_accepted
x=2.09991 y=2.1001 yaw=0.00722775 score=0.97335 valid=1 mode=tracking state=TRACKING evaluated=807 execution_us=54323 reason=tracking_pose_accepted
x=2.09991 y=2.1001 yaw=0.0412002 score=0.968739 valid=1 mode=tracking state=TRACKING evaluated=807 execution_us=58079 reason=tracking_pose_accepted
x=2.09991 y=2.1001 yaw=0.040266 score=0.928927 valid=1 mode=tracking state=TRACKING evaluated=807 execution_us=58266 reason=tracking_pose_accepted
x=2.09991 y=2.1001 yaw=0.0218786 score=0.96905 valid=1 mode=tracking state=TRACKING evaluated=807 execution_us=57654 reason=tracking_pose_accepted
x=2.09991 y=2.1001 yaw=0.00349116 score=0.966833 valid=1 mode=tracking state=TRACKING evaluated=807 execution_us=57261 reason=tracking_pose_accepted
x=2.09991 y=2.1001 yaw=0.00255702 score=0.972032 valid=1 mode=tracking state=TRACKING evaluated=807 execution_us=57520 reason=tracking_pose_accepted
x=2.09991 y=2.1001 yaw=-0.0158304 score=0.974214 valid=1 mode=tracking state=TRACKING evaluated=807 execution_us=56621 reason=tracking_pose_accepted
x=2.09991 y=2.1001 yaw=-0.0167646 score=0.968126 valid=1 mode=tracking state=TRACKING evaluated=807 execution_us=53689 reason=tracking_pose_accepted
x=2.09991 y=2.1001 yaw=-0.0176987 score=0.964959 valid=1 mode=tracking state=TRACKING evaluated=807 execution_us=54930 reason=tracking_pose_accepted
x=2.09991 y=2.1001 yaw=-0.0360862 score=0.972549 valid=1 mode=tracking state=TRACKING evaluated=807 execution_us=54606 reason=tracking_pose_accepted
x=2.09991 y=2.1001 yaw=-0.0370203 score=0.974474 valid=1 mode=tracking state=TRACKING evaluated=807 execution_us=55431 reason=tracking_pose_accepted
x=2.09991 y=2.1001 yaw=-0.0379545 score=0.975071 valid=1 mode=tracking state=TRACKING evaluated=807 execution_us=55041 reason=tracking_pose_accepted
x=2.09991 y=2.1001 yaw=-0.0388886 score=0.970153 valid=1 mode=tracking state=TRACKING evaluated=807 execution_us=56109 reason=tracking_pose_accepted
x=2.09991 y=2.1001 yaw=-0.0398228 score=0.965912 valid=1 mode=tracking state=TRACKING evaluated=807 execution_us=61914 reason=tracking_pose_accepted
x=2.09991 y=2.0501 yaw=-0.0233037 score=0.962842 valid=1 mode=tracking state=TRACKING evaluated=807 execution_us=60143 reason=tracking_pose_accepted
x=2.09991 y=2.0501 yaw=-0.00678451 score=0.957107 valid=1 mode=tracking state=TRACKING evaluated=831 execution_us=61717 reason=tracking_pose_accepted
x=2.09991 y=2.0501 yaw=-0.0251719 score=0.960866 valid=1 mode=tracking state=TRACKING evaluated=831 execution_us=51553 reason=tracking_pose_accepted
x=2.09991 y=2.0501 yaw=-0.0261061 score=0.961191 valid=1 mode=tracking state=TRACKING evaluated=831 execution_us=62149 reason=tracking_pose_accepted
x=2.09991 y=2.0501 yaw=-0.0270402 score=0.953114 valid=1 mode=tracking state=TRACKING evaluated=831 execution_us=52084 reason=tracking_pose_accepted
x=2.09991 y=2.0501 yaw=-0.0279744 score=0.949849 valid=1 mode=tracking state=TRACKING evaluated=831 execution_us=58888 reason=tracking_pose_accepted
x=2.09991 y=2.0501 yaw=-0.0289085 score=0.956087 valid=1 mode=tracking state=TRACKING evaluated=831 execution_us=59000 reason=tracking_pose_accepted
x=2.09991 y=2.0501 yaw=-0.0298427 score=0.957641 valid=1 mode=tracking state=TRACKING evaluated=831 execution_us=59888 reason=tracking_pose_accepted
x=2.09991 y=2.0501 yaw=-0.0307769 score=0.956771 valid=1 mode=tracking state=TRACKING evaluated=831 execution_us=59655 reason=tracking_pose_accepted
x=2.09991 y=2.1001 yaw=-0.031711 score=0.958839 valid=1 mode=tracking state=TRACKING evaluated=831 execution_us=59547 reason=tracking_pose_accepted
x=2.09991 y=2.0501 yaw=-0.0326452 score=0.953701 valid=1 mode=tracking state=TRACKING evaluated=807 execution_us=61416 reason=tracking_pose_accepted
x=2.09991 y=2.1001 yaw=-0.0335793 score=0.957962 valid=1 mode=tracking state=TRACKING evaluated=831 execution_us=53692 reason=tracking_pose_accepted
x=2.09991 y=2.0501 yaw=-0.0345135 score=0.955501 valid=1 mode=tracking state=TRACKING evaluated=807 execution_us=52343 reason=tracking_pose_accepted
x=2.09991 y=2.0501 yaw=-0.0354476 score=0.958656 valid=1 mode=tracking state=TRACKING evaluated=831 execution_us=54202 reason=tracking_pose_accepted
x=2.09992 y=2.0501 yaw=-0.0363818 score=0.957807 valid=1 mode=tracking state=TRACKING evaluated=831 execution_us=53713 reason=tracking_pose_accepted
x=2.09992 y=2.0501 yaw=-0.0373159 score=0.953147 valid=1 mode=tracking state=TRACKING evaluated=831 execution_us=61535 reason=tracking_pose_accepted
x=2.09992 y=2.0501 yaw=-0.0382501 score=0.953094 valid=1 mode=tracking state=TRACKING evaluated=831 execution_us=59084 reason=tracking_pose_accepted
x=2.09992 y=2.0501 yaw=-0.021731 score=0.951661 valid=1 mode=tracking state=TRACKING evaluated=831 execution_us=58826 reason=tracking_pose_accepted
x=2.09992 y=2.0501 yaw=-0.0401184 score=0.953488 valid=1 mode=tracking state=TRACKING evaluated=831 execution_us=59998 reason=tracking_pose_accepted
x=2.09992 y=2.0501 yaw=-0.0410525 score=0.950873 valid=1 mode=tracking state=TRACKING evaluated=831 execution_us=59366 reason=tracking_pose_accepted
x=2.09992 y=2.0501 yaw=-0.0245334 score=0.951953 valid=1 mode=tracking state=TRACKING evaluated=831 execution_us=61803 reason=tracking_pose_accepted
x=2.09992 y=2.0501 yaw=-0.0254676 score=0.951088 valid=1 mode=tracking state=TRACKING evaluated=831 execution_us=57115 reason=tracking_pose_accepted
x=2.09992 y=2.0501 yaw=-0.0264017 score=0.952627 valid=1 mode=tracking state=TRACKING evaluated=831 execution_us=57018 reason=tracking_pose_accepted
x=2.09992 y=2.0501 yaw=-0.0273359 score=0.952606 valid=1 mode=tracking state=TRACKING evaluated=831 execution_us=57050 reason=tracking_pose_accepted
x=2.09992 y=2.0501 yaw=-0.02827 score=0.954892 valid=1 mode=tracking state=TRACKING evaluated=831 execution_us=57341 reason=tracking_pose_accepted
x=2.09992 y=2.0501 yaw=-0.0292042 score=0.955549 valid=1 mode=tracking state=TRACKING evaluated=831 execution_us=57184 reason=tracking_pose_accepted
x=2.09992 y=2.0501 yaw=-0.0301383 score=0.960481 valid=1 mode=tracking state=TRACKING evaluated=831 execution_us=58808 reason=tracking_pose_accepted
x=2.09992 y=2.05011 yaw=-0.0310725 score=0.958078 valid=1 mode=tracking state=TRACKING evaluated=831 execution_us=60938 reason=tracking_pose_accepted
x=2.09992 y=2.05011 yaw=-0.0145534 score=0.958568 valid=1 mode=tracking state=TRACKING evaluated=831 execution_us=61506 reason=tracking_pose_accepted
x=2.09992 y=2.05011 yaw=-0.0329408 score=0.952424 valid=1 mode=tracking state=TRACKING evaluated=831 execution_us=63041 reason=tracking_pose_accepted
x=2.09992 y=2.05011 yaw=-0.033875 score=0.952911 valid=1 mode=tracking state=TRACKING evaluated=831 execution_us=51854 reason=tracking_pose_accepted
x=2.09992 y=2.05011 yaw=-0.0348091 score=0.952359 valid=1 mode=tracking state=TRACKING evaluated=831 execution_us=62060 reason=tracking_pose_accepted
x=2.09992 y=2.05011 yaw=-0.0357433 score=0.95459 valid=1 mode=tracking state=TRACKING evaluated=831 execution_us=52162 reason=tracking_pose_accepted
x=2.09992 y=2.05011 yaw=-0.0366774 score=0.953226 valid=1 mode=tracking state=TRACKING evaluated=831 execution_us=58747 reason=tracking_pose_accepted
x=2.09992 y=2.05011 yaw=-0.0376116 score=0.953738 valid=1 mode=tracking state=TRACKING evaluated=831 execution_us=59540 reason=tracking_pose_accepted
x=2.09992 y=2.05011 yaw=-0.0385457 score=0.954487 valid=1 mode=tracking state=TRACKING evaluated=831 execution_us=59340 reason=tracking_pose_accepted
x=2.09992 y=2.05011 yaw=-0.0394799 score=0.955464 valid=1 mode=tracking state=TRACKING evaluated=831 execution_us=59934 reason=tracking_pose_accepted
x=2.09992 y=2.05011 yaw=-0.040414 score=0.956403 valid=1 mode=tracking state=TRACKING evaluated=831 execution_us=60048 reason=tracking_pose_accepted
x=2.09992 y=2.05011 yaw=-0.0238949 score=0.956243 valid=1 mode=tracking state=TRACKING evaluated=831 execution_us=59808 reason=tracking_pose_accepted
x=2.09992 y=2.05011 yaw=-0.024829 score=0.95461 valid=1 mode=tracking state=TRACKING evaluated=831 execution_us=53323 reason=tracking_pose_accepted
x=2.09992 y=2.05011 yaw=-0.0257632 score=0.95799 valid=1 mode=tracking state=TRACKING evaluated=831 execution_us=54212 reason=tracking_pose_accepted
x=2.09992 y=2.05011 yaw=-0.0266973 score=0.955075 valid=1 mode=tracking state=TRACKING evaluated=831 execution_us=53648 reason=tracking_pose_accepted
x=2.09992 y=2.05011 yaw=-0.0276315 score=0.95505 valid=1 mode=tracking state=TRACKING evaluated=831 execution_us=53306 reason=tracking_pose_accepted
x=2.09992 y=2.05011 yaw=-0.0285656 score=0.955095 valid=1 mode=tracking state=TRACKING evaluated=831 execution_us=54179 reason=tracking_pose_accepted
x=2.09992 y=2.05011 yaw=-0.0294998 score=0.958032 valid=1 mode=tracking state=TRACKING evaluated=831 execution_us=61163 reason=tracking_pose_accepted
x=2.09992 y=2.05011 yaw=-0.030434 score=0.957304 valid=1 mode=tracking state=TRACKING evaluated=831 execution_us=58347 reason=tracking_pose_accepted
x=2.09992 y=2.05011 yaw=-0.0313681 score=0.958187 valid=1 mode=tracking state=TRACKING evaluated=831 execution_us=57896 reason=tracking_pose_accepted
x=2.09992 y=2.05011 yaw=-0.0323023 score=0.957206 valid=1 mode=tracking state=TRACKING evaluated=831 execution_us=58825 reason=tracking_pose_accepted
x=2.09992 y=2.05011 yaw=-0.0332364 score=0.960378 valid=1 mode=tracking state=TRACKING evaluated=831 execution_us=59516 reason=tracking_pose_accepted
x=2.09992 y=2.05011 yaw=-0.0341706 score=0.958036 valid=1 mode=tracking state=TRACKING evaluated=831 execution_us=58525 reason=tracking_pose_accepted
x=2.09992 y=2.05011 yaw=-0.0351047 score=0.955703 valid=1 mode=tracking state=TRACKING evaluated=831 execution_us=100229 reason=tracking_pose_accepted
x=2.09992 y=2.05011 yaw=-0.0360389 score=0.957179 valid=1 mode=tracking state=TRACKING evaluated=831 execution_us=87264 reason=tracking_pose_accepted
x=2.09992 y=2.05011 yaw=-0.0195197 score=0.954194 valid=1 mode=tracking state=TRACKING evaluated=831 execution_us=49623 reason=tracking_pose_accepted
x=2.09992 y=2.05011 yaw=-0.0379072 score=0.954096 valid=1 mode=tracking state=TRACKING evaluated=831 execution_us=57421 reason=tracking_pose_accepted
x=2.09992 y=2.05011 yaw=-0.0388413 score=0.956263 valid=1 mode=tracking state=TRACKING evaluated=831 execution_us=56407 reason=tracking_pose_accepted
x=2.09992 y=2.05011 yaw=-0.0397755 score=0.955576 valid=1 mode=tracking state=TRACKING evaluated=831 execution_us=56793 reason=tracking_pose_accepted
x=2.09993 y=2.05011 yaw=-0.0232563 score=0.954252 valid=1 mode=tracking state=TRACKING evaluated=831 execution_us=61024 reason=tracking_pose_accepted
x=2.09993 y=2.05011 yaw=-0.0241905 score=0.956129 valid=1 mode=tracking state=TRACKING evaluated=831 execution_us=60614 reason=tracking_pose_accepted
x=2.09993 y=2.05011 yaw=-0.0251246 score=0.95159 valid=1 mode=tracking state=TRACKING evaluated=831 execution_us=61273 reason=tracking_pose_accepted
x=2.09993 y=2.05011 yaw=-0.0435121 score=0.954143 valid=1 mode=tracking state=TRACKING evaluated=831 execution_us=99822 reason=tracking_pose_accepted
x=2.09993 y=2.05011 yaw=-0.026993 score=0.954143 valid=1 mode=tracking state=TRACKING evaluated=831 execution_us=100670 reason=tracking_pose_accepted
x=2.09993 y=2.05011 yaw=-0.0279271 score=0.954922 valid=1 mode=tracking state=TRACKING evaluated=831 execution_us=121972 reason=tracking_pose_accepted
x=2.09993 y=2.05011 yaw=-0.0288613 score=0.952504 valid=1 mode=tracking state=TRACKING evaluated=831 execution_us=131753 reason=tracking_pose_accepted
x=2.09993 y=2.05011 yaw=-0.0297954 score=0.956009 valid=1 mode=tracking state=TRACKING evaluated=831 execution_us=110008 reason=tracking_pose_accepted
x=2.09993 y=2.05011 yaw=-0.0307296 score=0.952992 valid=1 mode=tracking state=TRACKING evaluated=831 execution_us=49510 reason=tracking_pose_accepted
x=2.09993 y=2.05011 yaw=-0.0316637 score=0.952849 valid=1 mode=tracking state=TRACKING evaluated=831 execution_us=48645 reason=tracking_pose_accepted
x=2.09993 y=2.05011 yaw=-0.0325979 score=0.958782 valid=1 mode=tracking state=TRACKING evaluated=831 execution_us=48029 reason=tracking_pose_accepted
x=2.09993 y=2.05011 yaw=-0.0160787 score=0.954156 valid=1 mode=tracking state=TRACKING evaluated=831 execution_us=53018 reason=tracking_pose_accepted
x=2.09993 y=2.05011 yaw=-0.0344662 score=0.954075 valid=1 mode=tracking state=TRACKING evaluated=831 execution_us=53209 reason=tracking_pose_accepted
x=2.09993 y=2.05012 yaw=-0.0354003 score=0.954687 valid=1 mode=tracking state=TRACKING evaluated=831 execution_us=54105 reason=tracking_pose_accepted
x=2.09993 y=2.05012 yaw=-0.0363345 score=0.954194 valid=1 mode=tracking state=TRACKING evaluated=831 execution_us=61120 reason=tracking_pose_accepted
x=2.09993 y=2.05012 yaw=-0.0372686 score=0.953792 valid=1 mode=tracking state=TRACKING evaluated=831 execution_us=61017 reason=tracking_pose_accepted
x=2.09993 y=2.05012 yaw=-0.0207495 score=0.951907 valid=1 mode=tracking state=TRACKING evaluated=831 execution_us=62140 reason=tracking_pose_accepted
x=2.09993 y=2.05012 yaw=-0.0216837 score=0.951851 valid=1 mode=tracking state=TRACKING evaluated=831 execution_us=60950 reason=tracking_pose_accepted
x=2.09993 y=2.05012 yaw=-0.0400711 score=0.950435 valid=1 mode=tracking state=TRACKING evaluated=831 execution_us=61537 reason=tracking_pose_accepted
x=2.09993 y=2.05012 yaw=-0.0410053 score=0.955345 valid=1 mode=tracking state=TRACKING evaluated=831 execution_us=53920 reason=tracking_pose_accepted
x=2.09993 y=2.05012 yaw=-0.0419395 score=0.952596 valid=1 mode=tracking state=TRACKING evaluated=831 execution_us=54983 reason=tracking_pose_accepted
x=2.09993 y=2.05012 yaw=-0.0254203 score=0.95287 valid=1 mode=tracking state=TRACKING evaluated=831 execution_us=55112 reason=tracking_pose_accepted
x=2.09993 y=2.05012 yaw=-0.0263545 score=0.957159 valid=1 mode=tracking state=TRACKING evaluated=831 execution_us=55561 reason=tracking_pose_accepted
x=2.09993 y=2.05012 yaw=-0.0272886 score=0.958905 valid=1 mode=tracking state=TRACKING evaluated=831 execution_us=56216 reason=tracking_pose_accepted
x=2.09993 y=2.05012 yaw=-0.0282228 score=0.954994 valid=1 mode=tracking state=TRACKING evaluated=831 execution_us=56240 reason=tracking_pose_accepted
x=2.09993 y=2.05012 yaw=-0.029157 score=0.958218 valid=1 mode=tracking state=TRACKING evaluated=831 execution_us=59608 reason=tracking_pose_accepted
x=2.09993 y=2.05012 yaw=-0.0300911 score=0.9554 valid=1 mode=tracking state=TRACKING evaluated=831 execution_us=60118 reason=tracking_pose_accepted
x=2.09993 y=2.05012 yaw=-0.0310253 score=0.956111 valid=1 mode=tracking state=TRACKING evaluated=831 execution_us=60976 reason=tracking_pose_accepted
x=2.09993 y=2.05012 yaw=-0.0319594 score=0.955197 valid=1 mode=tracking state=TRACKING evaluated=831 execution_us=60648 reason=tracking_pose_accepted
x=2.09993 y=2.05012 yaw=-0.0328936 score=0.957491 valid=1 mode=tracking state=TRACKING evaluated=831 execution_us=60912 reason=tracking_pose_accepted
x=2.09993 y=2.05012 yaw=-0.0338277 score=0.955241 valid=1 mode=tracking state=TRACKING evaluated=831 execution_us=61102 reason=tracking_pose_accepted
x=2.09993 y=2.05012 yaw=-0.0347619 score=0.949547 valid=1 mode=tracking state=TRACKING evaluated=831 execution_us=57542 reason=tracking_pose_accepted
x=2.09993 y=2.05012 yaw=-0.035696 score=0.954469 valid=1 mode=tracking state=TRACKING evaluated=831 execution_us=57750 reason=tracking_pose_accepted
x=2.09993 y=2.05012 yaw=-0.0366302 score=0.95864 valid=1 mode=tracking state=TRACKING evaluated=831 execution_us=58284 reason=tracking_pose_accepted
x=2.09993 y=2.05012 yaw=-0.0375643 score=0.951031 valid=1 mode=tracking state=TRACKING evaluated=831 execution_us=60116 reason=tracking_pose_accepted
x=2.09993 y=2.05012 yaw=-0.0384985 score=0.953838 valid=1 mode=tracking state=TRACKING evaluated=831 execution_us=57356 reason=tracking_pose_accepted
x=2.09993 y=2.05012 yaw=-0.0394326 score=0.955379 valid=1 mode=tracking state=TRACKING evaluated=831 execution_us=61831 reason=tracking_pose_accepted
x=2.09993 y=2.05012 yaw=-0.0403668 score=0.949151 valid=1 mode=tracking state=TRACKING evaluated=831 execution_us=53749 reason=tracking_pose_accepted
x=2.09993 y=2.05012 yaw=-0.041301 score=0.954394 valid=1 mode=tracking state=TRACKING evaluated=831 execution_us=52940 reason=tracking_pose_accepted
x=2.09993 y=2.05012 yaw=-0.0247819 score=0.954215 valid=1 mode=tracking state=TRACKING evaluated=831 execution_us=52873 reason=tracking_pose_accepted
x=2.09993 y=2.05012 yaw=-0.025716 score=0.952194 valid=1 mode=tracking state=TRACKING evaluated=831 execution_us=52807 reason=tracking_pose_accepted
x=2.09993 y=2.05012 yaw=-0.0266502 score=0.955535 valid=1 mode=tracking state=TRACKING evaluated=831 execution_us=53443 reason=tracking_pose_accepted
x=2.09994 y=2.05012 yaw=-0.0275843 score=0.95851 valid=1 mode=tracking state=TRACKING evaluated=831 execution_us=60534 reason=tracking_pose_accepted
x=2.09994 y=2.05012 yaw=-0.0285185 score=0.953215 valid=1 mode=tracking state=TRACKING evaluated=831 execution_us=61249 reason=tracking_pose_accepted
x=2.09994 y=2.05012 yaw=-0.0294526 score=0.955933 valid=1 mode=tracking state=TRACKING evaluated=831 execution_us=61323 reason=tracking_pose_accepted
x=2.09994 y=2.05012 yaw=-0.0303868 score=0.955501 valid=1 mode=tracking state=TRACKING evaluated=831 execution_us=61119 reason=tracking_pose_accepted
x=2.09994 y=2.05012 yaw=-0.0313209 score=0.956111 valid=1 mode=tracking state=TRACKING evaluated=831 execution_us=61694 reason=tracking_pose_accepted
x=2.09994 y=2.05012 yaw=-0.0322551 score=0.954116 valid=1 mode=tracking state=TRACKING evaluated=831 execution_us=63167 reason=tracking_pose_accepted
x=2.09994 y=2.05012 yaw=-0.0331892 score=0.95511 valid=1 mode=tracking state=TRACKING evaluated=831 execution_us=54784 reason=tracking_pose_accepted
x=2.09994 y=2.05012 yaw=-0.0341234 score=0.957066 valid=1 mode=tracking state=TRACKING evaluated=831 execution_us=55072 reason=tracking_pose_accepted
x=2.09994 y=2.05012 yaw=-0.0350575 score=0.954163 valid=1 mode=tracking state=TRACKING evaluated=831 execution_us=53875 reason=tracking_pose_accepted
x=2.09994 y=2.05012 yaw=-0.0359917 score=0.958201 valid=1 mode=tracking state=TRACKING evaluated=831 execution_us=54942 reason=tracking_pose_accepted
x=2.09994 y=2.05012 yaw=-0.0369259 score=0.954096 valid=1 mode=tracking state=TRACKING evaluated=831 execution_us=55826 reason=tracking_pose_accepted
x=2.09994 y=2.05012 yaw=-0.0204067 score=0.953827 valid=1 mode=tracking state=TRACKING evaluated=831 execution_us=59455 reason=tracking_pose_accepted
x=2.09994 y=2.05012 yaw=-0.0213409 score=0.954013 valid=1 mode=tracking state=TRACKING evaluated=831 execution_us=60297 reason=tracking_pose_accepted
x=2.09994 y=2.05013 yaw=-0.0397283 score=0.955464 valid=1 mode=tracking state=TRACKING evaluated=831 execution_us=59944 reason=tracking_pose_accepted
x=2.09994 y=2.05013 yaw=-0.0406625 score=0.95591 valid=1 mode=tracking state=TRACKING evaluated=831 execution_us=60732 reason=tracking_pose_accepted
x=2.09994 y=2.05013 yaw=-0.0415967 score=0.954435 valid=1 mode=tracking state=TRACKING evaluated=831 execution_us=60673 reason=tracking_pose_accepted
x=2.09994 y=2.05013 yaw=-0.0250776 score=0.955386 valid=1 mode=tracking state=TRACKING evaluated=831 execution_us=61529 reason=tracking_pose_accepted
x=2.09994 y=2.05013 yaw=-0.0260117 score=0.95508 valid=1 mode=tracking state=TRACKING evaluated=831 execution_us=57385 reason=tracking_pose_accepted
x=2.09994 y=2.05013 yaw=-0.0269458 score=0.952483 valid=1 mode=tracking state=TRACKING evaluated=831 execution_us=57632 reason=tracking_pose_accepted
x=2.09994 y=2.05013 yaw=-0.02788 score=0.953721 valid=1 mode=tracking state=TRACKING evaluated=831 execution_us=58009 reason=tracking_pose_accepted
x=2.09994 y=2.05013 yaw=-0.0288142 score=0.956721 valid=1 mode=tracking state=TRACKING evaluated=831 execution_us=58343 reason=tracking_pose_accepted
x=2.09994 y=2.05013 yaw=-0.0297483 score=0.954201 valid=1 mode=tracking state=TRACKING evaluated=831 execution_us=57841 reason=tracking_pose_accepted
x=2.09994 y=2.10013 yaw=-0.0306825 score=0.955423 valid=1 mode=tracking state=TRACKING evaluated=831 execution_us=64351 reason=tracking_pose_accepted
x=2.09994 y=2.05013 yaw=-0.0316166 score=0.953482 valid=1 mode=tracking state=TRACKING evaluated=807 execution_us=50232 reason=tracking_pose_accepted
x=2.09994 y=2.05013 yaw=-0.0325508 score=0.956801 valid=1 mode=tracking state=TRACKING evaluated=831 execution_us=51361 reason=tracking_pose_accepted
x=2.09994 y=2.05013 yaw=-0.0334849 score=0.958281 valid=1 mode=tracking state=TRACKING evaluated=831 execution_us=52312 reason=tracking_pose_accepted
x=2.09994 y=2.05013 yaw=-0.0344191 score=0.951435 valid=1 mode=tracking state=TRACKING evaluated=831 execution_us=52995 reason=tracking_pose_accepted
x=2.09994 y=2.05013 yaw=-0.0353532 score=0.955803 valid=1 mode=tracking state=TRACKING evaluated=831 execution_us=52529 reason=tracking_pose_accepted
x=2.09994 y=2.05013 yaw=-0.0362874 score=0.953481 valid=1 mode=tracking state=TRACKING evaluated=831 execution_us=60751 reason=tracking_pose_accepted
x=2.09994 y=2.05013 yaw=-0.0372216 score=0.955654 valid=1 mode=tracking state=TRACKING evaluated=831 execution_us=59620 reason=tracking_pose_accepted
x=2.09994 y=2.05013 yaw=-0.0381557 score=0.954636 valid=1 mode=tracking state=TRACKING evaluated=831 execution_us=59246 reason=tracking_pose_accepted
x=2.09994 y=2.05013 yaw=-0.0390899 score=0.951907 valid=1 mode=tracking state=TRACKING evaluated=831 execution_us=60389 reason=tracking_pose_accepted
x=2.09994 y=2.05013 yaw=-0.0225707 score=0.9521 valid=1 mode=tracking state=TRACKING evaluated=831 execution_us=60368 reason=tracking_pose_accepted
x=2.09994 y=2.05013 yaw=-0.0409582 score=0.955606 valid=1 mode=tracking state=TRACKING evaluated=831 execution_us=60172 reason=tracking_pose_accepted
x=2.09994 y=2.05013 yaw=-0.0418923 score=0.956015 valid=1 mode=tracking state=TRACKING evaluated=831 execution_us=52676 reason=tracking_pose_accepted
x=2.09994 y=2.05013 yaw=-0.0428265 score=0.95395 valid=1 mode=tracking state=TRACKING evaluated=831 execution_us=54230 reason=tracking_pose_accepted
x=2.09994 y=2.05013 yaw=-0.0263074 score=0.952951 valid=1 mode=tracking state=TRACKING evaluated=831 execution_us=54888 reason=tracking_pose_accepted
x=2.09994 y=2.05013 yaw=-0.0272415 score=0.95578 valid=1 mode=tracking state=TRACKING evaluated=831 execution_us=53780 reason=tracking_pose_accepted
x=2.09994 y=2.05013 yaw=-0.0281757 score=0.952931 valid=1 mode=tracking state=TRACKING evaluated=831 execution_us=55087 reason=tracking_pose_accepted
x=2.09994 y=2.05013 yaw=-0.0291098 score=0.955806 valid=1 mode=tracking state=TRACKING evaluated=831 execution_us=56147 reason=tracking_pose_accepted
x=2.09994 y=2.05013 yaw=-0.030044 score=0.953215 valid=1 mode=tracking state=TRACKING evaluated=831 execution_us=59363 reason=tracking_pose_accepted
x=2.09994 y=2.05013 yaw=-0.0309781 score=0.954218 valid=1 mode=tracking state=TRACKING evaluated=831 execution_us=60034 reason=tracking_pose_accepted
x=2.09995 y=2.05013 yaw=-0.014459 score=0.956689 valid=1 mode=tracking state=TRACKING evaluated=831 execution_us=60553 reason=tracking_pose_accepted
x=2.09995 y=2.05013 yaw=-0.0328465 score=0.954892 valid=1 mode=tracking state=TRACKING evaluated=831 execution_us=60011 reason=tracking_pose_accepted
x=2.09995 y=2.05013 yaw=-0.0337806 score=0.950838 valid=1 mode=tracking state=TRACKING evaluated=831 execution_us=60103 reason=tracking_pose_accepted
x=2.09995 y=2.05013 yaw=-0.0347148 score=0.95435 valid=1 mode=tracking state=TRACKING evaluated=831 execution_us=65905 reason=tracking_pose_accepted
x=2.09995 y=2.05013 yaw=-0.0356489 score=0.957416 valid=1 mode=tracking state=TRACKING evaluated=831 execution_us=56851 reason=tracking_pose_accepted
x=2.09995 y=2.05013 yaw=-0.0365831 score=0.956494 valid=1 mode=tracking state=TRACKING evaluated=831 execution_us=58149 reason=tracking_pose_accepted
x=2.09995 y=2.05013 yaw=-0.0375172 score=0.955844 valid=1 mode=tracking state=TRACKING evaluated=831 execution_us=57276 reason=tracking_pose_accepted
x=2.09995 y=2.05013 yaw=-0.0384514 score=0.956437 valid=1 mode=tracking state=TRACKING evaluated=831 execution_us=57877 reason=tracking_pose_accepted
x=2.09995 y=2.05013 yaw=-0.0393855 score=0.956025 valid=1 mode=tracking state=TRACKING evaluated=831 execution_us=58245 reason=tracking_pose_accepted
x=2.09995 y=2.05013 yaw=-0.0403197 score=0.957045 valid=1 mode=tracking state=TRACKING evaluated=831 execution_us=65264 reason=tracking_pose_accepted
x=2.09995 y=2.05013 yaw=-0.0238005 score=0.952992 valid=1 mode=tracking state=TRACKING evaluated=831 execution_us=60974 reason=tracking_pose_accepted
x=2.09995 y=2.05013 yaw=-0.0247347 score=0.951522 valid=1 mode=tracking state=TRACKING evaluated=831 execution_us=51755 reason=tracking_pose_accepted
x=2.09995 y=2.05013 yaw=-0.0256688 score=0.953215 valid=1 mode=tracking state=TRACKING evaluated=831 execution_us=51652 reason=tracking_pose_accepted
x=2.09995 y=2.05013 yaw=-0.026603 score=0.952931 valid=1 mode=tracking state=TRACKING evaluated=831 execution_us=62197 reason=tracking_pose_accepted
x=2.09995 y=2.05014 yaw=-0.0275371 score=0.952627 valid=1 mode=tracking state=TRACKING evaluated=831 execution_us=62795 reason=tracking_pose_accepted
x=2.09995 y=2.05014 yaw=-0.0284713 score=0.953185 valid=1 mode=tracking state=TRACKING evaluated=831 execution_us=58999 reason=tracking_pose_accepted
x=2.09995 y=2.05014 yaw=-0.0294054 score=0.953552 valid=1 mode=tracking state=TRACKING evaluated=831 execution_us=57329 reason=tracking_pose_accepted
x=2.09995 y=2.05014 yaw=-0.0303396 score=0.958098 valid=1 mode=tracking state=TRACKING evaluated=831 execution_us=59274 reason=tracking_pose_accepted
x=2.09995 y=2.05014 yaw=-0.0312738 score=0.955112 valid=1 mode=tracking state=TRACKING evaluated=831 execution_us=59311 reason=tracking_pose_accepted
x=2.09995 y=2.05014 yaw=-0.0322079 score=0.958702 valid=1 mode=tracking state=TRACKING evaluated=831 execution_us=60774 reason=tracking_pose_accepted
x=2.09995 y=2.05014 yaw=-0.0331421 score=0.958493 valid=1 mode=tracking state=TRACKING evaluated=831 execution_us=60055 reason=tracking_pose_accepted
x=2.09995 y=2.05014 yaw=-0.0340762 score=0.957592 valid=1 mode=tracking state=TRACKING evaluated=831 execution_us=62680 reason=tracking_pose_accepted
x=2.09995 y=2.05014 yaw=-0.0350104 score=0.957486 valid=1 mode=tracking state=TRACKING evaluated=831 execution_us=52633 reason=tracking_pose_accepted
x=2.09995 y=2.05014 yaw=-0.0359445 score=0.956036 valid=1 mode=tracking state=TRACKING evaluated=831 execution_us=54690 reason=tracking_pose_accepted
x=2.09995 y=2.05014 yaw=-0.0368787 score=0.956072 valid=1 mode=tracking state=TRACKING evaluated=831 execution_us=54811 reason=tracking_pose_accepted
x=2.09995 y=2.05014 yaw=-0.0378128 score=0.954636 valid=1 mode=tracking state=TRACKING evaluated=831 execution_us=54342 reason=tracking_pose_accepted
x=2.09995 y=2.05014 yaw=-0.038747 score=0.955768 valid=1 mode=tracking state=TRACKING evaluated=831 execution_us=54244 reason=tracking_pose_accepted
x=2.09995 y=2.05014 yaw=-0.0396811 score=0.957239 valid=1 mode=tracking state=TRACKING evaluated=831 execution_us=61350 reason=tracking_pose_accepted
x=2.09995 y=2.05014 yaw=-0.023162 score=0.958411 valid=1 mode=tracking state=TRACKING evaluated=831 execution_us=58322 reason=tracking_pose_accepted
x=2.09995 y=2.05014 yaw=-0.0415494 score=0.9556 valid=1 mode=tracking state=TRACKING evaluated=831 execution_us=58758 reason=tracking_pose_accepted
x=2.09995 y=2.05014 yaw=-0.0250303 score=0.956162 valid=1 mode=tracking state=TRACKING evaluated=831 execution_us=59583 reason=tracking_pose_accepted
x=2.09995 y=2.05014 yaw=-0.0259644 score=0.956001 valid=1 mode=tracking state=TRACKING evaluated=831 execution_us=59652 reason=tracking_pose_accepted
x=2.09995 y=2.05014 yaw=-0.0268986 score=0.953602 valid=1 mode=tracking state=TRACKING evaluated=831 execution_us=59662 reason=tracking_pose_accepted
x=2.09995 y=2.05014 yaw=-0.0278327 score=0.953002 valid=1 mode=tracking state=TRACKING evaluated=831 execution_us=56968 reason=tracking_pose_accepted
x=2.09995 y=2.05014 yaw=-0.0287669 score=0.952808 valid=1 mode=tracking state=TRACKING evaluated=831 execution_us=56006 reason=tracking_pose_accepted
x=2.09995 y=2.05014 yaw=-0.0297011 score=0.956001 valid=1 mode=tracking state=TRACKING evaluated=831 execution_us=57461 reason=tracking_pose_accepted
x=2.09995 y=2.05014 yaw=-0.0306352 score=0.953944 valid=1 mode=tracking state=TRACKING evaluated=831 execution_us=57086 reason=tracking_pose_accepted
x=2.09995 y=2.05014 yaw=-0.0315694 score=0.953671 valid=1 mode=tracking state=TRACKING evaluated=831 execution_us=55605 reason=tracking_pose_accepted
x=2.09995 y=2.05014 yaw=-0.0325035 score=0.958513 valid=1 mode=tracking state=TRACKING evaluated=831 execution_us=64783 reason=tracking_pose_accepted
x=2.09995 y=2.05014 yaw=-0.0334377 score=0.955895 valid=1 mode=tracking state=TRACKING evaluated=831 execution_us=61053 reason=tracking_pose_accepted
x=2.09995 y=2.05014 yaw=-0.0343718 score=0.957787 valid=1 mode=tracking state=TRACKING evaluated=831 execution_us=61636 reason=tracking_pose_accepted
x=2.09995 y=2.05014 yaw=-0.035306 score=0.956984 valid=1 mode=tracking state=TRACKING evaluated=831 execution_us=62354 reason=tracking_pose_accepted
x=2.09996 y=2.05014 yaw=-0.0362401 score=0.953792 valid=1 mode=tracking state=TRACKING evaluated=831 execution_us=61956 reason=tracking_pose_accepted
x=2.09996 y=2.05014 yaw=-0.0371743 score=0.957182 valid=1 mode=tracking state=TRACKING evaluated=831 execution_us=61967 reason=tracking_pose_accepted
x=2.09996 y=2.05014 yaw=-0.0381084 score=0.956535 valid=1 mode=tracking state=TRACKING evaluated=831 execution_us=58541 reason=tracking_pose_accepted
x=2.09996 y=2.05014 yaw=-0.0390426 score=0.952543 valid=1 mode=tracking state=TRACKING evaluated=831 execution_us=59124 reason=tracking_pose_accepted
x=2.09996 y=2.05014 yaw=-0.0399767 score=0.955785 valid=1 mode=tracking state=TRACKING evaluated=831 execution_us=59293 reason=tracking_pose_accepted
x=2.09996 y=2.05014 yaw=-0.0234576 score=0.952808 valid=1 mode=tracking state=TRACKING evaluated=831 execution_us=59435 reason=tracking_pose_accepted
x=2.09996 y=2.05014 yaw=-0.0418451 score=0.956148 valid=1 mode=tracking state=TRACKING evaluated=831 execution_us=59656 reason=tracking_pose_accepted
x=2.09996 y=2.05014 yaw=-0.0253259 score=0.951564 valid=1 mode=tracking state=TRACKING evaluated=831 execution_us=61097 reason=tracking_pose_accepted
x=2.09996 y=2.05014 yaw=-0.0262601 score=0.95799 valid=1 mode=tracking state=TRACKING evaluated=831 execution_us=66876 reason=tracking_pose_accepted
x=2.09996 y=2.05014 yaw=-0.0271942 score=0.955494 valid=1 mode=tracking state=TRACKING evaluated=831 execution_us=52753 reason=tracking_pose_accepted
x=2.09996 y=2.05014 yaw=-0.0281284 score=0.955882 valid=1 mode=tracking state=TRACKING evaluated=831 execution_us=53285 reason=tracking_pose_accepted
x=2.09996 y=2.05014 yaw=-0.0290625 score=0.95791 valid=1 mode=tracking state=TRACKING evaluated=831 execution_us=53440 reason=tracking_pose_accepted
x=2.09996 y=2.05014 yaw=-0.0299967 score=0.955966 valid=1 mode=tracking state=TRACKING evaluated=831 execution_us=54382 reason=tracking_pose_accepted
x=2.09996 y=2.05014 yaw=-0.0309308 score=0.956495 valid=1 mode=tracking state=TRACKING evaluated=831 execution_us=54440 reason=tracking_pose_accepted
x=2.09996 y=2.05015 yaw=-0.031865 score=0.955819 valid=1 mode=tracking state=TRACKING evaluated=831 execution_us=58074 reason=tracking_pose_accepted
x=2.09996 y=2.05015 yaw=-0.0327992 score=0.95963 valid=1 mode=tracking state=TRACKING evaluated=831 execution_us=58279 reason=tracking_pose_accepted
x=2.09996 y=2.05015 yaw=-0.0337333 score=0.950497 valid=1 mode=tracking state=TRACKING evaluated=831 execution_us=58587 reason=tracking_pose_accepted
x=2.09996 y=2.05015 yaw=-0.0172142 score=0.954724 valid=1 mode=tracking state=TRACKING evaluated=831 execution_us=58983 reason=tracking_pose_accepted
x=2.09996 y=2.05015 yaw=-0.0356016 score=0.959545 valid=1 mode=tracking state=TRACKING evaluated=831 execution_us=59352 reason=tracking_pose_accepted
x=2.09996 y=2.05015 yaw=-0.0365358 score=0.958818 valid=1 mode=tracking state=TRACKING evaluated=831 execution_us=54952 reason=tracking_pose_accepted
x=2.09996 y=2.05015 yaw=-0.0374699 score=0.956465 valid=1 mode=tracking state=TRACKING evaluated=831 execution_us=56174 reason=tracking_pose_accepted
x=2.09996 y=2.05015 yaw=-0.0384041 score=0.953454 valid=1 mode=tracking state=TRACKING evaluated=831 execution_us=56201 reason=tracking_pose_accepted
x=2.09996 y=2.05015 yaw=-0.0393382 score=0.950658 valid=1 mode=tracking state=TRACKING evaluated=831 execution_us=55696 reason=tracking_pose_accepted
x=2.09996 y=2.05015 yaw=-0.0228191 score=0.952543 valid=1 mode=tracking state=TRACKING evaluated=831 execution_us=56797 reason=tracking_pose_accepted
x=2.09996 y=2.05015 yaw=-0.0237532 score=0.955284 valid=1 mode=tracking state=TRACKING evaluated=831 execution_us=56543 reason=tracking_pose_accepted
x=2.09996 y=2.05015 yaw=-0.0246874 score=0.953652 valid=1 mode=tracking state=TRACKING evaluated=831 execution_us=60323 reason=tracking_pose_accepted
x=2.09996 y=2.05015 yaw=-0.0256216 score=0.953215 valid=1 mode=tracking state=TRACKING evaluated=831 execution_us=61383 reason=tracking_pose_accepted
x=2.09996 y=2.05015 yaw=-0.0265557 score=0.95708 valid=1 mode=tracking state=TRACKING evaluated=831 execution_us=86087 reason=tracking_pose_accepted
x=2.09996 y=2.05015 yaw=-0.0274899 score=0.955913 valid=1 mode=tracking state=TRACKING evaluated=831 execution_us=97971 reason=tracking_pose_accepted
x=2.09996 y=2.05015 yaw=-0.028424 score=0.958493 valid=1 mode=tracking state=TRACKING evaluated=831 execution_us=93028 reason=tracking_pose_accepted
x=2.09996 y=2.05015 yaw=-0.0293582 score=0.953336 valid=1 mode=tracking state=TRACKING evaluated=831 execution_us=91287 reason=tracking_pose_accepted
x=2.09996 y=2.05015 yaw=-0.0302923 score=0.957095 valid=1 mode=tracking state=TRACKING evaluated=831 execution_us=56837 reason=tracking_pose_accepted
x=2.09996 y=2.05015 yaw=-0.0312265 score=0.957602 valid=1 mode=tracking state=TRACKING evaluated=831 execution_us=69739 reason=tracking_pose_accepted
x=2.09996 y=2.05015 yaw=-0.0321606 score=0.958798 valid=1 mode=tracking state=TRACKING evaluated=831 execution_us=59955 reason=tracking_pose_accepted
x=2.09996 y=2.05015 yaw=-0.0330948 score=0.953012 valid=1 mode=tracking state=TRACKING evaluated=831 execution_us=59493 reason=tracking_pose_accepted
x=2.09996 y=2.05015 yaw=-0.0340289 score=0.956832 valid=1 mode=tracking state=TRACKING evaluated=831 execution_us=65867 reason=tracking_pose_accepted
x=2.09996 y=2.05015 yaw=-0.0175098 score=0.951963 valid=1 mode=tracking state=TRACKING evaluated=831 execution_us=54106 reason=tracking_pose_accepted
x=2.09996 y=2.05015 yaw=-0.0358973 score=0.95761 valid=1 mode=tracking state=TRACKING evaluated=831 execution_us=53623 reason=tracking_pose_accepted
x=2.09996 y=2.05015 yaw=-0.0368314 score=0.95674 valid=1 mode=tracking state=TRACKING evaluated=831 execution_us=53603 reason=tracking_pose_accepted
x=2.09996 y=2.05015 yaw=-0.0377656 score=0.955423 valid=1 mode=tracking state=TRACKING evaluated=831 execution_us=54297 reason=tracking_pose_accepted
x=2.09996 y=2.05015 yaw=-0.0386997 score=0.954347 valid=1 mode=tracking state=TRACKING evaluated=831 execution_us=53612 reason=tracking_pose_accepted
x=2.09996 y=2.05015 yaw=-0.0396339 score=0.950678 valid=1 mode=tracking state=TRACKING evaluated=831 execution_us=53543 reason=tracking_pose_accepted
x=2.09997 y=2.05015 yaw=-0.0231147 score=0.952009 valid=1 mode=tracking state=TRACKING evaluated=831 execution_us=60919 reason=tracking_pose_accepted
x=2.09997 y=2.05015 yaw=-0.0415021 score=0.956015 valid=1 mode=tracking state=TRACKING evaluated=831 execution_us=60955 reason=tracking_pose_accepted
x=2.09997 y=2.05015 yaw=-0.024983 score=0.953552 valid=1 mode=tracking state=TRACKING evaluated=831 execution_us=61321 reason=tracking_pose_accepted
x=2.09997 y=2.05015 yaw=-0.0259172 score=0.957457 valid=1 mode=tracking state=TRACKING evaluated=831 execution_us=58822 reason=tracking_pose_accepted
x=2.09997 y=2.05015 yaw=-0.0268513 score=0.955691 valid=1 mode=tracking state=TRACKING evaluated=831 execution_us=58785 reason=tracking_pose_accepted
x=2.09997 y=2.05015 yaw=-0.0277855 score=0.955684 valid=1 mode=tracking state=TRACKING evaluated=831 execution_us=56396 reason=tracking_pose_accepted
x=2.09997 y=2.05015 yaw=-0.0287196 score=0.95724 valid=1 mode=tracking state=TRACKING evaluated=831 execution_us=55589 reason=tracking_pose_accepted
x=2.09997 y=2.05015 yaw=-0.0296538 score=0.955725 valid=1 mode=tracking state=TRACKING evaluated=831 execution_us=55873 reason=tracking_pose_accepted
x=2.09997 y=2.05015 yaw=-0.0305879 score=0.958594 valid=1 mode=tracking state=TRACKING evaluated=831 execution_us=56550 reason=tracking_pose_accepted
x=2.09997 y=2.05015 yaw=-0.0315221 score=0.955725 valid=1 mode=tracking state=TRACKING evaluated=831 execution_us=55847 reason=tracking_pose_accepted
x=2.09997 y=2.05015 yaw=-0.015003 score=0.956618 valid=1 mode=tracking state=TRACKING evaluated=831 execution_us=56288 reason=tracking_pose_accepted
x=2.09997 y=2.05015 yaw=-0.0333904 score=0.957869 valid=1 mode=tracking state=TRACKING evaluated=831 execution_us=60724 reason=tracking_pose_accepted
x=2.09997 y=2.05015 yaw=-0.0343246 score=0.956648 valid=1 mode=tracking state=TRACKING evaluated=831 execution_us=60410 reason=tracking_pose_accepted
x=2.09997 y=2.05015 yaw=-0.0352587 score=0.951338 valid=1 mode=tracking state=TRACKING evaluated=831 execution_us=60579 reason=tracking_pose_accepted
x=2.09997 y=2.05016 yaw=-0.0187396 score=0.956904 valid=1 mode=tracking state=TRACKING evaluated=831 execution_us=60920 reason=tracking_pose_accepted
x=2.09997 y=2.05016 yaw=-0.037127 score=0.950965 valid=1 mode=tracking state=TRACKING evaluated=831 execution_us=62503 reason=tracking_pose_accepted
x=2.09997 y=2.05016 yaw=-0.0380612 score=0.955654 valid=1 mode=tracking state=TRACKING evaluated=831 execution_us=62279 reason=tracking_pose_accepted
x=2.09997 y=2.05016 yaw=-0.0389953 score=0.956324 valid=1 mode=tracking state=TRACKING evaluated=831 execution_us=58149 reason=tracking_pose_accepted
x=2.09997 y=2.05016 yaw=-0.0224762 score=0.951986 valid=1 mode=tracking state=TRACKING evaluated=831 execution_us=57846 reason=tracking_pose_accepted
x=2.09997 y=2.05016 yaw=-0.0234103 score=0.952665 valid=1 mode=tracking state=TRACKING evaluated=831 execution_us=58586 reason=tracking_pose_accepted
x=2.09997 y=2.05016 yaw=-0.0417978 score=0.953562 valid=1 mode=tracking state=TRACKING evaluated=831 execution_us=58911 reason=tracking_pose_accepted
x=2.09997 y=2.05016 yaw=-0.0252787 score=0.954417 valid=1 mode=tracking state=TRACKING evaluated=831 execution_us=59970 reason=tracking_pose_accepted
x=2.09997 y=2.05016 yaw=-0.0262128 score=0.951661 valid=1 mode=tracking state=TRACKING evaluated=831 execution_us=60002 reason=tracking_pose_accepted
x=2.09997 y=2.05016 yaw=-0.027147 score=0.9554 valid=1 mode=tracking state=TRACKING evaluated=831 execution_us=53268 reason=tracking_pose_accepted
x=2.09997 y=2.05016 yaw=-0.0280811 score=0.959115 valid=1 mode=tracking state=TRACKING evaluated=831 execution_us=53318 reason=tracking_pose_accepted
x=2.09997 y=2.05016 yaw=-0.0290153 score=0.958594 valid=1 mode=tracking state=TRACKING evaluated=831 execution_us=53187 reason=tracking_pose_accepted
x=2.09997 y=2.05016 yaw=-0.0299494 score=0.955501 valid=1 mode=tracking state=TRACKING evaluated=831 execution_us=53282 reason=tracking_pose_accepted
x=2.09997 y=2.05016 yaw=-0.0308836 score=0.95923 valid=1 mode=tracking state=TRACKING evaluated=831 execution_us=54049 reason=tracking_pose_accepted
x=2.09997 y=2.05016 yaw=-0.0318177 score=0.955806 valid=1 mode=tracking state=TRACKING evaluated=831 execution_us=60484 reason=tracking_pose_accepted
x=2.09997 y=2.10016 yaw=-0.0327519 score=0.953247 valid=1 mode=tracking state=TRACKING evaluated=831 execution_us=60259 reason=tracking_pose_accepted
x=2.09997 y=2.05016 yaw=-0.033686 score=0.955535 valid=1 mode=tracking state=TRACKING evaluated=807 execution_us=60082 reason=tracking_pose_accepted
x=2.09997 y=2.05016 yaw=-0.0346202 score=0.957047 valid=1 mode=tracking state=TRACKING evaluated=831 execution_us=60539 reason=tracking_pose_accepted
x=2.09997 y=2.05016 yaw=-0.0355543 score=0.951211 valid=1 mode=tracking state=TRACKING evaluated=831 execution_us=61311 reason=tracking_pose_accepted
x=2.09997 y=2.05016 yaw=-0.0364885 score=0.957108 valid=1 mode=tracking state=TRACKING evaluated=831 execution_us=58438 reason=tracking_pose_accepted
x=2.09997 y=2.05016 yaw=-0.0374227 score=0.954211 valid=1 mode=tracking state=TRACKING evaluated=831 execution_us=54781 reason=tracking_pose_accepted
x=2.09997 y=2.05016 yaw=-0.0383568 score=0.958778 valid=1 mode=tracking state=TRACKING evaluated=831 execution_us=55430 reason=tracking_pose_accepted
x=2.09997 y=2.05016 yaw=-0.039291 score=0.951227 valid=1 mode=tracking state=TRACKING evaluated=831 execution_us=56991 reason=tracking_pose_accepted
x=2.09997 y=2.05016 yaw=-0.0227718 score=0.952972 valid=1 mode=tracking state=TRACKING evaluated=831 execution_us=55373 reason=tracking_pose_accepted
x=2.09997 y=2.05016 yaw=-0.023706 score=0.95618 valid=1 mode=tracking state=TRACKING evaluated=831 execution_us=56445 reason=tracking_pose_accepted
x=2.09997 y=2.05016 yaw=-0.0246401 score=0.956688 valid=1 mode=tracking state=TRACKING evaluated=831 execution_us=55816 reason=tracking_pose_accepted
x=2.09997 y=2.05016 yaw=-0.0255743 score=0.952235 valid=1 mode=tracking state=TRACKING evaluated=831 execution_us=60299 reason=tracking_pose_accepted
x=2.09997 y=2.05016 yaw=-0.0265084 score=0.955351 valid=1 mode=tracking state=TRACKING evaluated=831 execution_us=60901 reason=tracking_pose_accepted
x=2.09998 y=2.05016 yaw=-0.0274426 score=0.958859 valid=1 mode=tracking state=TRACKING evaluated=831 execution_us=61094 reason=tracking_pose_accepted
x=2.09998 y=2.05016 yaw=-0.0283768 score=0.951812 valid=1 mode=tracking state=TRACKING evaluated=831 execution_us=61839 reason=tracking_pose_accepted
x=2.09998 y=2.05016 yaw=-0.0293109 score=0.948552 valid=1 mode=tracking state=TRACKING evaluated=831 execution_us=51590 reason=tracking_pose_accepted
x=2.09998 y=2.05016 yaw=-0.0302451 score=0.955211 valid=1 mode=tracking state=TRACKING evaluated=831 execution_us=62502 reason=tracking_pose_accepted
x=2.09998 y=2.05016 yaw=-0.0311792 score=0.956001 valid=1 mode=tracking state=TRACKING evaluated=831 execution_us=59754 reason=tracking_pose_accepted
x=2.09998 y=2.05016 yaw=-0.0321134 score=0.952665 valid=1 mode=tracking state=TRACKING evaluated=831 execution_us=58549 reason=tracking_pose_accepted
x=2.09998 y=2.05016 yaw=-0.0330475 score=0.953975 valid=1 mode=tracking state=TRACKING evaluated=831 execution_us=59416 reason=tracking_pose_accepted
x=2.09998 y=2.05016 yaw=-0.0339817 score=0.95754 valid=1 mode=tracking state=TRACKING evaluated=831 execution_us=59486 reason=tracking_pose_accepted
x=2.09998 y=2.05016 yaw=-0.0349158 score=0.959768 valid=1 mode=tracking state=TRACKING evaluated=831 execution_us=59779 reason=tracking_pose_accepted
x=2.09998 y=2.05016 yaw=-0.0183967 score=0.952044 valid=1 mode=tracking state=TRACKING evaluated=831 execution_us=60750 reason=tracking_pose_accepted
x=2.09998 y=2.05016 yaw=-0.0367841 score=0.956627 valid=1 mode=tracking state=TRACKING evaluated=831 execution_us=52860 reason=tracking_pose_accepted
x=2.09998 y=2.05016 yaw=-0.0377183 score=0.960102 valid=1 mode=tracking state=TRACKING evaluated=831 execution_us=53721 reason=tracking_pose_accepted
x=2.09998 y=2.05016 yaw=-0.0211992 score=0.955508 valid=1 mode=tracking state=TRACKING evaluated=831 execution_us=54779 reason=tracking_pose_accepted
x=2.09998 y=2.05016 yaw=-0.0221333 score=0.953176 valid=1 mode=tracking state=TRACKING evaluated=831 execution_us=53925 reason=tracking_pose_accepted
x=2.09998 y=2.05016 yaw=-0.0230675 score=0.952377 valid=1 mode=tracking state=TRACKING evaluated=831 execution_us=53291 reason=tracking_pose_accepted
x=2.09998 y=2.05017 yaw=-0.0240016 score=0.955691 valid=1 mode=tracking state=TRACKING evaluated=831 execution_us=61786 reason=tracking_pose_accepted
x=2.09998 y=2.05017 yaw=-0.0249358 score=0.95641 valid=1 mode=tracking state=TRACKING evaluated=831 execution_us=62043 reason=tracking_pose_accepted
x=2.09998 y=2.05017 yaw=-0.0258699 score=0.95033 valid=1 mode=tracking state=TRACKING evaluated=831 execution_us=58779 reason=tracking_pose_accepted
x=2.09998 y=2.05017 yaw=-0.0268041 score=0.953297 valid=1 mode=tracking state=TRACKING evaluated=831 execution_us=59573 reason=tracking_pose_accepted
x=2.09998 y=2.05017 yaw=-0.0277382 score=0.956997 valid=1 mode=tracking state=TRACKING evaluated=831 execution_us=58539 reason=tracking_pose_accepted
x=2.09998 y=2.05017 yaw=-0.0286724 score=0.958854 valid=1 mode=tracking state=TRACKING evaluated=831 execution_us=59947 reason=tracking_pose_accepted
x=2.09998 y=2.05017 yaw=-0.0296065 score=0.953125 valid=1 mode=tracking state=TRACKING evaluated=831 execution_us=56095 reason=tracking_pose_accepted
x=2.09998 y=2.05017 yaw=-0.0305407 score=0.957833 valid=1 mode=tracking state=TRACKING evaluated=831 execution_us=56253 reason=tracking_pose_accepted
x=2.09998 y=2.05017 yaw=-0.0314749 score=0.957678 valid=1 mode=tracking state=TRACKING evaluated=831 execution_us=57118 reason=tracking_pose_accepted
x=2.09998 y=2.05017 yaw=-0.032409 score=0.958496 valid=1 mode=tracking state=TRACKING evaluated=831 execution_us=56737 reason=tracking_pose_accepted
x=2.09998 y=2.05017 yaw=-0.0333432 score=0.954262 valid=1 mode=tracking state=TRACKING evaluated=831 execution_us=57005 reason=tracking_pose_accepted
x=2.09998 y=2.05017 yaw=-0.016824 score=0.95341 valid=1 mode=tracking state=TRACKING evaluated=831 execution_us=57299 reason=tracking_pose_accepted
x=2.09998 y=2.05017 yaw=-0.0352115 score=0.956984 valid=1 mode=tracking state=TRACKING evaluated=831 execution_us=61182 reason=tracking_pose_accepted
x=2.09998 y=2.05017 yaw=-0.0361456 score=0.954075 valid=1 mode=tracking state=TRACKING evaluated=831 execution_us=61589 reason=tracking_pose_accepted
x=2.09998 y=2.05017 yaw=-0.0370798 score=0.952575 valid=1 mode=tracking state=TRACKING evaluated=831 execution_us=61598 reason=tracking_pose_accepted
x=2.09998 y=2.05017 yaw=-0.0380139 score=0.954282 valid=1 mode=tracking state=TRACKING evaluated=831 execution_us=61149 reason=tracking_pose_accepted
x=2.09998 y=2.05017 yaw=-0.0389481 score=0.957206 valid=1 mode=tracking state=TRACKING evaluated=831 execution_us=62705 reason=tracking_pose_accepted
x=2.09998 y=2.05017 yaw=-0.0398822 score=0.956376 valid=1 mode=tracking state=TRACKING evaluated=831 execution_us=58585 reason=tracking_pose_accepted
x=2.09998 y=2.05017 yaw=-0.0408164 score=0.95564 valid=1 mode=tracking state=TRACKING evaluated=831 execution_us=58979 reason=tracking_pose_accepted
x=2.09998 y=2.05017 yaw=-0.0417506 score=0.952335 valid=1 mode=tracking state=TRACKING evaluated=831 execution_us=59420 reason=tracking_pose_accepted
x=2.09998 y=2.05017 yaw=-0.0252315 score=0.954616 valid=1 mode=tracking state=TRACKING evaluated=831 execution_us=58730 reason=tracking_pose_accepted
x=2.09998 y=2.05017 yaw=-0.0261656 score=0.953113 valid=1 mode=tracking state=TRACKING evaluated=831 execution_us=59182 reason=tracking_pose_accepted
x=2.09998 y=2.05017 yaw=-0.0270997 score=0.956228 valid=1 mode=tracking state=TRACKING evaluated=831 execution_us=59957 reason=tracking_pose_accepted
x=2.09998 y=2.05017 yaw=-0.0280339 score=0.954006 valid=1 mode=tracking state=TRACKING evaluated=831 execution_us=66081 reason=tracking_pose_accepted
x=2.09998 y=2.05017 yaw=-0.0289681 score=0.952259 valid=1 mode=tracking state=TRACKING evaluated=831 execution_us=54596 reason=tracking_pose_accepted
x=2.09998 y=2.05017 yaw=-0.0299022 score=0.955515 valid=1 mode=tracking state=TRACKING evaluated=831 execution_us=53336 reason=tracking_pose_accepted
x=2.09998 y=2.05017 yaw=-0.0133831 score=0.958777 valid=1 mode=tracking state=TRACKING evaluated=831 execution_us=52754 reason=tracking_pose_accepted
x=2.09999 y=2.05017 yaw=-0.0317705 score=0.953094 valid=1 mode=tracking state=TRACKING evaluated=831 execution_us=54023 reason=tracking_pose_accepted
x=2.09999 y=2.05017 yaw=-0.0327047 score=0.95522 valid=1 mode=tracking state=TRACKING evaluated=831 execution_us=52961 reason=tracking_pose_accepted
x=2.09999 y=2.05017 yaw=-0.0336388 score=0.953288 valid=1 mode=tracking state=TRACKING evaluated=831 execution_us=60509 reason=tracking_pose_accepted
x=2.09999 y=2.05017 yaw=-0.034573 score=0.955801 valid=1 mode=tracking state=TRACKING evaluated=831 execution_us=58504 reason=tracking_pose_accepted
x=2.09999 y=2.05017 yaw=-0.0355071 score=0.951996 valid=1 mode=tracking state=TRACKING evaluated=831 execution_us=58208 reason=tracking_pose_accepted
x=2.09999 y=2.05017 yaw=-0.0364413 score=0.95435 valid=1 mode=tracking state=TRACKING evaluated=831 execution_us=59297 reason=tracking_pose_accepted
x=2.09999 y=2.05017 yaw=-0.0373755 score=0.954419 valid=1 mode=tracking state=TRACKING evaluated=831 execution_us=58642 reason=tracking_pose_accepted
x=2.09999 y=2.05017 yaw=-0.0383096 score=0.955124 valid=1 mode=tracking state=TRACKING evaluated=831 execution_us=64860 reason=tracking_pose_accepted
x=2.09999 y=2.05017 yaw=-0.0392438 score=0.954514 valid=1 mode=tracking state=TRACKING evaluated=831 execution_us=56278 reason=tracking_pose_accepted
x=2.09999 y=2.05017 yaw=-0.0401779 score=0.95668 valid=1 mode=tracking state=TRACKING evaluated=831 execution_us=56264 reason=tracking_pose_accepted
x=2.09999 y=2.05017 yaw=-0.0411121 score=0.957864 valid=1 mode=tracking state=TRACKING evaluated=831 execution_us=56211 reason=tracking_pose_accepted
x=2.09999 y=2.05017 yaw=-0.024593 score=0.955691 valid=1 mode=tracking state=TRACKING evaluated=831 execution_us=56389 reason=tracking_pose_accepted
x=2.09999 y=2.05017 yaw=-0.0255271 score=0.955576 valid=1 mode=tracking state=TRACKING evaluated=831 execution_us=55970 reason=tracking_pose_accepted
x=2.09999 y=2.05017 yaw=-0.0264613 score=0.958397 valid=1 mode=tracking state=TRACKING evaluated=831 execution_us=59992 reason=tracking_pose_accepted
x=2.09999 y=2.05017 yaw=-0.0273954 score=0.954422 valid=1 mode=tracking state=TRACKING evaluated=831 execution_us=59935 reason=tracking_pose_accepted
x=2.09999 y=2.05018 yaw=-0.0283296 score=0.956262 valid=1 mode=tracking state=TRACKING evaluated=831 execution_us=60082 reason=tracking_pose_accepted
x=2.09999 y=2.05018 yaw=-0.0292637 score=0.955997 valid=1 mode=tracking state=TRACKING evaluated=831 execution_us=60808 reason=tracking_pose_accepted
x=2.09999 y=2.05018 yaw=-0.0301979 score=0.954282 valid=1 mode=tracking state=TRACKING evaluated=831 execution_us=60688 reason=tracking_pose_accepted
x=2.09999 y=2.10018 yaw=-0.031132 score=0.954917 valid=1 mode=tracking state=TRACKING evaluated=831 execution_us=72620 reason=tracking_pose_accepted
x=2.09999 y=2.05018 yaw=-0.0320662 score=0.952418 valid=1 mode=tracking state=TRACKING evaluated=807 execution_us=54320 reason=tracking_pose_accepted
x=2.09999 y=2.05018 yaw=-0.0330003 score=0.958289 valid=1 mode=tracking state=TRACKING evaluated=831 execution_us=57839 reason=tracking_pose_accepted
x=2.09999 y=2.05018 yaw=-0.0339345 score=0.955918 valid=1 mode=tracking state=TRACKING evaluated=831 execution_us=57596 reason=tracking_pose_accepted
x=2.09999 y=2.05018 yaw=-0.0348687 score=0.953125 valid=1 mode=tracking state=TRACKING evaluated=831 execution_us=57138 reason=tracking_pose_accepted
x=2.09999 y=2.05018 yaw=-0.0358028 score=0.960324 valid=1 mode=tracking state=TRACKING evaluated=831 execution_us=58809 reason=tracking_pose_accepted
x=2.09999 y=2.05018 yaw=-0.036737 score=0.951387 valid=1 mode=tracking state=TRACKING evaluated=831 execution_us=62551 reason=tracking_pose_accepted
x=2.09999 y=2.05018 yaw=-0.0376711 score=0.953012 valid=1 mode=tracking state=TRACKING evaluated=831 execution_us=52496 reason=tracking_pose_accepted
x=2.09999 y=2.05018 yaw=-0.0386053 score=0.956301 valid=1 mode=tracking state=TRACKING evaluated=831 execution_us=52912 reason=tracking_pose_accepted
x=2.09999 y=2.05018 yaw=-0.0395394 score=0.952315 valid=1 mode=tracking state=TRACKING evaluated=831 execution_us=54221 reason=tracking_pose_accepted
x=2.09999 y=2.05018 yaw=-0.0230203 score=0.953156 valid=1 mode=tracking state=TRACKING evaluated=831 execution_us=52524 reason=tracking_pose_accepted
x=2.09999 y=2.05018 yaw=-0.0414077 score=0.957098 valid=1 mode=tracking state=TRACKING evaluated=831 execution_us=53033 reason=tracking_pose_accepted
x=2.09999 y=2.05018 yaw=-0.0248886 score=0.957673 valid=1 mode=tracking state=TRACKING evaluated=831 execution_us=54026 reason=tracking_pose_accepted
x=2.09999 y=2.05018 yaw=-0.0258227 score=0.949997 valid=1 mode=tracking state=TRACKING evaluated=831 execution_us=60803 reason=tracking_pose_accepted
x=2.09999 y=2.05018 yaw=-0.0267569 score=0.949997 valid=1 mode=tracking state=TRACKING evaluated=831 execution_us=61459 reason=tracking_pose_accepted
x=2.09999 y=2.05018 yaw=-0.0276911 score=0.959112 valid=1 mode=tracking state=TRACKING evaluated=831 execution_us=62538 reason=tracking_pose_accepted
x=2.09999 y=2.05018 yaw=-0.0286252 score=0.953792 valid=1 mode=tracking state=TRACKING evaluated=831 execution_us=61238 reason=tracking_pose_accepted
x=2.09999 y=2.05018 yaw=-0.0295594 score=0.950848 valid=1 mode=tracking state=TRACKING evaluated=831 execution_us=58991 reason=tracking_pose_accepted
x=2.09999 y=2.05018 yaw=-0.0304935 score=0.956111 valid=1 mode=tracking state=TRACKING evaluated=831 execution_us=53367 reason=tracking_pose_accepted
x=2.09999 y=2.05018 yaw=-0.0314277 score=0.956022 valid=1 mode=tracking state=TRACKING evaluated=831 execution_us=54477 reason=tracking_pose_accepted
x=2.09999 y=2.05018 yaw=-0.0323618 score=0.957304 valid=1 mode=tracking state=TRACKING evaluated=831 execution_us=55516 reason=tracking_pose_accepted
x=2.09999 y=2.05018 yaw=-0.033296 score=0.950914 valid=1 mode=tracking state=TRACKING evaluated=831 execution_us=55109 reason=tracking_pose_accepted
x=2.09999 y=2.05018 yaw=-0.0342301 score=0.952685 valid=1 mode=tracking state=TRACKING evaluated=831 execution_us=55182 reason=tracking_pose_accepted
x=2.09999 y=2.05018 yaw=-0.0351643 score=0.951971 valid=1 mode=tracking state=TRACKING evaluated=831 execution_us=56178 reason=tracking_pose_accepted
x=2.1 y=2.05018 yaw=-0.0360985 score=0.952293 valid=1 mode=tracking state=TRACKING evaluated=831 execution_us=59284 reason=tracking_pose_accepted
x=2.1 y=2.05018 yaw=-0.0370326 score=0.959719 valid=1 mode=tracking state=TRACKING evaluated=831 execution_us=60629 reason=tracking_pose_accepted
x=2.1 y=2.05018 yaw=-0.0379668 score=0.953074 valid=1 mode=tracking state=TRACKING evaluated=831 execution_us=60428 reason=tracking_pose_accepted
x=2.1 y=2.05018 yaw=-0.0389009 score=0.958788 valid=1 mode=tracking state=TRACKING evaluated=831 execution_us=60348 reason=tracking_pose_accepted
x=2.1 y=2.05018 yaw=-0.0398351 score=0.955008 valid=1 mode=tracking state=TRACKING evaluated=831 execution_us=61645 reason=tracking_pose_accepted
x=2.1 y=2.05018 yaw=-0.0233159 score=0.95124 valid=1 mode=tracking state=TRACKING evaluated=831 execution_us=57204 reason=tracking_pose_accepted
x=2.1 y=2.05018 yaw=-0.0242501 score=0.954282 valid=1 mode=tracking state=TRACKING evaluated=831 execution_us=57909 reason=tracking_pose_accepted
x=2.1 y=2.05018 yaw=-0.0426375 score=0.947536 valid=1 mode=tracking state=TRACKING evaluated=831 execution_us=58631 reason=tracking_pose_accepted
x=2.1 y=2.05018 yaw=-0.0261184 score=0.956201 valid=1 mode=tracking state=TRACKING evaluated=831 execution_us=58667 reason=tracking_pose_accepted
x=2.1 y=2.05018 yaw=-0.0270525 score=0.953247 valid=1 mode=tracking state=TRACKING evaluated=831 execution_us=59209 reason=tracking_pose_accepted
x=2.1 y=2.05018 yaw=-0.0279867 score=0.95212 valid=1 mode=tracking state=TRACKING evaluated=831 execution_us=109530 reason=tracking_pose_accepted
x=2.1 y=2.05018 yaw=-0.0289208 score=0.950864 valid=1 mode=tracking state=TRACKING evaluated=831 execution_us=102623 reason=tracking_pose_accepted
x=2.1 y=2.05018 yaw=-0.029855 score=0.956115 valid=1 mode=tracking state=TRACKING evaluated=831 execution_us=103568 reason=tracking_pose_accepted
x=2.1 y=2.05018 yaw=-0.0307891 score=0.954743 valid=1 mode=tracking state=TRACKING evaluated=831 execution_us=67246 reason=tracking_pose_accepted
x=2.1 y=2.05018 yaw=-0.0317233 score=0.956189 valid=1 mode=tracking state=TRACKING evaluated=831 execution_us=82685 reason=tracking_pose_accepted
x=2.1 y=2.05018 yaw=-0.0326574 score=0.955806 valid=1 mode=tracking state=TRACKING evaluated=831 execution_us=57580 reason=tracking_pose_accepted
x=2.1 y=2.05019 yaw=-0.0335916 score=0.952758 valid=1 mode=tracking state=TRACKING evaluated=831 execution_us=59823 reason=tracking_pose_accepted
x=2.1 y=2.05019 yaw=-0.0170725 score=0.954333 valid=1 mode=tracking state=TRACKING evaluated=831 execution_us=60184 reason=tracking_pose_accepted
x=2.1 y=2.05019 yaw=-0.0180066 score=0.955172 valid=1 mode=tracking state=TRACKING evaluated=831 execution_us=60638 reason=tracking_pose_accepted
x=2.1 y=2.05019 yaw=-0.0363941 score=0.952439 valid=1 mode=tracking state=TRACKING evaluated=831 execution_us=60726 reason=tracking_pose_accepted
x=2.1 y=2.05019 yaw=-0.0198749 score=0.954978 valid=1 mode=tracking state=TRACKING evaluated=831 execution_us=55446 reason=tracking_pose_accepted
x=2.1 y=2.05019 yaw=-0.0382624 score=0.95404 valid=1 mode=tracking state=TRACKING evaluated=831 execution_us=55378 reason=tracking_pose_accepted
x=2.1 y=2.05019 yaw=-0.0391965 score=0.954461 valid=1 mode=tracking state=TRACKING evaluated=831 execution_us=55068 reason=tracking_pose_accepted
x=2.1 y=2.05019 yaw=-0.0401307 score=0.955065 valid=1 mode=tracking state=TRACKING evaluated=831 execution_us=55447 reason=tracking_pose_accepted
x=2.1 y=2.05019 yaw=-0.0410648 score=0.956324 valid=1 mode=tracking state=TRACKING evaluated=831 execution_us=54956 reason=tracking_pose_accepted
x=2.1 y=2.05019 yaw=-0.0245457 score=0.954723 valid=1 mode=tracking state=TRACKING evaluated=831 execution_us=58831 reason=tracking_pose_accepted
x=2.1 y=2.05019 yaw=-0.0254798 score=0.952982 valid=1 mode=tracking state=TRACKING evaluated=831 execution_us=59232 reason=tracking_pose_accepted
x=2.1 y=2.05019 yaw=-0.026414 score=0.95527 valid=1 mode=tracking state=TRACKING evaluated=831 execution_us=59185 reason=tracking_pose_accepted
x=2.1 y=2.05019 yaw=-0.0273482 score=0.952167 valid=1 mode=tracking state=TRACKING evaluated=831 execution_us=59458 reason=tracking_pose_accepted
x=2.1 y=2.05019 yaw=-0.0282823 score=0.955419 valid=1 mode=tracking state=TRACKING evaluated=831 execution_us=59538 reason=tracking_pose_accepted
x=2.1 y=2.05019 yaw=-0.0292165 score=0.953977 valid=1 mode=tracking state=TRACKING evaluated=831 execution_us=60834 reason=tracking_pose_accepted
x=2.1 y=2.05019 yaw=-0.0301506 score=0.956609 valid=1 mode=tracking state=TRACKING evaluated=831 execution_us=57694 reason=tracking_pose_accepted
x=2.1 y=2.05019 yaw=-0.0310848 score=0.958337 valid=1 mode=tracking state=TRACKING evaluated=831 execution_us=56922 reason=tracking_pose_accepted
x=2.1 y=2.10019 yaw=-0.0320189 score=0.954856 valid=1 mode=tracking state=TRACKING evaluated=831 execution_us=56862 reason=tracking_pose_accepted
x=2.1 y=2.05019 yaw=-0.0329531 score=0.955857 valid=1 mode=tracking state=TRACKING evaluated=807 execution_us=55775 reason=tracking_pose_accepted
x=2.1 y=2.05019 yaw=-0.0338872 score=0.953125 valid=1 mode=tracking state=TRACKING evaluated=831 execution_us=58765 reason=tracking_pose_accepted
x=2.1 y=2.05019 yaw=-0.0348214 score=0.954657 valid=1 mode=tracking state=TRACKING evaluated=831 execution_us=58025 reason=tracking_pose_accepted
x=2.1 y=2.05019 yaw=-0.0357555 score=0.957661 valid=1 mode=tracking state=TRACKING evaluated=831 execution_us=61329 reason=tracking_pose_accepted
x=2.1 y=2.05019 yaw=-0.0366897 score=0.961193 valid=1 mode=tracking state=TRACKING evaluated=831 execution_us=52069 reason=tracking_pose_accepted
x=2.1 y=2.05019 yaw=-0.0376239 score=0.956196 valid=1 mode=tracking state=TRACKING evaluated=831 execution_us=53164 reason=tracking_pose_accepted
x=2.1 y=2.05019 yaw=-0.038558 score=0.954498 valid=1 mode=tracking state=TRACKING evaluated=831 execution_us=52356 reason=tracking_pose_accepted
x=2.1 y=2.05019 yaw=-0.0394922 score=0.954242 valid=1 mode=tracking state=TRACKING evaluated=831 execution_us=51896 reason=tracking_pose_accepted
x=2.1 y=2.05019 yaw=-0.0404263 score=0.956485 valid=1 mode=tracking state=TRACKING evaluated=831 execution_us=53139 reason=tracking_pose_accepted
x=2.1 y=2.05019 yaw=-0.0239072 score=0.955302 valid=1 mode=tracking state=TRACKING evaluated=831 execution_us=59248 reason=tracking_pose_accepted
x=2.1 y=2.05019 yaw=-0.0422946 score=0.953475 valid=1 mode=tracking state=TRACKING evaluated=831 execution_us=59733 reason=tracking_pose_accepted
x=2.1 y=2.05019 yaw=-0.0432288 score=0.952606 valid=1 mode=tracking state=TRACKING evaluated=831 execution_us=60582 reason=tracking_pose_accepted
x=2.1 y=2.05019 yaw=-0.0267097 score=0.95508 valid=1 mode=tracking state=TRACKING evaluated=831 execution_us=60532 reason=tracking_pose_accepted
x=2.1 y=2.05019 yaw=-0.0276438 score=0.952992 valid=1 mode=tracking state=TRACKING evaluated=831 execution_us=60995 reason=tracking_pose_accepted
x=2.1 y=2.05019 yaw=-0.028578 score=0.950763 valid=1 mode=tracking state=TRACKING evaluated=831 execution_us=61108 reason=tracking_pose_accepted
x=2.1 y=2.05019 yaw=-0.0295121 score=0.953909 valid=1 mode=tracking state=TRACKING evaluated=831 execution_us=55355 reason=tracking_pose_accepted
x=2.1 y=2.05019 yaw=-0.0304463 score=0.950507 valid=1 mode=tracking state=TRACKING evaluated=831 execution_us=55413 reason=tracking_pose_accepted
x=2.1 y=2.05019 yaw=-0.0313804 score=0.956111 valid=1 mode=tracking state=TRACKING evaluated=831 execution_us=55341 reason=tracking_pose_accepted
x=2.1 y=2.05019 yaw=-0.0323146 score=0.955806 valid=1 mode=tracking state=TRACKING evaluated=831 execution_us=55097 reason=tracking_pose_accepted
x=2.1 y=2.05019 yaw=-0.0332487 score=0.955697 valid=1 mode=tracking state=TRACKING evaluated=831 execution_us=55982 reason=tracking_pose_accepted
x=2.1 y=2.05019 yaw=-0.0341829 score=0.955839 valid=1 mode=tracking state=TRACKING evaluated=831 execution_us=59297 reason=tracking_pose_accepted
x=2.1 y=2.05019 yaw=-0.035117 score=0.957678 valid=1 mode=tracking state=TRACKING evaluated=831 execution_us=59161 reason=tracking_pose_accepted
x=2.1 y=2.05019 yaw=-0.0360512 score=0.959664 valid=1 mode=tracking state=TRACKING evaluated=831 execution_us=60702 reason=tracking_pose_accepted
x=2.1 y=2.05019 yaw=-0.0369853 score=0.954587 valid=1 mode=tracking state=TRACKING evaluated=831 execution_us=59649 reason=tracking_pose_accepted
x=2.1 y=2.05019 yaw=-0.0379195 score=0.950107 valid=1 mode=tracking state=TRACKING evaluated=831 execution_us=60427 reason=tracking_pose_accepted
x=2.1 y=2.0502 yaw=-0.0388536 score=0.953911 valid=1 mode=tracking state=TRACKING evaluated=831 execution_us=59856 reason=tracking_pose_accepted
x=2.1 y=2.0502 yaw=-0.0223345 score=0.955035 valid=1 mode=tracking state=TRACKING evaluated=831 execution_us=56133 reason=tracking_pose_accepted
x=2.1 y=2.0502 yaw=-0.040722 score=0.957096 valid=1 mode=tracking state=TRACKING evaluated=831 execution_us=57364 reason=tracking_pose_accepted
x=2.1 y=2.0502 yaw=-0.0242028 score=0.953673 valid=1 mode=tracking state=TRACKING evaluated=831 execution_us=56837 reason=tracking_pose_accepted
x=2.1 y=2.0502 yaw=-0.0425902 score=0.953105 valid=1 mode=tracking state=TRACKING evaluated=831 execution_us=56613 reason=tracking_pose_accepted
x=2.1 y=2.0502 yaw=-0.0260711 score=0.955112 valid=1 mode=tracking state=TRACKING evaluated=831 execution_us=56946 reason=tracking_pose_accepted
x=2.1 y=2.0502 yaw=-0.0270052 score=0.954958 valid=1 mode=tracking state=TRACKING evaluated=831 execution_us=57170 reason=tracking_pose_accepted
x=2.1 y=2.0502 yaw=-0.0279394 score=0.954491 valid=1 mode=tracking state=TRACKING evaluated=831 execution_us=60756 reason=tracking_pose_accepted
x=2.1 y=2.0502 yaw=-0.0288736 score=0.955895 valid=1 mode=tracking state=TRACKING evaluated=831 execution_us=61226 reason=tracking_pose_accepted
x=2.1 y=2.0502 yaw=-0.0298077 score=0.954096 valid=1 mode=tracking state=TRACKING evaluated=831 execution_us=61613 reason=tracking_pose_accepted
x=2.1 y=2.0502 yaw=-0.0307419 score=0.954381 valid=1 mode=tracking state=TRACKING evaluated=831 execution_us=62363 reason=tracking_pose_accepted
x=2.1 y=2.0502 yaw=-0.031676 score=0.958384 valid=1 mode=tracking state=TRACKING evaluated=831 execution_us=63097 reason=tracking_pose_accepted
x=2.1 y=2.0502 yaw=-0.0326102 score=0.956111 valid=1 mode=tracking state=TRACKING evaluated=831 execution_us=52005 reason=tracking_pose_accepted
x=2.1 y=2.0502 yaw=-0.0335443 score=0.9534 valid=1 mode=tracking state=TRACKING evaluated=831 execution_us=56533 reason=tracking_pose_accepted
x=2.1 y=2.0502 yaw=-0.0344785 score=0.955474 valid=1 mode=tracking state=TRACKING evaluated=831 execution_us=58601 reason=tracking_pose_accepted
x=2.1 y=2.0502 yaw=-0.0354126 score=0.957474 valid=1 mode=tracking state=TRACKING evaluated=831 execution_us=59465 reason=tracking_pose_accepted
x=2.1 y=2.0502 yaw=-0.0363468 score=0.954163 valid=1 mode=tracking state=TRACKING evaluated=831 execution_us=59104 reason=tracking_pose_accepted
x=2.1 y=2.0502 yaw=-0.0372809 score=0.955831 valid=1 mode=tracking state=TRACKING evaluated=831 execution_us=59429 reason=tracking_pose_accepted
x=2.1 y=2.0502 yaw=-0.0207618 score=0.9521 valid=1 mode=tracking state=TRACKING evaluated=831 execution_us=68004 reason=tracking_pose_accepted
x=2.1 y=2.0502 yaw=-0.0391493 score=0.956568 valid=1 mode=tracking state=TRACKING evaluated=831 execution_us=52383 reason=tracking_pose_accepted
x=2.1 y=2.0502 yaw=-0.0400834 score=0.957352 valid=1 mode=tracking state=TRACKING evaluated=831 execution_us=53061 reason=tracking_pose_accepted
x=2.1 y=2.0502 yaw=-0.0410175 score=0.955156 valid=1 mode=tracking state=TRACKING evaluated=831 execution_us=54015 reason=tracking_pose_accepted
x=2.1 y=2.0502 yaw=-0.0244984 score=0.954432 valid=1 mode=tracking state=TRACKING evaluated=831 execution_us=54189 reason=tracking_pose_accepted
x=2.1 y=2.0502 yaw=-0.0428859 score=0.952082 valid=1 mode=tracking state=TRACKING evaluated=831 execution_us=55004 reason=tracking_pose_accepted
x=2.1 y=2.0502 yaw=-0.04382 score=0.953886 valid=1 mode=tracking state=TRACKING evaluated=831 execution_us=59026 reason=tracking_pose_accepted
x=2.1 y=2.0502 yaw=-0.0273009 score=0.952332 valid=1 mode=tracking state=TRACKING evaluated=831 execution_us=59117 reason=tracking_pose_accepted
x=2.1 y=2.0502 yaw=-0.0282351 score=0.956009 valid=1 mode=tracking state=TRACKING evaluated=831 execution_us=59705 reason=tracking_pose_accepted
x=2.1 y=2.0502 yaw=-0.0291692 score=0.952747 valid=1 mode=tracking state=TRACKING evaluated=831 execution_us=59245 reason=tracking_pose_accepted
x=2.1 y=2.0502 yaw=-0.0301034 score=0.953054 valid=1 mode=tracking state=TRACKING evaluated=831 execution_us=58930 reason=tracking_pose_accepted
x=2.1 y=2.0502 yaw=-0.0310375 score=0.955576 valid=1 mode=tracking state=TRACKING evaluated=831 execution_us=59746 reason=tracking_pose_accepted
x=2.1 y=2.0502 yaw=-0.0319717 score=0.956337 valid=1 mode=tracking state=TRACKING evaluated=831 execution_us=56847 reason=tracking_pose_accepted
x=2.1 y=2.0502 yaw=-0.0329058 score=0.955197 valid=1 mode=tracking state=TRACKING evaluated=831 execution_us=56595 reason=tracking_pose_accepted
x=2.1 y=2.0502 yaw=-0.03384 score=0.953184 valid=1 mode=tracking state=TRACKING evaluated=831 execution_us=57372 reason=tracking_pose_accepted
x=2.1 y=2.0502 yaw=-0.0173209 score=0.952972 valid=1 mode=tracking state=TRACKING evaluated=831 execution_us=56299 reason=tracking_pose_accepted
x=2.1 y=2.0502 yaw=-0.0357083 score=0.954163 valid=1 mode=tracking state=TRACKING evaluated=831 execution_us=57385 reason=tracking_pose_accepted
x=2.1 y=2.0502 yaw=-0.0366425 score=0.954775 valid=1 mode=tracking state=TRACKING evaluated=831 execution_us=56808 reason=tracking_pose_accepted
x=2.1 y=2.0502 yaw=-0.0201233 score=0.954739 valid=1 mode=tracking state=TRACKING evaluated=831 execution_us=60582 reason=tracking_pose_accepted
x=2.1 y=2.0502 yaw=-0.0210575 score=0.951742 valid=1 mode=tracking state=TRACKING evaluated=831 execution_us=61737 reason=tracking_pose_accepted
x=2.1 y=2.0502 yaw=-0.0394449 score=0.956638 valid=1 mode=tracking state=TRACKING evaluated=831 execution_us=60768 reason=tracking_pose_accepted
x=2.1 y=2.0502 yaw=-0.0403791 score=0.953596 valid=1 mode=tracking state=TRACKING evaluated=831 execution_us=61279 reason=tracking_pose_accepted
x=2.1 y=2.0502 yaw=-0.02386 score=0.956458 valid=1 mode=tracking state=TRACKING evaluated=831 execution_us=62229 reason=tracking_pose_accepted
x=2.1 y=2.0502 yaw=-0.0247941 score=0.951872 valid=1 mode=tracking state=TRACKING evaluated=831 execution_us=58790 reason=tracking_pose_accepted
x=2.1 y=2.05021 yaw=-0.0257282 score=0.954794 valid=1 mode=tracking state=TRACKING evaluated=831 execution_us=57596 reason=tracking_pose_accepted
x=2.1 y=2.05021 yaw=-0.0266624 score=0.956201 valid=1 mode=tracking state=TRACKING evaluated=831 execution_us=58768 reason=tracking_pose_accepted
x=2.1 y=2.05021 yaw=-0.0275966 score=0.955467 valid=1 mode=tracking state=TRACKING evaluated=831 execution_us=58904 reason=tracking_pose_accepted
x=2.1 y=2.05021 yaw=-0.0285307 score=0.95921 valid=1 mode=tracking state=TRACKING evaluated=831 execution_us=59902 reason=tracking_pose_accepted
x=2.1 y=2.05021 yaw=-0.0294649 score=0.956087 valid=1 mode=tracking state=TRACKING evaluated=831 execution_us=59382 reason=tracking_pose_accepted
x=2.1 y=2.05021 yaw=-0.030399 score=0.954194 valid=1 mode=tracking state=TRACKING evaluated=831 execution_us=66607 reason=tracking_pose_accepted
x=2.1 y=2.05021 yaw=-0.0313332 score=0.950378 valid=1 mode=tracking state=TRACKING evaluated=831 execution_us=52418 reason=tracking_pose_accepted
x=2.1 y=2.05021 yaw=-0.0322673 score=0.955226 valid=1 mode=tracking state=TRACKING evaluated=831 execution_us=53040 reason=tracking_pose_accepted
x=2.1 y=2.05021 yaw=-0.0332015 score=0.957896 valid=1 mode=tracking state=TRACKING evaluated=831 execution_us=54090 reason=tracking_pose_accepted
x=2.1 y=2.05021 yaw=-0.0341356 score=0.958092 valid=1 mode=tracking state=TRACKING evaluated=831 execution_us=53465 reason=tracking_pose_accepted
x=2.1 y=2.05021 yaw=-0.0350698 score=0.954269 valid=1 mode=tracking state=TRACKING evaluated=831 execution_us=53999 reason=tracking_pose_accepted
x=2.1 y=2.05021 yaw=-0.0360039 score=0.954673 valid=1 mode=tracking state=TRACKING evaluated=831 execution_us=61778 reason=tracking_pose_accepted
x=2.1 y=2.05021 yaw=-0.0369381 score=0.955329 valid=1 mode=tracking state=TRACKING evaluated=831 execution_us=58314 reason=tracking_pose_accepted
x=2.1 y=2.05021 yaw=-0.0378723 score=0.954704 valid=1 mode=tracking state=TRACKING evaluated=831 execution_us=58239 reason=tracking_pose_accepted
x=2.1 y=2.05021 yaw=-0.0388064 score=0.951036 valid=1 mode=tracking state=TRACKING evaluated=831 execution_us=61575 reason=tracking_pose_accepted
x=2.1 y=2.05021 yaw=-0.0222873 score=0.951208 valid=1 mode=tracking state=TRACKING evaluated=831 execution_us=58293 reason=tracking_pose_accepted
x=2.1 y=2.05021 yaw=-0.0232214 score=0.954603 valid=1 mode=tracking state=TRACKING evaluated=831 execution_us=58260 reason=tracking_pose_accepted
x=2.1 y=2.05021 yaw=-0.0416089 score=0.953717 valid=1 mode=tracking state=TRACKING evaluated=831 execution_us=55249 reason=tracking_pose_accepted
x=2.1 y=2.05021 yaw=-0.0250897 score=0.953116 valid=1 mode=tracking state=TRACKING evaluated=831 execution_us=55221 reason=tracking_pose_accepted
x=2.1 y=2.05021 yaw=-0.0434771 score=0.956536 valid=1 mode=tracking state=TRACKING evaluated=831 execution_us=56065 reason=tracking_pose_accepted
x=2.1 y=2.05021 yaw=-0.026958 score=0.955467 valid=1 mode=tracking state=TRACKING evaluated=831 execution_us=56551 reason=tracking_pose_accepted
x=2.1 y=2.05021 yaw=-0.0278922 score=0.953381 valid=1 mode=tracking state=TRACKING evaluated=831 execution_us=57145 reason=tracking_pose_accepted
x=2.1 y=2.05021 yaw=-0.0288263 score=0.956495 valid=1 mode=tracking state=TRACKING evaluated=831 execution_us=64787 reason=tracking_pose_accepted
x=2.1 y=2.05021 yaw=-0.0297605 score=0.955167 valid=1 mode=tracking state=TRACKING evaluated=831 execution_us=61145 reason=tracking_pose_accepted
x=2.1 y=2.05021 yaw=-0.0306946 score=0.951026 valid=1 mode=tracking state=TRACKING evaluated=831 execution_us=62211 reason=tracking_pose_accepted
x=2.1 y=2.05021 yaw=-0.0316288 score=0.955386 valid=1 mode=tracking state=TRACKING evaluated=831 execution_us=63255 reason=tracking_pose_accepted
x=2.1 y=2.05021 yaw=-0.0325629 score=0.95792 valid=1 mode=tracking state=TRACKING evaluated=831 execution_us=51604 reason=tracking_pose_accepted
x=2.1 y=2.05021 yaw=-0.0334971 score=0.95542 valid=1 mode=tracking state=TRACKING evaluated=831 execution_us=52498 reason=tracking_pose_accepted
x=2.1 y=2.05021 yaw=-0.0344312 score=0.952279 valid=1 mode=tracking state=TRACKING evaluated=831 execution_us=59917 reason=tracking_pose_accepted
x=2.1 y=2.05021 yaw=-0.0353654 score=0.957354 valid=1 mode=tracking state=TRACKING evaluated=831 execution_us=59312 reason=tracking_pose_accepted
x=2.1 y=2.05021 yaw=-0.0362996 score=0.956648 valid=1 mode=tracking state=TRACKING evaluated=831 execution_us=60509 reason=tracking_pose_accepted
x=2.1 y=2.05021 yaw=-0.0372337 score=0.957678 valid=1 mode=tracking state=TRACKING evaluated=831 execution_us=60020 reason=tracking_pose_accepted
x=2.1 y=2.05021 yaw=-0.0381679 score=0.954686 valid=1 mode=tracking state=TRACKING evaluated=831 execution_us=60021 reason=tracking_pose_accepted
x=2.1 y=2.05021 yaw=-0.039102 score=0.955365 valid=1 mode=tracking state=TRACKING evaluated=831 execution_us=61594 reason=tracking_pose_accepted
x=2.1 y=2.05021 yaw=-0.0400362 score=0.953287 valid=1 mode=tracking state=TRACKING evaluated=831 execution_us=53897 reason=tracking_pose_accepted
x=2.1 y=2.05021 yaw=-0.0409703 score=0.956669 valid=1 mode=tracking state=TRACKING evaluated=831 execution_us=54569 reason=tracking_pose_accepted
x=2.1 y=2.05021 yaw=-0.0244512 score=0.956568 valid=1 mode=tracking state=TRACKING evaluated=831 execution_us=55013 reason=tracking_pose_accepted
x=2.1 y=2.05021 yaw=-0.0253854 score=0.952623 valid=1 mode=tracking state=TRACKING evaluated=831 execution_us=54274 reason=tracking_pose_accepted
x=2.1 y=2.05021 yaw=-0.0263195 score=0.953909 valid=1 mode=tracking state=TRACKING evaluated=831 execution_us=55174 reason=tracking_pose_accepted
x=2.1 y=2.05021 yaw=-0.0272537 score=0.953617 valid=1 mode=tracking state=TRACKING evaluated=831 execution_us=59167 reason=tracking_pose_accepted
x=2.1 y=2.05021 yaw=-0.0281878 score=0.957713 valid=1 mode=tracking state=TRACKING evaluated=831 execution_us=58645 reason=tracking_pose_accepted
x=2.1 y=2.05022 yaw=-0.029122 score=0.952931 valid=1 mode=tracking state=TRACKING evaluated=831 execution_us=60062 reason=tracking_pose_accepted
x=2.1 y=2.05022 yaw=-0.0300561 score=0.954435 valid=1 mode=tracking state=TRACKING evaluated=831 execution_us=59498 reason=tracking_pose_accepted
x=2.1 y=2.05022 yaw=-0.0309903 score=0.953944 valid=1 mode=tracking state=TRACKING evaluated=831 execution_us=59988 reason=tracking_pose_accepted
x=2.1 y=2.05022 yaw=-0.0319245 score=0.955744 valid=1 mode=tracking state=TRACKING evaluated=831 execution_us=61114 reason=tracking_pose_accepted
x=2.1 y=2.05022 yaw=-0.0328586 score=0.95563 valid=1 mode=tracking state=TRACKING evaluated=831 execution_us=57207 reason=tracking_pose_accepted
x=2.1 y=2.05022 yaw=-0.0337928 score=0.958086 valid=1 mode=tracking state=TRACKING evaluated=831 execution_us=57410 reason=tracking_pose_accepted
x=2.1 y=2.05022 yaw=-0.0347269 score=0.954469 valid=1 mode=tracking state=TRACKING evaluated=831 execution_us=57598 reason=tracking_pose_accepted
x=2.1 y=2.05022 yaw=-0.0356611 score=0.955529 valid=1 mode=tracking state=TRACKING evaluated=831 execution_us=57915 reason=tracking_pose_accepted
x=2.1 y=2.05022 yaw=-0.0365952 score=0.954062 valid=1 mode=tracking state=TRACKING evaluated=831 execution_us=58556 reason=tracking_pose_accepted
x=2.1 y=2.05022 yaw=-0.0375294 score=0.959568 valid=1 mode=tracking state=TRACKING evaluated=831 execution_us=57963 reason=tracking_pose_accepted
x=2.1 y=2.05022 yaw=-0.0384635 score=0.959709 valid=1 mode=tracking state=TRACKING evaluated=831 execution_us=61137 reason=tracking_pose_accepted
x=2.1 y=2.05022 yaw=-0.0393977 score=0.952881 valid=1 mode=tracking state=TRACKING evaluated=831 execution_us=64166 reason=tracking_pose_accepted
x=2.1 y=2.05022 yaw=-0.0403318 score=0.956711 valid=1 mode=tracking state=TRACKING evaluated=831 execution_us=61372 reason=tracking_pose_accepted
x=2.1 y=2.05022 yaw=-0.041266 score=0.956109 valid=1 mode=tracking state=TRACKING evaluated=831 execution_us=61321 reason=tracking_pose_accepted
x=2.1 y=2.05022 yaw=-0.0422002 score=0.957137 valid=1 mode=tracking state=TRACKING evaluated=831 execution_us=52294 reason=tracking_pose_accepted
x=2.1 y=2.05022 yaw=-0.0256811 score=0.954963 valid=1 mode=tracking state=TRACKING evaluated=831 execution_us=61784 reason=tracking_pose_accepted
x=2.1 y=2.05022 yaw=-0.0266152 score=0.953944 valid=1 mode=tracking state=TRACKING evaluated=831 execution_us=59468 reason=tracking_pose_accepted
x=2.1 y=2.05022 yaw=-0.0275493 score=0.956184 valid=1 mode=tracking state=TRACKING evaluated=831 execution_us=58527 reason=tracking_pose_accepted
x=2.1 y=2.05022 yaw=-0.0284835 score=0.95527 valid=1 mode=tracking state=TRACKING evaluated=831 execution_us=76767 reason=tracking_pose_accepted
x=2.1 y=2.05022 yaw=-0.0294177 score=0.950657 valid=1 mode=tracking state=TRACKING evaluated=831 execution_us=98707 reason=tracking_pose_accepted
x=2.1 y=2.05022 yaw=-0.0303518 score=0.956484 valid=1 mode=tracking state=TRACKING evaluated=831 execution_us=87184 reason=tracking_pose_accepted
x=2.1 y=2.05022 yaw=-0.031286 score=0.956337 valid=1 mode=tracking state=TRACKING evaluated=831 execution_us=82528 reason=tracking_pose_accepted
x=2.1 y=2.05022 yaw=-0.0322201 score=0.954435 valid=1 mode=tracking state=TRACKING evaluated=831 execution_us=56252 reason=tracking_pose_accepted
x=2.1 y=2.05022 yaw=-0.0331543 score=0.9582 valid=1 mode=tracking state=TRACKING evaluated=831 execution_us=64091 reason=tracking_pose_accepted
x=2.1 y=2.05022 yaw=-0.0340884 score=0.95503 valid=1 mode=tracking state=TRACKING evaluated=831 execution_us=53039 reason=tracking_pose_accepted
x=2.1 y=2.05022 yaw=-0.0350226 score=0.958803 valid=1 mode=tracking state=TRACKING evaluated=831 execution_us=59780 reason=tracking_pose_accepted
x=2.1 y=2.05022 yaw=-0.0359567 score=0.957678 valid=1 mode=tracking state=TRACKING evaluated=831 execution_us=60458 reason=tracking_pose_accepted
x=2.1 y=2.05022 yaw=-0.0368909 score=0.95783 valid=1 mode=tracking state=TRACKING evaluated=831 execution_us=60541 reason=tracking_pose_accepted
x=2.1 y=2.05022 yaw=-0.037825 score=0.957261 valid=1 mode=tracking state=TRACKING evaluated=831 execution_us=60488 reason=tracking_pose_accepted
x=2.1 y=2.05022 yaw=-0.0387592 score=0.956628 valid=1 mode=tracking state=TRACKING evaluated=831 execution_us=60760 reason=tracking_pose_accepted
x=2.1 y=2.05022 yaw=-0.0396934 score=0.957261 valid=1 mode=tracking state=TRACKING evaluated=831 execution_us=61326 reason=tracking_pose_accepted
x=2.1 y=2.05022 yaw=-0.0406275 score=0.957098 valid=1 mode=tracking state=TRACKING evaluated=831 execution_us=53836 reason=tracking_pose_accepted
x=2.1 y=2.05022 yaw=-0.0415617 score=0.957501 valid=1 mode=tracking state=TRACKING evaluated=831 execution_us=54201 reason=tracking_pose_accepted
x=2.1 y=2.05022 yaw=-0.0250426 score=0.951953 valid=1 mode=tracking state=TRACKING evaluated=831 execution_us=53324 reason=tracking_pose_accepted
x=2.1 y=2.05022 yaw=-0.0259767 score=0.950431 valid=1 mode=tracking state=TRACKING evaluated=831 execution_us=54749 reason=tracking_pose_accepted
x=2.1 y=2.05022 yaw=-0.0269109 score=0.956528 valid=1 mode=tracking state=TRACKING evaluated=831 execution_us=55263 reason=tracking_pose_accepted
x=2.1 y=2.05022 yaw=-0.027845 score=0.952941 valid=1 mode=tracking state=TRACKING evaluated=831 execution_us=58743 reason=tracking_pose_accepted
x=2.1 y=2.05022 yaw=-0.0287792 score=0.95379 valid=1 mode=tracking state=TRACKING evaluated=831 execution_us=58453 reason=tracking_pose_accepted
x=2.1 y=2.05022 yaw=-0.0297133 score=0.952931 valid=1 mode=tracking state=TRACKING evaluated=831 execution_us=59651 reason=tracking_pose_accepted
x=2.1 y=2.05022 yaw=-0.0306475 score=0.958543 valid=1 mode=tracking state=TRACKING evaluated=831 execution_us=59632 reason=tracking_pose_accepted
x=2.1 y=2.05022 yaw=-0.0141283 score=0.954928 valid=1 mode=tracking state=TRACKING evaluated=831 execution_us=58363 reason=tracking_pose_accepted
x=2.1 y=2.05022 yaw=-0.0325158 score=0.956111 valid=1 mode=tracking state=TRACKING evaluated=831 execution_us=55751 reason=tracking_pose_accepted
x=2.1 y=2.05023 yaw=-0.0334499 score=0.957439 valid=1 mode=tracking state=TRACKING evaluated=831 execution_us=54908 reason=tracking_pose_accepted
x=2.1 y=2.05023 yaw=-0.0343841 score=0.953012 valid=1 mode=tracking state=TRACKING evaluated=831 execution_us=55545 reason=tracking_pose_accepted
x=2.1 y=2.05023 yaw=-0.0353183 score=0.952483 valid=1 mode=tracking state=TRACKING evaluated=831 execution_us=55997 reason=tracking_pose_accepted
x=2.1 y=2.05023 yaw=-0.0362524 score=0.955008 valid=1 mode=tracking state=TRACKING evaluated=831 execution_us=56190 reason=tracking_pose_accepted
x=2.1 y=2.05023 yaw=-0.0371866 score=0.95477 valid=1 mode=tracking state=TRACKING evaluated=831 execution_us=56976 reason=tracking_pose_accepted
x=2.1 y=2.05023 yaw=-0.0381207 score=0.954963 valid=1 mode=tracking state=TRACKING evaluated=831 execution_us=59926 reason=tracking_pose_accepted
x=2.1 y=2.05023 yaw=-0.0216016 score=0.956087 valid=1 mode=tracking state=TRACKING evaluated=831 execution_us=60754 reason=tracking_pose_accepted
x=2.1 y=2.05023 yaw=-0.039989 score=0.957017 valid=1 mode=tracking state=TRACKING evaluated=831 execution_us=61975 reason=tracking_pose_accepted
x=2.1 y=2.05023 yaw=-0.0234699 score=0.954538 valid=1 mode=tracking state=TRACKING evaluated=831 execution_us=60506 reason=tracking_pose_accepted
x=2.1 y=2.05023 yaw=-0.024404 score=0.956493 valid=1 mode=tracking state=TRACKING evaluated=831 execution_us=61379 reason=tracking_pose_accepted
x=2.1 y=2.05023 yaw=-0.0427915 score=0.953664 valid=1 mode=tracking state=TRACKING evaluated=831 execution_us=52137 reason=tracking_pose_accepted
x=2.1 y=2.05023 yaw=-0.0262723 score=0.955419 valid=1 mode=tracking state=TRACKING evaluated=831 execution_us=58872 reason=tracking_pose_accepted
x=2.1 y=2.05023 yaw=-0.0272065 score=0.952504 valid=1 mode=tracking state=TRACKING evaluated=831 execution_us=59844 reason=tracking_pose_accepted
x=2.1 y=2.05023 yaw=-0.0281406 score=0.9554 valid=1 mode=tracking state=TRACKING evaluated=831 execution_us=59323 reason=tracking_pose_accepted
x=2.1 y=2.05023 yaw=-0.0290748 score=0.956314 valid=1 mode=tracking state=TRACKING evaluated=831 execution_us=59655 reason=tracking_pose_accepted
x=2.1 y=2.05023 yaw=-0.0300089 score=0.952911 valid=1 mode=tracking state=TRACKING evaluated=831 execution_us=59835 reason=tracking_pose_accepted
x=2.1 y=2.05023 yaw=-0.0309431 score=0.953439 valid=1 mode=tracking state=TRACKING evaluated=831 execution_us=62168 reason=tracking_pose_accepted
x=2.1 y=2.05023 yaw=-0.0318772 score=0.956413 valid=1 mode=tracking state=TRACKING evaluated=831 execution_us=52181 reason=tracking_pose_accepted
x=2.1 y=2.05023 yaw=-0.0328114 score=0.955951 valid=1 mode=tracking state=TRACKING evaluated=831 execution_us=54149 reason=tracking_pose_accepted
x=2.1 y=2.05023 yaw=-0.0337456 score=0.953074 valid=1 mode=tracking state=TRACKING evaluated=831 execution_us=52918 reason=tracking_pose_accepted
x=2.1 y=2.05023 yaw=-0.0346797 score=0.95331 valid=1 mode=tracking state=TRACKING evaluated=831 execution_us=53722 reason=tracking_pose_accepted
x=2.1 y=2.05023 yaw=-0.0356139 score=0.955644 valid=1 mode=tracking state=TRACKING evaluated=831 execution_us=54268 reason=tracking_pose_accepted
x=2.1 y=2.05023 yaw=-0.036548 score=0.952083 valid=1 mode=tracking state=TRACKING evaluated=831 execution_us=61600 reason=tracking_pose_accepted
x=2.1 y=2.05023 yaw=-0.0374822 score=0.955535 valid=1 mode=tracking state=TRACKING evaluated=831 execution_us=59292 reason=tracking_pose_accepted
x=2.1 y=2.05023 yaw=-0.020963 score=0.950878 valid=1 mode=tracking state=TRACKING evaluated=831 execution_us=59561 reason=tracking_pose_accepted
x=2.1 y=2.05023 yaw=-0.0393505 score=0.952492 valid=1 mode=tracking state=TRACKING evaluated=831 execution_us=60165 reason=tracking_pose_accepted
x=2.1 y=2.05023 yaw=-0.0402846 score=0.954143 valid=1 mode=tracking state=TRACKING evaluated=831 execution_us=60743 reason=tracking_pose_accepted
x=2.1 y=2.05023 yaw=-0.0237655 score=0.955806 valid=1 mode=tracking state=TRACKING evaluated=831 execution_us=62292 reason=tracking_pose_accepted
x=2.1 y=2.05023 yaw=-0.0246996 score=0.956346 valid=1 mode=tracking state=TRACKING evaluated=831 execution_us=48588 reason=tracking_pose_accepted
x=2.1 y=2.05023 yaw=-0.0256338 score=0.95546 valid=1 mode=tracking state=TRACKING evaluated=831 execution_us=55139 reason=tracking_pose_accepted
x=2.1 y=2.05023 yaw=-0.0265679 score=0.958834 valid=1 mode=tracking state=TRACKING evaluated=831 execution_us=57684 reason=tracking_pose_accepted
x=2.1 y=2.05023 yaw=-0.0275021 score=0.953719 valid=1 mode=tracking state=TRACKING evaluated=831 execution_us=58086 reason=tracking_pose_accepted
x=2.1 y=2.05023 yaw=-0.0284362 score=0.954028 valid=1 mode=tracking state=TRACKING evaluated=831 execution_us=57199 reason=tracking_pose_accepted
x=2.1 y=2.05023 yaw=-0.0293704 score=0.955669 valid=1 mode=tracking state=TRACKING evaluated=831 execution_us=57367 reason=tracking_pose_accepted
x=2.1 y=2.05023 yaw=-0.0303045 score=0.956201 valid=1 mode=tracking state=TRACKING evaluated=831 execution_us=60302 reason=tracking_pose_accepted
x=2.1 y=2.05023 yaw=-0.0312387 score=0.954093 valid=1 mode=tracking state=TRACKING evaluated=831 execution_us=60238 reason=tracking_pose_accepted
x=2.1 y=2.05023 yaw=-0.0321729 score=0.95603 valid=1 mode=tracking state=TRACKING evaluated=831 execution_us=60228 reason=tracking_pose_accepted
x=2.1 y=2.05023 yaw=-0.033107 score=0.956337 valid=1 mode=tracking state=TRACKING evaluated=831 execution_us=60620 reason=tracking_pose_accepted
x=2.1 y=2.05023 yaw=-0.0340412 score=0.960172 valid=1 mode=tracking state=TRACKING evaluated=831 execution_us=59699 reason=tracking_pose_accepted
x=2.1 y=2.05023 yaw=-0.0349753 score=0.953336 valid=1 mode=tracking state=TRACKING evaluated=831 execution_us=61696 reason=tracking_pose_accepted
x=2.1 y=2.05023 yaw=-0.0359095 score=0.948296 valid=1 mode=tracking state=TRACKING evaluated=831 execution_us=56902 reason=tracking_pose_accepted
x=2.1 y=2.05023 yaw=-0.0368436 score=0.956048 valid=1 mode=tracking state=TRACKING evaluated=831 execution_us=56681 reason=tracking_pose_accepted
x=2.1 y=2.05024 yaw=-0.0377778 score=0.95407 valid=1 mode=tracking state=TRACKING evaluated=831 execution_us=56884 reason=tracking_pose_accepted
x=2.1 y=2.05024 yaw=-0.0387119 score=0.958859 valid=1 mode=tracking state=TRACKING evaluated=831 execution_us=55533 reason=tracking_pose_accepted
x=2.1 y=2.05024 yaw=-0.0396461 score=0.95483 valid=1 mode=tracking state=TRACKING evaluated=831 execution_us=57308 reason=tracking_pose_accepted
x=2.1 y=2.05024 yaw=-0.0231269 score=0.953957 valid=1 mode=tracking state=TRACKING evaluated=831 execution_us=58966 reason=tracking_pose_accepted
x=2.1 y=2.05024 yaw=-0.0240611 score=0.955951 valid=1 mode=tracking state=TRACKING evaluated=831 execution_us=51854 reason=tracking_pose_accepted
x=2.1 y=2.05024 yaw=-0.0424485 score=0.957069 valid=1 mode=tracking state=TRACKING evaluated=831 execution_us=52254 reason=tracking_pose_accepted
x=2.1 y=2.05024 yaw=-0.0259294 score=0.956097 valid=1 mode=tracking state=TRACKING evaluated=831 execution_us=53649 reason=tracking_pose_accepted
x=2.1 y=2.05024 yaw=-0.0268635 score=0.953723 valid=1 mode=tracking state=TRACKING evaluated=831 execution_us=54262 reason=tracking_pose_accepted
x=2.1 y=2.05024 yaw=-0.0277977 score=0.952235 valid=1 mode=tracking state=TRACKING evaluated=831 execution_us=54746 reason=tracking_pose_accepted
x=2.1 y=2.05024 yaw=-0.0287318 score=0.955726 valid=1 mode=tracking state=TRACKING evaluated=831 execution_us=61638 reason=tracking_pose_accepted
x=2.1 y=2.05024 yaw=-0.029666 score=0.955302 valid=1 mode=tracking state=TRACKING evaluated=831 execution_us=58509 reason=tracking_pose_accepted
x=2.1 y=2.05024 yaw=-0.0306001 score=0.951512 valid=1 mode=tracking state=TRACKING evaluated=831 execution_us=60017 reason=tracking_pose_accepted
x=2.1 y=2.05024 yaw=-0.0315343 score=0.956914 valid=1 mode=tracking state=TRACKING evaluated=831 execution_us=59468 reason=tracking_pose_accepted
x=2.1 y=2.05024 yaw=-0.0324684 score=0.953104 valid=1 mode=tracking state=TRACKING evaluated=831 execution_us=59952 reason=tracking_pose_accepted
x=2.1 y=2.05024 yaw=-0.0334026 score=0.953439 valid=1 mode=tracking state=TRACKING evaluated=831 execution_us=60679 reason=tracking_pose_accepted
x=2.1 y=2.05024 yaw=-0.0343367 score=0.958308 valid=1 mode=tracking state=TRACKING evaluated=831 execution_us=57316 reason=tracking_pose_accepted
x=2.1 y=2.05024 yaw=-0.0352709 score=0.955501 valid=1 mode=tracking state=TRACKING evaluated=831 execution_us=57924 reason=tracking_pose_accepted
x=2.1 y=2.05024 yaw=-0.0362051 score=0.954892 valid=1 mode=tracking state=TRACKING evaluated=831 execution_us=57462 reason=tracking_pose_accepted
x=2.1 y=2.05024 yaw=-0.0371392 score=0.951726 valid=1 mode=tracking state=TRACKING evaluated=831 execution_us=58759 reason=tracking_pose_accepted
x=2.1 y=2.05024 yaw=-0.0380734 score=0.953858 valid=1 mode=tracking state=TRACKING evaluated=831 execution_us=58440 reason=tracking_pose_accepted
x=2.1 y=2.05024 yaw=-0.0390075 score=0.953474 valid=1 mode=tracking state=TRACKING evaluated=831 execution_us=57314 reason=tracking_pose_accepted
x=2.1 y=2.05024 yaw=-0.0399417 score=0.957405 valid=1 mode=tracking state=TRACKING evaluated=831 execution_us=61178 reason=tracking_pose_accepted
x=2.1 y=2.05024 yaw=-0.0408758 score=0.953883 valid=1 mode=tracking state=TRACKING evaluated=831 execution_us=61908 reason=tracking_pose_accepted
x=2.1 y=2.05024 yaw=-0.04181 score=0.957625 valid=1 mode=tracking state=TRACKING evaluated=831 execution_us=61753 reason=tracking_pose_accepted
x=2.1 y=2.05024 yaw=-0.0252909 score=0.956337 valid=1 mode=tracking state=TRACKING evaluated=831 execution_us=62628 reason=tracking_pose_accepted
x=2.1 y=2.05024 yaw=-0.026225 score=0.950459 valid=1 mode=tracking state=TRACKING evaluated=831 execution_us=52168 reason=tracking_pose_accepted
x=2.1 y=2.05024 yaw=-0.0271592 score=0.953114 valid=1 mode=tracking state=TRACKING evaluated=831 execution_us=62333 reason=tracking_pose_accepted
x=2.1 y=2.05024 yaw=-0.0280933 score=0.953235 valid=1 mode=tracking state=TRACKING evaluated=831 execution_us=59847 reason=tracking_pose_accepted
x=2.1 y=2.05024 yaw=-0.0290275 score=0.955819 valid=1 mode=tracking state=TRACKING evaluated=831 execution_us=59085 reason=tracking_pose_accepted
x=2.1 y=2.05024 yaw=-0.0299616 score=0.95353 valid=1 mode=tracking state=TRACKING evaluated=831 execution_us=58730 reason=tracking_pose_accepted
x=2.1 y=2.05024 yaw=-0.0308958 score=0.953825 valid=1 mode=tracking state=TRACKING evaluated=831 execution_us=58544 reason=tracking_pose_accepted
x=2.1 y=2.05024 yaw=-0.03183 score=0.952728 valid=1 mode=tracking state=TRACKING evaluated=831 execution_us=58648 reason=tracking_pose_accepted
x=2.1 y=2.05024 yaw=-0.0327641 score=0.954028 valid=1 mode=tracking state=TRACKING evaluated=831 execution_us=58159 reason=tracking_pose_accepted
x=2.1 y=2.05024 yaw=-0.0336983 score=0.956107 valid=1 mode=tracking state=TRACKING evaluated=831 execution_us=61743 reason=tracking_pose_accepted
x=2.1 y=2.05024 yaw=-0.0346324 score=0.958594 valid=1 mode=tracking state=TRACKING evaluated=831 execution_us=61658 reason=tracking_pose_accepted
x=2.1 y=2.05024 yaw=-0.0355666 score=0.955576 valid=1 mode=tracking state=TRACKING evaluated=831 execution_us=62235 reason=tracking_pose_accepted
x=2.1 y=2.05024 yaw=-0.0365007 score=0.955501 valid=1 mode=tracking state=TRACKING evaluated=831 execution_us=51628 reason=tracking_pose_accepted
x=2.1 y=2.05024 yaw=-0.0374349 score=0.961192 valid=1 mode=tracking state=TRACKING evaluated=831 execution_us=61929 reason=tracking_pose_accepted
x=2.1 y=2.05024 yaw=-0.038369 score=0.955841 valid=1 mode=tracking state=TRACKING evaluated=831 execution_us=52256 reason=tracking_pose_accepted
x=2.1 y=2.05024 yaw=-0.0393032 score=0.951999 valid=1 mode=tracking state=TRACKING evaluated=831 execution_us=58441 reason=tracking_pose_accepted
x=2.1 y=2.05024 yaw=-0.0402373 score=0.95507 valid=1 mode=tracking state=TRACKING evaluated=831 execution_us=59284 reason=tracking_pose_accepted
x=2.1 y=2.05024 yaw=-0.0411715 score=0.952007 valid=1 mode=tracking state=TRACKING evaluated=831 execution_us=59971 reason=tracking_pose_accepted
x=2.1 y=2.05025 yaw=-0.0246524 score=0.956381 valid=1 mode=tracking state=TRACKING evaluated=831 execution_us=59835 reason=tracking_pose_accepted
x=2.1 y=2.05025 yaw=-0.0255865 score=0.951208 valid=1 mode=tracking state=TRACKING evaluated=831 execution_us=61106 reason=tracking_pose_accepted
x=2.1 y=2.05025 yaw=-0.0265207 score=0.950443 valid=1 mode=tracking state=TRACKING evaluated=831 execution_us=60573 reason=tracking_pose_accepted
x=2.1 y=2.05025 yaw=-0.0274548 score=0.953115 valid=1 mode=tracking state=TRACKING evaluated=831 execution_us=54496 reason=tracking_pose_accepted
x=2.1 y=2.05025 yaw=-0.028389 score=0.952788 valid=1 mode=tracking state=TRACKING evaluated=831 execution_us=55885 reason=tracking_pose_accepted
x=2.1 y=2.05025 yaw=-0.0293232 score=0.951746 valid=1 mode=tracking state=TRACKING evaluated=831 execution_us=55295 reason=tracking_pose_accepted
x=2.1 y=2.05025 yaw=-0.0302573 score=0.954775 valid=1 mode=tracking state=TRACKING evaluated=831 execution_us=55824 reason=tracking_pose_accepted
x=2.1 y=2.05025 yaw=-0.0311915 score=0.960651 valid=1 mode=tracking state=TRACKING evaluated=831 execution_us=56945 reason=tracking_pose_accepted
x=2.1 y=2.05025 yaw=-0.0321256 score=0.954228 valid=1 mode=tracking state=TRACKING evaluated=831 execution_us=60039 reason=tracking_pose_accepted
x=2.1 y=2.05025 yaw=-0.0330598 score=0.956486 valid=1 mode=tracking state=TRACKING evaluated=831 execution_us=60777 reason=tracking_pose_accepted
x=2.1 y=2.05025 yaw=-0.0339939 score=0.955494 valid=1 mode=tracking state=TRACKING evaluated=831 execution_us=61178 reason=tracking_pose_accepted
x=2.1 y=2.05025 yaw=-0.0349281 score=0.956334 valid=1 mode=tracking state=TRACKING evaluated=831 execution_us=61961 reason=tracking_pose_accepted
x=2.1 y=2.05025 yaw=-0.0358622 score=0.95508 valid=1 mode=tracking state=TRACKING evaluated=831 execution_us=62359 reason=tracking_pose_accepted
x=2.1 y=2.05025 yaw=-0.0367964 score=0.953247 valid=1 mode=tracking state=TRACKING evaluated=831 execution_us=51432 reason=tracking_pose_accepted
x=2.1 y=2.05025 yaw=-0.0377305 score=0.952586 valid=1 mode=tracking state=TRACKING evaluated=831 execution_us=58030 reason=tracking_pose_accepted
x=2.1 y=2.05025 yaw=-0.0386647 score=0.955438 valid=1 mode=tracking state=TRACKING evaluated=831 execution_us=58938 reason=tracking_pose_accepted
x=2.1 y=2.05025 yaw=-0.0221456 score=0.9545 valid=1 mode=tracking state=TRACKING evaluated=831 execution_us=57493 reason=tracking_pose_accepted
x=2.1 y=2.05025 yaw=-0.0230797 score=0.953104 valid=1 mode=tracking state=TRACKING evaluated=831 execution_us=57800 reason=tracking_pose_accepted
x=2.1 y=2.05025 yaw=-0.0414672 score=0.9574 valid=1 mode=tracking state=TRACKING evaluated=831 execution_us=56632 reason=tracking_pose_accepted
x=2.1 y=2.05025 yaw=-0.0424013 score=0.952849 valid=1 mode=tracking state=TRACKING evaluated=831 execution_us=64792 reason=tracking_pose_accepted
x=2.1 y=2.05025 yaw=-0.0433355 score=0.951637 valid=1 mode=tracking state=TRACKING evaluated=831 execution_us=61977 reason=tracking_pose_accepted
x=2.1 y=2.05025 yaw=-0.0268164 score=0.955576 valid=1 mode=tracking state=TRACKING evaluated=831 execution_us=51888 reason=tracking_pose_accepted
x=2.1 y=2.05025 yaw=-0.0277505 score=0.958594 valid=1 mode=tracking state=TRACKING evaluated=831 execution_us=52062 reason=tracking_pose_accepted
x=2.1 y=2.05025 yaw=-0.0286847 score=0.950706 valid=1 mode=tracking state=TRACKING evaluated=831 execution_us=52704 reason=tracking_pose_accepted
x=2.1 y=2.05025 yaw=-0.0296189 score=0.952687 valid=1 mode=tracking state=TRACKING evaluated=831 execution_us=52176 reason=tracking_pose_accepted
x=2.1 y=2.05025 yaw=-0.030553 score=0.955915 valid=1 mode=tracking state=TRACKING evaluated=831 execution_us=58981 reason=tracking_pose_accepted
x=2.1 y=2.05025 yaw=-0.0314872 score=0.954316 valid=1 mode=tracking state=TRACKING evaluated=831 execution_us=59931 reason=tracking_pose_accepted
x=2.1 y=2.05025 yaw=-0.0324213 score=0.9522 valid=1 mode=tracking state=TRACKING evaluated=831 execution_us=57009 reason=tracking_pose_accepted
x=2.1 y=2.05025 yaw=-0.0333555 score=0.95578 valid=1 mode=tracking state=TRACKING evaluated=831 execution_us=59873 reason=tracking_pose_accepted
x=2.1 y=2.05025 yaw=-0.0168363 score=0.958578 valid=1 mode=tracking state=TRACKING evaluated=831 execution_us=60143 reason=tracking_pose_accepted
x=2.1 y=2.05025 yaw=-0.0177705 score=0.952807 valid=1 mode=tracking state=TRACKING evaluated=831 execution_us=60065 reason=tracking_pose_accepted
x=2.1 y=2.05025 yaw=-0.0361579 score=0.947161 valid=1 mode=tracking state=TRACKING evaluated=831 execution_us=53130 reason=tracking_pose_accepted
x=2.1 y=2.05025 yaw=-0.0370921 score=0.954922 valid=1 mode=tracking state=TRACKING evaluated=831 execution_us=54364 reason=tracking_pose_accepted
x=2.1 y=2.05025 yaw=-0.0380262 score=0.955372 valid=1 mode=tracking state=TRACKING evaluated=831 execution_us=55035 reason=tracking_pose_accepted
x=2.1 y=2.05025 yaw=-0.0389604 score=0.95545 valid=1 mode=tracking state=TRACKING evaluated=831 execution_us=55755 reason=tracking_pose_accepted
x=2.1 y=2.05025 yaw=-0.0398946 score=0.952061 valid=1 mode=tracking state=TRACKING evaluated=831 execution_us=55443 reason=tracking_pose_accepted
x=2.1 y=2.05025 yaw=-0.0408287 score=0.95753 valid=1 mode=tracking state=TRACKING evaluated=831 execution_us=55740 reason=tracking_pose_accepted
x=2.1 y=2.05025 yaw=-0.0417629 score=0.955956 valid=1 mode=tracking state=TRACKING evaluated=831 execution_us=60406 reason=tracking_pose_accepted
x=2.1 y=2.05025 yaw=-0.0252438 score=0.953238 valid=1 mode=tracking state=TRACKING evaluated=831 execution_us=60251 reason=tracking_pose_accepted
x=2.1 y=2.05025 yaw=-0.0261779 score=0.954785 valid=1 mode=tracking state=TRACKING evaluated=831 execution_us=60735 reason=tracking_pose_accepted
x=2.1 y=2.05025 yaw=-0.0271121 score=0.95524 valid=1 mode=tracking state=TRACKING evaluated=831 execution_us=60634 reason=tracking_pose_accepted
x=2.1 y=2.05025 yaw=-0.0280462 score=0.956772 valid=1 mode=tracking state=TRACKING evaluated=831 execution_us=60109 reason=tracking_pose_accepted
x=2.1 y=2.05026 yaw=-0.0289804 score=0.957332 valid=1 mode=tracking state=TRACKING evaluated=831 execution_us=60319 reason=tracking_pose_accepted
x=2.1 y=2.10026 yaw=-0.0299146 score=0.956924 valid=1 mode=tracking state=TRACKING evaluated=831 execution_us=105308 reason=tracking_pose_accepted
x=2.1 y=2.05026 yaw=-0.0308487 score=0.956619 valid=1 mode=tracking state=TRACKING evaluated=807 execution_us=100054 reason=tracking_pose_accepted
x=2.1 y=2.05026 yaw=-0.0317829 score=0.95376 valid=1 mode=tracking state=TRACKING evaluated=831 execution_us=103008 reason=tracking_pose_accepted
x=2.1 y=2.05026 yaw=-0.032717 score=0.955616 valid=1 mode=tracking state=TRACKING evaluated=831 execution_us=73745 reason=tracking_pose_accepted
x=2.1 y=2.05026 yaw=-0.0336512 score=0.951011 valid=1 mode=tracking state=TRACKING evaluated=831 execution_us=61630 reason=tracking_pose_accepted
x=2.1 y=2.05026 yaw=-0.0345853 score=0.952788 valid=1 mode=tracking state=TRACKING evaluated=831 execution_us=56202 reason=tracking_pose_accepted
x=2.1 y=2.05026 yaw=-0.0180662 score=0.949949 valid=1 mode=tracking state=TRACKING evaluated=831 execution_us=62437 reason=tracking_pose_accepted
x=2.1 y=2.05026 yaw=-0.0364536 score=0.952525 valid=1 mode=tracking state=TRACKING evaluated=831 execution_us=62702 reason=tracking_pose_accepted
x=2.1 y=2.05026 yaw=-0.0373878 score=0.954163 valid=1 mode=tracking state=TRACKING evaluated=831 execution_us=51606 reason=tracking_pose_accepted
x=2.1 y=2.05026 yaw=-0.0383219 score=0.952187 valid=1 mode=tracking state=TRACKING evaluated=831 execution_us=58587 reason=tracking_pose_accepted
x=2.1 y=2.05026 yaw=-0.0218028 score=0.952849 valid=1 mode=tracking state=TRACKING evaluated=831 execution_us=58983 reason=tracking_pose_accepted
x=2.1 y=2.05026 yaw=-0.022737 score=0.955658 valid=1 mode=tracking state=TRACKING evaluated=831 execution_us=59367 reason=tracking_pose_accepted
x=2.1 y=2.05026 yaw=-0.0411244 score=0.953901 valid=1 mode=tracking state=TRACKING evaluated=831 execution_us=59704 reason=tracking_pose_accepted
x=2.1 y=2.05026 yaw=-0.0246052 score=0.953054 valid=1 mode=tracking state=TRACKING evaluated=831 execution_us=61025 reason=tracking_pose_accepted
x=2.1 y=2.05026 yaw=-0.0429927 score=0.95432 valid=1 mode=tracking state=TRACKING evaluated=831 execution_us=60285 reason=tracking_pose_accepted
x=2.1 y=2.05026 yaw=-0.0439268 score=0.956484 valid=1 mode=tracking state=TRACKING evaluated=831 execution_us=53080 reason=tracking_pose_accepted
x=2.1 y=2.05026 yaw=-0.0274077 score=0.955997 valid=1 mode=tracking state=TRACKING evaluated=831 execution_us=54604 reason=tracking_pose_accepted
x=2.1 y=2.05026 yaw=-0.0283419 score=0.951816 valid=1 mode=tracking state=TRACKING evaluated=831 execution_us=55353 reason=tracking_pose_accepted
x=2.1 y=2.05026 yaw=-0.029276 score=0.955665 valid=1 mode=tracking state=TRACKING evaluated=831 execution_us=55523 reason=tracking_pose_accepted
x=2.1 y=2.05026 yaw=-0.0302102 score=0.952446 valid=1 mode=tracking state=TRACKING evaluated=831 execution_us=55333 reason=tracking_pose_accepted
x=2.1 y=2.05026 yaw=-0.0311443 score=0.953278 valid=1 mode=tracking state=TRACKING evaluated=831 execution_us=55276 reason=tracking_pose_accepted
x=2.1 y=2.05026 yaw=-0.0320785 score=0.955933 valid=1 mode=tracking state=TRACKING evaluated=831 execution_us=59707 reason=tracking_pose_accepted
x=2.1 y=2.05026 yaw=-0.0330127 score=0.95607 valid=1 mode=tracking state=TRACKING evaluated=831 execution_us=58914 reason=tracking_pose_accepted
x=2.1 y=2.05026 yaw=-0.0339468 score=0.953012 valid=1 mode=tracking state=TRACKING evaluated=831 execution_us=58945 reason=tracking_pose_accepted
x=2.1 y=2.05026 yaw=-0.034881 score=0.954211 valid=1 mode=tracking state=TRACKING evaluated=831 execution_us=59105 reason=tracking_pose_accepted
x=2.1 y=2.05026 yaw=-0.0358151 score=0.955806 valid=1 mode=tracking state=TRACKING evaluated=831 execution_us=58907 reason=tracking_pose_accepted
x=2.1 y=2.05026 yaw=-0.0367493 score=0.951362 valid=1 mode=tracking state=TRACKING evaluated=831 execution_us=56201 reason=tracking_pose_accepted
x=2.1 y=2.05026 yaw=-0.0376834 score=0.949509 valid=1 mode=tracking state=TRACKING evaluated=831 execution_us=55971 reason=tracking_pose_accepted
x=2.1 y=2.05026 yaw=-0.0386176 score=0.958005 valid=1 mode=tracking state=TRACKING evaluated=831 execution_us=56283 reason=tracking_pose_accepted
x=2.1 y=2.05026 yaw=-0.0395517 score=0.950099 valid=1 mode=tracking state=TRACKING evaluated=831 execution_us=57117 reason=tracking_pose_accepted
x=2.1 y=2.05026 yaw=-0.0230326 score=0.955882 valid=1 mode=tracking state=TRACKING evaluated=831 execution_us=56309 reason=tracking_pose_accepted
x=2.1 y=2.05026 yaw=-0.0239668 score=0.955583 valid=1 mode=tracking state=TRACKING evaluated=831 execution_us=55785 reason=tracking_pose_accepted
x=2.1 y=2.05026 yaw=-0.0249009 score=0.955288 valid=1 mode=tracking state=TRACKING evaluated=831 execution_us=60261 reason=tracking_pose_accepted
x=2.1 y=2.05026 yaw=-0.0432884 score=0.953652 valid=1 mode=tracking state=TRACKING evaluated=831 execution_us=60649 reason=tracking_pose_accepted
x=2.1 y=2.05026 yaw=-0.0267692 score=0.95527 valid=1 mode=tracking state=TRACKING evaluated=831 execution_us=61075 reason=tracking_pose_accepted
x=2.1 y=2.05026 yaw=-0.0277033 score=0.95578 valid=1 mode=tracking state=TRACKING evaluated=831 execution_us=61148 reason=tracking_pose_accepted
x=2.1 y=2.05026 yaw=-0.0286375 score=0.95547 valid=1 mode=tracking state=TRACKING evaluated=831 execution_us=61575 reason=tracking_pose_accepted
x=2.1 y=2.05026 yaw=-0.0295717 score=0.957193 valid=1 mode=tracking state=TRACKING evaluated=831 execution_us=68747 reason=tracking_pose_accepted
x=2.1 y=2.05026 yaw=-0.0305058 score=0.953901 valid=1 mode=tracking state=TRACKING evaluated=831 execution_us=59332 reason=tracking_pose_accepted
x=2.1 y=2.05026 yaw=-0.03144 score=0.953463 valid=1 mode=tracking state=TRACKING evaluated=831 execution_us=59179 reason=tracking_pose_accepted
x=2.1 y=2.05026 yaw=-0.0149208 score=0.953481 valid=1 mode=tracking state=TRACKING evaluated=831 execution_us=60655 reason=tracking_pose_accepted
x=2.1 y=2.05026 yaw=-0.0333083 score=0.955304 valid=1 mode=tracking state=TRACKING evaluated=831 execution_us=60520 reason=tracking_pose_accepted
x=2.1 y=2.05027 yaw=-0.0342424 score=0.956446 valid=1 mode=tracking state=TRACKING evaluated=831 execution_us=61110 reason=tracking_pose_accepted
x=2.1 y=2.05027 yaw=-0.0177233 score=0.955783 valid=1 mode=tracking state=TRACKING evaluated=831 execution_us=60919 reason=tracking_pose_accepted
x=2.1 y=2.05027 yaw=-0.0361107 score=0.955393 valid=1 mode=tracking state=TRACKING evaluated=831 execution_us=54659 reason=tracking_pose_accepted
x=2.1 y=2.05027 yaw=-0.0370449 score=0.955806 valid=1 mode=tracking state=TRACKING evaluated=831 execution_us=55378 reason=tracking_pose_accepted
x=2.1 y=2.05027 yaw=-0.037979 score=0.953858 valid=1 mode=tracking state=TRACKING evaluated=831 execution_us=55000 reason=tracking_pose_accepted
x=2.1 y=2.05027 yaw=-0.0389132 score=0.958247 valid=1 mode=tracking state=TRACKING evaluated=831 execution_us=55630 reason=tracking_pose_accepted
x=2.1 y=2.05027 yaw=-0.0223941 score=0.952911 valid=1 mode=tracking state=TRACKING evaluated=831 execution_us=55524 reason=tracking_pose_accepted
x=2.1 y=2.05027 yaw=-0.0407815 score=0.955192 valid=1 mode=tracking state=TRACKING evaluated=831 execution_us=59478 reason=tracking_pose_accepted
x=2.1 y=2.05027 yaw=-0.0242623 score=0.957236 valid=1 mode=tracking state=TRACKING evaluated=831 execution_us=60007 reason=tracking_pose_accepted
x=2.1 y=2.05027 yaw=-0.0251965 score=0.952606 valid=1 mode=tracking state=TRACKING evaluated=831 execution_us=59570 reason=tracking_pose_accepted
x=2.1 y=2.05027 yaw=-0.0261306 score=0.951796 valid=1 mode=tracking state=TRACKING evaluated=831 execution_us=59274 reason=tracking_pose_accepted
x=2.1 y=2.05027 yaw=-0.0270648 score=0.954364 valid=1 mode=tracking state=TRACKING evaluated=831 execution_us=59531 reason=tracking_pose_accepted
x=2.1 y=2.05027 yaw=-0.027999 score=0.953595 valid=1 mode=tracking state=TRACKING evaluated=831 execution_us=59174 reason=tracking_pose_accepted
x=2.1 y=2.05027 yaw=-0.0289331 score=0.954018 valid=1 mode=tracking state=TRACKING evaluated=831 execution_us=55032 reason=tracking_pose_accepted
x=2.1 y=2.05027 yaw=-0.0298673 score=0.952931 valid=1 mode=tracking state=TRACKING evaluated=831 execution_us=55817 reason=tracking_pose_accepted
x=2.1 y=2.05027 yaw=-0.0308014 score=0.955624 valid=1 mode=tracking state=TRACKING evaluated=831 execution_us=54297 reason=tracking_pose_accepted
x=2.1 y=2.05027 yaw=-0.0317356 score=0.955972 valid=1 mode=tracking state=TRACKING evaluated=831 execution_us=56259 reason=tracking_pose_accepted
x=2.1 y=2.05027 yaw=-0.0326697 score=0.959619 valid=1 mode=tracking state=TRACKING evaluated=831 execution_us=56479 reason=tracking_pose_accepted
x=2.1 y=2.05027 yaw=-0.0336039 score=0.952911 valid=1 mode=tracking state=TRACKING evaluated=831 execution_us=56266 reason=tracking_pose_accepted
x=2.1 y=2.05027 yaw=-0.034538 score=0.957983 valid=1 mode=tracking state=TRACKING evaluated=831 execution_us=60649 reason=tracking_pose_accepted
x=2.1 y=2.05027 yaw=-0.0354722 score=0.955231 valid=1 mode=tracking state=TRACKING evaluated=831 execution_us=60541 reason=tracking_pose_accepted
x=2.1 y=2.05027 yaw=-0.0364063 score=0.957076 valid=1 mode=tracking state=TRACKING evaluated=831 execution_us=60288 reason=tracking_pose_accepted
x=2.1 y=2.05027 yaw=-0.0198872 score=0.953909 valid=1 mode=tracking state=TRACKING evaluated=831 execution_us=60602 reason=tracking_pose_accepted
x=2.1 y=2.05027 yaw=-0.0382747 score=0.950351 valid=1 mode=tracking state=TRACKING evaluated=831 execution_us=60299 reason=tracking_pose_accepted
x=2.1 y=2.05027 yaw=-0.0392088 score=0.957178 valid=1 mode=tracking state=TRACKING evaluated=831 execution_us=57216 reason=tracking_pose_accepted
x=2.1 y=2.05027 yaw=-0.040143 score=0.957211 valid=1 mode=tracking state=TRACKING evaluated=831 execution_us=57480 reason=tracking_pose_accepted
x=2.1 y=2.05027 yaw=-0.0236238 score=0.95559 valid=1 mode=tracking state=TRACKING evaluated=831 execution_us=57741 reason=tracking_pose_accepted
x=2.1 y=2.05027 yaw=-0.0420112 score=0.957484 valid=1 mode=tracking state=TRACKING evaluated=831 execution_us=57853 reason=tracking_pose_accepted
x=2.1 y=2.05027 yaw=-0.0254921 score=0.9522 valid=1 mode=tracking state=TRACKING evaluated=831 execution_us=58971 reason=tracking_pose_accepted
x=2.1 y=2.05027 yaw=-0.0264262 score=0.950633 valid=1 mode=tracking state=TRACKING evaluated=831 execution_us=58461 reason=tracking_pose_accepted
x=2.1 y=2.05027 yaw=-0.0273604 score=0.952931 valid=1 mode=tracking state=TRACKING evaluated=831 execution_us=62198 reason=tracking_pose_accepted
x=2.1 y=2.05027 yaw=-0.0282946 score=0.95592 valid=1 mode=tracking state=TRACKING evaluated=831 execution_us=62293 reason=tracking_pose_accepted
x=2.1 y=2.05027 yaw=-0.0292287 score=0.956427 valid=1 mode=tracking state=TRACKING evaluated=831 execution_us=51839 reason=tracking_pose_accepted
x=2.1 y=2.05027 yaw=-0.0301629 score=0.955515 valid=1 mode=tracking state=TRACKING evaluated=831 execution_us=62689 reason=tracking_pose_accepted
x=2.1 y=2.05027 yaw=-0.031097 score=0.953175 valid=1 mode=tracking state=TRACKING evaluated=831 execution_us=52196 reason=tracking_pose_accepted
x=2.1 y=2.05027 yaw=-0.0320312 score=0.953318 valid=1 mode=tracking state=TRACKING evaluated=831 execution_us=52587 reason=tracking_pose_accepted
x=2.1 y=2.05027 yaw=-0.015512 score=0.955783 valid=1 mode=tracking state=TRACKING evaluated=831 execution_us=60538 reason=tracking_pose_accepted
x=2.1 y=2.05027 yaw=-0.0338995 score=0.958992 valid=1 mode=tracking state=TRACKING evaluated=831 execution_us=61127 reason=tracking_pose_accepted
x=2.1 y=2.05027 yaw=-0.0348336 score=0.952301 valid=1 mode=tracking state=TRACKING evaluated=831 execution_us=61367 reason=tracking_pose_accepted
x=2.1 y=2.05027 yaw=-0.0183145 score=0.953585 valid=1 mode=tracking state=TRACKING evaluated=831 execution_us=60920 reason=tracking_pose_accepted
x=2.1 y=2.05027 yaw=-0.036702 score=0.955501 valid=1 mode=tracking state=TRACKING evaluated=831 execution_us=61106 reason=tracking_pose_accepted
x=2.1 y=2.05027 yaw=-0.0201828 score=0.956924 valid=1 mode=tracking state=TRACKING evaluated=831 execution_us=61206 reason=tracking_pose_accepted
x=2.1 y=2.05028 yaw=-0.021117 score=0.952053 valid=1 mode=tracking state=TRACKING evaluated=831 execution_us=54440 reason=tracking_pose_accepted
x=2.1 y=2.05028 yaw=-0.0395044 score=0.957491 valid=1 mode=tracking state=TRACKING evaluated=831 execution_us=54317 reason=tracking_pose_accepted
x=2.1 y=2.05028 yaw=-0.0229853 score=0.956985 valid=1 mode=tracking state=TRACKING evaluated=831 execution_us=53881 reason=tracking_pose_accepted
x=2.1 y=2.05028 yaw=-0.0239194 score=0.949528 valid=1 mode=tracking state=TRACKING evaluated=831 execution_us=55463 reason=tracking_pose_accepted
x=2.1 y=2.05028 yaw=-0.0248536 score=0.951512 valid=1 mode=tracking state=TRACKING evaluated=831 execution_us=55087 reason=tracking_pose_accepted
x=2.1 y=2.05028 yaw=-0.0257877 score=0.952078 valid=1 mode=tracking state=TRACKING evaluated=831 execution_us=59320 reason=tracking_pose_accepted
x=2.1 y=2.05028 yaw=-0.0267219 score=0.955501 valid=1 mode=tracking state=TRACKING evaluated=831 execution_us=59574 reason=tracking_pose_accepted
x=2.1 y=2.05028 yaw=-0.027656 score=0.950651 valid=1 mode=tracking state=TRACKING evaluated=831 execution_us=59756 reason=tracking_pose_accepted
x=2.1 y=2.05028 yaw=-0.0285902 score=0.948807 valid=1 mode=tracking state=TRACKING evaluated=831 execution_us=59155 reason=tracking_pose_accepted
x=2.1 y=2.05028 yaw=-0.0295244 score=0.95636 valid=1 mode=tracking state=TRACKING evaluated=831 execution_us=59621 reason=tracking_pose_accepted
x=2.1 y=2.05028 yaw=-0.0304585 score=0.951463 valid=1 mode=tracking state=TRACKING evaluated=831 execution_us=60319 reason=tracking_pose_accepted
x=2.1 y=2.05028 yaw=-0.0313927 score=0.955997 valid=1 mode=tracking state=TRACKING evaluated=831 execution_us=55457 reason=tracking_pose_accepted
x=2.1 y=2.05028 yaw=-0.0323268 score=0.956812 valid=1 mode=tracking state=TRACKING evaluated=831 execution_us=55946 reason=tracking_pose_accepted
x=2.1 y=2.05028 yaw=-0.033261 score=0.960446 valid=1 mode=tracking state=TRACKING evaluated=831 execution_us=56038 reason=tracking_pose_accepted
x=2.1 y=2.05028 yaw=-0.0341951 score=0.954538 valid=1 mode=tracking state=TRACKING evaluated=831 execution_us=56371 reason=tracking_pose_accepted
x=2.1 y=2.05028 yaw=-0.0351293 score=0.955972 valid=1 mode=tracking state=TRACKING evaluated=831 execution_us=57677 reason=tracking_pose_accepted
x=2.1 y=2.05028 yaw=-0.0360634 score=0.954811 valid=1 mode=tracking state=TRACKING evaluated=831 execution_us=58693 reason=tracking_pose_accepted
x=2.1 y=2.05028 yaw=-0.0369976 score=0.954625 valid=1 mode=tracking state=TRACKING evaluated=831 execution_us=61069 reason=tracking_pose_accepted
x=2.1 y=2.05028 yaw=-0.0379317 score=0.954419 valid=1 mode=tracking state=TRACKING evaluated=831 execution_us=62262 reason=tracking_pose_accepted
x=2.1 y=2.05028 yaw=-0.0388659 score=0.960073 valid=1 mode=tracking state=TRACKING evaluated=831 execution_us=51583 reason=tracking_pose_accepted
x=2.1 y=2.05028 yaw=-0.0223468 score=0.950327 valid=1 mode=tracking state=TRACKING evaluated=831 execution_us=62020 reason=tracking_pose_accepted
x=2.1 y=2.05028 yaw=-0.0232809 score=0.949706 valid=1 mode=tracking state=TRACKING evaluated=831 execution_us=52285 reason=tracking_pose_accepted
x=2.1 y=2.05028 yaw=-0.0416684 score=0.952042 valid=1 mode=tracking state=TRACKING evaluated=831 execution_us=58949 reason=tracking_pose_accepted
x=2.1 y=2.05028 yaw=-0.0251492 score=0.9554 valid=1 mode=tracking state=TRACKING evaluated=831 execution_us=59741 reason=tracking_pose_accepted
x=2.1 y=2.05028 yaw=-0.0260833 score=0.95559 valid=1 mode=tracking state=TRACKING evaluated=831 execution_us=59531 reason=tracking_pose_accepted
x=2.1 y=2.05028 yaw=-0.0270175 score=0.953338 valid=1 mode=tracking state=TRACKING evaluated=831 execution_us=59844 reason=tracking_pose_accepted
x=2.1 y=2.05028 yaw=-0.0279517 score=0.95592 valid=1 mode=tracking state=TRACKING evaluated=831 execution_us=61254 reason=tracking_pose_accepted
x=2.1 y=2.05028 yaw=-0.0288858 score=0.958644 valid=1 mode=tracking state=TRACKING evaluated=831 execution_us=59905 reason=tracking_pose_accepted
x=2.1 y=2.05028 yaw=-0.02982 score=0.956165 valid=1 mode=tracking state=TRACKING evaluated=831 execution_us=60181 reason=tracking_pose_accepted
x=2.1 y=2.05028 yaw=-0.0307541 score=0.951006 valid=1 mode=tracking state=TRACKING evaluated=831 execution_us=53976 reason=tracking_pose_accepted
x=2.1 y=2.05028 yaw=-0.0316883 score=0.955153 valid=1 mode=tracking state=TRACKING evaluated=831 execution_us=54650 reason=tracking_pose_accepted
x=2.1 y=2.05028 yaw=-0.0326224 score=0.956333 valid=1 mode=tracking state=TRACKING evaluated=831 execution_us=55465 reason=tracking_pose_accepted
x=2.1 y=2.05028 yaw=-0.0335566 score=0.95343 valid=1 mode=tracking state=TRACKING evaluated=831 execution_us=55520 reason=tracking_pose_accepted
x=2.1 y=2.05028 yaw=-0.0344907 score=0.955882 valid=1 mode=tracking state=TRACKING evaluated=831 execution_us=55719 reason=tracking_pose_accepted
x=2.1 y=2.05028 yaw=-0.0179716 score=0.955239 valid=1 mode=tracking state=TRACKING evaluated=831 execution_us=60144 reason=tracking_pose_accepted
x=2.1 y=2.05028 yaw=-0.036359 score=0.957567 valid=1 mode=tracking state=TRACKING evaluated=831 execution_us=60353 reason=tracking_pose_accepted
x=2.1 y=2.05028 yaw=-0.0372932 score=0.952208 valid=1 mode=tracking state=TRACKING evaluated=831 execution_us=60946 reason=tracking_pose_accepted
x=2.1 y=2.05028 yaw=-0.0382273 score=0.949921 valid=1 mode=tracking state=TRACKING evaluated=831 execution_us=61486 reason=tracking_pose_accepted
x=2.1 y=2.05028 yaw=-0.0217082 score=0.954147 valid=1 mode=tracking state=TRACKING evaluated=831 execution_us=61720 reason=tracking_pose_accepted
x=2.1 y=2.05028 yaw=-0.0400957 score=0.957874 valid=1 mode=tracking state=TRACKING evaluated=831 execution_us=61225 reason=tracking_pose_accepted
x=2.1 y=2.05028 yaw=-0.0235765 score=0.955432 valid=1 mode=tracking state=TRACKING evaluated=831 execution_us=57829 reason=tracking_pose_accepted
x=2.1 y=2.05028 yaw=-0.041964 score=0.957782 valid=1 mode=tracking state=TRACKING evaluated=831 execution_us=57818 reason=tracking_pose_accepted
x=2.1 y=2.05029 yaw=-0.0254448 score=0.95527 valid=1 mode=tracking state=TRACKING evaluated=831 execution_us=58775 reason=tracking_pose_accepted
x=2.1 y=2.05029 yaw=-0.0438323 score=0.95507 valid=1 mode=tracking state=TRACKING evaluated=831 execution_us=58660 reason=tracking_pose_accepted
x=2.1 y=2.05029 yaw=-0.0273131 score=0.956123 valid=1 mode=tracking state=TRACKING evaluated=831 execution_us=58789 reason=tracking_pose_accepted
x=2.1 y=2.05029 yaw=-0.0282473 score=0.954422 valid=1 mode=tracking state=TRACKING evaluated=831 execution_us=58982 reason=tracking_pose_accepted
x=2.1 y=2.05029 yaw=-0.0291814 score=0.959335 valid=1 mode=tracking state=TRACKING evaluated=831 execution_us=52251 reason=tracking_pose_accepted
x=2.1 y=2.05029 yaw=-0.0301156 score=0.952728 valid=1 mode=tracking state=TRACKING evaluated=831 execution_us=62128 reason=tracking_pose_accepted
x=2.1 y=2.05029 yaw=-0.0310498 score=0.954089 valid=1 mode=tracking state=TRACKING evaluated=831 execution_us=62306 reason=tracking_pose_accepted
x=2.1 y=2.05029 yaw=-0.0319839 score=0.955494 valid=1 mode=tracking state=TRACKING evaluated=831 execution_us=61333 reason=tracking_pose_accepted
x=2.1 y=2.05029 yaw=-0.0329181 score=0.956001 valid=1 mode=tracking state=TRACKING evaluated=831 execution_us=61744 reason=tracking_pose_accepted
x=2.1 y=2.05029 yaw=-0.0338522 score=0.957037 valid=1 mode=tracking state=TRACKING evaluated=831 execution_us=58184 reason=tracking_pose_accepted
x=2.1 y=2.05029 yaw=-0.0347864 score=0.95592 valid=1 mode=tracking state=TRACKING evaluated=831 execution_us=56917 reason=tracking_pose_accepted
x=2.1 y=2.05029 yaw=-0.0357205 score=0.953305 valid=1 mode=tracking state=TRACKING evaluated=831 execution_us=59144 reason=tracking_pose_accepted
x=2.1 y=2.05029 yaw=-0.0366547 score=0.950256 valid=1 mode=tracking state=TRACKING evaluated=831 execution_us=59040 reason=tracking_pose_accepted
x=2.1 y=2.05029 yaw=-0.0375888 score=0.954419 valid=1 mode=tracking state=TRACKING evaluated=831 execution_us=57989 reason=tracking_pose_accepted
x=2.1 y=2.05029 yaw=-0.038523 score=0.956538 valid=1 mode=tracking state=TRACKING evaluated=831 execution_us=59316 reason=tracking_pose_accepted
x=2.1 y=2.05029 yaw=-0.0220038 score=0.956493 valid=1 mode=tracking state=TRACKING evaluated=831 execution_us=61261 reason=tracking_pose_accepted
x=2.1 y=2.05029 yaw=-0.0403913 score=0.953167 valid=1 mode=tracking state=TRACKING evaluated=831 execution_us=51327 reason=tracking_pose_accepted
x=2.1 y=2.05029 yaw=-0.0238722 score=0.951576 valid=1 mode=tracking state=TRACKING evaluated=831 execution_us=52697 reason=tracking_pose_accepted
x=2.1 y=2.05029 yaw=-0.0422596 score=0.955809 valid=1 mode=tracking state=TRACKING evaluated=831 execution_us=52876 reason=tracking_pose_accepted
x=2.1 y=2.05029 yaw=-0.0257405 score=0.953977 valid=1 mode=tracking state=TRACKING evaluated=831 execution_us=53650 reason=tracking_pose_accepted
x=2.1 y=2.05029 yaw=-0.0266746 score=0.95352 valid=1 mode=tracking state=TRACKING evaluated=831 execution_us=53543 reason=tracking_pose_accepted
x=2.1 y=2.05029 yaw=-0.0276088 score=0.955857 valid=1 mode=tracking state=TRACKING evaluated=831 execution_us=59914 reason=tracking_pose_accepted
x=2.1 y=2.05029 yaw=-0.0285429 score=0.953215 valid=1 mode=tracking state=TRACKING evaluated=831 execution_us=61209 reason=tracking_pose_accepted
x=2.1 y=2.05029 yaw=-0.0294771 score=0.955806 valid=1 mode=tracking state=TRACKING evaluated=831 execution_us=60778 reason=tracking_pose_accepted
x=2.1 y=2.05029 yaw=-0.0304112 score=0.956893 valid=1 mode=tracking state=TRACKING evaluated=831 execution_us=61989 reason=tracking_pose_accepted
x=2.1 y=2.05029 yaw=-0.0313454 score=0.956303 valid=1 mode=tracking state=TRACKING evaluated=831 execution_us=93116 reason=tracking_pose_accepted
x=2.1 y=2.05029 yaw=-0.0322796 score=0.956486 valid=1 mode=tracking state=TRACKING evaluated=831 execution_us=93763 reason=tracking_pose_accepted
x=2.1 y=2.05029 yaw=-0.0332137 score=0.957948 valid=1 mode=tracking state=TRACKING evaluated=831 execution_us=100387 reason=tracking_pose_accepted
x=2.1 y=2.05029 yaw=-0.0341479 score=0.954805 valid=1 mode=tracking state=TRACKING evaluated=831 execution_us=84169 reason=tracking_pose_accepted
x=2.1 y=2.05029 yaw=-0.035082 score=0.955725 valid=1 mode=tracking state=TRACKING evaluated=831 execution_us=59183 reason=tracking_pose_accepted
x=2.1 y=2.05029 yaw=-0.0360162 score=0.955607 valid=1 mode=tracking state=TRACKING evaluated=831 execution_us=62864 reason=tracking_pose_accepted
x=2.1 y=2.05029 yaw=-0.0369503 score=0.95435 valid=1 mode=tracking state=TRACKING evaluated=831 execution_us=60221 reason=tracking_pose_accepted
x=2.1 y=2.05029 yaw=-0.0378845 score=0.952577 valid=1 mode=tracking state=TRACKING evaluated=831 execution_us=60896 reason=tracking_pose_accepted
x=2.1 y=2.05029 yaw=-0.0388186 score=0.95569 valid=1 mode=tracking state=TRACKING evaluated=831 execution_us=60810 reason=tracking_pose_accepted
x=2.1 y=2.05029 yaw=-0.0222995 score=0.952179 valid=1 mode=tracking state=TRACKING evaluated=831 execution_us=60549 reason=tracking_pose_accepted
x=2.1 y=2.05029 yaw=-0.0406869 score=0.956356 valid=1 mode=tracking state=TRACKING evaluated=831 execution_us=60744 reason=tracking_pose_accepted
x=2.1 y=2.05029 yaw=-0.0416211 score=0.953084 valid=1 mode=tracking state=TRACKING evaluated=831 execution_us=57544 reason=tracking_pose_accepted
x=2.1 y=2.05029 yaw=-0.025102 score=0.952809 valid=1 mode=tracking state=TRACKING evaluated=831 execution_us=57494 reason=tracking_pose_accepted
x=2.1 y=2.05029 yaw=-0.0434894 score=0.953652 valid=1 mode=tracking state=TRACKING evaluated=831 execution_us=58224 reason=tracking_pose_accepted
x=2.1 y=2.05029 yaw=-0.0269703 score=0.953114 valid=1 mode=tracking state=TRACKING evaluated=831 execution_us=57749 reason=tracking_pose_accepted
x=2.1 y=2.05029 yaw=-0.0279044 score=0.9534 valid=1 mode=tracking state=TRACKING evaluated=831 execution_us=57782 reason=tracking_pose_accepted
x=2.1 y=2.05029 yaw=-0.0288386 score=0.955857 valid=1 mode=tracking state=TRACKING evaluated=831 execution_us=58000 reason=tracking_pose_accepted
x=2.1 y=2.0503 yaw=-0.0297728 score=0.95669 valid=1 mode=tracking state=TRACKING evaluated=831 execution_us=61444 reason=tracking_pose_accepted
x=2.1 y=2.0503 yaw=-0.0307069 score=0.952972 valid=1 mode=tracking state=TRACKING evaluated=831 execution_us=61816 reason=tracking_pose_accepted
x=2.1 y=2.0503 yaw=-0.0316411 score=0.958337 valid=1 mode=tracking state=TRACKING evaluated=831 execution_us=52281 reason=tracking_pose_accepted
x=2.1 y=2.0503 yaw=-0.0325752 score=0.95352 valid=1 mode=tracking state=TRACKING evaluated=831 execution_us=52109 reason=tracking_pose_accepted
x=2.1 y=2.0503 yaw=-0.0335094 score=0.95661 valid=1 mode=tracking state=TRACKING evaluated=831 execution_us=52295 reason=tracking_pose_accepted
x=2.1 y=2.0503 yaw=-0.0344435 score=0.954657 valid=1 mode=tracking state=TRACKING evaluated=831 execution_us=59068 reason=tracking_pose_accepted
x=2.1 y=2.0503 yaw=-0.0353777 score=0.957896 valid=1 mode=tracking state=TRACKING evaluated=831 execution_us=59289 reason=tracking_pose_accepted
x=2.1 y=2.0503 yaw=-0.0363118 score=0.95502 valid=1 mode=tracking state=TRACKING evaluated=831 execution_us=56888 reason=tracking_pose_accepted
x=2.1 y=2.0503 yaw=-0.0197927 score=0.948815 valid=1 mode=tracking state=TRACKING evaluated=831 execution_us=59762 reason=tracking_pose_accepted
x=2.1 y=2.0503 yaw=-0.0381801 score=0.956455 valid=1 mode=tracking state=TRACKING evaluated=831 execution_us=60872 reason=tracking_pose_accepted
x=2.1 y=2.0503 yaw=-0.0391143 score=0.956192 valid=1 mode=tracking state=TRACKING evaluated=831 execution_us=60337 reason=tracking_pose_accepted
x=2.1 y=2.0503 yaw=-0.0400485 score=0.955999 valid=1 mode=tracking state=TRACKING evaluated=831 execution_us=54964 reason=tracking_pose_accepted
x=2.1 y=2.0503 yaw=-0.0409826 score=0.954225 valid=1 mode=tracking state=TRACKING evaluated=831 execution_us=55464 reason=tracking_pose_accepted
x=2.1 y=2.0503 yaw=-0.0244635 score=0.95546 valid=1 mode=tracking state=TRACKING evaluated=831 execution_us=55584 reason=tracking_pose_accepted
x=2.1 y=2.0503 yaw=-0.0253976 score=0.952563 valid=1 mode=tracking state=TRACKING evaluated=831 execution_us=56098 reason=tracking_pose_accepted
x=2.1 y=2.0503 yaw=-0.0263318 score=0.951566 valid=1 mode=tracking state=TRACKING evaluated=831 execution_us=58276 reason=tracking_pose_accepted
x=2.1 y=2.0503 yaw=-0.027266 score=0.956201 valid=1 mode=tracking state=TRACKING evaluated=831 execution_us=60324 reason=tracking_pose_accepted
x=2.1 y=2.0503 yaw=-0.0282001 score=0.95093 valid=1 mode=tracking state=TRACKING evaluated=831 execution_us=61048 reason=tracking_pose_accepted
x=2.1 y=2.0503 yaw=-0.0291343 score=0.953173 valid=1 mode=tracking state=TRACKING evaluated=831 execution_us=62220 reason=tracking_pose_accepted
x=2.1 y=2.0503 yaw=-0.0300684 score=0.959616 valid=1 mode=tracking state=TRACKING evaluated=831 execution_us=61294 reason=tracking_pose_accepted
x=2.1 y=2.0503 yaw=-0.0310026 score=0.954704 valid=1 mode=tracking state=TRACKING evaluated=831 execution_us=61856 reason=tracking_pose_accepted
x=2.1 y=2.0503 yaw=-0.0319367 score=0.95348 valid=1 mode=tracking state=TRACKING evaluated=831 execution_us=62015 reason=tracking_pose_accepted
x=2.1 y=2.0503 yaw=-0.0328709 score=0.948636 valid=1 mode=tracking state=TRACKING evaluated=831 execution_us=59132 reason=tracking_pose_accepted
x=2.1 y=2.0503 yaw=-0.033805 score=0.9534 valid=1 mode=tracking state=TRACKING evaluated=831 execution_us=58954 reason=tracking_pose_accepted
x=2.1 y=2.0503 yaw=-0.0347392 score=0.950431 valid=1 mode=tracking state=TRACKING evaluated=831 execution_us=59031 reason=tracking_pose_accepted
x=2.1 y=2.0503 yaw=-0.0356734 score=0.956761 valid=1 mode=tracking state=TRACKING evaluated=831 execution_us=58757 reason=tracking_pose_accepted
x=2.1 y=2.0503 yaw=-0.0191542 score=0.94969 valid=1 mode=tracking state=TRACKING evaluated=831 execution_us=59449 reason=tracking_pose_accepted
x=2.1 y=2.0503 yaw=-0.0375417 score=0.953835 valid=1 mode=tracking state=TRACKING evaluated=831 execution_us=59173 reason=tracking_pose_accepted
x=2.1 y=2.0503 yaw=-0.0384758 score=0.956984 valid=1 mode=tracking state=TRACKING evaluated=831 execution_us=52141 reason=tracking_pose_accepted
x=2.1 y=2.0503 yaw=-0.03941 score=0.957767 valid=1 mode=tracking state=TRACKING evaluated=831 execution_us=53306 reason=tracking_pose_accepted
x=2.1 y=2.0503 yaw=-0.0403441 score=0.953815 valid=1 mode=tracking state=TRACKING evaluated=831 execution_us=53784 reason=tracking_pose_accepted
x=2.1 y=2.0503 yaw=-0.0412783 score=0.957853 valid=1 mode=tracking state=TRACKING evaluated=831 execution_us=53512 reason=tracking_pose_accepted
x=2.1 y=2.0503 yaw=-0.0247591 score=0.953431 valid=1 mode=tracking state=TRACKING evaluated=831 execution_us=53907 reason=tracking_pose_accepted
x=2.1 y=2.0503 yaw=-0.0256933 score=0.951715 valid=1 mode=tracking state=TRACKING evaluated=831 execution_us=54491 reason=tracking_pose_accepted
x=2.1 y=2.0503 yaw=-0.0266274 score=0.955386 valid=1 mode=tracking state=TRACKING evaluated=831 execution_us=58826 reason=tracking_pose_accepted
x=2.1 y=2.0503 yaw=-0.0275616 score=0.955535 valid=1 mode=tracking state=TRACKING evaluated=831 execution_us=58101 reason=tracking_pose_accepted
x=2.1 y=2.0503 yaw=-0.0284958 score=0.950955 valid=1 mode=tracking state=TRACKING evaluated=831 execution_us=59643 reason=tracking_pose_accepted
x=2.1 y=2.0503 yaw=-0.0294299 score=0.953475 valid=1 mode=tracking state=TRACKING evaluated=831 execution_us=59767 reason=tracking_pose_accepted
x=2.1 y=2.0503 yaw=-0.0303641 score=0.956314 valid=1 mode=tracking state=TRACKING evaluated=831 execution_us=58927 reason=tracking_pose_accepted
x=2.1 y=2.0503 yaw=-0.0312982 score=0.958702 valid=1 mode=tracking state=TRACKING evaluated=831 execution_us=55620 reason=tracking_pose_accepted
x=2.1 y=2.0503 yaw=-0.0322324 score=0.951759 valid=1 mode=tracking state=TRACKING evaluated=831 execution_us=54939 reason=tracking_pose_accepted
x=2.1 y=2.0503 yaw=-0.0331665 score=0.957748 valid=1 mode=tracking state=TRACKING evaluated=831 execution_us=55303 reason=tracking_pose_accepted
x=2.1 y=2.05031 yaw=-0.0341007 score=0.955997 valid=1 mode=tracking state=TRACKING evaluated=831 execution_us=56761 reason=tracking_pose_accepted
x=2.1 y=2.05031 yaw=-0.0350348 score=0.958092 valid=1 mode=tracking state=TRACKING evaluated=831 execution_us=56535 reason=tracking_pose_accepted
x=2.1 y=2.05031 yaw=-0.035969 score=0.957576 valid=1 mode=tracking state=TRACKING evaluated=831 execution_us=56628 reason=tracking_pose_accepted
x=2.1 y=2.05031 yaw=-0.0369031 score=0.955761 valid=1 mode=tracking state=TRACKING evaluated=831 execution_us=60710 reason=tracking_pose_accepted
x=2.1 y=2.05031 yaw=-0.0378373 score=0.95435 valid=1 mode=tracking state=TRACKING evaluated=831 execution_us=60307 reason=tracking_pose_accepted
x=2.1 y=2.05031 yaw=-0.0387715 score=0.954332 valid=1 mode=tracking state=TRACKING evaluated=831 execution_us=60871 reason=tracking_pose_accepted
x=2.1 y=2.05031 yaw=-0.0397056 score=0.957592 valid=1 mode=tracking state=TRACKING evaluated=831 execution_us=61215 reason=tracking_pose_accepted
x=2.1 y=2.05031 yaw=-0.0231865 score=0.952687 valid=1 mode=tracking state=TRACKING evaluated=831 execution_us=60603 reason=tracking_pose_accepted
x=2.1 y=2.05031 yaw=-0.0241206 score=0.954417 valid=1 mode=tracking state=TRACKING evaluated=831 execution_us=60903 reason=tracking_pose_accepted
x=2.1 y=2.05031 yaw=-0.0250548 score=0.952921 valid=1 mode=tracking state=TRACKING evaluated=831 execution_us=57235 reason=tracking_pose_accepted
x=2.1 y=2.05031 yaw=-0.0259889 score=0.955345 valid=1 mode=tracking state=TRACKING evaluated=831 execution_us=57231 reason=tracking_pose_accepted
x=2.1 y=2.05031 yaw=-0.0269231 score=0.95563 valid=1 mode=tracking state=TRACKING evaluated=831 execution_us=58178 reason=tracking_pose_accepted
x=2.1 y=2.05031 yaw=-0.0278572 score=0.955241 valid=1 mode=tracking state=TRACKING evaluated=831 execution_us=57090 reason=tracking_pose_accepted
x=2.1 y=2.05031 yaw=-0.0287914 score=0.954329 valid=1 mode=tracking state=TRACKING evaluated=831 execution_us=58044 reason=tracking_pose_accepted
x=2.1 y=2.05031 yaw=-0.0297255 score=0.952627 valid=1 mode=tracking state=TRACKING evaluated=831 execution_us=58469 reason=tracking_pose_accepted
x=2.1 y=2.05031 yaw=-0.0306597 score=0.953278 valid=1 mode=tracking state=TRACKING evaluated=831 execution_us=62228 reason=tracking_pose_accepted
x=2.1 y=2.05031 yaw=-0.0315939 score=0.95352 valid=1 mode=tracking state=TRACKING evaluated=831 execution_us=61517 reason=tracking_pose_accepted
x=2.1 y=2.05031 yaw=-0.032528 score=0.955887 valid=1 mode=tracking state=TRACKING evaluated=831 execution_us=61763 reason=tracking_pose_accepted
x=2.1 y=2.05031 yaw=-0.0334622 score=0.950283 valid=1 mode=tracking state=TRACKING evaluated=831 execution_us=61166 reason=tracking_pose_accepted
x=2.1 y=2.05031 yaw=-0.0343963 score=0.954364 valid=1 mode=tracking state=TRACKING evaluated=831 execution_us=61802 reason=tracking_pose_accepted
x=2.1 y=2.05031 yaw=-0.0353305 score=0.957874 valid=1 mode=tracking state=TRACKING evaluated=831 execution_us=57617 reason=tracking_pose_accepted
x=2.1 y=2.05031 yaw=-0.0188113 score=0.949949 valid=1 mode=tracking state=TRACKING evaluated=831 execution_us=58312 reason=tracking_pose_accepted
x=2.1 y=2.05031 yaw=-0.0371988 score=0.952083 valid=1 mode=tracking state=TRACKING evaluated=831 execution_us=58597 reason=tracking_pose_accepted
x=2.1 y=2.05031 yaw=-0.0381329 score=0.957445 valid=1 mode=tracking state=TRACKING evaluated=831 execution_us=57888 reason=tracking_pose_accepted
x=2.1 y=2.05031 yaw=-0.0390671 score=0.956656 valid=1 mode=tracking state=TRACKING evaluated=831 execution_us=58037 reason=tracking_pose_accepted
x=2.1 y=2.05031 yaw=-0.0400012 score=0.95544 valid=1 mode=tracking state=TRACKING evaluated=831 execution_us=59428 reason=tracking_pose_accepted
x=2.1 y=2.05031 yaw=-0.0409354 score=0.9533 valid=1 mode=tracking state=TRACKING evaluated=831 execution_us=62109 reason=tracking_pose_accepted
x=2.1 y=2.05031 yaw=-0.0418696 score=0.952931 valid=1 mode=tracking state=TRACKING evaluated=831 execution_us=53729 reason=tracking_pose_accepted
x=2.1 y=2.05031 yaw=-0.0428038 score=0.952157 valid=1 mode=tracking state=TRACKING evaluated=831 execution_us=54788 reason=tracking_pose_accepted
x=2.1 y=2.05031 yaw=-0.0262847 score=0.956381 valid=1 mode=tracking state=TRACKING evaluated=831 execution_us=54805 reason=tracking_pose_accepted
x=2.1 y=2.05031 yaw=-0.0272188 score=0.955461 valid=1 mode=tracking state=TRACKING evaluated=831 execution_us=55859 reason=tracking_pose_accepted
x=2.1 y=2.05031 yaw=-0.028153 score=0.956689 valid=1 mode=tracking state=TRACKING evaluated=831 execution_us=55678 reason=tracking_pose_accepted
x=2.1 y=2.05031 yaw=-0.0290871 score=0.955887 valid=1 mode=tracking state=TRACKING evaluated=831 execution_us=59692 reason=tracking_pose_accepted
x=2.1 y=2.05031 yaw=-0.0300213 score=0.951746 valid=1 mode=tracking state=TRACKING evaluated=831 execution_us=60444 reason=tracking_pose_accepted
x=2.1 y=2.05031 yaw=-0.0309554 score=0.955386 valid=1 mode=tracking state=TRACKING evaluated=831 execution_us=60314 reason=tracking_pose_accepted
x=2.1 y=2.05031 yaw=-0.0318896 score=0.953422 valid=1 mode=tracking state=TRACKING evaluated=831 execution_us=60637 reason=tracking_pose_accepted
x=2.1 y=2.05031 yaw=-0.0328237 score=0.956224 valid=1 mode=tracking state=TRACKING evaluated=831 execution_us=62205 reason=tracking_pose_accepted
x=2.1 y=2.05031 yaw=-0.0337579 score=0.958296 valid=1 mode=tracking state=TRACKING evaluated=831 execution_us=60799 reason=tracking_pose_accepted
x=2.1 y=2.05031 yaw=-0.034692 score=0.958119 valid=1 mode=tracking state=TRACKING evaluated=831 execution_us=58993 reason=tracking_pose_accepted
x=2.1 y=2.05031 yaw=-0.0181729 score=0.953419 valid=1 mode=tracking state=TRACKING evaluated=831 execution_us=57456 reason=tracking_pose_accepted
x=2.1 y=2.05031 yaw=-0.0191071 score=0.955045 valid=1 mode=tracking state=TRACKING evaluated=831 execution_us=57031 reason=tracking_pose_accepted
x=2.1 y=2.05031 yaw=-0.0374945 score=0.959146 valid=1 mode=tracking state=TRACKING evaluated=831 execution_us=57155 reason=tracking_pose_accepted
x=2.1 y=2.05032 yaw=-0.0384287 score=0.952676 valid=1 mode=tracking state=TRACKING evaluated=831 execution_us=56579 reason=tracking_pose_accepted
x=2.1 y=2.05032 yaw=-0.0393628 score=0.956216 valid=1 mode=tracking state=TRACKING evaluated=831 execution_us=56835 reason=tracking_pose_accepted
x=2.1 y=2.05032 yaw=-0.040297 score=0.954112 valid=1 mode=tracking state=TRACKING evaluated=831 execution_us=59667 reason=tracking_pose_accepted
x=2.1 y=2.05032 yaw=-0.0412311 score=0.953624 valid=1 mode=tracking state=TRACKING evaluated=831 execution_us=59771 reason=tracking_pose_accepted
x=2.1 y=2.05032 yaw=-0.0421653 score=0.954424 valid=1 mode=tracking state=TRACKING evaluated=831 execution_us=60549 reason=tracking_pose_accepted
x=2.1 y=2.05032 yaw=-0.0256462 score=0.952665 valid=1 mode=tracking state=TRACKING evaluated=831 execution_us=59885 reason=tracking_pose_accepted
x=2.1 y=2.05032 yaw=-0.0265803 score=0.955535 valid=1 mode=tracking state=TRACKING evaluated=831 execution_us=59741 reason=tracking_pose_accepted
x=2.1 y=2.05032 yaw=-0.0275145 score=0.953617 valid=1 mode=tracking state=TRACKING evaluated=831 execution_us=66188 reason=tracking_pose_accepted
x=2.1 y=2.05032 yaw=-0.0284486 score=0.953175 valid=1 mode=tracking state=TRACKING evaluated=831 execution_us=57895 reason=tracking_pose_accepted
x=2.1 y=2.05032 yaw=-0.0293828 score=0.95394 valid=1 mode=tracking state=TRACKING evaluated=831 execution_us=57506 reason=tracking_pose_accepted
x=2.1 y=2.05032 yaw=-0.0303169 score=0.952318 valid=1 mode=tracking state=TRACKING evaluated=831 execution_us=59444 reason=tracking_pose_accepted
x=2.1 y=2.05032 yaw=-0.0312511 score=0.955112 valid=1 mode=tracking state=TRACKING evaluated=831 execution_us=58888 reason=tracking_pose_accepted
x=2.1 y=2.05032 yaw=-0.0321853 score=0.955446 valid=1 mode=tracking state=TRACKING evaluated=831 execution_us=102198 reason=tracking_pose_accepted
x=2.1 y=2.05032 yaw=-0.0331194 score=0.955882 valid=1 mode=tracking state=TRACKING evaluated=831 execution_us=98587 reason=tracking_pose_accepted
x=2.1 y=2.05032 yaw=-0.0340536 score=0.955624 valid=1 mode=tracking state=TRACKING evaluated=831 execution_us=48810 reason=tracking_pose_accepted
x=2.1 y=2.05032 yaw=-0.0349877 score=0.952053 valid=1 mode=tracking state=TRACKING evaluated=831 execution_us=53491 reason=tracking_pose_accepted
x=2.1 y=2.05032 yaw=-0.0184686 score=0.946911 valid=1 mode=tracking state=TRACKING evaluated=831 execution_us=54023 reason=tracking_pose_accepted
x=2.1 y=2.05032 yaw=-0.036856 score=0.94787 valid=1 mode=tracking state=TRACKING evaluated=831 execution_us=53914 reason=tracking_pose_accepted
x=2.1 y=2.05032 yaw=-0.0377902 score=0.94225 valid=1 mode=tracking state=TRACKING evaluated=831 execution_us=53869 reason=tracking_pose_accepted
x=2.1 y=2.05032 yaw=-0.021271 score=0.944044 valid=1 mode=tracking state=TRACKING evaluated=831 execution_us=59078 reason=tracking_pose_accepted
x=2.1 y=2.05032 yaw=-0.0222052 score=0.943262 valid=1 mode=tracking state=TRACKING evaluated=831 execution_us=59441 reason=tracking_pose_accepted
x=2.1 y=2.05032 yaw=-0.0405926 score=0.943042 valid=1 mode=tracking state=TRACKING evaluated=831 execution_us=59483 reason=tracking_pose_accepted
x=2.1 y=2.05032 yaw=-0.0240735 score=0.946285 valid=1 mode=tracking state=TRACKING evaluated=831 execution_us=60258 reason=tracking_pose_accepted
x=2.1 y=2.05032 yaw=-0.042461 score=0.940997 valid=1 mode=tracking state=TRACKING evaluated=831 execution_us=59707 reason=tracking_pose_accepted
x=2.1 y=2.05032 yaw=-0.0259418 score=0.933682 valid=1 mode=tracking state=TRACKING evaluated=831 execution_us=68224 reason=tracking_pose_accepted
x=2.1 y=2.05032 yaw=-0.026876 score=0.932037 valid=1 mode=tracking state=TRACKING evaluated=831 execution_us=94194 reason=tracking_pose_accepted
x=2.1 y=2.05032 yaw=-0.0278101 score=0.931651 valid=1 mode=tracking state=TRACKING evaluated=831 execution_us=48876 reason=tracking_pose_accepted
x=2.1 y=2.05032 yaw=-0.0287443 score=0.932238 valid=1 mode=tracking state=TRACKING evaluated=831 execution_us=52888 reason=tracking_pose_accepted
x=2.1 y=2.05032 yaw=-0.0296784 score=0.929276 valid=1 mode=tracking state=TRACKING evaluated=831 execution_us=52431 reason=tracking_pose_accepted
x=2.1 y=2.05032 yaw=-0.0306126 score=0.929663 valid=1 mode=tracking state=TRACKING evaluated=831 execution_us=52027 reason=tracking_pose_accepted
x=2.1 y=2.05032 yaw=-0.0140934 score=0.931942 valid=1 mode=tracking state=TRACKING evaluated=831 execution_us=58891 reason=tracking_pose_accepted
x=2.1 y=2.05032 yaw=-0.0150276 score=0.931798 valid=1 mode=tracking state=TRACKING evaluated=831 execution_us=59384 reason=tracking_pose_accepted
x=2.1 y=2.05032 yaw=-0.0334151 score=0.929328 valid=1 mode=tracking state=TRACKING evaluated=831 execution_us=60632 reason=tracking_pose_accepted
x=2.1 y=2.05032 yaw=-0.0343492 score=0.931052 valid=1 mode=tracking state=TRACKING evaluated=831 execution_us=59543 reason=tracking_pose_accepted
x=2.1 y=2.05032 yaw=-0.0352834 score=0.937436 valid=1 mode=tracking state=TRACKING evaluated=831 execution_us=59652 reason=tracking_pose_accepted
x=2.1 y=2.05032 yaw=-0.0362175 score=0.929211 valid=1 mode=tracking state=TRACKING evaluated=831 execution_us=52984 reason=tracking_pose_accepted
x=2.1 y=2.05032 yaw=-0.0371517 score=0.935378 valid=1 mode=tracking state=TRACKING evaluated=831 execution_us=52405 reason=tracking_pose_accepted
x=2.1 y=2.05032 yaw=-0.0380858 score=0.930807 valid=1 mode=tracking state=TRACKING evaluated=831 execution_us=53778 reason=tracking_pose_accepted
x=2.1 y=2.05032 yaw=-0.03902 score=0.931865 valid=1 mode=tracking state=TRACKING evaluated=831 execution_us=53751 reason=tracking_pose_accepted
x=2.1 y=2.05032 yaw=-0.0225008 score=0.93552 valid=1 mode=tracking state=TRACKING evaluated=831 execution_us=54224 reason=tracking_pose_accepted
x=2.1 y=2.05032 yaw=-0.023435 score=0.940734 valid=1 mode=tracking state=TRACKING evaluated=831 execution_us=54898 reason=tracking_pose_accepted
x=2.1 y=2.05032 yaw=-0.0243691 score=0.930238 valid=1 mode=tracking state=TRACKING evaluated=831 execution_us=59054 reason=tracking_pose_accepted
x=2.1 y=2.05033 yaw=-0.0253033 score=0.936385 valid=1 mode=tracking state=TRACKING evaluated=831 execution_us=59673 reason=tracking_pose_accepted
x=2.1 y=2.05033 yaw=-0.0436907 score=0.929716 valid=1 mode=tracking state=TRACKING evaluated=831 execution_us=59851 reason=tracking_pose_accepted
x=2.1 y=2.05033 yaw=-0.0271716 score=0.937171 valid=1 mode=tracking state=TRACKING evaluated=831 execution_us=59580 reason=tracking_pose_accepted
x=2.1 y=2.05033 yaw=-0.0281058 score=0.934588 valid=1 mode=tracking state=TRACKING evaluated=831 execution_us=60369 reason=tracking_pose_accepted
x=2.1 y=2.05033 yaw=-0.0290399 score=0.934833 valid=1 mode=tracking state=TRACKING evaluated=831 execution_us=57211 reason=tracking_pose_accepted
x=2.1 y=2.05033 yaw=-0.0299741 score=0.931709 valid=1 mode=tracking state=TRACKING evaluated=831 execution_us=56673 reason=tracking_pose_accepted
x=2.1 y=2.05033 yaw=-0.0309082 score=0.931526 valid=1 mode=tracking state=TRACKING evaluated=831 execution_us=57951 reason=tracking_pose_accepted
x=2.1 y=2.05033 yaw=-0.0318424 score=0.93204 valid=1 mode=tracking state=TRACKING evaluated=831 execution_us=90474 reason=tracking_pose_accepted
x=2.1 y=2.05033 yaw=-0.0327765 score=0.932342 valid=1 mode=tracking state=TRACKING evaluated=831 execution_us=91030 reason=tracking_pose_accepted
x=2.1 y=2.05033 yaw=-0.0337107 score=0.928266 valid=1 mode=tracking state=TRACKING evaluated=831 execution_us=93065 reason=tracking_pose_accepted
x=2.1 y=2.05033 yaw=-0.0171915 score=0.934623 valid=1 mode=tracking state=TRACKING evaluated=831 execution_us=67222 reason=tracking_pose_accepted
x=2.1 y=2.05033 yaw=-0.0181257 score=0.937987 valid=1 mode=tracking state=TRACKING evaluated=831 execution_us=110540 reason=tracking_pose_accepted
x=2.1 y=2.05033 yaw=-0.0365132 score=0.934303 valid=1 mode=tracking state=TRACKING evaluated=831 execution_us=48238 reason=tracking_pose_accepted
x=2.1 y=2.05033 yaw=-0.019994 score=0.933586 valid=1 mode=tracking state=TRACKING evaluated=831 execution_us=57057 reason=tracking_pose_accepted
x=2.1 y=2.05033 yaw=-0.0209282 score=0.93073 valid=1 mode=tracking state=TRACKING evaluated=831 execution_us=58885 reason=tracking_pose_accepted
x=2.1 y=2.05033 yaw=-0.0393156 score=0.931283 valid=1 mode=tracking state=TRACKING evaluated=831 execution_us=58100 reason=tracking_pose_accepted
x=2.1 y=2.05033 yaw=-0.0227965 score=0.935616 valid=1 mode=tracking state=TRACKING evaluated=831 execution_us=58501 reason=tracking_pose_accepted
x=2.1 y=2.05033 yaw=-0.0237306 score=0.934482 valid=1 mode=tracking state=TRACKING evaluated=831 execution_us=59063 reason=tracking_pose_accepted
x=2.1 y=2.05033 yaw=-0.0246648 score=0.929296 valid=1 mode=tracking state=TRACKING evaluated=831 execution_us=64769 reason=tracking_pose_accepted
x=2.1 y=2.05033 yaw=-0.0255989 score=0.931794 valid=1 mode=tracking state=TRACKING evaluated=831 execution_us=56207 reason=tracking_pose_accepted
x=2.1 y=2.05033 yaw=-0.0265331 score=0.931656 valid=1 mode=tracking state=TRACKING evaluated=831 execution_us=56181 reason=tracking_pose_accepted
x=2.1 y=2.05033 yaw=-0.0274672 score=0.932234 valid=1 mode=tracking state=TRACKING evaluated=831 execution_us=55789 reason=tracking_pose_accepted
x=2.1 y=2.05033 yaw=-0.0284014 score=0.934988 valid=1 mode=tracking state=TRACKING evaluated=831 execution_us=56381 reason=tracking_pose_accepted
x=2.1 y=2.05033 yaw=-0.0293356 score=0.935141 valid=1 mode=tracking state=TRACKING evaluated=831 execution_us=55638 reason=tracking_pose_accepted
x=2.1 y=2.05033 yaw=-0.0302697 score=0.929422 valid=1 mode=tracking state=TRACKING evaluated=831 execution_us=62687 reason=tracking_pose_accepted
x=2.1 y=2.05033 yaw=-0.0312039 score=0.932492 valid=1 mode=tracking state=TRACKING evaluated=831 execution_us=60491 reason=tracking_pose_accepted
x=2.1 y=2.05033 yaw=-0.032138 score=0.934609 valid=1 mode=tracking state=TRACKING evaluated=831 execution_us=60272 reason=tracking_pose_accepted
x=2.1 y=2.05033 yaw=-0.0330722 score=0.930785 valid=1 mode=tracking state=TRACKING evaluated=831 execution_us=60461 reason=tracking_pose_accepted
x=2.1 y=2.05033 yaw=-0.0340063 score=0.933028 valid=1 mode=tracking state=TRACKING evaluated=831 execution_us=59681 reason=tracking_pose_accepted
x=2.1 y=2.05033 yaw=-0.0349405 score=0.93418 valid=1 mode=tracking state=TRACKING evaluated=831 execution_us=60296 reason=tracking_pose_accepted
x=2.1 y=2.05033 yaw=-0.0358746 score=0.92986 valid=1 mode=tracking state=TRACKING evaluated=831 execution_us=57642 reason=tracking_pose_accepted
x=2.1 y=2.05033 yaw=-0.0368088 score=0.933502 valid=1 mode=tracking state=TRACKING evaluated=831 execution_us=56469 reason=tracking_pose_accepted
x=2.1 y=2.05033 yaw=-0.0377429 score=0.93008 valid=1 mode=tracking state=TRACKING evaluated=831 execution_us=56622 reason=tracking_pose_accepted
x=2.1 y=2.05033 yaw=-0.0212238 score=0.934303 valid=1 mode=tracking state=TRACKING evaluated=831 execution_us=58075 reason=tracking_pose_accepted
x=2.1 y=2.05033 yaw=-0.022158 score=0.931473 valid=1 mode=tracking state=TRACKING evaluated=831 execution_us=57274 reason=tracking_pose_accepted
x=2.1 y=2.05033 yaw=-0.0230921 score=0.936708 valid=1 mode=tracking state=TRACKING evaluated=831 execution_us=59538 reason=tracking_pose_accepted
x=2.1 y=2.05033 yaw=-0.0240263 score=0.928276 valid=1 mode=tracking state=TRACKING evaluated=831 execution_us=65773 reason=tracking_pose_accepted
x=2.1 y=2.05033 yaw=-0.0249604 score=0.934216 valid=1 mode=tracking state=TRACKING evaluated=831 execution_us=52990 reason=tracking_pose_accepted
x=2.1 y=2.05033 yaw=-0.0258946 score=0.932079 valid=1 mode=tracking state=TRACKING evaluated=831 execution_us=53076 reason=tracking_pose_accepted
x=2.1 y=2.05033 yaw=-0.0268287 score=0.934915 valid=1 mode=tracking state=TRACKING evaluated=831 execution_us=53801 reason=tracking_pose_accepted
x=2.1 y=2.05033 yaw=-0.0277629 score=0.931659 valid=1 mode=tracking state=TRACKING evaluated=831 execution_us=54111 reason=tracking_pose_accepted
x=2.1 y=2.05033 yaw=-0.028697 score=0.933658 valid=1 mode=tracking state=TRACKING evaluated=831 execution_us=55531 reason=tracking_pose_accepted
x=2.1 y=2.05034 yaw=-0.0296312 score=0.932086 valid=1 mode=tracking state=TRACKING evaluated=831 execution_us=58876 reason=tracking_pose_accepted
x=2.1 y=2.05034 yaw=-0.0305653 score=0.934788 valid=1 mode=tracking state=TRACKING evaluated=831 execution_us=59148 reason=tracking_pose_accepted
x=2.1 y=2.05034 yaw=-0.0314995 score=0.932872 valid=1 mode=tracking state=TRACKING evaluated=831 execution_us=60174 reason=tracking_pose_accepted
x=2.1 y=2.05034 yaw=-0.0324337 score=0.930932 valid=1 mode=tracking state=TRACKING evaluated=831 execution_us=60056 reason=tracking_pose_accepted
x=2.1 y=2.05034 yaw=-0.0333678 score=0.933019 valid=1 mode=tracking state=TRACKING evaluated=831 execution_us=60633 reason=tracking_pose_accepted
x=2.1 y=2.05034 yaw=-0.034302 score=0.93366 valid=1 mode=tracking state=TRACKING evaluated=831 execution_us=65248 reason=tracking_pose_accepted
x=2.1 y=2.05034 yaw=-0.0352361 score=0.933764 valid=1 mode=tracking state=TRACKING evaluated=831 execution_us=56881 reason=tracking_pose_accepted
x=2.1 y=2.05034 yaw=-0.0361703 score=0.932591 valid=1 mode=tracking state=TRACKING evaluated=831 execution_us=57775 reason=tracking_pose_accepted
x=2.1 y=2.05034 yaw=-0.0196511 score=0.931794 valid=1 mode=tracking state=TRACKING evaluated=831 execution_us=57054 reason=tracking_pose_accepted
x=2.1 y=2.05034 yaw=-0.0380386 score=0.931006 valid=1 mode=tracking state=TRACKING evaluated=831 execution_us=57306 reason=tracking_pose_accepted
x=2.1 y=2.05034 yaw=-0.0389727 score=0.928329 valid=1 mode=tracking state=TRACKING evaluated=831 execution_us=58210 reason=tracking_pose_accepted
x=2.1 y=2.05034 yaw=-0.0224536 score=0.93398 valid=1 mode=tracking state=TRACKING evaluated=831 execution_us=60887 reason=tracking_pose_accepted
x=2.1 y=2.05034 yaw=-0.0408411 score=0.934463 valid=1 mode=tracking state=TRACKING evaluated=831 execution_us=51677 reason=tracking_pose_accepted
x=2.1 y=2.05034 yaw=-0.0243219 score=0.932492 valid=1 mode=tracking state=TRACKING evaluated=831 execution_us=51855 reason=tracking_pose_accepted
x=2.1 y=2.05034 yaw=-0.025256 score=0.929433 valid=1 mode=tracking state=TRACKING evaluated=831 execution_us=54216 reason=tracking_pose_accepted
x=2.1 y=2.05034 yaw=-0.0261902 score=0.930345 valid=1 mode=tracking state=TRACKING evaluated=831 execution_us=52783 reason=tracking_pose_accepted
x=2.1 y=2.05034 yaw=-0.0271243 score=0.934353 valid=1 mode=tracking state=TRACKING evaluated=831 execution_us=52152 reason=tracking_pose_accepted
x=2.1 y=2.05034 yaw=-0.0280585 score=0.930966 valid=1 mode=tracking state=TRACKING evaluated=831 execution_us=59170 reason=tracking_pose_accepted
x=2.1 y=2.05034 yaw=-0.0289927 score=0.931489 valid=1 mode=tracking state=TRACKING evaluated=831 execution_us=60065 reason=tracking_pose_accepted
x=2.1 y=2.05034 yaw=-0.0299268 score=0.934585 valid=1 mode=tracking state=TRACKING evaluated=831 execution_us=57133 reason=tracking_pose_accepted
x=2.1 y=2.05034 yaw=-0.0134077 score=0.93219 valid=1 mode=tracking state=TRACKING evaluated=831 execution_us=56818 reason=tracking_pose_accepted
x=2.1 y=2.05034 yaw=-0.0317951 score=0.936989 valid=1 mode=tracking state=TRACKING evaluated=831 execution_us=56518 reason=tracking_pose_accepted
x=2.1 y=2.05034 yaw=-0.0327293 score=0.935378 valid=1 mode=tracking state=TRACKING evaluated=831 execution_us=56765 reason=tracking_pose_accepted
x=2.1 y=2.05034 yaw=-0.0336634 score=0.933849 valid=1 mode=tracking state=TRACKING evaluated=831 execution_us=54617 reason=tracking_pose_accepted
x=2.1 y=2.05034 yaw=-0.0345976 score=0.930303 valid=1 mode=tracking state=TRACKING evaluated=831 execution_us=54332 reason=tracking_pose_accepted
x=2.1 y=2.05034 yaw=-0.0180784 score=0.932193 valid=1 mode=tracking state=TRACKING evaluated=831 execution_us=54765 reason=tracking_pose_accepted
x=2.1 y=2.05034 yaw=-0.0190126 score=0.932775 valid=1 mode=tracking state=TRACKING evaluated=831 execution_us=54850 reason=tracking_pose_accepted
x=2.1 y=2.05034 yaw=-0.0199468 score=0.93579 valid=1 mode=tracking state=TRACKING evaluated=831 execution_us=54031 reason=tracking_pose_accepted
x=2.1 y=2.05034 yaw=-0.0383342 score=0.930792 valid=1 mode=tracking state=TRACKING evaluated=831 execution_us=55094 reason=tracking_pose_accepted
x=2.1 y=2.05034 yaw=-0.0218151 score=0.935237 valid=1 mode=tracking state=TRACKING evaluated=831 execution_us=59449 reason=tracking_pose_accepted
x=2.1 y=2.05034 yaw=-0.0227492 score=0.932047 valid=1 mode=tracking state=TRACKING evaluated=831 execution_us=58927 reason=tracking_pose_accepted
x=2.1 y=2.05034 yaw=-0.0236834 score=0.931794 valid=1 mode=tracking state=TRACKING evaluated=831 execution_us=59276 reason=tracking_pose_accepted
x=2.1 y=2.05034 yaw=-0.0246175 score=0.933567 valid=1 mode=tracking state=TRACKING evaluated=831 execution_us=59129 reason=tracking_pose_accepted
x=2.1 y=2.05034 yaw=-0.0255517 score=0.931092 valid=1 mode=tracking state=TRACKING evaluated=831 execution_us=59504 reason=tracking_pose_accepted
x=2.1 y=2.05034 yaw=-0.0264858 score=0.934858 valid=1 mode=tracking state=TRACKING evaluated=831 execution_us=65806 reason=tracking_pose_accepted
x=2.1 y=2.05034 yaw=-0.02742 score=0.932237 valid=1 mode=tracking state=TRACKING evaluated=831 execution_us=50619 reason=tracking_pose_accepted
x=2.1 y=2.05034 yaw=-0.0283541 score=0.931279 valid=1 mode=tracking state=TRACKING evaluated=831 execution_us=56653 reason=tracking_pose_accepted
x=2.1 y=2.05034 yaw=-0.0292883 score=0.932687 valid=1 mode=tracking state=TRACKING evaluated=831 execution_us=56883 reason=tracking_pose_accepted
x=2.1 y=2.05034 yaw=-0.0302224 score=0.933555 valid=1 mode=tracking state=TRACKING evaluated=831 execution_us=56566 reason=tracking_pose_accepted
x=2.1 y=2.05034 yaw=-0.0311566 score=0.928017 valid=1 mode=tracking state=TRACKING evaluated=831 execution_us=57368 reason=tracking_pose_accepted
x=2.1 y=2.05034 yaw=-0.0320908 score=0.927088 valid=1 mode=tracking state=TRACKING evaluated=831 execution_us=60752 reason=tracking_pose_accepted
x=2.1 y=2.05034 yaw=-0.0330249 score=0.935895 valid=1 mode=tracking state=TRACKING evaluated=831 execution_us=51357 reason=tracking_pose_accepted
x=2.1 y=2.05035 yaw=-0.0165058 score=0.930439 valid=1 mode=tracking state=TRACKING evaluated=831 execution_us=51354 reason=tracking_pose_accepted
x=2.1 y=2.05035 yaw=-0.0348932 score=0.929359 valid=1 mode=tracking state=TRACKING evaluated=831 execution_us=51839 reason=tracking_pose_accepted
x=2.1 y=2.05035 yaw=-0.0358274 score=0.93498 valid=1 mode=tracking state=TRACKING evaluated=831 execution_us=52325 reason=tracking_pose_accepted
x=2.1 y=2.05035 yaw=-0.0367615 score=0.932229 valid=1 mode=tracking state=TRACKING evaluated=831 execution_us=52939 reason=tracking_pose_accepted
x=2.1 y=2.05035 yaw=-0.0376957 score=0.935115 valid=1 mode=tracking state=TRACKING evaluated=831 execution_us=59336 reason=tracking_pose_accepted
x=2.1 y=2.05035 yaw=-0.0211765 score=0.933175 valid=1 mode=tracking state=TRACKING evaluated=831 execution_us=59153 reason=tracking_pose_accepted
x=2.1 y=2.05035 yaw=-0.039564 score=0.933689 valid=1 mode=tracking state=TRACKING evaluated=831 execution_us=60265 reason=tracking_pose_accepted
x=2.1 y=2.05035 yaw=-0.0230448 score=0.937318 valid=1 mode=tracking state=TRACKING evaluated=831 execution_us=59851 reason=tracking_pose_accepted
x=2.1 y=2.05035 yaw=-0.023979 score=0.937055 valid=1 mode=tracking state=TRACKING evaluated=831 execution_us=58277 reason=tracking_pose_accepted
x=2.1 y=2.05035 yaw=-0.0249132 score=0.935787 valid=1 mode=tracking state=TRACKING evaluated=831 execution_us=57545 reason=tracking_pose_accepted
x=2.1 y=2.05035 yaw=-0.0258473 score=0.935104 valid=1 mode=tracking state=TRACKING evaluated=831 execution_us=54115 reason=tracking_pose_accepted
x=2.1 y=2.05035 yaw=-0.0267815 score=0.934595 valid=1 mode=tracking state=TRACKING evaluated=831 execution_us=55302 reason=tracking_pose_accepted
x=2.1 y=2.05035 yaw=-0.0277156 score=0.934799 valid=1 mode=tracking state=TRACKING evaluated=831 execution_us=54632 reason=tracking_pose_accepted
x=2.1 y=2.05035 yaw=-0.0286498 score=0.928858 valid=1 mode=tracking state=TRACKING evaluated=831 execution_us=55050 reason=tracking_pose_accepted
x=2.1 y=2.05035 yaw=-0.0295839 score=0.933542 valid=1 mode=tracking state=TRACKING evaluated=831 execution_us=56713 reason=tracking_pose_accepted
x=2.1 y=2.05035 yaw=-0.0305181 score=0.932475 valid=1 mode=tracking state=TRACKING evaluated=831 execution_us=60852 reason=tracking_pose_accepted
x=2.1 y=2.05035 yaw=-0.0314522 score=0.934784 valid=1 mode=tracking state=TRACKING evaluated=831 execution_us=59060 reason=tracking_pose_accepted
x=2.1 y=2.05035 yaw=-0.0323864 score=0.936763 valid=1 mode=tracking state=TRACKING evaluated=831 execution_us=59456 reason=tracking_pose_accepted
x=2.1 y=2.05035 yaw=-0.0333205 score=0.935825 valid=1 mode=tracking state=TRACKING evaluated=831 execution_us=59131 reason=tracking_pose_accepted
x=2.1 y=2.05035 yaw=-0.0342547 score=0.936533 valid=1 mode=tracking state=TRACKING evaluated=831 execution_us=59823 reason=tracking_pose_accepted
x=2.1 y=2.05035 yaw=-0.0351889 score=0.931561 valid=1 mode=tracking state=TRACKING evaluated=831 execution_us=59562 reason=tracking_pose_accepted
x=2.1 y=2.05035 yaw=-0.036123 score=0.933596 valid=1 mode=tracking state=TRACKING evaluated=831 execution_us=55869 reason=tracking_pose_accepted
x=2.1 y=2.05035 yaw=-0.0370572 score=0.932842 valid=1 mode=tracking state=TRACKING evaluated=831 execution_us=56695 reason=tracking_pose_accepted
x=2.1 y=2.05035 yaw=-0.0379913 score=0.932216 valid=1 mode=tracking state=TRACKING evaluated=831 execution_us=55868 reason=tracking_pose_accepted
x=2.1 y=2.05035 yaw=-0.0214722 score=0.93098 valid=1 mode=tracking state=TRACKING evaluated=831 execution_us=56227 reason=tracking_pose_accepted
x=2.1 y=2.05035 yaw=-0.0398596 score=0.932082 valid=1 mode=tracking state=TRACKING evaluated=831 execution_us=57145 reason=tracking_pose_accepted
x=2.1 y=2.05035 yaw=-0.0407938 score=0.928714 valid=1 mode=tracking state=TRACKING evaluated=831 execution_us=55925 reason=tracking_pose_accepted
x=2.1 y=2.05035 yaw=-0.0242747 score=0.935615 valid=1 mode=tracking state=TRACKING evaluated=831 execution_us=60175 reason=tracking_pose_accepted
x=2.1 y=2.05035 yaw=-0.0252088 score=0.932566 valid=1 mode=tracking state=TRACKING evaluated=831 execution_us=60840 reason=tracking_pose_accepted
x=2.1 y=2.05035 yaw=-0.026143 score=0.937107 valid=1 mode=tracking state=TRACKING evaluated=831 execution_us=50566 reason=tracking_pose_accepted
x=2.1 y=2.05035 yaw=-0.0270771 score=0.935347 valid=1 mode=tracking state=TRACKING evaluated=831 execution_us=51637 reason=tracking_pose_accepted
x=2.1 y=2.05035 yaw=-0.0280113 score=0.933058 valid=1 mode=tracking state=TRACKING evaluated=831 execution_us=51204 reason=tracking_pose_accepted
x=2.1 y=2.05035 yaw=-0.0289454 score=0.934482 valid=1 mode=tracking state=TRACKING evaluated=831 execution_us=51624 reason=tracking_pose_accepted
x=2.1 y=2.05035 yaw=-0.0298796 score=0.932075 valid=1 mode=tracking state=TRACKING evaluated=831 execution_us=60054 reason=tracking_pose_accepted
x=2.1 y=2.05035 yaw=-0.0308138 score=0.933333 valid=1 mode=tracking state=TRACKING evaluated=831 execution_us=59230 reason=tracking_pose_accepted
x=2.1 y=2.05035 yaw=-0.0317479 score=0.933959 valid=1 mode=tracking state=TRACKING evaluated=831 execution_us=60655 reason=tracking_pose_accepted
x=2.1 y=2.05035 yaw=-0.0326821 score=0.933776 valid=1 mode=tracking state=TRACKING evaluated=831 execution_us=57004 reason=tracking_pose_accepted
x=2.1 y=2.05035 yaw=-0.0336162 score=0.938416 valid=1 mode=tracking state=TRACKING evaluated=831 execution_us=56957 reason=tracking_pose_accepted
x=2.1 y=2.05035 yaw=-0.0170971 score=0.948246 valid=1 mode=tracking state=TRACKING evaluated=831 execution_us=54093 reason=tracking_pose_accepted
x=2.1 y=2.05035 yaw=-0.0354845 score=0.95009 valid=1 mode=tracking state=TRACKING evaluated=831 execution_us=54162 reason=tracking_pose_accepted
x=2.1 y=2.05035 yaw=-0.0364187 score=0.948788 valid=1 mode=tracking state=TRACKING evaluated=831 execution_us=54314 reason=tracking_pose_accepted
x=2.1 y=2.05035 yaw=-0.0373528 score=0.94976 valid=1 mode=tracking state=TRACKING evaluated=831 execution_us=54890 reason=tracking_pose_accepted
x=2.1 y=2.05036 yaw=-0.0208337 score=0.95097 valid=1 mode=tracking state=TRACKING evaluated=831 execution_us=54246 reason=tracking_pose_accepted
x=2.1 y=2.05036 yaw=-0.0217679 score=0.942432 valid=1 mode=tracking state=TRACKING evaluated=831 execution_us=56096 reason=tracking_pose_accepted
x=2.1 y=2.05036 yaw=-0.0401553 score=0.943357 valid=1 mode=tracking state=TRACKING evaluated=831 execution_us=59657 reason=tracking_pose_accepted
x=2.1 y=2.05036 yaw=-0.0410894 score=0.94793 valid=1 mode=tracking state=TRACKING evaluated=831 execution_us=60010 reason=tracking_pose_accepted
x=2.1 y=2.05036 yaw=-0.0245703 score=0.947546 valid=1 mode=tracking state=TRACKING evaluated=831 execution_us=60640 reason=tracking_pose_accepted
x=2.1 y=2.05036 yaw=-0.0429578 score=0.94605 valid=1 mode=tracking state=TRACKING evaluated=831 execution_us=60997 reason=tracking_pose_accepted
x=2.1 y=2.10036 yaw=-0.0438919 score=0.94711 valid=1 mode=tracking state=TRACKING evaluated=831 execution_us=60789 reason=tracking_pose_accepted
x=2.1 y=2.05036 yaw=-0.0273728 score=0.946754 valid=1 mode=tracking state=TRACKING evaluated=807 execution_us=60754 reason=tracking_pose_accepted
x=2.1 y=2.05036 yaw=-0.028307 score=0.952492 valid=1 mode=tracking state=TRACKING evaluated=831 execution_us=57354 reason=tracking_pose_accepted
x=2.1 y=2.05036 yaw=-0.0292411 score=0.951067 valid=1 mode=tracking state=TRACKING evaluated=831 execution_us=57794 reason=tracking_pose_accepted
x=2.1 y=2.05036 yaw=-0.0301753 score=0.95462 valid=1 mode=tracking state=TRACKING evaluated=831 execution_us=58243 reason=tracking_pose_accepted
x=2.1 y=2.05036 yaw=-0.0311094 score=0.957661 valid=1 mode=tracking state=TRACKING evaluated=831 execution_us=58520 reason=tracking_pose_accepted
x=2.1 y=2.05036 yaw=-0.0320436 score=0.955882 valid=1 mode=tracking state=TRACKING evaluated=831 execution_us=58514 reason=tracking_pose_accepted
x=2.1 y=2.05036 yaw=-0.0329777 score=0.955576 valid=1 mode=tracking state=TRACKING evaluated=831 execution_us=61975 reason=tracking_pose_accepted
x=2.1 y=2.05036 yaw=-0.0339119 score=0.955576 valid=1 mode=tracking state=TRACKING evaluated=831 execution_us=51668 reason=tracking_pose_accepted
x=2.1 y=2.05036 yaw=-0.034846 score=0.957874 valid=1 mode=tracking state=TRACKING evaluated=831 execution_us=52962 reason=tracking_pose_accepted
x=2.1 y=2.05036 yaw=-0.0357802 score=0.954108 valid=1 mode=tracking state=TRACKING evaluated=831 execution_us=52470 reason=tracking_pose_accepted
x=2.1 y=2.05036 yaw=-0.0367143 score=0.9544 valid=1 mode=tracking state=TRACKING evaluated=831 execution_us=52882 reason=tracking_pose_accepted
x=2.1 y=2.05036 yaw=-0.0376485 score=0.956903 valid=1 mode=tracking state=TRACKING evaluated=831 execution_us=54136 reason=tracking_pose_accepted
x=2.1 y=2.05036 yaw=-0.0385827 score=0.957482 valid=1 mode=tracking state=TRACKING evaluated=831 execution_us=53602 reason=tracking_pose_accepted
x=2.1 y=2.05036 yaw=-0.0395168 score=0.954231 valid=1 mode=tracking state=TRACKING evaluated=831 execution_us=60258 reason=tracking_pose_accepted
x=2.1 y=2.05036 yaw=-0.0229977 score=0.950661 valid=1 mode=tracking state=TRACKING evaluated=831 execution_us=61422 reason=tracking_pose_accepted
x=2.1 y=2.05036 yaw=-0.0413851 score=0.953713 valid=1 mode=tracking state=TRACKING evaluated=831 execution_us=61193 reason=tracking_pose_accepted
x=2.1 y=2.05036 yaw=-0.0423193 score=0.954412 valid=1 mode=tracking state=TRACKING evaluated=831 execution_us=61601 reason=tracking_pose_accepted
x=2.1 y=2.05036 yaw=-0.0258001 score=0.952769 valid=1 mode=tracking state=TRACKING evaluated=831 execution_us=59374 reason=tracking_pose_accepted
x=2.1 y=2.05036 yaw=-0.0267343 score=0.952525 valid=1 mode=tracking state=TRACKING evaluated=831 execution_us=55353 reason=tracking_pose_accepted
x=2.1 y=2.05036 yaw=-0.0451217 score=0.95288 valid=1 mode=tracking state=TRACKING evaluated=831 execution_us=56131 reason=tracking_pose_accepted
x=2.1 y=2.05036 yaw=-0.0286026 score=0.957088 valid=1 mode=tracking state=TRACKING evaluated=831 execution_us=55165 reason=tracking_pose_accepted
x=2.1 y=2.05036 yaw=-0.0295367 score=0.953682 valid=1 mode=tracking state=TRACKING evaluated=831 execution_us=55381 reason=tracking_pose_accepted
x=2.1 y=2.05036 yaw=-0.0304709 score=0.953593 valid=1 mode=tracking state=TRACKING evaluated=831 execution_us=56527 reason=tracking_pose_accepted
x=2.1 y=2.05036 yaw=-0.031405 score=0.952496 valid=1 mode=tracking state=TRACKING evaluated=831 execution_us=56852 reason=tracking_pose_accepted
x=2.1 y=2.05036 yaw=-0.0323392 score=0.958129 valid=1 mode=tracking state=TRACKING evaluated=831 execution_us=81192 reason=tracking_pose_accepted
x=2.1 y=2.05036 yaw=-0.0332733 score=0.961857 valid=1 mode=tracking state=TRACKING evaluated=831 execution_us=96761 reason=tracking_pose_accepted
x=2.1 y=2.05036 yaw=-0.0342075 score=0.968452 valid=1 mode=tracking state=TRACKING evaluated=831 execution_us=92705 reason=tracking_pose_accepted
x=2.1 y=2.05036 yaw=-0.0176884 score=0.970474 valid=1 mode=tracking state=TRACKING evaluated=831 execution_us=92232 reason=tracking_pose_accepted
x=2.1 y=2.05036 yaw=-0.0360758 score=0.972601 valid=1 mode=tracking state=TRACKING evaluated=831 execution_us=56583 reason=tracking_pose_accepted
x=2.1 y=2.05036 yaw=-0.03701 score=0.971758 valid=1 mode=tracking state=TRACKING evaluated=831 execution_us=66458 reason=tracking_pose_accepted
x=2.1 y=2.05036 yaw=-0.0379441 score=0.961369 valid=1 mode=tracking state=TRACKING evaluated=831 execution_us=55906 reason=tracking_pose_accepted
x=2.1 y=2.05036 yaw=-0.0388783 score=0.96146 valid=1 mode=tracking state=TRACKING evaluated=831 execution_us=57561 reason=tracking_pose_accepted
x=2.1 y=2.05036 yaw=-0.0398124 score=0.962889 valid=1 mode=tracking state=TRACKING evaluated=831 execution_us=58016 reason=tracking_pose_accepted
x=2.1 y=2.05036 yaw=-0.0407466 score=0.963115 valid=1 mode=tracking state=TRACKING evaluated=831 execution_us=58727 reason=tracking_pose_accepted
x=2.1 y=2.05036 yaw=-0.0416808 score=0.959446 valid=1 mode=tracking state=TRACKING evaluated=831 execution_us=52115 reason=tracking_pose_accepted
x=2.1 y=2.05036 yaw=-0.042615 score=0.958824 valid=1 mode=tracking state=TRACKING evaluated=831 execution_us=63287 reason=tracking_pose_accepted
x=2.1 y=2.05037 yaw=-0.0260958 score=0.954498 valid=1 mode=tracking state=TRACKING evaluated=831 execution_us=52051 reason=tracking_pose_accepted
x=2.1 y=2.05037 yaw=-0.02703 score=0.958211 valid=1 mode=tracking state=TRACKING evaluated=831 execution_us=52223 reason=tracking_pose_accepted
x=2.1 y=2.05037 yaw=-0.0279641 score=0.960342 valid=1 mode=tracking state=TRACKING evaluated=831 execution_us=52852 reason=tracking_pose_accepted
x=2.1 y=2.05037 yaw=-0.0288983 score=0.956749 valid=1 mode=tracking state=TRACKING evaluated=831 execution_us=51729 reason=tracking_pose_accepted
x=2.1 y=2.05037 yaw=-0.0298325 score=0.966574 valid=1 mode=tracking state=TRACKING evaluated=831 execution_us=59152 reason=tracking_pose_accepted
x=2.1 y=2.05037 yaw=-0.0307666 score=0.970982 valid=1 mode=tracking state=TRACKING evaluated=831 execution_us=59600 reason=tracking_pose_accepted
x=2.1 y=2.10037 yaw=-0.0317008 score=0.969655 valid=1 mode=tracking state=TRACKING evaluated=831 execution_us=59286 reason=tracking_pose_accepted
x=2.1 y=2.10037 yaw=-0.0500882 score=0.974062 valid=1 mode=tracking state=TRACKING evaluated=807 execution_us=59118 reason=tracking_pose_accepted
x=2.1 y=2.05037 yaw=-0.0335691 score=0.972725 valid=1 mode=tracking state=TRACKING evaluated=807 execution_us=59007 reason=tracking_pose_accepted
x=2.1 y=2.05037 yaw=-0.0345032 score=0.971494 valid=1 mode=tracking state=TRACKING evaluated=831 execution_us=59637 reason=tracking_pose_accepted
x=2.1 y=2.05037 yaw=-0.0354374 score=0.966534 valid=1 mode=tracking state=TRACKING evaluated=831 execution_us=54794 reason=tracking_pose_accepted
x=2.1 y=2.05037 yaw=-0.0363715 score=0.968607 valid=1 mode=tracking state=TRACKING evaluated=831 execution_us=53399 reason=tracking_pose_accepted
x=2.1 y=2.05037 yaw=-0.0373057 score=0.967619 valid=1 mode=tracking state=TRACKING evaluated=831 execution_us=54360 reason=tracking_pose_accepted
x=2.1 y=2.05037 yaw=-0.0382398 score=0.971479 valid=1 mode=tracking state=TRACKING evaluated=831 execution_us=53107 reason=tracking_pose_accepted
x=2.1 y=2.05037 yaw=-0.039174 score=0.967608 valid=1 mode=tracking state=TRACKING evaluated=831 execution_us=54656 reason=tracking_pose_accepted
x=2.1 y=2.05037 yaw=-0.0401081 score=0.971242 valid=1 mode=tracking state=TRACKING evaluated=831 execution_us=57994 reason=tracking_pose_accepted
x=2.1 y=2.05037 yaw=-0.0410423 score=0.971173 valid=1 mode=tracking state=TRACKING evaluated=831 execution_us=58650 reason=tracking_pose_accepted
x=2.1 y=2.05037 yaw=-0.0419765 score=0.971835 valid=1 mode=tracking state=TRACKING evaluated=831 execution_us=58937 reason=tracking_pose_accepted
x=2.1 y=2.05037 yaw=-0.0254574 score=0.967379 valid=1 mode=tracking state=TRACKING evaluated=831 execution_us=59623 reason=tracking_pose_accepted
x=2.1 y=2.05037 yaw=-0.0263915 score=0.969751 valid=1 mode=tracking state=TRACKING evaluated=831 execution_us=58982 reason=tracking_pose_accepted
x=2.1 y=2.05037 yaw=-0.0273257 score=0.967953 valid=1 mode=tracking state=TRACKING evaluated=831 execution_us=60380 reason=tracking_pose_accepted
x=2.1 y=2.05037 yaw=-0.0282598 score=0.968804 valid=1 mode=tracking state=TRACKING evaluated=831 execution_us=56575 reason=tracking_pose_accepted
x=2.1 y=2.05037 yaw=-0.029194 score=0.966326 valid=1 mode=tracking state=TRACKING evaluated=831 execution_us=56381 reason=tracking_pose_accepted
x=2.1 y=2.10037 yaw=-0.0301281 score=0.969454 valid=1 mode=tracking state=TRACKING evaluated=831 execution_us=56061 reason=tracking_pose_accepted
x=2.1 y=2.10037 yaw=-0.0485156 score=0.974167 valid=1 mode=tracking state=TRACKING evaluated=807 execution_us=55820 reason=tracking_pose_accepted
x=2.1 y=2.05037 yaw=-0.0319964 score=0.970914 valid=1 mode=tracking state=TRACKING evaluated=807 execution_us=55506 reason=tracking_pose_accepted
x=2.1 y=2.05037 yaw=-0.0329306 score=0.967434 valid=1 mode=tracking state=TRACKING evaluated=831 execution_us=57863 reason=tracking_pose_accepted
x=2.1 y=2.05037 yaw=-0.0338647 score=0.966167 valid=1 mode=tracking state=TRACKING evaluated=831 execution_us=60639 reason=tracking_pose_accepted
x=2.1 y=2.05037 yaw=-0.0347989 score=0.967197 valid=1 mode=tracking state=TRACKING evaluated=831 execution_us=61516 reason=tracking_pose_accepted
x=2.1 y=2.05037 yaw=-0.035733 score=0.968627 valid=1 mode=tracking state=TRACKING evaluated=831 execution_us=61787 reason=tracking_pose_accepted
x=2.1 y=2.05037 yaw=-0.0366672 score=0.963905 valid=1 mode=tracking state=TRACKING evaluated=831 execution_us=61225 reason=tracking_pose_accepted
x=2.1 y=2.05037 yaw=-0.0376013 score=0.968493 valid=1 mode=tracking state=TRACKING evaluated=831 execution_us=61620 reason=tracking_pose_accepted
x=2.1 y=2.05037 yaw=-0.0385355 score=0.970384 valid=1 mode=tracking state=TRACKING evaluated=831 execution_us=57946 reason=tracking_pose_accepted
x=2.1 y=2.05037 yaw=-0.0394696 score=0.970708 valid=1 mode=tracking state=TRACKING evaluated=831 execution_us=59009 reason=tracking_pose_accepted
x=2.1 y=2.05037 yaw=-0.0404038 score=0.971882 valid=1 mode=tracking state=TRACKING evaluated=831 execution_us=58312 reason=tracking_pose_accepted
x=2.1 y=2.05037 yaw=-0.0413379 score=0.972487 valid=1 mode=tracking state=TRACKING evaluated=831 execution_us=59101 reason=tracking_pose_accepted
x=2.1 y=2.05037 yaw=-0.0422721 score=0.973888 valid=1 mode=tracking state=TRACKING evaluated=831 execution_us=58852 reason=tracking_pose_accepted
x=2.1 y=2.05037 yaw=-0.025753 score=0.965686 valid=1 mode=tracking state=TRACKING evaluated=831 execution_us=60311 reason=tracking_pose_accepted
x=2.1 y=2.05037 yaw=-0.0441404 score=0.965384 valid=1 mode=tracking state=TRACKING evaluated=831 execution_us=52428 reason=tracking_pose_accepted
x=2.1 y=2.05037 yaw=-0.0276213 score=0.968793 valid=1 mode=tracking state=TRACKING evaluated=831 execution_us=52549 reason=tracking_pose_accepted
x=2.1 y=2.05037 yaw=-0.0285555 score=0.964134 valid=1 mode=tracking state=TRACKING evaluated=831 execution_us=53383 reason=tracking_pose_accepted
x=2.1 y=2.05037 yaw=-0.0294896 score=0.967088 valid=1 mode=tracking state=TRACKING evaluated=831 execution_us=52895 reason=tracking_pose_accepted
x=2.1 y=2.05037 yaw=-0.0304238 score=0.962517 valid=1 mode=tracking state=TRACKING evaluated=831 execution_us=53574 reason=tracking_pose_accepted
x=2.1 y=2.05037 yaw=-0.0313579 score=0.959024 valid=1 mode=tracking state=TRACKING evaluated=831 execution_us=58274 reason=tracking_pose_accepted
x=2.1 y=2.05037 yaw=-0.0322921 score=0.958002 valid=1 mode=tracking state=TRACKING evaluated=831 execution_us=58118 reason=tracking_pose_accepted
x=2.1 y=2.05037 yaw=-0.0332262 score=0.960992 valid=1 mode=tracking state=TRACKING evaluated=831 execution_us=58605 reason=tracking_pose_accepted
x=2.1 y=2.05038 yaw=-0.0341604 score=0.959656 valid=1 mode=tracking state=TRACKING evaluated=831 execution_us=58353 reason=tracking_pose_accepted
x=2.1 y=2.05038 yaw=-0.0350945 score=0.956904 valid=1 mode=tracking state=TRACKING evaluated=831 execution_us=58578 reason=tracking_pose_accepted
x=2.1 y=2.05038 yaw=-0.0360287 score=0.961358 valid=1 mode=tracking state=TRACKING evaluated=831 execution_us=59737 reason=tracking_pose_accepted
x=2.1 y=2.05038 yaw=-0.0369628 score=0.954418 valid=1 mode=tracking state=TRACKING evaluated=831 execution_us=54637 reason=tracking_pose_accepted
x=2.1 y=2.05038 yaw=-0.037897 score=0.958173 valid=1 mode=tracking state=TRACKING evaluated=831 execution_us=55423 reason=tracking_pose_accepted
x=2.1 y=2.05038 yaw=-0.0388311 score=0.952381 valid=1 mode=tracking state=TRACKING evaluated=831 execution_us=55819 reason=tracking_pose_accepted
x=2.1 y=2.05038 yaw=-0.0397653 score=0.952993 valid=1 mode=tracking state=TRACKING evaluated=831 execution_us=55742 reason=tracking_pose_accepted
x=2.1 y=2.05038 yaw=-0.0406995 score=0.955284 valid=1 mode=tracking state=TRACKING evaluated=831 execution_us=56125 reason=tracking_pose_accepted
x=2.1 y=2.05038 yaw=-0.0416336 score=0.960703 valid=1 mode=tracking state=TRACKING evaluated=831 execution_us=64943 reason=tracking_pose_accepted
x=2.1 y=2.05038 yaw=-0.0425678 score=0.952734 valid=1 mode=tracking state=TRACKING evaluated=831 execution_us=59693 reason=tracking_pose_accepted
x=2.1 y=2.05038 yaw=-0.0260487 score=0.955249 valid=1 mode=tracking state=TRACKING evaluated=831 execution_us=60718 reason=tracking_pose_accepted
x=2.1 y=2.05038 yaw=-0.0269828 score=0.954634 valid=1 mode=tracking state=TRACKING evaluated=831 execution_us=60272 reason=tracking_pose_accepted
x=2.1 y=2.05038 yaw=-0.027917 score=0.9516 valid=1 mode=tracking state=TRACKING evaluated=831 execution_us=60703 reason=tracking_pose_accepted
x=2.1 y=2.05038 yaw=-0.0288511 score=0.952921 valid=1 mode=tracking state=TRACKING evaluated=831 execution_us=61758 reason=tracking_pose_accepted
x=2.1 y=2.05038 yaw=-0.0297853 score=0.955166 valid=1 mode=tracking state=TRACKING evaluated=831 execution_us=58337 reason=tracking_pose_accepted
x=2.1 y=2.05038 yaw=-0.0307195 score=0.951713 valid=1 mode=tracking state=TRACKING evaluated=831 execution_us=57718 reason=tracking_pose_accepted
x=2.1 y=2.05038 yaw=-0.0316536 score=0.958607 valid=1 mode=tracking state=TRACKING evaluated=831 execution_us=58428 reason=tracking_pose_accepted
x=2.1 y=2.05038 yaw=-0.0325878 score=0.958398 valid=1 mode=tracking state=TRACKING evaluated=831 execution_us=58230 reason=tracking_pose_accepted
x=2.1 y=2.05038 yaw=-0.0335219 score=0.953313 valid=1 mode=tracking state=TRACKING evaluated=831 execution_us=59223 reason=tracking_pose_accepted
x=2.1 y=2.05038 yaw=-0.0344561 score=0.956678 valid=1 mode=tracking state=TRACKING evaluated=831 execution_us=59176 reason=tracking_pose_accepted
x=2.1 y=2.05038 yaw=-0.0353902 score=0.956914 valid=1 mode=tracking state=TRACKING evaluated=831 execution_us=51635 reason=tracking_pose_accepted
x=2.1 y=2.05038 yaw=-0.0363244 score=0.95773 valid=1 mode=tracking state=TRACKING evaluated=831 execution_us=52900 reason=tracking_pose_accepted
x=2.1 y=2.05038 yaw=-0.0372585 score=0.957029 valid=1 mode=tracking state=TRACKING evaluated=831 execution_us=52056 reason=tracking_pose_accepted
x=2.1 y=2.05038 yaw=-0.0381927 score=0.96321 valid=1 mode=tracking state=TRACKING evaluated=831 execution_us=52993 reason=tracking_pose_accepted
x=2.1 y=2.05038 yaw=-0.0391268 score=0.960651 valid=1 mode=tracking state=TRACKING evaluated=831 execution_us=53741 reason=tracking_pose_accepted
x=2.1 y=2.05038 yaw=-0.040061 score=0.962555 valid=1 mode=tracking state=TRACKING evaluated=831 execution_us=53327 reason=tracking_pose_accepted
x=2.1 y=2.05038 yaw=-0.0409951 score=0.961594 valid=1 mode=tracking state=TRACKING evaluated=831 execution_us=60286 reason=tracking_pose_accepted
x=2.1 y=2.05038 yaw=-0.0419293 score=0.962074 valid=1 mode=tracking state=TRACKING evaluated=831 execution_us=60787 reason=tracking_pose_accepted
x=2.1 y=2.05038 yaw=-0.0428635 score=0.962548 valid=1 mode=tracking state=TRACKING evaluated=831 execution_us=60886 reason=tracking_pose_accepted
x=2.1 y=2.05038 yaw=-0.0263444 score=0.958709 valid=1 mode=tracking state=TRACKING evaluated=831 execution_us=62384 reason=tracking_pose_accepted
x=2.1 y=2.05038 yaw=-0.0272785 score=0.956914 valid=1 mode=tracking state=TRACKING evaluated=831 execution_us=58246 reason=tracking_pose_accepted
x=2.1 y=2.05038 yaw=-0.0282127 score=0.960148 valid=1 mode=tracking state=TRACKING evaluated=831 execution_us=58213 reason=tracking_pose_accepted
x=2.1 y=2.05038 yaw=-0.0291468 score=0.957846 valid=1 mode=tracking state=TRACKING evaluated=831 execution_us=54804 reason=tracking_pose_accepted
x=2.1 y=2.10038 yaw=-0.0475343 score=0.961085 valid=1 mode=tracking state=TRACKING evaluated=831 execution_us=54584 reason=tracking_pose_accepted
x=2.1 y=2.05038 yaw=-0.0310151 score=0.959498 valid=1 mode=tracking state=TRACKING evaluated=807 execution_us=53804 reason=tracking_pose_accepted
x=2.1 y=2.10038 yaw=-0.0494026 score=0.960774 valid=1 mode=tracking state=TRACKING evaluated=831 execution_us=55462 reason=tracking_pose_accepted
x=2.1 y=2.05038 yaw=-0.0328834 score=0.962431 valid=1 mode=tracking state=TRACKING evaluated=807 execution_us=54154 reason=tracking_pose_accepted
x=2.1 y=2.05038 yaw=-0.0338176 score=0.965397 valid=1 mode=tracking state=TRACKING evaluated=831 execution_us=56189 reason=tracking_pose_accepted
x=2.1 y=2.05038 yaw=-0.0347517 score=0.960887 valid=1 mode=tracking state=TRACKING evaluated=831 execution_us=59399 reason=tracking_pose_accepted
x=2.1 y=2.05038 yaw=-0.0356859 score=0.960876 valid=1 mode=tracking state=TRACKING evaluated=831 execution_us=60328 reason=tracking_pose_accepted
x=2.1 y=2.05038 yaw=-0.0366201 score=0.960506 valid=1 mode=tracking state=TRACKING evaluated=831 execution_us=60583 reason=tracking_pose_accepted
x=2.1 y=2.05038 yaw=-0.0375542 score=0.964963 valid=1 mode=tracking state=TRACKING evaluated=831 execution_us=60103 reason=tracking_pose_accepted
x=2.1 y=2.05038 yaw=-0.0384884 score=0.96183 valid=1 mode=tracking state=TRACKING evaluated=831 execution_us=59709 reason=tracking_pose_accepted
x=2.1 y=2.05038 yaw=-0.0394225 score=0.959988 valid=1 mode=tracking state=TRACKING evaluated=831 execution_us=65922 reason=tracking_pose_accepted
x=2.1 y=2.05039 yaw=-0.0403567 score=0.957236 valid=1 mode=tracking state=TRACKING evaluated=831 execution_us=56688 reason=tracking_pose_accepted
x=2.1 y=2.05039 yaw=-0.0412908 score=0.966209 valid=1 mode=tracking state=TRACKING evaluated=831 execution_us=57694 reason=tracking_pose_accepted
x=2.1 y=2.05039 yaw=-0.042225 score=0.964489 valid=1 mode=tracking state=TRACKING evaluated=831 execution_us=57252 reason=tracking_pose_accepted
x=2.1 y=2.05039 yaw=-0.0431592 score=0.963695 valid=1 mode=tracking state=TRACKING evaluated=831 execution_us=57837 reason=tracking_pose_accepted
x=2.1 y=2.05039 yaw=-0.0440934 score=0.95854 valid=1 mode=tracking state=TRACKING evaluated=831 execution_us=58604 reason=tracking_pose_accepted
x=2.1 y=2.05039 yaw=-0.0275743 score=0.959901 valid=1 mode=tracking state=TRACKING evaluated=831 execution_us=65032 reason=tracking_pose_accepted
x=2.1 y=2.10039 yaw=-0.0459617 score=0.960072 valid=1 mode=tracking state=TRACKING evaluated=831 execution_us=52952 reason=tracking_pose_accepted
x=2.1 y=2.05039 yaw=-0.0294426 score=0.959593 valid=1 mode=tracking state=TRACKING evaluated=807 execution_us=51465 reason=tracking_pose_accepted
x=2.1 y=2.05039 yaw=-0.0303767 score=0.961975 valid=1 mode=tracking state=TRACKING evaluated=831 execution_us=52785 reason=tracking_pose_accepted
x=2.1 y=2.05039 yaw=-0.0313109 score=0.959658 valid=1 mode=tracking state=TRACKING evaluated=831 execution_us=52924 reason=tracking_pose_accepted
x=2.1 y=2.05039 yaw=-0.032245 score=0.958249 valid=1 mode=tracking state=TRACKING evaluated=831 execution_us=52968 reason=tracking_pose_accepted
x=2.1 y=2.05039 yaw=-0.0331792 score=0.964191 valid=1 mode=tracking state=TRACKING evaluated=831 execution_us=60086 reason=tracking_pose_accepted
x=2.1 y=2.10039 yaw=-0.0515666 score=0.961455 valid=1 mode=tracking state=TRACKING evaluated=831 execution_us=60485 reason=tracking_pose_accepted
x=2.1 y=2.05039 yaw=-0.0350475 score=0.964665 valid=1 mode=tracking state=TRACKING evaluated=807 execution_us=58583 reason=tracking_pose_accepted
x=2.1 y=2.05039 yaw=-0.0359817 score=0.959739 valid=1 mode=tracking state=TRACKING evaluated=831 execution_us=59643 reason=tracking_pose_accepted
x=2.1 y=2.05039 yaw=-0.0369158 score=0.961594 valid=1 mode=tracking state=TRACKING evaluated=831 execution_us=60466 reason=tracking_pose_accepted
x=2.1 y=2.05039 yaw=-0.03785 score=0.963581 valid=1 mode=tracking state=TRACKING evaluated=831 execution_us=60723 reason=tracking_pose_accepted
x=2.1 y=2.05039 yaw=-0.0387841 score=0.964664 valid=1 mode=tracking state=TRACKING evaluated=831 execution_us=53925 reason=tracking_pose_accepted
x=2.1 y=2.05039 yaw=-0.0397183 score=0.959917 valid=1 mode=tracking state=TRACKING evaluated=831 execution_us=54610 reason=tracking_pose_accepted
x=2.1 y=2.05039 yaw=-0.0406524 score=0.961383 valid=1 mode=tracking state=TRACKING evaluated=831 execution_us=54752 reason=tracking_pose_accepted
x=2.1 y=2.05039 yaw=-0.0415866 score=0.960661 valid=1 mode=tracking state=TRACKING evaluated=831 execution_us=55729 reason=tracking_pose_accepted
x=2.1 y=2.05039 yaw=-0.0425208 score=0.961788 valid=1 mode=tracking state=TRACKING evaluated=831 execution_us=54739 reason=tracking_pose_accepted
x=2.1 y=2.05039 yaw=-0.0260017 score=0.961977 valid=1 mode=tracking state=TRACKING evaluated=831 execution_us=62068 reason=tracking_pose_accepted
x=2.1 y=2.05039 yaw=-0.0443891 score=0.957958 valid=1 mode=tracking state=TRACKING evaluated=831 execution_us=60088 reason=tracking_pose_accepted
x=2.1 y=2.05039 yaw=-0.02787 score=0.959436 valid=1 mode=tracking state=TRACKING evaluated=831 execution_us=58901 reason=tracking_pose_accepted
x=2.1 y=2.05039 yaw=-0.0288041 score=0.96204 valid=1 mode=tracking state=TRACKING evaluated=831 execution_us=59366 reason=tracking_pose_accepted
x=2.1 y=2.05039 yaw=-0.0297383 score=0.958875 valid=1 mode=tracking state=TRACKING evaluated=831 execution_us=60492 reason=tracking_pose_accepted
x=2.1 y=2.05039 yaw=-0.0306724 score=0.96066 valid=1 mode=tracking state=TRACKING evaluated=831 execution_us=60538 reason=tracking_pose_accepted
x=2.1 y=2.10039 yaw=-0.0490599 score=0.957754 valid=1 mode=tracking state=TRACKING evaluated=831 execution_us=56670 reason=tracking_pose_accepted
x=2.1 y=2.10039 yaw=-0.049994 score=0.960252 valid=1 mode=tracking state=TRACKING evaluated=807 execution_us=55159 reason=tracking_pose_accepted
x=2.1 y=2.05039 yaw=-0.0334749 score=0.96363 valid=1 mode=tracking state=TRACKING evaluated=807 execution_us=54774 reason=tracking_pose_accepted
x=2.1 y=2.05039 yaw=-0.034409 score=0.96275 valid=1 mode=tracking state=TRACKING evaluated=831 execution_us=57080 reason=tracking_pose_accepted
x=2.1 y=2.05039 yaw=-0.0353432 score=0.963478 valid=1 mode=tracking state=TRACKING evaluated=831 execution_us=56635 reason=tracking_pose_accepted
x=2.1 y=2.05039 yaw=-0.0362774 score=0.963857 valid=1 mode=tracking state=TRACKING evaluated=831 execution_us=57846 reason=tracking_pose_accepted
x=2.1 y=2.10039 yaw=-0.0546648 score=0.958638 valid=1 mode=tracking state=TRACKING evaluated=831 execution_us=61323 reason=tracking_pose_accepted
x=2.1 y=2.05039 yaw=-0.0381456 score=0.961035 valid=1 mode=tracking state=TRACKING evaluated=807 execution_us=59654 reason=tracking_pose_accepted
x=2.1 y=2.05039 yaw=-0.0390798 score=0.964209 valid=1 mode=tracking state=TRACKING evaluated=831 execution_us=51147 reason=tracking_pose_accepted
x=2.1 y=2.05039 yaw=-0.0400139 score=0.95929 valid=1 mode=tracking state=TRACKING evaluated=831 execution_us=51943 reason=tracking_pose_accepted
x=2.1 y=2.05039 yaw=-0.0409481 score=0.963162 valid=1 mode=tracking state=TRACKING evaluated=831 execution_us=51685 reason=tracking_pose_accepted
x=2.1 y=2.05039 yaw=-0.0418823 score=0.959155 valid=1 mode=tracking state=TRACKING evaluated=831 execution_us=52206 reason=tracking_pose_accepted
x=2.1 y=2.05039 yaw=-0.0428165 score=0.959181 valid=1 mode=tracking state=TRACKING evaluated=831 execution_us=59433 reason=tracking_pose_accepted
x=2.1 y=2.05039 yaw=-0.0437507 score=0.963924 valid=1 mode=tracking state=TRACKING evaluated=831 execution_us=58762 reason=tracking_pose_accepted
x=2.1 y=2.05039 yaw=-0.0446848 score=0.959719 valid=1 mode=tracking state=TRACKING evaluated=831 execution_us=59619 reason=tracking_pose_accepted
x=2.1 y=2.05039 yaw=-0.0281657 score=0.959804 valid=1 mode=tracking state=TRACKING evaluated=831 execution_us=58831 reason=tracking_pose_accepted
x=2.1 y=2.05039 yaw=-0.0465532 score=0.958999 valid=1 mode=tracking state=TRACKING evaluated=831 execution_us=60162 reason=tracking_pose_accepted
x=2.1 y=2.05039 yaw=-0.030034 score=0.96215 valid=1 mode=tracking state=TRACKING evaluated=831 execution_us=52520 reason=tracking_pose_accepted
x=2.1 y=2.0504 yaw=-0.0309682 score=0.960475 valid=1 mode=tracking state=TRACKING evaluated=831 execution_us=53931 reason=tracking_pose_accepted
x=2.1 y=2.1004 yaw=-0.0493556 score=0.957464 valid=1 mode=tracking state=TRACKING evaluated=831 execution_us=53972 reason=tracking_pose_accepted
x=2.1 y=2.1004 yaw=-0.0502898 score=0.960567 valid=1 mode=tracking state=TRACKING evaluated=807 execution_us=53200 reason=tracking_pose_accepted
x=2.1 y=2.0504 yaw=-0.0337707 score=0.96321 valid=1 mode=tracking state=TRACKING evaluated=807 execution_us=106007 reason=tracking_pose_accepted
x=2.1 y=2.1004 yaw=-0.0521581 score=0.961556 valid=1 mode=tracking state=TRACKING evaluated=831 execution_us=98481 reason=tracking_pose_accepted
x=2.1 y=2.0504 yaw=-0.035639 score=0.959917 valid=1 mode=tracking state=TRACKING evaluated=807 execution_us=95106 reason=tracking_pose_accepted
x=2.1 y=2.0504 yaw=-0.0365731 score=0.962556 valid=1 mode=tracking state=TRACKING evaluated=831 execution_us=69154 reason=tracking_pose_accepted
x=2.1 y=2.0504 yaw=-0.0375073 score=0.963237 valid=1 mode=tracking state=TRACKING evaluated=831 execution_us=130737 reason=tracking_pose_accepted
x=2.1 y=2.0504 yaw=-0.0384414 score=0.962026 valid=1 mode=tracking state=TRACKING evaluated=831 execution_us=49445 reason=tracking_pose_accepted
x=2.1 y=2.0504 yaw=-0.0393756 score=0.963792 valid=1 mode=tracking state=TRACKING evaluated=831 execution_us=48418 reason=tracking_pose_accepted
x=2.1 y=2.0504 yaw=-0.0403097 score=0.962781 valid=1 mode=tracking state=TRACKING evaluated=831 execution_us=56085 reason=tracking_pose_accepted
x=2.1 y=2.0504 yaw=-0.0412439 score=0.964296 valid=1 mode=tracking state=TRACKING evaluated=831 execution_us=56415 reason=tracking_pose_accepted
x=2.1 y=2.0504 yaw=-0.042178 score=0.957048 valid=1 mode=tracking state=TRACKING evaluated=831 execution_us=56750 reason=tracking_pose_accepted
x=2.1 y=2.0504 yaw=-0.0256589 score=0.958532 valid=1 mode=tracking state=TRACKING evaluated=831 execution_us=56945 reason=tracking_pose_accepted
x=2.1 y=2.0504 yaw=-0.0440464 score=0.962978 valid=1 mode=tracking state=TRACKING evaluated=831 execution_us=60429 reason=tracking_pose_accepted
x=2.1 y=2.0504 yaw=-0.0275272 score=0.958875 valid=1 mode=tracking state=TRACKING evaluated=831 execution_us=60970 reason=tracking_pose_accepted
x=2.1 y=2.0504 yaw=-0.0284614 score=0.959661 valid=1 mode=tracking state=TRACKING evaluated=831 execution_us=60527 reason=tracking_pose_accepted
x=2.1 y=2.0504 yaw=-0.0293955 score=0.959158 valid=1 mode=tracking state=TRACKING evaluated=831 execution_us=60854 reason=tracking_pose_accepted
x=2.1 y=2.0504 yaw=-0.0303297 score=0.960474 valid=1 mode=tracking state=TRACKING evaluated=831 execution_us=61250 reason=tracking_pose_accepted
x=2.1 y=2.0504 yaw=-0.0312639 score=0.963615 valid=1 mode=tracking state=TRACKING evaluated=831 execution_us=61596 reason=tracking_pose_accepted
x=2.1 y=2.0504 yaw=-0.032198 score=0.958014 valid=1 mode=tracking state=TRACKING evaluated=831 execution_us=58299 reason=tracking_pose_accepted
x=2.1 y=2.1004 yaw=-0.0505855 score=0.957464 valid=1 mode=tracking state=TRACKING evaluated=831 execution_us=58047 reason=tracking_pose_accepted
x=2.1 y=2.0504 yaw=-0.0340663 score=0.962054 valid=1 mode=tracking state=TRACKING evaluated=807 execution_us=57120 reason=tracking_pose_accepted
x=2.1 y=2.0504 yaw=-0.0350004 score=0.960703 valid=1 mode=tracking state=TRACKING evaluated=831 execution_us=58576 reason=tracking_pose_accepted
x=2.1 y=2.0504 yaw=-0.0359346 score=0.95989 valid=1 mode=tracking state=TRACKING evaluated=831 execution_us=59003 reason=tracking_pose_accepted
x=2.1 y=2.0504 yaw=-0.0368688 score=0.963833 valid=1 mode=tracking state=TRACKING evaluated=831 execution_us=59059 reason=tracking_pose_accepted
x=2.1 y=2.0504 yaw=-0.0378029 score=0.966184 valid=1 mode=tracking state=TRACKING evaluated=831 execution_us=51969 reason=tracking_pose_accepted
x=2.1 y=2.0504 yaw=-0.0387371 score=0.958881 valid=1 mode=tracking state=TRACKING evaluated=831 execution_us=51571 reason=tracking_pose_accepted
x=2.1 y=2.0504 yaw=-0.0396712 score=0.961093 valid=1 mode=tracking state=TRACKING evaluated=831 execution_us=52608 reason=tracking_pose_accepted
x=2.1 y=2.0504 yaw=-0.0406054 score=0.960825 valid=1 mode=tracking state=TRACKING evaluated=831 execution_us=52996 reason=tracking_pose_accepted
x=2.1 y=2.0504 yaw=-0.0415396 score=0.965982 valid=1 mode=tracking state=TRACKING evaluated=831 execution_us=52361 reason=tracking_pose_accepted
x=2.1 y=2.0504 yaw=-0.0424737 score=0.964862 valid=1 mode=tracking state=TRACKING evaluated=831 execution_us=52746 reason=tracking_pose_accepted
x=2.1 y=2.0504 yaw=-0.0434079 score=0.958917 valid=1 mode=tracking state=TRACKING evaluated=831 execution_us=59475 reason=tracking_pose_accepted
x=2.1 y=2.0504 yaw=-0.0443421 score=0.965212 valid=1 mode=tracking state=TRACKING evaluated=831 execution_us=60663 reason=tracking_pose_accepted
x=2.1 y=2.0504 yaw=-0.027823 score=0.959055 valid=1 mode=tracking state=TRACKING evaluated=831 execution_us=61510 reason=tracking_pose_accepted
x=2.1 y=2.1004 yaw=-0.0462104 score=0.957392 valid=1 mode=tracking state=TRACKING evaluated=831 execution_us=58000 reason=tracking_pose_accepted
x=2.1 y=2.0504 yaw=-0.0296913 score=0.96259 valid=1 mode=tracking state=TRACKING evaluated=807 execution_us=58219 reason=tracking_pose_accepted
x=2.1 y=2.0504 yaw=-0.0306255 score=0.961311 valid=1 mode=tracking state=TRACKING evaluated=831 execution_us=55375 reason=tracking_pose_accepted
x=2.1 y=2.0504 yaw=-0.0315596 score=0.95636 valid=1 mode=tracking state=TRACKING evaluated=831 execution_us=55546 reason=tracking_pose_accepted
x=2.1 y=2.0504 yaw=-0.0324938 score=0.964097 valid=1 mode=tracking state=TRACKING evaluated=831 execution_us=55795 reason=tracking_pose_accepted
x=2.1 y=2.1004 yaw=-0.0508812 score=0.958177 valid=1 mode=tracking state=TRACKING evaluated=831 execution_us=54946 reason=tracking_pose_accepted
x=2.1 y=2.0504 yaw=-0.0343621 score=0.962574 valid=1 mode=tracking state=TRACKING evaluated=807 execution_us=54040 reason=tracking_pose_accepted
x=2.1 y=2.0504 yaw=-0.0352962 score=0.96365 valid=1 mode=tracking state=TRACKING evaluated=831 execution_us=56371 reason=tracking_pose_accepted
x=2.1 y=2.0504 yaw=-0.0362304 score=0.95984 valid=1 mode=tracking state=TRACKING evaluated=831 execution_us=60202 reason=tracking_pose_accepted
x=2.1 y=2.0504 yaw=-0.0371645 score=0.964509 valid=1 mode=tracking state=TRACKING evaluated=831 execution_us=59778 reason=tracking_pose_accepted
x=2.1 y=2.0504 yaw=-0.0380987 score=0.959408 valid=1 mode=tracking state=TRACKING evaluated=831 execution_us=60728 reason=tracking_pose_accepted
x=2.1 y=2.0504 yaw=-0.0390328 score=0.963879 valid=1 mode=tracking state=TRACKING evaluated=831 execution_us=60799 reason=tracking_pose_accepted
x=2.1 y=2.0504 yaw=-0.039967 score=0.961762 valid=1 mode=tracking state=TRACKING evaluated=831 execution_us=60042 reason=tracking_pose_accepted
x=2.1 y=2.05041 yaw=-0.0409011 score=0.962403 valid=1 mode=tracking state=TRACKING evaluated=831 execution_us=60644 reason=tracking_pose_accepted
x=2.1 y=2.05041 yaw=-0.0418353 score=0.963648 valid=1 mode=tracking state=TRACKING evaluated=831 execution_us=56622 reason=tracking_pose_accepted
x=2.1 y=2.05041 yaw=-0.0427695 score=0.96481 valid=1 mode=tracking state=TRACKING evaluated=831 execution_us=57574 reason=tracking_pose_accepted
x=2.1 y=2.05041 yaw=-0.0262504 score=0.959278 valid=1 mode=tracking state=TRACKING evaluated=831 execution_us=57506 reason=tracking_pose_accepted
x=2.1 y=2.05041 yaw=-0.0271845 score=0.960722 valid=1 mode=tracking state=TRACKING evaluated=831 execution_us=57761 reason=tracking_pose_accepted
x=2.1 y=2.05041 yaw=-0.045572 score=0.960566 valid=1 mode=tracking state=TRACKING evaluated=831 execution_us=58305 reason=tracking_pose_accepted
x=2.1 y=2.05041 yaw=-0.0465061 score=0.960195 valid=1 mode=tracking state=TRACKING evaluated=831 execution_us=64816 reason=tracking_pose_accepted
x=2.1 y=2.05041 yaw=-0.029987 score=0.962202 valid=1 mode=tracking state=TRACKING evaluated=831 execution_us=51713 reason=tracking_pose_accepted
x=2.1 y=2.05041 yaw=-0.0309212 score=0.962647 valid=1 mode=tracking state=TRACKING evaluated=831 execution_us=52238 reason=tracking_pose_accepted
x=2.1 y=2.05041 yaw=-0.0318553 score=0.963195 valid=1 mode=tracking state=TRACKING evaluated=831 execution_us=52167 reason=tracking_pose_accepted
x=2.1 y=2.05041 yaw=-0.0327895 score=0.962896 valid=1 mode=tracking state=TRACKING evaluated=831 execution_us=52721 reason=tracking_pose_accepted
x=2.1 y=2.05041 yaw=-0.0337236 score=0.962595 valid=1 mode=tracking state=TRACKING evaluated=831 execution_us=52430 reason=tracking_pose_accepted
x=2.1 y=2.10041 yaw=-0.0521111 score=0.96098 valid=1 mode=tracking state=TRACKING evaluated=831 execution_us=59747 reason=tracking_pose_accepted
x=2.1 y=2.10041 yaw=-0.0530452 score=0.957696 valid=1 mode=tracking state=TRACKING evaluated=807 execution_us=59350 reason=tracking_pose_accepted
x=2.1 y=2.05041 yaw=-0.0365261 score=0.964943 valid=1 mode=tracking state=TRACKING evaluated=807 execution_us=58573 reason=tracking_pose_accepted
x=2.1 y=2.05041 yaw=-0.0374603 score=0.964447 valid=1 mode=tracking state=TRACKING evaluated=831 execution_us=60371 reason=tracking_pose_accepted
x=2.1 y=2.05041 yaw=-0.0383944 score=0.964726 valid=1 mode=tracking state=TRACKING evaluated=831 execution_us=59464 reason=tracking_pose_accepted
x=2.1 y=2.05041 yaw=-0.0393286 score=0.965273 valid=1 mode=tracking state=TRACKING evaluated=831 execution_us=57472 reason=tracking_pose_accepted
x=2.1 y=2.05041 yaw=-0.0402627 score=0.962244 valid=1 mode=tracking state=TRACKING evaluated=831 execution_us=54081 reason=tracking_pose_accepted
x=2.1 y=2.05041 yaw=-0.0411969 score=0.965476 valid=1 mode=tracking state=TRACKING evaluated=831 execution_us=54513 reason=tracking_pose_accepted
x=2.1 y=2.05041 yaw=-0.0421311 score=0.964213 valid=1 mode=tracking state=TRACKING evaluated=831 execution_us=54317 reason=tracking_pose_accepted
x=2.1 y=2.05041 yaw=-0.0430653 score=0.962781 valid=1 mode=tracking state=TRACKING evaluated=831 execution_us=55430 reason=tracking_pose_accepted
x=2.1 y=2.05041 yaw=-0.0439994 score=0.960294 valid=1 mode=tracking state=TRACKING evaluated=831 execution_us=54738 reason=tracking_pose_accepted
x=2.1 y=2.05041 yaw=-0.0449336 score=0.959731 valid=1 mode=tracking state=TRACKING evaluated=831 execution_us=55204 reason=tracking_pose_accepted
x=2.1 y=2.05041 yaw=-0.0284145 score=0.959536 valid=1 mode=tracking state=TRACKING evaluated=831 execution_us=60007 reason=tracking_pose_accepted
x=2.1 y=2.10041 yaw=-0.046802 score=0.960931 valid=1 mode=tracking state=TRACKING evaluated=831 execution_us=59520 reason=tracking_pose_accepted
x=2.1 y=2.10041 yaw=-0.0477361 score=0.95911 valid=1 mode=tracking state=TRACKING evaluated=807 execution_us=58378 reason=tracking_pose_accepted
x=2.1 y=2.10041 yaw=-0.0486703 score=0.959176 valid=1 mode=tracking state=TRACKING evaluated=807 execution_us=58681 reason=tracking_pose_accepted
x=2.1 y=2.05041 yaw=-0.0321512 score=0.960433 valid=1 mode=tracking state=TRACKING evaluated=807 execution_us=59295 reason=tracking_pose_accepted
x=2.1 y=2.05041 yaw=-0.0330853 score=0.961817 valid=1 mode=tracking state=TRACKING evaluated=831 execution_us=66586 reason=tracking_pose_accepted
x=2.1 y=2.05041 yaw=-0.0340195 score=0.961522 valid=1 mode=tracking state=TRACKING evaluated=831 execution_us=58103 reason=tracking_pose_accepted
x=2.1 y=2.05041 yaw=-0.0349537 score=0.964408 valid=1 mode=tracking state=TRACKING evaluated=831 execution_us=58175 reason=tracking_pose_accepted
x=2.1 y=2.05041 yaw=-0.0358878 score=0.96354 valid=1 mode=tracking state=TRACKING evaluated=831 execution_us=58724 reason=tracking_pose_accepted
x=2.1 y=2.05041 yaw=-0.036822 score=0.962378 valid=1 mode=tracking state=TRACKING evaluated=831 execution_us=58359 reason=tracking_pose_accepted
x=2.1 y=2.05041 yaw=-0.0377561 score=0.964253 valid=1 mode=tracking state=TRACKING evaluated=831 execution_us=58674 reason=tracking_pose_accepted
x=2.1 y=2.05041 yaw=-0.0386903 score=0.963994 valid=1 mode=tracking state=TRACKING evaluated=831 execution_us=51846 reason=tracking_pose_accepted
x=2.1 y=2.05041 yaw=-0.0396244 score=0.958684 valid=1 mode=tracking state=TRACKING evaluated=831 execution_us=51947 reason=tracking_pose_accepted
x=2.1 y=2.05041 yaw=-0.0405586 score=0.962853 valid=1 mode=tracking state=TRACKING evaluated=831 execution_us=53229 reason=tracking_pose_accepted
x=2.1 y=2.05041 yaw=-0.0414927 score=0.965282 valid=1 mode=tracking state=TRACKING evaluated=831 execution_us=52929 reason=tracking_pose_accepted
x=2.1 y=2.05041 yaw=-0.0424269 score=0.96239 valid=1 mode=tracking state=TRACKING evaluated=831 execution_us=52588 reason=tracking_pose_accepted
x=2.1 y=2.05041 yaw=-0.0433611 score=0.963172 valid=1 mode=tracking state=TRACKING evaluated=831 execution_us=53616 reason=tracking_pose_accepted
x=2.1 y=2.05041 yaw=-0.026842 score=0.959311 valid=1 mode=tracking state=TRACKING evaluated=831 execution_us=59849 reason=tracking_pose_accepted
x=2.1 y=2.05041 yaw=-0.0452294 score=0.963073 valid=1 mode=tracking state=TRACKING evaluated=831 execution_us=59707 reason=tracking_pose_accepted
x=2.1 y=2.05041 yaw=-0.0287103 score=0.959336 valid=1 mode=tracking state=TRACKING evaluated=831 execution_us=60453 reason=tracking_pose_accepted
x=2.1 y=2.05041 yaw=-0.0296444 score=0.960248 valid=1 mode=tracking state=TRACKING evaluated=831 execution_us=60208 reason=tracking_pose_accepted
x=2.1 y=2.05041 yaw=-0.0305786 score=0.961194 valid=1 mode=tracking state=TRACKING evaluated=831 execution_us=60983 reason=tracking_pose_accepted
x=2.1 y=2.10041 yaw=-0.048966 score=0.958177 valid=1 mode=tracking state=TRACKING evaluated=831 execution_us=59981 reason=tracking_pose_accepted
x=2.1 y=2.05041 yaw=-0.0324469 score=0.961259 valid=1 mode=tracking state=TRACKING evaluated=807 execution_us=52765 reason=tracking_pose_accepted
x=2.1 y=2.10041 yaw=-0.0508343 score=0.960877 valid=1 mode=tracking state=TRACKING evaluated=831 execution_us=55161 reason=tracking_pose_accepted
x=2.1 y=2.05042 yaw=-0.0343152 score=0.958695 valid=1 mode=tracking state=TRACKING evaluated=807 execution_us=53466 reason=tracking_pose_accepted
x=2.1 y=2.10042 yaw=-0.0527026 score=0.957304 valid=1 mode=tracking state=TRACKING evaluated=831 execution_us=55330 reason=tracking_pose_accepted
x=2.1 y=2.05042 yaw=-0.0361835 score=0.961914 valid=1 mode=tracking state=TRACKING evaluated=807 execution_us=54673 reason=tracking_pose_accepted
x=2.1 y=2.05042 yaw=-0.0371177 score=0.960095 valid=1 mode=tracking state=TRACKING evaluated=831 execution_us=58950 reason=tracking_pose_accepted
x=2.1 y=2.05042 yaw=-0.0380518 score=0.961803 valid=1 mode=tracking state=TRACKING evaluated=831 execution_us=59285 reason=tracking_pose_accepted
x=2.1 y=2.05042 yaw=-0.038986 score=0.961627 valid=1 mode=tracking state=TRACKING evaluated=831 execution_us=59281 reason=tracking_pose_accepted
x=2.1 y=2.05042 yaw=-0.0399201 score=0.955875 valid=1 mode=tracking state=TRACKING evaluated=831 execution_us=59852 reason=tracking_pose_accepted
x=2.1 y=2.05042 yaw=-0.0408543 score=0.952255 valid=1 mode=tracking state=TRACKING evaluated=831 execution_us=59836 reason=tracking_pose_accepted
x=2.1 y=2.05042 yaw=-0.0417885 score=0.955573 valid=1 mode=tracking state=TRACKING evaluated=831 execution_us=59662 reason=tracking_pose_accepted
x=2.1 y=2.05042 yaw=-0.0427227 score=0.957017 valid=1 mode=tracking state=TRACKING evaluated=831 execution_us=58161 reason=tracking_pose_accepted
x=2.1 y=2.05042 yaw=-0.0436568 score=0.958019 valid=1 mode=tracking state=TRACKING evaluated=831 execution_us=58140 reason=tracking_pose_accepted
x=2.1 y=2.10042 yaw=-0.044591 score=0.96543 valid=1 mode=tracking state=TRACKING evaluated=831 execution_us=56335 reason=tracking_pose_accepted
x=2.1 y=2.05042 yaw=-0.0280719 score=0.96915 valid=1 mode=tracking state=TRACKING evaluated=807 execution_us=54982 reason=tracking_pose_accepted
x=2.1 y=2.10042 yaw=-0.0464594 score=0.969616 valid=1 mode=tracking state=TRACKING evaluated=831 execution_us=57427 reason=tracking_pose_accepted
x=2.1 y=2.05042 yaw=-0.0299402 score=0.967763 valid=1 mode=tracking state=TRACKING evaluated=807 execution_us=56334 reason=tracking_pose_accepted
x=2.1 y=2.10042 yaw=-0.0483277 score=0.970198 valid=1 mode=tracking state=TRACKING evaluated=831 execution_us=60550 reason=tracking_pose_accepted
x=2.1 y=2.10042 yaw=-0.0492618 score=0.968191 valid=1 mode=tracking state=TRACKING evaluated=807 execution_us=50240 reason=tracking_pose_accepted
x=2.1 y=2.10042 yaw=-0.0327427 score=0.96926 valid=1 mode=tracking state=TRACKING evaluated=807 execution_us=60419 reason=tracking_pose_accepted
x=2.1 y=2.05042 yaw=-0.0336769 score=0.967272 valid=1 mode=tracking state=TRACKING evaluated=807 execution_us=51256 reason=tracking_pose_accepted
x=2.1 y=2.10042 yaw=-0.0520643 score=0.968337 valid=1 mode=tracking state=TRACKING evaluated=831 execution_us=51704 reason=tracking_pose_accepted
x=2.1 y=2.05042 yaw=-0.0355451 score=0.964863 valid=1 mode=tracking state=TRACKING evaluated=807 execution_us=50137 reason=tracking_pose_accepted
x=2.1 y=2.05042 yaw=-0.0364793 score=0.968158 valid=1 mode=tracking state=TRACKING evaluated=831 execution_us=58857 reason=tracking_pose_accepted
x=2.1 y=2.05042 yaw=-0.0374134 score=0.969476 valid=1 mode=tracking state=TRACKING evaluated=831 execution_us=59136 reason=tracking_pose_accepted
x=2.1 y=2.05042 yaw=-0.0383476 score=0.965293 valid=1 mode=tracking state=TRACKING evaluated=831 execution_us=60161 reason=tracking_pose_accepted
x=2.1 y=2.05042 yaw=-0.0392818 score=0.964365 valid=1 mode=tracking state=TRACKING evaluated=831 execution_us=59961 reason=tracking_pose_accepted
x=2.1 y=2.05042 yaw=-0.0402159 score=0.958194 valid=1 mode=tracking state=TRACKING evaluated=831 execution_us=60460 reason=tracking_pose_accepted
x=2.1 y=2.05042 yaw=-0.0236968 score=0.957567 valid=1 mode=tracking state=TRACKING evaluated=831 execution_us=61550 reason=tracking_pose_accepted
x=2.1 y=2.05042 yaw=-0.0246309 score=0.955005 valid=1 mode=tracking state=TRACKING evaluated=831 execution_us=54098 reason=tracking_pose_accepted
x=2.1 y=2.05042 yaw=-0.0255651 score=0.954728 valid=1 mode=tracking state=TRACKING evaluated=831 execution_us=55036 reason=tracking_pose_accepted
x=2.1 y=2.05042 yaw=-0.0264992 score=0.952177 valid=1 mode=tracking state=TRACKING evaluated=831 execution_us=55432 reason=tracking_pose_accepted
x=2.1 y=2.05042 yaw=-0.0274334 score=0.952116 valid=1 mode=tracking state=TRACKING evaluated=831 execution_us=55689 reason=tracking_pose_accepted
x=2.1 y=2.05042 yaw=-0.0283675 score=0.952362 valid=1 mode=tracking state=TRACKING evaluated=831 execution_us=54643 reason=tracking_pose_accepted
x=2.1 y=2.05042 yaw=-0.0293017 score=0.948386 valid=1 mode=tracking state=TRACKING evaluated=831 execution_us=59573 reason=tracking_pose_accepted
x=2.1 y=2.05042 yaw=-0.0302358 score=0.950082 valid=1 mode=tracking state=TRACKING evaluated=831 execution_us=58790 reason=tracking_pose_accepted
x=2.1 y=2.05042 yaw=-0.03117 score=0.947089 valid=1 mode=tracking state=TRACKING evaluated=831 execution_us=58984 reason=tracking_pose_accepted
x=2.1 y=2.10042 yaw=-0.0495574 score=0.951368 valid=1 mode=tracking state=TRACKING evaluated=831 execution_us=59178 reason=tracking_pose_accepted
x=2.1 y=2.05042 yaw=-0.0330383 score=0.950286 valid=1 mode=tracking state=TRACKING evaluated=807 execution_us=57735 reason=tracking_pose_accepted
x=2.1 y=2.05042 yaw=-0.0339724 score=0.951164 valid=1 mode=tracking state=TRACKING evaluated=831 execution_us=59972 reason=tracking_pose_accepted
x=2.1 y=2.05042 yaw=-0.0349066 score=0.949977 valid=1 mode=tracking state=TRACKING evaluated=831 execution_us=55953 reason=tracking_pose_accepted
x=2.1 y=2.05042 yaw=-0.0358407 score=0.94856 valid=1 mode=tracking state=TRACKING evaluated=831 execution_us=56118 reason=tracking_pose_accepted
x=2.1 y=2.05042 yaw=-0.0367749 score=0.94249 valid=1 mode=tracking state=TRACKING evaluated=831 execution_us=57643 reason=tracking_pose_accepted
x=2.1 y=2.05042 yaw=-0.0377091 score=0.955923 valid=1 mode=tracking state=TRACKING evaluated=831 execution_us=56604 reason=tracking_pose_accepted
x=2.1 y=2.05042 yaw=-0.0386432 score=0.947571 valid=1 mode=tracking state=TRACKING evaluated=831 execution_us=57054 reason=tracking_pose_accepted
x=2.1 y=2.05042 yaw=-0.0395774 score=0.949622 valid=1 mode=tracking state=TRACKING evaluated=831 execution_us=57204 reason=tracking_pose_accepted
x=2.1 y=2.05042 yaw=-0.0405115 score=0.949183 valid=1 mode=tracking state=TRACKING evaluated=831 execution_us=60482 reason=tracking_pose_accepted
x=2.1 y=2.05042 yaw=-0.0414457 score=0.950334 valid=1 mode=tracking state=TRACKING evaluated=831 execution_us=61680 reason=tracking_pose_accepted
x=2.1 y=2.05042 yaw=-0.0423799 score=0.949354 valid=1 mode=tracking state=TRACKING evaluated=831 execution_us=61818 reason=tracking_pose_accepted
x=2.1 y=2.05042 yaw=-0.0258608 score=0.95049 valid=1 mode=tracking state=TRACKING evaluated=831 execution_us=61342 reason=tracking_pose_accepted
x=2.1 y=2.05042 yaw=-0.0267949 score=0.94778 valid=1 mode=tracking state=TRACKING evaluated=831 execution_us=62153 reason=tracking_pose_accepted
x=2.1 y=2.05042 yaw=-0.0277291 score=0.948999 valid=1 mode=tracking state=TRACKING evaluated=831 execution_us=61709 reason=tracking_pose_accepted
x=2.1 y=2.05043 yaw=-0.0286632 score=0.94712 valid=1 mode=tracking state=TRACKING evaluated=831 execution_us=58186 reason=tracking_pose_accepted
x=2.1 y=2.05043 yaw=-0.0295974 score=0.95069 valid=1 mode=tracking state=TRACKING evaluated=831 execution_us=58977 reason=tracking_pose_accepted
x=2.1 y=2.05043 yaw=-0.0305315 score=0.948979 valid=1 mode=tracking state=TRACKING evaluated=831 execution_us=58835 reason=tracking_pose_accepted
x=2.1 y=2.05043 yaw=-0.0314657 score=0.951319 valid=1 mode=tracking state=TRACKING evaluated=831 execution_us=59582 reason=tracking_pose_accepted
x=2.1 y=2.05043 yaw=-0.0323998 score=0.95015 valid=1 mode=tracking state=TRACKING evaluated=831 execution_us=59717 reason=tracking_pose_accepted
x=2.1 y=2.05043 yaw=-0.033334 score=0.950018 valid=1 mode=tracking state=TRACKING evaluated=831 execution_us=66321 reason=tracking_pose_accepted
x=2.1 y=2.05043 yaw=-0.0342681 score=0.956031 valid=1 mode=tracking state=TRACKING evaluated=831 execution_us=78428 reason=tracking_pose_accepted
x=2.1 y=2.05043 yaw=-0.0352023 score=0.950463 valid=1 mode=tracking state=TRACKING evaluated=831 execution_us=92227 reason=tracking_pose_accepted
x=2.1 y=2.05043 yaw=-0.0361364 score=0.950847 valid=1 mode=tracking state=TRACKING evaluated=831 execution_us=94281 reason=tracking_pose_accepted
x=2.1 y=2.05043 yaw=-0.0370706 score=0.948612 valid=1 mode=tracking state=TRACKING evaluated=831 execution_us=79085 reason=tracking_pose_accepted
x=2.1 y=2.05043 yaw=-0.0380048 score=0.947529 valid=1 mode=tracking state=TRACKING evaluated=831 execution_us=56781 reason=tracking_pose_accepted
x=2.1 y=2.05043 yaw=-0.0389389 score=0.951241 valid=1 mode=tracking state=TRACKING evaluated=831 execution_us=53046 reason=tracking_pose_accepted
x=2.1 y=2.05043 yaw=-0.0398731 score=0.950241 valid=1 mode=tracking state=TRACKING evaluated=831 execution_us=58496 reason=tracking_pose_accepted
x=2.1 y=2.05043 yaw=-0.0408072 score=0.950232 valid=1 mode=tracking state=TRACKING evaluated=831 execution_us=58761 reason=tracking_pose_accepted
x=2.1 y=2.05043 yaw=-0.0417414 score=0.950654 valid=1 mode=tracking state=TRACKING evaluated=831 execution_us=59137 reason=tracking_pose_accepted
x=2.1 y=2.05043 yaw=-0.0252223 score=0.950361 valid=1 mode=tracking state=TRACKING evaluated=831 execution_us=59136 reason=tracking_pose_accepted
x=2.1 y=2.05043 yaw=-0.0261564 score=0.950061 valid=1 mode=tracking state=TRACKING evaluated=831 execution_us=55655 reason=tracking_pose_accepted
x=2.1 y=2.05043 yaw=-0.0270906 score=0.949446 valid=1 mode=tracking state=TRACKING evaluated=831 execution_us=56954 reason=tracking_pose_accepted
x=2.1 y=2.05043 yaw=-0.0280247 score=0.951153 valid=1 mode=tracking state=TRACKING evaluated=831 execution_us=56395 reason=tracking_pose_accepted
x=2.1 y=2.05043 yaw=-0.0289589 score=0.949476 valid=1 mode=tracking state=TRACKING evaluated=831 execution_us=56129 reason=tracking_pose_accepted
x=2.1 y=2.05043 yaw=-0.029893 score=0.947023 valid=1 mode=tracking state=TRACKING evaluated=831 execution_us=56308 reason=tracking_pose_accepted
x=2.1 y=2.05043 yaw=-0.0308272 score=0.95136 valid=1 mode=tracking state=TRACKING evaluated=831 execution_us=55342 reason=tracking_pose_accepted
x=2.1 y=2.05043 yaw=-0.0317613 score=0.950169 valid=1 mode=tracking state=TRACKING evaluated=831 execution_us=59768 reason=tracking_pose_accepted
x=2.1 y=2.10043 yaw=-0.0501488 score=0.947747 valid=1 mode=tracking state=TRACKING evaluated=831 execution_us=59631 reason=tracking_pose_accepted
x=2.1 y=2.10043 yaw=-0.0510829 score=0.947624 valid=1 mode=tracking state=TRACKING evaluated=807 execution_us=58920 reason=tracking_pose_accepted
x=2.1 y=2.05043 yaw=-0.0345638 score=0.953666 valid=1 mode=tracking state=TRACKING evaluated=807 execution_us=59551 reason=tracking_pose_accepted
x=2.1 y=2.05043 yaw=-0.0180446 score=0.948672 valid=1 mode=tracking state=TRACKING evaluated=831 execution_us=60638 reason=tracking_pose_accepted
x=2.1 y=2.05043 yaw=-0.0364321 score=0.95159 valid=1 mode=tracking state=TRACKING evaluated=831 execution_us=60793 reason=tracking_pose_accepted
x=2.1 y=2.05043 yaw=-0.0373662 score=0.946446 valid=1 mode=tracking state=TRACKING evaluated=831 execution_us=58775 reason=tracking_pose_accepted
x=2.1 y=2.05043 yaw=-0.0383004 score=0.95344 valid=1 mode=tracking state=TRACKING evaluated=831 execution_us=57554 reason=tracking_pose_accepted
x=2.1 y=2.05043 yaw=-0.0392345 score=0.948376 valid=1 mode=tracking state=TRACKING evaluated=831 execution_us=57483 reason=tracking_pose_accepted
x=2.1 y=2.05043 yaw=-0.0401687 score=0.952911 valid=1 mode=tracking state=TRACKING evaluated=831 execution_us=57727 reason=tracking_pose_accepted
x=2.1 y=2.05043 yaw=-0.0411029 score=0.954963 valid=1 mode=tracking state=TRACKING evaluated=831 execution_us=58410 reason=tracking_pose_accepted
x=2.1 y=2.05043 yaw=-0.042037 score=0.951819 valid=1 mode=tracking state=TRACKING evaluated=831 execution_us=65078 reason=tracking_pose_accepted
x=2.1 y=2.05043 yaw=-0.0429712 score=0.954912 valid=1 mode=tracking state=TRACKING evaluated=831 execution_us=51071 reason=tracking_pose_accepted
x=2.1 y=2.05043 yaw=-0.0264521 score=0.952859 valid=1 mode=tracking state=TRACKING evaluated=831 execution_us=51571 reason=tracking_pose_accepted
x=2.1 y=2.05043 yaw=-0.0273862 score=0.952568 valid=1 mode=tracking state=TRACKING evaluated=831 execution_us=54044 reason=tracking_pose_accepted
x=2.1 y=2.05043 yaw=-0.0283204 score=0.953532 valid=1 mode=tracking state=TRACKING evaluated=831 execution_us=52153 reason=tracking_pose_accepted
x=2.1 y=2.05043 yaw=-0.0292546 score=0.951699 valid=1 mode=tracking state=TRACKING evaluated=831 execution_us=52338 reason=tracking_pose_accepted
x=2.1 y=2.05043 yaw=-0.0301887 score=0.955302 valid=1 mode=tracking state=TRACKING evaluated=831 execution_us=59667 reason=tracking_pose_accepted
x=2.1 y=2.05043 yaw=-0.0311229 score=0.953689 valid=1 mode=tracking state=TRACKING evaluated=831 execution_us=59956 reason=tracking_pose_accepted
x=2.1 y=2.05043 yaw=-0.032057 score=0.956781 valid=1 mode=tracking state=TRACKING evaluated=831 execution_us=60416 reason=tracking_pose_accepted
x=2.1 y=2.05043 yaw=-0.0155379 score=0.954856 valid=1 mode=tracking state=TRACKING evaluated=831 execution_us=60425 reason=tracking_pose_accepted
x=2.1 y=2.05043 yaw=-0.0339253 score=0.948332 valid=1 mode=tracking state=TRACKING evaluated=831 execution_us=60883 reason=tracking_pose_accepted
x=2.1 y=2.05044 yaw=-0.0174062 score=0.951373 valid=1 mode=tracking state=TRACKING evaluated=831 execution_us=61224 reason=tracking_pose_accepted
x=2.1 y=2.05044 yaw=-0.0357936 score=0.954963 valid=1 mode=tracking state=TRACKING evaluated=831 execution_us=52697 reason=tracking_pose_accepted
x=2.1 y=2.05044 yaw=-0.0367278 score=0.952012 valid=1 mode=tracking state=TRACKING evaluated=831 execution_us=54758 reason=tracking_pose_accepted
x=2.1 y=2.05044 yaw=-0.0376619 score=0.951076 valid=1 mode=tracking state=TRACKING evaluated=831 execution_us=55896 reason=tracking_pose_accepted
x=2.1 y=2.05044 yaw=-0.0211428 score=0.956812 valid=1 mode=tracking state=TRACKING evaluated=831 execution_us=54813 reason=tracking_pose_accepted
x=2.1 y=2.05044 yaw=-0.022077 score=0.953822 valid=1 mode=tracking state=TRACKING evaluated=831 execution_us=55704 reason=tracking_pose_accepted
x=2.1 y=2.05044 yaw=-0.0404644 score=0.954211 valid=1 mode=tracking state=TRACKING evaluated=831 execution_us=55460 reason=tracking_pose_accepted
x=2.1 y=2.05044 yaw=-0.0413985 score=0.956032 valid=1 mode=tracking state=TRACKING evaluated=831 execution_us=59526 reason=tracking_pose_accepted
x=2.1 y=2.05044 yaw=-0.0248794 score=0.95033 valid=1 mode=tracking state=TRACKING evaluated=831 execution_us=60149 reason=tracking_pose_accepted
x=2.1 y=2.05044 yaw=-0.0432669 score=0.953411 valid=1 mode=tracking state=TRACKING evaluated=831 execution_us=59648 reason=tracking_pose_accepted
x=2.1 y=2.05044 yaw=-0.0267477 score=0.953032 valid=1 mode=tracking state=TRACKING evaluated=831 execution_us=60012 reason=tracking_pose_accepted
x=2.1 y=2.05044 yaw=-0.0276819 score=0.955474 valid=1 mode=tracking state=TRACKING evaluated=831 execution_us=60194 reason=tracking_pose_accepted
x=2.1 y=2.05044 yaw=-0.028616 score=0.954282 valid=1 mode=tracking state=TRACKING evaluated=831 execution_us=60526 reason=tracking_pose_accepted
x=2.1 y=2.05044 yaw=-0.0295502 score=0.955716 valid=1 mode=tracking state=TRACKING evaluated=831 execution_us=56629 reason=tracking_pose_accepted
x=2.1 y=2.05044 yaw=-0.0304843 score=0.956111 valid=1 mode=tracking state=TRACKING evaluated=831 execution_us=57511 reason=tracking_pose_accepted
x=2.1 y=2.05044 yaw=-0.0314185 score=0.956111 valid=1 mode=tracking state=TRACKING evaluated=831 execution_us=57242 reason=tracking_pose_accepted
x=2.1 y=2.05044 yaw=-0.0323527 score=0.955812 valid=1 mode=tracking state=TRACKING evaluated=831 execution_us=57986 reason=tracking_pose_accepted
x=2.1 y=2.05044 yaw=-0.0332868 score=0.950705 valid=1 mode=tracking state=TRACKING evaluated=831 execution_us=57033 reason=tracking_pose_accepted
x=2.1 y=2.05044 yaw=-0.034221 score=0.950833 valid=1 mode=tracking state=TRACKING evaluated=831 execution_us=57512 reason=tracking_pose_accepted
x=2.1 y=2.05044 yaw=-0.0351551 score=0.95527 valid=1 mode=tracking state=TRACKING evaluated=831 execution_us=62320 reason=tracking_pose_accepted
x=2.1 y=2.05044 yaw=-0.0360893 score=0.950796 valid=1 mode=tracking state=TRACKING evaluated=831 execution_us=61357 reason=tracking_pose_accepted
x=2.1 y=2.05044 yaw=-0.0370234 score=0.959436 valid=1 mode=tracking state=TRACKING evaluated=831 execution_us=61182 reason=tracking_pose_accepted
x=2.1 y=2.05044 yaw=-0.0379576 score=0.95624 valid=1 mode=tracking state=TRACKING evaluated=831 execution_us=51706 reason=tracking_pose_accepted
x=2.1 y=2.05044 yaw=-0.0388917 score=0.954892 valid=1 mode=tracking state=TRACKING evaluated=831 execution_us=62343 reason=tracking_pose_accepted
x=2.1 y=2.05044 yaw=-0.0398259 score=0.956375 valid=1 mode=tracking state=TRACKING evaluated=831 execution_us=59439 reason=tracking_pose_accepted
x=2.1 y=2.05044 yaw=-0.0407601 score=0.954498 valid=1 mode=tracking state=TRACKING evaluated=831 execution_us=103496 reason=tracking_pose_accepted
x=2.1 y=2.05044 yaw=-0.0416942 score=0.9574 valid=1 mode=tracking state=TRACKING evaluated=831 execution_us=82324 reason=tracking_pose_accepted
x=2.1 y=2.05044 yaw=-0.0251751 score=0.954215 valid=1 mode=tracking state=TRACKING evaluated=831 execution_us=48942 reason=tracking_pose_accepted
x=2.1 y=2.05044 yaw=-0.0261093 score=0.953226 valid=1 mode=tracking state=TRACKING evaluated=831 execution_us=59814 reason=tracking_pose_accepted
x=2.1 y=2.05044 yaw=-0.0270434 score=0.955441 valid=1 mode=tracking state=TRACKING evaluated=831 execution_us=66563 reason=tracking_pose_accepted
x=2.1 y=2.05044 yaw=-0.0279776 score=0.954518 valid=1 mode=tracking state=TRACKING evaluated=831 execution_us=52338 reason=tracking_pose_accepted
x=2.1 y=2.05044 yaw=-0.0289117 score=0.953226 valid=1 mode=tracking state=TRACKING evaluated=831 execution_us=53251 reason=tracking_pose_accepted
x=2.1 y=2.05044 yaw=-0.0298459 score=0.954635 valid=1 mode=tracking state=TRACKING evaluated=831 execution_us=54075 reason=tracking_pose_accepted
x=2.1 y=2.05044 yaw=-0.03078 score=0.955956 valid=1 mode=tracking state=TRACKING evaluated=831 execution_us=53825 reason=tracking_pose_accepted
x=2.1 y=2.05044 yaw=-0.0317142 score=0.95364 valid=1 mode=tracking state=TRACKING evaluated=831 execution_us=54667 reason=tracking_pose_accepted
x=2.1 y=2.05044 yaw=-0.0326484 score=0.95653 valid=1 mode=tracking state=TRACKING evaluated=831 execution_us=59134 reason=tracking_pose_accepted
x=2.1 y=2.05044 yaw=-0.0335825 score=0.95096 valid=1 mode=tracking state=TRACKING evaluated=831 execution_us=60988 reason=tracking_pose_accepted
x=2.1 y=2.05044 yaw=-0.0345167 score=0.955343 valid=1 mode=tracking state=TRACKING evaluated=831 execution_us=102797 reason=tracking_pose_accepted
x=2.1 y=2.05044 yaw=-0.0179975 score=0.955852 valid=1 mode=tracking state=TRACKING evaluated=831 execution_us=94815 reason=tracking_pose_accepted
x=2.1 y=2.05044 yaw=-0.036385 score=0.957288 valid=1 mode=tracking state=TRACKING evaluated=831 execution_us=49511 reason=tracking_pose_accepted
x=2.1 y=2.05044 yaw=-0.0373191 score=0.953703 valid=1 mode=tracking state=TRACKING evaluated=831 execution_us=56231 reason=tracking_pose_accepted
x=2.1 y=2.05044 yaw=-0.0208 score=0.952281 valid=1 mode=tracking state=TRACKING evaluated=831 execution_us=55998 reason=tracking_pose_accepted
x=2.1 y=2.05045 yaw=-0.0391874 score=0.95191 valid=1 mode=tracking state=TRACKING evaluated=831 execution_us=55366 reason=tracking_pose_accepted
x=2.1 y=2.05045 yaw=-0.0226683 score=0.95291 valid=1 mode=tracking state=TRACKING evaluated=831 execution_us=56025 reason=tracking_pose_accepted
x=2.1 y=2.05045 yaw=-0.0410557 score=0.954487 valid=1 mode=tracking state=TRACKING evaluated=831 execution_us=56228 reason=tracking_pose_accepted
x=2.1 y=2.05045 yaw=-0.0419899 score=0.954887 valid=1 mode=tracking state=TRACKING evaluated=831 execution_us=60951 reason=tracking_pose_accepted
x=2.1 y=2.05045 yaw=-0.0254708 score=0.956997 valid=1 mode=tracking state=TRACKING evaluated=831 execution_us=60539 reason=tracking_pose_accepted
x=2.1 y=2.05045 yaw=-0.0264049 score=0.955453 valid=1 mode=tracking state=TRACKING evaluated=831 execution_us=61234 reason=tracking_pose_accepted
x=2.1 y=2.05045 yaw=-0.0273391 score=0.951338 valid=1 mode=tracking state=TRACKING evaluated=831 execution_us=61384 reason=tracking_pose_accepted
x=2.1 y=2.05045 yaw=-0.0282732 score=0.957258 valid=1 mode=tracking state=TRACKING evaluated=831 execution_us=61515 reason=tracking_pose_accepted
x=2.1 y=2.05045 yaw=-0.0292074 score=0.956074 valid=1 mode=tracking state=TRACKING evaluated=831 execution_us=61178 reason=tracking_pose_accepted
x=2.1 y=2.05045 yaw=-0.0301415 score=0.956033 valid=1 mode=tracking state=TRACKING evaluated=831 execution_us=70586 reason=tracking_pose_accepted
x=2.1 y=2.05045 yaw=-0.0310757 score=0.953235 valid=1 mode=tracking state=TRACKING evaluated=831 execution_us=58307 reason=tracking_pose_accepted
x=2.1 y=2.05045 yaw=-0.0320098 score=0.958583 valid=1 mode=tracking state=TRACKING evaluated=831 execution_us=57161 reason=tracking_pose_accepted
x=2.1 y=2.05045 yaw=-0.032944 score=0.95837 valid=1 mode=tracking state=TRACKING evaluated=831 execution_us=58302 reason=tracking_pose_accepted
x=2.1 y=2.05045 yaw=-0.0338781 score=0.9563 valid=1 mode=tracking state=TRACKING evaluated=831 execution_us=57831 reason=tracking_pose_accepted
x=2.1 y=2.05045 yaw=-0.017359 score=0.953787 valid=1 mode=tracking state=TRACKING evaluated=831 execution_us=64847 reason=tracking_pose_accepted
x=2.1 y=2.05045 yaw=-0.0357465 score=0.95435 valid=1 mode=tracking state=TRACKING evaluated=831 execution_us=61467 reason=tracking_pose_accepted
x=2.1 y=2.05045 yaw=-0.0366806 score=0.956339 valid=1 mode=tracking state=TRACKING evaluated=831 execution_us=61486 reason=tracking_pose_accepted
x=2.1 y=2.05045 yaw=-0.0376148 score=0.95194 valid=1 mode=tracking state=TRACKING evaluated=831 execution_us=62155 reason=tracking_pose_accepted
x=2.1 y=2.05045 yaw=-0.0385489 score=0.954989 valid=1 mode=tracking state=TRACKING evaluated=831 execution_us=51975 reason=tracking_pose_accepted
x=2.1 y=2.05045 yaw=-0.0220298 score=0.952992 valid=1 mode=tracking state=TRACKING evaluated=831 execution_us=52922 reason=tracking_pose_accepted
x=2.1 y=2.05045 yaw=-0.0229639 score=0.956648 valid=1 mode=tracking state=TRACKING evaluated=831 execution_us=59848 reason=tracking_pose_accepted
x=2.1 y=2.05045 yaw=-0.0238981 score=0.954603 valid=1 mode=tracking state=TRACKING evaluated=831 execution_us=60129 reason=tracking_pose_accepted
x=2.1 y=2.05045 yaw=-0.0248322 score=0.955089 valid=1 mode=tracking state=TRACKING evaluated=831 execution_us=60043 reason=tracking_pose_accepted
x=2.1 y=2.05045 yaw=-0.0257664 score=0.953215 valid=1 mode=tracking state=TRACKING evaluated=831 execution_us=61058 reason=tracking_pose_accepted
x=2.1 y=2.05045 yaw=-0.0441538 score=0.95512 valid=1 mode=tracking state=TRACKING evaluated=831 execution_us=61891 reason=tracking_pose_accepted
x=2.1 y=2.05045 yaw=-0.0276347 score=0.954384 valid=1 mode=tracking state=TRACKING evaluated=831 execution_us=60579 reason=tracking_pose_accepted
x=2.1 y=2.05045 yaw=-0.0285689 score=0.955882 valid=1 mode=tracking state=TRACKING evaluated=831 execution_us=52953 reason=tracking_pose_accepted
x=2.1 y=2.05045 yaw=-0.029503 score=0.955691 valid=1 mode=tracking state=TRACKING evaluated=831 execution_us=54047 reason=tracking_pose_accepted
x=2.1 y=2.05045 yaw=-0.0304372 score=0.953288 valid=1 mode=tracking state=TRACKING evaluated=831 execution_us=54508 reason=tracking_pose_accepted
x=2.1 y=2.05045 yaw=-0.0313713 score=0.953304 valid=1 mode=tracking state=TRACKING evaluated=831 execution_us=55496 reason=tracking_pose_accepted
x=2.1 y=2.05045 yaw=-0.0323055 score=0.958065 valid=1 mode=tracking state=TRACKING evaluated=831 execution_us=55103 reason=tracking_pose_accepted
x=2.1 y=2.05045 yaw=-0.0332396 score=0.953503 valid=1 mode=tracking state=TRACKING evaluated=831 execution_us=55193 reason=tracking_pose_accepted
x=2.1 y=2.05045 yaw=-0.0341738 score=0.954428 valid=1 mode=tracking state=TRACKING evaluated=831 execution_us=59230 reason=tracking_pose_accepted
x=2.1 y=2.05045 yaw=-0.0176546 score=0.958478 valid=1 mode=tracking state=TRACKING evaluated=831 execution_us=59246 reason=tracking_pose_accepted
x=2.1 y=2.05045 yaw=-0.0360421 score=0.951971 valid=1 mode=tracking state=TRACKING evaluated=831 execution_us=60071 reason=tracking_pose_accepted
x=2.1 y=2.05045 yaw=-0.0369762 score=0.956025 valid=1 mode=tracking state=TRACKING evaluated=831 execution_us=59446 reason=tracking_pose_accepted
x=2.1 y=2.05045 yaw=-0.0379104 score=0.957288 valid=1 mode=tracking state=TRACKING evaluated=831 execution_us=59760 reason=tracking_pose_accepted
x=2.1 y=2.05045 yaw=-0.0388446 score=0.953868 valid=1 mode=tracking state=TRACKING evaluated=831 execution_us=60099 reason=tracking_pose_accepted
x=2.1 y=2.05045 yaw=-0.0223254 score=0.953843 valid=1 mode=tracking state=TRACKING evaluated=831 execution_us=56905 reason=tracking_pose_accepted
x=2.1 y=2.05045 yaw=-0.0232596 score=0.952787 valid=1 mode=tracking state=TRACKING evaluated=831 execution_us=56912 reason=tracking_pose_accepted
x=2.1 y=2.05045 yaw=-0.0241937 score=0.954994 valid=1 mode=tracking state=TRACKING evaluated=831 execution_us=57746 reason=tracking_pose_accepted
x=2.1 y=2.05045 yaw=-0.0251279 score=0.956801 valid=1 mode=tracking state=TRACKING evaluated=831 execution_us=56709 reason=tracking_pose_accepted
x=2.1 y=2.05046 yaw=-0.026062 score=0.955343 valid=1 mode=tracking state=TRACKING evaluated=831 execution_us=57561 reason=tracking_pose_accepted
x=2.1 y=2.05046 yaw=-0.0269962 score=0.958783 valid=1 mode=tracking state=TRACKING evaluated=831 execution_us=57562 reason=tracking_pose_accepted
x=2.1 y=2.05046 yaw=-0.0279303 score=0.952542 valid=1 mode=tracking state=TRACKING evaluated=831 execution_us=61158 reason=tracking_pose_accepted
x=2.1 y=2.05046 yaw=-0.0288645 score=0.956384 valid=1 mode=tracking state=TRACKING evaluated=831 execution_us=62261 reason=tracking_pose_accepted
x=2.1 y=2.05046 yaw=-0.0297987 score=0.953602 valid=1 mode=tracking state=TRACKING evaluated=831 execution_us=61610 reason=tracking_pose_accepted
x=2.1 y=2.05046 yaw=-0.0307328 score=0.957969 valid=1 mode=tracking state=TRACKING evaluated=831 execution_us=61933 reason=tracking_pose_accepted
x=2.1 y=2.05046 yaw=-0.031667 score=0.958099 valid=1 mode=tracking state=TRACKING evaluated=831 execution_us=62509 reason=tracking_pose_accepted
x=2.1 y=2.05046 yaw=-0.0326011 score=0.955925 valid=1 mode=tracking state=TRACKING evaluated=831 execution_us=59150 reason=tracking_pose_accepted
x=2.1 y=2.05046 yaw=-0.0335353 score=0.955616 valid=1 mode=tracking state=TRACKING evaluated=831 execution_us=60233 reason=tracking_pose_accepted
x=2.1 y=2.05046 yaw=-0.0344694 score=0.957896 valid=1 mode=tracking state=TRACKING evaluated=831 execution_us=58538 reason=tracking_pose_accepted
x=2.1 y=2.05046 yaw=-0.0354036 score=0.957702 valid=1 mode=tracking state=TRACKING evaluated=831 execution_us=59170 reason=tracking_pose_accepted
x=2.1 y=2.05046 yaw=-0.0363377 score=0.952007 valid=1 mode=tracking state=TRACKING evaluated=831 execution_us=59773 reason=tracking_pose_accepted
x=2.1 y=2.05046 yaw=-0.0372719 score=0.955175 valid=1 mode=tracking state=TRACKING evaluated=831 execution_us=59798 reason=tracking_pose_accepted
x=2.1 y=2.05046 yaw=-0.038206 score=0.954282 valid=1 mode=tracking state=TRACKING evaluated=831 execution_us=66263 reason=tracking_pose_accepted
x=2.1 y=2.05046 yaw=-0.0391402 score=0.9544 valid=1 mode=tracking state=TRACKING evaluated=831 execution_us=52452 reason=tracking_pose_accepted
x=2.1 y=2.05046 yaw=-0.0400743 score=0.957239 valid=1 mode=tracking state=TRACKING evaluated=831 execution_us=53582 reason=tracking_pose_accepted
x=2.1 y=2.05046 yaw=-0.0235552 score=0.959128 valid=1 mode=tracking state=TRACKING evaluated=831 execution_us=54380 reason=tracking_pose_accepted
x=2.1 y=2.05046 yaw=-0.0419426 score=0.955804 valid=1 mode=tracking state=TRACKING evaluated=831 execution_us=54350 reason=tracking_pose_accepted
x=2.1 y=2.05046 yaw=-0.0428768 score=0.95588 valid=1 mode=tracking state=TRACKING evaluated=831 execution_us=54322 reason=tracking_pose_accepted
x=2.1 y=2.05046 yaw=-0.0263577 score=0.955651 valid=1 mode=tracking state=TRACKING evaluated=831 execution_us=60386 reason=tracking_pose_accepted
x=2.1 y=2.05046 yaw=-0.0272918 score=0.953487 valid=1 mode=tracking state=TRACKING evaluated=831 execution_us=58536 reason=tracking_pose_accepted
x=2.1 y=2.05046 yaw=-0.028226 score=0.953309 valid=1 mode=tracking state=TRACKING evaluated=831 execution_us=57610 reason=tracking_pose_accepted
x=2.1 y=2.05046 yaw=-0.0291601 score=0.955997 valid=1 mode=tracking state=TRACKING evaluated=831 execution_us=58717 reason=tracking_pose_accepted
x=2.1 y=2.05046 yaw=-0.0300943 score=0.955691 valid=1 mode=tracking state=TRACKING evaluated=831 execution_us=58576 reason=tracking_pose_accepted
x=2.1 y=2.05046 yaw=-0.0310284 score=0.955211 valid=1 mode=tracking state=TRACKING evaluated=831 execution_us=59706 reason=tracking_pose_accepted
x=2.1 y=2.05046 yaw=-0.0319626 score=0.958594 valid=1 mode=tracking state=TRACKING evaluated=831 execution_us=55629 reason=tracking_pose_accepted
x=2.1 y=2.05046 yaw=-0.0328968 score=0.958997 valid=1 mode=tracking state=TRACKING evaluated=831 execution_us=55812 reason=tracking_pose_accepted
x=2.1 y=2.05046 yaw=-0.0338309 score=0.957983 valid=1 mode=tracking state=TRACKING evaluated=831 execution_us=56599 reason=tracking_pose_accepted
x=2.1 y=2.05046 yaw=-0.0347651 score=0.95508 valid=1 mode=tracking state=TRACKING evaluated=831 execution_us=55937 reason=tracking_pose_accepted
x=2.1 y=2.05046 yaw=-0.0356992 score=0.956535 valid=1 mode=tracking state=TRACKING evaluated=831 execution_us=113967 reason=tracking_pose_accepted
x=2.1 y=2.05046 yaw=-0.0366334 score=0.957465 valid=1 mode=tracking state=TRACKING evaluated=831 execution_us=101762 reason=tracking_pose_accepted
x=2.1 y=2.05046 yaw=-0.0375675 score=0.956751 valid=1 mode=tracking state=TRACKING evaluated=831 execution_us=68174 reason=tracking_pose_accepted
x=2.1 y=2.05046 yaw=-0.0385017 score=0.953043 valid=1 mode=tracking state=TRACKING evaluated=831 execution_us=82396 reason=tracking_pose_accepted
x=2.1 y=2.05046 yaw=-0.0394358 score=0.95144 valid=1 mode=tracking state=TRACKING evaluated=831 execution_us=55556 reason=tracking_pose_accepted
x=2.1 y=2.05046 yaw=-0.04037 score=0.955726 valid=1 mode=tracking state=TRACKING evaluated=831 execution_us=58987 reason=tracking_pose_accepted
x=2.1 y=2.05046 yaw=-0.0238508 score=0.955691 valid=1 mode=tracking state=TRACKING evaluated=831 execution_us=57883 reason=tracking_pose_accepted
x=2.1 y=2.05046 yaw=-0.0422383 score=0.955938 valid=1 mode=tracking state=TRACKING evaluated=831 execution_us=57993 reason=tracking_pose_accepted
x=2.1 y=2.05046 yaw=-0.0257191 score=0.956346 valid=1 mode=tracking state=TRACKING evaluated=831 execution_us=58178 reason=tracking_pose_accepted
x=2.1 y=2.05046 yaw=-0.0266533 score=0.953336 valid=1 mode=tracking state=TRACKING evaluated=831 execution_us=58392 reason=tracking_pose_accepted
x=2.1 y=2.05046 yaw=-0.0275874 score=0.956305 valid=1 mode=tracking state=TRACKING evaluated=831 execution_us=59229 reason=tracking_pose_accepted
x=2.1 y=2.05046 yaw=-0.0285216 score=0.95522 valid=1 mode=tracking state=TRACKING evaluated=831 execution_us=61202 reason=tracking_pose_accepted
x=2.1 y=2.05046 yaw=-0.0294557 score=0.955806 valid=1 mode=tracking state=TRACKING evaluated=831 execution_us=52499 reason=tracking_pose_accepted
x=2.1 y=2.05047 yaw=-0.0303899 score=0.95592 valid=1 mode=tracking state=TRACKING evaluated=831 execution_us=52257 reason=tracking_pose_accepted
x=2.1 y=2.05047 yaw=-0.0313241 score=0.957138 valid=1 mode=tracking state=TRACKING evaluated=831 execution_us=52704 reason=tracking_pose_accepted
x=2.1 y=2.05047 yaw=-0.0322582 score=0.958711 valid=1 mode=tracking state=TRACKING evaluated=831 execution_us=52292 reason=tracking_pose_accepted
x=2.1 y=2.05047 yaw=-0.0331924 score=0.955806 valid=1 mode=tracking state=TRACKING evaluated=831 execution_us=52656 reason=tracking_pose_accepted
x=2.1 y=2.05047 yaw=-0.0341265 score=0.955501 valid=1 mode=tracking state=TRACKING evaluated=831 execution_us=60085 reason=tracking_pose_accepted
x=2.1 y=2.05047 yaw=-0.0350607 score=0.954846 valid=1 mode=tracking state=TRACKING evaluated=831 execution_us=59464 reason=tracking_pose_accepted
x=2.1 y=2.05047 yaw=-0.0359948 score=0.951882 valid=1 mode=tracking state=TRACKING evaluated=831 execution_us=60249 reason=tracking_pose_accepted
x=2.1 y=2.05047 yaw=-0.036929 score=0.955298 valid=1 mode=tracking state=TRACKING evaluated=831 execution_us=57990 reason=tracking_pose_accepted
x=2.1 y=2.05047 yaw=-0.0378631 score=0.950857 valid=1 mode=tracking state=TRACKING evaluated=831 execution_us=59986 reason=tracking_pose_accepted
x=2.1 y=2.05047 yaw=-0.0387973 score=0.957416 valid=1 mode=tracking state=TRACKING evaluated=831 execution_us=60541 reason=tracking_pose_accepted
x=2.1 y=2.05047 yaw=-0.0222782 score=0.950201 valid=1 mode=tracking state=TRACKING evaluated=831 execution_us=52755 reason=tracking_pose_accepted
x=2.1 y=2.05047 yaw=-0.0406656 score=0.95452 valid=1 mode=tracking state=TRACKING evaluated=831 execution_us=54353 reason=tracking_pose_accepted
x=2.1 y=2.05047 yaw=-0.0415998 score=0.956873 valid=1 mode=tracking state=TRACKING evaluated=831 execution_us=55526 reason=tracking_pose_accepted
x=2.1 y=2.05047 yaw=-0.0250807 score=0.955474 valid=1 mode=tracking state=TRACKING evaluated=831 execution_us=54442 reason=tracking_pose_accepted
x=2.1 y=2.05047 yaw=-0.0260148 score=0.953417 valid=1 mode=tracking state=TRACKING evaluated=831 execution_us=54258 reason=tracking_pose_accepted
x=2.1 y=2.05047 yaw=-0.0269489 score=0.95592 valid=1 mode=tracking state=TRACKING evaluated=831 execution_us=54947 reason=tracking_pose_accepted
x=2.1 y=2.05047 yaw=-0.0278831 score=0.95563 valid=1 mode=tracking state=TRACKING evaluated=831 execution_us=59184 reason=tracking_pose_accepted
x=2.1 y=2.05047 yaw=-0.0288173 score=0.955515 valid=1 mode=tracking state=TRACKING evaluated=831 execution_us=59222 reason=tracking_pose_accepted
x=2.1 y=2.05047 yaw=-0.0122981 score=0.955045 valid=1 mode=tracking state=TRACKING evaluated=831 execution_us=59311 reason=tracking_pose_accepted
x=2.1 y=2.05047 yaw=-0.0306856 score=0.955691 valid=1 mode=tracking state=TRACKING evaluated=831 execution_us=59488 reason=tracking_pose_accepted
x=2.1 y=2.05047 yaw=-0.0316197 score=0.952606 valid=1 mode=tracking state=TRACKING evaluated=831 execution_us=60355 reason=tracking_pose_accepted
x=2.1 y=2.10047 yaw=-0.0325539 score=0.956036 valid=1 mode=tracking state=TRACKING evaluated=831 execution_us=60008 reason=tracking_pose_accepted
x=2.1 y=2.05047 yaw=-0.033488 score=0.950398 valid=1 mode=tracking state=TRACKING evaluated=807 execution_us=55309 reason=tracking_pose_accepted
x=2.1 y=2.05047 yaw=-0.0344222 score=0.955705 valid=1 mode=tracking state=TRACKING evaluated=831 execution_us=57570 reason=tracking_pose_accepted
x=2.1 y=2.05047 yaw=-0.0353563 score=0.955312 valid=1 mode=tracking state=TRACKING evaluated=831 execution_us=56936 reason=tracking_pose_accepted
x=2.1 y=2.05047 yaw=-0.0362905 score=0.952335 valid=1 mode=tracking state=TRACKING evaluated=831 execution_us=56810 reason=tracking_pose_accepted
x=2.1 y=2.05047 yaw=-0.0372247 score=0.952808 valid=1 mode=tracking state=TRACKING evaluated=831 execution_us=58361 reason=tracking_pose_accepted
x=2.1 y=2.05047 yaw=-0.0381588 score=0.957572 valid=1 mode=tracking state=TRACKING evaluated=831 execution_us=64786 reason=tracking_pose_accepted
x=2.1 y=2.05047 yaw=-0.039093 score=0.956984 valid=1 mode=tracking state=TRACKING evaluated=831 execution_us=62145 reason=tracking_pose_accepted
x=2.1 y=2.05047 yaw=-0.0400271 score=0.956186 valid=1 mode=tracking state=TRACKING evaluated=831 execution_us=62444 reason=tracking_pose_accepted
x=2.1 y=2.05047 yaw=-0.023508 score=0.954194 valid=1 mode=tracking state=TRACKING evaluated=831 execution_us=62574 reason=tracking_pose_accepted
x=2.1 y=2.05047 yaw=-0.0418954 score=0.95637 valid=1 mode=tracking state=TRACKING evaluated=831 execution_us=62378 reason=tracking_pose_accepted
x=2.1 y=2.05047 yaw=-0.0428296 score=0.954001 valid=1 mode=tracking state=TRACKING evaluated=831 execution_us=51872 reason=tracking_pose_accepted
x=2.1 y=2.05047 yaw=-0.0263105 score=0.955651 valid=1 mode=tracking state=TRACKING evaluated=831 execution_us=59042 reason=tracking_pose_accepted
x=2.1 y=2.05047 yaw=-0.0272446 score=0.956337 valid=1 mode=tracking state=TRACKING evaluated=831 execution_us=59878 reason=tracking_pose_accepted
x=2.1 y=2.05047 yaw=-0.0281788 score=0.953094 valid=1 mode=tracking state=TRACKING evaluated=831 execution_us=58992 reason=tracking_pose_accepted
x=2.1 y=2.05047 yaw=-0.0291129 score=0.957147 valid=1 mode=tracking state=TRACKING evaluated=831 execution_us=59632 reason=tracking_pose_accepted
x=2.1 y=2.05047 yaw=-0.0300471 score=0.959117 valid=1 mode=tracking state=TRACKING evaluated=831 execution_us=60674 reason=tracking_pose_accepted
x=2.1 y=2.05047 yaw=-0.0309812 score=0.953104 valid=1 mode=tracking state=TRACKING evaluated=831 execution_us=60055 reason=tracking_pose_accepted
x=2.1 y=2.05047 yaw=-0.0319154 score=0.958594 valid=1 mode=tracking state=TRACKING evaluated=831 execution_us=52803 reason=tracking_pose_accepted
x=2.1 y=2.05047 yaw=-0.0328496 score=0.955626 valid=1 mode=tracking state=TRACKING evaluated=831 execution_us=53540 reason=tracking_pose_accepted
x=2.1 y=2.05047 yaw=-0.0163304 score=0.954744 valid=1 mode=tracking state=TRACKING evaluated=831 execution_us=53449 reason=tracking_pose_accepted
x=2.1 y=2.05047 yaw=-0.0347179 score=0.952343 valid=1 mode=tracking state=TRACKING evaluated=831 execution_us=54574 reason=tracking_pose_accepted
x=2.1 y=2.05048 yaw=-0.0181987 score=0.954846 valid=1 mode=tracking state=TRACKING evaluated=831 execution_us=53401 reason=tracking_pose_accepted
x=2.1 y=2.05048 yaw=-0.0365862 score=0.957983 valid=1 mode=tracking state=TRACKING evaluated=831 execution_us=54043 reason=tracking_pose_accepted
x=2.1 y=2.05048 yaw=-0.0375203 score=0.955818 valid=1 mode=tracking state=TRACKING evaluated=831 execution_us=58212 reason=tracking_pose_accepted
x=2.1 y=2.05048 yaw=-0.0384545 score=0.954587 valid=1 mode=tracking state=TRACKING evaluated=831 execution_us=57871 reason=tracking_pose_accepted
x=2.1 y=2.05048 yaw=-0.0393886 score=0.95588 valid=1 mode=tracking state=TRACKING evaluated=831 execution_us=59118 reason=tracking_pose_accepted
x=2.1 y=2.05048 yaw=-0.0403228 score=0.958622 valid=1 mode=tracking state=TRACKING evaluated=831 execution_us=59157 reason=tracking_pose_accepted
x=2.1 y=2.05048 yaw=-0.0412569 score=0.956364 valid=1 mode=tracking state=TRACKING evaluated=831 execution_us=58891 reason=tracking_pose_accepted
x=2.1 y=2.05048 yaw=-0.0247378 score=0.953053 valid=1 mode=tracking state=TRACKING evaluated=831 execution_us=65002 reason=tracking_pose_accepted
x=2.1 y=2.05048 yaw=-0.0431252 score=0.95212 valid=1 mode=tracking state=TRACKING evaluated=831 execution_us=55654 reason=tracking_pose_accepted
x=2.1 y=2.05048 yaw=-0.0266061 score=0.953475 valid=1 mode=tracking state=TRACKING evaluated=831 execution_us=56379 reason=tracking_pose_accepted
x=2.1 y=2.05048 yaw=-0.0275403 score=0.95364 valid=1 mode=tracking state=TRACKING evaluated=831 execution_us=56687 reason=tracking_pose_accepted
x=2.1 y=2.05048 yaw=-0.0284744 score=0.956607 valid=1 mode=tracking state=TRACKING evaluated=831 execution_us=55991 reason=tracking_pose_accepted
x=2.1 y=2.05048 yaw=-0.0294086 score=0.953721 valid=1 mode=tracking state=TRACKING evaluated=831 execution_us=56564 reason=tracking_pose_accepted
x=2.1 y=2.05048 yaw=-0.0303427 score=0.954011 valid=1 mode=tracking state=TRACKING evaluated=831 execution_us=63168 reason=tracking_pose_accepted
x=2.1 y=2.05048 yaw=-0.0312769 score=0.95413 valid=1 mode=tracking state=TRACKING evaluated=831 execution_us=60341 reason=tracking_pose_accepted
x=2.1 y=2.10048 yaw=-0.032211 score=0.955423 valid=1 mode=tracking state=TRACKING evaluated=831 execution_us=61225 reason=tracking_pose_accepted
x=2.1 y=2.05048 yaw=-0.0331452 score=0.951138 valid=1 mode=tracking state=TRACKING evaluated=807 execution_us=59590 reason=tracking_pose_accepted
x=2.1 y=2.05048 yaw=-0.0340793 score=0.95592 valid=1 mode=tracking state=TRACKING evaluated=831 execution_us=62610 reason=tracking_pose_accepted
x=2.1 y=2.05048 yaw=-0.0350135 score=0.956487 valid=1 mode=tracking state=TRACKING evaluated=831 execution_us=61963 reason=tracking_pose_accepted
x=2.1 y=2.05048 yaw=-0.0359477 score=0.957482 valid=1 mode=tracking state=TRACKING evaluated=831 execution_us=58473 reason=tracking_pose_accepted
x=2.1 y=2.05048 yaw=-0.0368818 score=0.954851 valid=1 mode=tracking state=TRACKING evaluated=831 execution_us=58206 reason=tracking_pose_accepted
x=2.1 y=2.05048 yaw=-0.0203627 score=0.951617 valid=1 mode=tracking state=TRACKING evaluated=831 execution_us=58854 reason=tracking_pose_accepted
x=2.1 y=2.05048 yaw=-0.0387501 score=0.949627 valid=1 mode=tracking state=TRACKING evaluated=831 execution_us=58139 reason=tracking_pose_accepted
x=2.1 y=2.05048 yaw=-0.0396843 score=0.955811 valid=1 mode=tracking state=TRACKING evaluated=831 execution_us=59311 reason=tracking_pose_accepted
x=2.1 y=2.05048 yaw=-0.0406184 score=0.954518 valid=1 mode=tracking state=TRACKING evaluated=831 execution_us=59321 reason=tracking_pose_accepted
x=2.1 y=2.05048 yaw=-0.0240993 score=0.956314 valid=1 mode=tracking state=TRACKING evaluated=831 execution_us=52400 reason=tracking_pose_accepted
x=2.1 y=2.05048 yaw=-0.0424868 score=0.951908 valid=1 mode=tracking state=TRACKING evaluated=831 execution_us=53996 reason=tracking_pose_accepted
x=2.1 y=2.05048 yaw=-0.0259676 score=0.955229 valid=1 mode=tracking state=TRACKING evaluated=831 execution_us=53336 reason=tracking_pose_accepted
x=2.1 y=2.05048 yaw=-0.0269018 score=0.953094 valid=1 mode=tracking state=TRACKING evaluated=831 execution_us=53158 reason=tracking_pose_accepted
x=2.1 y=2.05048 yaw=-0.0278359 score=0.953184 valid=1 mode=tracking state=TRACKING evaluated=831 execution_us=54337 reason=tracking_pose_accepted
x=2.1 y=2.05048 yaw=-0.0287701 score=0.955576 valid=1 mode=tracking state=TRACKING evaluated=831 execution_us=53298 reason=tracking_pose_accepted
x=2.1 y=2.05048 yaw=-0.0297042 score=0.955075 valid=1 mode=tracking state=TRACKING evaluated=831 execution_us=60948 reason=tracking_pose_accepted
x=2.1 y=2.05048 yaw=-0.0306384 score=0.953361 valid=1 mode=tracking state=TRACKING evaluated=831 execution_us=60421 reason=tracking_pose_accepted
x=2.1 y=2.05048 yaw=-0.0315726 score=0.9522 valid=1 mode=tracking state=TRACKING evaluated=831 execution_us=60931 reason=tracking_pose_accepted
x=2.1 y=2.05048 yaw=-0.0325067 score=0.955882 valid=1 mode=tracking state=TRACKING evaluated=831 execution_us=61453 reason=tracking_pose_accepted
x=2.1 y=2.05048 yaw=-0.0334409 score=0.958475 valid=1 mode=tracking state=TRACKING evaluated=831 execution_us=60334 reason=tracking_pose_accepted
x=2.1 y=2.05048 yaw=-0.034375 score=0.952687 valid=1 mode=tracking state=TRACKING evaluated=831 execution_us=60976 reason=tracking_pose_accepted
x=2.1 y=2.05048 yaw=-0.0353092 score=0.957653 valid=1 mode=tracking state=TRACKING evaluated=831 execution_us=54302 reason=tracking_pose_accepted
x=2.1 y=2.05048 yaw=-0.0362433 score=0.962838 valid=1 mode=tracking state=TRACKING evaluated=831 execution_us=56018 reason=tracking_pose_accepted
x=2.1 y=2.05048 yaw=-0.0371775 score=0.954259 valid=1 mode=tracking state=TRACKING evaluated=831 execution_us=55637 reason=tracking_pose_accepted
x=2.1 y=2.05048 yaw=-0.0381116 score=0.959982 valid=1 mode=tracking state=TRACKING evaluated=831 execution_us=56020 reason=tracking_pose_accepted
x=2.1 y=2.05048 yaw=-0.0390458 score=0.956376 valid=1 mode=tracking state=TRACKING evaluated=831 execution_us=55775 reason=tracking_pose_accepted
x=2.1 y=2.05048 yaw=-0.0399799 score=0.954343 valid=1 mode=tracking state=TRACKING evaluated=831 execution_us=59991 reason=tracking_pose_accepted
x=2.1 y=2.05049 yaw=-0.0409141 score=0.954734 valid=1 mode=tracking state=TRACKING evaluated=831 execution_us=59700 reason=tracking_pose_accepted
x=2.1 y=2.05049 yaw=-0.0418483 score=0.954705 valid=1 mode=tracking state=TRACKING evaluated=831 execution_us=60469 reason=tracking_pose_accepted
x=2.1 y=2.05049 yaw=-0.0427824 score=0.956101 valid=1 mode=tracking state=TRACKING evaluated=831 execution_us=60681 reason=tracking_pose_accepted
x=2.1 y=2.05049 yaw=-0.0262633 score=0.954922 valid=1 mode=tracking state=TRACKING evaluated=831 execution_us=59691 reason=tracking_pose_accepted
x=2.1 y=2.05049 yaw=-0.0271975 score=0.953052 valid=1 mode=tracking state=TRACKING evaluated=831 execution_us=60641 reason=tracking_pose_accepted
x=2.1 y=2.05049 yaw=-0.0281316 score=0.956486 valid=1 mode=tracking state=TRACKING evaluated=831 execution_us=57322 reason=tracking_pose_accepted
x=2.1 y=2.05049 yaw=-0.0290658 score=0.955766 valid=1 mode=tracking state=TRACKING evaluated=831 execution_us=57403 reason=tracking_pose_accepted
x=2.1 y=2.05049 yaw=-0.0125466 score=0.955776 valid=1 mode=tracking state=TRACKING evaluated=831 execution_us=57726 reason=tracking_pose_accepted
x=2.1 y=2.05049 yaw=-0.0309341 score=0.954465 valid=1 mode=tracking state=TRACKING evaluated=831 execution_us=57504 reason=tracking_pose_accepted
x=2.1 y=2.05049 yaw=-0.0318682 score=0.956074 valid=1 mode=tracking state=TRACKING evaluated=831 execution_us=57182 reason=tracking_pose_accepted
x=2.1 y=2.05049 yaw=-0.0328024 score=0.95633 valid=1 mode=tracking state=TRACKING evaluated=831 execution_us=58470 reason=tracking_pose_accepted
x=2.1 y=2.05049 yaw=-0.0337366 score=0.958504 valid=1 mode=tracking state=TRACKING evaluated=831 execution_us=62154 reason=tracking_pose_accepted
x=2.1 y=2.05049 yaw=-0.0346707 score=0.949567 valid=1 mode=tracking state=TRACKING evaluated=831 execution_us=61978 reason=tracking_pose_accepted
x=2.1 y=2.05049 yaw=-0.0356049 score=0.954922 valid=1 mode=tracking state=TRACKING evaluated=831 execution_us=52333 reason=tracking_pose_accepted
x=2.1 y=2.05049 yaw=-0.036539 score=0.956955 valid=1 mode=tracking state=TRACKING evaluated=831 execution_us=51807 reason=tracking_pose_accepted
x=2.1 y=2.05049 yaw=-0.0374732 score=0.957179 valid=1 mode=tracking state=TRACKING evaluated=831 execution_us=52300 reason=tracking_pose_accepted
x=2.1 y=2.05049 yaw=-0.0384073 score=0.956678 valid=1 mode=tracking state=TRACKING evaluated=831 execution_us=53615 reason=tracking_pose_accepted
x=2.1 y=2.05049 yaw=-0.0393415 score=0.955729 valid=1 mode=tracking state=TRACKING evaluated=831 execution_us=59846 reason=tracking_pose_accepted
x=2.1 y=2.05049 yaw=-0.0228223 score=0.952747 valid=1 mode=tracking state=TRACKING evaluated=831 execution_us=60688 reason=tracking_pose_accepted
x=2.1 y=2.05049 yaw=-0.0412098 score=0.95331 valid=1 mode=tracking state=TRACKING evaluated=831 execution_us=60310 reason=tracking_pose_accepted
x=2.1 y=2.05049 yaw=-0.0246907 score=0.954567 valid=1 mode=tracking state=TRACKING evaluated=831 execution_us=61081 reason=tracking_pose_accepted
x=2.1 y=2.05049 yaw=-0.0256248 score=0.95435 valid=1 mode=tracking state=TRACKING evaluated=831 execution_us=62113 reason=tracking_pose_accepted
x=2.1 y=2.05049 yaw=-0.026559 score=0.952911 valid=1 mode=tracking state=TRACKING evaluated=831 execution_us=53457 reason=tracking_pose_accepted
x=2.1 y=2.05049 yaw=-0.0274931 score=0.956731 valid=1 mode=tracking state=TRACKING evaluated=831 execution_us=54473 reason=tracking_pose_accepted
x=2.1 y=2.05049 yaw=-0.0284273 score=0.956427 valid=1 mode=tracking state=TRACKING evaluated=831 execution_us=55075 reason=tracking_pose_accepted
x=2.1 y=2.05049 yaw=-0.0293614 score=0.955841 valid=1 mode=tracking state=TRACKING evaluated=831 execution_us=54844 reason=tracking_pose_accepted
x=2.1 y=2.05049 yaw=-0.0302956 score=0.956924 valid=1 mode=tracking state=TRACKING evaluated=831 execution_us=55182 reason=tracking_pose_accepted
x=2.1 y=2.05049 yaw=-0.0312297 score=0.958977 valid=1 mode=tracking state=TRACKING evaluated=831 execution_us=54881 reason=tracking_pose_accepted
x=2.1 y=2.05049 yaw=-0.0321639 score=0.956099 valid=1 mode=tracking state=TRACKING evaluated=831 execution_us=58632 reason=tracking_pose_accepted
x=2.1 y=2.10049 yaw=-0.033098 score=0.950758 valid=1 mode=tracking state=TRACKING evaluated=831 execution_us=59688 reason=tracking_pose_accepted
x=2.1 y=2.05049 yaw=-0.0165789 score=0.952726 valid=1 mode=tracking state=TRACKING evaluated=807 execution_us=57065 reason=tracking_pose_accepted
x=2.1 y=2.05049 yaw=-0.0349664 score=0.957148 valid=1 mode=tracking state=TRACKING evaluated=831 execution_us=59606 reason=tracking_pose_accepted
x=2.1 y=2.05049 yaw=-0.0359005 score=0.954506 valid=1 mode=tracking state=TRACKING evaluated=831 execution_us=59108 reason=tracking_pose_accepted
x=2.1 y=2.05049 yaw=-0.0368347 score=0.954604 valid=1 mode=tracking state=TRACKING evaluated=831 execution_us=59363 reason=tracking_pose_accepted
x=2.1 y=2.05049 yaw=-0.0377688 score=0.959355 valid=1 mode=tracking state=TRACKING evaluated=831 execution_us=56411 reason=tracking_pose_accepted
x=2.1 y=2.05049 yaw=-0.038703 score=0.956984 valid=1 mode=tracking state=TRACKING evaluated=831 execution_us=57151 reason=tracking_pose_accepted
x=2.1 y=2.05049 yaw=-0.0221838 score=0.953235 valid=1 mode=tracking state=TRACKING evaluated=831 execution_us=57012 reason=tracking_pose_accepted
x=2.1 y=2.05049 yaw=-0.0405713 score=0.959095 valid=1 mode=tracking state=TRACKING evaluated=831 execution_us=58175 reason=tracking_pose_accepted
x=2.1 y=2.05049 yaw=-0.0415054 score=0.956488 valid=1 mode=tracking state=TRACKING evaluated=831 execution_us=57385 reason=tracking_pose_accepted
x=2.1 y=2.05049 yaw=-0.0249863 score=0.954715 valid=1 mode=tracking state=TRACKING evaluated=831 execution_us=64581 reason=tracking_pose_accepted
x=2.1 y=2.05049 yaw=-0.0259204 score=0.958585 valid=1 mode=tracking state=TRACKING evaluated=831 execution_us=61704 reason=tracking_pose_accepted
x=2.1 y=2.05049 yaw=-0.0268546 score=0.95668 valid=1 mode=tracking state=TRACKING evaluated=831 execution_us=61673 reason=tracking_pose_accepted
x=2.1 y=2.05049 yaw=-0.0277888 score=0.953346 valid=1 mode=tracking state=TRACKING evaluated=831 execution_us=61505 reason=tracking_pose_accepted
x=2.1 y=2.0505 yaw=-0.0287229 score=0.953052 valid=1 mode=tracking state=TRACKING evaluated=831 execution_us=62123 reason=tracking_pose_accepted
x=2.1 y=2.0505 yaw=-0.0296571 score=0.956123 valid=1 mode=tracking state=TRACKING evaluated=831 execution_us=62005 reason=tracking_pose_accepted
x=2.1 y=2.0505 yaw=-0.0305912 score=0.955882 valid=1 mode=tracking state=TRACKING evaluated=831 execution_us=58875 reason=tracking_pose_accepted
x=2.1 y=2.0505 yaw=-0.0315254 score=0.954933 valid=1 mode=tracking state=TRACKING evaluated=831 execution_us=58367 reason=tracking_pose_accepted
x=2.1 y=2.0505 yaw=-0.0324595 score=0.958092 valid=1 mode=tracking state=TRACKING evaluated=831 execution_us=59149 reason=tracking_pose_accepted
x=2.1 y=2.0505 yaw=-0.0159404 score=0.952564 valid=1 mode=tracking state=TRACKING evaluated=831 execution_us=59719 reason=tracking_pose_accepted
x=2.1 y=2.0505 yaw=-0.0343278 score=0.95527 valid=1 mode=tracking state=TRACKING evaluated=831 execution_us=59202 reason=tracking_pose_accepted
x=2.1 y=2.0505 yaw=-0.0178087 score=0.954739 valid=1 mode=tracking state=TRACKING evaluated=831 execution_us=59587 reason=tracking_pose_accepted
x=2.1 y=2.0505 yaw=-0.0187429 score=0.952809 valid=1 mode=tracking state=TRACKING evaluated=831 execution_us=96725 reason=tracking_pose_accepted
x=2.1 y=2.0505 yaw=-0.0371303 score=0.953164 valid=1 mode=tracking state=TRACKING evaluated=831 execution_us=103357 reason=tracking_pose_accepted
x=2.1 y=2.0505 yaw=-0.0380645 score=0.951867 valid=1 mode=tracking state=TRACKING evaluated=831 execution_us=88736 reason=tracking_pose_accepted
x=2.1 y=2.0505 yaw=-0.0215453 score=0.951742 valid=1 mode=tracking state=TRACKING evaluated=831 execution_us=92099 reason=tracking_pose_accepted
x=2.1 y=2.0505 yaw=-0.0399328 score=0.95417 valid=1 mode=tracking state=TRACKING evaluated=831 execution_us=55740 reason=tracking_pose_accepted
x=2.1 y=2.0505 yaw=-0.0408669 score=0.955729 valid=1 mode=tracking state=TRACKING evaluated=831 execution_us=88719 reason=tracking_pose_accepted
x=2.1 y=2.0505 yaw=-0.0243478 score=0.955773 valid=1 mode=tracking state=TRACKING evaluated=831 execution_us=48517 reason=tracking_pose_accepted
x=2.1 y=2.0505 yaw=-0.0427352 score=0.956863 valid=1 mode=tracking state=TRACKING evaluated=831 execution_us=58415 reason=tracking_pose_accepted
x=2.1 y=2.0505 yaw=-0.0436694 score=0.955978 valid=1 mode=tracking state=TRACKING evaluated=831 execution_us=58363 reason=tracking_pose_accepted
x=2.1 y=2.0505 yaw=-0.0271503 score=0.955583 valid=1 mode=tracking state=TRACKING evaluated=831 execution_us=59034 reason=tracking_pose_accepted
x=2.1 y=2.0505 yaw=-0.0280845 score=0.955229 valid=1 mode=tracking state=TRACKING evaluated=831 execution_us=55934 reason=tracking_pose_accepted
x=2.1 y=2.0505 yaw=-0.0290186 score=0.956148 valid=1 mode=tracking state=TRACKING evaluated=831 execution_us=56600 reason=tracking_pose_accepted
x=2.1 y=2.0505 yaw=-0.0299528 score=0.955535 valid=1 mode=tracking state=TRACKING evaluated=831 execution_us=56236 reason=tracking_pose_accepted
x=2.1 y=2.0505 yaw=-0.0308869 score=0.952931 valid=1 mode=tracking state=TRACKING evaluated=831 execution_us=56757 reason=tracking_pose_accepted
x=2.1 y=2.0505 yaw=-0.0318211 score=0.953094 valid=1 mode=tracking state=TRACKING evaluated=831 execution_us=56078 reason=tracking_pose_accepted
x=2.1 y=2.0505 yaw=-0.0327552 score=0.955691 valid=1 mode=tracking state=TRACKING evaluated=831 execution_us=62699 reason=tracking_pose_accepted
x=2.1 y=2.0505 yaw=-0.0336894 score=0.957764 valid=1 mode=tracking state=TRACKING evaluated=831 execution_us=60139 reason=tracking_pose_accepted
x=2.1 y=2.0505 yaw=-0.0346235 score=0.952606 valid=1 mode=tracking state=TRACKING evaluated=831 execution_us=60555 reason=tracking_pose_accepted
x=2.1 y=2.0505 yaw=-0.0355577 score=0.957398 valid=1 mode=tracking state=TRACKING evaluated=831 execution_us=60603 reason=tracking_pose_accepted
x=2.1 y=2.0505 yaw=-0.0364918 score=0.956194 valid=1 mode=tracking state=TRACKING evaluated=831 execution_us=60758 reason=tracking_pose_accepted
x=2.1 y=2.0505 yaw=-0.037426 score=0.954282 valid=1 mode=tracking state=TRACKING evaluated=831 execution_us=61228 reason=tracking_pose_accepted
x=2.1 y=2.0505 yaw=-0.0209069 score=0.956201 valid=1 mode=tracking state=TRACKING evaluated=831 execution_us=58192 reason=tracking_pose_accepted
x=2.1 y=2.0505 yaw=-0.0392943 score=0.950157 valid=1 mode=tracking state=TRACKING evaluated=831 execution_us=58064 reason=tracking_pose_accepted
x=2.1 y=2.0505 yaw=-0.0227752 score=0.952747 valid=1 mode=tracking state=TRACKING evaluated=831 execution_us=70844 reason=tracking_pose_accepted
x=2.1 y=2.0505 yaw=-0.0411626 score=0.957289 valid=1 mode=tracking state=TRACKING evaluated=831 execution_us=58879 reason=tracking_pose_accepted
x=2.1 y=2.0505 yaw=-0.0246435 score=0.954364 valid=1 mode=tracking state=TRACKING evaluated=831 execution_us=58242 reason=tracking_pose_accepted
x=2.1 y=2.0505 yaw=-0.0255776 score=0.958276 valid=1 mode=tracking state=TRACKING evaluated=831 execution_us=57743 reason=tracking_pose_accepted
x=2.1 y=2.0505 yaw=-0.0265117 score=0.955302 valid=1 mode=tracking state=TRACKING evaluated=831 execution_us=51844 reason=tracking_pose_accepted
x=2.1 y=2.0505 yaw=-0.0274459 score=0.952992 valid=1 mode=tracking state=TRACKING evaluated=831 execution_us=51527 reason=tracking_pose_accepted
x=2.1 y=2.0505 yaw=-0.0283801 score=0.955882 valid=1 mode=tracking state=TRACKING evaluated=831 execution_us=52199 reason=tracking_pose_accepted
x=2.1 y=2.0505 yaw=-0.0293142 score=0.95413 valid=1 mode=tracking state=TRACKING evaluated=831 execution_us=52308 reason=tracking_pose_accepted
x=2.1 y=2.0505 yaw=-0.0302484 score=0.9544 valid=1 mode=tracking state=TRACKING evaluated=831 execution_us=53064 reason=tracking_pose_accepted
x=2.1 y=2.0505 yaw=-0.0311825 score=0.955882 valid=1 mode=tracking state=TRACKING evaluated=831 execution_us=53177 reason=tracking_pose_accepted
x=2.1 y=2.1005 yaw=-0.0321167 score=0.956228 valid=1 mode=tracking state=TRACKING evaluated=831 execution_us=59455 reason=tracking_pose_accepted
x=2.1 y=2.0505 yaw=-0.0330508 score=0.956111 valid=1 mode=tracking state=TRACKING evaluated=807 execution_us=58763 reason=tracking_pose_accepted
x=2.1 y=2.05051 yaw=-0.033985 score=0.955725 valid=1 mode=tracking state=TRACKING evaluated=831 execution_us=60634 reason=tracking_pose_accepted
x=2.1 y=2.05051 yaw=-0.0349191 score=0.957108 valid=1 mode=tracking state=TRACKING evaluated=831 execution_us=59787 reason=tracking_pose_accepted
x=2.1 y=2.05051 yaw=-0.0358533 score=0.957482 valid=1 mode=tracking state=TRACKING evaluated=831 execution_us=60786 reason=tracking_pose_accepted
x=2.1 y=2.05051 yaw=-0.0367875 score=0.954296 valid=1 mode=tracking state=TRACKING evaluated=831 execution_us=61336 reason=tracking_pose_accepted
x=2.1 y=2.05051 yaw=-0.0377216 score=0.953977 valid=1 mode=tracking state=TRACKING evaluated=831 execution_us=53724 reason=tracking_pose_accepted
x=2.1 y=2.05051 yaw=-0.0386558 score=0.956332 valid=1 mode=tracking state=TRACKING evaluated=831 execution_us=55265 reason=tracking_pose_accepted
x=2.1 y=2.05051 yaw=-0.0395899 score=0.956234 valid=1 mode=tracking state=TRACKING evaluated=831 execution_us=54710 reason=tracking_pose_accepted
x=2.1 y=2.05051 yaw=-0.0405241 score=0.956455 valid=1 mode=tracking state=TRACKING evaluated=831 execution_us=55232 reason=tracking_pose_accepted
x=2.1 y=2.05051 yaw=-0.0240049 score=0.955691 valid=1 mode=tracking state=TRACKING evaluated=831 execution_us=56163 reason=tracking_pose_accepted
x=2.1 y=2.05051 yaw=-0.0423923 score=0.957004 valid=1 mode=tracking state=TRACKING evaluated=831 execution_us=62461 reason=tracking_pose_accepted
x=2.1 y=2.05051 yaw=-0.0258732 score=0.955345 valid=1 mode=tracking state=TRACKING evaluated=831 execution_us=59351 reason=tracking_pose_accepted
x=2.1 y=2.05051 yaw=-0.0268074 score=0.953798 valid=1 mode=tracking state=TRACKING evaluated=831 execution_us=60446 reason=tracking_pose_accepted
x=2.1 y=2.05051 yaw=-0.0277415 score=0.956984 valid=1 mode=tracking state=TRACKING evaluated=831 execution_us=59885 reason=tracking_pose_accepted
x=2.1 y=2.05051 yaw=-0.0286757 score=0.95559 valid=1 mode=tracking state=TRACKING evaluated=831 execution_us=59825 reason=tracking_pose_accepted
x=2.1 y=2.05051 yaw=-0.0296098 score=0.954937 valid=1 mode=tracking state=TRACKING evaluated=831 execution_us=60411 reason=tracking_pose_accepted
x=2.1 y=2.05051 yaw=-0.030544 score=0.953054 valid=1 mode=tracking state=TRACKING evaluated=831 execution_us=56817 reason=tracking_pose_accepted
x=2.1 y=2.05051 yaw=-0.0314781 score=0.953278 valid=1 mode=tracking state=TRACKING evaluated=831 execution_us=57829 reason=tracking_pose_accepted
x=2.1 y=2.05051 yaw=-0.0324123 score=0.956224 valid=1 mode=tracking state=TRACKING evaluated=831 execution_us=56968 reason=tracking_pose_accepted
x=2.1 y=2.05051 yaw=-0.0333464 score=0.957686 valid=1 mode=tracking state=TRACKING evaluated=831 execution_us=57342 reason=tracking_pose_accepted
x=2.1 y=2.05051 yaw=-0.0342806 score=0.955428 valid=1 mode=tracking state=TRACKING evaluated=831 execution_us=58189 reason=tracking_pose_accepted
x=2.1 y=2.05051 yaw=-0.0352148 score=0.958092 valid=1 mode=tracking state=TRACKING evaluated=831 execution_us=57801 reason=tracking_pose_accepted
x=2.1 y=2.05051 yaw=-0.0361489 score=0.954044 valid=1 mode=tracking state=TRACKING evaluated=831 execution_us=60642 reason=tracking_pose_accepted
x=2.1 y=2.05051 yaw=-0.0370831 score=0.954543 valid=1 mode=tracking state=TRACKING evaluated=831 execution_us=61008 reason=tracking_pose_accepted
x=2.1 y=2.05051 yaw=-0.0380172 score=0.957066 valid=1 mode=tracking state=TRACKING evaluated=831 execution_us=61823 reason=tracking_pose_accepted
x=2.1 y=2.05051 yaw=-0.0389514 score=0.954262 valid=1 mode=tracking state=TRACKING evaluated=831 execution_us=62314 reason=tracking_pose_accepted
x=2.1 y=2.05051 yaw=-0.0398855 score=0.955201 valid=1 mode=tracking state=TRACKING evaluated=831 execution_us=62640 reason=tracking_pose_accepted
x=2.1 y=2.05051 yaw=-0.0408197 score=0.956527 valid=1 mode=tracking state=TRACKING evaluated=831 execution_us=62118 reason=tracking_pose_accepted
x=2.1 y=2.05051 yaw=-0.0243006 score=0.955647 valid=1 mode=tracking state=TRACKING evaluated=831 execution_us=59474 reason=tracking_pose_accepted
x=2.1 y=2.05051 yaw=-0.0252347 score=0.954876 valid=1 mode=tracking state=TRACKING evaluated=831 execution_us=58360 reason=tracking_pose_accepted
x=2.1 y=2.05051 yaw=-0.0261688 score=0.955726 valid=1 mode=tracking state=TRACKING evaluated=831 execution_us=59008 reason=tracking_pose_accepted
x=2.1 y=2.05051 yaw=-0.027103 score=0.955112 valid=1 mode=tracking state=TRACKING evaluated=831 execution_us=59503 reason=tracking_pose_accepted
x=2.1 y=2.05051 yaw=-0.0280372 score=0.955549 valid=1 mode=tracking state=TRACKING evaluated=831 execution_us=59117 reason=tracking_pose_accepted
x=2.1 y=2.05051 yaw=-0.0289713 score=0.953215 valid=1 mode=tracking state=TRACKING evaluated=831 execution_us=67072 reason=tracking_pose_accepted
x=2.1 y=2.05051 yaw=-0.0299055 score=0.952972 valid=1 mode=tracking state=TRACKING evaluated=831 execution_us=52105 reason=tracking_pose_accepted
x=2.1 y=2.05051 yaw=-0.0308396 score=0.952799 valid=1 mode=tracking state=TRACKING evaluated=831 execution_us=54260 reason=tracking_pose_accepted
x=2.1 y=2.05051 yaw=-0.0317738 score=0.952381 valid=1 mode=tracking state=TRACKING evaluated=831 execution_us=54506 reason=tracking_pose_accepted
x=2.1 y=2.05051 yaw=-0.0327079 score=0.956863 valid=1 mode=tracking state=TRACKING evaluated=831 execution_us=54025 reason=tracking_pose_accepted
x=2.1 y=2.05051 yaw=-0.0336421 score=0.954814 valid=1 mode=tracking state=TRACKING evaluated=831 execution_us=53600 reason=tracking_pose_accepted
x=2.1 y=2.05051 yaw=-0.0345762 score=0.952911 valid=1 mode=tracking state=TRACKING evaluated=831 execution_us=61001 reason=tracking_pose_accepted
x=2.1 y=2.05051 yaw=-0.0355104 score=0.957787 valid=1 mode=tracking state=TRACKING evaluated=831 execution_us=61112 reason=tracking_pose_accepted
x=2.1 y=2.05051 yaw=-0.0364445 score=0.952698 valid=1 mode=tracking state=TRACKING evaluated=831 execution_us=61041 reason=tracking_pose_accepted
x=2.1 y=2.05051 yaw=-0.0373787 score=0.956955 valid=1 mode=tracking state=TRACKING evaluated=831 execution_us=61345 reason=tracking_pose_accepted
x=2.1 y=2.05052 yaw=-0.0383129 score=0.956036 valid=1 mode=tracking state=TRACKING evaluated=831 execution_us=58799 reason=tracking_pose_accepted
x=2.1 y=2.05052 yaw=-0.039247 score=0.954091 valid=1 mode=tracking state=TRACKING evaluated=831 execution_us=58832 reason=tracking_pose_accepted
x=2.1 y=2.05052 yaw=-0.0227279 score=0.954739 valid=1 mode=tracking state=TRACKING evaluated=831 execution_us=55479 reason=tracking_pose_accepted
x=2.1 y=2.05052 yaw=-0.0411153 score=0.954922 valid=1 mode=tracking state=TRACKING evaluated=831 execution_us=56030 reason=tracking_pose_accepted
x=2.1 y=2.05052 yaw=-0.0245962 score=0.955211 valid=1 mode=tracking state=TRACKING evaluated=831 execution_us=56710 reason=tracking_pose_accepted
x=2.1 y=2.05052 yaw=-0.0429836 score=0.95395 valid=1 mode=tracking state=TRACKING evaluated=831 execution_us=56082 reason=tracking_pose_accepted
x=2.1 y=2.05052 yaw=-0.0264645 score=0.955112 valid=1 mode=tracking state=TRACKING evaluated=831 execution_us=55914 reason=tracking_pose_accepted
x=2.1 y=2.05052 yaw=-0.0273986 score=0.956305 valid=1 mode=tracking state=TRACKING evaluated=831 execution_us=57110 reason=tracking_pose_accepted
x=2.1 y=2.05052 yaw=-0.0283328 score=0.959409 valid=1 mode=tracking state=TRACKING evaluated=831 execution_us=60130 reason=tracking_pose_accepted
x=2.1 y=2.05052 yaw=-0.029267 score=0.953113 valid=1 mode=tracking state=TRACKING evaluated=831 execution_us=61180 reason=tracking_pose_accepted
x=2.1 y=2.05052 yaw=-0.0302011 score=0.956135 valid=1 mode=tracking state=TRACKING evaluated=831 execution_us=60872 reason=tracking_pose_accepted
x=2.1 y=2.05052 yaw=-0.0311353 score=0.952931 valid=1 mode=tracking state=TRACKING evaluated=831 execution_us=60223 reason=tracking_pose_accepted
x=2.1 y=2.05052 yaw=-0.0320694 score=0.955691 valid=1 mode=tracking state=TRACKING evaluated=831 execution_us=61457 reason=tracking_pose_accepted
x=2.1 y=2.05052 yaw=-0.0330036 score=0.950497 valid=1 mode=tracking state=TRACKING evaluated=831 execution_us=62198 reason=tracking_pose_accepted
x=2.1 y=2.05052 yaw=-0.0339377 score=0.952799 valid=1 mode=tracking state=TRACKING evaluated=831 execution_us=58196 reason=tracking_pose_accepted
x=2.1 y=2.05052 yaw=-0.0174186 score=0.955583 valid=1 mode=tracking state=TRACKING evaluated=831 execution_us=58354 reason=tracking_pose_accepted
x=2.1 y=2.05052 yaw=-0.035806 score=0.957288 valid=1 mode=tracking state=TRACKING evaluated=831 execution_us=58273 reason=tracking_pose_accepted
x=2.1 y=2.05052 yaw=-0.0367402 score=0.953552 valid=1 mode=tracking state=TRACKING evaluated=831 execution_us=58313 reason=tracking_pose_accepted
x=2.1 y=2.05052 yaw=-0.0376743 score=0.955844 valid=1 mode=tracking state=TRACKING evaluated=831 execution_us=58699 reason=tracking_pose_accepted
x=2.1 y=2.05052 yaw=-0.0386085 score=0.956721 valid=1 mode=tracking state=TRACKING evaluated=831 execution_us=61919 reason=tracking_pose_accepted
x=2.1 y=2.05052 yaw=-0.0220894 score=0.951851 valid=1 mode=tracking state=TRACKING evaluated=831 execution_us=52788 reason=tracking_pose_accepted
x=2.1 y=2.05052 yaw=-0.0404768 score=0.953391 valid=1 mode=tracking state=TRACKING evaluated=831 execution_us=52137 reason=tracking_pose_accepted
x=2.1 y=2.05052 yaw=-0.0239576 score=0.955697 valid=1 mode=tracking state=TRACKING evaluated=831 execution_us=52800 reason=tracking_pose_accepted
x=2.1 y=2.05052 yaw=-0.0248918 score=0.955005 valid=1 mode=tracking state=TRACKING evaluated=831 execution_us=52378 reason=tracking_pose_accepted
x=2.1 y=2.05052 yaw=-0.0258259 score=0.955997 valid=1 mode=tracking state=TRACKING evaluated=831 execution_us=52779 reason=tracking_pose_accepted
x=2.1 y=2.05052 yaw=-0.0267601 score=0.953184 valid=1 mode=tracking state=TRACKING evaluated=831 execution_us=60247 reason=tracking_pose_accepted
x=2.1 y=2.05052 yaw=-0.0276943 score=0.95287 valid=1 mode=tracking state=TRACKING evaluated=831 execution_us=60371 reason=tracking_pose_accepted
x=2.1 y=2.05052 yaw=-0.0286284 score=0.955284 valid=1 mode=tracking state=TRACKING evaluated=831 execution_us=59861 reason=tracking_pose_accepted
x=2.1 y=2.05052 yaw=-0.0295626 score=0.953336 valid=1 mode=tracking state=TRACKING evaluated=831 execution_us=60938 reason=tracking_pose_accepted
x=2.1 y=2.05052 yaw=-0.0304967 score=0.957661 valid=1 mode=tracking state=TRACKING evaluated=831 execution_us=60067 reason=tracking_pose_accepted
x=2.1 y=2.05052 yaw=-0.0314309 score=0.9554 valid=1 mode=tracking state=TRACKING evaluated=831 execution_us=60446 reason=tracking_pose_accepted
x=2.1 y=2.05052 yaw=-0.032365 score=0.958493 valid=1 mode=tracking state=TRACKING evaluated=831 execution_us=53084 reason=tracking_pose_accepted
x=2.1 y=2.05052 yaw=-0.0332992 score=0.958397 valid=1 mode=tracking state=TRACKING evaluated=831 execution_us=54493 reason=tracking_pose_accepted
x=2.1 y=2.05052 yaw=-0.0342333 score=0.954657 valid=1 mode=tracking state=TRACKING evaluated=831 execution_us=54076 reason=tracking_pose_accepted
x=2.1 y=2.05052 yaw=-0.0177142 score=0.958099 valid=1 mode=tracking state=TRACKING evaluated=831 execution_us=56520 reason=tracking_pose_accepted
x=2.1 y=2.05052 yaw=-0.0361016 score=0.957567 valid=1 mode=tracking state=TRACKING evaluated=831 execution_us=54447 reason=tracking_pose_accepted
x=2.1 y=2.05052 yaw=-0.0370358 score=0.953583 valid=1 mode=tracking state=TRACKING evaluated=831 execution_us=54816 reason=tracking_pose_accepted
x=2.1 y=2.05052 yaw=-0.0379699 score=0.9516 valid=1 mode=tracking state=TRACKING evaluated=831 execution_us=58822 reason=tracking_pose_accepted
x=2.1 y=2.05052 yaw=-0.0389041 score=0.954096 valid=1 mode=tracking state=TRACKING evaluated=831 execution_us=59573 reason=tracking_pose_accepted
x=2.1 y=2.05052 yaw=-0.0398383 score=0.952982 valid=1 mode=tracking state=TRACKING evaluated=831 execution_us=59898 reason=tracking_pose_accepted
x=2.1 y=2.05052 yaw=-0.0407724 score=0.95607 valid=1 mode=tracking state=TRACKING evaluated=831 execution_us=59368 reason=tracking_pose_accepted
x=2.1 y=2.05052 yaw=-0.0242533 score=0.956691 valid=1 mode=tracking state=TRACKING evaluated=831 execution_us=59915 reason=tracking_pose_accepted
x=2.1 y=2.05053 yaw=-0.0251874 score=0.954498 valid=1 mode=tracking state=TRACKING evaluated=831 execution_us=60615 reason=tracking_pose_accepted
x=2.1 y=2.05053 yaw=-0.0261216 score=0.952931 valid=1 mode=tracking state=TRACKING evaluated=831 execution_us=56211 reason=tracking_pose_accepted
x=2.1 y=2.05053 yaw=-0.0270557 score=0.955302 valid=1 mode=tracking state=TRACKING evaluated=831 execution_us=56317 reason=tracking_pose_accepted
x=2.1 y=2.05053 yaw=-0.0279899 score=0.955302 valid=1 mode=tracking state=TRACKING evaluated=831 execution_us=56664 reason=tracking_pose_accepted
x=2.1 y=2.05053 yaw=-0.028924 score=0.955386 valid=1 mode=tracking state=TRACKING evaluated=831 execution_us=57278 reason=tracking_pose_accepted
x=2.1 y=2.05053 yaw=-0.0298582 score=0.958583 valid=1 mode=tracking state=TRACKING evaluated=831 execution_us=58079 reason=tracking_pose_accepted
x=2.1 y=2.05053 yaw=-0.0307924 score=0.953764 valid=1 mode=tracking state=TRACKING evaluated=831 execution_us=61360 reason=tracking_pose_accepted
x=2.1 y=2.05053 yaw=-0.0317265 score=0.958617 valid=1 mode=tracking state=TRACKING evaluated=831 execution_us=62272 reason=tracking_pose_accepted
x=2.1 y=2.05053 yaw=-0.0326607 score=0.958389 valid=1 mode=tracking state=TRACKING evaluated=831 execution_us=62816 reason=tracking_pose_accepted
x=2.1 y=2.05053 yaw=-0.0335948 score=0.950854 valid=1 mode=tracking state=TRACKING evaluated=831 execution_us=51921 reason=tracking_pose_accepted
x=2.1 y=2.05053 yaw=-0.034529 score=0.95674 valid=1 mode=tracking state=TRACKING evaluated=831 execution_us=62116 reason=tracking_pose_accepted
x=2.1 y=2.05053 yaw=-0.0354631 score=0.957354 valid=1 mode=tracking state=TRACKING evaluated=831 execution_us=52348 reason=tracking_pose_accepted
x=2.1 y=2.05053 yaw=-0.0363973 score=0.957401 valid=1 mode=tracking state=TRACKING evaluated=831 execution_us=59356 reason=tracking_pose_accepted
x=2.1 y=2.05053 yaw=-0.0373314 score=0.953442 valid=1 mode=tracking state=TRACKING evaluated=831 execution_us=60529 reason=tracking_pose_accepted
x=2.1 y=2.05053 yaw=-0.0208123 score=0.953539 valid=1 mode=tracking state=TRACKING evaluated=831 execution_us=59769 reason=tracking_pose_accepted
x=2.1 y=2.05053 yaw=-0.0217464 score=0.957109 valid=1 mode=tracking state=TRACKING evaluated=831 execution_us=59548 reason=tracking_pose_accepted
x=2.1 y=2.05053 yaw=-0.0401339 score=0.953799 valid=1 mode=tracking state=TRACKING evaluated=831 execution_us=60555 reason=tracking_pose_accepted
x=2.1 y=2.05053 yaw=-0.041068 score=0.950378 valid=1 mode=tracking state=TRACKING evaluated=831 execution_us=60729 reason=tracking_pose_accepted
x=2.1 y=2.05053 yaw=-0.0420022 score=0.9574 valid=1 mode=tracking state=TRACKING evaluated=831 execution_us=52758 reason=tracking_pose_accepted
x=2.1 y=2.05053 yaw=-0.0254831 score=0.955691 valid=1 mode=tracking state=TRACKING evaluated=831 execution_us=53686 reason=tracking_pose_accepted
x=2.1 y=2.05053 yaw=-0.0264172 score=0.953043 valid=1 mode=tracking state=TRACKING evaluated=831 execution_us=53777 reason=tracking_pose_accepted
x=2.1 y=2.05053 yaw=-0.0273514 score=0.952359 valid=1 mode=tracking state=TRACKING evaluated=831 execution_us=53865 reason=tracking_pose_accepted
x=2.1 y=2.05053 yaw=-0.0282856 score=0.958925 valid=1 mode=tracking state=TRACKING evaluated=831 execution_us=54356 reason=tracking_pose_accepted
x=2.1 y=2.05053 yaw=-0.0292197 score=0.952931 valid=1 mode=tracking state=TRACKING evaluated=831 execution_us=54261 reason=tracking_pose_accepted
x=2.1 y=2.05053 yaw=-0.0301539 score=0.956111 valid=1 mode=tracking state=TRACKING evaluated=831 execution_us=58737 reason=tracking_pose_accepted
x=2.1 y=2.05053 yaw=-0.031088 score=0.952972 valid=1 mode=tracking state=TRACKING evaluated=831 execution_us=57959 reason=tracking_pose_accepted
x=2.1 y=2.05053 yaw=-0.0320222 score=0.95802 valid=1 mode=tracking state=TRACKING evaluated=831 execution_us=57790 reason=tracking_pose_accepted
x=2.1 y=2.05053 yaw=-0.0329563 score=0.950733 valid=1 mode=tracking state=TRACKING evaluated=831 execution_us=59701 reason=tracking_pose_accepted
x=2.1 y=2.05053 yaw=-0.0164372 score=0.958262 valid=1 mode=tracking state=TRACKING evaluated=831 execution_us=58521 reason=tracking_pose_accepted
x=2.1 y=2.05053 yaw=-0.0348246 score=0.957682 valid=1 mode=tracking state=TRACKING evaluated=831 execution_us=54864 reason=tracking_pose_accepted
x=2.1 y=2.05053 yaw=-0.0357588 score=0.957457 valid=1 mode=tracking state=TRACKING evaluated=831 execution_us=55888 reason=tracking_pose_accepted
x=2.1 y=2.05053 yaw=-0.0366929 score=0.954892 valid=1 mode=tracking state=TRACKING evaluated=831 execution_us=55913 reason=tracking_pose_accepted
x=2.1 y=2.05053 yaw=-0.0376271 score=0.956719 valid=1 mode=tracking state=TRACKING evaluated=831 execution_us=100299 reason=tracking_pose_accepted
x=2.1 y=2.05053 yaw=-0.0385613 score=0.955556 valid=1 mode=tracking state=TRACKING evaluated=831 execution_us=100151 reason=tracking_pose_accepted
x=2.1 y=2.05053 yaw=-0.0394954 score=0.955249 valid=1 mode=tracking state=TRACKING evaluated=831 execution_us=102483 reason=tracking_pose_accepted
x=2.1 y=2.05053 yaw=-0.0404296 score=0.953544 valid=1 mode=tracking state=TRACKING evaluated=831 execution_us=71239 reason=tracking_pose_accepted
x=2.1 y=2.05053 yaw=-0.0413637 score=0.956148 valid=1 mode=tracking state=TRACKING evaluated=831 execution_us=82359 reason=tracking_pose_accepted
x=2.1 y=2.05053 yaw=-0.0248446 score=0.955956 valid=1 mode=tracking state=TRACKING evaluated=831 execution_us=55284 reason=tracking_pose_accepted
x=2.1 y=2.05053 yaw=-0.0257788 score=0.956186 valid=1 mode=tracking state=TRACKING evaluated=831 execution_us=62101 reason=tracking_pose_accepted
x=2.1 y=2.05053 yaw=-0.0267129 score=0.954116 valid=1 mode=tracking state=TRACKING evaluated=831 execution_us=66100 reason=tracking_pose_accepted
x=2.1 y=2.05053 yaw=-0.0276471 score=0.957663 valid=1 mode=tracking state=TRACKING evaluated=831 execution_us=58293 reason=tracking_pose_accepted
x=2.1 y=2.05053 yaw=-0.0285812 score=0.958337 valid=1 mode=tracking state=TRACKING evaluated=831 execution_us=57546 reason=tracking_pose_accepted
x=2.1 y=2.05054 yaw=-0.0295154 score=0.958691 valid=1 mode=tracking state=TRACKING evaluated=831 execution_us=58060 reason=tracking_pose_accepted
x=2.1 y=2.05054 yaw=-0.0304495 score=0.957902 valid=1 mode=tracking state=TRACKING evaluated=831 execution_us=59013 reason=tracking_pose_accepted
x=2.1 y=2.05054 yaw=-0.0313837 score=0.955386 valid=1 mode=tracking state=TRACKING evaluated=831 execution_us=59064 reason=tracking_pose_accepted
x=2.1 y=2.05054 yaw=-0.0323178 score=0.956074 valid=1 mode=tracking state=TRACKING evaluated=831 execution_us=61510 reason=tracking_pose_accepted
x=2.1 y=2.10054 yaw=-0.033252 score=0.954435 valid=1 mode=tracking state=TRACKING evaluated=831 execution_us=53534 reason=tracking_pose_accepted
x=2.1 y=2.05054 yaw=-0.0341862 score=0.954846 valid=1 mode=tracking state=TRACKING evaluated=807 execution_us=51224 reason=tracking_pose_accepted
x=2.1 y=2.05054 yaw=-0.0351203 score=0.95672 valid=1 mode=tracking state=TRACKING evaluated=831 execution_us=53064 reason=tracking_pose_accepted
x=2.1 y=2.05054 yaw=-0.0360545 score=0.955197 valid=1 mode=tracking state=TRACKING evaluated=831 execution_us=53617 reason=tracking_pose_accepted
x=2.1 y=2.05054 yaw=-0.0369886 score=0.953125 valid=1 mode=tracking state=TRACKING evaluated=831 execution_us=52996 reason=tracking_pose_accepted
x=2.1 y=2.05054 yaw=-0.0379228 score=0.952397 valid=1 mode=tracking state=TRACKING evaluated=831 execution_us=61074 reason=tracking_pose_accepted
x=2.1 y=2.05054 yaw=-0.0388569 score=0.954546 valid=1 mode=tracking state=TRACKING evaluated=831 execution_us=60147 reason=tracking_pose_accepted
x=2.1 y=2.05054 yaw=-0.0223378 score=0.956342 valid=1 mode=tracking state=TRACKING evaluated=831 execution_us=59600 reason=tracking_pose_accepted
x=2.1 y=2.05054 yaw=-0.0232719 score=0.953176 valid=1 mode=tracking state=TRACKING evaluated=831 execution_us=60590 reason=tracking_pose_accepted
x=2.1 y=2.05054 yaw=-0.0242061 score=0.951986 valid=1 mode=tracking state=TRACKING evaluated=831 execution_us=57015 reason=tracking_pose_accepted
x=2.1 y=2.05054 yaw=-0.0251402 score=0.952788 valid=1 mode=tracking state=TRACKING evaluated=831 execution_us=60670 reason=tracking_pose_accepted
x=2.1 y=2.05054 yaw=-0.0260744 score=0.956123 valid=1 mode=tracking state=TRACKING evaluated=831 execution_us=54843 reason=tracking_pose_accepted
x=2.1 y=2.05054 yaw=-0.0270086 score=0.95527 valid=1 mode=tracking state=TRACKING evaluated=831 execution_us=53900 reason=tracking_pose_accepted
x=2.1 y=2.05054 yaw=-0.0279427 score=0.956752 valid=1 mode=tracking state=TRACKING evaluated=831 execution_us=55060 reason=tracking_pose_accepted
x=2.1 y=2.05054 yaw=-0.0288769 score=0.952931 valid=1 mode=tracking state=TRACKING evaluated=831 execution_us=54800 reason=tracking_pose_accepted
x=2.1 y=2.05054 yaw=-0.029811 score=0.956416 valid=1 mode=tracking state=TRACKING evaluated=831 execution_us=55145 reason=tracking_pose_accepted
x=2.1 y=2.05054 yaw=-0.0307452 score=0.956607 valid=1 mode=tracking state=TRACKING evaluated=831 execution_us=62282 reason=tracking_pose_accepted
x=2.1 y=2.05054 yaw=-0.0316793 score=0.952972 valid=1 mode=tracking state=TRACKING evaluated=831 execution_us=58894 reason=tracking_pose_accepted
x=2.1 y=2.05054 yaw=-0.0326135 score=0.958475 valid=1 mode=tracking state=TRACKING evaluated=831 execution_us=58762 reason=tracking_pose_accepted
x=2.1 y=2.05054 yaw=-0.0335476 score=0.956189 valid=1 mode=tracking state=TRACKING evaluated=831 execution_us=60285 reason=tracking_pose_accepted
x=2.1 y=2.05054 yaw=-0.0344818 score=0.953125 valid=1 mode=tracking state=TRACKING evaluated=831 execution_us=59443 reason=tracking_pose_accepted
x=2.1 y=2.05054 yaw=-0.0354159 score=0.94961 valid=1 mode=tracking state=TRACKING evaluated=831 execution_us=59981 reason=tracking_pose_accepted
x=2.1 y=2.05054 yaw=-0.0363501 score=0.956935 valid=1 mode=tracking state=TRACKING evaluated=831 execution_us=56487 reason=tracking_pose_accepted
x=2.1 y=2.05054 yaw=-0.0372843 score=0.956873 valid=1 mode=tracking state=TRACKING evaluated=831 execution_us=57325 reason=tracking_pose_accepted
x=2.1 y=2.05054 yaw=-0.0382184 score=0.953411 valid=1 mode=tracking state=TRACKING evaluated=831 execution_us=57671 reason=tracking_pose_accepted
x=2.1 y=2.05054 yaw=-0.0391526 score=0.956568 valid=1 mode=tracking state=TRACKING evaluated=831 execution_us=57355 reason=tracking_pose_accepted
x=2.1 y=2.05054 yaw=-0.0400867 score=0.953929 valid=1 mode=tracking state=TRACKING evaluated=831 execution_us=58150 reason=tracking_pose_accepted
x=2.1 y=2.05054 yaw=-0.0410209 score=0.954636 valid=1 mode=tracking state=TRACKING evaluated=831 execution_us=58597 reason=tracking_pose_accepted
x=2.1 y=2.05054 yaw=-0.0245018 score=0.955419 valid=1 mode=tracking state=TRACKING evaluated=831 execution_us=60941 reason=tracking_pose_accepted
x=2.1 y=2.05054 yaw=-0.0254359 score=0.953539 valid=1 mode=tracking state=TRACKING evaluated=831 execution_us=63014 reason=tracking_pose_accepted
x=2.1 y=2.05054 yaw=-0.0263701 score=0.955691 valid=1 mode=tracking state=TRACKING evaluated=831 execution_us=51592 reason=tracking_pose_accepted
x=2.1 y=2.05054 yaw=-0.0273042 score=0.953196 valid=1 mode=tracking state=TRACKING evaluated=831 execution_us=52103 reason=tracking_pose_accepted
x=2.1 y=2.05054 yaw=-0.0282384 score=0.956009 valid=1 mode=tracking state=TRACKING evaluated=831 execution_us=52708 reason=tracking_pose_accepted
x=2.1 y=2.05054 yaw=-0.0291725 score=0.954163 valid=1 mode=tracking state=TRACKING evaluated=831 execution_us=52995 reason=tracking_pose_accepted
x=2.1 y=2.05054 yaw=-0.0301067 score=0.955658 valid=1 mode=tracking state=TRACKING evaluated=831 execution_us=59811 reason=tracking_pose_accepted
x=2.1 y=2.05054 yaw=-0.0310408 score=0.958513 valid=1 mode=tracking state=TRACKING evaluated=831 execution_us=60215 reason=tracking_pose_accepted
x=2.1 y=2.05054 yaw=-0.031975 score=0.959124 valid=1 mode=tracking state=TRACKING evaluated=831 execution_us=59978 reason=tracking_pose_accepted
x=2.1 y=2.05054 yaw=-0.0329092 score=0.953888 valid=1 mode=tracking state=TRACKING evaluated=831 execution_us=60064 reason=tracking_pose_accepted
x=2.1 y=2.05054 yaw=-0.0338433 score=0.952809 valid=1 mode=tracking state=TRACKING evaluated=831 execution_us=60707 reason=tracking_pose_accepted
x=2.1 y=2.05055 yaw=-0.0173242 score=0.956577 valid=1 mode=tracking state=TRACKING evaluated=831 execution_us=60071 reason=tracking_pose_accepted
x=2.1 y=2.05055 yaw=-0.0357116 score=0.952435 valid=1 mode=tracking state=TRACKING evaluated=831 execution_us=53953 reason=tracking_pose_accepted
x=2.1 y=2.05055 yaw=-0.0366458 score=0.957474 valid=1 mode=tracking state=TRACKING evaluated=831 execution_us=53813 reason=tracking_pose_accepted
x=2.1 y=2.05055 yaw=-0.0375799 score=0.956263 valid=1 mode=tracking state=TRACKING evaluated=831 execution_us=53992 reason=tracking_pose_accepted
x=2.1 y=2.05055 yaw=-0.0385141 score=0.951722 valid=1 mode=tracking state=TRACKING evaluated=831 execution_us=54894 reason=tracking_pose_accepted
x=2.1 y=2.05055 yaw=-0.0219949 score=0.953881 valid=1 mode=tracking state=TRACKING evaluated=831 execution_us=54706 reason=tracking_pose_accepted
x=2.1 y=2.05055 yaw=-0.0403824 score=0.955844 valid=1 mode=tracking state=TRACKING evaluated=831 execution_us=54964 reason=tracking_pose_accepted
x=2.1 y=2.05055 yaw=-0.0238632 score=0.956111 valid=1 mode=tracking state=TRACKING evaluated=831 execution_us=58649 reason=tracking_pose_accepted
x=2.1 y=2.05055 yaw=-0.0247974 score=0.954734 valid=1 mode=tracking state=TRACKING evaluated=831 execution_us=60949 reason=tracking_pose_accepted
x=2.1 y=2.05055 yaw=-0.0257315 score=0.955278 valid=1 mode=tracking state=TRACKING evaluated=831 execution_us=58806 reason=tracking_pose_accepted
x=2.1 y=2.05055 yaw=-0.0266657 score=0.951648 valid=1 mode=tracking state=TRACKING evaluated=831 execution_us=58347 reason=tracking_pose_accepted
x=2.1 y=2.05055 yaw=-0.0275998 score=0.953924 valid=1 mode=tracking state=TRACKING evaluated=831 execution_us=59082 reason=tracking_pose_accepted
x=2.1 y=2.05055 yaw=-0.028534 score=0.956009 valid=1 mode=tracking state=TRACKING evaluated=831 execution_us=55843 reason=tracking_pose_accepted
x=2.1 y=2.05055 yaw=-0.0294681 score=0.953673 valid=1 mode=tracking state=TRACKING evaluated=831 execution_us=55427 reason=tracking_pose_accepted
x=2.1 y=2.05055 yaw=-0.0304023 score=0.95603 valid=1 mode=tracking state=TRACKING evaluated=831 execution_us=55864 reason=tracking_pose_accepted
x=2.1 y=2.05055 yaw=-0.0313365 score=0.958692 valid=1 mode=tracking state=TRACKING evaluated=831 execution_us=56902 reason=tracking_pose_accepted
x=2.1 y=2.05055 yaw=-0.0322706 score=0.952788 valid=1 mode=tracking state=TRACKING evaluated=831 execution_us=55823 reason=tracking_pose_accepted
x=2.1 y=2.05055 yaw=-0.0332048 score=0.961721 valid=1 mode=tracking state=TRACKING evaluated=831 execution_us=56396 reason=tracking_pose_accepted
x=2.1 y=2.05055 yaw=-0.0341389 score=0.955386 valid=1 mode=tracking state=TRACKING evaluated=831 execution_us=60410 reason=tracking_pose_accepted
x=2.1 y=2.05055 yaw=-0.0350731 score=0.95799 valid=1 mode=tracking state=TRACKING evaluated=831 execution_us=60440 reason=tracking_pose_accepted
x=2.1 y=2.05055 yaw=-0.0360072 score=0.957465 valid=1 mode=tracking state=TRACKING evaluated=831 execution_us=60809 reason=tracking_pose_accepted
x=2.1 y=2.05055 yaw=-0.0369414 score=0.954388 valid=1 mode=tracking state=TRACKING evaluated=831 execution_us=60847 reason=tracking_pose_accepted
x=2.1 y=2.05055 yaw=-0.0378755 score=0.960172 valid=1 mode=tracking state=TRACKING evaluated=831 execution_us=60851 reason=tracking_pose_accepted
x=2.1 y=2.05055 yaw=-0.0388097 score=0.956984 valid=1 mode=tracking state=TRACKING evaluated=831 execution_us=62011 reason=tracking_pose_accepted
x=2.1 y=2.05055 yaw=-0.0397438 score=0.957178 valid=1 mode=tracking state=TRACKING evaluated=831 execution_us=57646 reason=tracking_pose_accepted
x=2.1 y=2.05055 yaw=-0.040678 score=0.955956 valid=1 mode=tracking state=TRACKING evaluated=831 execution_us=57634 reason=tracking_pose_accepted
x=2.1 y=2.05055 yaw=-0.0241589 score=0.952134 valid=1 mode=tracking state=TRACKING evaluated=831 execution_us=58574 reason=tracking_pose_accepted
x=2.1 y=2.05055 yaw=-0.0425463 score=0.958372 valid=1 mode=tracking state=TRACKING evaluated=831 execution_us=58152 reason=tracking_pose_accepted
x=2.1 y=2.05055 yaw=-0.0260272 score=0.955562 valid=1 mode=tracking state=TRACKING evaluated=831 execution_us=59305 reason=tracking_pose_accepted
x=2.1 y=2.05055 yaw=-0.0269613 score=0.95479 valid=1 mode=tracking state=TRACKING evaluated=831 execution_us=59447 reason=tracking_pose_accepted
x=2.1 y=2.05055 yaw=-0.0278955 score=0.955658 valid=1 mode=tracking state=TRACKING evaluated=831 execution_us=52594 reason=tracking_pose_accepted
x=2.1 y=2.05055 yaw=-0.0288296 score=0.95162 valid=1 mode=tracking state=TRACKING evaluated=831 execution_us=53732 reason=tracking_pose_accepted
x=2.1 y=2.05055 yaw=-0.0297638 score=0.956314 valid=1 mode=tracking state=TRACKING evaluated=831 execution_us=54942 reason=tracking_pose_accepted
x=2.1 y=2.05055 yaw=-0.0306979 score=0.954821 valid=1 mode=tracking state=TRACKING evaluated=831 execution_us=54467 reason=tracking_pose_accepted
x=2.1 y=2.05055 yaw=-0.0316321 score=0.955972 valid=1 mode=tracking state=TRACKING evaluated=831 execution_us=54625 reason=tracking_pose_accepted
x=2.1 y=2.05055 yaw=-0.0325662 score=0.954063 valid=1 mode=tracking state=TRACKING evaluated=831 execution_us=61470 reason=tracking_pose_accepted
x=2.1 y=2.05055 yaw=-0.0335004 score=0.9522 valid=1 mode=tracking state=TRACKING evaluated=831 execution_us=60807 reason=tracking_pose_accepted
x=2.1 y=2.05055 yaw=-0.0344346 score=0.952044 valid=1 mode=tracking state=TRACKING evaluated=831 execution_us=62105 reason=tracking_pose_accepted
x=2.1 y=2.05055 yaw=-0.0353687 score=0.956546 valid=1 mode=tracking state=TRACKING evaluated=831 execution_us=60819 reason=tracking_pose_accepted
x=2.1 y=2.05055 yaw=-0.0363029 score=0.95563 valid=1 mode=tracking state=TRACKING evaluated=831 execution_us=62052 reason=tracking_pose_accepted
x=2.1 y=2.05055 yaw=-0.037237 score=0.953332 valid=1 mode=tracking state=TRACKING evaluated=831 execution_us=57919 reason=tracking_pose_accepted
x=2.1 y=2.05055 yaw=-0.0381712 score=0.955071 valid=1 mode=tracking state=TRACKING evaluated=831 execution_us=54482 reason=tracking_pose_accepted
x=2.1 y=2.05056 yaw=-0.0391053 score=0.954163 valid=1 mode=tracking state=TRACKING evaluated=831 execution_us=55479 reason=tracking_pose_accepted
x=2.1 y=2.05056 yaw=-0.0400395 score=0.952145 valid=1 mode=tracking state=TRACKING evaluated=831 execution_us=54943 reason=tracking_pose_accepted
x=2.1 y=2.05056 yaw=-0.0409736 score=0.953368 valid=1 mode=tracking state=TRACKING evaluated=831 execution_us=55995 reason=tracking_pose_accepted
x=2.1 y=2.05056 yaw=-0.0419078 score=0.957096 valid=1 mode=tracking state=TRACKING evaluated=831 execution_us=56210 reason=tracking_pose_accepted
x=2.1 y=2.05056 yaw=-0.042842 score=0.952185 valid=1 mode=tracking state=TRACKING evaluated=831 execution_us=56201 reason=tracking_pose_accepted
x=2.1 y=2.05056 yaw=-0.0263229 score=0.953519 valid=1 mode=tracking state=TRACKING evaluated=831 execution_us=60240 reason=tracking_pose_accepted
x=2.1 y=2.05056 yaw=-0.027257 score=0.953481 valid=1 mode=tracking state=TRACKING evaluated=831 execution_us=60327 reason=tracking_pose_accepted
x=2.1 y=2.05056 yaw=-0.0281912 score=0.955806 valid=1 mode=tracking state=TRACKING evaluated=831 execution_us=60523 reason=tracking_pose_accepted
x=2.1 y=2.05056 yaw=-0.0291253 score=0.951193 valid=1 mode=tracking state=TRACKING evaluated=831 execution_us=61116 reason=tracking_pose_accepted
x=2.1 y=2.05056 yaw=-0.0300595 score=0.950684 valid=1 mode=tracking state=TRACKING evaluated=831 execution_us=60348 reason=tracking_pose_accepted
x=2.1 y=2.05056 yaw=-0.0309936 score=0.953215 valid=1 mode=tracking state=TRACKING evaluated=831 execution_us=60737 reason=tracking_pose_accepted
x=2.1 y=2.05056 yaw=-0.0319278 score=0.958925 valid=1 mode=tracking state=TRACKING evaluated=831 execution_us=59152 reason=tracking_pose_accepted
x=2.1 y=2.05056 yaw=-0.0328619 score=0.956123 valid=1 mode=tracking state=TRACKING evaluated=831 execution_us=57510 reason=tracking_pose_accepted
x=2.1 y=2.05056 yaw=-0.0337961 score=0.952606 valid=1 mode=tracking state=TRACKING evaluated=831 execution_us=70494 reason=tracking_pose_accepted
x=2.1 y=2.05056 yaw=-0.0347303 score=0.957221 valid=1 mode=tracking state=TRACKING evaluated=831 execution_us=55870 reason=tracking_pose_accepted
x=2.1 y=2.05056 yaw=-0.0356644 score=0.954963 valid=1 mode=tracking state=TRACKING evaluated=831 execution_us=57885 reason=tracking_pose_accepted
x=2.1 y=2.05056 yaw=-0.0365986 score=0.952962 valid=1 mode=tracking state=TRACKING evaluated=831 execution_us=58453 reason=tracking_pose_accepted
x=2.1 y=2.05056 yaw=-0.0375327 score=0.951971 valid=1 mode=tracking state=TRACKING evaluated=831 execution_us=51442 reason=tracking_pose_accepted
x=2.1 y=2.05056 yaw=-0.0384669 score=0.949479 valid=1 mode=tracking state=TRACKING evaluated=831 execution_us=62270 reason=tracking_pose_accepted
x=2.1 y=2.05056 yaw=-0.039401 score=0.953442 valid=1 mode=tracking state=TRACKING evaluated=831 execution_us=52935 reason=tracking_pose_accepted
x=2.1 y=2.05056 yaw=-0.0228819 score=0.95666 valid=1 mode=tracking state=TRACKING evaluated=831 execution_us=53020 reason=tracking_pose_accepted
x=2.1 y=2.05056 yaw=-0.0412693 score=0.956822 valid=1 mode=tracking state=TRACKING evaluated=831 execution_us=52934 reason=tracking_pose_accepted
x=2.1 y=2.05056 yaw=-0.0247502 score=0.955345 valid=1 mode=tracking state=TRACKING evaluated=831 execution_us=60624 reason=tracking_pose_accepted
x=2.1 y=2.05056 yaw=-0.0431376 score=0.954272 valid=1 mode=tracking state=TRACKING evaluated=831 execution_us=60253 reason=tracking_pose_accepted
x=2.1 y=2.05056 yaw=-0.0440718 score=0.956373 valid=1 mode=tracking state=TRACKING evaluated=831 execution_us=59997 reason=tracking_pose_accepted
x=2.1 y=2.05056 yaw=-0.0275527 score=0.955515 valid=1 mode=tracking state=TRACKING evaluated=831 execution_us=60865 reason=tracking_pose_accepted
x=2.1 y=2.05056 yaw=-0.0284868 score=0.956416 valid=1 mode=tracking state=TRACKING evaluated=831 execution_us=60962 reason=tracking_pose_accepted
x=2.1 y=2.05056 yaw=-0.029421 score=0.95527 valid=1 mode=tracking state=TRACKING evaluated=831 execution_us=61333 reason=tracking_pose_accepted
x=2.1 y=2.05056 yaw=-0.0303552 score=0.959124 valid=1 mode=tracking state=TRACKING evaluated=831 execution_us=53075 reason=tracking_pose_accepted
x=2.1 y=2.05056 yaw=-0.0312893 score=0.957332 valid=1 mode=tracking state=TRACKING evaluated=831 execution_us=54844 reason=tracking_pose_accepted
x=2.1 y=2.05056 yaw=-0.0322235 score=0.952001 valid=1 mode=tracking state=TRACKING evaluated=831 execution_us=55947 reason=tracking_pose_accepted
x=2.1 y=2.05056 yaw=-0.0331576 score=0.958446 valid=1 mode=tracking state=TRACKING evaluated=831 execution_us=54978 reason=tracking_pose_accepted
x=2.1 y=2.05056 yaw=-0.0340918 score=0.957983 valid=1 mode=tracking state=TRACKING evaluated=831 execution_us=56332 reason=tracking_pose_accepted
x=2.1 y=2.05056 yaw=-0.0350259 score=0.957686 valid=1 mode=tracking state=TRACKING evaluated=831 execution_us=55914 reason=tracking_pose_accepted
x=2.1 y=2.05056 yaw=-0.0359601 score=0.956466 valid=1 mode=tracking state=TRACKING evaluated=831 execution_us=59104 reason=tracking_pose_accepted
x=2.1 y=2.05056 yaw=-0.0368942 score=0.953002 valid=1 mode=tracking state=TRACKING evaluated=831 execution_us=60588 reason=tracking_pose_accepted
x=2.1 y=2.05056 yaw=-0.0378284 score=0.957288 valid=1 mode=tracking state=TRACKING evaluated=831 execution_us=60006 reason=tracking_pose_accepted
x=2.1 y=2.05056 yaw=-0.0387625 score=0.957555 valid=1 mode=tracking state=TRACKING evaluated=831 execution_us=59790 reason=tracking_pose_accepted
x=2.1 y=2.05056 yaw=-0.0396967 score=0.957394 valid=1 mode=tracking state=TRACKING evaluated=831 execution_us=60178 reason=tracking_pose_accepted
x=2.1 y=2.05056 yaw=-0.0406308 score=0.952437 valid=1 mode=tracking state=TRACKING evaluated=831 execution_us=60123 reason=tracking_pose_accepted
x=2.1 y=2.05056 yaw=-0.041565 score=0.957472 valid=1 mode=tracking state=TRACKING evaluated=831 execution_us=56481 reason=tracking_pose_accepted
x=2.1 y=2.05057 yaw=-0.0250459 score=0.954668 valid=1 mode=tracking state=TRACKING evaluated=831 execution_us=57311 reason=tracking_pose_accepted
x=2.1 y=2.05057 yaw=-0.02598 score=0.95462 valid=1 mode=tracking state=TRACKING evaluated=831 execution_us=56915 reason=tracking_pose_accepted
x=2.1 y=2.05057 yaw=-0.0269142 score=0.954668 valid=1 mode=tracking state=TRACKING evaluated=831 execution_us=56964 reason=tracking_pose_accepted
x=2.1 y=2.05057 yaw=-0.0278484 score=0.9534 valid=1 mode=tracking state=TRACKING evaluated=831 execution_us=57260 reason=tracking_pose_accepted
x=2.1 y=2.05057 yaw=-0.0287825 score=0.957221 valid=1 mode=tracking state=TRACKING evaluated=831 execution_us=57556 reason=tracking_pose_accepted
x=2.1 y=2.05057 yaw=-0.0297167 score=0.958384 valid=1 mode=tracking state=TRACKING evaluated=831 execution_us=62079 reason=tracking_pose_accepted
x=2.1 y=2.05057 yaw=-0.0306508 score=0.95453 valid=1 mode=tracking state=TRACKING evaluated=831 execution_us=51616 reason=tracking_pose_accepted
x=2.1 y=2.05057 yaw=-0.031585 score=0.956221 valid=1 mode=tracking state=TRACKING evaluated=831 execution_us=52067 reason=tracking_pose_accepted
x=2.1 y=2.05057 yaw=-0.0325191 score=0.95578 valid=1 mode=tracking state=TRACKING evaluated=831 execution_us=52744 reason=tracking_pose_accepted
x=2.1 y=2.05057 yaw=-0.0334533 score=0.953235 valid=1 mode=tracking state=TRACKING evaluated=831 execution_us=52278 reason=tracking_pose_accepted
x=2.1 y=2.05057 yaw=-0.0169341 score=0.955887 valid=1 mode=tracking state=TRACKING evaluated=831 execution_us=59313 reason=tracking_pose_accepted
x=2.1 y=2.05057 yaw=-0.0353216 score=0.957482 valid=1 mode=tracking state=TRACKING evaluated=831 execution_us=59810 reason=tracking_pose_accepted
x=2.1 y=2.05057 yaw=-0.0362557 score=0.957571 valid=1 mode=tracking state=TRACKING evaluated=831 execution_us=58247 reason=tracking_pose_accepted
x=2.1 y=2.05057 yaw=-0.0371899 score=0.954498 valid=1 mode=tracking state=TRACKING evaluated=831 execution_us=59887 reason=tracking_pose_accepted
x=2.1 y=2.05057 yaw=-0.0381241 score=0.956761 valid=1 mode=tracking state=TRACKING evaluated=831 execution_us=59972 reason=tracking_pose_accepted
x=2.1 y=2.05057 yaw=-0.0390582 score=0.953977 valid=1 mode=tracking state=TRACKING evaluated=831 execution_us=102798 reason=tracking_pose_accepted
x=2.1 y=2.05057 yaw=-0.0399924 score=0.95668 valid=1 mode=tracking state=TRACKING evaluated=831 execution_us=88758 reason=tracking_pose_accepted
x=2.1 y=2.05057 yaw=-0.0409265 score=0.954805 valid=1 mode=tracking state=TRACKING evaluated=831 execution_us=87248 reason=tracking_pose_accepted
x=2.1 y=2.05057 yaw=-0.0418607 score=0.95732 valid=1 mode=tracking state=TRACKING evaluated=831 execution_us=83389 reason=tracking_pose_accepted
x=2.1 y=2.05057 yaw=-0.0253416 score=0.952623 valid=1 mode=tracking state=TRACKING evaluated=831 execution_us=55719 reason=tracking_pose_accepted
x=2.1 y=2.05057 yaw=-0.0262757 score=0.957408 valid=1 mode=tracking state=TRACKING evaluated=831 execution_us=63669 reason=tracking_pose_accepted
x=2.1 y=2.05057 yaw=-0.0272099 score=0.956111 valid=1 mode=tracking state=TRACKING evaluated=831 execution_us=61873 reason=tracking_pose_accepted
x=2.1 y=2.05057 yaw=-0.0281441 score=0.953487 valid=1 mode=tracking state=TRACKING evaluated=831 execution_us=61901 reason=tracking_pose_accepted
x=2.1 y=2.05057 yaw=-0.0290782 score=0.956192 valid=1 mode=tracking state=TRACKING evaluated=831 execution_us=58608 reason=tracking_pose_accepted
x=2.1 y=2.05057 yaw=-0.0300124 score=0.957095 valid=1 mode=tracking state=TRACKING evaluated=831 execution_us=59718 reason=tracking_pose_accepted
x=2.1 y=2.05057 yaw=-0.0309465 score=0.958513 valid=1 mode=tracking state=TRACKING evaluated=831 execution_us=59195 reason=tracking_pose_accepted
x=2.1 y=2.05057 yaw=-0.0318807 score=0.958365 valid=1 mode=tracking state=TRACKING evaluated=831 execution_us=63275 reason=tracking_pose_accepted
x=2.1 y=2.05057 yaw=-0.0328148 score=0.955767 valid=1 mode=tracking state=TRACKING evaluated=831 execution_us=55255 reason=tracking_pose_accepted
x=2.1 y=2.05057 yaw=-0.033749 score=0.958276 valid=1 mode=tracking state=TRACKING evaluated=831 execution_us=55711 reason=tracking_pose_accepted
x=2.1 y=2.05057 yaw=-0.0346831 score=0.952829 valid=1 mode=tracking state=TRACKING evaluated=831 execution_us=56055 reason=tracking_pose_accepted
x=2.1 y=2.05057 yaw=-0.0356173 score=0.951902 valid=1 mode=tracking state=TRACKING evaluated=831 execution_us=55287 reason=tracking_pose_accepted
x=2.1 y=2.05057 yaw=-0.0365514 score=0.955933 valid=1 mode=tracking state=TRACKING evaluated=831 execution_us=56532 reason=tracking_pose_accepted
x=2.1 y=2.05057 yaw=-0.0374856 score=0.952728 valid=1 mode=tracking state=TRACKING evaluated=831 execution_us=60700 reason=tracking_pose_accepted
x=2.1 y=2.05057 yaw=-0.0384198 score=0.95668 valid=1 mode=tracking state=TRACKING evaluated=831 execution_us=60437 reason=tracking_pose_accepted
x=2.1 y=2.05057 yaw=-0.0393539 score=0.957066 valid=1 mode=tracking state=TRACKING evaluated=831 execution_us=60427 reason=tracking_pose_accepted
x=2.1 y=2.05057 yaw=-0.0402881 score=0.953896 valid=1 mode=tracking state=TRACKING evaluated=831 execution_us=60363 reason=tracking_pose_accepted
x=2.1 y=2.05057 yaw=-0.0412222 score=0.956934 valid=1 mode=tracking state=TRACKING evaluated=831 execution_us=59573 reason=tracking_pose_accepted
x=2.1 y=2.05057 yaw=-0.0421564 score=0.955633 valid=1 mode=tracking state=TRACKING evaluated=831 execution_us=59553 reason=tracking_pose_accepted
x=2.1 y=2.05057 yaw=-0.0256373 score=0.951391 valid=1 mode=tracking state=TRACKING evaluated=831 execution_us=56994 reason=tracking_pose_accepted
x=2.1 y=2.05057 yaw=-0.0265714 score=0.952441 valid=1 mode=tracking state=TRACKING evaluated=831 execution_us=56436 reason=tracking_pose_accepted
x=2.1 y=2.05057 yaw=-0.0275056 score=0.95578 valid=1 mode=tracking state=TRACKING evaluated=831 execution_us=57303 reason=tracking_pose_accepted
x=2.1 y=2.05057 yaw=-0.0284398 score=0.952053 valid=1 mode=tracking state=TRACKING evaluated=831 execution_us=54783 reason=tracking_pose_accepted
x=2.1 y=2.05058 yaw=-0.0293739 score=0.956062 valid=1 mode=tracking state=TRACKING evaluated=831 execution_us=57278 reason=tracking_pose_accepted
x=2.1 y=2.05058 yaw=-0.0303081 score=0.958139 valid=1 mode=tracking state=TRACKING evaluated=831 execution_us=58616 reason=tracking_pose_accepted
x=2.1 y=2.05058 yaw=-0.0312422 score=0.956812 valid=1 mode=tracking state=TRACKING evaluated=831 execution_us=61600 reason=tracking_pose_accepted
x=2.1 y=2.05058 yaw=-0.0321764 score=0.952788 valid=1 mode=tracking state=TRACKING evaluated=831 execution_us=51769 reason=tracking_pose_accepted
x=2.1 y=2.05058 yaw=-0.0331105 score=0.952137 valid=1 mode=tracking state=TRACKING evaluated=831 execution_us=52383 reason=tracking_pose_accepted
x=2.1 y=2.05058 yaw=-0.0340447 score=0.955197 valid=1 mode=tracking state=TRACKING evaluated=831 execution_us=52321 reason=tracking_pose_accepted
x=2.1 y=2.05058 yaw=-0.0349788 score=0.954806 valid=1 mode=tracking state=TRACKING evaluated=831 execution_us=52508 reason=tracking_pose_accepted
x=2.1 y=2.05058 yaw=-0.035913 score=0.954693 valid=1 mode=tracking state=TRACKING evaluated=831 execution_us=52935 reason=tracking_pose_accepted
x=2.1 y=2.05058 yaw=-0.0368471 score=0.954134 valid=1 mode=tracking state=TRACKING evaluated=831 execution_us=59644 reason=tracking_pose_accepted
x=2.1 y=2.05058 yaw=-0.0377813 score=0.951208 valid=1 mode=tracking state=TRACKING evaluated=831 execution_us=60138 reason=tracking_pose_accepted
x=2.1 y=2.05058 yaw=-0.0212622 score=0.955956 valid=1 mode=tracking state=TRACKING evaluated=831 execution_us=57093 reason=tracking_pose_accepted
x=2.1 y=2.05058 yaw=-0.0396496 score=0.956791 valid=1 mode=tracking state=TRACKING evaluated=831 execution_us=59308 reason=tracking_pose_accepted
x=2.1 y=2.05058 yaw=-0.0405837 score=0.955681 valid=1 mode=tracking state=TRACKING evaluated=831 execution_us=60038 reason=tracking_pose_accepted
x=2.1 y=2.05058 yaw=-0.0240646 score=0.956458 valid=1 mode=tracking state=TRACKING evaluated=831 execution_us=66652 reason=tracking_pose_accepted
x=2.1 y=2.05058 yaw=-0.0249988 score=0.952931 valid=1 mode=tracking state=TRACKING evaluated=831 execution_us=52103 reason=tracking_pose_accepted
x=2.1 y=2.05058 yaw=-0.0259329 score=0.955112 valid=1 mode=tracking state=TRACKING evaluated=831 execution_us=53422 reason=tracking_pose_accepted
x=2.1 y=2.05058 yaw=-0.0268671 score=0.955461 valid=1 mode=tracking state=TRACKING evaluated=831 execution_us=52920 reason=tracking_pose_accepted
x=2.1 y=2.05058 yaw=-0.0278012 score=0.955964 valid=1 mode=tracking state=TRACKING evaluated=831 execution_us=53788 reason=tracking_pose_accepted
x=2.1 y=2.05058 yaw=-0.0287354 score=0.953689 valid=1 mode=tracking state=TRACKING evaluated=831 execution_us=53464 reason=tracking_pose_accepted
x=2.1 y=2.05058 yaw=-0.0296696 score=0.955045 valid=1 mode=tracking state=TRACKING evaluated=831 execution_us=60662 reason=tracking_pose_accepted
x=2.1 y=2.05058 yaw=-0.0306037 score=0.959011 valid=1 mode=tracking state=TRACKING evaluated=831 execution_us=62340 reason=tracking_pose_accepted
x=2.1 y=2.05058 yaw=-0.0315379 score=0.95603 valid=1 mode=tracking state=TRACKING evaluated=831 execution_us=58749 reason=tracking_pose_accepted
x=2.1 y=2.05058 yaw=-0.032472 score=0.952911 valid=1 mode=tracking state=TRACKING evaluated=831 execution_us=59466 reason=tracking_pose_accepted
x=2.1 y=2.05058 yaw=-0.0334062 score=0.954928 valid=1 mode=tracking state=TRACKING evaluated=831 execution_us=59615 reason=tracking_pose_accepted
x=2.1 y=2.05058 yaw=-0.0343403 score=0.957896 valid=1 mode=tracking state=TRACKING evaluated=831 execution_us=59287 reason=tracking_pose_accepted
x=2.1 y=2.05058 yaw=-0.0178212 score=0.958269 valid=1 mode=tracking state=TRACKING evaluated=831 execution_us=55278 reason=tracking_pose_accepted
x=2.1 y=2.05058 yaw=-0.0362086 score=0.956494 valid=1 mode=tracking state=TRACKING evaluated=831 execution_us=55684 reason=tracking_pose_accepted
x=2.1 y=2.05058 yaw=-0.0371428 score=0.95345 valid=1 mode=tracking state=TRACKING evaluated=831 execution_us=56126 reason=tracking_pose_accepted
x=2.1 y=2.05058 yaw=-0.0380769 score=0.953822 valid=1 mode=tracking state=TRACKING evaluated=831 execution_us=56708 reason=tracking_pose_accepted
x=2.1 y=2.05058 yaw=-0.0215578 score=0.9586 valid=1 mode=tracking state=TRACKING evaluated=831 execution_us=56702 reason=tracking_pose_accepted
x=2.1 y=2.05058 yaw=-0.0399452 score=0.956263 valid=1 mode=tracking state=TRACKING evaluated=831 execution_us=57146 reason=tracking_pose_accepted
x=2.1 y=2.05058 yaw=-0.0408794 score=0.956246 valid=1 mode=tracking state=TRACKING evaluated=831 execution_us=61732 reason=tracking_pose_accepted
x=2.1 y=2.05058 yaw=-0.0418136 score=0.95728 valid=1 mode=tracking state=TRACKING evaluated=831 execution_us=62091 reason=tracking_pose_accepted
x=2.1 y=2.05058 yaw=-0.0252945 score=0.955345 valid=1 mode=tracking state=TRACKING evaluated=831 execution_us=60788 reason=tracking_pose_accepted
x=2.1 y=2.05058 yaw=-0.0262286 score=0.955229 valid=1 mode=tracking state=TRACKING evaluated=831 execution_us=60554 reason=tracking_pose_accepted
x=2.1 y=2.05058 yaw=-0.0271628 score=0.952483 valid=1 mode=tracking state=TRACKING evaluated=831 execution_us=60921 reason=tracking_pose_accepted
x=2.1 y=2.05058 yaw=-0.0280969 score=0.955576 valid=1 mode=tracking state=TRACKING evaluated=831 execution_us=61536 reason=tracking_pose_accepted
x=2.1 y=2.05058 yaw=-0.0290311 score=0.955501 valid=1 mode=tracking state=TRACKING evaluated=831 execution_us=57759 reason=tracking_pose_accepted
x=2.1 y=2.05058 yaw=-0.0299652 score=0.95508 valid=1 mode=tracking state=TRACKING evaluated=831 execution_us=57477 reason=tracking_pose_accepted
x=2.1 y=2.05058 yaw=-0.0308994 score=0.956189 valid=1 mode=tracking state=TRACKING evaluated=831 execution_us=58345 reason=tracking_pose_accepted
x=2.1 y=2.05058 yaw=-0.0318335 score=0.95521 valid=1 mode=tracking state=TRACKING evaluated=831 execution_us=58049 reason=tracking_pose_accepted
x=2.1 y=2.05058 yaw=-0.0327677 score=0.958798 valid=1 mode=tracking state=TRACKING evaluated=831 execution_us=58986 reason=tracking_pose_accepted
x=2.1 y=2.05059 yaw=-0.0337018 score=0.958308 valid=1 mode=tracking state=TRACKING evaluated=831 execution_us=63675 reason=tracking_pose_accepted
x=2.1 y=2.05059 yaw=-0.034636 score=0.955806 valid=1 mode=tracking state=TRACKING evaluated=831 execution_us=52901 reason=tracking_pose_accepted
x=2.1 y=2.05059 yaw=-0.0355701 score=0.95222 valid=1 mode=tracking state=TRACKING evaluated=831 execution_us=52628 reason=tracking_pose_accepted
x=2.1 y=2.05059 yaw=-0.0365043 score=0.953247 valid=1 mode=tracking state=TRACKING evaluated=831 execution_us=52981 reason=tracking_pose_accepted
x=2.1 y=2.05059 yaw=-0.0374385 score=0.956648 valid=1 mode=tracking state=TRACKING evaluated=831 execution_us=53244 reason=tracking_pose_accepted
x=2.1 y=2.05059 yaw=-0.0383726 score=0.957178 valid=1 mode=tracking state=TRACKING evaluated=831 execution_us=54249 reason=tracking_pose_accepted
x=2.1 y=2.05059 yaw=-0.0393068 score=0.954587 valid=1 mode=tracking state=TRACKING evaluated=831 execution_us=60474 reason=tracking_pose_accepted
x=2.1 y=2.05059 yaw=-0.0402409 score=0.955816 valid=1 mode=tracking state=TRACKING evaluated=831 execution_us=60281 reason=tracking_pose_accepted
x=2.1 y=2.05059 yaw=-0.0237218 score=0.955887 valid=1 mode=tracking state=TRACKING evaluated=831 execution_us=60571 reason=tracking_pose_accepted
x=2.1 y=2.05059 yaw=-0.0246559 score=0.956046 valid=1 mode=tracking state=TRACKING evaluated=831 execution_us=60581 reason=tracking_pose_accepted
x=2.1 y=2.05059 yaw=-0.0255901 score=0.954922 valid=1 mode=tracking state=TRACKING evaluated=831 execution_us=60346 reason=tracking_pose_accepted
x=2.1 y=2.05059 yaw=-0.0265242 score=0.956111 valid=1 mode=tracking state=TRACKING evaluated=831 execution_us=68708 reason=tracking_pose_accepted
x=2.1 y=2.05059 yaw=-0.0274584 score=0.952323 valid=1 mode=tracking state=TRACKING evaluated=831 execution_us=53412 reason=tracking_pose_accepted
x=2.1 y=2.05059 yaw=-0.0283926 score=0.955386 valid=1 mode=tracking state=TRACKING evaluated=831 execution_us=54642 reason=tracking_pose_accepted
x=2.1 y=2.05059 yaw=-0.0293267 score=0.953336 valid=1 mode=tracking state=TRACKING evaluated=831 execution_us=54397 reason=tracking_pose_accepted
x=2.1 y=2.05059 yaw=-0.0302609 score=0.951802 valid=1 mode=tracking state=TRACKING evaluated=831 execution_us=53726 reason=tracking_pose_accepted
x=2.1 y=2.05059 yaw=-0.031195 score=0.956224 valid=1 mode=tracking state=TRACKING evaluated=831 execution_us=55397 reason=tracking_pose_accepted
x=2.1 y=2.10059 yaw=-0.0321292 score=0.954082 valid=1 mode=tracking state=TRACKING evaluated=831 execution_us=58945 reason=tracking_pose_accepted
x=2.1 y=2.05059 yaw=-0.0330633 score=0.954912 valid=1 mode=tracking state=TRACKING evaluated=807 execution_us=57663 reason=tracking_pose_accepted
x=2.1 y=2.05059 yaw=-0.0339975 score=0.955197 valid=1 mode=tracking state=TRACKING evaluated=831 execution_us=59568 reason=tracking_pose_accepted
x=2.1 y=2.05059 yaw=-0.0349316 score=0.954469 valid=1 mode=tracking state=TRACKING evaluated=831 execution_us=60021 reason=tracking_pose_accepted
x=2.1 y=2.05059 yaw=-0.0358658 score=0.953549 valid=1 mode=tracking state=TRACKING evaluated=831 execution_us=60799 reason=tracking_pose_accepted
x=2.1 y=2.05059 yaw=-0.0367999 score=0.953103 valid=1 mode=tracking state=TRACKING evaluated=831 execution_us=60606 reason=tracking_pose_accepted
x=2.1 y=2.05059 yaw=-0.0377341 score=0.951907 valid=1 mode=tracking state=TRACKING evaluated=831 execution_us=56797 reason=tracking_pose_accepted
x=2.1 y=2.05059 yaw=-0.0386682 score=0.954674 valid=1 mode=tracking state=TRACKING evaluated=831 execution_us=58314 reason=tracking_pose_accepted
x=2.1 y=2.05059 yaw=-0.0396024 score=0.956679 valid=1 mode=tracking state=TRACKING evaluated=831 execution_us=56754 reason=tracking_pose_accepted
x=2.1 y=2.05059 yaw=-0.0230833 score=0.955705 valid=1 mode=tracking state=TRACKING evaluated=831 execution_us=57266 reason=tracking_pose_accepted
x=2.1 y=2.05059 yaw=-0.0414707 score=0.955803 valid=1 mode=tracking state=TRACKING evaluated=831 execution_us=57741 reason=tracking_pose_accepted
x=2.1 y=2.05059 yaw=-0.0249516 score=0.956074 valid=1 mode=tracking state=TRACKING evaluated=831 execution_us=57923 reason=tracking_pose_accepted
x=2.1 y=2.05059 yaw=-0.0258857 score=0.954364 valid=1 mode=tracking state=TRACKING evaluated=831 execution_us=62025 reason=tracking_pose_accepted
x=2.1 y=2.05059 yaw=-0.0268198 score=0.952505 valid=1 mode=tracking state=TRACKING evaluated=831 execution_us=61990 reason=tracking_pose_accepted
x=2.1 y=2.05059 yaw=-0.027754 score=0.955153 valid=1 mode=tracking state=TRACKING evaluated=831 execution_us=62143 reason=tracking_pose_accepted
x=2.1 y=2.05059 yaw=-0.0286882 score=0.953226 valid=1 mode=tracking state=TRACKING evaluated=831 execution_us=54086 reason=tracking_pose_accepted
x=2.1 y=2.05059 yaw=-0.0296223 score=0.953552 valid=1 mode=tracking state=TRACKING evaluated=831 execution_us=52313 reason=tracking_pose_accepted
x=2.1 y=2.05059 yaw=-0.0305565 score=0.955651 valid=1 mode=tracking state=TRACKING evaluated=831 execution_us=52722 reason=tracking_pose_accepted
x=2.1 y=2.05059 yaw=-0.0314906 score=0.952064 valid=1 mode=tracking state=TRACKING evaluated=831 execution_us=60331 reason=tracking_pose_accepted
x=2.1 y=2.05059 yaw=-0.0149715 score=0.956822 valid=1 mode=tracking state=TRACKING evaluated=831 execution_us=60471 reason=tracking_pose_accepted
x=2.1 y=2.05059 yaw=-0.0333589 score=0.958504 valid=1 mode=tracking state=TRACKING evaluated=831 execution_us=60480 reason=tracking_pose_accepted
x=2.1 y=2.05059 yaw=-0.0342931 score=0.955231 valid=1 mode=tracking state=TRACKING evaluated=831 execution_us=60713 reason=tracking_pose_accepted
x=2.1 y=2.05059 yaw=-0.0352272 score=0.957066 valid=1 mode=tracking state=TRACKING evaluated=831 execution_us=60639 reason=tracking_pose_accepted
x=2.1 y=2.05059 yaw=-0.0187081 score=0.958594 valid=1 mode=tracking state=TRACKING evaluated=831 execution_us=61182 reason=tracking_pose_accepted
x=2.1 y=2.05059 yaw=-0.0370955 score=0.956568 valid=1 mode=tracking state=TRACKING evaluated=831 execution_us=54326 reason=tracking_pose_accepted
x=2.1 y=2.05059 yaw=-0.0380297 score=0.956072 valid=1 mode=tracking state=TRACKING evaluated=831 execution_us=54330 reason=tracking_pose_accepted
x=2.1 y=2.0506 yaw=-0.0215106 score=0.952441 valid=1 mode=tracking state=TRACKING evaluated=831 execution_us=54716 reason=tracking_pose_accepted
x=2.1 y=2.0506 yaw=-0.039898 score=0.956455 valid=1 mode=tracking state=TRACKING evaluated=831 execution_us=54958 reason=tracking_pose_accepted
x=2.1 y=2.0506 yaw=-0.0408322 score=0.957199 valid=1 mode=tracking state=TRACKING evaluated=831 execution_us=55000 reason=tracking_pose_accepted
x=2.1 y=2.0506 yaw=-0.0417664 score=0.956548 valid=1 mode=tracking state=TRACKING evaluated=831 execution_us=59311 reason=tracking_pose_accepted
x=2.1 y=2.0506 yaw=-0.0427005 score=0.953043 valid=1 mode=tracking state=TRACKING evaluated=831 execution_us=58344 reason=tracking_pose_accepted
x=2.1 y=2.0506 yaw=-0.0436347 score=0.955989 valid=1 mode=tracking state=TRACKING evaluated=831 execution_us=58534 reason=tracking_pose_accepted
x=2.1 y=2.0506 yaw=-0.0271156 score=0.9554 valid=1 mode=tracking state=TRACKING evaluated=831 execution_us=59213 reason=tracking_pose_accepted
x=2.1 y=2.0506 yaw=-0.0280498 score=0.956455 valid=1 mode=tracking state=TRACKING evaluated=831 execution_us=59469 reason=tracking_pose_accepted
x=2.1 y=2.0506 yaw=-0.0289839 score=0.955112 valid=1 mode=tracking state=TRACKING evaluated=831 execution_us=59806 reason=tracking_pose_accepted
x=2.1 y=2.0506 yaw=-0.0299181 score=0.957026 valid=1 mode=tracking state=TRACKING evaluated=831 execution_us=55485 reason=tracking_pose_accepted
x=2.1 y=2.0506 yaw=-0.0308522 score=0.955197 valid=1 mode=tracking state=TRACKING evaluated=831 execution_us=56975 reason=tracking_pose_accepted
x=2.1 y=2.0506 yaw=-0.0143331 score=0.958472 valid=1 mode=tracking state=TRACKING evaluated=831 execution_us=56210 reason=tracking_pose_accepted
x=2.1 y=2.0506 yaw=-0.0327205 score=0.956305 valid=1 mode=tracking state=TRACKING evaluated=831 execution_us=56492 reason=tracking_pose_accepted
x=2.1 y=2.0506 yaw=-0.0336547 score=0.958092 valid=1 mode=tracking state=TRACKING evaluated=831 execution_us=56440 reason=tracking_pose_accepted
x=2.1 y=2.0506 yaw=-0.0345888 score=0.955378 valid=1 mode=tracking state=TRACKING evaluated=831 execution_us=56505 reason=tracking_pose_accepted
x=2.1 y=2.0506 yaw=-0.035523 score=0.954259 valid=1 mode=tracking state=TRACKING evaluated=831 execution_us=60226 reason=tracking_pose_accepted
x=2.1 y=2.0506 yaw=-0.0364572 score=0.956455 valid=1 mode=tracking state=TRACKING evaluated=831 execution_us=61459 reason=tracking_pose_accepted
x=2.1 y=2.0506 yaw=-0.0373913 score=0.95262 valid=1 mode=tracking state=TRACKING evaluated=831 execution_us=61965 reason=tracking_pose_accepted
x=2.1 y=2.0506 yaw=-0.0383255 score=0.956873 valid=1 mode=tracking state=TRACKING evaluated=831 execution_us=61163 reason=tracking_pose_accepted
x=2.1 y=2.0506 yaw=-0.0218063 score=0.958691 valid=1 mode=tracking state=TRACKING evaluated=831 execution_us=61286 reason=tracking_pose_accepted
x=2.1 y=2.0506 yaw=-0.0401938 score=0.95331 valid=1 mode=tracking state=TRACKING evaluated=831 execution_us=66666 reason=tracking_pose_accepted
x=2.1 y=2.0506 yaw=-0.0411279 score=0.955265 valid=1 mode=tracking state=TRACKING evaluated=831 execution_us=58047 reason=tracking_pose_accepted
x=2.1 y=2.0506 yaw=-0.0420621 score=0.952718 valid=1 mode=tracking state=TRACKING evaluated=831 execution_us=58997 reason=tracking_pose_accepted
x=2.1 y=2.0506 yaw=-0.0429963 score=0.95514 valid=1 mode=tracking state=TRACKING evaluated=831 execution_us=58281 reason=tracking_pose_accepted
x=2.1 y=2.0506 yaw=-0.0264772 score=0.95559 valid=1 mode=tracking state=TRACKING evaluated=831 execution_us=59015 reason=tracking_pose_accepted
x=2.1 y=2.0506 yaw=-0.0274113 score=0.954958 valid=1 mode=tracking state=TRACKING evaluated=831 execution_us=58529 reason=tracking_pose_accepted
x=2.1 y=2.0506 yaw=-0.0283455 score=0.956407 valid=1 mode=tracking state=TRACKING evaluated=831 execution_us=61611 reason=tracking_pose_accepted
x=2.1 y=2.0506 yaw=-0.0292796 score=0.956148 valid=1 mode=tracking state=TRACKING evaluated=831 execution_us=62443 reason=tracking_pose_accepted
x=2.1 y=2.0506 yaw=-0.0302138 score=0.955508 valid=1 mode=tracking state=TRACKING evaluated=831 execution_us=61893 reason=tracking_pose_accepted
x=2.1 y=2.0506 yaw=-0.031148 score=0.955461 valid=1 mode=tracking state=TRACKING evaluated=831 execution_us=61881 reason=tracking_pose_accepted
x=2.1 y=2.0506 yaw=-0.0320821 score=0.956812 valid=1 mode=tracking state=TRACKING evaluated=831 execution_us=51503 reason=tracking_pose_accepted
x=2.1 y=2.0506 yaw=-0.0330163 score=0.956792 valid=1 mode=tracking state=TRACKING evaluated=831 execution_us=52251 reason=tracking_pose_accepted
x=2.1 y=2.0506 yaw=-0.0339504 score=0.958915 valid=1 mode=tracking state=TRACKING evaluated=831 execution_us=58956 reason=tracking_pose_accepted
x=2.1 y=2.0506 yaw=-0.0348846 score=0.95431 valid=1 mode=tracking state=TRACKING evaluated=831 execution_us=58963 reason=tracking_pose_accepted
x=2.1 y=2.0506 yaw=-0.0358187 score=0.956568 valid=1 mode=tracking state=TRACKING evaluated=831 execution_us=58986 reason=tracking_pose_accepted
x=2.1 y=2.0506 yaw=-0.0192996 score=0.953783 valid=1 mode=tracking state=TRACKING evaluated=831 execution_us=59478 reason=tracking_pose_accepted
x=2.1 y=2.0506 yaw=-0.037687 score=0.95864 valid=1 mode=tracking state=TRACKING evaluated=831 execution_us=59464 reason=tracking_pose_accepted
x=2.1 y=2.0506 yaw=-0.0386212 score=0.957046 valid=1 mode=tracking state=TRACKING evaluated=831 execution_us=141789 reason=tracking_pose_accepted
x=2.1 y=2.0506 yaw=-0.0395553 score=0.955579 valid=1 mode=tracking state=TRACKING evaluated=831 execution_us=136959 reason=tracking_pose_accepted
x=2.1 y=2.0506 yaw=-0.0404895 score=0.955862 valid=1 mode=tracking state=TRACKING evaluated=831 execution_us=98702 reason=tracking_pose_accepted
x=2.1 y=2.0506 yaw=-0.0239703 score=0.955089 valid=1 mode=tracking state=TRACKING evaluated=831 execution_us=88735 reason=tracking_pose_accepted
x=2.1 y=2.0506 yaw=-0.0423578 score=0.95561 valid=1 mode=tracking state=TRACKING evaluated=831 execution_us=78892 reason=tracking_pose_accepted
x=2.1 y=2.05061 yaw=-0.0432919 score=0.956109 valid=1 mode=tracking state=TRACKING evaluated=831 execution_us=57213 reason=tracking_pose_accepted
x=2.1 y=2.05061 yaw=-0.0267728 score=0.956083 valid=1 mode=tracking state=TRACKING evaluated=831 execution_us=95742 reason=tracking_pose_accepted
x=2.1 y=2.05061 yaw=-0.027707 score=0.954044 valid=1 mode=tracking state=TRACKING evaluated=831 execution_us=49614 reason=tracking_pose_accepted
x=2.1 y=2.05061 yaw=-0.0286411 score=0.963761 valid=1 mode=tracking state=TRACKING evaluated=831 execution_us=58736 reason=tracking_pose_accepted
x=2.1 y=2.05061 yaw=-0.0295753 score=0.961356 valid=1 mode=tracking state=TRACKING evaluated=831 execution_us=65558 reason=tracking_pose_accepted
x=2.1 y=2.05061 yaw=-0.0305094 score=0.955386 valid=1 mode=tracking state=TRACKING evaluated=831 execution_us=57950 reason=tracking_pose_accepted
x=2.1 y=2.05061 yaw=-0.0314436 score=0.955761 valid=1 mode=tracking state=TRACKING evaluated=831 execution_us=56809 reason=tracking_pose_accepted
x=2.1 y=2.05061 yaw=-0.0323777 score=0.958758 valid=1 mode=tracking state=TRACKING evaluated=831 execution_us=57485 reason=tracking_pose_accepted
x=2.1 y=2.05061 yaw=-0.0158586 score=0.957457 valid=1 mode=tracking state=TRACKING evaluated=831 execution_us=90096 reason=tracking_pose_accepted
x=2.1 y=2.05061 yaw=-0.0342461 score=0.957706 valid=1 mode=tracking state=TRACKING evaluated=831 execution_us=99731 reason=tracking_pose_accepted
x=2.1 y=2.05061 yaw=-0.0177269 score=0.957759 valid=1 mode=tracking state=TRACKING evaluated=831 execution_us=49959 reason=tracking_pose_accepted
x=2.1 y=2.05061 yaw=-0.0361144 score=0.956873 valid=1 mode=tracking state=TRACKING evaluated=831 execution_us=60327 reason=tracking_pose_accepted
x=2.1 y=2.05061 yaw=-0.0370485 score=0.958788 valid=1 mode=tracking state=TRACKING evaluated=831 execution_us=60592 reason=tracking_pose_accepted
x=2.1 y=2.05061 yaw=-0.0205294 score=0.953481 valid=1 mode=tracking state=TRACKING evaluated=831 execution_us=60115 reason=tracking_pose_accepted
x=2.1 y=2.05061 yaw=-0.0389168 score=0.95524 valid=1 mode=tracking state=TRACKING evaluated=831 execution_us=57154 reason=tracking_pose_accepted
x=2.1 y=2.05061 yaw=-0.039851 score=0.955905 valid=1 mode=tracking state=TRACKING evaluated=831 execution_us=59129 reason=tracking_pose_accepted
x=2.1 y=2.05061 yaw=-0.0407851 score=0.956792 valid=1 mode=tracking state=TRACKING evaluated=831 execution_us=57596 reason=tracking_pose_accepted
x=2.1 y=2.05061 yaw=-0.024266 score=0.955358 valid=1 mode=tracking state=TRACKING evaluated=831 execution_us=57155 reason=tracking_pose_accepted
x=2.1 y=2.05061 yaw=-0.0426535 score=0.956289 valid=1 mode=tracking state=TRACKING evaluated=831 execution_us=58443 reason=tracking_pose_accepted
x=2.1 y=2.05061 yaw=-0.0261343 score=0.953105 valid=1 mode=tracking state=TRACKING evaluated=831 execution_us=58230 reason=tracking_pose_accepted
x=2.1 y=2.05061 yaw=-0.0270685 score=0.954245 valid=1 mode=tracking state=TRACKING evaluated=831 execution_us=62103 reason=tracking_pose_accepted
x=2.1 y=2.05061 yaw=-0.0280026 score=0.954282 valid=1 mode=tracking state=TRACKING evaluated=831 execution_us=52064 reason=tracking_pose_accepted
x=2.1 y=2.05061 yaw=-0.0289368 score=0.951449 valid=1 mode=tracking state=TRACKING evaluated=831 execution_us=51774 reason=tracking_pose_accepted
x=2.1 y=2.05061 yaw=-0.029871 score=0.954469 valid=1 mode=tracking state=TRACKING evaluated=831 execution_us=52289 reason=tracking_pose_accepted
x=2.1 y=2.05061 yaw=-0.0308051 score=0.955211 valid=1 mode=tracking state=TRACKING evaluated=831 execution_us=52886 reason=tracking_pose_accepted
x=2.1 y=2.05061 yaw=-0.0317393 score=0.957889 valid=1 mode=tracking state=TRACKING evaluated=831 execution_us=52530 reason=tracking_pose_accepted
x=2.1 y=2.05061 yaw=-0.0326734 score=0.959972 valid=1 mode=tracking state=TRACKING evaluated=831 execution_us=59933 reason=tracking_pose_accepted
x=2.1 y=2.05061 yaw=-0.0336076 score=0.955841 valid=1 mode=tracking state=TRACKING evaluated=831 execution_us=58944 reason=tracking_pose_accepted
x=2.1 y=2.05061 yaw=-0.0345417 score=0.954319 valid=1 mode=tracking state=TRACKING evaluated=831 execution_us=60268 reason=tracking_pose_accepted
x=2.1 y=2.05061 yaw=-0.0354759 score=0.954364 valid=1 mode=tracking state=TRACKING evaluated=831 execution_us=59690 reason=tracking_pose_accepted
x=2.1 y=2.05061 yaw=-0.03641 score=0.952821 valid=1 mode=tracking state=TRACKING evaluated=831 execution_us=60019 reason=tracking_pose_accepted
x=2.1 y=2.05061 yaw=-0.0373442 score=0.954363 valid=1 mode=tracking state=TRACKING evaluated=831 execution_us=60840 reason=tracking_pose_accepted
x=2.1 y=2.05061 yaw=-0.0382783 score=0.953942 valid=1 mode=tracking state=TRACKING evaluated=831 execution_us=53227 reason=tracking_pose_accepted
x=2.1 y=2.05061 yaw=-0.0392125 score=0.954729 valid=1 mode=tracking state=TRACKING evaluated=831 execution_us=52687 reason=tracking_pose_accepted
x=2.1 y=2.05061 yaw=-0.0226934 score=0.959621 valid=1 mode=tracking state=TRACKING evaluated=831 execution_us=52652 reason=tracking_pose_accepted
x=2.1 y=2.05061 yaw=-0.0410808 score=0.956822 valid=1 mode=tracking state=TRACKING evaluated=831 execution_us=53669 reason=tracking_pose_accepted
x=2.1 y=2.05061 yaw=-0.0245617 score=0.954604 valid=1 mode=tracking state=TRACKING evaluated=831 execution_us=52862 reason=tracking_pose_accepted
x=2.1 y=2.05061 yaw=-0.0254958 score=0.954073 valid=1 mode=tracking state=TRACKING evaluated=831 execution_us=53386 reason=tracking_pose_accepted
x=2.1 y=2.05061 yaw=-0.02643 score=0.953977 valid=1 mode=tracking state=TRACKING evaluated=831 execution_us=74961 reason=tracking_pose_accepted
x=2.1 y=2.05061 yaw=-0.0273641 score=0.955272 valid=1 mode=tracking state=TRACKING evaluated=831 execution_us=59324 reason=tracking_pose_accepted
x=2.1 y=2.05061 yaw=-0.0282983 score=0.955153 valid=1 mode=tracking state=TRACKING evaluated=831 execution_us=58271 reason=tracking_pose_accepted
x=2.1 y=2.05061 yaw=-0.0466857 score=0.953166 valid=1 mode=tracking state=TRACKING evaluated=831 execution_us=58212 reason=tracking_pose_accepted
x=2.1 y=2.05062 yaw=-0.0301666 score=0.95559 valid=1 mode=tracking state=TRACKING evaluated=831 execution_us=56442 reason=tracking_pose_accepted
x=2.1 y=2.05062 yaw=-0.0311007 score=0.957663 valid=1 mode=tracking state=TRACKING evaluated=831 execution_us=55873 reason=tracking_pose_accepted
x=2.1 y=2.05062 yaw=-0.0320349 score=0.957345 valid=1 mode=tracking state=TRACKING evaluated=831 execution_us=56432 reason=tracking_pose_accepted
x=2.1 y=2.05062 yaw=-0.0329691 score=0.955147 valid=1 mode=tracking state=TRACKING evaluated=831 execution_us=57144 reason=tracking_pose_accepted
x=2.1 y=2.05062 yaw=-0.0164499 score=0.955162 valid=1 mode=tracking state=TRACKING evaluated=831 execution_us=57099 reason=tracking_pose_accepted
x=2.1 y=2.05062 yaw=-0.0173841 score=0.957637 valid=1 mode=tracking state=TRACKING evaluated=831 execution_us=57549 reason=tracking_pose_accepted
x=2.1 y=2.05062 yaw=-0.0357715 score=0.957288 valid=1 mode=tracking state=TRACKING evaluated=831 execution_us=60566 reason=tracking_pose_accepted
x=2.1 y=2.05062 yaw=-0.0367057 score=0.95672 valid=1 mode=tracking state=TRACKING evaluated=831 execution_us=60637 reason=tracking_pose_accepted
x=2.1 y=2.05062 yaw=-0.0376398 score=0.961624 valid=1 mode=tracking state=TRACKING evaluated=831 execution_us=60999 reason=tracking_pose_accepted
x=2.1 y=2.05062 yaw=-0.0211207 score=0.952235 valid=1 mode=tracking state=TRACKING evaluated=831 execution_us=61688 reason=tracking_pose_accepted
x=2.1 y=2.05062 yaw=-0.0220548 score=0.956504 valid=1 mode=tracking state=TRACKING evaluated=831 execution_us=61112 reason=tracking_pose_accepted
x=2.1 y=2.05062 yaw=-0.0404423 score=0.958305 valid=1 mode=tracking state=TRACKING evaluated=831 execution_us=62013 reason=tracking_pose_accepted
x=2.1 y=2.05062 yaw=-0.0239231 score=0.953226 valid=1 mode=tracking state=TRACKING evaluated=831 execution_us=59038 reason=tracking_pose_accepted
x=2.1 y=2.05062 yaw=-0.0423106 score=0.956109 valid=1 mode=tracking state=TRACKING evaluated=831 execution_us=58368 reason=tracking_pose_accepted
x=2.1 y=2.05062 yaw=-0.0432447 score=0.950388 valid=1 mode=tracking state=TRACKING evaluated=831 execution_us=58532 reason=tracking_pose_accepted
x=2.1 y=2.05062 yaw=-0.0267256 score=0.958281 valid=1 mode=tracking state=TRACKING evaluated=831 execution_us=58574 reason=tracking_pose_accepted
x=2.1 y=2.05062 yaw=-0.0276598 score=0.956337 valid=1 mode=tracking state=TRACKING evaluated=831 execution_us=59776 reason=tracking_pose_accepted
x=2.1 y=2.05062 yaw=-0.0285939 score=0.953726 valid=1 mode=tracking state=TRACKING evaluated=831 execution_us=59083 reason=tracking_pose_accepted
x=2.1 y=2.05062 yaw=-0.0295281 score=0.953356 valid=1 mode=tracking state=TRACKING evaluated=831 execution_us=51815 reason=tracking_pose_accepted
x=2.1 y=2.05062 yaw=-0.0304622 score=0.95481 valid=1 mode=tracking state=TRACKING evaluated=831 execution_us=62526 reason=tracking_pose_accepted
x=2.1 y=2.05062 yaw=-0.0313964 score=0.954892 valid=1 mode=tracking state=TRACKING evaluated=831 execution_us=52433 reason=tracking_pose_accepted
x=2.1 y=2.05062 yaw=-0.0323305 score=0.955535 valid=1 mode=tracking state=TRACKING evaluated=831 execution_us=53088 reason=tracking_pose_accepted
x=2.1 y=2.05062 yaw=-0.0332647 score=0.95222 valid=1 mode=tracking state=TRACKING evaluated=831 execution_us=52687 reason=tracking_pose_accepted
x=2.1 y=2.05062 yaw=-0.0341989 score=0.956187 valid=1 mode=tracking state=TRACKING evaluated=831 execution_us=52848 reason=tracking_pose_accepted
x=2.1 y=2.05062 yaw=-0.035133 score=0.959018 valid=1 mode=tracking state=TRACKING evaluated=831 execution_us=61157 reason=tracking_pose_accepted
x=2.1 y=2.05062 yaw=-0.0360672 score=0.953697 valid=1 mode=tracking state=TRACKING evaluated=831 execution_us=57897 reason=tracking_pose_accepted
x=2.1 y=2.05062 yaw=-0.0370013 score=0.95945 valid=1 mode=tracking state=TRACKING evaluated=831 execution_us=57836 reason=tracking_pose_accepted
x=2.1 y=2.05062 yaw=-0.0379355 score=0.956873 valid=1 mode=tracking state=TRACKING evaluated=831 execution_us=59439 reason=tracking_pose_accepted
x=2.1 y=2.05062 yaw=-0.0388696 score=0.956568 valid=1 mode=tracking state=TRACKING evaluated=831 execution_us=58802 reason=tracking_pose_accepted
x=2.1 y=2.05062 yaw=-0.0223505 score=0.957795 valid=1 mode=tracking state=TRACKING evaluated=831 execution_us=55536 reason=tracking_pose_accepted
x=2.1 y=2.05062 yaw=-0.0407379 score=0.956297 valid=1 mode=tracking state=TRACKING evaluated=831 execution_us=57729 reason=tracking_pose_accepted
x=2.1 y=2.05062 yaw=-0.0242188 score=0.955887 valid=1 mode=tracking state=TRACKING evaluated=831 execution_us=55965 reason=tracking_pose_accepted
x=2.1 y=2.05062 yaw=-0.0251529 score=0.954922 valid=1 mode=tracking state=TRACKING evaluated=831 execution_us=56121 reason=tracking_pose_accepted
x=2.1 y=2.05062 yaw=-0.0435404 score=0.956801 valid=1 mode=tracking state=TRACKING evaluated=831 execution_us=56295 reason=tracking_pose_accepted
x=2.1 y=2.05062 yaw=-0.0270212 score=0.955467 valid=1 mode=tracking state=TRACKING evaluated=831 execution_us=56749 reason=tracking_pose_accepted
x=2.1 y=2.05062 yaw=-0.0279554 score=0.956373 valid=1 mode=tracking state=TRACKING evaluated=831 execution_us=60862 reason=tracking_pose_accepted
x=2.1 y=2.05062 yaw=-0.0288895 score=0.953356 valid=1 mode=tracking state=TRACKING evaluated=831 execution_us=61152 reason=tracking_pose_accepted
x=2.1 y=2.05062 yaw=-0.0298237 score=0.956427 valid=1 mode=tracking state=TRACKING evaluated=831 execution_us=61027 reason=tracking_pose_accepted
x=2.1 y=2.05062 yaw=-0.0307578 score=0.956111 valid=1 mode=tracking state=TRACKING evaluated=831 execution_us=61780 reason=tracking_pose_accepted
x=2.1 y=2.05062 yaw=-0.031692 score=0.958269 valid=1 mode=tracking state=TRACKING evaluated=831 execution_us=60521 reason=tracking_pose_accepted
x=2.1 y=2.05062 yaw=-0.0326261 score=0.95641 valid=1 mode=tracking state=TRACKING evaluated=831 execution_us=61624 reason=tracking_pose_accepted
x=2.1 y=2.05062 yaw=-0.0335603 score=0.955725 valid=1 mode=tracking state=TRACKING evaluated=831 execution_us=57910 reason=tracking_pose_accepted
x=2.1 y=2.05063 yaw=-0.0344944 score=0.959766 valid=1 mode=tracking state=TRACKING evaluated=831 execution_us=57270 reason=tracking_pose_accepted
x=2.1 y=2.05063 yaw=-0.0179753 score=0.958378 valid=1 mode=tracking state=TRACKING evaluated=831 execution_us=58058 reason=tracking_pose_accepted
x=2.1 y=2.05063 yaw=-0.0189094 score=0.957983 valid=1 mode=tracking state=TRACKING evaluated=831 execution_us=57535 reason=tracking_pose_accepted
x=2.1 y=2.05063 yaw=-0.0198436 score=0.952044 valid=1 mode=tracking state=TRACKING evaluated=831 execution_us=58301 reason=tracking_pose_accepted
x=2.1 y=2.05063 yaw=-0.0207778 score=0.953296 valid=1 mode=tracking state=TRACKING evaluated=831 execution_us=58683 reason=tracking_pose_accepted
x=2.1 y=2.05063 yaw=-0.0391652 score=0.955654 valid=1 mode=tracking state=TRACKING evaluated=831 execution_us=60948 reason=tracking_pose_accepted
x=2.1 y=2.05063 yaw=-0.0400994 score=0.951399 valid=1 mode=tracking state=TRACKING evaluated=831 execution_us=61495 reason=tracking_pose_accepted
x=2.1 y=2.05063 yaw=-0.0235802 score=0.958026 valid=1 mode=tracking state=TRACKING evaluated=831 execution_us=61632 reason=tracking_pose_accepted
x=2.1 y=2.05063 yaw=-0.0245144 score=0.955351 valid=1 mode=tracking state=TRACKING evaluated=831 execution_us=62047 reason=tracking_pose_accepted
x=2.1 y=2.05063 yaw=-0.0429018 score=0.956289 valid=1 mode=tracking state=TRACKING evaluated=831 execution_us=63788 reason=tracking_pose_accepted
x=2.1 y=2.05063 yaw=-0.043836 score=0.95547 valid=1 mode=tracking state=TRACKING evaluated=831 execution_us=52160 reason=tracking_pose_accepted
x=2.1 y=2.05063 yaw=-0.0447701 score=0.955678 valid=1 mode=tracking state=TRACKING evaluated=831 execution_us=59522 reason=tracking_pose_accepted
x=2.1 y=2.05063 yaw=-0.028251 score=0.9554 valid=1 mode=tracking state=TRACKING evaluated=831 execution_us=60654 reason=tracking_pose_accepted
x=2.1 y=2.05063 yaw=-0.0291852 score=0.957035 valid=1 mode=tracking state=TRACKING evaluated=831 execution_us=60518 reason=tracking_pose_accepted
x=2.1 y=2.05063 yaw=-0.0301193 score=0.956009 valid=1 mode=tracking state=TRACKING evaluated=831 execution_us=60842 reason=tracking_pose_accepted
x=2.1 y=2.05063 yaw=-0.0136002 score=0.955055 valid=1 mode=tracking state=TRACKING evaluated=831 execution_us=60907 reason=tracking_pose_accepted
x=2.1 y=2.05063 yaw=-0.0319876 score=0.95513 valid=1 mode=tracking state=TRACKING evaluated=831 execution_us=58803 reason=tracking_pose_accepted
x=2.1 y=2.05063 yaw=-0.0329218 score=0.954231 valid=1 mode=tracking state=TRACKING evaluated=831 execution_us=54930 reason=tracking_pose_accepted
x=2.1 y=2.05063 yaw=-0.0338559 score=0.958594 valid=1 mode=tracking state=TRACKING evaluated=831 execution_us=55749 reason=tracking_pose_accepted
x=2.1 y=2.05063 yaw=-0.0173368 score=0.958272 valid=1 mode=tracking state=TRACKING evaluated=831 execution_us=55888 reason=tracking_pose_accepted
x=2.1 y=2.05063 yaw=-0.0357243 score=0.955231 valid=1 mode=tracking state=TRACKING evaluated=831 execution_us=57208 reason=tracking_pose_accepted
x=2.1 y=2.05063 yaw=-0.0366584 score=0.957486 valid=1 mode=tracking state=TRACKING evaluated=831 execution_us=56290 reason=tracking_pose_accepted
x=2.1 y=2.05063 yaw=-0.0375926 score=0.959134 valid=1 mode=tracking state=TRACKING evaluated=831 execution_us=59931 reason=tracking_pose_accepted
x=2.1 y=2.05063 yaw=-0.0385267 score=0.956975 valid=1 mode=tracking state=TRACKING evaluated=831 execution_us=60636 reason=tracking_pose_accepted
x=2.1 y=2.05063 yaw=-0.0220076 score=0.955501 valid=1 mode=tracking state=TRACKING evaluated=831 execution_us=60649 reason=tracking_pose_accepted
x=2.1 y=2.05063 yaw=-0.0229417 score=0.9544 valid=1 mode=tracking state=TRACKING evaluated=831 execution_us=61839 reason=tracking_pose_accepted
x=2.1 y=2.05063 yaw=-0.0238759 score=0.953539 valid=1 mode=tracking state=TRACKING evaluated=831 execution_us=60837 reason=tracking_pose_accepted
x=2.1 y=2.05063 yaw=-0.02481 score=0.957324 valid=1 mode=tracking state=TRACKING evaluated=831 execution_us=61073 reason=tracking_pose_accepted
x=2.1 y=2.05063 yaw=-0.0257442 score=0.956184 valid=1 mode=tracking state=TRACKING evaluated=831 execution_us=57150 reason=tracking_pose_accepted
x=2.1 y=2.05063 yaw=-0.0266783 score=0.955211 valid=1 mode=tracking state=TRACKING evaluated=831 execution_us=56418 reason=tracking_pose_accepted
x=2.1 y=2.05063 yaw=-0.0276125 score=0.956078 valid=1 mode=tracking state=TRACKING evaluated=831 execution_us=57309 reason=tracking_pose_accepted
x=2.1 y=2.05063 yaw=-0.0285467 score=0.952602 valid=1 mode=tracking state=TRACKING evaluated=831 execution_us=56605 reason=tracking_pose_accepted
x=2.1 y=2.05063 yaw=-0.0294808 score=0.95561 valid=1 mode=tracking state=TRACKING evaluated=831 execution_us=56681 reason=tracking_pose_accepted
x=2.1 y=2.05063 yaw=-0.030415 score=0.957398 valid=1 mode=tracking state=TRACKING evaluated=831 execution_us=57486 reason=tracking_pose_accepted
x=2.1 y=2.05063 yaw=-0.0313491 score=0.956314 valid=1 mode=tracking state=TRACKING evaluated=831 execution_us=60919 reason=tracking_pose_accepted
x=2.1 y=2.05063 yaw=-0.0322833 score=0.954518 valid=1 mode=tracking state=TRACKING evaluated=831 execution_us=61276 reason=tracking_pose_accepted
x=2.1 y=2.10063 yaw=-0.0332174 score=0.954316 valid=1 mode=tracking state=TRACKING evaluated=831 execution_us=61191 reason=tracking_pose_accepted
x=2.1 y=2.05063 yaw=-0.0341516 score=0.955972 valid=1 mode=tracking state=TRACKING evaluated=807 execution_us=60441 reason=tracking_pose_accepted
x=2.1 y=2.05063 yaw=-0.0350857 score=0.960115 valid=1 mode=tracking state=TRACKING evaluated=831 execution_us=61199 reason=tracking_pose_accepted
x=2.1 y=2.05063 yaw=-0.0360199 score=0.955308 valid=1 mode=tracking state=TRACKING evaluated=831 execution_us=62578 reason=tracking_pose_accepted
x=2.1 y=2.05063 yaw=-0.036954 score=0.956455 valid=1 mode=tracking state=TRACKING evaluated=831 execution_us=59160 reason=tracking_pose_accepted
x=2.1 y=2.05063 yaw=-0.0204349 score=0.954389 valid=1 mode=tracking state=TRACKING evaluated=831 execution_us=58603 reason=tracking_pose_accepted
x=2.1 y=2.05063 yaw=-0.0388224 score=0.951272 valid=1 mode=tracking state=TRACKING evaluated=831 execution_us=59419 reason=tracking_pose_accepted
x=2.1 y=2.05064 yaw=-0.0397565 score=0.955349 valid=1 mode=tracking state=TRACKING evaluated=831 execution_us=59795 reason=tracking_pose_accepted
x=2.1 y=2.05064 yaw=-0.0406907 score=0.952516 valid=1 mode=tracking state=TRACKING evaluated=831 execution_us=60529 reason=tracking_pose_accepted
x=2.1 y=2.05064 yaw=-0.0416249 score=0.954587 valid=1 mode=tracking state=TRACKING evaluated=831 execution_us=60955 reason=tracking_pose_accepted
x=2.1 y=2.05064 yaw=-0.0251058 score=0.954723 valid=1 mode=tracking state=TRACKING evaluated=831 execution_us=53866 reason=tracking_pose_accepted
x=2.1 y=2.05064 yaw=-0.0260399 score=0.954245 valid=1 mode=tracking state=TRACKING evaluated=831 execution_us=54399 reason=tracking_pose_accepted
x=2.1 y=2.05064 yaw=-0.026974 score=0.955576 valid=1 mode=tracking state=TRACKING evaluated=831 execution_us=53871 reason=tracking_pose_accepted
x=2.1 y=2.05064 yaw=-0.0279082 score=0.955741 valid=1 mode=tracking state=TRACKING evaluated=831 execution_us=53376 reason=tracking_pose_accepted
x=2.1 y=2.05064 yaw=-0.0288424 score=0.95508 valid=1 mode=tracking state=TRACKING evaluated=831 execution_us=54749 reason=tracking_pose_accepted
x=2.1 y=2.05064 yaw=-0.0297765 score=0.952063 valid=1 mode=tracking state=TRACKING evaluated=831 execution_us=59687 reason=tracking_pose_accepted
x=2.1 y=2.05064 yaw=-0.0307107 score=0.955065 valid=1 mode=tracking state=TRACKING evaluated=831 execution_us=57972 reason=tracking_pose_accepted
x=2.1 y=2.05064 yaw=-0.0316448 score=0.956192 valid=1 mode=tracking state=TRACKING evaluated=831 execution_us=59192 reason=tracking_pose_accepted
x=2.1 y=2.05064 yaw=-0.032579 score=0.958397 valid=1 mode=tracking state=TRACKING evaluated=831 execution_us=59047 reason=tracking_pose_accepted
x=2.1 y=2.05064 yaw=-0.0335131 score=0.9529 valid=1 mode=tracking state=TRACKING evaluated=831 execution_us=59471 reason=tracking_pose_accepted
x=2.1 y=2.05064 yaw=-0.0344473 score=0.95341 valid=1 mode=tracking state=TRACKING evaluated=831 execution_us=59787 reason=tracking_pose_accepted
x=2.1 y=2.05064 yaw=-0.0353814 score=0.953336 valid=1 mode=tracking state=TRACKING evaluated=831 execution_us=56316 reason=tracking_pose_accepted
x=2.1 y=2.05064 yaw=-0.0363156 score=0.952455 valid=1 mode=tracking state=TRACKING evaluated=831 execution_us=57157 reason=tracking_pose_accepted
x=2.1 y=2.05064 yaw=-0.0372497 score=0.957702 valid=1 mode=tracking state=TRACKING evaluated=831 execution_us=56753 reason=tracking_pose_accepted
x=2.1 y=2.05064 yaw=-0.0381839 score=0.957178 valid=1 mode=tracking state=TRACKING evaluated=831 execution_us=56323 reason=tracking_pose_accepted
x=2.1 y=2.05064 yaw=-0.0216648 score=0.959914 valid=1 mode=tracking state=TRACKING evaluated=831 execution_us=57080 reason=tracking_pose_accepted
x=2.1 y=2.05064 yaw=-0.0400522 score=0.956376 valid=1 mode=tracking state=TRACKING evaluated=831 execution_us=101209 reason=tracking_pose_accepted
x=2.1 y=2.05064 yaw=-0.0235331 score=0.955358 valid=1 mode=tracking state=TRACKING evaluated=831 execution_us=110983 reason=tracking_pose_accepted
x=2.1 y=2.05064 yaw=-0.0244672 score=0.956036 valid=1 mode=tracking state=TRACKING evaluated=831 execution_us=83756 reason=tracking_pose_accepted
x=2.1 y=2.05064 yaw=-0.0428547 score=0.951763 valid=1 mode=tracking state=TRACKING evaluated=831 execution_us=81716 reason=tracking_pose_accepted
x=2.1 y=2.05064 yaw=-0.0263355 score=0.955211 valid=1 mode=tracking state=TRACKING evaluated=831 execution_us=57322 reason=tracking_pose_accepted
x=2.1 y=2.05064 yaw=-0.0272697 score=0.951872 valid=1 mode=tracking state=TRACKING evaluated=831 execution_us=64138 reason=tracking_pose_accepted
x=2.1 y=2.05064 yaw=-0.0282038 score=0.957249 valid=1 mode=tracking state=TRACKING evaluated=831 execution_us=57886 reason=tracking_pose_accepted
x=2.1 y=2.05064 yaw=-0.029138 score=0.954242 valid=1 mode=tracking state=TRACKING evaluated=831 execution_us=57819 reason=tracking_pose_accepted
x=2.1 y=2.05064 yaw=-0.0300721 score=0.956184 valid=1 mode=tracking state=TRACKING evaluated=831 execution_us=57303 reason=tracking_pose_accepted
x=2.1 y=2.05064 yaw=-0.0310063 score=0.958289 valid=1 mode=tracking state=TRACKING evaluated=831 execution_us=60530 reason=tracking_pose_accepted
x=2.1 y=2.05064 yaw=-0.0319404 score=0.95862 valid=1 mode=tracking state=TRACKING evaluated=831 execution_us=51374 reason=tracking_pose_accepted
x=2.1 y=2.05064 yaw=-0.0328746 score=0.955501 valid=1 mode=tracking state=TRACKING evaluated=831 execution_us=61326 reason=tracking_pose_accepted
x=2.1 y=2.05064 yaw=-0.0338087 score=0.955095 valid=1 mode=tracking state=TRACKING evaluated=831 execution_us=62378 reason=tracking_pose_accepted
x=2.1 y=2.05064 yaw=-0.0347429 score=0.958092 valid=1 mode=tracking state=TRACKING evaluated=831 execution_us=61370 reason=tracking_pose_accepted
x=2.1 y=2.05064 yaw=-0.035677 score=0.952759 valid=1 mode=tracking state=TRACKING evaluated=831 execution_us=66946 reason=tracking_pose_accepted
x=2.1 y=2.05064 yaw=-0.0366112 score=0.954538 valid=1 mode=tracking state=TRACKING evaluated=831 execution_us=58842 reason=tracking_pose_accepted
x=2.1 y=2.05064 yaw=-0.0375454 score=0.952343 valid=1 mode=tracking state=TRACKING evaluated=831 execution_us=58860 reason=tracking_pose_accepted
x=2.1 y=2.05064 yaw=-0.0384795 score=0.956515 valid=1 mode=tracking state=TRACKING evaluated=831 execution_us=58774 reason=tracking_pose_accepted
x=2.1 y=2.05064 yaw=-0.0394137 score=0.951808 valid=1 mode=tracking state=TRACKING evaluated=831 execution_us=59348 reason=tracking_pose_accepted
x=2.1 y=2.05064 yaw=-0.0403478 score=0.954684 valid=1 mode=tracking state=TRACKING evaluated=831 execution_us=59185 reason=tracking_pose_accepted
x=2.1 y=2.05064 yaw=-0.041282 score=0.956863 valid=1 mode=tracking state=TRACKING evaluated=831 execution_us=61941 reason=tracking_pose_accepted
x=2.1 y=2.05064 yaw=-0.0247628 score=0.956324 valid=1 mode=tracking state=TRACKING evaluated=831 execution_us=52569 reason=tracking_pose_accepted
x=2.1 y=2.05064 yaw=-0.025697 score=0.953341 valid=1 mode=tracking state=TRACKING evaluated=831 execution_us=52087 reason=tracking_pose_accepted
x=2.1 y=2.05065 yaw=-0.0266311 score=0.956903 valid=1 mode=tracking state=TRACKING evaluated=831 execution_us=53999 reason=tracking_pose_accepted
x=2.1 y=2.05065 yaw=-0.0275653 score=0.958966 valid=1 mode=tracking state=TRACKING evaluated=831 execution_us=52976 reason=tracking_pose_accepted
x=2.1 y=2.05065 yaw=-0.0284995 score=0.956087 valid=1 mode=tracking state=TRACKING evaluated=831 execution_us=53132 reason=tracking_pose_accepted
x=2.1 y=2.05065 yaw=-0.0294336 score=0.956337 valid=1 mode=tracking state=TRACKING evaluated=831 execution_us=54063 reason=tracking_pose_accepted
x=2.1 y=2.05065 yaw=-0.0303678 score=0.956224 valid=1 mode=tracking state=TRACKING evaluated=831 execution_us=60426 reason=tracking_pose_accepted
x=2.1 y=2.05065 yaw=-0.0313019 score=0.956078 valid=1 mode=tracking state=TRACKING evaluated=831 execution_us=60105 reason=tracking_pose_accepted
x=2.1 y=2.05065 yaw=-0.0322361 score=0.956303 valid=1 mode=tracking state=TRACKING evaluated=831 execution_us=60728 reason=tracking_pose_accepted
x=2.1 y=2.05065 yaw=-0.0331702 score=0.955801 valid=1 mode=tracking state=TRACKING evaluated=831 execution_us=60121 reason=tracking_pose_accepted
x=2.1 y=2.05065 yaw=-0.0341044 score=0.954775 valid=1 mode=tracking state=TRACKING evaluated=831 execution_us=61166 reason=tracking_pose_accepted
x=2.1 y=2.05065 yaw=-0.0175852 score=0.955345 valid=1 mode=tracking state=TRACKING evaluated=831 execution_us=52987 reason=tracking_pose_accepted
x=2.1 y=2.05065 yaw=-0.0359727 score=0.952301 valid=1 mode=tracking state=TRACKING evaluated=831 execution_us=54590 reason=tracking_pose_accepted
x=2.1 y=2.05065 yaw=-0.0369068 score=0.957486 valid=1 mode=tracking state=TRACKING evaluated=831 execution_us=55580 reason=tracking_pose_accepted
x=2.1 y=2.05065 yaw=-0.037841 score=0.953349 valid=1 mode=tracking state=TRACKING evaluated=831 execution_us=55512 reason=tracking_pose_accepted
x=2.1 y=2.05065 yaw=-0.0387751 score=0.954361 valid=1 mode=tracking state=TRACKING evaluated=831 execution_us=55670 reason=tracking_pose_accepted
x=2.1 y=2.05065 yaw=-0.022256 score=0.958798 valid=1 mode=tracking state=TRACKING evaluated=831 execution_us=56536 reason=tracking_pose_accepted
x=2.1 y=2.05065 yaw=-0.0231902 score=0.948332 valid=1 mode=tracking state=TRACKING evaluated=831 execution_us=60227 reason=tracking_pose_accepted
x=2.1 y=2.05065 yaw=-0.0241243 score=0.958594 valid=1 mode=tracking state=TRACKING evaluated=831 execution_us=60301 reason=tracking_pose_accepted
x=2.1 y=2.05065 yaw=-0.0425118 score=0.95412 valid=1 mode=tracking state=TRACKING evaluated=831 execution_us=60544 reason=tracking_pose_accepted
x=2.1 y=2.05065 yaw=-0.0259926 score=0.953893 valid=1 mode=tracking state=TRACKING evaluated=831 execution_us=59930 reason=tracking_pose_accepted
x=2.1 y=2.05065 yaw=-0.0269267 score=0.955997 valid=1 mode=tracking state=TRACKING evaluated=831 execution_us=61498 reason=tracking_pose_accepted
x=2.1 y=2.05065 yaw=-0.0278609 score=0.954063 valid=1 mode=tracking state=TRACKING evaluated=831 execution_us=61592 reason=tracking_pose_accepted
x=2.1 y=2.05065 yaw=-0.0287951 score=0.955806 valid=1 mode=tracking state=TRACKING evaluated=831 execution_us=57892 reason=tracking_pose_accepted
x=2.1 y=2.05065 yaw=-0.0297292 score=0.956454 valid=1 mode=tracking state=TRACKING evaluated=831 execution_us=58725 reason=tracking_pose_accepted
x=2.1 y=2.05065 yaw=-0.0306634 score=0.958583 valid=1 mode=tracking state=TRACKING evaluated=831 execution_us=57844 reason=tracking_pose_accepted
x=2.1 y=2.05065 yaw=-0.0315975 score=0.953054 valid=1 mode=tracking state=TRACKING evaluated=831 execution_us=58572 reason=tracking_pose_accepted
x=2.1 y=2.05065 yaw=-0.0150784 score=0.9536 valid=1 mode=tracking state=TRACKING evaluated=831 execution_us=59031 reason=tracking_pose_accepted
x=2.1 y=2.05065 yaw=-0.0334658 score=0.958475 valid=1 mode=tracking state=TRACKING evaluated=831 execution_us=65198 reason=tracking_pose_accepted
x=2.1 y=2.05065 yaw=-0.0344 score=0.956416 valid=1 mode=tracking state=TRACKING evaluated=831 execution_us=52500 reason=tracking_pose_accepted
x=2.1 y=2.05065 yaw=-0.0353341 score=0.955185 valid=1 mode=tracking state=TRACKING evaluated=831 execution_us=52221 reason=tracking_pose_accepted
x=2.1 y=2.05065 yaw=-0.0362683 score=0.953164 valid=1 mode=tracking state=TRACKING evaluated=831 execution_us=53257 reason=tracking_pose_accepted
x=2.1 y=2.05065 yaw=-0.0372024 score=0.95727 valid=1 mode=tracking state=TRACKING evaluated=831 execution_us=53579 reason=tracking_pose_accepted
x=2.1 y=2.05065 yaw=-0.0381366 score=0.954587 valid=1 mode=tracking state=TRACKING evaluated=831 execution_us=52855 reason=tracking_pose_accepted
x=2.1 y=2.05065 yaw=-0.0390708 score=0.953596 valid=1 mode=tracking state=TRACKING evaluated=831 execution_us=59498 reason=tracking_pose_accepted
x=2.1 y=2.05065 yaw=-0.0400049 score=0.956568 valid=1 mode=tracking state=TRACKING evaluated=831 execution_us=60627 reason=tracking_pose_accepted
x=2.1 y=2.05065 yaw=-0.040939 score=0.956228 valid=1 mode=tracking state=TRACKING evaluated=831 execution_us=59869 reason=tracking_pose_accepted
x=2.1 y=2.05065 yaw=-0.0244199 score=0.955302 valid=1 mode=tracking state=TRACKING evaluated=831 execution_us=60620 reason=tracking_pose_accepted
x=2.1 y=2.05065 yaw=-0.0253541 score=0.95578 valid=1 mode=tracking state=TRACKING evaluated=831 execution_us=60749 reason=tracking_pose_accepted
x=2.1 y=2.05065 yaw=-0.0262882 score=0.954846 valid=1 mode=tracking state=TRACKING evaluated=831 execution_us=61202 reason=tracking_pose_accepted
x=2.1 y=2.05065 yaw=-0.0272224 score=0.955691 valid=1 mode=tracking state=TRACKING evaluated=831 execution_us=53868 reason=tracking_pose_accepted
x=2.1 y=2.05065 yaw=-0.0281565 score=0.955992 valid=1 mode=tracking state=TRACKING evaluated=831 execution_us=54942 reason=tracking_pose_accepted
x=2.1 y=2.05065 yaw=-0.0290907 score=0.953624 valid=1 mode=tracking state=TRACKING evaluated=831 execution_us=55577 reason=tracking_pose_accepted
x=2.1 y=2.05065 yaw=-0.0300249 score=0.956165 valid=1 mode=tracking state=TRACKING evaluated=831 execution_us=55809 reason=tracking_pose_accepted
x=2.1 y=2.05066 yaw=-0.030959 score=0.957969 valid=1 mode=tracking state=TRACKING evaluated=831 execution_us=55702 reason=tracking_pose_accepted
x=2.1 y=2.05066 yaw=-0.0318932 score=0.957379 valid=1 mode=tracking state=TRACKING evaluated=831 execution_us=56005 reason=tracking_pose_accepted
x=2.1 y=2.05066 yaw=-0.0328273 score=0.955806 valid=1 mode=tracking state=TRACKING evaluated=831 execution_us=60226 reason=tracking_pose_accepted
x=2.1 y=2.05066 yaw=-0.0337615 score=0.958384 valid=1 mode=tracking state=TRACKING evaluated=831 execution_us=59950 reason=tracking_pose_accepted
x=2.1 y=2.05066 yaw=-0.0346956 score=0.95799 valid=1 mode=tracking state=TRACKING evaluated=831 execution_us=61094 reason=tracking_pose_accepted
x=2.1 y=2.05066 yaw=-0.0181765 score=0.954492 valid=1 mode=tracking state=TRACKING evaluated=831 execution_us=61256 reason=tracking_pose_accepted
x=2.1 y=2.05066 yaw=-0.0365639 score=0.951614 valid=1 mode=tracking state=TRACKING evaluated=831 execution_us=60996 reason=tracking_pose_accepted
x=2.1 y=2.05066 yaw=-0.0374981 score=0.954269 valid=1 mode=tracking state=TRACKING evaluated=831 execution_us=62272 reason=tracking_pose_accepted
x=2.1 y=2.05066 yaw=-0.0384322 score=0.95431 valid=1 mode=tracking state=TRACKING evaluated=831 execution_us=57120 reason=tracking_pose_accepted
x=2.1 y=2.05066 yaw=-0.0219131 score=0.950633 valid=1 mode=tracking state=TRACKING evaluated=831 execution_us=57709 reason=tracking_pose_accepted
x=2.1 y=2.05066 yaw=-0.0228473 score=0.952359 valid=1 mode=tracking state=TRACKING evaluated=831 execution_us=58183 reason=tracking_pose_accepted
x=2.1 y=2.05066 yaw=-0.0412347 score=0.955984 valid=1 mode=tracking state=TRACKING evaluated=831 execution_us=58261 reason=tracking_pose_accepted
x=2.1 y=2.05066 yaw=-0.0247156 score=0.953417 valid=1 mode=tracking state=TRACKING evaluated=831 execution_us=59153 reason=tracking_pose_accepted
x=2.1 y=2.05066 yaw=-0.043103 score=0.955387 valid=1 mode=tracking state=TRACKING evaluated=831 execution_us=58935 reason=tracking_pose_accepted
x=2.1 y=2.05066 yaw=-0.0440372 score=0.954102 valid=1 mode=tracking state=TRACKING evaluated=831 execution_us=52066 reason=tracking_pose_accepted
x=2.1 y=2.05066 yaw=-0.0275181 score=0.950606 valid=1 mode=tracking state=TRACKING evaluated=831 execution_us=53508 reason=tracking_pose_accepted
x=2.1 y=2.05066 yaw=-0.0284522 score=0.954096 valid=1 mode=tracking state=TRACKING evaluated=831 execution_us=52837 reason=tracking_pose_accepted
x=2.1 y=2.05066 yaw=-0.0293864 score=0.955474 valid=1 mode=tracking state=TRACKING evaluated=831 execution_us=52660 reason=tracking_pose_accepted
x=2.1 y=2.05066 yaw=-0.0303205 score=0.958058 valid=1 mode=tracking state=TRACKING evaluated=831 execution_us=53340 reason=tracking_pose_accepted
x=2.1 y=2.05066 yaw=-0.0312547 score=0.952809 valid=1 mode=tracking state=TRACKING evaluated=831 execution_us=52968 reason=tracking_pose_accepted
x=2.1 y=2.05066 yaw=-0.0147355 score=0.953002 valid=1 mode=tracking state=TRACKING evaluated=831 execution_us=59988 reason=tracking_pose_accepted
x=2.1 y=2.05066 yaw=-0.033123 score=0.957772 valid=1 mode=tracking state=TRACKING evaluated=831 execution_us=60072 reason=tracking_pose_accepted
x=2.1 y=2.05066 yaw=-0.0166038 score=0.95479 valid=1 mode=tracking state=TRACKING evaluated=831 execution_us=60510 reason=tracking_pose_accepted
x=2.1 y=2.05066 yaw=-0.0349913 score=0.952513 valid=1 mode=tracking state=TRACKING evaluated=831 execution_us=60986 reason=tracking_pose_accepted
x=2.1 y=2.05066 yaw=-0.0359254 score=0.954775 valid=1 mode=tracking state=TRACKING evaluated=831 execution_us=60656 reason=tracking_pose_accepted
x=2.1 y=2.05066 yaw=-0.0368596 score=0.957178 valid=1 mode=tracking state=TRACKING evaluated=831 execution_us=61219 reason=tracking_pose_accepted
x=2.1 y=2.05066 yaw=-0.0377938 score=0.953697 valid=1 mode=tracking state=TRACKING evaluated=831 execution_us=55068 reason=tracking_pose_accepted
x=2.1 y=2.05066 yaw=-0.0387279 score=0.956761 valid=1 mode=tracking state=TRACKING evaluated=831 execution_us=54240 reason=tracking_pose_accepted
x=2.1 y=2.05066 yaw=-0.0222088 score=0.953723 valid=1 mode=tracking state=TRACKING evaluated=831 execution_us=55719 reason=tracking_pose_accepted
x=2.1 y=2.05066 yaw=-0.0405962 score=0.952253 valid=1 mode=tracking state=TRACKING evaluated=831 execution_us=54620 reason=tracking_pose_accepted
x=2.1 y=2.05066 yaw=-0.0415304 score=0.956832 valid=1 mode=tracking state=TRACKING evaluated=831 execution_us=54202 reason=tracking_pose_accepted
x=2.1 y=2.05066 yaw=-0.0250113 score=0.955576 valid=1 mode=tracking state=TRACKING evaluated=831 execution_us=59419 reason=tracking_pose_accepted
x=2.1 y=2.05066 yaw=-0.0259454 score=0.956001 valid=1 mode=tracking state=TRACKING evaluated=831 execution_us=59396 reason=tracking_pose_accepted
x=2.1 y=2.05066 yaw=-0.0268796 score=0.953153 valid=1 mode=tracking state=TRACKING evaluated=831 execution_us=59956 reason=tracking_pose_accepted
x=2.1 y=2.05066 yaw=-0.0278137 score=0.955895 valid=1 mode=tracking state=TRACKING evaluated=831 execution_us=60110 reason=tracking_pose_accepted
x=2.1 y=2.05066 yaw=-0.0287479 score=0.955841 valid=1 mode=tracking state=TRACKING evaluated=831 execution_us=59494 reason=tracking_pose_accepted
x=2.1 y=2.05066 yaw=-0.029682 score=0.957026 valid=1 mode=tracking state=TRACKING evaluated=831 execution_us=59855 reason=tracking_pose_accepted
x=2.1 y=2.05066 yaw=-0.0306162 score=0.952627 valid=1 mode=tracking state=TRACKING evaluated=831 execution_us=57107 reason=tracking_pose_accepted
x=2.1 y=2.05066 yaw=-0.0315503 score=0.959535 valid=1 mode=tracking state=TRACKING evaluated=831 execution_us=56781 reason=tracking_pose_accepted
x=2.1 y=2.05066 yaw=-0.0324845 score=0.955806 valid=1 mode=tracking state=TRACKING evaluated=831 execution_us=56720 reason=tracking_pose_accepted
x=2.1 y=2.05066 yaw=-0.0159654 score=0.955104 valid=1 mode=tracking state=TRACKING evaluated=831 execution_us=55629 reason=tracking_pose_accepted
x=2.1 y=2.05066 yaw=-0.0343528 score=0.957661 valid=1 mode=tracking state=TRACKING evaluated=831 execution_us=55129 reason=tracking_pose_accepted
x=2.1 y=2.05067 yaw=-0.0178337 score=0.95846 valid=1 mode=tracking state=TRACKING evaluated=831 execution_us=57374 reason=tracking_pose_accepted
x=2.1 y=2.05067 yaw=-0.0362211 score=0.95435 valid=1 mode=tracking state=TRACKING evaluated=831 execution_us=60836 reason=tracking_pose_accepted
x=2.1 y=2.05067 yaw=-0.0371553 score=0.953924 valid=1 mode=tracking state=TRACKING evaluated=831 execution_us=60858 reason=tracking_pose_accepted
x=2.1 y=2.05067 yaw=-0.0380894 score=0.95615 valid=1 mode=tracking state=TRACKING evaluated=831 execution_us=62300 reason=tracking_pose_accepted
x=2.1 y=2.05067 yaw=-0.0390236 score=0.955116 valid=1 mode=tracking state=TRACKING evaluated=831 execution_us=61446 reason=tracking_pose_accepted
x=2.1 y=2.05067 yaw=-0.0399577 score=0.954927 valid=1 mode=tracking state=TRACKING evaluated=831 execution_us=61752 reason=tracking_pose_accepted
x=2.1 y=2.05067 yaw=-0.0408919 score=0.956297 valid=1 mode=tracking state=TRACKING evaluated=831 execution_us=67819 reason=tracking_pose_accepted
x=2.1 y=2.05067 yaw=-0.0243728 score=0.951512 valid=1 mode=tracking state=TRACKING evaluated=831 execution_us=59876 reason=tracking_pose_accepted
x=2.1 y=2.05067 yaw=-0.0253069 score=0.955386 valid=1 mode=tracking state=TRACKING evaluated=831 execution_us=58902 reason=tracking_pose_accepted
x=2.1 y=2.05067 yaw=-0.0262411 score=0.953481 valid=1 mode=tracking state=TRACKING evaluated=831 execution_us=58864 reason=tracking_pose_accepted
x=2.1 y=2.05067 yaw=-0.0271752 score=0.955989 valid=1 mode=tracking state=TRACKING evaluated=831 execution_us=58764 reason=tracking_pose_accepted
x=2.1 y=2.05067 yaw=-0.0281094 score=0.957725 valid=1 mode=tracking state=TRACKING evaluated=831 execution_us=59381 reason=tracking_pose_accepted
x=2.1 y=2.05067 yaw=-0.0290436 score=0.955647 valid=1 mode=tracking state=TRACKING evaluated=831 execution_us=65971 reason=tracking_pose_accepted
x=2.1 y=2.05067 yaw=-0.0299777 score=0.954432 valid=1 mode=tracking state=TRACKING evaluated=831 execution_us=52037 reason=tracking_pose_accepted
x=2.1 y=2.05067 yaw=-0.0309119 score=0.955197 valid=1 mode=tracking state=TRACKING evaluated=831 execution_us=53727 reason=tracking_pose_accepted
x=2.1 y=2.05067 yaw=-0.031846 score=0.958594 valid=1 mode=tracking state=TRACKING evaluated=831 execution_us=53120 reason=tracking_pose_accepted
x=2.1 y=2.05067 yaw=-0.0327802 score=0.958475 valid=1 mode=tracking state=TRACKING evaluated=831 execution_us=52836 reason=tracking_pose_accepted
x=2.1 y=2.05067 yaw=-0.0337143 score=0.958504 valid=1 mode=tracking state=TRACKING evaluated=831 execution_us=53621 reason=tracking_pose_accepted
x=2.1 y=2.05067 yaw=-0.0346485 score=0.957969 valid=1 mode=tracking state=TRACKING evaluated=831 execution_us=53453 reason=tracking_pose_accepted
x=2.1 y=2.05067 yaw=-0.0355826 score=0.955008 valid=1 mode=tracking state=TRACKING evaluated=831 execution_us=74945 reason=tracking_pose_accepted
x=2.1 y=2.05067 yaw=-0.0365168 score=0.952459 valid=1 mode=tracking state=TRACKING evaluated=831 execution_us=61210 reason=tracking_pose_accepted
x=2.1 y=2.05067 yaw=-0.0374509 score=0.953406 valid=1 mode=tracking state=TRACKING evaluated=831 execution_us=60611 reason=tracking_pose_accepted
x=2.1 y=2.05067 yaw=-0.0383851 score=0.960378 valid=1 mode=tracking state=TRACKING evaluated=831 execution_us=60850 reason=tracking_pose_accepted
x=2.1 y=2.05067 yaw=-0.0393192 score=0.956761 valid=1 mode=tracking state=TRACKING evaluated=831 execution_us=60795 reason=tracking_pose_accepted
x=2.1 y=2.05067 yaw=-0.0228001 score=0.953114 valid=1 mode=tracking state=TRACKING evaluated=831 execution_us=55075 reason=tracking_pose_accepted
x=2.1 y=2.05067 yaw=-0.0411876 score=0.957704 valid=1 mode=tracking state=TRACKING evaluated=831 execution_us=55088 reason=tracking_pose_accepted
x=2.1 y=2.05067 yaw=-0.0246684 score=0.959433 valid=1 mode=tracking state=TRACKING evaluated=831 execution_us=54669 reason=tracking_pose_accepted
x=2.1 y=2.05067 yaw=-0.0256026 score=0.953838 valid=1 mode=tracking state=TRACKING evaluated=831 execution_us=55437 reason=tracking_pose_accepted
x=2.1 y=2.05067 yaw=-0.04399 score=0.954775 valid=1 mode=tracking state=TRACKING evaluated=831 execution_us=53834 reason=tracking_pose_accepted
x=2.1 y=2.05067 yaw=-0.0274709 score=0.962949 valid=1 mode=tracking state=TRACKING evaluated=831 execution_us=59424 reason=tracking_pose_accepted
x=2.1 y=2.05067 yaw=-0.028405 score=0.954262 valid=1 mode=tracking state=TRACKING evaluated=831 execution_us=59706 reason=tracking_pose_accepted
x=2.1 y=2.05067 yaw=-0.0293392 score=0.959389 valid=1 mode=tracking state=TRACKING evaluated=831 execution_us=59903 reason=tracking_pose_accepted
x=2.1 y=2.05067 yaw=-0.0302733 score=0.95889 valid=1 mode=tracking state=TRACKING evaluated=831 execution_us=59774 reason=tracking_pose_accepted
x=2.1 y=2.05067 yaw=-0.0312075 score=0.958262 valid=1 mode=tracking state=TRACKING evaluated=831 execution_us=60175 reason=tracking_pose_accepted
x=2.1 y=2.05067 yaw=-0.0321416 score=0.958911 valid=1 mode=tracking state=TRACKING evaluated=831 execution_us=60068 reason=tracking_pose_accepted
x=2.1 y=2.05067 yaw=-0.0330758 score=0.955885 valid=1 mode=tracking state=TRACKING evaluated=831 execution_us=58222 reason=tracking_pose_accepted
x=2.1 y=2.05067 yaw=-0.0340099 score=0.95508 valid=1 mode=tracking state=TRACKING evaluated=831 execution_us=56980 reason=tracking_pose_accepted
x=2.1 y=2.05067 yaw=-0.0349441 score=0.95727 valid=1 mode=tracking state=TRACKING evaluated=831 execution_us=57142 reason=tracking_pose_accepted
x=2.1 y=2.05067 yaw=-0.0358782 score=0.952577 valid=1 mode=tracking state=TRACKING evaluated=831 execution_us=58587 reason=tracking_pose_accepted
x=2.1 y=2.05067 yaw=-0.0193591 score=0.954603 valid=1 mode=tracking state=TRACKING evaluated=831 execution_us=57201 reason=tracking_pose_accepted
x=2.1 y=2.05067 yaw=-0.0377465 score=0.956093 valid=1 mode=tracking state=TRACKING evaluated=831 execution_us=60088 reason=tracking_pose_accepted
x=2.1 y=2.05067 yaw=-0.0386807 score=0.952197 valid=1 mode=tracking state=TRACKING evaluated=831 execution_us=62114 reason=tracking_pose_accepted
x=2.1 y=2.05068 yaw=-0.0221616 score=0.951988 valid=1 mode=tracking state=TRACKING evaluated=831 execution_us=61985 reason=tracking_pose_accepted
x=2.1 y=2.05068 yaw=-0.040549 score=0.955675 valid=1 mode=tracking state=TRACKING evaluated=831 execution_us=90201 reason=tracking_pose_accepted
x=2.1 y=2.05068 yaw=-0.0414832 score=0.956527 valid=1 mode=tracking state=TRACKING evaluated=831 execution_us=94966 reason=tracking_pose_accepted
x=2.1 y=2.05068 yaw=-0.0249641 score=0.956376 valid=1 mode=tracking state=TRACKING evaluated=831 execution_us=93592 reason=tracking_pose_accepted
x=2.1 y=2.05068 yaw=-0.0258982 score=0.954686 valid=1 mode=tracking state=TRACKING evaluated=831 execution_us=93179 reason=tracking_pose_accepted
x=2.1 y=2.05068 yaw=-0.0268324 score=0.954313 valid=1 mode=tracking state=TRACKING evaluated=831 execution_us=56115 reason=tracking_pose_accepted
x=2.1 y=2.05068 yaw=-0.0277665 score=0.956141 valid=1 mode=tracking state=TRACKING evaluated=831 execution_us=85418 reason=tracking_pose_accepted
x=2.1 y=2.05068 yaw=-0.0287007 score=0.952931 valid=1 mode=tracking state=TRACKING evaluated=831 execution_us=49984 reason=tracking_pose_accepted
x=2.1 y=2.05068 yaw=-0.0296348 score=0.953944 valid=1 mode=tracking state=TRACKING evaluated=831 execution_us=63090 reason=tracking_pose_accepted
x=2.1 y=2.05068 yaw=-0.030569 score=0.954587 valid=1 mode=tracking state=TRACKING evaluated=831 execution_us=52716 reason=tracking_pose_accepted
x=2.1 y=2.05068 yaw=-0.0315031 score=0.955803 valid=1 mode=tracking state=TRACKING evaluated=831 execution_us=52659 reason=tracking_pose_accepted
x=2.1 y=2.05068 yaw=-0.014984 score=0.95509 valid=1 mode=tracking state=TRACKING evaluated=831 execution_us=53596 reason=tracking_pose_accepted
x=2.1 y=2.05068 yaw=-0.0333715 score=0.955691 valid=1 mode=tracking state=TRACKING evaluated=831 execution_us=53986 reason=tracking_pose_accepted
x=2.1 y=2.05068 yaw=-0.0343056 score=0.959498 valid=1 mode=tracking state=TRACKING evaluated=831 execution_us=53804 reason=tracking_pose_accepted
x=2.1 y=2.05068 yaw=-0.0352398 score=0.951825 valid=1 mode=tracking state=TRACKING evaluated=831 execution_us=60446 reason=tracking_pose_accepted
x=2.1 y=2.05068 yaw=-0.0187206 score=0.956924 valid=1 mode=tracking state=TRACKING evaluated=831 execution_us=61341 reason=tracking_pose_accepted
x=2.1 y=2.05068 yaw=-0.0371081 score=0.956072 valid=1 mode=tracking state=TRACKING evaluated=831 execution_us=62786 reason=tracking_pose_accepted
x=2.1 y=2.05068 yaw=-0.0380422 score=0.954481 valid=1 mode=tracking state=TRACKING evaluated=831 execution_us=61734 reason=tracking_pose_accepted
x=2.1 y=2.05068 yaw=-0.0215231 score=0.951637 valid=1 mode=tracking state=TRACKING evaluated=831 execution_us=59588 reason=tracking_pose_accepted
x=2.1 y=2.05068 yaw=-0.0224572 score=0.955426 valid=1 mode=tracking state=TRACKING evaluated=831 execution_us=58394 reason=tracking_pose_accepted
x=2.1 y=2.05068 yaw=-0.0233914 score=0.956601 valid=1 mode=tracking state=TRACKING evaluated=831 execution_us=55968 reason=tracking_pose_accepted
x=2.1 y=2.05068 yaw=-0.0417788 score=0.957045 valid=1 mode=tracking state=TRACKING evaluated=831 execution_us=56164 reason=tracking_pose_accepted
x=2.1 y=2.05068 yaw=-0.0252597 score=0.9554 valid=1 mode=tracking state=TRACKING evaluated=831 execution_us=56449 reason=tracking_pose_accepted
x=2.1 y=2.05068 yaw=-0.0261938 score=0.952185 valid=1 mode=tracking state=TRACKING evaluated=831 execution_us=57401 reason=tracking_pose_accepted
x=2.1 y=2.05068 yaw=-0.027128 score=0.955997 valid=1 mode=tracking state=TRACKING evaluated=831 execution_us=56016 reason=tracking_pose_accepted
x=2.1 y=2.05068 yaw=-0.0280622 score=0.953215 valid=1 mode=tracking state=TRACKING evaluated=831 execution_us=62714 reason=tracking_pose_accepted
x=2.1 y=2.05068 yaw=-0.0289963 score=0.955665 valid=1 mode=tracking state=TRACKING evaluated=831 execution_us=60224 reason=tracking_pose_accepted
x=2.1 y=2.05068 yaw=-0.0299305 score=0.952563 valid=1 mode=tracking state=TRACKING evaluated=831 execution_us=59899 reason=tracking_pose_accepted
x=2.1 y=2.05068 yaw=-0.0308646 score=0.954668 valid=1 mode=tracking state=TRACKING evaluated=831 execution_us=60058 reason=tracking_pose_accepted
x=2.1 y=2.05068 yaw=-0.0317988 score=0.953298 valid=1 mode=tracking state=TRACKING evaluated=831 execution_us=60549 reason=tracking_pose_accepted
x=2.1 y=2.05068 yaw=-0.0327329 score=0.958925 valid=1 mode=tracking state=TRACKING evaluated=831 execution_us=60046 reason=tracking_pose_accepted
x=2.1 y=2.05068 yaw=-0.0336671 score=0.955023 valid=1 mode=tracking state=TRACKING evaluated=831 execution_us=57759 reason=tracking_pose_accepted
x=2.1 y=2.05068 yaw=-0.0171479 score=0.954917 valid=1 mode=tracking state=TRACKING evaluated=831 execution_us=56503 reason=tracking_pose_accepted
x=2.1 y=2.05068 yaw=-0.0180821 score=0.956577 valid=1 mode=tracking state=TRACKING evaluated=831 execution_us=57382 reason=tracking_pose_accepted
x=2.1 y=2.05068 yaw=-0.0364695 score=0.954714 valid=1 mode=tracking state=TRACKING evaluated=831 execution_us=57612 reason=tracking_pose_accepted
x=2.1 y=2.05068 yaw=-0.0374037 score=0.95185 valid=1 mode=tracking state=TRACKING evaluated=831 execution_us=57250 reason=tracking_pose_accepted
x=2.1 y=2.05068 yaw=-0.0383379 score=0.957482 valid=1 mode=tracking state=TRACKING evaluated=831 execution_us=57129 reason=tracking_pose_accepted
x=2.1 y=2.05068 yaw=-0.039272 score=0.95288 valid=1 mode=tracking state=TRACKING evaluated=831 execution_us=60558 reason=tracking_pose_accepted
x=2.1 y=2.05068 yaw=-0.0402062 score=0.954091 valid=1 mode=tracking state=TRACKING evaluated=831 execution_us=60791 reason=tracking_pose_accepted
x=2.1 y=2.05068 yaw=-0.0411403 score=0.953259 valid=1 mode=tracking state=TRACKING evaluated=831 execution_us=61678 reason=tracking_pose_accepted
x=2.1 y=2.05068 yaw=-0.0246212 score=0.955697 valid=1 mode=tracking state=TRACKING evaluated=831 execution_us=61652 reason=tracking_pose_accepted
x=2.1 y=2.05068 yaw=-0.0430087 score=0.953574 valid=1 mode=tracking state=TRACKING evaluated=831 execution_us=61831 reason=tracking_pose_accepted
x=2.1 y=2.05069 yaw=-0.0439428 score=0.954408 valid=1 mode=tracking state=TRACKING evaluated=831 execution_us=52204 reason=tracking_pose_accepted
x=2.1 y=2.05069 yaw=-0.0274237 score=0.955726 valid=1 mode=tracking state=TRACKING evaluated=831 execution_us=55806 reason=tracking_pose_accepted
x=2.1 y=2.05069 yaw=-0.0283579 score=0.955691 valid=1 mode=tracking state=TRACKING evaluated=831 execution_us=58548 reason=tracking_pose_accepted
x=2.1 y=2.05069 yaw=-0.029292 score=0.959218 valid=1 mode=tracking state=TRACKING evaluated=831 execution_us=59713 reason=tracking_pose_accepted
x=2.1 y=2.05069 yaw=-0.0302262 score=0.955229 valid=1 mode=tracking state=TRACKING evaluated=831 execution_us=58900 reason=tracking_pose_accepted
x=2.1 y=2.05069 yaw=-0.0311603 score=0.953585 valid=1 mode=tracking state=TRACKING evaluated=831 execution_us=59315 reason=tracking_pose_accepted
x=2.1 y=2.05069 yaw=-0.0320945 score=0.958276 valid=1 mode=tracking state=TRACKING evaluated=831 execution_us=60716 reason=tracking_pose_accepted
x=2.1 y=2.05069 yaw=-0.0330286 score=0.956111 valid=1 mode=tracking state=TRACKING evaluated=831 execution_us=53196 reason=tracking_pose_accepted
x=2.1 y=2.05069 yaw=-0.0339628 score=0.954603 valid=1 mode=tracking state=TRACKING evaluated=831 execution_us=53985 reason=tracking_pose_accepted
x=2.1 y=2.05069 yaw=-0.0348969 score=0.957372 valid=1 mode=tracking state=TRACKING evaluated=831 execution_us=53623 reason=tracking_pose_accepted
x=2.1 y=2.05069 yaw=-0.0183778 score=0.952809 valid=1 mode=tracking state=TRACKING evaluated=831 execution_us=53969 reason=tracking_pose_accepted
x=2.1 y=2.05069 yaw=-0.0367653 score=0.9544 valid=1 mode=tracking state=TRACKING evaluated=831 execution_us=54859 reason=tracking_pose_accepted
x=2.1 y=2.05069 yaw=-0.0376994 score=0.953533 valid=1 mode=tracking state=TRACKING evaluated=831 execution_us=53853 reason=tracking_pose_accepted
x=2.1 y=2.05069 yaw=-0.0386336 score=0.956455 valid=1 mode=tracking state=TRACKING evaluated=831 execution_us=60730 reason=tracking_pose_accepted
x=2.1 y=2.05069 yaw=-0.0395677 score=0.954076 valid=1 mode=tracking state=TRACKING evaluated=831 execution_us=58702 reason=tracking_pose_accepted
x=2.1 y=2.05069 yaw=-0.0405019 score=0.958263 valid=1 mode=tracking state=TRACKING evaluated=831 execution_us=57640 reason=tracking_pose_accepted
x=2.1 y=2.05069 yaw=-0.041436 score=0.953227 valid=1 mode=tracking state=TRACKING evaluated=831 execution_us=81495 reason=tracking_pose_accepted
x=2.1 y=2.05069 yaw=-0.0423702 score=0.953175 valid=1 mode=tracking state=TRACKING evaluated=831 execution_us=101945 reason=tracking_pose_accepted
x=2.1 y=2.05069 yaw=-0.0258511 score=0.955358 valid=1 mode=tracking state=TRACKING evaluated=831 execution_us=49481 reason=tracking_pose_accepted
x=2.1 y=2.05069 yaw=-0.0267852 score=0.96063 valid=1 mode=tracking state=TRACKING evaluated=831 execution_us=55129 reason=tracking_pose_accepted
x=2.1 y=2.05069 yaw=-0.0277194 score=0.952676 valid=1 mode=tracking state=TRACKING evaluated=831 execution_us=55529 reason=tracking_pose_accepted
x=2.1 y=2.05069 yaw=-0.0286536 score=0.958337 valid=1 mode=tracking state=TRACKING evaluated=831 execution_us=55244 reason=tracking_pose_accepted
x=2.1 y=2.05069 yaw=-0.0295877 score=0.956201 valid=1 mode=tracking state=TRACKING evaluated=831 execution_us=56273 reason=tracking_pose_accepted
x=2.1 y=2.05069 yaw=-0.0305219 score=0.953738 valid=1 mode=tracking state=TRACKING evaluated=831 execution_us=55874 reason=tracking_pose_accepted
x=2.1 y=2.05069 yaw=-0.031456 score=0.953771 valid=1 mode=tracking state=TRACKING evaluated=831 execution_us=59247 reason=tracking_pose_accepted
x=2.1 y=2.05069 yaw=-0.0323902 score=0.958405 valid=1 mode=tracking state=TRACKING evaluated=831 execution_us=60280 reason=tracking_pose_accepted
x=2.1 y=2.05069 yaw=-0.0333243 score=0.955501 valid=1 mode=tracking state=TRACKING evaluated=831 execution_us=61890 reason=tracking_pose_accepted
x=2.1 y=2.05069 yaw=-0.0342585 score=0.955345 valid=1 mode=tracking state=TRACKING evaluated=831 execution_us=61781 reason=tracking_pose_accepted
x=2.1 y=2.05069 yaw=-0.0351926 score=0.953924 valid=1 mode=tracking state=TRACKING evaluated=831 execution_us=60104 reason=tracking_pose_accepted
x=2.1 y=2.05069 yaw=-0.0361268 score=0.95722 valid=1 mode=tracking state=TRACKING evaluated=831 execution_us=90584 reason=tracking_pose_accepted
x=2.1 y=2.05069 yaw=-0.0196077 score=0.948504 valid=1 mode=tracking state=TRACKING evaluated=831 execution_us=66770 reason=tracking_pose_accepted
x=2.1 y=2.05069 yaw=-0.0379951 score=0.958747 valid=1 mode=tracking state=TRACKING evaluated=831 execution_us=56849 reason=tracking_pose_accepted
x=2.1 y=2.05069 yaw=-0.0389293 score=0.956263 valid=1 mode=tracking state=TRACKING evaluated=831 execution_us=57079 reason=tracking_pose_accepted
x=2.1 y=2.05069 yaw=-0.0398634 score=0.955265 valid=1 mode=tracking state=TRACKING evaluated=831 execution_us=57093 reason=tracking_pose_accepted
x=2.1 y=2.05069 yaw=-0.0407975 score=0.953917 valid=1 mode=tracking state=TRACKING evaluated=831 execution_us=61158 reason=tracking_pose_accepted
x=2.1 y=2.05069 yaw=-0.0417317 score=0.954167 valid=1 mode=tracking state=TRACKING evaluated=831 execution_us=62022 reason=tracking_pose_accepted
x=2.1 y=2.05069 yaw=-0.0252126 score=0.957158 valid=1 mode=tracking state=TRACKING evaluated=831 execution_us=62845 reason=tracking_pose_accepted
x=2.1 y=2.05069 yaw=-0.0261468 score=0.95527 valid=1 mode=tracking state=TRACKING evaluated=831 execution_us=61688 reason=tracking_pose_accepted
x=2.1 y=2.05069 yaw=-0.0270809 score=0.952992 valid=1 mode=tracking state=TRACKING evaluated=831 execution_us=52160 reason=tracking_pose_accepted
x=2.1 y=2.05069 yaw=-0.0280151 score=0.955515 valid=1 mode=tracking state=TRACKING evaluated=831 execution_us=58839 reason=tracking_pose_accepted
x=2.1 y=2.05069 yaw=-0.0289492 score=0.953538 valid=1 mode=tracking state=TRACKING evaluated=831 execution_us=59208 reason=tracking_pose_accepted
x=2.1 y=2.05069 yaw=-0.0298834 score=0.95527 valid=1 mode=tracking state=TRACKING evaluated=831 execution_us=59382 reason=tracking_pose_accepted
x=2.1 y=2.0507 yaw=-0.0308175 score=0.95909 valid=1 mode=tracking state=TRACKING evaluated=831 execution_us=59074 reason=tracking_pose_accepted
x=2.1 y=2.0507 yaw=-0.0317517 score=0.953602 valid=1 mode=tracking state=TRACKING evaluated=831 execution_us=60055 reason=tracking_pose_accepted
x=2.1 y=2.0507 yaw=-0.0152326 score=0.959825 valid=1 mode=tracking state=TRACKING evaluated=831 execution_us=58964 reason=tracking_pose_accepted
x=2.1 y=2.0507 yaw=-0.03362 score=0.954963 valid=1 mode=tracking state=TRACKING evaluated=831 execution_us=66499 reason=tracking_pose_accepted
x=2.1 y=2.0507 yaw=-0.0345542 score=0.958711 valid=1 mode=tracking state=TRACKING evaluated=831 execution_us=53739 reason=tracking_pose_accepted
x=2.1 y=2.0507 yaw=-0.0354883 score=0.956415 valid=1 mode=tracking state=TRACKING evaluated=831 execution_us=53570 reason=tracking_pose_accepted
x=2.1 y=2.0507 yaw=-0.0364225 score=0.954892 valid=1 mode=tracking state=TRACKING evaluated=831 execution_us=54300 reason=tracking_pose_accepted
x=2.1 y=2.0507 yaw=-0.0373566 score=0.956228 valid=1 mode=tracking state=TRACKING evaluated=831 execution_us=53446 reason=tracking_pose_accepted
x=2.1 y=2.0507 yaw=-0.0382908 score=0.95604 valid=1 mode=tracking state=TRACKING evaluated=831 execution_us=54197 reason=tracking_pose_accepted
x=2.1 y=2.0507 yaw=-0.0392249 score=0.956648 valid=1 mode=tracking state=TRACKING evaluated=831 execution_us=60903 reason=tracking_pose_accepted
x=2.1 y=2.0507 yaw=-0.0227058 score=0.95672 valid=1 mode=tracking state=TRACKING evaluated=831 execution_us=60809 reason=tracking_pose_accepted
x=2.1 y=2.0507 yaw=-0.0410932 score=0.953982 valid=1 mode=tracking state=TRACKING evaluated=831 execution_us=61323 reason=tracking_pose_accepted
x=2.1 y=2.0507 yaw=-0.0245741 score=0.955773 valid=1 mode=tracking state=TRACKING evaluated=831 execution_us=61750 reason=tracking_pose_accepted
x=2.1 y=2.0507 yaw=-0.0255082 score=0.955284 valid=1 mode=tracking state=TRACKING evaluated=831 execution_us=58613 reason=tracking_pose_accepted
x=2.1 y=2.0507 yaw=-0.0438957 score=0.956863 valid=1 mode=tracking state=TRACKING evaluated=831 execution_us=58086 reason=tracking_pose_accepted
x=2.1 y=2.0507 yaw=-0.0273765 score=0.958096 valid=1 mode=tracking state=TRACKING evaluated=831 execution_us=55670 reason=tracking_pose_accepted
x=2.1 y=2.0507 yaw=-0.0283107 score=0.95352 valid=1 mode=tracking state=TRACKING evaluated=831 execution_us=55187 reason=tracking_pose_accepted
x=2.1 y=2.0507 yaw=-0.0292448 score=0.953487 valid=1 mode=tracking state=TRACKING evaluated=831 execution_us=55990 reason=tracking_pose_accepted
x=2.1 y=2.0507 yaw=-0.030179 score=0.955806 valid=1 mode=tracking state=TRACKING evaluated=831 execution_us=56345 reason=tracking_pose_accepted
x=2.1 y=2.0507 yaw=-0.0311131 score=0.95592 valid=1 mode=tracking state=TRACKING evaluated=831 execution_us=55887 reason=tracking_pose_accepted
x=2.1 y=2.0507 yaw=-0.0320473 score=0.9534 valid=1 mode=tracking state=TRACKING evaluated=831 execution_us=56352 reason=tracking_pose_accepted
x=2.1 y=2.0507 yaw=-0.0329814 score=0.958493 valid=1 mode=tracking state=TRACKING evaluated=831 execution_us=59721 reason=tracking_pose_accepted
x=2.1 y=2.0507 yaw=-0.0339156 score=0.956935 valid=1 mode=tracking state=TRACKING evaluated=831 execution_us=59536 reason=tracking_pose_accepted
x=2.1 y=2.0507 yaw=-0.0348497 score=0.95588 valid=1 mode=tracking state=TRACKING evaluated=831 execution_us=60310 reason=tracking_pose_accepted
x=2.1 y=2.0507 yaw=-0.0357839 score=0.957345 valid=1 mode=tracking state=TRACKING evaluated=831 execution_us=59646 reason=tracking_pose_accepted
x=2.1 y=2.0507 yaw=-0.036718 score=0.957178 valid=1 mode=tracking state=TRACKING evaluated=831 execution_us=60505 reason=tracking_pose_accepted
x=2.1 y=2.0507 yaw=-0.0376522 score=0.956873 valid=1 mode=tracking state=TRACKING evaluated=831 execution_us=61071 reason=tracking_pose_accepted
x=2.1 y=2.0507 yaw=-0.0385863 score=0.953662 valid=1 mode=tracking state=TRACKING evaluated=831 execution_us=57690 reason=tracking_pose_accepted
x=2.1 y=2.0507 yaw=-0.0395205 score=0.957288 valid=1 mode=tracking state=TRACKING evaluated=831 execution_us=57619 reason=tracking_pose_accepted
x=2.1 y=2.0507 yaw=-0.0404547 score=0.953206 valid=1 mode=tracking state=TRACKING evaluated=831 execution_us=57353 reason=tracking_pose_accepted
x=2.1 y=2.0507 yaw=-0.0413888 score=0.956873 valid=1 mode=tracking state=TRACKING evaluated=831 execution_us=57632 reason=tracking_pose_accepted
x=2.1 y=2.0507 yaw=-0.042323 score=0.957096 valid=1 mode=tracking state=TRACKING evaluated=831 execution_us=58819 reason=tracking_pose_accepted
x=2.1 y=2.0507 yaw=-0.0258039 score=0.955576 valid=1 mode=tracking state=TRACKING evaluated=831 execution_us=57965 reason=tracking_pose_accepted
x=2.1 y=2.0507 yaw=-0.026738 score=0.955302 valid=1 mode=tracking state=TRACKING evaluated=831 execution_us=61481 reason=tracking_pose_accepted
x=2.1 y=2.0507 yaw=-0.0276722 score=0.9544 valid=1 mode=tracking state=TRACKING evaluated=831 execution_us=52540 reason=tracking_pose_accepted
x=2.1 y=2.0507 yaw=-0.0286064 score=0.956228 valid=1 mode=tracking state=TRACKING evaluated=831 execution_us=52248 reason=tracking_pose_accepted
x=2.1 y=2.0507 yaw=-0.0295405 score=0.956303 valid=1 mode=tracking state=TRACKING evaluated=831 execution_us=52295 reason=tracking_pose_accepted
x=2.1 y=2.0507 yaw=-0.0304747 score=0.955806 valid=1 mode=tracking state=TRACKING evaluated=831 execution_us=52178 reason=tracking_pose_accepted
x=2.1 y=2.1007 yaw=-0.0314088 score=0.956648 valid=1 mode=tracking state=TRACKING evaluated=831 execution_us=52259 reason=tracking_pose_accepted
x=2.1 y=2.0507 yaw=-0.032343 score=0.956591 valid=1 mode=tracking state=TRACKING evaluated=807 execution_us=59416 reason=tracking_pose_accepted
x=2.1 y=2.0507 yaw=-0.0332771 score=0.954208 valid=1 mode=tracking state=TRACKING evaluated=831 execution_us=60151 reason=tracking_pose_accepted
x=2.1 y=2.0507 yaw=-0.0342113 score=0.958065 valid=1 mode=tracking state=TRACKING evaluated=831 execution_us=59700 reason=tracking_pose_accepted
x=2.1 y=2.0507 yaw=-0.0351454 score=0.954469 valid=1 mode=tracking state=TRACKING evaluated=831 execution_us=60096 reason=tracking_pose_accepted
x=2.1 y=2.05071 yaw=-0.0360796 score=0.954907 valid=1 mode=tracking state=TRACKING evaluated=831 execution_us=60329 reason=tracking_pose_accepted
x=2.1 y=2.05071 yaw=-0.0195604 score=0.960581 valid=1 mode=tracking state=TRACKING evaluated=831 execution_us=60226 reason=tracking_pose_accepted
mission_command=STOP
x=2.1 y=2.05071 yaw=-0.0379479 score=0.954245 valid=1 mode=tracking state=TRACKING evaluated=831 execution_us=53685 reason=tracking_pose_accepted
[YDLIDAR] Now lidar scanning has stopped!
lidar_state=STOPPED
signal_handler(15)
