mission_command=START
[YDLIDAR] SDK initializing
[YDLIDAR] SDK has been initialized
[YDLIDAR] SDK Version: 1.2.7
[YDLIDAR] Lidar successfully connected [/dev/ttyS3:230400]
[YDLIDAR] Lidar running correctly! The health status: good
Current Lidar Model Code 151
[YDLIDAR] Baseplate device info
Firmware version: 1.2
Hardware version: 1
Model: Tmini Plus
Serial: 2025042300090381
[YDLIDAR] Current scan frequency: 10.00Hz
[YDLIDAR] Current scan frequency: 10.00Hz
[YDLIDAR] Lidar init success, Elapsed time 979 ms
[YDLIDAR] Create thread 0xA69824C0
[YDLIDAR] Successed to start scan mode, Elapsed time 2097 ms
[YDLIDAR] Scan Frequency: 10.00Hz
[YDLIDAR] Fixed Size: 400
[YDLIDAR] Sample Rate: 4.00K
[YDLIDAR] Successed to check the lidar, Elapsed time 0 ms
[2026-07-24 00:00:49][info] [YDLIDAR] Now lidar is scanning...
lidar_state=RUNNING
x=3.25 y=1.5 yaw=1.1781 score=0.980321 valid=1 mode=global state=RECOVERED evaluated=15444 execution_us=862270 reason=initial_global_pose_accepted
x=3.25 y=1.5 yaw=1.17716 score=0.989482 valid=1 mode=tracking state=RECOVERED evaluated=807 execution_us=47988 reason=recovery_confirmation_pending
x=3.25 y=1.5 yaw=1.17623 score=0.984494 valid=1 mode=tracking state=RECOVERED evaluated=807 execution_us=46973 reason=recovery_confirmation_pending
x=3.25 y=1.5 yaw=1.17529 score=0.987943 valid=1 mode=tracking state=TRACKING evaluated=807 execution_us=45935 reason=recovery_confirmed
x=3.25 y=1.5 yaw=1.17436 score=0.982393 valid=1 mode=tracking state=TRACKING evaluated=807 execution_us=46609 reason=tracking_pose_accepted
x=3.25 y=1.5 yaw=1.17343 score=0.98017 valid=1 mode=tracking state=TRACKING evaluated=807 execution_us=45614 reason=tracking_pose_accepted
x=3.25 y=1.5 yaw=1.17249 score=0.98381 valid=1 mode=tracking state=TRACKING evaluated=807 execution_us=45843 reason=tracking_pose_accepted
x=3.25 y=1.5 yaw=1.17156 score=0.985927 valid=1 mode=tracking state=TRACKING evaluated=807 execution_us=45999 reason=tracking_pose_accepted
x=3.25 y=1.5 yaw=1.17062 score=0.986269 valid=1 mode=tracking state=TRACKING evaluated=807 execution_us=45709 reason=tracking_pose_accepted
x=3.25 y=1.5 yaw=1.16969 score=0.983792 valid=1 mode=tracking state=TRACKING evaluated=807 execution_us=45906 reason=tracking_pose_accepted
x=3.25 y=1.5 yaw=1.16876 score=0.985664 valid=1 mode=tracking state=TRACKING evaluated=807 execution_us=46273 reason=tracking_pose_accepted
x=3.25 y=1.5 yaw=1.16782 score=0.981279 valid=1 mode=tracking state=TRACKING evaluated=807 execution_us=45827 reason=tracking_pose_accepted
x=3.25 y=1.5 yaw=1.18434 score=0.984576 valid=1 mode=tracking state=TRACKING evaluated=807 execution_us=45562 reason=tracking_pose_accepted
x=3.25 y=1.5 yaw=1.18341 score=0.982308 valid=1 mode=tracking state=TRACKING evaluated=807 execution_us=45975 reason=tracking_pose_accepted
x=3.25 y=1.5 yaw=1.18247 score=0.983308 valid=1 mode=tracking state=TRACKING evaluated=807 execution_us=45736 reason=tracking_pose_accepted
x=3.25 y=1.5 yaw=1.18154 score=0.983143 valid=1 mode=tracking state=TRACKING evaluated=807 execution_us=46306 reason=tracking_pose_accepted
x=3.25 y=1.5 yaw=1.1806 score=0.984685 valid=1 mode=tracking state=TRACKING evaluated=807 execution_us=45612 reason=tracking_pose_accepted
x=3.25 y=1.5 yaw=1.17967 score=0.987672 valid=1 mode=tracking state=TRACKING evaluated=807 execution_us=45639 reason=tracking_pose_accepted
x=3.25 y=1.5 yaw=1.17874 score=0.984957 valid=1 mode=tracking state=TRACKING evaluated=807 execution_us=45894 reason=tracking_pose_accepted
x=3.25 y=1.5 yaw=1.1778 score=0.983541 valid=1 mode=tracking state=TRACKING evaluated=807 execution_us=45744 reason=tracking_pose_accepted
x=3.25 y=1.5 yaw=1.17687 score=0.985181 valid=1 mode=tracking state=TRACKING evaluated=807 execution_us=45520 reason=tracking_pose_accepted
x=3.25 y=1.5 yaw=1.17593 score=0.985483 valid=1 mode=tracking state=TRACKING evaluated=807 execution_us=45642 reason=tracking_pose_accepted
x=3.25 y=1.5 yaw=1.175 score=0.983983 valid=1 mode=tracking state=TRACKING evaluated=807 execution_us=46116 reason=tracking_pose_accepted
x=3.25 y=1.5 yaw=1.17407 score=0.983742 valid=1 mode=tracking state=TRACKING evaluated=807 execution_us=46470 reason=tracking_pose_accepted
x=3.25 y=1.5 yaw=1.17313 score=0.983451 valid=1 mode=tracking state=TRACKING evaluated=807 execution_us=45812 reason=tracking_pose_accepted
x=3.25 y=1.5 yaw=1.1722 score=0.981893 valid=1 mode=tracking state=TRACKING evaluated=807 execution_us=45915 reason=tracking_pose_accepted
x=3.25 y=1.5 yaw=1.17126 score=0.981022 valid=1 mode=tracking state=TRACKING evaluated=807 execution_us=46344 reason=tracking_pose_accepted
x=3.25 y=1.5 yaw=1.17033 score=0.983248 valid=1 mode=tracking state=TRACKING evaluated=807 execution_us=45529 reason=tracking_pose_accepted
x=3.25 y=1.5 yaw=1.16939 score=0.982983 valid=1 mode=tracking state=TRACKING evaluated=807 execution_us=45586 reason=tracking_pose_accepted
x=3.25 y=1.5 yaw=1.16846 score=0.980321 valid=1 mode=tracking state=TRACKING evaluated=807 execution_us=45586 reason=tracking_pose_accepted
x=3.25 y=1.5 yaw=1.18498 score=0.9814 valid=1 mode=tracking state=TRACKING evaluated=807 execution_us=45611 reason=tracking_pose_accepted
x=3.25 y=1.5 yaw=1.16659 score=0.984415 valid=1 mode=tracking state=TRACKING evaluated=807 execution_us=46130 reason=tracking_pose_accepted
x=3.25 y=1.5 yaw=1.16566 score=0.984314 valid=1 mode=tracking state=TRACKING evaluated=807 execution_us=45613 reason=tracking_pose_accepted
x=3.25 y=1.5 yaw=1.18218 score=0.982208 valid=1 mode=tracking state=TRACKING evaluated=807 execution_us=46106 reason=tracking_pose_accepted
x=3.25 y=1.5 yaw=1.18124 score=0.983153 valid=1 mode=tracking state=TRACKING evaluated=807 execution_us=46531 reason=tracking_pose_accepted
x=3.25 y=1.5 yaw=1.18031 score=0.987177 valid=1 mode=tracking state=TRACKING evaluated=807 execution_us=45595 reason=tracking_pose_accepted
x=3.25 y=1.5 yaw=1.17937 score=0.98879 valid=1 mode=tracking state=TRACKING evaluated=807 execution_us=45761 reason=tracking_pose_accepted
x=3.25 y=1.5 yaw=1.17844 score=0.988758 valid=1 mode=tracking state=TRACKING evaluated=807 execution_us=46144 reason=tracking_pose_accepted
x=3.25 y=1.5 yaw=1.17751 score=0.988487 valid=1 mode=tracking state=TRACKING evaluated=807 execution_us=45546 reason=tracking_pose_accepted
x=3.25 y=1.5 yaw=1.17657 score=0.982713 valid=1 mode=tracking state=TRACKING evaluated=807 execution_us=46048 reason=tracking_pose_accepted
x=3.25 y=1.5 yaw=1.17564 score=0.983992 valid=1 mode=tracking state=TRACKING evaluated=807 execution_us=45897 reason=tracking_pose_accepted
x=3.25 y=1.5 yaw=1.1747 score=0.9854 valid=1 mode=tracking state=TRACKING evaluated=807 execution_us=45836 reason=tracking_pose_accepted
x=3.25 y=1.5 yaw=1.17377 score=0.98369 valid=1 mode=tracking state=TRACKING evaluated=807 execution_us=46096 reason=tracking_pose_accepted
x=3.25 y=1.5 yaw=1.17284 score=0.980552 valid=1 mode=tracking state=TRACKING evaluated=807 execution_us=46348 reason=tracking_pose_accepted
x=3.25 y=1.5 yaw=1.1719 score=0.982067 valid=1 mode=tracking state=TRACKING evaluated=807 execution_us=46046 reason=tracking_pose_accepted
x=3.25 y=1.5 yaw=1.17097 score=0.987873 valid=1 mode=tracking state=TRACKING evaluated=807 execution_us=46147 reason=tracking_pose_accepted
x=3.25 y=1.5 yaw=1.17003 score=0.983271 valid=1 mode=tracking state=TRACKING evaluated=807 execution_us=45757 reason=tracking_pose_accepted
x=3.25 y=1.5 yaw=1.1691 score=0.986224 valid=1 mode=tracking state=TRACKING evaluated=807 execution_us=46028 reason=tracking_pose_accepted
x=3.25 y=1.5 yaw=1.16817 score=0.987132 valid=1 mode=tracking state=TRACKING evaluated=807 execution_us=46024 reason=tracking_pose_accepted
x=3.25 y=1.5 yaw=1.16723 score=0.984064 valid=1 mode=tracking state=TRACKING evaluated=807 execution_us=46111 reason=tracking_pose_accepted
x=3.25 y=1.5 yaw=1.1663 score=0.981813 valid=1 mode=tracking state=TRACKING evaluated=807 execution_us=46242 reason=tracking_pose_accepted
x=3.25 y=1.5 yaw=1.18282 score=0.986124 valid=1 mode=tracking state=TRACKING evaluated=807 execution_us=45501 reason=tracking_pose_accepted
x=3.25 y=1.5 yaw=1.18188 score=0.982639 valid=1 mode=tracking state=TRACKING evaluated=807 execution_us=45789 reason=tracking_pose_accepted
x=3.25 y=1.5 yaw=1.18095 score=0.984024 valid=1 mode=tracking state=TRACKING evaluated=807 execution_us=46418 reason=tracking_pose_accepted
x=3.25 y=1.5 yaw=1.18001 score=0.985108 valid=1 mode=tracking state=TRACKING evaluated=807 execution_us=45536 reason=tracking_pose_accepted
x=3.25 y=1.5 yaw=1.17908 score=0.987735 valid=1 mode=tracking state=TRACKING evaluated=807 execution_us=45931 reason=tracking_pose_accepted
x=3.25 y=1.5 yaw=1.17815 score=0.987823 valid=1 mode=tracking state=TRACKING evaluated=807 execution_us=45910 reason=tracking_pose_accepted
x=3.25 y=1.5 yaw=1.17721 score=0.988365 valid=1 mode=tracking state=TRACKING evaluated=807 execution_us=45817 reason=tracking_pose_accepted
x=3.25 y=1.5 yaw=1.17628 score=0.983123 valid=1 mode=tracking state=TRACKING evaluated=807 execution_us=45963 reason=tracking_pose_accepted
x=3.25 y=1.5 yaw=1.15789 score=0.982725 valid=1 mode=tracking state=TRACKING evaluated=807 execution_us=45817 reason=tracking_pose_accepted
x=3.2 y=1.55 yaw=1.15696 score=0.983121 valid=1 mode=tracking state=TRACKING evaluated=807 execution_us=45326 reason=tracking_pose_accepted
x=3.2 y=1.6 yaw=1.15602 score=0.984212 valid=1 mode=tracking state=TRACKING evaluated=807 execution_us=45368 reason=tracking_pose_accepted
x=3.15 y=1.65 yaw=1.12018 score=0.977652 valid=1 mode=tracking state=TRACKING evaluated=807 execution_us=45109 reason=tracking_pose_accepted
x=3.15 y=1.7 yaw=1.1367 score=0.976807 valid=1 mode=tracking state=TRACKING evaluated=807 execution_us=44827 reason=tracking_pose_accepted
x=3.1 y=1.7 yaw=1.20558 score=0.971973 valid=1 mode=tracking state=TRACKING evaluated=807 execution_us=45763 reason=tracking_pose_accepted
x=3.05 y=1.75 yaw=1.27446 score=0.968597 valid=1 mode=tracking state=TRACKING evaluated=807 execution_us=46851 reason=tracking_pose_accepted
x=3 y=1.8 yaw=1.37824 score=0.971533 valid=1 mode=tracking state=TRACKING evaluated=807 execution_us=45224 reason=tracking_pose_accepted
x=2.95 y=1.85 yaw=1.49948 score=0.961997 valid=1 mode=tracking state=TRACKING evaluated=807 execution_us=45560 reason=tracking_pose_accepted
x=2.9 y=1.9 yaw=1.63818 score=0.961792 valid=1 mode=tracking state=TRACKING evaluated=789 execution_us=44579 reason=tracking_pose_accepted
x=2.85 y=1.9 yaw=1.74196 score=0.94656 valid=1 mode=tracking state=TRACKING evaluated=807 execution_us=46001 reason=tracking_pose_accepted
x=2.8 y=1.95 yaw=1.82829 score=0.946298 valid=1 mode=tracking state=TRACKING evaluated=807 execution_us=45600 reason=tracking_pose_accepted
x=2.7 y=1.95 yaw=1.93208 score=0.93774 valid=1 mode=tracking state=TRACKING evaluated=789 execution_us=44584 reason=tracking_pose_accepted
x=2.65 y=2 yaw=2.00096 score=0.954698 valid=1 mode=tracking state=TRACKING evaluated=789 execution_us=44542 reason=tracking_pose_accepted
x=2.6 y=2 yaw=2.08729 score=0.953215 valid=1 mode=tracking state=TRACKING evaluated=807 execution_us=45195 reason=tracking_pose_accepted
x=2.55 y=2.05 yaw=2.15617 score=0.937001 valid=1 mode=tracking state=TRACKING evaluated=807 execution_us=45329 reason=tracking_pose_accepted
x=2.45 y=2.05 yaw=2.2076 score=0.964471 valid=1 mode=tracking state=TRACKING evaluated=807 execution_us=45402 reason=tracking_pose_accepted
x=2.4 y=2.05 yaw=2.24157 score=0.963738 valid=1 mode=tracking state=TRACKING evaluated=807 execution_us=45449 reason=tracking_pose_accepted
x=2.29999 y=2.05 yaw=2.25809 score=0.95211 valid=1 mode=tracking state=TRACKING evaluated=807 execution_us=45036 reason=tracking_pose_accepted
x=2.24999 y=2.05 yaw=2.29206 score=0.962318 valid=1 mode=tracking state=TRACKING evaluated=807 execution_us=45642 reason=tracking_pose_accepted
x=2.19999 y=2.05 yaw=2.37839 score=0.936305 valid=1 mode=tracking state=TRACKING evaluated=807 execution_us=45325 reason=tracking_pose_accepted
x=2.09999 y=2.05 yaw=2.41236 score=0.936308 valid=1 mode=tracking state=TRACKING evaluated=807 execution_us=45335 reason=tracking_pose_accepted
x=2.04999 y=2.1 yaw=2.46379 score=0.956419 valid=1 mode=tracking state=TRACKING evaluated=831 execution_us=45882 reason=tracking_pose_accepted
x=1.99999 y=2.15 yaw=2.46285 score=0.965498 valid=1 mode=tracking state=TRACKING evaluated=807 execution_us=44879 reason=tracking_pose_accepted
x=1.94999 y=2.2 yaw=2.47937 score=0.960549 valid=1 mode=tracking state=TRACKING evaluated=807 execution_us=45342 reason=tracking_pose_accepted
x=1.89999 y=2.2 yaw=2.44353 score=0.959078 valid=1 mode=tracking state=TRACKING evaluated=807 execution_us=45396 reason=tracking_pose_accepted
x=1.84999 y=2.25 yaw=2.4426 score=0.921476 valid=1 mode=tracking state=TRACKING evaluated=807 execution_us=44871 reason=tracking_pose_accepted
x=1.79999 y=2.3 yaw=2.58129 score=0.923942 valid=1 mode=tracking state=TRACKING evaluated=807 execution_us=45500 reason=tracking_pose_accepted
x=1.7 y=2.3 yaw=2.65017 score=0.955742 valid=1 mode=tracking state=TRACKING evaluated=807 execution_us=45523 reason=tracking_pose_accepted
x=1.7 y=2.35 yaw=2.63178 score=0.972662 valid=1 mode=tracking state=TRACKING evaluated=807 execution_us=45375 reason=tracking_pose_accepted
x=1.65 y=2.35 yaw=2.52613 score=0.95856 valid=1 mode=tracking state=TRACKING evaluated=807 execution_us=44183 reason=tracking_pose_accepted
x=1.6 y=2.35 yaw=2.40302 score=0.9478 valid=1 mode=tracking state=TRACKING evaluated=807 execution_us=44472 reason=tracking_pose_accepted
x=1.6 y=2.35 yaw=2.29737 score=0.96171 valid=1 mode=tracking state=TRACKING evaluated=807 execution_us=44460 reason=tracking_pose_accepted
x=1.55 y=2.35 yaw=2.26153 score=0.972715 valid=1 mode=tracking state=TRACKING evaluated=807 execution_us=44141 reason=tracking_pose_accepted
x=1.5 y=2.4 yaw=2.27805 score=0.951606 valid=1 mode=tracking state=TRACKING evaluated=807 execution_us=43957 reason=tracking_pose_accepted
x=1.5 y=2.4 yaw=2.17239 score=0.953633 valid=1 mode=tracking state=TRACKING evaluated=807 execution_us=44558 reason=tracking_pose_accepted
x=1.45 y=2.4 yaw=2.06674 score=0.941859 valid=1 mode=tracking state=TRACKING evaluated=807 execution_us=44907 reason=tracking_pose_accepted
x=1.44999 y=2.4 yaw=1.92618 score=0.948145 valid=1 mode=tracking state=TRACKING evaluated=807 execution_us=50949 reason=tracking_pose_accepted
x=1.39999 y=2.4 yaw=1.78562 score=0.969026 valid=1 mode=tracking state=TRACKING evaluated=807 execution_us=44907 reason=tracking_pose_accepted
x=1.39999 y=2.4 yaw=1.6276 score=0.957643 valid=1 mode=tracking state=TRACKING evaluated=807 execution_us=45427 reason=tracking_pose_accepted
x=1.34999 y=2.4 yaw=1.52195 score=0.972631 valid=1 mode=tracking state=TRACKING evaluated=807 execution_us=45549 reason=tracking_pose_accepted
x=1.34999 y=2.4 yaw=1.39884 score=0.94734 valid=1 mode=tracking state=TRACKING evaluated=807 execution_us=44628 reason=tracking_pose_accepted
x=1.29999 y=2.4 yaw=1.34555 score=0.965414 valid=1 mode=tracking state=TRACKING evaluated=807 execution_us=44580 reason=tracking_pose_accepted
x=1.24999 y=2.4 yaw=1.32716 score=0.973742 valid=1 mode=tracking state=TRACKING evaluated=807 execution_us=45463 reason=tracking_pose_accepted
x=1.19999 y=2.4 yaw=1.41349 score=0.963341 valid=1 mode=tracking state=TRACKING evaluated=807 execution_us=44794 reason=tracking_pose_accepted
x=1.14999 y=2.4 yaw=1.49983 score=0.95944 valid=1 mode=tracking state=TRACKING evaluated=807 execution_us=44992 reason=tracking_pose_accepted
x=1.09999 y=2.4 yaw=1.60361 score=0.964706 valid=1 mode=tracking state=TRACKING evaluated=807 execution_us=44745 reason=tracking_pose_accepted
x=1.09999 y=2.4 yaw=1.7423 score=0.945976 valid=1 mode=tracking state=TRACKING evaluated=807 execution_us=45205 reason=tracking_pose_accepted
x=1.04999 y=2.4 yaw=1.93336 score=0.948876 valid=1 mode=tracking state=TRACKING evaluated=807 execution_us=45667 reason=tracking_pose_accepted
x=1.04999 y=2.45 yaw=2.12441 score=0.916644 valid=1 mode=tracking state=TRACKING evaluated=807 execution_us=44914 reason=tracking_pose_accepted
x=0.999994 y=2.45 yaw=2.33291 score=0.934589 valid=1 mode=tracking state=TRACKING evaluated=807 execution_us=45008 reason=tracking_pose_accepted
x=0.949994 y=2.45 yaw=2.52396 score=0.920555 valid=1 mode=tracking state=TRACKING evaluated=807 execution_us=45754 reason=tracking_pose_accepted
x=0.949994 y=2.45 yaw=2.73247 score=0.883509 valid=0 mode=tracking state=DEGRADED evaluated=807 execution_us=47634 reason=tracking_score_below_threshold
x=0.899994 y=2.45 yaw=2.97682 score=0.917787 valid=1 mode=tracking state=TRACKING evaluated=807 execution_us=46312 reason=tracking_quality_restored
x=0.899994 y=2.45 yaw=3.11551 score=0.911552 valid=1 mode=tracking state=TRACKING evaluated=807 execution_us=45881 reason=tracking_pose_accepted
x=0.899994 y=2.44999 yaw=3.32401 score=0.912027 valid=1 mode=tracking state=TRACKING evaluated=807 execution_us=45506 reason=tracking_pose_accepted
x=0.899994 y=2.39999 yaw=3.49761 score=0.927851 valid=1 mode=tracking state=TRACKING evaluated=807 execution_us=45899 reason=tracking_pose_accepted
x=0.899994 y=2.39999 yaw=3.70612 score=0.934526 valid=1 mode=tracking state=TRACKING evaluated=807 execution_us=45566 reason=tracking_pose_accepted
x=0.899994 y=2.39999 yaw=3.86226 score=0.950909 valid=1 mode=tracking state=TRACKING evaluated=807 execution_us=45503 reason=tracking_pose_accepted
x=0.899994 y=2.39999 yaw=4.05331 score=0.959013 valid=1 mode=tracking state=TRACKING evaluated=807 execution_us=45555 reason=tracking_pose_accepted
x=0.849994 y=2.39999 yaw=4.1571 score=0.977385 valid=1 mode=tracking state=TRACKING evaluated=807 execution_us=45130 reason=tracking_pose_accepted
x=0.849994 y=2.39999 yaw=4.19107 score=0.979681 valid=1 mode=tracking state=TRACKING evaluated=807 execution_us=45398 reason=tracking_pose_accepted
x=0.849994 y=2.44999 yaw=4.15523 score=0.945413 valid=1 mode=tracking state=TRACKING evaluated=807 execution_us=45442 reason=tracking_pose_accepted
x=0.899994 y=2.44999 yaw=4.1543 score=0.944733 valid=1 mode=tracking state=TRACKING evaluated=807 execution_us=45306 reason=tracking_pose_accepted
x=0.899994 y=2.44999 yaw=4.15336 score=0.974327 valid=1 mode=tracking state=TRACKING evaluated=807 execution_us=45435 reason=tracking_pose_accepted
x=0.899994 y=2.44999 yaw=4.16988 score=0.973313 valid=1 mode=tracking state=TRACKING evaluated=807 execution_us=45146 reason=tracking_pose_accepted
x=0.899994 y=2.44999 yaw=4.25621 score=0.970019 valid=1 mode=tracking state=TRACKING evaluated=807 execution_us=45279 reason=tracking_pose_accepted
x=0.899994 y=2.49999 yaw=4.29018 score=0.96777 valid=1 mode=tracking state=TRACKING evaluated=807 execution_us=45444 reason=tracking_pose_accepted
x=0.899994 y=2.49999 yaw=4.3067 score=0.95728 valid=1 mode=tracking state=TRACKING evaluated=807 execution_us=44766 reason=tracking_pose_accepted
x=0.849994 y=2.49999 yaw=4.32322 score=0.958421 valid=1 mode=tracking state=TRACKING evaluated=807 execution_us=45161 reason=tracking_pose_accepted
x=0.849994 y=2.49999 yaw=4.23502 score=0.964482 valid=1 mode=tracking state=TRACKING evaluated=807 execution_us=45487 reason=tracking_pose_accepted
x=0.849994 y=2.49999 yaw=4.21663 score=0.967273 valid=1 mode=tracking state=TRACKING evaluated=807 execution_us=45212 reason=tracking_pose_accepted
x=0.899994 y=2.44999 yaw=4.25061 score=0.946565 valid=1 mode=tracking state=TRACKING evaluated=807 execution_us=45459 reason=tracking_pose_accepted
x=0.899994 y=2.44999 yaw=4.31949 score=0.978401 valid=1 mode=tracking state=TRACKING evaluated=807 execution_us=46227 reason=tracking_pose_accepted
x=0.899994 y=2.44999 yaw=4.35346 score=0.973157 valid=1 mode=tracking state=TRACKING evaluated=807 execution_us=45341 reason=tracking_pose_accepted
x=0.899994 y=2.44999 yaw=4.33507 score=0.960559 valid=1 mode=tracking state=TRACKING evaluated=807 execution_us=45329 reason=tracking_pose_accepted
x=0.849994 y=2.44999 yaw=4.36904 score=0.96002 valid=1 mode=tracking state=TRACKING evaluated=807 execution_us=44867 reason=tracking_pose_accepted
x=0.849994 y=2.49999 yaw=4.3332 score=0.964897 valid=1 mode=tracking state=TRACKING evaluated=807 execution_us=45287 reason=tracking_pose_accepted
x=0.849994 y=2.49999 yaw=4.33227 score=0.974393 valid=1 mode=tracking state=TRACKING evaluated=807 execution_us=45568 reason=tracking_pose_accepted
x=0.849994 y=2.49999 yaw=4.33133 score=0.975375 valid=1 mode=tracking state=TRACKING evaluated=807 execution_us=44665 reason=tracking_pose_accepted
x=0.849994 y=2.49999 yaw=4.31294 score=0.958472 valid=1 mode=tracking state=TRACKING evaluated=807 execution_us=45803 reason=tracking_pose_accepted
x=0.849994 y=2.49999 yaw=4.2771 score=0.960621 valid=1 mode=tracking state=TRACKING evaluated=807 execution_us=45165 reason=tracking_pose_accepted
x=0.849994 y=2.49999 yaw=4.25872 score=0.971178 valid=1 mode=tracking state=TRACKING evaluated=807 execution_us=45405 reason=tracking_pose_accepted
x=0.849994 y=2.49999 yaw=4.25778 score=0.965714 valid=1 mode=tracking state=TRACKING evaluated=807 execution_us=46198 reason=tracking_pose_accepted
x=0.849994 y=2.49999 yaw=4.25685 score=0.973587 valid=1 mode=tracking state=TRACKING evaluated=807 execution_us=45446 reason=tracking_pose_accepted
x=0.849994 y=2.49999 yaw=4.25591 score=0.973981 valid=1 mode=tracking state=TRACKING evaluated=807 execution_us=45270 reason=tracking_pose_accepted
x=0.849994 y=2.49999 yaw=4.25498 score=0.974505 valid=1 mode=tracking state=TRACKING evaluated=807 execution_us=45589 reason=tracking_pose_accepted
x=0.849994 y=2.49999 yaw=4.23659 score=0.963341 valid=1 mode=tracking state=TRACKING evaluated=807 execution_us=44681 reason=tracking_pose_accepted
x=0.849994 y=2.49999 yaw=4.23566 score=0.966299 valid=1 mode=tracking state=TRACKING evaluated=807 execution_us=45074 reason=tracking_pose_accepted
x=0.849994 y=2.49999 yaw=4.25218 score=0.960805 valid=1 mode=tracking state=TRACKING evaluated=807 execution_us=45523 reason=tracking_pose_accepted
x=0.899994 y=2.49999 yaw=4.26869 score=0.948264 valid=1 mode=tracking state=TRACKING evaluated=807 execution_us=45454 reason=tracking_pose_accepted
x=0.849994 y=2.49999 yaw=4.30267 score=0.957046 valid=1 mode=tracking state=TRACKING evaluated=807 execution_us=45163 reason=tracking_pose_accepted
x=0.899994 y=2.49999 yaw=4.26683 score=0.952451 valid=1 mode=tracking state=TRACKING evaluated=807 execution_us=45445 reason=tracking_pose_accepted
x=0.899994 y=2.49999 yaw=4.3008 score=0.961202 valid=1 mode=tracking state=TRACKING evaluated=807 execution_us=45082 reason=tracking_pose_accepted
x=0.899994 y=2.49999 yaw=4.29986 score=0.958177 valid=1 mode=tracking state=TRACKING evaluated=807 execution_us=46283 reason=tracking_pose_accepted
x=0.849995 y=2.49999 yaw=4.28148 score=0.967805 valid=1 mode=tracking state=TRACKING evaluated=807 execution_us=45225 reason=tracking_pose_accepted
x=0.849994 y=2.49999 yaw=4.298 score=0.966951 valid=1 mode=tracking state=TRACKING evaluated=807 execution_us=45419 reason=tracking_pose_accepted
x=0.849994 y=2.49999 yaw=4.27961 score=0.963028 valid=1 mode=tracking state=TRACKING evaluated=807 execution_us=46255 reason=tracking_pose_accepted
x=0.849994 y=2.49999 yaw=4.27868 score=0.957006 valid=1 mode=tracking state=TRACKING evaluated=807 execution_us=44972 reason=tracking_pose_accepted
x=0.899994 y=2.49999 yaw=4.2952 score=0.950089 valid=1 mode=tracking state=TRACKING evaluated=807 execution_us=45295 reason=tracking_pose_accepted
x=0.899995 y=2.49999 yaw=4.31172 score=0.952057 valid=1 mode=tracking state=TRACKING evaluated=807 execution_us=45408 reason=tracking_pose_accepted
x=0.899995 y=2.49999 yaw=4.29333 score=0.952982 valid=1 mode=tracking state=TRACKING evaluated=807 execution_us=45173 reason=tracking_pose_accepted
x=0.849995 y=2.49999 yaw=4.29239 score=0.949714 valid=1 mode=tracking state=TRACKING evaluated=807 execution_us=45410 reason=tracking_pose_accepted
x=0.849995 y=2.49999 yaw=4.29146 score=0.969911 valid=1 mode=tracking state=TRACKING evaluated=807 execution_us=45115 reason=tracking_pose_accepted
x=0.849995 y=2.49999 yaw=4.29052 score=0.971211 valid=1 mode=tracking state=TRACKING evaluated=807 execution_us=45491 reason=tracking_pose_accepted
x=0.849995 y=2.49999 yaw=4.30704 score=0.974012 valid=1 mode=tracking state=TRACKING evaluated=807 execution_us=45757 reason=tracking_pose_accepted
x=0.849995 y=2.49999 yaw=4.28866 score=0.968139 valid=1 mode=tracking state=TRACKING evaluated=807 execution_us=44877 reason=tracking_pose_accepted
x=0.849995 y=2.49999 yaw=4.28772 score=0.970751 valid=1 mode=tracking state=TRACKING evaluated=807 execution_us=45172 reason=tracking_pose_accepted
x=0.849995 y=2.49999 yaw=4.28679 score=0.963907 valid=1 mode=tracking state=TRACKING evaluated=807 execution_us=45518 reason=tracking_pose_accepted
x=0.849995 y=2.49999 yaw=4.28585 score=0.968648 valid=1 mode=tracking state=TRACKING evaluated=807 execution_us=45227 reason=tracking_pose_accepted
x=0.849995 y=2.49999 yaw=4.28492 score=0.968309 valid=1 mode=tracking state=TRACKING evaluated=807 execution_us=44788 reason=tracking_pose_accepted
x=0.849995 y=2.49999 yaw=4.30144 score=0.974759 valid=1 mode=tracking state=TRACKING evaluated=807 execution_us=45492 reason=tracking_pose_accepted
x=0.849995 y=2.49999 yaw=4.3005 score=0.977143 valid=1 mode=tracking state=TRACKING evaluated=807 execution_us=45229 reason=tracking_pose_accepted
x=0.849995 y=2.49999 yaw=4.29957 score=0.969516 valid=1 mode=tracking state=TRACKING evaluated=807 execution_us=45438 reason=tracking_pose_accepted
x=0.849995 y=2.49999 yaw=4.28118 score=0.968577 valid=1 mode=tracking state=TRACKING evaluated=807 execution_us=45204 reason=tracking_pose_accepted
x=0.849995 y=2.49999 yaw=4.28024 score=0.968719 valid=1 mode=tracking state=TRACKING evaluated=807 execution_us=45328 reason=tracking_pose_accepted
x=0.849995 y=2.49999 yaw=4.29676 score=0.969661 valid=1 mode=tracking state=TRACKING evaluated=807 execution_us=45119 reason=tracking_pose_accepted
x=0.849995 y=2.49999 yaw=4.29583 score=0.975449 valid=1 mode=tracking state=TRACKING evaluated=807 execution_us=45001 reason=tracking_pose_accepted
x=0.849995 y=2.49999 yaw=4.29489 score=0.972457 valid=1 mode=tracking state=TRACKING evaluated=807 execution_us=45168 reason=tracking_pose_accepted
x=0.849995 y=2.49999 yaw=4.29396 score=0.97095 valid=1 mode=tracking state=TRACKING evaluated=807 execution_us=45278 reason=tracking_pose_accepted
x=0.849995 y=2.49999 yaw=4.29303 score=0.972304 valid=1 mode=tracking state=TRACKING evaluated=807 execution_us=44978 reason=tracking_pose_accepted
x=0.849995 y=2.49999 yaw=4.29209 score=0.971848 valid=1 mode=tracking state=TRACKING evaluated=807 execution_us=45641 reason=tracking_pose_accepted
x=0.849995 y=2.49999 yaw=4.29116 score=0.9715 valid=1 mode=tracking state=TRACKING evaluated=807 execution_us=44938 reason=tracking_pose_accepted
x=0.849995 y=2.49999 yaw=4.29022 score=0.974429 valid=1 mode=tracking state=TRACKING evaluated=807 execution_us=45252 reason=tracking_pose_accepted
x=0.849995 y=2.49999 yaw=4.28929 score=0.969547 valid=1 mode=tracking state=TRACKING evaluated=807 execution_us=45528 reason=tracking_pose_accepted
x=0.849995 y=2.49999 yaw=4.30581 score=0.971157 valid=1 mode=tracking state=TRACKING evaluated=807 execution_us=45352 reason=tracking_pose_accepted
x=0.849995 y=2.49999 yaw=4.26996 score=0.954948 valid=1 mode=tracking state=TRACKING evaluated=807 execution_us=45424 reason=tracking_pose_accepted
x=0.849995 y=2.49999 yaw=4.28648 score=0.969272 valid=1 mode=tracking state=TRACKING evaluated=807 execution_us=45194 reason=tracking_pose_accepted
x=0.849995 y=2.49999 yaw=4.28555 score=0.968597 valid=1 mode=tracking state=TRACKING evaluated=807 execution_us=45121 reason=tracking_pose_accepted
x=0.849995 y=2.49999 yaw=4.28461 score=0.969784 valid=1 mode=tracking state=TRACKING evaluated=807 execution_us=62387 reason=tracking_pose_accepted
x=0.849995 y=2.49999 yaw=4.28368 score=0.967665 valid=1 mode=tracking state=TRACKING evaluated=807 execution_us=92107 reason=tracking_pose_accepted
x=0.849995 y=2.49999 yaw=4.3002 score=0.972386 valid=1 mode=tracking state=TRACKING evaluated=807 execution_us=100348 reason=tracking_pose_accepted
x=0.849995 y=2.49999 yaw=4.29926 score=0.974703 valid=1 mode=tracking state=TRACKING evaluated=807 execution_us=100991 reason=tracking_pose_accepted
x=0.849995 y=2.49999 yaw=4.29833 score=0.974433 valid=1 mode=tracking state=TRACKING evaluated=807 execution_us=46367 reason=tracking_pose_accepted
x=0.849995 y=2.49999 yaw=4.27994 score=0.965668 valid=1 mode=tracking state=TRACKING evaluated=807 execution_us=46189 reason=tracking_pose_accepted
x=0.849995 y=2.49999 yaw=4.27901 score=0.964859 valid=1 mode=tracking state=TRACKING evaluated=807 execution_us=46792 reason=tracking_pose_accepted
x=0.849995 y=2.49999 yaw=4.27807 score=0.965633 valid=1 mode=tracking state=TRACKING evaluated=807 execution_us=45355 reason=tracking_pose_accepted
x=0.849995 y=2.49999 yaw=4.29459 score=0.976124 valid=1 mode=tracking state=TRACKING evaluated=807 execution_us=45395 reason=tracking_pose_accepted
x=0.849995 y=2.49999 yaw=4.29366 score=0.975208 valid=1 mode=tracking state=TRACKING evaluated=807 execution_us=45381 reason=tracking_pose_accepted
x=0.849995 y=2.49999 yaw=4.29272 score=0.971259 valid=1 mode=tracking state=TRACKING evaluated=807 execution_us=45438 reason=tracking_pose_accepted
x=0.849995 y=2.49999 yaw=4.29179 score=0.974103 valid=1 mode=tracking state=TRACKING evaluated=807 execution_us=45789 reason=tracking_pose_accepted
x=0.849995 y=2.49999 yaw=4.29085 score=0.969631 valid=1 mode=tracking state=TRACKING evaluated=807 execution_us=45087 reason=tracking_pose_accepted
x=0.849995 y=2.49999 yaw=4.28992 score=0.971078 valid=1 mode=tracking state=TRACKING evaluated=807 execution_us=44992 reason=tracking_pose_accepted
x=0.849995 y=2.49999 yaw=4.28898 score=0.969728 valid=1 mode=tracking state=TRACKING evaluated=807 execution_us=45527 reason=tracking_pose_accepted
x=0.849995 y=2.49999 yaw=4.28805 score=0.969575 valid=1 mode=tracking state=TRACKING evaluated=807 execution_us=44977 reason=tracking_pose_accepted
x=0.849995 y=2.49999 yaw=4.28712 score=0.971464 valid=1 mode=tracking state=TRACKING evaluated=807 execution_us=45021 reason=tracking_pose_accepted
x=0.849995 y=2.49999 yaw=4.28618 score=0.967334 valid=1 mode=tracking state=TRACKING evaluated=807 execution_us=45375 reason=tracking_pose_accepted
x=0.849995 y=2.49999 yaw=4.28525 score=0.968526 valid=1 mode=tracking state=TRACKING evaluated=807 execution_us=44959 reason=tracking_pose_accepted
x=0.849995 y=2.49999 yaw=4.28431 score=0.968343 valid=1 mode=tracking state=TRACKING evaluated=807 execution_us=45166 reason=tracking_pose_accepted
x=0.849995 y=2.49999 yaw=4.30083 score=0.967762 valid=1 mode=tracking state=TRACKING evaluated=807 execution_us=44958 reason=tracking_pose_accepted
x=0.849995 y=2.49999 yaw=4.2999 score=0.965445 valid=1 mode=tracking state=TRACKING evaluated=807 execution_us=44817 reason=tracking_pose_accepted
x=0.849995 y=2.49999 yaw=4.29896 score=0.970609 valid=1 mode=tracking state=TRACKING evaluated=807 execution_us=45377 reason=tracking_pose_accepted
x=0.849995 y=2.49999 yaw=4.29803 score=0.967935 valid=1 mode=tracking state=TRACKING evaluated=807 execution_us=44875 reason=tracking_pose_accepted
x=0.849995 y=2.49999 yaw=4.29709 score=0.968871 valid=1 mode=tracking state=TRACKING evaluated=807 execution_us=45558 reason=tracking_pose_accepted
x=0.849995 y=2.49999 yaw=4.29616 score=0.969941 valid=1 mode=tracking state=TRACKING evaluated=807 execution_us=45356 reason=tracking_pose_accepted
x=0.849995 y=2.49999 yaw=4.29522 score=0.967191 valid=1 mode=tracking state=TRACKING evaluated=807 execution_us=45275 reason=tracking_pose_accepted
x=0.849995 y=2.49999 yaw=4.29429 score=0.970476 valid=1 mode=tracking state=TRACKING evaluated=807 execution_us=45007 reason=tracking_pose_accepted
x=0.849995 y=2.49999 yaw=4.29335 score=0.971272 valid=1 mode=tracking state=TRACKING evaluated=807 execution_us=45188 reason=tracking_pose_accepted
x=0.849995 y=2.49999 yaw=4.29242 score=0.96808 valid=1 mode=tracking state=TRACKING evaluated=807 execution_us=45458 reason=tracking_pose_accepted
x=0.849995 y=2.49999 yaw=4.29148 score=0.967195 valid=1 mode=tracking state=TRACKING evaluated=807 execution_us=45614 reason=tracking_pose_accepted
x=0.849995 y=2.49999 yaw=4.308 score=0.96681 valid=1 mode=tracking state=TRACKING evaluated=807 execution_us=44792 reason=tracking_pose_accepted
x=0.849995 y=2.49999 yaw=4.30707 score=0.969511 valid=1 mode=tracking state=TRACKING evaluated=807 execution_us=45243 reason=tracking_pose_accepted
x=0.849995 y=2.49999 yaw=4.28868 score=0.967252 valid=1 mode=tracking state=TRACKING evaluated=807 execution_us=45613 reason=tracking_pose_accepted
x=0.849995 y=2.49999 yaw=4.3052 score=0.967269 valid=1 mode=tracking state=TRACKING evaluated=807 execution_us=45142 reason=tracking_pose_accepted
x=0.849995 y=2.49999 yaw=4.30426 score=0.965928 valid=1 mode=tracking state=TRACKING evaluated=807 execution_us=44892 reason=tracking_pose_accepted
x=0.849995 y=2.49999 yaw=4.28588 score=0.966407 valid=1 mode=tracking state=TRACKING evaluated=807 execution_us=45620 reason=tracking_pose_accepted
x=0.849995 y=2.49998 yaw=4.3024 score=0.969461 valid=1 mode=tracking state=TRACKING evaluated=807 execution_us=45547 reason=tracking_pose_accepted
x=0.849995 y=2.49998 yaw=4.30146 score=0.968333 valid=1 mode=tracking state=TRACKING evaluated=807 execution_us=45798 reason=tracking_pose_accepted
x=0.849995 y=2.49998 yaw=4.30053 score=0.971449 valid=1 mode=tracking state=TRACKING evaluated=807 execution_us=45381 reason=tracking_pose_accepted
x=0.849995 y=2.49998 yaw=4.29959 score=0.97077 valid=1 mode=tracking state=TRACKING evaluated=807 execution_us=45756 reason=tracking_pose_accepted
x=0.849995 y=2.49998 yaw=4.29866 score=0.97149 valid=1 mode=tracking state=TRACKING evaluated=807 execution_us=45747 reason=tracking_pose_accepted
x=0.849995 y=2.49998 yaw=4.29772 score=0.97199 valid=1 mode=tracking state=TRACKING evaluated=807 execution_us=45363 reason=tracking_pose_accepted
x=0.849995 y=2.49998 yaw=4.29679 score=0.969717 valid=1 mode=tracking state=TRACKING evaluated=807 execution_us=45182 reason=tracking_pose_accepted
x=0.849995 y=2.49998 yaw=4.29585 score=0.967647 valid=1 mode=tracking state=TRACKING evaluated=807 execution_us=45330 reason=tracking_pose_accepted
x=0.849995 y=2.49998 yaw=4.29492 score=0.969332 valid=1 mode=tracking state=TRACKING evaluated=807 execution_us=45181 reason=tracking_pose_accepted
x=0.849995 y=2.49998 yaw=4.29398 score=0.970324 valid=1 mode=tracking state=TRACKING evaluated=807 execution_us=45528 reason=tracking_pose_accepted
x=0.849995 y=2.49998 yaw=4.29305 score=0.966047 valid=1 mode=tracking state=TRACKING evaluated=807 execution_us=45558 reason=tracking_pose_accepted
x=0.849995 y=2.49998 yaw=4.29212 score=0.970272 valid=1 mode=tracking state=TRACKING evaluated=807 execution_us=45242 reason=tracking_pose_accepted
x=0.849995 y=2.49998 yaw=4.29118 score=0.96796 valid=1 mode=tracking state=TRACKING evaluated=807 execution_us=45406 reason=tracking_pose_accepted
x=0.849995 y=2.49998 yaw=4.29025 score=0.969511 valid=1 mode=tracking state=TRACKING evaluated=807 execution_us=45179 reason=tracking_pose_accepted
x=0.849995 y=2.49998 yaw=4.28931 score=0.966983 valid=1 mode=tracking state=TRACKING evaluated=807 execution_us=44736 reason=tracking_pose_accepted
x=0.849995 y=2.49998 yaw=4.28838 score=0.967118 valid=1 mode=tracking state=TRACKING evaluated=807 execution_us=44956 reason=tracking_pose_accepted
x=0.849995 y=2.49998 yaw=4.28744 score=0.967987 valid=1 mode=tracking state=TRACKING evaluated=807 execution_us=44940 reason=tracking_pose_accepted
x=0.849995 y=2.49998 yaw=4.30396 score=0.972855 valid=1 mode=tracking state=TRACKING evaluated=807 execution_us=45137 reason=tracking_pose_accepted
x=0.849995 y=2.49998 yaw=4.28557 score=0.965826 valid=1 mode=tracking state=TRACKING evaluated=807 execution_us=45167 reason=tracking_pose_accepted
x=0.849995 y=2.49998 yaw=4.30209 score=0.968343 valid=1 mode=tracking state=TRACKING evaluated=807 execution_us=45428 reason=tracking_pose_accepted
x=0.849995 y=2.49998 yaw=4.30116 score=0.965126 valid=1 mode=tracking state=TRACKING evaluated=807 execution_us=45287 reason=tracking_pose_accepted
x=0.849995 y=2.49998 yaw=4.30022 score=0.971078 valid=1 mode=tracking state=TRACKING evaluated=807 execution_us=45043 reason=tracking_pose_accepted
x=0.849995 y=2.49998 yaw=4.29929 score=0.969877 valid=1 mode=tracking state=TRACKING evaluated=807 execution_us=44929 reason=tracking_pose_accepted
x=0.849995 y=2.49998 yaw=4.29836 score=0.970491 valid=1 mode=tracking state=TRACKING evaluated=807 execution_us=45324 reason=tracking_pose_accepted
x=0.849995 y=2.49998 yaw=4.29742 score=0.96731 valid=1 mode=tracking state=TRACKING evaluated=807 execution_us=45438 reason=tracking_pose_accepted
x=0.849995 y=2.49998 yaw=4.29649 score=0.972875 valid=1 mode=tracking state=TRACKING evaluated=807 execution_us=45105 reason=tracking_pose_accepted
x=0.849995 y=2.49998 yaw=4.29555 score=0.969356 valid=1 mode=tracking state=TRACKING evaluated=807 execution_us=45110 reason=tracking_pose_accepted
x=0.849995 y=2.49998 yaw=4.29462 score=0.969914 valid=1 mode=tracking state=TRACKING evaluated=807 execution_us=45260 reason=tracking_pose_accepted
x=0.849995 y=2.49998 yaw=4.29368 score=0.972256 valid=1 mode=tracking state=TRACKING evaluated=807 execution_us=45392 reason=tracking_pose_accepted
x=0.849995 y=2.49998 yaw=4.29275 score=0.968309 valid=1 mode=tracking state=TRACKING evaluated=807 execution_us=45281 reason=tracking_pose_accepted
x=0.849995 y=2.49998 yaw=4.29181 score=0.969056 valid=1 mode=tracking state=TRACKING evaluated=807 execution_us=44781 reason=tracking_pose_accepted
x=0.849995 y=2.49998 yaw=4.29088 score=0.968332 valid=1 mode=tracking state=TRACKING evaluated=807 execution_us=45603 reason=tracking_pose_accepted
x=0.849995 y=2.49998 yaw=4.28994 score=0.969272 valid=1 mode=tracking state=TRACKING evaluated=807 execution_us=45687 reason=tracking_pose_accepted
x=0.849995 y=2.49998 yaw=4.28901 score=0.966737 valid=1 mode=tracking state=TRACKING evaluated=807 execution_us=45537 reason=tracking_pose_accepted
x=0.849995 y=2.49998 yaw=4.30553 score=0.97095 valid=1 mode=tracking state=TRACKING evaluated=807 execution_us=45433 reason=tracking_pose_accepted
x=0.849995 y=2.49998 yaw=4.30459 score=0.970411 valid=1 mode=tracking state=TRACKING evaluated=807 execution_us=45590 reason=tracking_pose_accepted
x=0.849995 y=2.49998 yaw=4.30366 score=0.968556 valid=1 mode=tracking state=TRACKING evaluated=807 execution_us=45031 reason=tracking_pose_accepted
x=0.849995 y=2.49998 yaw=4.30272 score=0.968333 valid=1 mode=tracking state=TRACKING evaluated=807 execution_us=45514 reason=tracking_pose_accepted
x=0.849995 y=2.49998 yaw=4.30179 score=0.972743 valid=1 mode=tracking state=TRACKING evaluated=807 execution_us=45248 reason=tracking_pose_accepted
x=0.849995 y=2.49998 yaw=4.30086 score=0.971459 valid=1 mode=tracking state=TRACKING evaluated=807 execution_us=45883 reason=tracking_pose_accepted
x=0.849995 y=2.49998 yaw=4.29992 score=0.968393 valid=1 mode=tracking state=TRACKING evaluated=807 execution_us=45088 reason=tracking_pose_accepted
x=0.849995 y=2.49998 yaw=4.29899 score=0.971592 valid=1 mode=tracking state=TRACKING evaluated=807 execution_us=45388 reason=tracking_pose_accepted
x=0.849995 y=2.49998 yaw=4.29805 score=0.971759 valid=1 mode=tracking state=TRACKING evaluated=807 execution_us=45850 reason=tracking_pose_accepted
x=0.849995 y=2.49998 yaw=4.29712 score=0.967426 valid=1 mode=tracking state=TRACKING evaluated=807 execution_us=45361 reason=tracking_pose_accepted
x=0.849995 y=2.49998 yaw=4.29618 score=0.970706 valid=1 mode=tracking state=TRACKING evaluated=807 execution_us=45056 reason=tracking_pose_accepted
x=0.849995 y=2.49998 yaw=4.29525 score=0.970736 valid=1 mode=tracking state=TRACKING evaluated=807 execution_us=45363 reason=tracking_pose_accepted
x=0.849995 y=2.49998 yaw=4.29431 score=0.969836 valid=1 mode=tracking state=TRACKING evaluated=807 execution_us=45205 reason=tracking_pose_accepted
x=0.849995 y=2.49998 yaw=4.29338 score=0.968597 valid=1 mode=tracking state=TRACKING evaluated=807 execution_us=45416 reason=tracking_pose_accepted
x=0.849995 y=2.49998 yaw=4.29244 score=0.968678 valid=1 mode=tracking state=TRACKING evaluated=807 execution_us=45410 reason=tracking_pose_accepted
x=0.849995 y=2.49998 yaw=4.29151 score=0.968597 valid=1 mode=tracking state=TRACKING evaluated=807 execution_us=46385 reason=tracking_pose_accepted
x=0.849995 y=2.49998 yaw=4.29058 score=0.968719 valid=1 mode=tracking state=TRACKING evaluated=807 execution_us=46191 reason=tracking_pose_accepted
x=0.849995 y=2.49998 yaw=4.28964 score=0.968051 valid=1 mode=tracking state=TRACKING evaluated=807 execution_us=45428 reason=tracking_pose_accepted
x=0.849995 y=2.49998 yaw=4.28871 score=0.967334 valid=1 mode=tracking state=TRACKING evaluated=807 execution_us=44998 reason=tracking_pose_accepted
x=0.849995 y=2.49998 yaw=4.30523 score=0.964787 valid=1 mode=tracking state=TRACKING evaluated=807 execution_us=46468 reason=tracking_pose_accepted
x=0.849995 y=2.49998 yaw=4.30429 score=0.966449 valid=1 mode=tracking state=TRACKING evaluated=807 execution_us=45242 reason=tracking_pose_accepted
x=0.849995 y=2.49998 yaw=4.30336 score=0.97095 valid=1 mode=tracking state=TRACKING evaluated=807 execution_us=45146 reason=tracking_pose_accepted
x=0.849995 y=2.49998 yaw=4.30242 score=0.973374 valid=1 mode=tracking state=TRACKING evaluated=807 execution_us=45275 reason=tracking_pose_accepted
x=0.849995 y=2.49998 yaw=4.30149 score=0.963577 valid=1 mode=tracking state=TRACKING evaluated=807 execution_us=44821 reason=tracking_pose_accepted
x=0.849995 y=2.49998 yaw=4.30055 score=0.967208 valid=1 mode=tracking state=TRACKING evaluated=807 execution_us=45457 reason=tracking_pose_accepted
x=0.849995 y=2.49998 yaw=4.29962 score=0.970037 valid=1 mode=tracking state=TRACKING evaluated=807 execution_us=45177 reason=tracking_pose_accepted
x=0.849995 y=2.49998 yaw=4.29868 score=0.971685 valid=1 mode=tracking state=TRACKING evaluated=807 execution_us=45238 reason=tracking_pose_accepted
x=0.849995 y=2.49998 yaw=4.29775 score=0.968077 valid=1 mode=tracking state=TRACKING evaluated=807 execution_us=45420 reason=tracking_pose_accepted
x=0.849995 y=2.49998 yaw=4.29681 score=0.972569 valid=1 mode=tracking state=TRACKING evaluated=807 execution_us=44932 reason=tracking_pose_accepted
x=0.849995 y=2.49998 yaw=4.29588 score=0.972103 valid=1 mode=tracking state=TRACKING evaluated=807 execution_us=45432 reason=tracking_pose_accepted
x=0.849995 y=2.49998 yaw=4.29495 score=0.968193 valid=1 mode=tracking state=TRACKING evaluated=807 execution_us=45759 reason=tracking_pose_accepted
x=0.849995 y=2.49998 yaw=4.29401 score=0.969186 valid=1 mode=tracking state=TRACKING evaluated=807 execution_us=45486 reason=tracking_pose_accepted
x=0.849995 y=2.49998 yaw=4.29308 score=0.968638 valid=1 mode=tracking state=TRACKING evaluated=807 execution_us=45646 reason=tracking_pose_accepted
x=0.849995 y=2.49998 yaw=4.29214 score=0.968526 valid=1 mode=tracking state=TRACKING evaluated=807 execution_us=44953 reason=tracking_pose_accepted
x=0.849995 y=2.49998 yaw=4.29121 score=0.96821 valid=1 mode=tracking state=TRACKING evaluated=807 execution_us=45143 reason=tracking_pose_accepted
x=0.849995 y=2.49998 yaw=4.29027 score=0.96788 valid=1 mode=tracking state=TRACKING evaluated=807 execution_us=45505 reason=tracking_pose_accepted
x=0.849995 y=2.49998 yaw=4.30679 score=0.964959 valid=1 mode=tracking state=TRACKING evaluated=807 execution_us=85087 reason=tracking_pose_accepted
x=0.849995 y=2.49998 yaw=4.2884 score=0.96733 valid=1 mode=tracking state=TRACKING evaluated=807 execution_us=67806 reason=tracking_pose_accepted
x=0.849995 y=2.49998 yaw=4.30492 score=0.969833 valid=1 mode=tracking state=TRACKING evaluated=807 execution_us=47255 reason=tracking_pose_accepted
x=0.849995 y=2.49998 yaw=4.30399 score=0.966238 valid=1 mode=tracking state=TRACKING evaluated=807 execution_us=45101 reason=tracking_pose_accepted
x=0.849995 y=2.49998 yaw=4.30305 score=0.969562 valid=1 mode=tracking state=TRACKING evaluated=807 execution_us=45986 reason=tracking_pose_accepted
x=0.849995 y=2.49998 yaw=4.30212 score=0.964463 valid=1 mode=tracking state=TRACKING evaluated=807 execution_us=45832 reason=tracking_pose_accepted
x=0.849995 y=2.49998 yaw=4.30118 score=0.969167 valid=1 mode=tracking state=TRACKING evaluated=807 execution_us=45109 reason=tracking_pose_accepted
x=0.849995 y=2.49998 yaw=4.30025 score=0.968932 valid=1 mode=tracking state=TRACKING evaluated=807 execution_us=45988 reason=tracking_pose_accepted
x=0.849995 y=2.49998 yaw=4.29931 score=0.973514 valid=1 mode=tracking state=TRACKING evaluated=807 execution_us=45151 reason=tracking_pose_accepted
x=0.849995 y=2.49998 yaw=4.29838 score=0.97199 valid=1 mode=tracking state=TRACKING evaluated=807 execution_us=45626 reason=tracking_pose_accepted
x=0.849995 y=2.49998 yaw=4.29745 score=0.971177 valid=1 mode=tracking state=TRACKING evaluated=807 execution_us=46537 reason=tracking_pose_accepted
x=0.849995 y=2.49998 yaw=4.29651 score=0.972245 valid=1 mode=tracking state=TRACKING evaluated=807 execution_us=45618 reason=tracking_pose_accepted
x=0.849995 y=2.49998 yaw=4.29558 score=0.96832 valid=1 mode=tracking state=TRACKING evaluated=807 execution_us=57058 reason=tracking_pose_accepted
x=0.849995 y=2.49998 yaw=4.29464 score=0.966891 valid=1 mode=tracking state=TRACKING evaluated=807 execution_us=77292 reason=tracking_pose_accepted
x=0.849995 y=2.49998 yaw=4.29371 score=0.970023 valid=1 mode=tracking state=TRACKING evaluated=807 execution_us=45460 reason=tracking_pose_accepted
x=0.849995 y=2.49998 yaw=4.29277 score=0.967945 valid=1 mode=tracking state=TRACKING evaluated=807 execution_us=46443 reason=tracking_pose_accepted
x=0.849995 y=2.49998 yaw=4.29184 score=0.968302 valid=1 mode=tracking state=TRACKING evaluated=807 execution_us=45314 reason=tracking_pose_accepted
x=0.849995 y=2.49998 yaw=4.2909 score=0.968556 valid=1 mode=tracking state=TRACKING evaluated=807 execution_us=45189 reason=tracking_pose_accepted
x=0.849995 y=2.49998 yaw=4.28997 score=0.968495 valid=1 mode=tracking state=TRACKING evaluated=807 execution_us=45781 reason=tracking_pose_accepted
x=0.849995 y=2.49998 yaw=4.28904 score=0.968435 valid=1 mode=tracking state=TRACKING evaluated=807 execution_us=46588 reason=tracking_pose_accepted
x=0.849995 y=2.49998 yaw=4.2881 score=0.96493 valid=1 mode=tracking state=TRACKING evaluated=807 execution_us=46134 reason=tracking_pose_accepted
x=0.849995 y=2.49998 yaw=4.30462 score=0.968964 valid=1 mode=tracking state=TRACKING evaluated=807 execution_us=45225 reason=tracking_pose_accepted
x=0.849995 y=2.49998 yaw=4.30369 score=0.966753 valid=1 mode=tracking state=TRACKING evaluated=807 execution_us=45075 reason=tracking_pose_accepted
x=0.849995 y=2.49998 yaw=4.30275 score=0.973079 valid=1 mode=tracking state=TRACKING evaluated=807 execution_us=45093 reason=tracking_pose_accepted
x=0.849995 y=2.49998 yaw=4.30182 score=0.969697 valid=1 mode=tracking state=TRACKING evaluated=807 execution_us=45344 reason=tracking_pose_accepted
x=0.849995 y=2.49998 yaw=4.30088 score=0.973039 valid=1 mode=tracking state=TRACKING evaluated=807 execution_us=45186 reason=tracking_pose_accepted
x=0.849995 y=2.49998 yaw=4.29995 score=0.970155 valid=1 mode=tracking state=TRACKING evaluated=807 execution_us=45595 reason=tracking_pose_accepted
x=0.849995 y=2.49998 yaw=4.29901 score=0.972875 valid=1 mode=tracking state=TRACKING evaluated=807 execution_us=45132 reason=tracking_pose_accepted
x=0.849995 y=2.49998 yaw=4.29808 score=0.970798 valid=1 mode=tracking state=TRACKING evaluated=807 execution_us=44864 reason=tracking_pose_accepted
x=0.849995 y=2.49998 yaw=4.29714 score=0.970803 valid=1 mode=tracking state=TRACKING evaluated=807 execution_us=45288 reason=tracking_pose_accepted
x=0.849995 y=2.49998 yaw=4.29621 score=0.972781 valid=1 mode=tracking state=TRACKING evaluated=807 execution_us=45269 reason=tracking_pose_accepted
x=0.849995 y=2.49998 yaw=4.29527 score=0.970283 valid=1 mode=tracking state=TRACKING evaluated=807 execution_us=45294 reason=tracking_pose_accepted
x=0.849995 y=2.49998 yaw=4.29434 score=0.971503 valid=1 mode=tracking state=TRACKING evaluated=807 execution_us=45395 reason=tracking_pose_accepted
x=0.849995 y=2.49998 yaw=4.2934 score=0.968054 valid=1 mode=tracking state=TRACKING evaluated=807 execution_us=44894 reason=tracking_pose_accepted
x=0.849995 y=2.49998 yaw=4.29247 score=0.969595 valid=1 mode=tracking state=TRACKING evaluated=807 execution_us=45571 reason=tracking_pose_accepted
x=0.849995 y=2.49998 yaw=4.29154 score=0.969233 valid=1 mode=tracking state=TRACKING evaluated=807 execution_us=44510 reason=tracking_pose_accepted
x=0.849995 y=2.49998 yaw=4.2906 score=0.968526 valid=1 mode=tracking state=TRACKING evaluated=807 execution_us=49916 reason=tracking_pose_accepted
x=0.849995 y=2.49998 yaw=4.30712 score=0.970456 valid=1 mode=tracking state=TRACKING evaluated=807 execution_us=45738 reason=tracking_pose_accepted
x=0.849995 y=2.49998 yaw=4.28873 score=0.96661 valid=1 mode=tracking state=TRACKING evaluated=807 execution_us=44936 reason=tracking_pose_accepted
x=0.849995 y=2.49998 yaw=4.30525 score=0.964645 valid=1 mode=tracking state=TRACKING evaluated=807 execution_us=45126 reason=tracking_pose_accepted
x=0.849995 y=2.49998 yaw=4.30432 score=0.971561 valid=1 mode=tracking state=TRACKING evaluated=807 execution_us=45471 reason=tracking_pose_accepted
x=0.849995 y=2.49998 yaw=4.30338 score=0.969725 valid=1 mode=tracking state=TRACKING evaluated=807 execution_us=45110 reason=tracking_pose_accepted
x=0.849995 y=2.49998 yaw=4.30245 score=0.971276 valid=1 mode=tracking state=TRACKING evaluated=807 execution_us=45222 reason=tracking_pose_accepted
x=0.849995 y=2.49998 yaw=4.30151 score=0.969897 valid=1 mode=tracking state=TRACKING evaluated=807 execution_us=45539 reason=tracking_pose_accepted
x=0.849995 y=2.49998 yaw=4.30058 score=0.970466 valid=1 mode=tracking state=TRACKING evaluated=807 execution_us=45177 reason=tracking_pose_accepted
x=0.849995 y=2.49998 yaw=4.29964 score=0.967591 valid=1 mode=tracking state=TRACKING evaluated=807 execution_us=45368 reason=tracking_pose_accepted
x=0.849995 y=2.49998 yaw=4.29871 score=0.971027 valid=1 mode=tracking state=TRACKING evaluated=807 execution_us=44954 reason=tracking_pose_accepted
x=0.849995 y=2.49998 yaw=4.29777 score=0.973555 valid=1 mode=tracking state=TRACKING evaluated=807 execution_us=45436 reason=tracking_pose_accepted
x=0.849995 y=2.49998 yaw=4.29684 score=0.96801 valid=1 mode=tracking state=TRACKING evaluated=807 execution_us=45029 reason=tracking_pose_accepted
x=0.849995 y=2.49998 yaw=4.2959 score=0.972569 valid=1 mode=tracking state=TRACKING evaluated=807 execution_us=45614 reason=tracking_pose_accepted
x=0.849995 y=2.49998 yaw=4.29497 score=0.970251 valid=1 mode=tracking state=TRACKING evaluated=807 execution_us=45188 reason=tracking_pose_accepted
x=0.849995 y=2.49998 yaw=4.29404 score=0.97073 valid=1 mode=tracking state=TRACKING evaluated=807 execution_us=46905 reason=tracking_pose_accepted
x=0.849995 y=2.49998 yaw=4.2931 score=0.969127 valid=1 mode=tracking state=TRACKING evaluated=807 execution_us=45280 reason=tracking_pose_accepted
x=0.849995 y=2.49998 yaw=4.29217 score=0.966728 valid=1 mode=tracking state=TRACKING evaluated=807 execution_us=45392 reason=tracking_pose_accepted
x=0.849995 y=2.49998 yaw=4.29123 score=0.967964 valid=1 mode=tracking state=TRACKING evaluated=807 execution_us=45092 reason=tracking_pose_accepted
x=0.849995 y=2.49998 yaw=4.2903 score=0.969471 valid=1 mode=tracking state=TRACKING evaluated=807 execution_us=45604 reason=tracking_pose_accepted
x=0.849995 y=2.49998 yaw=4.30682 score=0.967673 valid=1 mode=tracking state=TRACKING evaluated=807 execution_us=45321 reason=tracking_pose_accepted
x=0.849995 y=2.49998 yaw=4.28843 score=0.96788 valid=1 mode=tracking state=TRACKING evaluated=807 execution_us=44738 reason=tracking_pose_accepted
x=0.849995 y=2.49998 yaw=4.28749 score=0.96578 valid=1 mode=tracking state=TRACKING evaluated=807 execution_us=45444 reason=tracking_pose_accepted
x=0.849995 y=2.49998 yaw=4.30401 score=0.968719 valid=1 mode=tracking state=TRACKING evaluated=807 execution_us=45524 reason=tracking_pose_accepted
x=0.849995 y=2.49998 yaw=4.30308 score=0.969483 valid=1 mode=tracking state=TRACKING evaluated=807 execution_us=45151 reason=tracking_pose_accepted
x=0.849995 y=2.49998 yaw=4.30214 score=0.965155 valid=1 mode=tracking state=TRACKING evaluated=807 execution_us=45430 reason=tracking_pose_accepted
x=0.849995 y=2.49998 yaw=4.30121 score=0.968038 valid=1 mode=tracking state=TRACKING evaluated=807 execution_us=45031 reason=tracking_pose_accepted
x=0.849995 y=2.49998 yaw=4.30027 score=0.967945 valid=1 mode=tracking state=TRACKING evaluated=807 execution_us=45086 reason=tracking_pose_accepted
x=0.849995 y=2.49998 yaw=4.29934 score=0.968689 valid=1 mode=tracking state=TRACKING evaluated=807 execution_us=45560 reason=tracking_pose_accepted
x=0.849995 y=2.49998 yaw=4.2984 score=0.97345 valid=1 mode=tracking state=TRACKING evaluated=807 execution_us=44683 reason=tracking_pose_accepted
x=0.849995 y=2.49998 yaw=4.29747 score=0.971455 valid=1 mode=tracking state=TRACKING evaluated=807 execution_us=45369 reason=tracking_pose_accepted
x=0.849995 y=2.49998 yaw=4.29654 score=0.971754 valid=1 mode=tracking state=TRACKING evaluated=807 execution_us=45499 reason=tracking_pose_accepted
x=0.849995 y=2.49998 yaw=4.2956 score=0.972031 valid=1 mode=tracking state=TRACKING evaluated=807 execution_us=45054 reason=tracking_pose_accepted
x=0.849995 y=2.49998 yaw=4.29467 score=0.968392 valid=1 mode=tracking state=TRACKING evaluated=807 execution_us=45044 reason=tracking_pose_accepted
x=0.849995 y=2.49998 yaw=4.29373 score=0.970304 valid=1 mode=tracking state=TRACKING evaluated=807 execution_us=45418 reason=tracking_pose_accepted
x=0.849995 y=2.49998 yaw=4.2928 score=0.969369 valid=1 mode=tracking state=TRACKING evaluated=807 execution_us=45333 reason=tracking_pose_accepted
x=0.849995 y=2.49998 yaw=4.29186 score=0.968403 valid=1 mode=tracking state=TRACKING evaluated=807 execution_us=45451 reason=tracking_pose_accepted
x=0.849995 y=2.49998 yaw=4.29093 score=0.967969 valid=1 mode=tracking state=TRACKING evaluated=807 execution_us=45322 reason=tracking_pose_accepted
x=0.849995 y=2.49998 yaw=4.28999 score=0.968104 valid=1 mode=tracking state=TRACKING evaluated=807 execution_us=44588 reason=tracking_pose_accepted
x=0.849995 y=2.49998 yaw=4.30651 score=0.972886 valid=1 mode=tracking state=TRACKING evaluated=807 execution_us=45213 reason=tracking_pose_accepted
x=0.849995 y=2.49998 yaw=4.30558 score=0.971238 valid=1 mode=tracking state=TRACKING evaluated=807 execution_us=44702 reason=tracking_pose_accepted
x=0.849995 y=2.49998 yaw=4.30464 score=0.971938 valid=1 mode=tracking state=TRACKING evaluated=807 execution_us=45108 reason=tracking_pose_accepted
x=0.849995 y=2.49998 yaw=4.30371 score=0.966034 valid=1 mode=tracking state=TRACKING evaluated=807 execution_us=45283 reason=tracking_pose_accepted
x=0.849995 y=2.49998 yaw=4.30277 score=0.967688 valid=1 mode=tracking state=TRACKING evaluated=807 execution_us=45350 reason=tracking_pose_accepted
x=0.849995 y=2.49998 yaw=4.30184 score=0.969715 valid=1 mode=tracking state=TRACKING evaluated=807 execution_us=45820 reason=tracking_pose_accepted
x=0.849995 y=2.49998 yaw=4.3009 score=0.971668 valid=1 mode=tracking state=TRACKING evaluated=807 execution_us=45032 reason=tracking_pose_accepted
x=0.849995 y=2.49998 yaw=4.29997 score=0.97325 valid=1 mode=tracking state=TRACKING evaluated=807 execution_us=45263 reason=tracking_pose_accepted
x=0.849995 y=2.49998 yaw=4.29903 score=0.971576 valid=1 mode=tracking state=TRACKING evaluated=807 execution_us=45415 reason=tracking_pose_accepted
x=0.849995 y=2.49998 yaw=4.2981 score=0.973819 valid=1 mode=tracking state=TRACKING evaluated=807 execution_us=45237 reason=tracking_pose_accepted
x=0.849995 y=2.49998 yaw=4.29717 score=0.969518 valid=1 mode=tracking state=TRACKING evaluated=807 execution_us=45355 reason=tracking_pose_accepted
x=0.849995 y=2.49998 yaw=4.29623 score=0.971645 valid=1 mode=tracking state=TRACKING evaluated=807 execution_us=45528 reason=tracking_pose_accepted
x=0.849995 y=2.49998 yaw=4.2953 score=0.968812 valid=1 mode=tracking state=TRACKING evaluated=807 execution_us=45006 reason=tracking_pose_accepted
x=0.849995 y=2.49998 yaw=4.29436 score=0.969999 valid=1 mode=tracking state=TRACKING evaluated=807 execution_us=45423 reason=tracking_pose_accepted
x=0.849995 y=2.49998 yaw=4.29343 score=0.969897 valid=1 mode=tracking state=TRACKING evaluated=807 execution_us=45579 reason=tracking_pose_accepted
x=0.849995 y=2.49998 yaw=4.29249 score=0.967476 valid=1 mode=tracking state=TRACKING evaluated=807 execution_us=45443 reason=tracking_pose_accepted
x=0.849995 y=2.49998 yaw=4.29156 score=0.96822 valid=1 mode=tracking state=TRACKING evaluated=807 execution_us=45767 reason=tracking_pose_accepted
x=0.849995 y=2.49998 yaw=4.30808 score=0.967865 valid=1 mode=tracking state=TRACKING evaluated=807 execution_us=45304 reason=tracking_pose_accepted
x=0.849995 y=2.49998 yaw=4.28969 score=0.966301 valid=1 mode=tracking state=TRACKING evaluated=807 execution_us=45419 reason=tracking_pose_accepted
x=0.849995 y=2.49998 yaw=4.30621 score=0.971685 valid=1 mode=tracking state=TRACKING evaluated=807 execution_us=45262 reason=tracking_pose_accepted
x=0.849995 y=2.49998 yaw=4.30527 score=0.972954 valid=1 mode=tracking state=TRACKING evaluated=807 execution_us=45416 reason=tracking_pose_accepted
x=0.849995 y=2.49998 yaw=4.30434 score=0.970568 valid=1 mode=tracking state=TRACKING evaluated=807 execution_us=44971 reason=tracking_pose_accepted
x=0.849995 y=2.49998 yaw=4.3034 score=0.972888 valid=1 mode=tracking state=TRACKING evaluated=807 execution_us=44928 reason=tracking_pose_accepted
x=0.849995 y=2.49998 yaw=4.30247 score=0.973358 valid=1 mode=tracking state=TRACKING evaluated=807 execution_us=45467 reason=tracking_pose_accepted
x=0.849995 y=2.49998 yaw=4.30153 score=0.971582 valid=1 mode=tracking state=TRACKING evaluated=807 execution_us=45004 reason=tracking_pose_accepted
x=0.849995 y=2.49998 yaw=4.3006 score=0.97165 valid=1 mode=tracking state=TRACKING evaluated=807 execution_us=44983 reason=tracking_pose_accepted
x=0.849995 y=2.49998 yaw=4.29966 score=0.970391 valid=1 mode=tracking state=TRACKING evaluated=807 execution_us=45501 reason=tracking_pose_accepted
x=0.849995 y=2.49998 yaw=4.29873 score=0.971143 valid=1 mode=tracking state=TRACKING evaluated=807 execution_us=45609 reason=tracking_pose_accepted
x=0.849995 y=2.49998 yaw=4.2978 score=0.969144 valid=1 mode=tracking state=TRACKING evaluated=807 execution_us=45169 reason=tracking_pose_accepted
x=0.849995 y=2.49998 yaw=4.29686 score=0.970879 valid=1 mode=tracking state=TRACKING evaluated=807 execution_us=45091 reason=tracking_pose_accepted
x=0.849995 y=2.49998 yaw=4.29593 score=0.972031 valid=1 mode=tracking state=TRACKING evaluated=807 execution_us=45382 reason=tracking_pose_accepted
x=0.849995 y=2.49998 yaw=4.29499 score=0.968709 valid=1 mode=tracking state=TRACKING evaluated=807 execution_us=45124 reason=tracking_pose_accepted
x=0.849995 y=2.49998 yaw=4.29406 score=0.970437 valid=1 mode=tracking state=TRACKING evaluated=807 execution_us=45400 reason=tracking_pose_accepted
x=0.849995 y=2.49998 yaw=4.29312 score=0.969025 valid=1 mode=tracking state=TRACKING evaluated=807 execution_us=45767 reason=tracking_pose_accepted
x=0.849995 y=2.49998 yaw=4.29219 score=0.968044 valid=1 mode=tracking state=TRACKING evaluated=807 execution_us=44862 reason=tracking_pose_accepted
x=0.849995 y=2.49998 yaw=4.29125 score=0.96685 valid=1 mode=tracking state=TRACKING evaluated=807 execution_us=45699 reason=tracking_pose_accepted
x=0.849995 y=2.49998 yaw=4.29032 score=0.967303 valid=1 mode=tracking state=TRACKING evaluated=807 execution_us=44977 reason=tracking_pose_accepted
x=0.849995 y=2.49998 yaw=4.28938 score=0.968902 valid=1 mode=tracking state=TRACKING evaluated=807 execution_us=45300 reason=tracking_pose_accepted
x=0.849995 y=2.49998 yaw=4.3059 score=0.970188 valid=1 mode=tracking state=TRACKING evaluated=807 execution_us=46369 reason=tracking_pose_accepted
x=0.849995 y=2.49998 yaw=4.30497 score=0.966851 valid=1 mode=tracking state=TRACKING evaluated=807 execution_us=45041 reason=tracking_pose_accepted
x=0.849995 y=2.49998 yaw=4.30403 score=0.973981 valid=1 mode=tracking state=TRACKING evaluated=807 execution_us=46292 reason=tracking_pose_accepted
x=0.849995 y=2.49998 yaw=4.3031 score=0.969272 valid=1 mode=tracking state=TRACKING evaluated=807 execution_us=45121 reason=tracking_pose_accepted
x=0.849995 y=2.49998 yaw=4.30216 score=0.973687 valid=1 mode=tracking state=TRACKING evaluated=807 execution_us=45420 reason=tracking_pose_accepted
x=0.849995 y=2.49998 yaw=4.30123 score=0.970358 valid=1 mode=tracking state=TRACKING evaluated=807 execution_us=45564 reason=tracking_pose_accepted
x=0.849995 y=2.49998 yaw=4.3003 score=0.968699 valid=1 mode=tracking state=TRACKING evaluated=807 execution_us=45090 reason=tracking_pose_accepted
x=0.849995 y=2.49998 yaw=4.29936 score=0.97264 valid=1 mode=tracking state=TRACKING evaluated=807 execution_us=45402 reason=tracking_pose_accepted
x=0.849995 y=2.49998 yaw=4.29843 score=0.970087 valid=1 mode=tracking state=TRACKING evaluated=807 execution_us=45970 reason=tracking_pose_accepted
x=0.849995 y=2.49998 yaw=4.29749 score=0.970088 valid=1 mode=tracking state=TRACKING evaluated=807 execution_us=45277 reason=tracking_pose_accepted
x=0.849995 y=2.49998 yaw=4.29656 score=0.968678 valid=1 mode=tracking state=TRACKING evaluated=807 execution_us=45560 reason=tracking_pose_accepted
x=0.849995 y=2.49998 yaw=4.29562 score=0.97096 valid=1 mode=tracking state=TRACKING evaluated=807 execution_us=45452 reason=tracking_pose_accepted
x=0.849995 y=2.49998 yaw=4.29469 score=0.969151 valid=1 mode=tracking state=TRACKING evaluated=807 execution_us=45128 reason=tracking_pose_accepted
x=0.849995 y=2.49998 yaw=4.29375 score=0.969247 valid=1 mode=tracking state=TRACKING evaluated=807 execution_us=45733 reason=tracking_pose_accepted
x=0.849995 y=2.49998 yaw=4.29282 score=0.96879 valid=1 mode=tracking state=TRACKING evaluated=807 execution_us=45449 reason=tracking_pose_accepted
x=0.849995 y=2.49998 yaw=4.29188 score=0.968331 valid=1 mode=tracking state=TRACKING evaluated=807 execution_us=45256 reason=tracking_pose_accepted
x=0.849995 y=2.49998 yaw=4.29095 score=0.967069 valid=1 mode=tracking state=TRACKING evaluated=807 execution_us=46528 reason=tracking_pose_accepted
x=0.849995 y=2.49998 yaw=4.29001 score=0.968292 valid=1 mode=tracking state=TRACKING evaluated=807 execution_us=45242 reason=tracking_pose_accepted
x=0.849995 y=2.49998 yaw=4.28908 score=0.967721 valid=1 mode=tracking state=TRACKING evaluated=807 execution_us=45305 reason=tracking_pose_accepted
x=0.849995 y=2.49998 yaw=4.3056 score=0.96561 valid=1 mode=tracking state=TRACKING evaluated=807 execution_us=45599 reason=tracking_pose_accepted
x=0.849995 y=2.49998 yaw=4.30466 score=0.969293 valid=1 mode=tracking state=TRACKING evaluated=807 execution_us=44918 reason=tracking_pose_accepted
x=0.849995 y=2.49998 yaw=4.30373 score=0.971256 valid=1 mode=tracking state=TRACKING evaluated=807 execution_us=44850 reason=tracking_pose_accepted
x=0.849995 y=2.49998 yaw=4.3028 score=0.971313 valid=1 mode=tracking state=TRACKING evaluated=807 execution_us=45278 reason=tracking_pose_accepted
x=0.849995 y=2.49998 yaw=4.30186 score=0.967696 valid=1 mode=tracking state=TRACKING evaluated=807 execution_us=44869 reason=tracking_pose_accepted
x=0.849995 y=2.49998 yaw=4.30093 score=0.967385 valid=1 mode=tracking state=TRACKING evaluated=807 execution_us=45105 reason=tracking_pose_accepted
x=0.849995 y=2.49998 yaw=4.29999 score=0.972265 valid=1 mode=tracking state=TRACKING evaluated=807 execution_us=45238 reason=tracking_pose_accepted
x=0.849995 y=2.49998 yaw=4.29906 score=0.972977 valid=1 mode=tracking state=TRACKING evaluated=807 execution_us=44840 reason=tracking_pose_accepted
x=0.849995 y=2.49998 yaw=4.29812 score=0.970379 valid=1 mode=tracking state=TRACKING evaluated=807 execution_us=45436 reason=tracking_pose_accepted
x=0.849995 y=2.49998 yaw=4.29719 score=0.971048 valid=1 mode=tracking state=TRACKING evaluated=807 execution_us=44809 reason=tracking_pose_accepted
x=0.849995 y=2.49998 yaw=4.29625 score=0.970162 valid=1 mode=tracking state=TRACKING evaluated=807 execution_us=45180 reason=tracking_pose_accepted
x=0.849995 y=2.49998 yaw=4.29532 score=0.970664 valid=1 mode=tracking state=TRACKING evaluated=807 execution_us=45487 reason=tracking_pose_accepted
x=0.849995 y=2.49998 yaw=4.29438 score=0.968841 valid=1 mode=tracking state=TRACKING evaluated=807 execution_us=45116 reason=tracking_pose_accepted
x=0.849995 y=2.49998 yaw=4.29345 score=0.968475 valid=1 mode=tracking state=TRACKING evaluated=807 execution_us=45505 reason=tracking_pose_accepted
x=0.849995 y=2.49998 yaw=4.29251 score=0.968455 valid=1 mode=tracking state=TRACKING evaluated=807 execution_us=45120 reason=tracking_pose_accepted
x=0.849995 y=2.49998 yaw=4.29158 score=0.968433 valid=1 mode=tracking state=TRACKING evaluated=807 execution_us=44878 reason=tracking_pose_accepted
x=0.849995 y=2.49998 yaw=4.29065 score=0.96768 valid=1 mode=tracking state=TRACKING evaluated=807 execution_us=45676 reason=tracking_pose_accepted
x=0.849995 y=2.49998 yaw=4.30716 score=0.967703 valid=1 mode=tracking state=TRACKING evaluated=807 execution_us=45874 reason=tracking_pose_accepted
x=0.849995 y=2.49998 yaw=4.28878 score=0.967167 valid=1 mode=tracking state=TRACKING evaluated=807 execution_us=45793 reason=tracking_pose_accepted
x=0.849995 y=2.49998 yaw=4.3053 score=0.96733 valid=1 mode=tracking state=TRACKING evaluated=807 execution_us=45493 reason=tracking_pose_accepted
x=0.849995 y=2.49998 yaw=4.30436 score=0.966088 valid=1 mode=tracking state=TRACKING evaluated=807 execution_us=44693 reason=tracking_pose_accepted
x=0.849995 y=2.49998 yaw=4.28597 score=0.96441 valid=1 mode=tracking state=TRACKING evaluated=807 execution_us=45017 reason=tracking_pose_accepted
x=0.849995 y=2.49998 yaw=4.30249 score=0.971993 valid=1 mode=tracking state=TRACKING evaluated=807 execution_us=45622 reason=tracking_pose_accepted
x=0.849995 y=2.49998 yaw=4.30156 score=0.970772 valid=1 mode=tracking state=TRACKING evaluated=807 execution_us=45208 reason=tracking_pose_accepted
x=0.849995 y=2.49998 yaw=4.30062 score=0.968996 valid=1 mode=tracking state=TRACKING evaluated=807 execution_us=45556 reason=tracking_pose_accepted
x=0.849995 y=2.49998 yaw=4.29969 score=0.973656 valid=1 mode=tracking state=TRACKING evaluated=807 execution_us=45326 reason=tracking_pose_accepted
x=0.849995 y=2.49998 yaw=4.29875 score=0.967175 valid=1 mode=tracking state=TRACKING evaluated=807 execution_us=45402 reason=tracking_pose_accepted
x=0.849995 y=2.49998 yaw=4.29782 score=0.973586 valid=1 mode=tracking state=TRACKING evaluated=807 execution_us=45135 reason=tracking_pose_accepted
x=0.849995 y=2.49998 yaw=4.29688 score=0.971904 valid=1 mode=tracking state=TRACKING evaluated=807 execution_us=45796 reason=tracking_pose_accepted
x=0.849995 y=2.49998 yaw=4.29595 score=0.967813 valid=1 mode=tracking state=TRACKING evaluated=807 execution_us=45312 reason=tracking_pose_accepted
x=0.849995 y=2.49998 yaw=4.29502 score=0.971759 valid=1 mode=tracking state=TRACKING evaluated=807 execution_us=45558 reason=tracking_pose_accepted
x=0.849995 y=2.49998 yaw=4.29408 score=0.968842 valid=1 mode=tracking state=TRACKING evaluated=807 execution_us=45058 reason=tracking_pose_accepted
x=0.849995 y=2.49998 yaw=4.29315 score=0.96747 valid=1 mode=tracking state=TRACKING evaluated=807 execution_us=45763 reason=tracking_pose_accepted
x=0.849995 y=2.49998 yaw=4.29221 score=0.969147 valid=1 mode=tracking state=TRACKING evaluated=807 execution_us=45319 reason=tracking_pose_accepted
x=0.849995 y=2.49998 yaw=4.29128 score=0.969185 valid=1 mode=tracking state=TRACKING evaluated=807 execution_us=45468 reason=tracking_pose_accepted
x=0.849995 y=2.49998 yaw=4.29034 score=0.967945 valid=1 mode=tracking state=TRACKING evaluated=807 execution_us=45763 reason=tracking_pose_accepted
x=0.849995 y=2.49998 yaw=4.28941 score=0.967344 valid=1 mode=tracking state=TRACKING evaluated=807 execution_us=45510 reason=tracking_pose_accepted
x=0.849995 y=2.49998 yaw=4.28847 score=0.96768 valid=1 mode=tracking state=TRACKING evaluated=807 execution_us=45551 reason=tracking_pose_accepted
x=0.849995 y=2.49998 yaw=4.30499 score=0.968801 valid=1 mode=tracking state=TRACKING evaluated=807 execution_us=45698 reason=tracking_pose_accepted
x=0.849995 y=2.49998 yaw=4.30406 score=0.969167 valid=1 mode=tracking state=TRACKING evaluated=807 execution_us=45109 reason=tracking_pose_accepted
x=0.849995 y=2.49998 yaw=4.30312 score=0.969631 valid=1 mode=tracking state=TRACKING evaluated=807 execution_us=44833 reason=tracking_pose_accepted
x=0.849995 y=2.49998 yaw=4.30219 score=0.968251 valid=1 mode=tracking state=TRACKING evaluated=807 execution_us=45186 reason=tracking_pose_accepted
x=0.849995 y=2.49998 yaw=4.30125 score=0.972143 valid=1 mode=tracking state=TRACKING evaluated=807 execution_us=45361 reason=tracking_pose_accepted
x=0.849995 y=2.49998 yaw=4.30032 score=0.969036 valid=1 mode=tracking state=TRACKING evaluated=807 execution_us=45459 reason=tracking_pose_accepted
x=0.849995 y=2.49998 yaw=4.29939 score=0.970237 valid=1 mode=tracking state=TRACKING evaluated=807 execution_us=45006 reason=tracking_pose_accepted
x=0.849995 y=2.49998 yaw=4.29845 score=0.972344 valid=1 mode=tracking state=TRACKING evaluated=807 execution_us=44908 reason=tracking_pose_accepted
x=0.849995 y=2.49998 yaw=4.29752 score=0.967741 valid=1 mode=tracking state=TRACKING evaluated=807 execution_us=45336 reason=tracking_pose_accepted
x=0.849995 y=2.49998 yaw=4.29658 score=0.971449 valid=1 mode=tracking state=TRACKING evaluated=807 execution_us=45049 reason=tracking_pose_accepted
x=0.849995 y=2.49998 yaw=4.29565 score=0.969775 valid=1 mode=tracking state=TRACKING evaluated=807 execution_us=45209 reason=tracking_pose_accepted
x=0.849995 y=2.49998 yaw=4.29471 score=0.967898 valid=1 mode=tracking state=TRACKING evaluated=807 execution_us=45462 reason=tracking_pose_accepted
x=0.849995 y=2.49998 yaw=4.29378 score=0.970121 valid=1 mode=tracking state=TRACKING evaluated=807 execution_us=45323 reason=tracking_pose_accepted
x=0.849995 y=2.49998 yaw=4.29284 score=0.969375 valid=1 mode=tracking state=TRACKING evaluated=807 execution_us=45242 reason=tracking_pose_accepted
x=0.849995 y=2.49998 yaw=4.29191 score=0.969224 valid=1 mode=tracking state=TRACKING evaluated=807 execution_us=45350 reason=tracking_pose_accepted
x=0.849995 y=2.49998 yaw=4.29097 score=0.96728 valid=1 mode=tracking state=TRACKING evaluated=807 execution_us=45082 reason=tracking_pose_accepted
x=0.849995 y=2.49998 yaw=4.29004 score=0.966631 valid=1 mode=tracking state=TRACKING evaluated=807 execution_us=45717 reason=tracking_pose_accepted
x=0.849995 y=2.49998 yaw=4.2891 score=0.968576 valid=1 mode=tracking state=TRACKING evaluated=807 execution_us=44857 reason=tracking_pose_accepted
x=0.849995 y=2.49997 yaw=4.28817 score=0.968145 valid=1 mode=tracking state=TRACKING evaluated=807 execution_us=44809 reason=tracking_pose_accepted
x=0.849995 y=2.49997 yaw=4.30469 score=0.966667 valid=1 mode=tracking state=TRACKING evaluated=807 execution_us=45455 reason=tracking_pose_accepted
x=0.849995 y=2.49997 yaw=4.2863 score=0.961593 valid=1 mode=tracking state=TRACKING evaluated=807 execution_us=45162 reason=tracking_pose_accepted
x=0.849995 y=2.49997 yaw=4.30282 score=0.968393 valid=1 mode=tracking state=TRACKING evaluated=807 execution_us=45592 reason=tracking_pose_accepted
x=0.849995 y=2.49997 yaw=4.30189 score=0.968648 valid=1 mode=tracking state=TRACKING evaluated=807 execution_us=45528 reason=tracking_pose_accepted
x=0.849995 y=2.49997 yaw=4.30095 score=0.970302 valid=1 mode=tracking state=TRACKING evaluated=807 execution_us=45094 reason=tracking_pose_accepted
x=0.849995 y=2.49997 yaw=4.30002 score=0.969157 valid=1 mode=tracking state=TRACKING evaluated=807 execution_us=45735 reason=tracking_pose_accepted
x=0.849995 y=2.49997 yaw=4.29908 score=0.969237 valid=1 mode=tracking state=TRACKING evaluated=807 execution_us=45310 reason=tracking_pose_accepted
x=0.849995 y=2.49997 yaw=4.29815 score=0.966102 valid=1 mode=tracking state=TRACKING evaluated=807 execution_us=44995 reason=tracking_pose_accepted
x=0.849995 y=2.49997 yaw=4.29721 score=0.971803 valid=1 mode=tracking state=TRACKING evaluated=807 execution_us=45420 reason=tracking_pose_accepted
x=0.849995 y=2.49997 yaw=4.29628 score=0.970095 valid=1 mode=tracking state=TRACKING evaluated=807 execution_us=44857 reason=tracking_pose_accepted
x=0.849995 y=2.49997 yaw=4.29534 score=0.97096 valid=1 mode=tracking state=TRACKING evaluated=807 execution_us=45378 reason=tracking_pose_accepted
x=0.849995 y=2.49997 yaw=4.29441 score=0.970507 valid=1 mode=tracking state=TRACKING evaluated=807 execution_us=45323 reason=tracking_pose_accepted
x=0.849995 y=2.49997 yaw=4.29347 score=0.973015 valid=1 mode=tracking state=TRACKING evaluated=807 execution_us=45633 reason=tracking_pose_accepted
x=0.849995 y=2.49997 yaw=4.29254 score=0.970512 valid=1 mode=tracking state=TRACKING evaluated=807 execution_us=45681 reason=tracking_pose_accepted
x=0.849995 y=2.49997 yaw=4.29161 score=0.969883 valid=1 mode=tracking state=TRACKING evaluated=807 execution_us=44732 reason=tracking_pose_accepted
x=0.849995 y=2.49997 yaw=4.29067 score=0.96983 valid=1 mode=tracking state=TRACKING evaluated=807 execution_us=45617 reason=tracking_pose_accepted
x=0.849995 y=2.49997 yaw=4.28974 score=0.967361 valid=1 mode=tracking state=TRACKING evaluated=807 execution_us=45373 reason=tracking_pose_accepted
x=0.849995 y=2.49997 yaw=4.30625 score=0.966697 valid=1 mode=tracking state=TRACKING evaluated=807 execution_us=44917 reason=tracking_pose_accepted
x=0.849995 y=2.49997 yaw=4.30532 score=0.969691 valid=1 mode=tracking state=TRACKING evaluated=807 execution_us=45602 reason=tracking_pose_accepted
x=0.849995 y=2.49997 yaw=4.28693 score=0.965633 valid=1 mode=tracking state=TRACKING evaluated=807 execution_us=45453 reason=tracking_pose_accepted
x=0.849995 y=2.49997 yaw=4.30345 score=0.972386 valid=1 mode=tracking state=TRACKING evaluated=807 execution_us=45399 reason=tracking_pose_accepted
x=0.849995 y=2.49997 yaw=4.28506 score=0.964757 valid=1 mode=tracking state=TRACKING evaluated=807 execution_us=45617 reason=tracking_pose_accepted
x=0.849995 y=2.49997 yaw=4.30158 score=0.971161 valid=1 mode=tracking state=TRACKING evaluated=807 execution_us=45666 reason=tracking_pose_accepted
x=0.849995 y=2.49997 yaw=4.30065 score=0.970573 valid=1 mode=tracking state=TRACKING evaluated=807 execution_us=44612 reason=tracking_pose_accepted
x=0.849995 y=2.49997 yaw=4.29971 score=0.972367 valid=1 mode=tracking state=TRACKING evaluated=807 execution_us=45771 reason=tracking_pose_accepted
x=0.849995 y=2.49997 yaw=4.29878 score=0.972375 valid=1 mode=tracking state=TRACKING evaluated=807 execution_us=44874 reason=tracking_pose_accepted
x=0.849995 y=2.49997 yaw=4.29784 score=0.97131 valid=1 mode=tracking state=TRACKING evaluated=807 execution_us=44862 reason=tracking_pose_accepted
x=0.849995 y=2.49997 yaw=4.29691 score=0.972103 valid=1 mode=tracking state=TRACKING evaluated=807 execution_us=45501 reason=tracking_pose_accepted
x=0.849995 y=2.49997 yaw=4.29597 score=0.970553 valid=1 mode=tracking state=TRACKING evaluated=807 execution_us=44823 reason=tracking_pose_accepted
x=0.849995 y=2.49997 yaw=4.29504 score=0.969618 valid=1 mode=tracking state=TRACKING evaluated=807 execution_us=45030 reason=tracking_pose_accepted
x=0.849995 y=2.49997 yaw=4.29411 score=0.970664 valid=1 mode=tracking state=TRACKING evaluated=807 execution_us=45190 reason=tracking_pose_accepted
x=0.849995 y=2.49997 yaw=4.29317 score=0.968862 valid=1 mode=tracking state=TRACKING evaluated=807 execution_us=45194 reason=tracking_pose_accepted
x=0.849995 y=2.49997 yaw=4.29224 score=0.968884 valid=1 mode=tracking state=TRACKING evaluated=807 execution_us=45202 reason=tracking_pose_accepted
x=0.849995 y=2.49997 yaw=4.2913 score=0.966763 valid=1 mode=tracking state=TRACKING evaluated=807 execution_us=45143 reason=tracking_pose_accepted
x=0.849995 y=2.49997 yaw=4.30782 score=0.971013 valid=1 mode=tracking state=TRACKING evaluated=807 execution_us=44846 reason=tracking_pose_accepted
x=0.849995 y=2.49997 yaw=4.28943 score=0.966763 valid=1 mode=tracking state=TRACKING evaluated=807 execution_us=45407 reason=tracking_pose_accepted
x=0.849995 y=2.49997 yaw=4.30595 score=0.966687 valid=1 mode=tracking state=TRACKING evaluated=807 execution_us=44997 reason=tracking_pose_accepted
x=0.849995 y=2.49997 yaw=4.30502 score=0.966626 valid=1 mode=tracking state=TRACKING evaluated=807 execution_us=45270 reason=tracking_pose_accepted
x=0.849995 y=2.49997 yaw=4.30408 score=0.967964 valid=1 mode=tracking state=TRACKING evaluated=807 execution_us=45119 reason=tracking_pose_accepted
x=0.849995 y=2.49997 yaw=4.30315 score=0.96817 valid=1 mode=tracking state=TRACKING evaluated=807 execution_us=45300 reason=tracking_pose_accepted
x=0.849995 y=2.49997 yaw=4.30221 score=0.970507 valid=1 mode=tracking state=TRACKING evaluated=807 execution_us=45505 reason=tracking_pose_accepted
x=0.849995 y=2.49997 yaw=4.30128 score=0.973417 valid=1 mode=tracking state=TRACKING evaluated=807 execution_us=45595 reason=tracking_pose_accepted
x=0.849995 y=2.49997 yaw=4.30034 score=0.972906 valid=1 mode=tracking state=TRACKING evaluated=807 execution_us=45151 reason=tracking_pose_accepted
x=0.849995 y=2.49997 yaw=4.29941 score=0.970466 valid=1 mode=tracking state=TRACKING evaluated=807 execution_us=45816 reason=tracking_pose_accepted
x=0.849995 y=2.49997 yaw=4.29847 score=0.969332 valid=1 mode=tracking state=TRACKING evaluated=807 execution_us=45002 reason=tracking_pose_accepted
x=0.849995 y=2.49997 yaw=4.29754 score=0.971836 valid=1 mode=tracking state=TRACKING evaluated=807 execution_us=45343 reason=tracking_pose_accepted
x=0.849995 y=2.49997 yaw=4.29661 score=0.970095 valid=1 mode=tracking state=TRACKING evaluated=807 execution_us=45037 reason=tracking_pose_accepted
x=0.849995 y=2.49997 yaw=4.29567 score=0.96878 valid=1 mode=tracking state=TRACKING evaluated=807 execution_us=45452 reason=tracking_pose_accepted
x=0.849995 y=2.49997 yaw=4.29474 score=0.969393 valid=1 mode=tracking state=TRACKING evaluated=807 execution_us=45572 reason=tracking_pose_accepted
x=0.849995 y=2.49997 yaw=4.2938 score=0.96874 valid=1 mode=tracking state=TRACKING evaluated=807 execution_us=45025 reason=tracking_pose_accepted
x=0.849995 y=2.49997 yaw=4.29287 score=0.969816 valid=1 mode=tracking state=TRACKING evaluated=807 execution_us=45520 reason=tracking_pose_accepted
x=0.849995 y=2.49997 yaw=4.29193 score=0.967862 valid=1 mode=tracking state=TRACKING evaluated=807 execution_us=46119 reason=tracking_pose_accepted
x=0.849995 y=2.49997 yaw=4.291 score=0.967462 valid=1 mode=tracking state=TRACKING evaluated=807 execution_us=45689 reason=tracking_pose_accepted
x=0.849995 y=2.49997 yaw=4.29006 score=0.967683 valid=1 mode=tracking state=TRACKING evaluated=807 execution_us=45491 reason=tracking_pose_accepted
x=0.849995 y=2.49997 yaw=4.28913 score=0.965887 valid=1 mode=tracking state=TRACKING evaluated=807 execution_us=45775 reason=tracking_pose_accepted
x=0.849995 y=2.49997 yaw=4.30565 score=0.970094 valid=1 mode=tracking state=TRACKING evaluated=807 execution_us=45072 reason=tracking_pose_accepted
x=0.849995 y=2.49997 yaw=4.30471 score=0.970369 valid=1 mode=tracking state=TRACKING evaluated=807 execution_us=45215 reason=tracking_pose_accepted
x=0.849995 y=2.49997 yaw=4.30378 score=0.970644 valid=1 mode=tracking state=TRACKING evaluated=807 execution_us=45260 reason=tracking_pose_accepted
x=0.849995 y=2.49997 yaw=4.30284 score=0.969257 valid=1 mode=tracking state=TRACKING evaluated=807 execution_us=45473 reason=tracking_pose_accepted
x=0.849995 y=2.49997 yaw=4.30191 score=0.972467 valid=1 mode=tracking state=TRACKING evaluated=807 execution_us=45310 reason=tracking_pose_accepted
x=0.849995 y=2.49997 yaw=4.30097 score=0.969479 valid=1 mode=tracking state=TRACKING evaluated=807 execution_us=45139 reason=tracking_pose_accepted
x=0.849995 y=2.49997 yaw=4.30004 score=0.971143 valid=1 mode=tracking state=TRACKING evaluated=807 execution_us=45176 reason=tracking_pose_accepted
x=0.849995 y=2.49997 yaw=4.29911 score=0.972367 valid=1 mode=tracking state=TRACKING evaluated=807 execution_us=46027 reason=tracking_pose_accepted
x=0.849995 y=2.49997 yaw=4.29817 score=0.971218 valid=1 mode=tracking state=TRACKING evaluated=807 execution_us=45300 reason=tracking_pose_accepted
x=0.849995 y=2.49997 yaw=4.29724 score=0.968515 valid=1 mode=tracking state=TRACKING evaluated=807 execution_us=45443 reason=tracking_pose_accepted
x=0.849995 y=2.49997 yaw=4.2963 score=0.970133 valid=1 mode=tracking state=TRACKING evaluated=807 execution_us=45890 reason=tracking_pose_accepted
x=0.849995 y=2.49997 yaw=4.29537 score=0.970097 valid=1 mode=tracking state=TRACKING evaluated=807 execution_us=45463 reason=tracking_pose_accepted
x=0.849995 y=2.49997 yaw=4.29443 score=0.971653 valid=1 mode=tracking state=TRACKING evaluated=807 execution_us=45489 reason=tracking_pose_accepted
x=0.849995 y=2.49997 yaw=4.2935 score=0.968882 valid=1 mode=tracking state=TRACKING evaluated=807 execution_us=45034 reason=tracking_pose_accepted
x=0.849995 y=2.49997 yaw=4.29256 score=0.968288 valid=1 mode=tracking state=TRACKING evaluated=807 execution_us=44480 reason=tracking_pose_accepted
x=0.849995 y=2.49997 yaw=4.29163 score=0.967723 valid=1 mode=tracking state=TRACKING evaluated=807 execution_us=45639 reason=tracking_pose_accepted
x=0.849995 y=2.49997 yaw=4.29069 score=0.967748 valid=1 mode=tracking state=TRACKING evaluated=807 execution_us=45317 reason=tracking_pose_accepted
x=0.849995 y=2.49997 yaw=4.28976 score=0.967163 valid=1 mode=tracking state=TRACKING evaluated=807 execution_us=44934 reason=tracking_pose_accepted
x=0.849995 y=2.49997 yaw=4.30628 score=0.967093 valid=1 mode=tracking state=TRACKING evaluated=807 execution_us=45467 reason=tracking_pose_accepted
x=0.849995 y=2.49997 yaw=4.30534 score=0.969334 valid=1 mode=tracking state=TRACKING evaluated=807 execution_us=44926 reason=tracking_pose_accepted
x=0.849995 y=2.49997 yaw=4.30441 score=0.971775 valid=1 mode=tracking state=TRACKING evaluated=807 execution_us=45225 reason=tracking_pose_accepted
x=0.849995 y=2.49997 yaw=4.30347 score=0.970991 valid=1 mode=tracking state=TRACKING evaluated=807 execution_us=44863 reason=tracking_pose_accepted
x=0.849995 y=2.49997 yaw=4.30254 score=0.970174 valid=1 mode=tracking state=TRACKING evaluated=807 execution_us=45474 reason=tracking_pose_accepted
x=0.849995 y=2.49997 yaw=4.30161 score=0.969654 valid=1 mode=tracking state=TRACKING evaluated=807 execution_us=45162 reason=tracking_pose_accepted
x=0.849995 y=2.49997 yaw=4.30067 score=0.970391 valid=1 mode=tracking state=TRACKING evaluated=807 execution_us=45439 reason=tracking_pose_accepted
x=0.849995 y=2.49997 yaw=4.29974 score=0.972325 valid=1 mode=tracking state=TRACKING evaluated=807 execution_us=45039 reason=tracking_pose_accepted
x=0.849995 y=2.49997 yaw=4.2988 score=0.971191 valid=1 mode=tracking state=TRACKING evaluated=807 execution_us=45623 reason=tracking_pose_accepted
x=0.849995 y=2.49997 yaw=4.29787 score=0.970391 valid=1 mode=tracking state=TRACKING evaluated=807 execution_us=45435 reason=tracking_pose_accepted
x=0.849995 y=2.49997 yaw=4.29693 score=0.971449 valid=1 mode=tracking state=TRACKING evaluated=807 execution_us=47308 reason=tracking_pose_accepted
x=0.849995 y=2.49997 yaw=4.296 score=0.970812 valid=1 mode=tracking state=TRACKING evaluated=807 execution_us=45610 reason=tracking_pose_accepted
x=0.849995 y=2.49997 yaw=4.29506 score=0.966027 valid=1 mode=tracking state=TRACKING evaluated=807 execution_us=45494 reason=tracking_pose_accepted
x=0.849995 y=2.49997 yaw=4.29413 score=0.969147 valid=1 mode=tracking state=TRACKING evaluated=807 execution_us=46494 reason=tracking_pose_accepted
x=0.849995 y=2.49997 yaw=4.29319 score=0.968495 valid=1 mode=tracking state=TRACKING evaluated=807 execution_us=45157 reason=tracking_pose_accepted
x=0.849995 y=2.49997 yaw=4.29226 score=0.971077 valid=1 mode=tracking state=TRACKING evaluated=807 execution_us=45774 reason=tracking_pose_accepted
x=0.849995 y=2.49997 yaw=4.29133 score=0.968415 valid=1 mode=tracking state=TRACKING evaluated=807 execution_us=45900 reason=tracking_pose_accepted
x=0.849995 y=2.49997 yaw=4.30784 score=0.967259 valid=1 mode=tracking state=TRACKING evaluated=807 execution_us=45559 reason=tracking_pose_accepted
x=0.849995 y=2.49997 yaw=4.28946 score=0.967069 valid=1 mode=tracking state=TRACKING evaluated=807 execution_us=45360 reason=tracking_pose_accepted
x=0.849995 y=2.49997 yaw=4.30597 score=0.972812 valid=1 mode=tracking state=TRACKING evaluated=807 execution_us=45625 reason=tracking_pose_accepted
x=0.849995 y=2.49997 yaw=4.28759 score=0.963748 valid=1 mode=tracking state=TRACKING evaluated=807 execution_us=45157 reason=tracking_pose_accepted
x=0.849995 y=2.49997 yaw=4.30411 score=0.972977 valid=1 mode=tracking state=TRACKING evaluated=807 execution_us=45378 reason=tracking_pose_accepted
x=0.849995 y=2.49997 yaw=4.30317 score=0.973829 valid=1 mode=tracking state=TRACKING evaluated=807 execution_us=45444 reason=tracking_pose_accepted
x=0.849995 y=2.49997 yaw=4.30224 score=0.971589 valid=1 mode=tracking state=TRACKING evaluated=807 execution_us=45723 reason=tracking_pose_accepted
x=0.849995 y=2.49997 yaw=4.3013 score=0.973397 valid=1 mode=tracking state=TRACKING evaluated=807 execution_us=45338 reason=tracking_pose_accepted
x=0.849995 y=2.49997 yaw=4.30037 score=0.970772 valid=1 mode=tracking state=TRACKING evaluated=807 execution_us=46015 reason=tracking_pose_accepted
x=0.849995 y=2.49997 yaw=4.29943 score=0.972089 valid=1 mode=tracking state=TRACKING evaluated=807 execution_us=44757 reason=tracking_pose_accepted
x=0.849995 y=2.49997 yaw=4.2985 score=0.971327 valid=1 mode=tracking state=TRACKING evaluated=807 execution_us=79753 reason=tracking_pose_accepted
x=0.849995 y=2.49997 yaw=4.29756 score=0.971105 valid=1 mode=tracking state=TRACKING evaluated=807 execution_us=44820 reason=tracking_pose_accepted
x=0.849995 y=2.49997 yaw=4.29663 score=0.972671 valid=1 mode=tracking state=TRACKING evaluated=807 execution_us=45377 reason=tracking_pose_accepted
x=0.849995 y=2.49997 yaw=4.29569 score=0.969715 valid=1 mode=tracking state=TRACKING evaluated=807 execution_us=45416 reason=tracking_pose_accepted
x=0.849995 y=2.49997 yaw=4.29476 score=0.970887 valid=1 mode=tracking state=TRACKING evaluated=807 execution_us=45215 reason=tracking_pose_accepted
x=0.849995 y=2.49997 yaw=4.29382 score=0.969185 valid=1 mode=tracking state=TRACKING evaluated=807 execution_us=46088 reason=tracking_pose_accepted
x=0.849995 y=2.49997 yaw=4.29289 score=0.968454 valid=1 mode=tracking state=TRACKING evaluated=807 execution_us=45217 reason=tracking_pose_accepted
x=0.849995 y=2.49997 yaw=4.29196 score=0.96807 valid=1 mode=tracking state=TRACKING evaluated=807 execution_us=46321 reason=tracking_pose_accepted
x=0.849995 y=2.49997 yaw=4.29102 score=0.967303 valid=1 mode=tracking state=TRACKING evaluated=807 execution_us=45764 reason=tracking_pose_accepted
x=0.849995 y=2.49997 yaw=4.29009 score=0.966682 valid=1 mode=tracking state=TRACKING evaluated=807 execution_us=44904 reason=tracking_pose_accepted
x=0.849995 y=2.49997 yaw=4.30661 score=0.971655 valid=1 mode=tracking state=TRACKING evaluated=807 execution_us=45306 reason=tracking_pose_accepted
x=0.849995 y=2.49997 yaw=4.30567 score=0.97259 valid=1 mode=tracking state=TRACKING evaluated=807 execution_us=46480 reason=tracking_pose_accepted
x=0.849995 y=2.49997 yaw=4.30474 score=0.972138 valid=1 mode=tracking state=TRACKING evaluated=807 execution_us=81183 reason=tracking_pose_accepted
x=0.849995 y=2.49997 yaw=4.3038 score=0.968891 valid=1 mode=tracking state=TRACKING evaluated=807 execution_us=46547 reason=tracking_pose_accepted
x=0.849995 y=2.49997 yaw=4.30287 score=0.973376 valid=1 mode=tracking state=TRACKING evaluated=807 execution_us=45100 reason=tracking_pose_accepted
x=0.849995 y=2.49997 yaw=4.30193 score=0.972396 valid=1 mode=tracking state=TRACKING evaluated=807 execution_us=45037 reason=tracking_pose_accepted
x=0.849995 y=2.49997 yaw=4.301 score=0.972751 valid=1 mode=tracking state=TRACKING evaluated=807 execution_us=45835 reason=tracking_pose_accepted
x=0.849995 y=2.49997 yaw=4.30006 score=0.970797 valid=1 mode=tracking state=TRACKING evaluated=807 execution_us=45320 reason=tracking_pose_accepted
x=0.849995 y=2.49997 yaw=4.29913 score=0.970324 valid=1 mode=tracking state=TRACKING evaluated=807 execution_us=45362 reason=tracking_pose_accepted
x=0.849995 y=2.49997 yaw=4.29819 score=0.970817 valid=1 mode=tracking state=TRACKING evaluated=807 execution_us=45729 reason=tracking_pose_accepted
x=0.849995 y=2.49997 yaw=4.29726 score=0.972529 valid=1 mode=tracking state=TRACKING evaluated=807 execution_us=45436 reason=tracking_pose_accepted
x=0.849995 y=2.49997 yaw=4.29632 score=0.969252 valid=1 mode=tracking state=TRACKING evaluated=807 execution_us=45327 reason=tracking_pose_accepted
x=0.849995 y=2.49997 yaw=4.29539 score=0.971693 valid=1 mode=tracking state=TRACKING evaluated=807 execution_us=45423 reason=tracking_pose_accepted
x=0.849995 y=2.49997 yaw=4.29446 score=0.967388 valid=1 mode=tracking state=TRACKING evaluated=807 execution_us=45255 reason=tracking_pose_accepted
x=0.849995 y=2.49997 yaw=4.29352 score=0.968982 valid=1 mode=tracking state=TRACKING evaluated=807 execution_us=45942 reason=tracking_pose_accepted
x=0.849995 y=2.49997 yaw=4.29259 score=0.970812 valid=1 mode=tracking state=TRACKING evaluated=807 execution_us=45389 reason=tracking_pose_accepted
x=0.849995 y=2.49997 yaw=4.29165 score=0.966549 valid=1 mode=tracking state=TRACKING evaluated=807 execution_us=45377 reason=tracking_pose_accepted
x=0.849995 y=2.49997 yaw=4.29072 score=0.965717 valid=1 mode=tracking state=TRACKING evaluated=807 execution_us=45434 reason=tracking_pose_accepted
x=0.849995 y=2.49997 yaw=4.30724 score=0.967161 valid=1 mode=tracking state=TRACKING evaluated=807 execution_us=45407 reason=tracking_pose_accepted
x=0.849995 y=2.49997 yaw=4.3063 score=0.96548 valid=1 mode=tracking state=TRACKING evaluated=807 execution_us=45262 reason=tracking_pose_accepted
x=0.849995 y=2.49997 yaw=4.30537 score=0.967259 valid=1 mode=tracking state=TRACKING evaluated=807 execution_us=46347 reason=tracking_pose_accepted
x=0.849995 y=2.49997 yaw=4.30443 score=0.974372 valid=1 mode=tracking state=TRACKING evaluated=807 execution_us=45668 reason=tracking_pose_accepted
x=0.849995 y=2.49997 yaw=4.3035 score=0.971317 valid=1 mode=tracking state=TRACKING evaluated=807 execution_us=45580 reason=tracking_pose_accepted
x=0.849995 y=2.49997 yaw=4.30256 score=0.973784 valid=1 mode=tracking state=TRACKING evaluated=807 execution_us=44545 reason=tracking_pose_accepted
x=0.849995 y=2.49997 yaw=4.30163 score=0.973358 valid=1 mode=tracking state=TRACKING evaluated=807 execution_us=45681 reason=tracking_pose_accepted
x=0.849995 y=2.49997 yaw=4.30069 score=0.971225 valid=1 mode=tracking state=TRACKING evaluated=807 execution_us=45319 reason=tracking_pose_accepted
x=0.849995 y=2.49997 yaw=4.29976 score=0.970314 valid=1 mode=tracking state=TRACKING evaluated=807 execution_us=45103 reason=tracking_pose_accepted
x=0.849995 y=2.49997 yaw=4.29882 score=0.970378 valid=1 mode=tracking state=TRACKING evaluated=807 execution_us=44977 reason=tracking_pose_accepted
x=0.849995 y=2.49997 yaw=4.29789 score=0.97096 valid=1 mode=tracking state=TRACKING evaluated=807 execution_us=45354 reason=tracking_pose_accepted
x=0.849995 y=2.49997 yaw=4.29696 score=0.972031 valid=1 mode=tracking state=TRACKING evaluated=807 execution_us=45083 reason=tracking_pose_accepted
x=0.849995 y=2.49997 yaw=4.29602 score=0.969373 valid=1 mode=tracking state=TRACKING evaluated=807 execution_us=44995 reason=tracking_pose_accepted
x=0.849995 y=2.49997 yaw=4.29509 score=0.970349 valid=1 mode=tracking state=TRACKING evaluated=807 execution_us=45156 reason=tracking_pose_accepted
x=0.849995 y=2.49997 yaw=4.29415 score=0.967884 valid=1 mode=tracking state=TRACKING evaluated=807 execution_us=45166 reason=tracking_pose_accepted
x=0.849995 y=2.49997 yaw=4.29322 score=0.969064 valid=1 mode=tracking state=TRACKING evaluated=807 execution_us=45759 reason=tracking_pose_accepted
x=0.849995 y=2.49997 yaw=4.25738 score=0.926224 valid=1 mode=tracking state=TRACKING evaluated=807 execution_us=44910 reason=tracking_pose_accepted
x=0.849995 y=2.49997 yaw=4.29135 score=0.96681 valid=1 mode=tracking state=TRACKING evaluated=807 execution_us=44691 reason=tracking_pose_accepted
x=0.849995 y=2.49997 yaw=4.29041 score=0.967639 valid=1 mode=tracking state=TRACKING evaluated=807 execution_us=45368 reason=tracking_pose_accepted
x=0.849995 y=2.49997 yaw=4.30693 score=0.970563 valid=1 mode=tracking state=TRACKING evaluated=807 execution_us=45225 reason=tracking_pose_accepted
x=0.849995 y=2.49997 yaw=4.306 score=0.974771 valid=1 mode=tracking state=TRACKING evaluated=807 execution_us=45666 reason=tracking_pose_accepted
x=0.849995 y=2.49997 yaw=4.30506 score=0.973921 valid=1 mode=tracking state=TRACKING evaluated=807 execution_us=45474 reason=tracking_pose_accepted
x=0.849995 y=2.49997 yaw=4.30413 score=0.972345 valid=1 mode=tracking state=TRACKING evaluated=807 execution_us=45165 reason=tracking_pose_accepted
x=0.849995 y=2.49997 yaw=4.30319 score=0.96961 valid=1 mode=tracking state=TRACKING evaluated=807 execution_us=45893 reason=tracking_pose_accepted
x=0.849995 y=2.49997 yaw=4.30226 score=0.970807 valid=1 mode=tracking state=TRACKING evaluated=807 execution_us=45148 reason=tracking_pose_accepted
x=0.849995 y=2.49997 yaw=4.30133 score=0.972005 valid=1 mode=tracking state=TRACKING evaluated=807 execution_us=44777 reason=tracking_pose_accepted
x=0.849995 y=2.49997 yaw=4.30039 score=0.97314 valid=1 mode=tracking state=TRACKING evaluated=807 execution_us=45749 reason=tracking_pose_accepted
x=0.849995 y=2.49997 yaw=4.29946 score=0.971423 valid=1 mode=tracking state=TRACKING evaluated=807 execution_us=44858 reason=tracking_pose_accepted
x=0.849995 y=2.49997 yaw=4.29852 score=0.970884 valid=1 mode=tracking state=TRACKING evaluated=807 execution_us=44995 reason=tracking_pose_accepted
x=0.849995 y=2.49997 yaw=4.29759 score=0.971795 valid=1 mode=tracking state=TRACKING evaluated=807 execution_us=45452 reason=tracking_pose_accepted
x=0.849995 y=2.49997 yaw=4.29665 score=0.970809 valid=1 mode=tracking state=TRACKING evaluated=807 execution_us=46026 reason=tracking_pose_accepted
x=0.849995 y=2.49997 yaw=4.29572 score=0.969252 valid=1 mode=tracking state=TRACKING evaluated=807 execution_us=45544 reason=tracking_pose_accepted
x=0.849995 y=2.49997 yaw=4.29478 score=0.971191 valid=1 mode=tracking state=TRACKING evaluated=807 execution_us=45631 reason=tracking_pose_accepted
x=0.849995 y=2.49997 yaw=4.29385 score=0.968862 valid=1 mode=tracking state=TRACKING evaluated=807 execution_us=45557 reason=tracking_pose_accepted
x=0.849995 y=2.49997 yaw=4.29291 score=0.967919 valid=1 mode=tracking state=TRACKING evaluated=807 execution_us=45385 reason=tracking_pose_accepted
x=0.849995 y=2.49997 yaw=4.30943 score=0.973145 valid=1 mode=tracking state=TRACKING evaluated=807 execution_us=45501 reason=tracking_pose_accepted
x=0.849995 y=2.49997 yaw=4.29105 score=0.967361 valid=1 mode=tracking state=TRACKING evaluated=807 execution_us=45125 reason=tracking_pose_accepted
x=0.849995 y=2.49997 yaw=4.30756 score=0.969161 valid=1 mode=tracking state=TRACKING evaluated=807 execution_us=45205 reason=tracking_pose_accepted
x=0.849995 y=2.49997 yaw=4.28918 score=0.967069 valid=1 mode=tracking state=TRACKING evaluated=807 execution_us=45332 reason=tracking_pose_accepted
x=0.849995 y=2.49997 yaw=4.3057 score=0.966514 valid=1 mode=tracking state=TRACKING evaluated=807 execution_us=45453 reason=tracking_pose_accepted
x=0.849995 y=2.49997 yaw=4.30476 score=0.971894 valid=1 mode=tracking state=TRACKING evaluated=807 execution_us=45166 reason=tracking_pose_accepted
x=0.849995 y=2.49997 yaw=4.30383 score=0.967872 valid=1 mode=tracking state=TRACKING evaluated=807 execution_us=45233 reason=tracking_pose_accepted
x=0.849995 y=2.49997 yaw=4.30289 score=0.974337 valid=1 mode=tracking state=TRACKING evaluated=807 execution_us=45896 reason=tracking_pose_accepted
x=0.849995 y=2.49997 yaw=4.30196 score=0.972221 valid=1 mode=tracking state=TRACKING evaluated=807 execution_us=45146 reason=tracking_pose_accepted
x=0.849995 y=2.49997 yaw=4.30102 score=0.973583 valid=1 mode=tracking state=TRACKING evaluated=807 execution_us=45493 reason=tracking_pose_accepted
x=0.849995 y=2.49997 yaw=4.30009 score=0.971714 valid=1 mode=tracking state=TRACKING evaluated=807 execution_us=45099 reason=tracking_pose_accepted
x=0.849995 y=2.49997 yaw=4.29915 score=0.970925 valid=1 mode=tracking state=TRACKING evaluated=807 execution_us=45008 reason=tracking_pose_accepted
x=0.849995 y=2.49997 yaw=4.29822 score=0.970165 valid=1 mode=tracking state=TRACKING evaluated=807 execution_us=45116 reason=tracking_pose_accepted
x=0.849995 y=2.49997 yaw=4.29728 score=0.971637 valid=1 mode=tracking state=TRACKING evaluated=807 execution_us=45531 reason=tracking_pose_accepted
x=0.849995 y=2.49997 yaw=4.29635 score=0.97026 valid=1 mode=tracking state=TRACKING evaluated=807 execution_us=44805 reason=tracking_pose_accepted
x=0.849995 y=2.49997 yaw=4.29541 score=0.970512 valid=1 mode=tracking state=TRACKING evaluated=807 execution_us=45459 reason=tracking_pose_accepted
x=0.849995 y=2.49997 yaw=4.29448 score=0.970426 valid=1 mode=tracking state=TRACKING evaluated=807 execution_us=45519 reason=tracking_pose_accepted
x=0.849995 y=2.49997 yaw=4.29355 score=0.96874 valid=1 mode=tracking state=TRACKING evaluated=807 execution_us=44842 reason=tracking_pose_accepted
x=0.849995 y=2.49997 yaw=4.29261 score=0.968658 valid=1 mode=tracking state=TRACKING evaluated=807 execution_us=45594 reason=tracking_pose_accepted
x=0.849995 y=2.49997 yaw=4.29168 score=0.969125 valid=1 mode=tracking state=TRACKING evaluated=807 execution_us=45172 reason=tracking_pose_accepted
x=0.849995 y=2.49997 yaw=4.3082 score=0.967252 valid=1 mode=tracking state=TRACKING evaluated=807 execution_us=45215 reason=tracking_pose_accepted
x=0.849995 y=2.49997 yaw=4.30726 score=0.971853 valid=1 mode=tracking state=TRACKING evaluated=807 execution_us=45071 reason=tracking_pose_accepted
x=0.849995 y=2.49997 yaw=4.30633 score=0.970411 valid=1 mode=tracking state=TRACKING evaluated=807 execution_us=45351 reason=tracking_pose_accepted
x=0.849995 y=2.49997 yaw=4.30539 score=0.969097 valid=1 mode=tracking state=TRACKING evaluated=807 execution_us=44938 reason=tracking_pose_accepted
x=0.849995 y=2.49997 yaw=4.30446 score=0.96876 valid=1 mode=tracking state=TRACKING evaluated=807 execution_us=45084 reason=tracking_pose_accepted
x=0.849995 y=2.49997 yaw=4.30352 score=0.970948 valid=1 mode=tracking state=TRACKING evaluated=807 execution_us=44833 reason=tracking_pose_accepted
x=0.849995 y=2.49997 yaw=4.30259 score=0.971469 valid=1 mode=tracking state=TRACKING evaluated=807 execution_us=45657 reason=tracking_pose_accepted
x=0.849995 y=2.49997 yaw=4.30165 score=0.972754 valid=1 mode=tracking state=TRACKING evaluated=807 execution_us=45049 reason=tracking_pose_accepted
x=0.849995 y=2.49997 yaw=4.30072 score=0.972366 valid=1 mode=tracking state=TRACKING evaluated=807 execution_us=45595 reason=tracking_pose_accepted
x=0.849995 y=2.49997 yaw=4.29978 score=0.972975 valid=1 mode=tracking state=TRACKING evaluated=807 execution_us=45784 reason=tracking_pose_accepted
x=0.849995 y=2.49997 yaw=4.29885 score=0.96969 valid=1 mode=tracking state=TRACKING evaluated=807 execution_us=44893 reason=tracking_pose_accepted
x=0.849995 y=2.49997 yaw=4.29791 score=0.970337 valid=1 mode=tracking state=TRACKING evaluated=807 execution_us=44831 reason=tracking_pose_accepted
x=0.849995 y=2.49997 yaw=4.29698 score=0.970455 valid=1 mode=tracking state=TRACKING evaluated=807 execution_us=45337 reason=tracking_pose_accepted
x=0.849995 y=2.49997 yaw=4.29605 score=0.970418 valid=1 mode=tracking state=TRACKING evaluated=807 execution_us=45083 reason=tracking_pose_accepted
x=0.849995 y=2.49997 yaw=4.29511 score=0.97019 valid=1 mode=tracking state=TRACKING evaluated=807 execution_us=45655 reason=tracking_pose_accepted
x=0.849995 y=2.49997 yaw=4.29418 score=0.967392 valid=1 mode=tracking state=TRACKING evaluated=807 execution_us=45004 reason=tracking_pose_accepted
x=0.849995 y=2.49997 yaw=4.29324 score=0.968912 valid=1 mode=tracking state=TRACKING evaluated=807 execution_us=45388 reason=tracking_pose_accepted
x=0.849995 y=2.49997 yaw=4.29231 score=0.967445 valid=1 mode=tracking state=TRACKING evaluated=807 execution_us=46230 reason=tracking_pose_accepted
x=0.849995 y=2.49997 yaw=4.29137 score=0.96822 valid=1 mode=tracking state=TRACKING evaluated=807 execution_us=45568 reason=tracking_pose_accepted
x=0.849995 y=2.49997 yaw=4.29044 score=0.967802 valid=1 mode=tracking state=TRACKING evaluated=807 execution_us=45349 reason=tracking_pose_accepted
x=0.849995 y=2.49997 yaw=4.30696 score=0.969641 valid=1 mode=tracking state=TRACKING evaluated=807 execution_us=45291 reason=tracking_pose_accepted
x=0.849995 y=2.49997 yaw=4.28857 score=0.967225 valid=1 mode=tracking state=TRACKING evaluated=807 execution_us=45167 reason=tracking_pose_accepted
x=0.849995 y=2.49997 yaw=4.30509 score=0.969877 valid=1 mode=tracking state=TRACKING evaluated=807 execution_us=45407 reason=tracking_pose_accepted
x=0.849995 y=2.49997 yaw=4.30415 score=0.968964 valid=1 mode=tracking state=TRACKING evaluated=807 execution_us=45328 reason=tracking_pose_accepted
x=0.849995 y=2.49997 yaw=4.30322 score=0.969687 valid=1 mode=tracking state=TRACKING evaluated=807 execution_us=45358 reason=tracking_pose_accepted
x=0.849995 y=2.49997 yaw=4.30228 score=0.970151 valid=1 mode=tracking state=TRACKING evaluated=807 execution_us=45800 reason=tracking_pose_accepted
x=0.849995 y=2.49997 yaw=4.30135 score=0.970425 valid=1 mode=tracking state=TRACKING evaluated=807 execution_us=44967 reason=tracking_pose_accepted
x=0.849995 y=2.49997 yaw=4.30042 score=0.974083 valid=1 mode=tracking state=TRACKING evaluated=807 execution_us=45406 reason=tracking_pose_accepted
x=0.849995 y=2.49997 yaw=4.29948 score=0.972073 valid=1 mode=tracking state=TRACKING evaluated=807 execution_us=46988 reason=tracking_pose_accepted
x=0.849995 y=2.49997 yaw=4.29855 score=0.969532 valid=1 mode=tracking state=TRACKING evaluated=807 execution_us=45324 reason=tracking_pose_accepted
x=0.849995 y=2.49997 yaw=4.29761 score=0.970609 valid=1 mode=tracking state=TRACKING evaluated=807 execution_us=45200 reason=tracking_pose_accepted
x=0.849995 y=2.49997 yaw=4.29668 score=0.968638 valid=1 mode=tracking state=TRACKING evaluated=807 execution_us=45006 reason=tracking_pose_accepted
x=0.849995 y=2.49997 yaw=4.29574 score=0.969654 valid=1 mode=tracking state=TRACKING evaluated=807 execution_us=45387 reason=tracking_pose_accepted
x=0.849995 y=2.49997 yaw=4.29481 score=0.968412 valid=1 mode=tracking state=TRACKING evaluated=807 execution_us=45293 reason=tracking_pose_accepted
x=0.849995 y=2.49997 yaw=4.29387 score=0.967945 valid=1 mode=tracking state=TRACKING evaluated=807 execution_us=45058 reason=tracking_pose_accepted
x=0.849995 y=2.49997 yaw=4.29294 score=0.969446 valid=1 mode=tracking state=TRACKING evaluated=807 execution_us=45497 reason=tracking_pose_accepted
x=0.849995 y=2.49997 yaw=4.292 score=0.968045 valid=1 mode=tracking state=TRACKING evaluated=807 execution_us=45381 reason=tracking_pose_accepted
x=0.849995 y=2.49997 yaw=4.29107 score=0.966723 valid=1 mode=tracking state=TRACKING evaluated=807 execution_us=44919 reason=tracking_pose_accepted
x=0.849995 y=2.49997 yaw=4.29013 score=0.966897 valid=1 mode=tracking state=TRACKING evaluated=807 execution_us=45138 reason=tracking_pose_accepted
x=0.849995 y=2.49997 yaw=4.30665 score=0.969975 valid=1 mode=tracking state=TRACKING evaluated=807 execution_us=45210 reason=tracking_pose_accepted
x=0.849995 y=2.49997 yaw=4.30572 score=0.968131 valid=1 mode=tracking state=TRACKING evaluated=807 execution_us=45485 reason=tracking_pose_accepted
x=0.849995 y=2.49997 yaw=4.30478 score=0.965506 valid=1 mode=tracking state=TRACKING evaluated=807 execution_us=45808 reason=tracking_pose_accepted
x=0.849995 y=2.49997 yaw=4.30385 score=0.970414 valid=1 mode=tracking state=TRACKING evaluated=807 execution_us=44675 reason=tracking_pose_accepted
x=0.849995 y=2.49997 yaw=4.30292 score=0.968425 valid=1 mode=tracking state=TRACKING evaluated=807 execution_us=45378 reason=tracking_pose_accepted
x=0.849995 y=2.49997 yaw=4.30198 score=0.973642 valid=1 mode=tracking state=TRACKING evaluated=807 execution_us=45525 reason=tracking_pose_accepted
x=0.849995 y=2.49997 yaw=4.30105 score=0.971929 valid=1 mode=tracking state=TRACKING evaluated=807 execution_us=45375 reason=tracking_pose_accepted
x=0.849995 y=2.49997 yaw=4.30011 score=0.972741 valid=1 mode=tracking state=TRACKING evaluated=807 execution_us=45467 reason=tracking_pose_accepted
x=0.849995 y=2.49997 yaw=4.29918 score=0.968932 valid=1 mode=tracking state=TRACKING evaluated=807 execution_us=45391 reason=tracking_pose_accepted
x=0.849995 y=2.49997 yaw=4.29824 score=0.967171 valid=1 mode=tracking state=TRACKING evaluated=807 execution_us=45129 reason=tracking_pose_accepted
x=0.849995 y=2.49997 yaw=4.29731 score=0.97096 valid=1 mode=tracking state=TRACKING evaluated=807 execution_us=46194 reason=tracking_pose_accepted
x=0.849995 y=2.49997 yaw=4.29637 score=0.969993 valid=1 mode=tracking state=TRACKING evaluated=807 execution_us=44964 reason=tracking_pose_accepted
x=0.849995 y=2.49997 yaw=4.29544 score=0.968861 valid=1 mode=tracking state=TRACKING evaluated=807 execution_us=45629 reason=tracking_pose_accepted
x=0.849995 y=2.49997 yaw=4.2945 score=0.970968 valid=1 mode=tracking state=TRACKING evaluated=807 execution_us=46045 reason=tracking_pose_accepted
x=0.849995 y=2.49997 yaw=4.29357 score=0.967706 valid=1 mode=tracking state=TRACKING evaluated=807 execution_us=44894 reason=tracking_pose_accepted
x=0.849995 y=2.49997 yaw=4.29263 score=0.968474 valid=1 mode=tracking state=TRACKING evaluated=807 execution_us=45152 reason=tracking_pose_accepted
x=0.849995 y=2.49997 yaw=4.2917 score=0.968025 valid=1 mode=tracking state=TRACKING evaluated=807 execution_us=45067 reason=tracking_pose_accepted
x=0.849995 y=2.49997 yaw=4.29077 score=0.967351 valid=1 mode=tracking state=TRACKING evaluated=807 execution_us=45339 reason=tracking_pose_accepted
x=0.849995 y=2.49997 yaw=4.30728 score=0.969699 valid=1 mode=tracking state=TRACKING evaluated=807 execution_us=45630 reason=tracking_pose_accepted
x=0.849995 y=2.49997 yaw=4.30635 score=0.969521 valid=1 mode=tracking state=TRACKING evaluated=807 execution_us=45912 reason=tracking_pose_accepted
x=0.849995 y=2.49997 yaw=4.30542 score=0.967869 valid=1 mode=tracking state=TRACKING evaluated=807 execution_us=45453 reason=tracking_pose_accepted
x=0.849995 y=2.49997 yaw=4.30448 score=0.969532 valid=1 mode=tracking state=TRACKING evaluated=807 execution_us=45857 reason=tracking_pose_accepted
x=0.849995 y=2.49997 yaw=4.30355 score=0.973372 valid=1 mode=tracking state=TRACKING evaluated=807 execution_us=45280 reason=tracking_pose_accepted
x=0.849995 y=2.49997 yaw=4.30261 score=0.972008 valid=1 mode=tracking state=TRACKING evaluated=807 execution_us=45213 reason=tracking_pose_accepted
x=0.849995 y=2.49997 yaw=4.30168 score=0.972703 valid=1 mode=tracking state=TRACKING evaluated=807 execution_us=45450 reason=tracking_pose_accepted
x=0.849995 y=2.49997 yaw=4.30074 score=0.972985 valid=1 mode=tracking state=TRACKING evaluated=807 execution_us=45550 reason=tracking_pose_accepted
x=0.849995 y=2.49997 yaw=4.29981 score=0.97035 valid=1 mode=tracking state=TRACKING evaluated=807 execution_us=45402 reason=tracking_pose_accepted
x=0.849995 y=2.49997 yaw=4.29887 score=0.96824 valid=1 mode=tracking state=TRACKING evaluated=807 execution_us=45390 reason=tracking_pose_accepted
x=0.849995 y=2.49997 yaw=4.29794 score=0.972671 valid=1 mode=tracking state=TRACKING evaluated=807 execution_us=45470 reason=tracking_pose_accepted
x=0.849995 y=2.49997 yaw=4.297 score=0.96988 valid=1 mode=tracking state=TRACKING evaluated=807 execution_us=45163 reason=tracking_pose_accepted
x=0.849995 y=2.49997 yaw=4.29607 score=0.971347 valid=1 mode=tracking state=TRACKING evaluated=807 execution_us=45290 reason=tracking_pose_accepted
x=0.849995 y=2.49997 yaw=4.29514 score=0.968515 valid=1 mode=tracking state=TRACKING evaluated=807 execution_us=46207 reason=tracking_pose_accepted
x=0.849995 y=2.49997 yaw=4.2942 score=0.96933 valid=1 mode=tracking state=TRACKING evaluated=807 execution_us=45660 reason=tracking_pose_accepted
x=0.849995 y=2.49997 yaw=4.29327 score=0.9673 valid=1 mode=tracking state=TRACKING evaluated=807 execution_us=44664 reason=tracking_pose_accepted
x=0.849995 y=2.49997 yaw=4.29233 score=0.970056 valid=1 mode=tracking state=TRACKING evaluated=807 execution_us=45291 reason=tracking_pose_accepted
x=0.849995 y=2.49997 yaw=4.2914 score=0.967429 valid=1 mode=tracking state=TRACKING evaluated=807 execution_us=44986 reason=tracking_pose_accepted
x=0.849995 y=2.49997 yaw=4.29046 score=0.968355 valid=1 mode=tracking state=TRACKING evaluated=807 execution_us=45340 reason=tracking_pose_accepted
x=0.849995 y=2.49997 yaw=4.30698 score=0.969935 valid=1 mode=tracking state=TRACKING evaluated=807 execution_us=45011 reason=tracking_pose_accepted
x=0.849995 y=2.49997 yaw=4.30605 score=0.971779 valid=1 mode=tracking state=TRACKING evaluated=807 execution_us=44868 reason=tracking_pose_accepted
x=0.849995 y=2.49997 yaw=4.30511 score=0.969274 valid=1 mode=tracking state=TRACKING evaluated=807 execution_us=45508 reason=tracking_pose_accepted
x=0.849995 y=2.49997 yaw=4.30418 score=0.970184 valid=1 mode=tracking state=TRACKING evaluated=807 execution_us=45309 reason=tracking_pose_accepted
x=0.849995 y=2.49997 yaw=4.30324 score=0.970989 valid=1 mode=tracking state=TRACKING evaluated=807 execution_us=44745 reason=tracking_pose_accepted
x=0.849995 y=2.49997 yaw=4.30231 score=0.969208 valid=1 mode=tracking state=TRACKING evaluated=807 execution_us=45247 reason=tracking_pose_accepted
x=0.849995 y=2.49997 yaw=4.30137 score=0.973593 valid=1 mode=tracking state=TRACKING evaluated=807 execution_us=45822 reason=tracking_pose_accepted
x=0.849995 y=2.49997 yaw=4.30044 score=0.970323 valid=1 mode=tracking state=TRACKING evaluated=807 execution_us=44902 reason=tracking_pose_accepted
x=0.849995 y=2.49997 yaw=4.2995 score=0.970777 valid=1 mode=tracking state=TRACKING evaluated=807 execution_us=45145 reason=tracking_pose_accepted
x=0.849995 y=2.49997 yaw=4.29857 score=0.971543 valid=1 mode=tracking state=TRACKING evaluated=807 execution_us=44927 reason=tracking_pose_accepted
x=0.849995 y=2.49997 yaw=4.29763 score=0.972741 valid=1 mode=tracking state=TRACKING evaluated=807 execution_us=45501 reason=tracking_pose_accepted
x=0.849995 y=2.49997 yaw=4.2967 score=0.969577 valid=1 mode=tracking state=TRACKING evaluated=807 execution_us=45395 reason=tracking_pose_accepted
x=0.849995 y=2.49997 yaw=4.29577 score=0.971156 valid=1 mode=tracking state=TRACKING evaluated=807 execution_us=44925 reason=tracking_pose_accepted
x=0.849995 y=2.49997 yaw=4.29483 score=0.968189 valid=1 mode=tracking state=TRACKING evaluated=807 execution_us=45317 reason=tracking_pose_accepted
x=0.849995 y=2.49997 yaw=4.2939 score=0.968638 valid=1 mode=tracking state=TRACKING evaluated=807 execution_us=45881 reason=tracking_pose_accepted
x=0.849995 y=2.49997 yaw=4.29296 score=0.968535 valid=1 mode=tracking state=TRACKING evaluated=807 execution_us=44970 reason=tracking_pose_accepted
x=0.849995 y=2.49997 yaw=4.29203 score=0.967488 valid=1 mode=tracking state=TRACKING evaluated=807 execution_us=45073 reason=tracking_pose_accepted
x=0.849995 y=2.49997 yaw=4.30855 score=0.967561 valid=1 mode=tracking state=TRACKING evaluated=807 execution_us=45788 reason=tracking_pose_accepted
x=0.849995 y=2.49997 yaw=4.30761 score=0.967211 valid=1 mode=tracking state=TRACKING evaluated=807 execution_us=45141 reason=tracking_pose_accepted
x=0.849995 y=2.49997 yaw=4.30668 score=0.967341 valid=1 mode=tracking state=TRACKING evaluated=807 execution_us=45627 reason=tracking_pose_accepted
x=0.849995 y=2.49997 yaw=4.30574 score=0.969156 valid=1 mode=tracking state=TRACKING evaluated=807 execution_us=45659 reason=tracking_pose_accepted
x=0.849995 y=2.49997 yaw=4.30481 score=0.971279 valid=1 mode=tracking state=TRACKING evaluated=807 execution_us=45225 reason=tracking_pose_accepted
x=0.849995 y=2.49997 yaw=4.30387 score=0.97327 valid=1 mode=tracking state=TRACKING evaluated=807 execution_us=45856 reason=tracking_pose_accepted
x=0.849995 y=2.49997 yaw=4.30294 score=0.969995 valid=1 mode=tracking state=TRACKING evaluated=807 execution_us=45578 reason=tracking_pose_accepted
x=0.849995 y=2.49997 yaw=4.302 score=0.96873 valid=1 mode=tracking state=TRACKING evaluated=807 execution_us=44964 reason=tracking_pose_accepted
x=0.849995 y=2.49997 yaw=4.30107 score=0.971518 valid=1 mode=tracking state=TRACKING evaluated=807 execution_us=45153 reason=tracking_pose_accepted
x=0.849995 y=2.49997 yaw=4.30013 score=0.969432 valid=1 mode=tracking state=TRACKING evaluated=807 execution_us=45138 reason=tracking_pose_accepted
x=0.849995 y=2.49997 yaw=4.2992 score=0.971689 valid=1 mode=tracking state=TRACKING evaluated=807 execution_us=45074 reason=tracking_pose_accepted
x=0.849995 y=2.49997 yaw=4.29827 score=0.969164 valid=1 mode=tracking state=TRACKING evaluated=807 execution_us=45742 reason=tracking_pose_accepted
x=0.849995 y=2.49997 yaw=4.29733 score=0.969109 valid=1 mode=tracking state=TRACKING evaluated=807 execution_us=45149 reason=tracking_pose_accepted
x=0.849995 y=2.49997 yaw=4.2964 score=0.968924 valid=1 mode=tracking state=TRACKING evaluated=807 execution_us=45578 reason=tracking_pose_accepted
x=0.849995 y=2.49997 yaw=4.29546 score=0.969349 valid=1 mode=tracking state=TRACKING evaluated=807 execution_us=45043 reason=tracking_pose_accepted
x=0.849995 y=2.49997 yaw=4.29453 score=0.967831 valid=1 mode=tracking state=TRACKING evaluated=807 execution_us=44981 reason=tracking_pose_accepted
x=0.849995 y=2.49997 yaw=4.29359 score=0.968984 valid=1 mode=tracking state=TRACKING evaluated=807 execution_us=45523 reason=tracking_pose_accepted
x=0.849995 y=2.49997 yaw=4.29266 score=0.968556 valid=1 mode=tracking state=TRACKING evaluated=807 execution_us=44915 reason=tracking_pose_accepted
x=0.849995 y=2.49997 yaw=4.29172 score=0.969489 valid=1 mode=tracking state=TRACKING evaluated=807 execution_us=45355 reason=tracking_pose_accepted
x=0.849995 y=2.49997 yaw=4.29079 score=0.967293 valid=1 mode=tracking state=TRACKING evaluated=807 execution_us=45473 reason=tracking_pose_accepted
x=0.849995 y=2.49997 yaw=4.30731 score=0.967965 valid=1 mode=tracking state=TRACKING evaluated=807 execution_us=45099 reason=tracking_pose_accepted
x=0.849995 y=2.49997 yaw=4.30637 score=0.968556 valid=1 mode=tracking state=TRACKING evaluated=807 execution_us=44869 reason=tracking_pose_accepted
x=0.849995 y=2.49997 yaw=4.30544 score=0.969483 valid=1 mode=tracking state=TRACKING evaluated=807 execution_us=45235 reason=tracking_pose_accepted
x=0.849995 y=2.49997 yaw=4.3045 score=0.972003 valid=1 mode=tracking state=TRACKING evaluated=807 execution_us=45609 reason=tracking_pose_accepted
x=0.849995 y=2.49997 yaw=4.30357 score=0.973282 valid=1 mode=tracking state=TRACKING evaluated=807 execution_us=45604 reason=tracking_pose_accepted
x=0.849995 y=2.49997 yaw=4.30264 score=0.970934 valid=1 mode=tracking state=TRACKING evaluated=807 execution_us=45025 reason=tracking_pose_accepted
x=0.849995 y=2.49997 yaw=4.3017 score=0.972396 valid=1 mode=tracking state=TRACKING evaluated=807 execution_us=44999 reason=tracking_pose_accepted
x=0.849995 y=2.49997 yaw=4.30077 score=0.973209 valid=1 mode=tracking state=TRACKING evaluated=807 execution_us=45235 reason=tracking_pose_accepted
x=0.849995 y=2.49997 yaw=4.29983 score=0.97173 valid=1 mode=tracking state=TRACKING evaluated=807 execution_us=45032 reason=tracking_pose_accepted
x=0.849995 y=2.49997 yaw=4.2989 score=0.973376 valid=1 mode=tracking state=TRACKING evaluated=807 execution_us=44977 reason=tracking_pose_accepted
x=0.849995 y=2.49997 yaw=4.29796 score=0.970455 valid=1 mode=tracking state=TRACKING evaluated=807 execution_us=45171 reason=tracking_pose_accepted
x=0.849995 y=2.49997 yaw=4.29703 score=0.968905 valid=1 mode=tracking state=TRACKING evaluated=807 execution_us=44890 reason=tracking_pose_accepted
x=0.849995 y=2.49997 yaw=4.29609 score=0.971063 valid=1 mode=tracking state=TRACKING evaluated=807 execution_us=46001 reason=tracking_pose_accepted
x=0.849995 y=2.49997 yaw=4.29516 score=0.96925 valid=1 mode=tracking state=TRACKING evaluated=807 execution_us=45040 reason=tracking_pose_accepted
x=0.849995 y=2.49997 yaw=4.25932 score=0.923401 valid=1 mode=tracking state=TRACKING evaluated=807 execution_us=44970 reason=tracking_pose_accepted
x=0.849995 y=2.49997 yaw=4.29329 score=0.967816 valid=1 mode=tracking state=TRACKING evaluated=807 execution_us=45362 reason=tracking_pose_accepted
x=0.849995 y=2.49997 yaw=4.29236 score=0.971151 valid=1 mode=tracking state=TRACKING evaluated=807 execution_us=45361 reason=tracking_pose_accepted
x=0.849995 y=2.49997 yaw=4.29142 score=0.967987 valid=1 mode=tracking state=TRACKING evaluated=807 execution_us=45374 reason=tracking_pose_accepted
x=0.849995 y=2.49997 yaw=4.29049 score=0.966646 valid=1 mode=tracking state=TRACKING evaluated=807 execution_us=45557 reason=tracking_pose_accepted
x=0.849995 y=2.49997 yaw=4.28955 score=0.96729 valid=1 mode=tracking state=TRACKING evaluated=807 execution_us=45221 reason=tracking_pose_accepted
x=0.849995 y=2.49997 yaw=4.30607 score=0.966427 valid=1 mode=tracking state=TRACKING evaluated=807 execution_us=45864 reason=tracking_pose_accepted
x=0.849995 y=2.49997 yaw=4.28768 score=0.966631 valid=1 mode=tracking state=TRACKING evaluated=807 execution_us=45606 reason=tracking_pose_accepted
x=0.849995 y=2.49997 yaw=4.3042 score=0.971561 valid=1 mode=tracking state=TRACKING evaluated=807 execution_us=56607 reason=tracking_pose_accepted
x=0.849995 y=2.49997 yaw=4.30327 score=0.970679 valid=1 mode=tracking state=TRACKING evaluated=807 execution_us=46224 reason=tracking_pose_accepted
x=0.849995 y=2.49997 yaw=4.30233 score=0.972844 valid=1 mode=tracking state=TRACKING evaluated=807 execution_us=45289 reason=tracking_pose_accepted
x=0.849995 y=2.49997 yaw=4.3014 score=0.971754 valid=1 mode=tracking state=TRACKING evaluated=807 execution_us=45256 reason=tracking_pose_accepted
x=0.849995 y=2.49997 yaw=4.31792 score=0.974195 valid=1 mode=tracking state=TRACKING evaluated=807 execution_us=45779 reason=tracking_pose_accepted
x=0.849995 y=2.49997 yaw=4.28207 score=0.957749 valid=1 mode=tracking state=TRACKING evaluated=807 execution_us=45162 reason=tracking_pose_accepted
x=0.849995 y=2.49997 yaw=4.29859 score=0.964317 valid=1 mode=tracking state=TRACKING evaluated=807 execution_us=45017 reason=tracking_pose_accepted
x=0.849995 y=2.49997 yaw=4.29766 score=0.961151 valid=1 mode=tracking state=TRACKING evaluated=807 execution_us=45580 reason=tracking_pose_accepted
x=0.849995 y=2.49997 yaw=4.29672 score=0.966309 valid=1 mode=tracking state=TRACKING evaluated=807 execution_us=45144 reason=tracking_pose_accepted
x=0.849995 y=2.49997 yaw=4.29579 score=0.966988 valid=1 mode=tracking state=TRACKING evaluated=807 execution_us=45679 reason=tracking_pose_accepted
x=0.849995 y=2.49996 yaw=4.29486 score=0.95732 valid=1 mode=tracking state=TRACKING evaluated=807 execution_us=45124 reason=tracking_pose_accepted
x=0.899995 y=2.49996 yaw=4.31137 score=0.951092 valid=1 mode=tracking state=TRACKING evaluated=807 execution_us=45312 reason=tracking_pose_accepted
x=0.899995 y=2.49996 yaw=4.31044 score=0.953369 valid=1 mode=tracking state=TRACKING evaluated=807 execution_us=44908 reason=tracking_pose_accepted
x=0.849995 y=2.49996 yaw=4.32696 score=0.963064 valid=1 mode=tracking state=TRACKING evaluated=807 execution_us=46026 reason=tracking_pose_accepted
x=0.899995 y=2.49996 yaw=4.4482 score=0.954882 valid=1 mode=tracking state=TRACKING evaluated=807 execution_us=45000 reason=tracking_pose_accepted
x=0.899995 y=2.49996 yaw=4.46472 score=0.959911 valid=1 mode=tracking state=TRACKING evaluated=807 execution_us=45381 reason=tracking_pose_accepted
x=0.849995 y=2.44996 yaw=4.48124 score=0.950822 valid=1 mode=tracking state=TRACKING evaluated=807 execution_us=44838 reason=tracking_pose_accepted
x=0.899995 y=2.49996 yaw=4.53266 score=0.958869 valid=1 mode=tracking state=TRACKING evaluated=807 execution_us=45555 reason=tracking_pose_accepted
x=0.899995 y=2.49996 yaw=4.53173 score=0.957179 valid=1 mode=tracking state=TRACKING evaluated=807 execution_us=45592 reason=tracking_pose_accepted
x=0.899995 y=2.49996 yaw=4.58316 score=0.95834 valid=1 mode=tracking state=TRACKING evaluated=807 execution_us=45367 reason=tracking_pose_accepted
x=0.899995 y=2.49996 yaw=4.59968 score=0.958971 valid=1 mode=tracking state=TRACKING evaluated=807 execution_us=45253 reason=tracking_pose_accepted
x=0.899995 y=2.49996 yaw=4.59874 score=0.958069 valid=1 mode=tracking state=TRACKING evaluated=807 execution_us=45321 reason=tracking_pose_accepted
x=0.899996 y=2.49996 yaw=4.59781 score=0.95861 valid=1 mode=tracking state=TRACKING evaluated=807 execution_us=45113 reason=tracking_pose_accepted
x=0.899996 y=2.49996 yaw=4.61433 score=0.959232 valid=1 mode=tracking state=TRACKING evaluated=807 execution_us=45032 reason=tracking_pose_accepted
x=0.899996 y=2.49996 yaw=4.61339 score=0.958783 valid=1 mode=tracking state=TRACKING evaluated=807 execution_us=44929 reason=tracking_pose_accepted
x=0.899996 y=2.49996 yaw=4.61246 score=0.957736 valid=1 mode=tracking state=TRACKING evaluated=807 execution_us=45119 reason=tracking_pose_accepted
x=0.899996 y=2.49996 yaw=4.61153 score=0.960172 valid=1 mode=tracking state=TRACKING evaluated=807 execution_us=44979 reason=tracking_pose_accepted
x=0.899996 y=2.49996 yaw=4.61059 score=0.954536 valid=1 mode=tracking state=TRACKING evaluated=807 execution_us=45032 reason=tracking_pose_accepted
x=0.899996 y=2.49996 yaw=4.60966 score=0.957515 valid=1 mode=tracking state=TRACKING evaluated=807 execution_us=45429 reason=tracking_pose_accepted
x=0.899996 y=2.49996 yaw=4.60873 score=0.95666 valid=1 mode=tracking state=TRACKING evaluated=807 execution_us=44865 reason=tracking_pose_accepted
x=0.849996 y=2.49996 yaw=4.60779 score=0.956639 valid=1 mode=tracking state=TRACKING evaluated=807 execution_us=44930 reason=tracking_pose_accepted
x=0.849996 y=2.49996 yaw=4.5894 score=0.966189 valid=1 mode=tracking state=TRACKING evaluated=807 execution_us=45475 reason=tracking_pose_accepted
x=0.849996 y=2.49996 yaw=4.60592 score=0.970835 valid=1 mode=tracking state=TRACKING evaluated=807 execution_us=45785 reason=tracking_pose_accepted
x=0.849996 y=2.49996 yaw=4.60499 score=0.973029 valid=1 mode=tracking state=TRACKING evaluated=807 execution_us=45179 reason=tracking_pose_accepted
x=0.849996 y=2.49996 yaw=4.5866 score=0.967286 valid=1 mode=tracking state=TRACKING evaluated=807 execution_us=45568 reason=tracking_pose_accepted
x=0.849996 y=2.49996 yaw=4.60312 score=0.963244 valid=1 mode=tracking state=TRACKING evaluated=807 execution_us=45834 reason=tracking_pose_accepted
x=0.849996 y=2.49996 yaw=4.60218 score=0.961435 valid=1 mode=tracking state=TRACKING evaluated=807 execution_us=45872 reason=tracking_pose_accepted
x=0.849996 y=2.49996 yaw=4.60125 score=0.965091 valid=1 mode=tracking state=TRACKING evaluated=807 execution_us=45403 reason=tracking_pose_accepted
x=0.849996 y=2.49996 yaw=4.60032 score=0.973924 valid=1 mode=tracking state=TRACKING evaluated=807 execution_us=45264 reason=tracking_pose_accepted
x=0.849996 y=2.49996 yaw=4.59938 score=0.971864 valid=1 mode=tracking state=TRACKING evaluated=807 execution_us=46845 reason=tracking_pose_accepted
x=0.849996 y=2.49996 yaw=4.59845 score=0.971011 valid=1 mode=tracking state=TRACKING evaluated=807 execution_us=45491 reason=tracking_pose_accepted
x=0.849996 y=2.49996 yaw=4.59751 score=0.9671 valid=1 mode=tracking state=TRACKING evaluated=807 execution_us=45282 reason=tracking_pose_accepted
x=0.849996 y=2.49996 yaw=4.59658 score=0.964706 valid=1 mode=tracking state=TRACKING evaluated=807 execution_us=45581 reason=tracking_pose_accepted
x=0.849996 y=2.49996 yaw=4.59564 score=0.963708 valid=1 mode=tracking state=TRACKING evaluated=807 execution_us=45225 reason=tracking_pose_accepted
x=0.849996 y=2.49996 yaw=4.59471 score=0.966606 valid=1 mode=tracking state=TRACKING evaluated=807 execution_us=45882 reason=tracking_pose_accepted
x=0.849996 y=2.49996 yaw=4.59377 score=0.968413 valid=1 mode=tracking state=TRACKING evaluated=807 execution_us=45241 reason=tracking_pose_accepted
x=0.849996 y=2.49996 yaw=4.61029 score=0.971472 valid=1 mode=tracking state=TRACKING evaluated=807 execution_us=45507 reason=tracking_pose_accepted
x=0.849996 y=2.49996 yaw=4.5919 score=0.969554 valid=1 mode=tracking state=TRACKING evaluated=807 execution_us=45828 reason=tracking_pose_accepted
x=0.849996 y=2.49996 yaw=4.59097 score=0.971483 valid=1 mode=tracking state=TRACKING evaluated=807 execution_us=45686 reason=tracking_pose_accepted
x=0.849996 y=2.49996 yaw=4.59003 score=0.96603 valid=1 mode=tracking state=TRACKING evaluated=807 execution_us=45332 reason=tracking_pose_accepted
x=0.849996 y=2.49996 yaw=4.5891 score=0.966317 valid=1 mode=tracking state=TRACKING evaluated=807 execution_us=45716 reason=tracking_pose_accepted
x=0.849996 y=2.49996 yaw=4.58817 score=0.967378 valid=1 mode=tracking state=TRACKING evaluated=807 execution_us=45289 reason=tracking_pose_accepted
x=0.849996 y=2.49996 yaw=4.60468 score=0.968749 valid=1 mode=tracking state=TRACKING evaluated=807 execution_us=45211 reason=tracking_pose_accepted
x=0.849996 y=2.49996 yaw=4.60375 score=0.971819 valid=1 mode=tracking state=TRACKING evaluated=807 execution_us=45528 reason=tracking_pose_accepted
x=0.849996 y=2.49996 yaw=4.60282 score=0.967201 valid=1 mode=tracking state=TRACKING evaluated=807 execution_us=45216 reason=tracking_pose_accepted
x=0.849996 y=2.49996 yaw=4.58443 score=0.966105 valid=1 mode=tracking state=TRACKING evaluated=807 execution_us=45495 reason=tracking_pose_accepted
x=0.849996 y=2.49996 yaw=4.60095 score=0.968139 valid=1 mode=tracking state=TRACKING evaluated=807 execution_us=44957 reason=tracking_pose_accepted
x=0.849996 y=2.49996 yaw=4.60001 score=0.965651 valid=1 mode=tracking state=TRACKING evaluated=807 execution_us=45252 reason=tracking_pose_accepted
x=0.849996 y=2.49996 yaw=4.59908 score=0.969854 valid=1 mode=tracking state=TRACKING evaluated=807 execution_us=45177 reason=tracking_pose_accepted
x=0.849996 y=2.49996 yaw=4.59814 score=0.969673 valid=1 mode=tracking state=TRACKING evaluated=807 execution_us=45828 reason=tracking_pose_accepted
x=0.849996 y=2.49996 yaw=4.59721 score=0.971218 valid=1 mode=tracking state=TRACKING evaluated=807 execution_us=45746 reason=tracking_pose_accepted
x=0.849996 y=2.49996 yaw=4.59627 score=0.96986 valid=1 mode=tracking state=TRACKING evaluated=807 execution_us=45739 reason=tracking_pose_accepted
x=0.849996 y=2.49996 yaw=4.59534 score=0.967782 valid=1 mode=tracking state=TRACKING evaluated=807 execution_us=45142 reason=tracking_pose_accepted
x=0.849996 y=2.49996 yaw=4.5944 score=0.96714 valid=1 mode=tracking state=TRACKING evaluated=807 execution_us=45548 reason=tracking_pose_accepted
x=0.849996 y=2.49996 yaw=4.59347 score=0.97141 valid=1 mode=tracking state=TRACKING evaluated=807 execution_us=45386 reason=tracking_pose_accepted
x=0.849996 y=2.49996 yaw=4.59254 score=0.969432 valid=1 mode=tracking state=TRACKING evaluated=807 execution_us=45201 reason=tracking_pose_accepted
x=0.849996 y=2.49996 yaw=4.5916 score=0.969819 valid=1 mode=tracking state=TRACKING evaluated=807 execution_us=45634 reason=tracking_pose_accepted
x=0.849996 y=2.49996 yaw=4.59067 score=0.96941 valid=1 mode=tracking state=TRACKING evaluated=807 execution_us=45062 reason=tracking_pose_accepted
x=0.849996 y=2.49996 yaw=4.58973 score=0.971333 valid=1 mode=tracking state=TRACKING evaluated=807 execution_us=45380 reason=tracking_pose_accepted
x=0.849996 y=2.49996 yaw=4.5888 score=0.967642 valid=1 mode=tracking state=TRACKING evaluated=807 execution_us=45415 reason=tracking_pose_accepted
x=0.849996 y=2.49996 yaw=4.60532 score=0.966596 valid=1 mode=tracking state=TRACKING evaluated=807 execution_us=45025 reason=tracking_pose_accepted
x=0.849996 y=2.49996 yaw=4.60438 score=0.966023 valid=1 mode=tracking state=TRACKING evaluated=807 execution_us=45553 reason=tracking_pose_accepted
x=0.849996 y=2.49996 yaw=4.60345 score=0.967569 valid=1 mode=tracking state=TRACKING evaluated=807 execution_us=45801 reason=tracking_pose_accepted
x=0.849996 y=2.49996 yaw=4.60251 score=0.972152 valid=1 mode=tracking state=TRACKING evaluated=807 execution_us=45338 reason=tracking_pose_accepted
x=0.849996 y=2.49996 yaw=4.60158 score=0.968889 valid=1 mode=tracking state=TRACKING evaluated=807 execution_us=46311 reason=tracking_pose_accepted
x=0.849996 y=2.49996 yaw=4.60064 score=0.964665 valid=1 mode=tracking state=TRACKING evaluated=807 execution_us=45203 reason=tracking_pose_accepted
x=0.849996 y=2.49996 yaw=4.59971 score=0.967154 valid=1 mode=tracking state=TRACKING evaluated=807 execution_us=45464 reason=tracking_pose_accepted
x=0.849996 y=2.49996 yaw=4.59877 score=0.967286 valid=1 mode=tracking state=TRACKING evaluated=807 execution_us=45612 reason=tracking_pose_accepted
x=0.849996 y=2.49996 yaw=4.59784 score=0.970997 valid=1 mode=tracking state=TRACKING evaluated=807 execution_us=45356 reason=tracking_pose_accepted
x=0.849996 y=2.49996 yaw=4.5969 score=0.973575 valid=1 mode=tracking state=TRACKING evaluated=807 execution_us=45424 reason=tracking_pose_accepted
x=0.849996 y=2.49996 yaw=4.59597 score=0.972529 valid=1 mode=tracking state=TRACKING evaluated=807 execution_us=45525 reason=tracking_pose_accepted
x=0.849996 y=2.49996 yaw=4.59503 score=0.970747 valid=1 mode=tracking state=TRACKING evaluated=807 execution_us=45905 reason=tracking_pose_accepted
x=0.849996 y=2.49996 yaw=4.5941 score=0.970852 valid=1 mode=tracking state=TRACKING evaluated=807 execution_us=46011 reason=tracking_pose_accepted
x=0.849996 y=2.49996 yaw=4.59317 score=0.968301 valid=1 mode=tracking state=TRACKING evaluated=807 execution_us=45588 reason=tracking_pose_accepted
x=0.849996 y=2.49996 yaw=4.59223 score=0.969078 valid=1 mode=tracking state=TRACKING evaluated=807 execution_us=45165 reason=tracking_pose_accepted
x=0.849996 y=2.49996 yaw=4.5913 score=0.971279 valid=1 mode=tracking state=TRACKING evaluated=807 execution_us=45821 reason=tracking_pose_accepted
x=0.849996 y=2.49996 yaw=4.59036 score=0.970106 valid=1 mode=tracking state=TRACKING evaluated=807 execution_us=45698 reason=tracking_pose_accepted
x=0.849996 y=2.49996 yaw=4.58943 score=0.969055 valid=1 mode=tracking state=TRACKING evaluated=807 execution_us=45366 reason=tracking_pose_accepted
x=0.849996 y=2.49996 yaw=4.58849 score=0.967215 valid=1 mode=tracking state=TRACKING evaluated=807 execution_us=45537 reason=tracking_pose_accepted
x=0.849996 y=2.49996 yaw=4.58756 score=0.967753 valid=1 mode=tracking state=TRACKING evaluated=807 execution_us=45805 reason=tracking_pose_accepted
x=0.849996 y=2.49996 yaw=4.58662 score=0.967418 valid=1 mode=tracking state=TRACKING evaluated=807 execution_us=45206 reason=tracking_pose_accepted
x=0.849996 y=2.49996 yaw=4.60314 score=0.964675 valid=1 mode=tracking state=TRACKING evaluated=807 execution_us=45398 reason=tracking_pose_accepted
x=0.849996 y=2.49996 yaw=4.60221 score=0.970791 valid=1 mode=tracking state=TRACKING evaluated=807 execution_us=45263 reason=tracking_pose_accepted
x=0.849996 y=2.49996 yaw=4.60127 score=0.970289 valid=1 mode=tracking state=TRACKING evaluated=807 execution_us=45778 reason=tracking_pose_accepted
x=0.849996 y=2.49996 yaw=4.60034 score=0.96984 valid=1 mode=tracking state=TRACKING evaluated=807 execution_us=44953 reason=tracking_pose_accepted
x=0.849996 y=2.49996 yaw=4.5994 score=0.968403 valid=1 mode=tracking state=TRACKING evaluated=807 execution_us=44945 reason=tracking_pose_accepted
x=0.849996 y=2.49996 yaw=4.59847 score=0.968718 valid=1 mode=tracking state=TRACKING evaluated=807 execution_us=45857 reason=tracking_pose_accepted
x=0.849996 y=2.49996 yaw=4.59753 score=0.970639 valid=1 mode=tracking state=TRACKING evaluated=807 execution_us=45311 reason=tracking_pose_accepted
x=0.849996 y=2.49996 yaw=4.5966 score=0.96729 valid=1 mode=tracking state=TRACKING evaluated=807 execution_us=45361 reason=tracking_pose_accepted
x=0.849996 y=2.49996 yaw=4.59567 score=0.969704 valid=1 mode=tracking state=TRACKING evaluated=807 execution_us=45395 reason=tracking_pose_accepted
x=0.849996 y=2.49996 yaw=4.59473 score=0.972428 valid=1 mode=tracking state=TRACKING evaluated=807 execution_us=45772 reason=tracking_pose_accepted
x=0.849996 y=2.49996 yaw=4.5938 score=0.970624 valid=1 mode=tracking state=TRACKING evaluated=807 execution_us=45447 reason=tracking_pose_accepted
x=0.849996 y=2.49996 yaw=4.59286 score=0.970056 valid=1 mode=tracking state=TRACKING evaluated=807 execution_us=45185 reason=tracking_pose_accepted
x=0.849996 y=2.49996 yaw=4.59193 score=0.96831 valid=1 mode=tracking state=TRACKING evaluated=807 execution_us=45070 reason=tracking_pose_accepted
x=0.849996 y=2.49996 yaw=4.59099 score=0.969995 valid=1 mode=tracking state=TRACKING evaluated=807 execution_us=45253 reason=tracking_pose_accepted
x=0.849996 y=2.49996 yaw=4.60751 score=0.966555 valid=1 mode=tracking state=TRACKING evaluated=807 execution_us=45333 reason=tracking_pose_accepted
x=0.849996 y=2.49996 yaw=4.58912 score=0.966988 valid=1 mode=tracking state=TRACKING evaluated=807 execution_us=45143 reason=tracking_pose_accepted
x=0.849996 y=2.49996 yaw=4.58819 score=0.966258 valid=1 mode=tracking state=TRACKING evaluated=807 execution_us=45783 reason=tracking_pose_accepted
x=0.849996 y=2.49996 yaw=4.60471 score=0.967043 valid=1 mode=tracking state=TRACKING evaluated=807 execution_us=45386 reason=tracking_pose_accepted
x=0.849996 y=2.49996 yaw=4.58632 score=0.96646 valid=1 mode=tracking state=TRACKING evaluated=807 execution_us=46174 reason=tracking_pose_accepted
x=0.849996 y=2.49996 yaw=4.60284 score=0.969931 valid=1 mode=tracking state=TRACKING evaluated=807 execution_us=44777 reason=tracking_pose_accepted
x=0.849996 y=2.49996 yaw=4.6019 score=0.970886 valid=1 mode=tracking state=TRACKING evaluated=807 execution_us=45862 reason=tracking_pose_accepted
x=0.849996 y=2.49996 yaw=4.60097 score=0.966611 valid=1 mode=tracking state=TRACKING evaluated=807 execution_us=45682 reason=tracking_pose_accepted
x=0.849996 y=2.49996 yaw=4.60003 score=0.973386 valid=1 mode=tracking state=TRACKING evaluated=807 execution_us=46209 reason=tracking_pose_accepted
x=0.849996 y=2.49996 yaw=4.5991 score=0.970111 valid=1 mode=tracking state=TRACKING evaluated=807 execution_us=45762 reason=tracking_pose_accepted
x=0.849996 y=2.49996 yaw=4.59817 score=0.969167 valid=1 mode=tracking state=TRACKING evaluated=807 execution_us=45584 reason=tracking_pose_accepted
x=0.849996 y=2.49996 yaw=4.59723 score=0.970386 valid=1 mode=tracking state=TRACKING evaluated=807 execution_us=45438 reason=tracking_pose_accepted
x=0.849996 y=2.49996 yaw=4.5963 score=0.967436 valid=1 mode=tracking state=TRACKING evaluated=807 execution_us=45176 reason=tracking_pose_accepted
x=0.849996 y=2.49996 yaw=4.59536 score=0.972701 valid=1 mode=tracking state=TRACKING evaluated=807 execution_us=45790 reason=tracking_pose_accepted
x=0.849996 y=2.49996 yaw=4.59443 score=0.971685 valid=1 mode=tracking state=TRACKING evaluated=807 execution_us=45583 reason=tracking_pose_accepted
x=0.849996 y=2.49996 yaw=4.59349 score=0.96949 valid=1 mode=tracking state=TRACKING evaluated=807 execution_us=46521 reason=tracking_pose_accepted
x=0.849996 y=2.49996 yaw=4.59256 score=0.970812 valid=1 mode=tracking state=TRACKING evaluated=807 execution_us=45364 reason=tracking_pose_accepted
x=0.849996 y=2.49996 yaw=4.59162 score=0.968444 valid=1 mode=tracking state=TRACKING evaluated=807 execution_us=45333 reason=tracking_pose_accepted
x=0.849996 y=2.49996 yaw=4.59069 score=0.968485 valid=1 mode=tracking state=TRACKING evaluated=807 execution_us=45182 reason=tracking_pose_accepted
x=0.849996 y=2.49996 yaw=4.58975 score=0.968187 valid=1 mode=tracking state=TRACKING evaluated=807 execution_us=45420 reason=tracking_pose_accepted
x=0.849996 y=2.49996 yaw=4.60627 score=0.965399 valid=1 mode=tracking state=TRACKING evaluated=807 execution_us=45245 reason=tracking_pose_accepted
x=0.849996 y=2.49996 yaw=4.58788 score=0.965334 valid=1 mode=tracking state=TRACKING evaluated=807 execution_us=45617 reason=tracking_pose_accepted
x=0.849996 y=2.49996 yaw=4.6044 score=0.966384 valid=1 mode=tracking state=TRACKING evaluated=807 execution_us=45214 reason=tracking_pose_accepted
x=0.849996 y=2.49996 yaw=4.60347 score=0.969308 valid=1 mode=tracking state=TRACKING evaluated=807 execution_us=45674 reason=tracking_pose_accepted
x=0.849996 y=2.49996 yaw=4.60253 score=0.966346 valid=1 mode=tracking state=TRACKING evaluated=807 execution_us=45076 reason=tracking_pose_accepted
x=0.849996 y=2.49996 yaw=4.6016 score=0.969169 valid=1 mode=tracking state=TRACKING evaluated=807 execution_us=45061 reason=tracking_pose_accepted
x=0.849996 y=2.49996 yaw=4.60067 score=0.969979 valid=1 mode=tracking state=TRACKING evaluated=807 execution_us=45697 reason=tracking_pose_accepted
x=0.849996 y=2.49996 yaw=4.59973 score=0.969489 valid=1 mode=tracking state=TRACKING evaluated=807 execution_us=45188 reason=tracking_pose_accepted
x=0.849996 y=2.49996 yaw=4.5988 score=0.970375 valid=1 mode=tracking state=TRACKING evaluated=807 execution_us=45181 reason=tracking_pose_accepted
x=0.849996 y=2.49996 yaw=4.59786 score=0.969887 valid=1 mode=tracking state=TRACKING evaluated=807 execution_us=45055 reason=tracking_pose_accepted
x=0.849996 y=2.49996 yaw=4.59693 score=0.971067 valid=1 mode=tracking state=TRACKING evaluated=807 execution_us=45660 reason=tracking_pose_accepted
x=0.849996 y=2.49996 yaw=4.59599 score=0.966213 valid=1 mode=tracking state=TRACKING evaluated=807 execution_us=45148 reason=tracking_pose_accepted
x=0.849996 y=2.49996 yaw=4.59506 score=0.972559 valid=1 mode=tracking state=TRACKING evaluated=807 execution_us=44891 reason=tracking_pose_accepted
x=0.849996 y=2.49996 yaw=4.59412 score=0.971982 valid=1 mode=tracking state=TRACKING evaluated=807 execution_us=45401 reason=tracking_pose_accepted
x=0.849996 y=2.49996 yaw=4.59319 score=0.970588 valid=1 mode=tracking state=TRACKING evaluated=807 execution_us=45615 reason=tracking_pose_accepted
x=0.849996 y=2.49996 yaw=4.59225 score=0.970023 valid=1 mode=tracking state=TRACKING evaluated=807 execution_us=44994 reason=tracking_pose_accepted
x=0.849996 y=2.49996 yaw=4.59132 score=0.969628 valid=1 mode=tracking state=TRACKING evaluated=807 execution_us=45517 reason=tracking_pose_accepted
x=0.849996 y=2.49996 yaw=4.59038 score=0.969351 valid=1 mode=tracking state=TRACKING evaluated=807 execution_us=45417 reason=tracking_pose_accepted
x=0.849996 y=2.49996 yaw=4.58945 score=0.967839 valid=1 mode=tracking state=TRACKING evaluated=807 execution_us=44999 reason=tracking_pose_accepted
x=0.849996 y=2.49996 yaw=4.58852 score=0.967142 valid=1 mode=tracking state=TRACKING evaluated=807 execution_us=45526 reason=tracking_pose_accepted
x=0.849996 y=2.49996 yaw=4.60503 score=0.965729 valid=1 mode=tracking state=TRACKING evaluated=807 execution_us=45642 reason=tracking_pose_accepted
x=0.849996 y=2.49996 yaw=4.6041 score=0.969228 valid=1 mode=tracking state=TRACKING evaluated=807 execution_us=45203 reason=tracking_pose_accepted
x=0.849996 y=2.49996 yaw=4.60317 score=0.963501 valid=1 mode=tracking state=TRACKING evaluated=807 execution_us=45433 reason=tracking_pose_accepted
x=0.849996 y=2.49996 yaw=4.60223 score=0.968984 valid=1 mode=tracking state=TRACKING evaluated=807 execution_us=45050 reason=tracking_pose_accepted
x=0.849996 y=2.49996 yaw=4.58384 score=0.964503 valid=1 mode=tracking state=TRACKING evaluated=807 execution_us=45716 reason=tracking_pose_accepted
x=0.849996 y=2.49996 yaw=4.60036 score=0.971363 valid=1 mode=tracking state=TRACKING evaluated=807 execution_us=45863 reason=tracking_pose_accepted
x=0.849996 y=2.49996 yaw=4.59943 score=0.968769 valid=1 mode=tracking state=TRACKING evaluated=807 execution_us=45776 reason=tracking_pose_accepted
x=0.849996 y=2.49996 yaw=4.59849 score=0.970282 valid=1 mode=tracking state=TRACKING evaluated=807 execution_us=45156 reason=tracking_pose_accepted
x=0.849996 y=2.49996 yaw=4.59756 score=0.974176 valid=1 mode=tracking state=TRACKING evaluated=807 execution_us=45940 reason=tracking_pose_accepted
x=0.849996 y=2.49996 yaw=4.59662 score=0.968177 valid=1 mode=tracking state=TRACKING evaluated=807 execution_us=45340 reason=tracking_pose_accepted
x=0.849996 y=2.49996 yaw=4.59569 score=0.97068 valid=1 mode=tracking state=TRACKING evaluated=807 execution_us=45764 reason=tracking_pose_accepted
x=0.849996 y=2.49996 yaw=4.59475 score=0.968444 valid=1 mode=tracking state=TRACKING evaluated=807 execution_us=45235 reason=tracking_pose_accepted
x=0.849996 y=2.49996 yaw=4.59382 score=0.972823 valid=1 mode=tracking state=TRACKING evaluated=807 execution_us=45445 reason=tracking_pose_accepted
x=0.849996 y=2.49996 yaw=4.59288 score=0.969144 valid=1 mode=tracking state=TRACKING evaluated=807 execution_us=45955 reason=tracking_pose_accepted
x=0.849996 y=2.49996 yaw=4.59195 score=0.968013 valid=1 mode=tracking state=TRACKING evaluated=807 execution_us=44893 reason=tracking_pose_accepted
x=0.849996 y=2.49996 yaw=4.59102 score=0.968394 valid=1 mode=tracking state=TRACKING evaluated=807 execution_us=45403 reason=tracking_pose_accepted
x=0.849996 y=2.49996 yaw=4.59008 score=0.969884 valid=1 mode=tracking state=TRACKING evaluated=807 execution_us=45592 reason=tracking_pose_accepted
x=0.849996 y=2.49996 yaw=4.6066 score=0.968739 valid=1 mode=tracking state=TRACKING evaluated=807 execution_us=45812 reason=tracking_pose_accepted
x=0.849996 y=2.49996 yaw=4.60566 score=0.967272 valid=1 mode=tracking state=TRACKING evaluated=807 execution_us=44944 reason=tracking_pose_accepted
x=0.849996 y=2.49996 yaw=4.60473 score=0.969866 valid=1 mode=tracking state=TRACKING evaluated=807 execution_us=45073 reason=tracking_pose_accepted
x=0.849996 y=2.49996 yaw=4.6038 score=0.967991 valid=1 mode=tracking state=TRACKING evaluated=807 execution_us=45600 reason=tracking_pose_accepted
x=0.849996 y=2.49996 yaw=4.60286 score=0.972508 valid=1 mode=tracking state=TRACKING evaluated=807 execution_us=45195 reason=tracking_pose_accepted
x=0.849996 y=2.49996 yaw=4.60193 score=0.968779 valid=1 mode=tracking state=TRACKING evaluated=807 execution_us=45102 reason=tracking_pose_accepted
x=0.849996 y=2.49996 yaw=4.60099 score=0.967634 valid=1 mode=tracking state=TRACKING evaluated=807 execution_us=44892 reason=tracking_pose_accepted
x=0.849996 y=2.49996 yaw=4.60006 score=0.968122 valid=1 mode=tracking state=TRACKING evaluated=807 execution_us=45570 reason=tracking_pose_accepted
x=0.849996 y=2.49996 yaw=4.59912 score=0.967166 valid=1 mode=tracking state=TRACKING evaluated=807 execution_us=45652 reason=tracking_pose_accepted
x=0.849996 y=2.49996 yaw=4.59819 score=0.967845 valid=1 mode=tracking state=TRACKING evaluated=807 execution_us=45189 reason=tracking_pose_accepted
x=0.849996 y=2.49996 yaw=4.59725 score=0.971035 valid=1 mode=tracking state=TRACKING evaluated=807 execution_us=45377 reason=tracking_pose_accepted
x=0.849996 y=2.49996 yaw=4.59632 score=0.968627 valid=1 mode=tracking state=TRACKING evaluated=807 execution_us=45415 reason=tracking_pose_accepted
x=0.849996 y=2.49996 yaw=4.59538 score=0.972905 valid=1 mode=tracking state=TRACKING evaluated=807 execution_us=46063 reason=tracking_pose_accepted
x=0.849996 y=2.49996 yaw=4.59445 score=0.970507 valid=1 mode=tracking state=TRACKING evaluated=807 execution_us=45089 reason=tracking_pose_accepted
x=0.849996 y=2.49996 yaw=4.59351 score=0.970147 valid=1 mode=tracking state=TRACKING evaluated=807 execution_us=44838 reason=tracking_pose_accepted
x=0.849996 y=2.49996 yaw=4.59258 score=0.969979 valid=1 mode=tracking state=TRACKING evaluated=807 execution_us=45660 reason=tracking_pose_accepted
x=0.849996 y=2.49996 yaw=4.59165 score=0.969191 valid=1 mode=tracking state=TRACKING evaluated=807 execution_us=44736 reason=tracking_pose_accepted
x=0.849996 y=2.49996 yaw=4.59071 score=0.969408 valid=1 mode=tracking state=TRACKING evaluated=807 execution_us=45294 reason=tracking_pose_accepted
x=0.849996 y=2.49996 yaw=4.58978 score=0.967375 valid=1 mode=tracking state=TRACKING evaluated=807 execution_us=45375 reason=tracking_pose_accepted
x=0.849996 y=2.49996 yaw=4.58884 score=0.965813 valid=1 mode=tracking state=TRACKING evaluated=807 execution_us=45046 reason=tracking_pose_accepted
x=0.849996 y=2.49996 yaw=4.60536 score=0.967459 valid=1 mode=tracking state=TRACKING evaluated=807 execution_us=45357 reason=tracking_pose_accepted
x=0.849996 y=2.49996 yaw=4.60443 score=0.966897 valid=1 mode=tracking state=TRACKING evaluated=807 execution_us=44834 reason=tracking_pose_accepted
x=0.849996 y=2.49996 yaw=4.60349 score=0.96787 valid=1 mode=tracking state=TRACKING evaluated=807 execution_us=45208 reason=tracking_pose_accepted
x=0.849996 y=2.49996 yaw=4.60256 score=0.967303 valid=1 mode=tracking state=TRACKING evaluated=807 execution_us=46371 reason=tracking_pose_accepted
x=0.849996 y=2.49996 yaw=4.60162 score=0.972701 valid=1 mode=tracking state=TRACKING evaluated=807 execution_us=45444 reason=tracking_pose_accepted
x=0.849996 y=2.49996 yaw=4.60069 score=0.961987 valid=1 mode=tracking state=TRACKING evaluated=807 execution_us=45886 reason=tracking_pose_accepted
x=0.849996 y=2.49996 yaw=4.63466 score=0.953054 valid=1 mode=tracking state=TRACKING evaluated=807 execution_us=45170 reason=tracking_pose_accepted
x=0.849996 y=2.49996 yaw=4.61627 score=0.967263 valid=1 mode=tracking state=TRACKING evaluated=807 execution_us=45305 reason=tracking_pose_accepted
x=0.849996 y=2.44996 yaw=4.80732 score=0.950607 valid=1 mode=tracking state=TRACKING evaluated=807 execution_us=44523 reason=tracking_pose_accepted
x=0.849996 y=2.49996 yaw=5.06819 score=0.975198 valid=1 mode=tracking state=TRACKING evaluated=807 execution_us=45100 reason=tracking_pose_accepted
x=0.849996 y=2.49996 yaw=5.15452 score=0.966324 valid=1 mode=tracking state=TRACKING evaluated=807 execution_us=45096 reason=tracking_pose_accepted
x=0.849996 y=2.49996 yaw=5.13613 score=0.968556 valid=1 mode=tracking state=TRACKING evaluated=807 execution_us=45431 reason=tracking_pose_accepted
x=0.849996 y=2.49996 yaw=5.17011 score=0.94833 valid=1 mode=tracking state=TRACKING evaluated=807 execution_us=45098 reason=tracking_pose_accepted
x=0.899996 y=2.49996 yaw=5.16917 score=0.95976 valid=1 mode=tracking state=TRACKING evaluated=807 execution_us=45114 reason=tracking_pose_accepted
x=0.899996 y=2.49996 yaw=5.18569 score=0.960294 valid=1 mode=tracking state=TRACKING evaluated=807 execution_us=45700 reason=tracking_pose_accepted
x=0.899996 y=2.49996 yaw=5.14985 score=0.952024 valid=1 mode=tracking state=TRACKING evaluated=807 execution_us=45193 reason=tracking_pose_accepted
x=0.899996 y=2.49996 yaw=5.16637 score=0.95416 valid=1 mode=tracking state=TRACKING evaluated=807 execution_us=45377 reason=tracking_pose_accepted
x=0.849997 y=2.49996 yaw=5.21779 score=0.955247 valid=1 mode=tracking state=TRACKING evaluated=807 execution_us=45443 reason=tracking_pose_accepted
x=0.849997 y=2.49996 yaw=5.14705 score=0.950043 valid=1 mode=tracking state=TRACKING evaluated=807 execution_us=45018 reason=tracking_pose_accepted
x=0.849997 y=2.49996 yaw=5.14611 score=0.965525 valid=1 mode=tracking state=TRACKING evaluated=807 execution_us=45008 reason=tracking_pose_accepted
x=0.849997 y=2.49996 yaw=5.14518 score=0.960212 valid=1 mode=tracking state=TRACKING evaluated=807 execution_us=44947 reason=tracking_pose_accepted
x=0.899997 y=2.49996 yaw=5.17915 score=0.948591 valid=1 mode=tracking state=TRACKING evaluated=807 execution_us=45008 reason=tracking_pose_accepted
x=0.849997 y=2.49996 yaw=5.19567 score=0.953588 valid=1 mode=tracking state=TRACKING evaluated=807 execution_us=45207 reason=tracking_pose_accepted
x=0.849997 y=2.49996 yaw=5.21219 score=0.954825 valid=1 mode=tracking state=TRACKING evaluated=807 execution_us=44879 reason=tracking_pose_accepted
x=0.849997 y=2.49996 yaw=5.14144 score=0.959191 valid=1 mode=tracking state=TRACKING evaluated=807 execution_us=45898 reason=tracking_pose_accepted
x=0.849997 y=2.49996 yaw=5.15796 score=0.966061 valid=1 mode=tracking state=TRACKING evaluated=807 execution_us=45298 reason=tracking_pose_accepted
x=0.849997 y=2.49996 yaw=5.17448 score=0.968414 valid=1 mode=tracking state=TRACKING evaluated=807 execution_us=45420 reason=tracking_pose_accepted
x=0.849997 y=2.49996 yaw=5.17355 score=0.97398 valid=1 mode=tracking state=TRACKING evaluated=807 execution_us=44770 reason=tracking_pose_accepted
x=0.849997 y=2.49996 yaw=5.17261 score=0.972518 valid=1 mode=tracking state=TRACKING evaluated=807 execution_us=45174 reason=tracking_pose_accepted
x=0.849997 y=2.49996 yaw=5.17168 score=0.970143 valid=1 mode=tracking state=TRACKING evaluated=807 execution_us=45244 reason=tracking_pose_accepted
x=0.849997 y=2.49996 yaw=5.17074 score=0.968933 valid=1 mode=tracking state=TRACKING evaluated=807 execution_us=45590 reason=tracking_pose_accepted
x=0.849997 y=2.49996 yaw=5.16981 score=0.973808 valid=1 mode=tracking state=TRACKING evaluated=807 execution_us=44476 reason=tracking_pose_accepted
x=0.849997 y=2.49996 yaw=5.15142 score=0.964226 valid=1 mode=tracking state=TRACKING evaluated=807 execution_us=45711 reason=tracking_pose_accepted
x=0.849997 y=2.49996 yaw=5.15049 score=0.964993 valid=1 mode=tracking state=TRACKING evaluated=807 execution_us=45023 reason=tracking_pose_accepted
x=0.849997 y=2.49996 yaw=5.167 score=0.972559 valid=1 mode=tracking state=TRACKING evaluated=807 execution_us=44887 reason=tracking_pose_accepted
x=0.849997 y=2.49996 yaw=5.16607 score=0.97118 valid=1 mode=tracking state=TRACKING evaluated=807 execution_us=44790 reason=tracking_pose_accepted
x=0.849997 y=2.49996 yaw=5.16513 score=0.970604 valid=1 mode=tracking state=TRACKING evaluated=807 execution_us=44884 reason=tracking_pose_accepted
x=0.849997 y=2.49996 yaw=5.1642 score=0.968886 valid=1 mode=tracking state=TRACKING evaluated=807 execution_us=44528 reason=tracking_pose_accepted
x=0.849997 y=2.49996 yaw=5.18072 score=0.969993 valid=1 mode=tracking state=TRACKING evaluated=807 execution_us=45169 reason=tracking_pose_accepted
x=0.849997 y=2.49996 yaw=5.17978 score=0.972135 valid=1 mode=tracking state=TRACKING evaluated=807 execution_us=44311 reason=tracking_pose_accepted
x=0.849997 y=2.49996 yaw=5.17885 score=0.970609 valid=1 mode=tracking state=TRACKING evaluated=807 execution_us=45444 reason=tracking_pose_accepted
x=0.849997 y=2.49996 yaw=5.17791 score=0.970044 valid=1 mode=tracking state=TRACKING evaluated=807 execution_us=45622 reason=tracking_pose_accepted
x=0.849997 y=2.49996 yaw=5.17698 score=0.967463 valid=1 mode=tracking state=TRACKING evaluated=807 execution_us=45182 reason=tracking_pose_accepted
x=0.849997 y=2.49996 yaw=5.1935 score=0.967392 valid=1 mode=tracking state=TRACKING evaluated=807 execution_us=45184 reason=tracking_pose_accepted
x=0.849997 y=2.49996 yaw=5.19256 score=0.972887 valid=1 mode=tracking state=TRACKING evaluated=807 execution_us=45383 reason=tracking_pose_accepted
x=0.849997 y=2.49996 yaw=5.19163 score=0.97131 valid=1 mode=tracking state=TRACKING evaluated=807 execution_us=45804 reason=tracking_pose_accepted
x=0.849997 y=2.49996 yaw=5.19069 score=0.967026 valid=1 mode=tracking state=TRACKING evaluated=807 execution_us=45050 reason=tracking_pose_accepted
x=0.849997 y=2.49996 yaw=5.18976 score=0.969243 valid=1 mode=tracking state=TRACKING evaluated=807 execution_us=45370 reason=tracking_pose_accepted
x=0.849997 y=2.49996 yaw=5.18883 score=0.968054 valid=1 mode=tracking state=TRACKING evaluated=807 execution_us=45226 reason=tracking_pose_accepted
x=0.849997 y=2.49996 yaw=5.18789 score=0.966497 valid=1 mode=tracking state=TRACKING evaluated=807 execution_us=45264 reason=tracking_pose_accepted
x=0.849997 y=2.49996 yaw=5.18696 score=0.969254 valid=1 mode=tracking state=TRACKING evaluated=807 execution_us=44864 reason=tracking_pose_accepted
x=0.849997 y=2.49996 yaw=5.18602 score=0.971136 valid=1 mode=tracking state=TRACKING evaluated=807 execution_us=45092 reason=tracking_pose_accepted
x=0.849997 y=2.49996 yaw=5.18509 score=0.966311 valid=1 mode=tracking state=TRACKING evaluated=807 execution_us=45637 reason=tracking_pose_accepted
x=0.849997 y=2.49996 yaw=5.18415 score=0.970732 valid=1 mode=tracking state=TRACKING evaluated=807 execution_us=44955 reason=tracking_pose_accepted
x=0.849997 y=2.49996 yaw=5.18322 score=0.974138 valid=1 mode=tracking state=TRACKING evaluated=807 execution_us=49531 reason=tracking_pose_accepted
x=0.849997 y=2.49996 yaw=5.18228 score=0.970537 valid=1 mode=tracking state=TRACKING evaluated=807 execution_us=45658 reason=tracking_pose_accepted
x=0.849997 y=2.49996 yaw=5.18135 score=0.968792 valid=1 mode=tracking state=TRACKING evaluated=807 execution_us=45030 reason=tracking_pose_accepted
x=0.849997 y=2.49996 yaw=5.14551 score=0.954922 valid=1 mode=tracking state=TRACKING evaluated=807 execution_us=45734 reason=tracking_pose_accepted
x=0.849997 y=2.49996 yaw=5.10967 score=0.932169 valid=1 mode=tracking state=TRACKING evaluated=807 execution_us=45033 reason=tracking_pose_accepted
x=0.849997 y=2.49996 yaw=5.14364 score=0.960335 valid=1 mode=tracking state=TRACKING evaluated=807 execution_us=44962 reason=tracking_pose_accepted
x=0.849997 y=2.49996 yaw=5.1078 score=0.955247 valid=1 mode=tracking state=TRACKING evaluated=807 execution_us=45128 reason=tracking_pose_accepted
x=0.849997 y=2.49996 yaw=5.07196 score=0.9421 valid=1 mode=tracking state=TRACKING evaluated=807 execution_us=44617 reason=tracking_pose_accepted
x=0.849997 y=2.49996 yaw=5.12338 score=0.958849 valid=1 mode=tracking state=TRACKING evaluated=807 execution_us=44963 reason=tracking_pose_accepted
x=0.849997 y=2.49996 yaw=5.08754 score=0.937753 valid=1 mode=tracking state=TRACKING evaluated=807 execution_us=45623 reason=tracking_pose_accepted
x=0.849997 y=2.49996 yaw=5.12151 score=0.954591 valid=1 mode=tracking state=TRACKING evaluated=807 execution_us=44911 reason=tracking_pose_accepted
x=0.849997 y=2.49996 yaw=5.15549 score=0.955783 valid=1 mode=tracking state=TRACKING evaluated=807 execution_us=44992 reason=tracking_pose_accepted
x=0.849997 y=2.49996 yaw=5.11964 score=0.956407 valid=1 mode=tracking state=TRACKING evaluated=807 execution_us=45449 reason=tracking_pose_accepted
x=0.849997 y=2.49996 yaw=5.13616 score=0.972722 valid=1 mode=tracking state=TRACKING evaluated=807 execution_us=45332 reason=tracking_pose_accepted
x=0.849997 y=2.49996 yaw=5.10032 score=0.962129 valid=1 mode=tracking state=TRACKING evaluated=807 execution_us=46087 reason=tracking_pose_accepted
x=0.849997 y=2.44996 yaw=5.11684 score=0.959779 valid=1 mode=tracking state=TRACKING evaluated=807 execution_us=46281 reason=tracking_pose_accepted
x=0.849997 y=2.49996 yaw=5.11591 score=0.96518 valid=1 mode=tracking state=TRACKING evaluated=807 execution_us=45633 reason=tracking_pose_accepted
x=0.849997 y=2.49996 yaw=5.13243 score=0.970755 valid=1 mode=tracking state=TRACKING evaluated=807 execution_us=45412 reason=tracking_pose_accepted
x=0.849997 y=2.49996 yaw=5.09658 score=0.948001 valid=1 mode=tracking state=TRACKING evaluated=807 execution_us=45824 reason=tracking_pose_accepted
x=0.849997 y=2.49996 yaw=5.13056 score=0.967448 valid=1 mode=tracking state=TRACKING evaluated=807 execution_us=45617 reason=tracking_pose_accepted
x=0.849997 y=2.49996 yaw=5.14707 score=0.969279 valid=1 mode=tracking state=TRACKING evaluated=807 execution_us=45431 reason=tracking_pose_accepted
x=0.849997 y=2.49996 yaw=5.16359 score=0.971151 valid=1 mode=tracking state=TRACKING evaluated=807 execution_us=45205 reason=tracking_pose_accepted
x=0.849997 y=2.49996 yaw=5.16266 score=0.972286 valid=1 mode=tracking state=TRACKING evaluated=807 execution_us=46059 reason=tracking_pose_accepted
x=0.849997 y=2.49996 yaw=5.17918 score=0.968059 valid=1 mode=tracking state=TRACKING evaluated=807 execution_us=45197 reason=tracking_pose_accepted
x=0.849997 y=2.49996 yaw=5.16079 score=0.96931 valid=1 mode=tracking state=TRACKING evaluated=807 execution_us=45221 reason=tracking_pose_accepted
x=0.849997 y=2.49996 yaw=5.12495 score=0.960317 valid=1 mode=tracking state=TRACKING evaluated=807 execution_us=45716 reason=tracking_pose_accepted
x=0.849997 y=2.49996 yaw=5.15892 score=0.973648 valid=1 mode=tracking state=TRACKING evaluated=807 execution_us=45468 reason=tracking_pose_accepted
x=0.849997 y=2.49996 yaw=5.15799 score=0.974444 valid=1 mode=tracking state=TRACKING evaluated=807 execution_us=45487 reason=tracking_pose_accepted
x=0.849997 y=2.49996 yaw=5.15705 score=0.97259 valid=1 mode=tracking state=TRACKING evaluated=807 execution_us=45736 reason=tracking_pose_accepted
x=0.849997 y=2.49996 yaw=5.15612 score=0.970502 valid=1 mode=tracking state=TRACKING evaluated=807 execution_us=45296 reason=tracking_pose_accepted
x=0.849997 y=2.49996 yaw=5.13773 score=0.960927 valid=1 mode=tracking state=TRACKING evaluated=807 execution_us=45860 reason=tracking_pose_accepted
x=0.849997 y=2.49996 yaw=5.10189 score=0.949749 valid=1 mode=tracking state=TRACKING evaluated=807 execution_us=45438 reason=tracking_pose_accepted
x=0.849997 y=2.49996 yaw=5.13586 score=0.974752 valid=1 mode=tracking state=TRACKING evaluated=807 execution_us=45689 reason=tracking_pose_accepted
x=0.849997 y=2.49996 yaw=5.10002 score=0.962337 valid=1 mode=tracking state=TRACKING evaluated=807 execution_us=45620 reason=tracking_pose_accepted
x=0.849997 y=2.49996 yaw=5.13399 score=0.974317 valid=1 mode=tracking state=TRACKING evaluated=807 execution_us=45450 reason=tracking_pose_accepted
x=0.849997 y=2.49996 yaw=5.09815 score=0.951417 valid=1 mode=tracking state=TRACKING evaluated=807 execution_us=45658 reason=tracking_pose_accepted
x=0.849997 y=2.49996 yaw=5.13212 score=0.967243 valid=1 mode=tracking state=TRACKING evaluated=807 execution_us=45885 reason=tracking_pose_accepted
x=0.849997 y=2.49996 yaw=5.13119 score=0.959037 valid=1 mode=tracking state=TRACKING evaluated=807 execution_us=49085 reason=tracking_pose_accepted
x=0.849997 y=2.49996 yaw=5.1128 score=0.958433 valid=1 mode=tracking state=TRACKING evaluated=807 execution_us=45741 reason=tracking_pose_accepted
x=0.849997 y=2.49996 yaw=5.12932 score=0.965641 valid=1 mode=tracking state=TRACKING evaluated=807 execution_us=45550 reason=tracking_pose_accepted
x=0.849997 y=2.49996 yaw=5.12838 score=0.964035 valid=1 mode=tracking state=TRACKING evaluated=807 execution_us=45414 reason=tracking_pose_accepted
x=0.799997 y=2.49995 yaw=5.17981 score=0.948979 valid=1 mode=tracking state=TRACKING evaluated=807 execution_us=45667 reason=tracking_pose_accepted
x=0.799997 y=2.49995 yaw=5.10906 score=0.951958 valid=1 mode=tracking state=TRACKING evaluated=807 execution_us=45466 reason=tracking_pose_accepted
x=0.849997 y=2.49995 yaw=5.14303 score=0.965813 valid=1 mode=tracking state=TRACKING evaluated=807 execution_us=45398 reason=tracking_pose_accepted
x=0.849997 y=2.49995 yaw=5.15955 score=0.97638 valid=1 mode=tracking state=TRACKING evaluated=807 execution_us=45478 reason=tracking_pose_accepted
x=0.849997 y=2.49995 yaw=5.15862 score=0.974101 valid=1 mode=tracking state=TRACKING evaluated=807 execution_us=45137 reason=tracking_pose_accepted
x=0.849997 y=2.49995 yaw=5.24495 score=0.967242 valid=1 mode=tracking state=TRACKING evaluated=807 execution_us=45364 reason=tracking_pose_accepted
x=0.849997 y=2.49995 yaw=5.24401 score=0.961854 valid=1 mode=tracking state=TRACKING evaluated=807 execution_us=45340 reason=tracking_pose_accepted
x=0.799997 y=2.49995 yaw=5.24308 score=0.949304 valid=1 mode=tracking state=TRACKING evaluated=807 execution_us=45487 reason=tracking_pose_accepted
x=0.799997 y=2.49995 yaw=5.20724 score=0.950131 valid=1 mode=tracking state=TRACKING evaluated=807 execution_us=45913 reason=tracking_pose_accepted
x=0.849997 y=2.49995 yaw=5.22376 score=0.947672 valid=1 mode=tracking state=TRACKING evaluated=807 execution_us=45280 reason=tracking_pose_accepted
x=0.849997 y=2.49995 yaw=5.22282 score=0.955716 valid=1 mode=tracking state=TRACKING evaluated=807 execution_us=45482 reason=tracking_pose_accepted
x=0.849997 y=2.49995 yaw=5.22189 score=0.958102 valid=1 mode=tracking state=TRACKING evaluated=807 execution_us=45730 reason=tracking_pose_accepted
x=0.849997 y=2.49995 yaw=5.23841 score=0.957297 valid=1 mode=tracking state=TRACKING evaluated=807 execution_us=45050 reason=tracking_pose_accepted
x=0.799997 y=2.49995 yaw=5.23747 score=0.948541 valid=1 mode=tracking state=TRACKING evaluated=807 execution_us=45237 reason=tracking_pose_accepted
x=0.799997 y=2.49995 yaw=5.23654 score=0.944179 valid=1 mode=tracking state=TRACKING evaluated=807 execution_us=45233 reason=tracking_pose_accepted
x=0.799997 y=2.49995 yaw=5.2356 score=0.93884 valid=1 mode=tracking state=TRACKING evaluated=807 execution_us=45622 reason=tracking_pose_accepted
x=0.799997 y=2.49995 yaw=5.21721 score=0.939758 valid=1 mode=tracking state=TRACKING evaluated=807 execution_us=45400 reason=tracking_pose_accepted
x=0.849997 y=2.49995 yaw=5.21628 score=0.935958 valid=1 mode=tracking state=TRACKING evaluated=807 execution_us=45772 reason=tracking_pose_accepted
x=0.849997 y=2.49995 yaw=5.2328 score=0.952424 valid=1 mode=tracking state=TRACKING evaluated=807 execution_us=45403 reason=tracking_pose_accepted
x=0.799997 y=2.49995 yaw=5.24932 score=0.972804 valid=1 mode=tracking state=TRACKING evaluated=807 execution_us=45327 reason=tracking_pose_accepted
x=0.799997 y=2.49995 yaw=5.24838 score=0.955416 valid=1 mode=tracking state=TRACKING evaluated=807 execution_us=44935 reason=tracking_pose_accepted
x=0.799997 y=2.44995 yaw=5.24745 score=0.957454 valid=1 mode=tracking state=TRACKING evaluated=807 execution_us=45172 reason=tracking_pose_accepted
x=0.799997 y=2.49995 yaw=5.21161 score=0.948776 valid=1 mode=tracking state=TRACKING evaluated=807 execution_us=45489 reason=tracking_pose_accepted
x=0.849997 y=2.49995 yaw=5.24558 score=0.960845 valid=1 mode=tracking state=TRACKING evaluated=807 execution_us=45179 reason=tracking_pose_accepted
x=0.849997 y=2.49995 yaw=5.24465 score=0.972478 valid=1 mode=tracking state=TRACKING evaluated=807 execution_us=45337 reason=tracking_pose_accepted
x=0.849997 y=2.49995 yaw=5.26116 score=0.971059 valid=1 mode=tracking state=TRACKING evaluated=807 execution_us=45759 reason=tracking_pose_accepted
x=0.849997 y=2.49995 yaw=5.22532 score=0.962475 valid=1 mode=tracking state=TRACKING evaluated=807 execution_us=45460 reason=tracking_pose_accepted
x=0.799997 y=2.49995 yaw=5.22439 score=0.949871 valid=1 mode=tracking state=TRACKING evaluated=807 execution_us=46255 reason=tracking_pose_accepted
x=0.799997 y=2.49995 yaw=5.18855 score=0.918206 valid=1 mode=tracking state=TRACKING evaluated=807 execution_us=45208 reason=tracking_pose_accepted
x=0.849997 y=2.49995 yaw=5.22252 score=0.945687 valid=1 mode=tracking state=TRACKING evaluated=807 execution_us=45557 reason=tracking_pose_accepted
x=0.799997 y=2.49995 yaw=5.25649 score=0.944805 valid=1 mode=tracking state=TRACKING evaluated=807 execution_us=45693 reason=tracking_pose_accepted
x=0.799997 y=2.49995 yaw=5.22065 score=0.948786 valid=1 mode=tracking state=TRACKING evaluated=807 execution_us=45478 reason=tracking_pose_accepted
x=0.799997 y=2.49995 yaw=5.20226 score=0.953727 valid=1 mode=tracking state=TRACKING evaluated=807 execution_us=45733 reason=tracking_pose_accepted
x=0.799997 y=2.49995 yaw=5.23624 score=0.943666 valid=1 mode=tracking state=TRACKING evaluated=807 execution_us=45467 reason=tracking_pose_accepted
x=0.849997 y=2.49995 yaw=5.2353 score=0.957409 valid=1 mode=tracking state=TRACKING evaluated=807 execution_us=45535 reason=tracking_pose_accepted
x=0.849997 y=2.49995 yaw=5.19946 score=0.946741 valid=1 mode=tracking state=TRACKING evaluated=807 execution_us=45830 reason=tracking_pose_accepted
x=0.849997 y=2.49995 yaw=5.23343 score=0.968301 valid=1 mode=tracking state=TRACKING evaluated=807 execution_us=45475 reason=tracking_pose_accepted
x=0.849997 y=2.49995 yaw=5.2325 score=0.964432 valid=1 mode=tracking state=TRACKING evaluated=807 execution_us=45748 reason=tracking_pose_accepted
x=0.849997 y=2.49995 yaw=5.23156 score=0.960345 valid=1 mode=tracking state=TRACKING evaluated=807 execution_us=45607 reason=tracking_pose_accepted
x=0.849997 y=2.49995 yaw=5.23063 score=0.954066 valid=1 mode=tracking state=TRACKING evaluated=807 execution_us=45324 reason=tracking_pose_accepted
x=0.849997 y=2.49995 yaw=5.22969 score=0.955677 valid=1 mode=tracking state=TRACKING evaluated=807 execution_us=45530 reason=tracking_pose_accepted
x=0.849997 y=2.49995 yaw=5.24621 score=0.961658 valid=1 mode=tracking state=TRACKING evaluated=807 execution_us=45537 reason=tracking_pose_accepted
x=0.849997 y=2.49995 yaw=5.21037 score=0.954699 valid=1 mode=tracking state=TRACKING evaluated=807 execution_us=45096 reason=tracking_pose_accepted
x=0.849997 y=2.49995 yaw=5.22689 score=0.965737 valid=1 mode=tracking state=TRACKING evaluated=807 execution_us=45523 reason=tracking_pose_accepted
x=0.849997 y=2.49995 yaw=5.22595 score=0.96414 valid=1 mode=tracking state=TRACKING evaluated=807 execution_us=45602 reason=tracking_pose_accepted
x=0.849997 y=2.49995 yaw=5.22502 score=0.959776 valid=1 mode=tracking state=TRACKING evaluated=807 execution_us=45735 reason=tracking_pose_accepted
x=0.849997 y=2.49995 yaw=5.22409 score=0.958662 valid=1 mode=tracking state=TRACKING evaluated=807 execution_us=45946 reason=tracking_pose_accepted
x=0.849997 y=2.49995 yaw=5.2406 score=0.957747 valid=1 mode=tracking state=TRACKING evaluated=807 execution_us=45425 reason=tracking_pose_accepted
x=0.849997 y=2.49995 yaw=5.20476 score=0.949917 valid=1 mode=tracking state=TRACKING evaluated=807 execution_us=45468 reason=tracking_pose_accepted
x=0.849997 y=2.49995 yaw=5.23873 score=0.965366 valid=1 mode=tracking state=TRACKING evaluated=807 execution_us=45596 reason=tracking_pose_accepted
x=0.849997 y=2.49995 yaw=5.2378 score=0.964452 valid=1 mode=tracking state=TRACKING evaluated=807 execution_us=45019 reason=tracking_pose_accepted
x=0.849997 y=2.49995 yaw=5.23687 score=0.961451 valid=1 mode=tracking state=TRACKING evaluated=807 execution_us=45455 reason=tracking_pose_accepted
x=0.849997 y=2.49995 yaw=5.23593 score=0.961509 valid=1 mode=tracking state=TRACKING evaluated=807 execution_us=45193 reason=tracking_pose_accepted
x=0.849997 y=2.49995 yaw=5.235 score=0.960279 valid=1 mode=tracking state=TRACKING evaluated=807 execution_us=45546 reason=tracking_pose_accepted
x=0.849997 y=2.49995 yaw=5.23406 score=0.962487 valid=1 mode=tracking state=TRACKING evaluated=807 execution_us=46567 reason=tracking_pose_accepted
x=0.849997 y=2.49995 yaw=5.23313 score=0.964461 valid=1 mode=tracking state=TRACKING evaluated=807 execution_us=44979 reason=tracking_pose_accepted
x=0.849997 y=2.49995 yaw=5.23219 score=0.96604 valid=1 mode=tracking state=TRACKING evaluated=807 execution_us=45624 reason=tracking_pose_accepted
x=0.849997 y=2.49995 yaw=5.23126 score=0.962443 valid=1 mode=tracking state=TRACKING evaluated=807 execution_us=46478 reason=tracking_pose_accepted
x=0.849997 y=2.49995 yaw=5.23032 score=0.962796 valid=1 mode=tracking state=TRACKING evaluated=807 execution_us=45342 reason=tracking_pose_accepted
x=0.849997 y=2.49995 yaw=5.22939 score=0.959467 valid=1 mode=tracking state=TRACKING evaluated=807 execution_us=45094 reason=tracking_pose_accepted
x=0.849997 y=2.49995 yaw=5.22845 score=0.961414 valid=1 mode=tracking state=TRACKING evaluated=807 execution_us=45622 reason=tracking_pose_accepted
x=0.849997 y=2.49995 yaw=5.22752 score=0.961417 valid=1 mode=tracking state=TRACKING evaluated=807 execution_us=44863 reason=tracking_pose_accepted
x=0.849997 y=2.49995 yaw=5.22658 score=0.961111 valid=1 mode=tracking state=TRACKING evaluated=807 execution_us=45695 reason=tracking_pose_accepted
x=0.849997 y=2.49995 yaw=5.22565 score=0.961417 valid=1 mode=tracking state=TRACKING evaluated=807 execution_us=45517 reason=tracking_pose_accepted
x=0.849997 y=2.49995 yaw=5.22472 score=0.961488 valid=1 mode=tracking state=TRACKING evaluated=807 execution_us=45741 reason=tracking_pose_accepted
x=0.849997 y=2.49995 yaw=5.24123 score=0.963395 valid=1 mode=tracking state=TRACKING evaluated=807 execution_us=45512 reason=tracking_pose_accepted
x=0.849997 y=2.49995 yaw=5.22285 score=0.957382 valid=1 mode=tracking state=TRACKING evaluated=807 execution_us=45192 reason=tracking_pose_accepted
x=0.849997 y=2.49995 yaw=5.22191 score=0.960601 valid=1 mode=tracking state=TRACKING evaluated=807 execution_us=45465 reason=tracking_pose_accepted
x=0.849997 y=2.49995 yaw=5.23843 score=0.965129 valid=1 mode=tracking state=TRACKING evaluated=807 execution_us=45827 reason=tracking_pose_accepted
x=0.849997 y=2.49995 yaw=5.2375 score=0.962484 valid=1 mode=tracking state=TRACKING evaluated=807 execution_us=45177 reason=tracking_pose_accepted
x=0.849997 y=2.49995 yaw=5.23656 score=0.965952 valid=1 mode=tracking state=TRACKING evaluated=807 execution_us=45264 reason=tracking_pose_accepted
x=0.849997 y=2.49995 yaw=5.23563 score=0.967128 valid=1 mode=tracking state=TRACKING evaluated=807 execution_us=45705 reason=tracking_pose_accepted
x=0.849997 y=2.49995 yaw=5.23469 score=0.960611 valid=1 mode=tracking state=TRACKING evaluated=807 execution_us=45160 reason=tracking_pose_accepted
x=0.849997 y=2.49995 yaw=5.23376 score=0.960885 valid=1 mode=tracking state=TRACKING evaluated=807 execution_us=46400 reason=tracking_pose_accepted
x=0.849997 y=2.49995 yaw=5.23282 score=0.963609 valid=1 mode=tracking state=TRACKING evaluated=807 execution_us=45390 reason=tracking_pose_accepted
x=0.849997 y=2.49995 yaw=5.23189 score=0.963889 valid=1 mode=tracking state=TRACKING evaluated=807 execution_us=45964 reason=tracking_pose_accepted
x=0.849997 y=2.49995 yaw=5.23095 score=0.964302 valid=1 mode=tracking state=TRACKING evaluated=807 execution_us=46004 reason=tracking_pose_accepted
x=0.849997 y=2.49995 yaw=5.23002 score=0.961458 valid=1 mode=tracking state=TRACKING evaluated=807 execution_us=45355 reason=tracking_pose_accepted
x=0.849997 y=2.49995 yaw=5.22908 score=0.956147 valid=1 mode=tracking state=TRACKING evaluated=807 execution_us=46155 reason=tracking_pose_accepted
x=0.849997 y=2.49995 yaw=5.2456 score=0.926602 valid=1 mode=tracking state=TRACKING evaluated=807 execution_us=45035 reason=tracking_pose_accepted
x=0.849997 y=2.49995 yaw=5.22721 score=0.906529 valid=1 mode=tracking state=TRACKING evaluated=807 execution_us=44906 reason=tracking_pose_accepted
x=0.849997 y=2.49995 yaw=5.22628 score=0.874182 valid=0 mode=tracking state=DEGRADED evaluated=807 execution_us=44817 reason=tracking_score_below_threshold
x=0.849997 y=2.49995 yaw=5.22628 score=0.891603 valid=0 mode=tracking state=DEGRADED evaluated=807 execution_us=44441 reason=tracking_score_below_threshold
x=0.849997 y=2.49995 yaw=5.24373 score=0.936024 valid=1 mode=tracking state=TRACKING evaluated=807 execution_us=44048 reason=tracking_quality_restored
x=0.849997 y=2.49995 yaw=5.20789 score=0.9344 valid=1 mode=tracking state=TRACKING evaluated=807 execution_us=44443 reason=tracking_pose_accepted
x=0.849997 y=2.49995 yaw=5.24186 score=0.963375 valid=1 mode=tracking state=TRACKING evaluated=807 execution_us=45137 reason=tracking_pose_accepted
x=0.849997 y=2.49995 yaw=5.22348 score=0.958768 valid=1 mode=tracking state=TRACKING evaluated=807 execution_us=45203 reason=tracking_pose_accepted
x=0.849997 y=2.49995 yaw=5.24 score=0.960866 valid=1 mode=tracking state=TRACKING evaluated=807 execution_us=45088 reason=tracking_pose_accepted
x=0.849997 y=2.49995 yaw=5.20415 score=0.956822 valid=1 mode=tracking state=TRACKING evaluated=807 execution_us=45371 reason=tracking_pose_accepted
x=0.849997 y=2.49995 yaw=5.16831 score=0.944433 valid=1 mode=tracking state=TRACKING evaluated=807 execution_us=45648 reason=tracking_pose_accepted
x=0.849997 y=2.49995 yaw=5.20229 score=0.963385 valid=1 mode=tracking state=TRACKING evaluated=807 execution_us=45450 reason=tracking_pose_accepted
x=0.849997 y=2.49995 yaw=5.16644 score=0.944467 valid=1 mode=tracking state=TRACKING evaluated=807 execution_us=45249 reason=tracking_pose_accepted
x=0.849997 y=2.49995 yaw=5.21787 score=0.969511 valid=1 mode=tracking state=TRACKING evaluated=807 execution_us=45652 reason=tracking_pose_accepted
x=0.849997 y=2.49995 yaw=5.21694 score=0.969901 valid=1 mode=tracking state=TRACKING evaluated=807 execution_us=45094 reason=tracking_pose_accepted
x=0.849997 y=2.49995 yaw=5.216 score=0.96304 valid=1 mode=tracking state=TRACKING evaluated=807 execution_us=45323 reason=tracking_pose_accepted
x=0.849997 y=2.49995 yaw=5.18016 score=0.952282 valid=1 mode=tracking state=TRACKING evaluated=807 execution_us=45879 reason=tracking_pose_accepted
x=0.849997 y=2.49995 yaw=5.19668 score=0.960988 valid=1 mode=tracking state=TRACKING evaluated=807 execution_us=45556 reason=tracking_pose_accepted
x=0.849997 y=2.49995 yaw=5.19574 score=0.961864 valid=1 mode=tracking state=TRACKING evaluated=807 execution_us=45116 reason=tracking_pose_accepted
x=0.849997 y=2.49995 yaw=5.21226 score=0.96704 valid=1 mode=tracking state=TRACKING evaluated=807 execution_us=45195 reason=tracking_pose_accepted
x=0.849997 y=2.49995 yaw=5.17642 score=0.954299 valid=1 mode=tracking state=TRACKING evaluated=807 execution_us=45753 reason=tracking_pose_accepted
x=0.849997 y=2.49995 yaw=5.21039 score=0.963392 valid=1 mode=tracking state=TRACKING evaluated=807 execution_us=45941 reason=tracking_pose_accepted
x=0.849997 y=2.49995 yaw=5.17455 score=0.952177 valid=1 mode=tracking state=TRACKING evaluated=807 execution_us=45182 reason=tracking_pose_accepted
x=0.849997 y=2.49995 yaw=5.20852 score=0.96436 valid=1 mode=tracking state=TRACKING evaluated=807 execution_us=45325 reason=tracking_pose_accepted
x=0.849997 y=2.49995 yaw=5.19014 score=0.960744 valid=1 mode=tracking state=TRACKING evaluated=807 execution_us=46212 reason=tracking_pose_accepted
x=0.849997 y=2.49995 yaw=5.20665 score=0.963266 valid=1 mode=tracking state=TRACKING evaluated=807 execution_us=45010 reason=tracking_pose_accepted
x=0.849997 y=2.49995 yaw=5.20572 score=0.964424 valid=1 mode=tracking state=TRACKING evaluated=807 execution_us=45765 reason=tracking_pose_accepted
x=0.849997 y=2.49995 yaw=5.20478 score=0.965498 valid=1 mode=tracking state=TRACKING evaluated=807 execution_us=45713 reason=tracking_pose_accepted
x=0.849997 y=2.49995 yaw=5.20385 score=0.970261 valid=1 mode=tracking state=TRACKING evaluated=807 execution_us=45249 reason=tracking_pose_accepted
x=0.849997 y=2.49995 yaw=5.16801 score=0.951026 valid=1 mode=tracking state=TRACKING evaluated=807 execution_us=46551 reason=tracking_pose_accepted
x=0.849997 y=2.49995 yaw=5.21943 score=0.971208 valid=1 mode=tracking state=TRACKING evaluated=807 execution_us=45230 reason=tracking_pose_accepted
x=0.849997 y=2.49995 yaw=5.2185 score=0.969296 valid=1 mode=tracking state=TRACKING evaluated=807 execution_us=45593 reason=tracking_pose_accepted
x=0.849997 y=2.49995 yaw=5.20011 score=0.966898 valid=1 mode=tracking state=TRACKING evaluated=807 execution_us=46306 reason=tracking_pose_accepted
x=0.849997 y=2.44995 yaw=5.21663 score=0.96369 valid=1 mode=tracking state=TRACKING evaluated=807 execution_us=45407 reason=tracking_pose_accepted
x=0.849997 y=2.44995 yaw=5.2157 score=0.964574 valid=1 mode=tracking state=TRACKING evaluated=807 execution_us=45211 reason=tracking_pose_accepted
x=0.849997 y=2.44995 yaw=5.21476 score=0.966707 valid=1 mode=tracking state=TRACKING evaluated=807 execution_us=45451 reason=tracking_pose_accepted
x=0.849997 y=2.44995 yaw=5.21383 score=0.965032 valid=1 mode=tracking state=TRACKING evaluated=807 execution_us=44944 reason=tracking_pose_accepted
x=0.849997 y=2.44995 yaw=5.21289 score=0.95915 valid=1 mode=tracking state=TRACKING evaluated=807 execution_us=45263 reason=tracking_pose_accepted
x=0.849997 y=2.44995 yaw=5.21196 score=0.960328 valid=1 mode=tracking state=TRACKING evaluated=807 execution_us=45658 reason=tracking_pose_accepted
x=0.849997 y=2.44995 yaw=5.21102 score=0.961954 valid=1 mode=tracking state=TRACKING evaluated=807 execution_us=45626 reason=tracking_pose_accepted
x=0.849997 y=2.44995 yaw=5.21009 score=0.963911 valid=1 mode=tracking state=TRACKING evaluated=807 execution_us=45490 reason=tracking_pose_accepted
x=0.849997 y=2.44995 yaw=5.20916 score=0.96602 valid=1 mode=tracking state=TRACKING evaluated=807 execution_us=45289 reason=tracking_pose_accepted
x=0.849997 y=2.44995 yaw=5.20822 score=0.965525 valid=1 mode=tracking state=TRACKING evaluated=807 execution_us=45510 reason=tracking_pose_accepted
x=0.849997 y=2.44995 yaw=5.20729 score=0.957532 valid=1 mode=tracking state=TRACKING evaluated=807 execution_us=45868 reason=tracking_pose_accepted
x=0.849997 y=2.44995 yaw=5.20635 score=0.966469 valid=1 mode=tracking state=TRACKING evaluated=807 execution_us=45199 reason=tracking_pose_accepted
x=0.849997 y=2.44995 yaw=5.20542 score=0.963226 valid=1 mode=tracking state=TRACKING evaluated=807 execution_us=45314 reason=tracking_pose_accepted
x=0.899997 y=2.44995 yaw=5.23939 score=0.950824 valid=1 mode=tracking state=TRACKING evaluated=807 execution_us=45681 reason=tracking_pose_accepted
x=0.849997 y=2.44995 yaw=5.27336 score=0.960317 valid=1 mode=tracking state=TRACKING evaluated=807 execution_us=44772 reason=tracking_pose_accepted
x=0.849997 y=2.44995 yaw=5.20261 score=0.952548 valid=1 mode=tracking state=TRACKING evaluated=807 execution_us=45503 reason=tracking_pose_accepted
x=0.849997 y=2.44995 yaw=5.23659 score=0.953487 valid=1 mode=tracking state=TRACKING evaluated=807 execution_us=45398 reason=tracking_pose_accepted
x=0.849997 y=2.44995 yaw=5.23565 score=0.954069 valid=1 mode=tracking state=TRACKING evaluated=807 execution_us=45269 reason=tracking_pose_accepted
x=0.849997 y=2.44995 yaw=5.19981 score=0.944095 valid=1 mode=tracking state=TRACKING evaluated=807 execution_us=45697 reason=tracking_pose_accepted
x=0.849997 y=2.49995 yaw=5.19888 score=0.963761 valid=1 mode=tracking state=TRACKING evaluated=807 execution_us=45062 reason=tracking_pose_accepted
x=0.849997 y=2.49995 yaw=5.19794 score=0.969023 valid=1 mode=tracking state=TRACKING evaluated=807 execution_us=45373 reason=tracking_pose_accepted
x=0.849997 y=2.49995 yaw=5.21446 score=0.972133 valid=1 mode=tracking state=TRACKING evaluated=807 execution_us=45469 reason=tracking_pose_accepted
x=0.849997 y=2.49995 yaw=5.21353 score=0.969534 valid=1 mode=tracking state=TRACKING evaluated=807 execution_us=45249 reason=tracking_pose_accepted
x=0.849997 y=2.49995 yaw=5.21259 score=0.971013 valid=1 mode=tracking state=TRACKING evaluated=807 execution_us=45511 reason=tracking_pose_accepted
x=0.849997 y=2.49995 yaw=5.21166 score=0.968689 valid=1 mode=tracking state=TRACKING evaluated=807 execution_us=45081 reason=tracking_pose_accepted
x=0.849997 y=2.49995 yaw=5.21072 score=0.970233 valid=1 mode=tracking state=TRACKING evaluated=807 execution_us=45322 reason=tracking_pose_accepted
x=0.849997 y=2.49995 yaw=5.20979 score=0.971092 valid=1 mode=tracking state=TRACKING evaluated=807 execution_us=45557 reason=tracking_pose_accepted
x=0.849997 y=2.49995 yaw=5.20885 score=0.971188 valid=1 mode=tracking state=TRACKING evaluated=807 execution_us=45180 reason=tracking_pose_accepted
x=0.849997 y=2.49995 yaw=5.22537 score=0.971986 valid=1 mode=tracking state=TRACKING evaluated=807 execution_us=45004 reason=tracking_pose_accepted
x=0.849997 y=2.49995 yaw=5.20698 score=0.96879 valid=1 mode=tracking state=TRACKING evaluated=807 execution_us=46188 reason=tracking_pose_accepted
x=0.849997 y=2.49995 yaw=5.20605 score=0.968556 valid=1 mode=tracking state=TRACKING evaluated=807 execution_us=45319 reason=tracking_pose_accepted
x=0.849997 y=2.49995 yaw=5.22257 score=0.96824 valid=1 mode=tracking state=TRACKING evaluated=807 execution_us=45300 reason=tracking_pose_accepted
x=0.849997 y=2.49995 yaw=5.22164 score=0.969463 valid=1 mode=tracking state=TRACKING evaluated=807 execution_us=45601 reason=tracking_pose_accepted
x=0.849997 y=2.49995 yaw=5.2207 score=0.972518 valid=1 mode=tracking state=TRACKING evaluated=807 execution_us=45324 reason=tracking_pose_accepted
x=0.849997 y=2.49995 yaw=5.21977 score=0.972478 valid=1 mode=tracking state=TRACKING evaluated=807 execution_us=45549 reason=tracking_pose_accepted
x=0.849997 y=2.49995 yaw=5.21883 score=0.971198 valid=1 mode=tracking state=TRACKING evaluated=807 execution_us=45498 reason=tracking_pose_accepted
x=0.849997 y=2.49995 yaw=5.2179 score=0.972232 valid=1 mode=tracking state=TRACKING evaluated=807 execution_us=45698 reason=tracking_pose_accepted
x=0.849997 y=2.49995 yaw=5.21696 score=0.973337 valid=1 mode=tracking state=TRACKING evaluated=807 execution_us=45553 reason=tracking_pose_accepted
x=0.849997 y=2.49995 yaw=5.21603 score=0.973816 valid=1 mode=tracking state=TRACKING evaluated=807 execution_us=45855 reason=tracking_pose_accepted
x=0.849997 y=2.49995 yaw=5.21509 score=0.97263 valid=1 mode=tracking state=TRACKING evaluated=807 execution_us=45337 reason=tracking_pose_accepted
x=0.849997 y=2.49995 yaw=5.21416 score=0.971724 valid=1 mode=tracking state=TRACKING evaluated=807 execution_us=45676 reason=tracking_pose_accepted
x=0.849997 y=2.49995 yaw=5.21322 score=0.972499 valid=1 mode=tracking state=TRACKING evaluated=807 execution_us=45609 reason=tracking_pose_accepted
x=0.849997 y=2.49995 yaw=5.21229 score=0.971324 valid=1 mode=tracking state=TRACKING evaluated=807 execution_us=45197 reason=tracking_pose_accepted
x=0.849997 y=2.49995 yaw=5.21136 score=0.973089 valid=1 mode=tracking state=TRACKING evaluated=807 execution_us=45396 reason=tracking_pose_accepted
x=0.849997 y=2.49995 yaw=5.21042 score=0.971201 valid=1 mode=tracking state=TRACKING evaluated=807 execution_us=45523 reason=tracking_pose_accepted
x=0.849997 y=2.49995 yaw=5.20949 score=0.968229 valid=1 mode=tracking state=TRACKING evaluated=807 execution_us=45440 reason=tracking_pose_accepted
x=0.849997 y=2.49995 yaw=5.20855 score=0.971349 valid=1 mode=tracking state=TRACKING evaluated=807 execution_us=46068 reason=tracking_pose_accepted
x=0.849997 y=2.49995 yaw=5.20762 score=0.969901 valid=1 mode=tracking state=TRACKING evaluated=807 execution_us=44940 reason=tracking_pose_accepted
x=0.849997 y=2.49995 yaw=5.22414 score=0.973327 valid=1 mode=tracking state=TRACKING evaluated=807 execution_us=44896 reason=tracking_pose_accepted
x=0.849997 y=2.49995 yaw=5.20575 score=0.969335 valid=1 mode=tracking state=TRACKING evaluated=807 execution_us=45206 reason=tracking_pose_accepted
x=0.849997 y=2.49995 yaw=5.22227 score=0.970451 valid=1 mode=tracking state=TRACKING evaluated=807 execution_us=45648 reason=tracking_pose_accepted
x=0.849997 y=2.49995 yaw=5.20388 score=0.967456 valid=1 mode=tracking state=TRACKING evaluated=807 execution_us=45211 reason=tracking_pose_accepted
x=0.849997 y=2.49995 yaw=5.2204 score=0.970129 valid=1 mode=tracking state=TRACKING evaluated=807 execution_us=45081 reason=tracking_pose_accepted
x=0.849997 y=2.49995 yaw=5.21946 score=0.97259 valid=1 mode=tracking state=TRACKING evaluated=807 execution_us=45550 reason=tracking_pose_accepted
x=0.849997 y=2.49995 yaw=5.21853 score=0.970948 valid=1 mode=tracking state=TRACKING evaluated=807 execution_us=45251 reason=tracking_pose_accepted
x=0.849997 y=2.49995 yaw=5.21759 score=0.973415 valid=1 mode=tracking state=TRACKING evaluated=807 execution_us=45136 reason=tracking_pose_accepted
x=0.849997 y=2.49995 yaw=5.21666 score=0.971259 valid=1 mode=tracking state=TRACKING evaluated=807 execution_us=45770 reason=tracking_pose_accepted
x=0.849997 y=2.49995 yaw=5.21572 score=0.974773 valid=1 mode=tracking state=TRACKING evaluated=807 execution_us=45231 reason=tracking_pose_accepted
x=0.849997 y=2.49995 yaw=5.21479 score=0.972529 valid=1 mode=tracking state=TRACKING evaluated=807 execution_us=44971 reason=tracking_pose_accepted
x=0.849997 y=2.49995 yaw=5.21386 score=0.972691 valid=1 mode=tracking state=TRACKING evaluated=807 execution_us=45597 reason=tracking_pose_accepted
x=0.849997 y=2.49995 yaw=5.21292 score=0.971617 valid=1 mode=tracking state=TRACKING evaluated=807 execution_us=44803 reason=tracking_pose_accepted
x=0.849997 y=2.49995 yaw=5.21199 score=0.971672 valid=1 mode=tracking state=TRACKING evaluated=807 execution_us=45680 reason=tracking_pose_accepted
x=0.849997 y=2.49995 yaw=5.21105 score=0.97163 valid=1 mode=tracking state=TRACKING evaluated=807 execution_us=45069 reason=tracking_pose_accepted
x=0.849997 y=2.49995 yaw=5.21012 score=0.969355 valid=1 mode=tracking state=TRACKING evaluated=807 execution_us=45337 reason=tracking_pose_accepted
x=0.849997 y=2.49995 yaw=5.20918 score=0.970478 valid=1 mode=tracking state=TRACKING evaluated=807 execution_us=46183 reason=tracking_pose_accepted
x=0.849997 y=2.49995 yaw=5.2257 score=0.9704 valid=1 mode=tracking state=TRACKING evaluated=807 execution_us=44994 reason=tracking_pose_accepted
x=0.849997 y=2.49995 yaw=5.22477 score=0.969765 valid=1 mode=tracking state=TRACKING evaluated=807 execution_us=45279 reason=tracking_pose_accepted
x=0.849997 y=2.49995 yaw=5.22383 score=0.970512 valid=1 mode=tracking state=TRACKING evaluated=807 execution_us=46451 reason=tracking_pose_accepted
x=0.849997 y=2.49995 yaw=5.2229 score=0.973166 valid=1 mode=tracking state=TRACKING evaluated=807 execution_us=45751 reason=tracking_pose_accepted
x=0.849997 y=2.49995 yaw=5.22196 score=0.973397 valid=1 mode=tracking state=TRACKING evaluated=807 execution_us=45197 reason=tracking_pose_accepted
x=0.849997 y=2.49995 yaw=5.22103 score=0.971918 valid=1 mode=tracking state=TRACKING evaluated=807 execution_us=45543 reason=tracking_pose_accepted
x=0.849997 y=2.49995 yaw=5.22009 score=0.973082 valid=1 mode=tracking state=TRACKING evaluated=807 execution_us=46148 reason=tracking_pose_accepted
x=0.849997 y=2.49995 yaw=5.21916 score=0.972731 valid=1 mode=tracking state=TRACKING evaluated=807 execution_us=45983 reason=tracking_pose_accepted
x=0.849997 y=2.49995 yaw=5.21822 score=0.973435 valid=1 mode=tracking state=TRACKING evaluated=807 execution_us=45229 reason=tracking_pose_accepted
x=0.849997 y=2.49995 yaw=5.21729 score=0.973297 valid=1 mode=tracking state=TRACKING evaluated=807 execution_us=45686 reason=tracking_pose_accepted
x=0.849997 y=2.49995 yaw=5.21635 score=0.973672 valid=1 mode=tracking state=TRACKING evaluated=807 execution_us=45734 reason=tracking_pose_accepted
x=0.849997 y=2.49995 yaw=5.21542 score=0.974311 valid=1 mode=tracking state=TRACKING evaluated=807 execution_us=45338 reason=tracking_pose_accepted
x=0.849997 y=2.49995 yaw=5.21449 score=0.97397 valid=1 mode=tracking state=TRACKING evaluated=807 execution_us=45770 reason=tracking_pose_accepted
x=0.849997 y=2.49995 yaw=5.21355 score=0.972243 valid=1 mode=tracking state=TRACKING evaluated=807 execution_us=45346 reason=tracking_pose_accepted
x=0.849997 y=2.49995 yaw=5.21262 score=0.972559 valid=1 mode=tracking state=TRACKING evaluated=807 execution_us=45123 reason=tracking_pose_accepted
x=0.849997 y=2.49995 yaw=5.21168 score=0.97088 valid=1 mode=tracking state=TRACKING evaluated=807 execution_us=55813 reason=tracking_pose_accepted
x=0.849997 y=2.49995 yaw=5.21075 score=0.971067 valid=1 mode=tracking state=TRACKING evaluated=807 execution_us=80513 reason=tracking_pose_accepted
x=0.849997 y=2.49995 yaw=5.20981 score=0.9715 valid=1 mode=tracking state=TRACKING evaluated=807 execution_us=46466 reason=tracking_pose_accepted
x=0.849997 y=2.49995 yaw=5.20888 score=0.969948 valid=1 mode=tracking state=TRACKING evaluated=807 execution_us=46088 reason=tracking_pose_accepted
x=0.849997 y=2.49995 yaw=5.20794 score=0.971907 valid=1 mode=tracking state=TRACKING evaluated=807 execution_us=45183 reason=tracking_pose_accepted
x=0.849997 y=2.49995 yaw=5.22446 score=0.970527 valid=1 mode=tracking state=TRACKING evaluated=807 execution_us=45055 reason=tracking_pose_accepted
x=0.849997 y=2.49994 yaw=5.20607 score=0.967695 valid=1 mode=tracking state=TRACKING evaluated=807 execution_us=45940 reason=tracking_pose_accepted
x=0.849997 y=2.49994 yaw=5.22259 score=0.972661 valid=1 mode=tracking state=TRACKING evaluated=807 execution_us=45175 reason=tracking_pose_accepted
x=0.849997 y=2.49994 yaw=5.20421 score=0.968006 valid=1 mode=tracking state=TRACKING evaluated=807 execution_us=45971 reason=tracking_pose_accepted
x=0.849997 y=2.49994 yaw=5.22072 score=0.974813 valid=1 mode=tracking state=TRACKING evaluated=807 execution_us=45513 reason=tracking_pose_accepted
x=0.849997 y=2.49994 yaw=5.21979 score=0.974311 valid=1 mode=tracking state=TRACKING evaluated=807 execution_us=45156 reason=tracking_pose_accepted
x=0.849997 y=2.49994 yaw=5.21886 score=0.975146 valid=1 mode=tracking state=TRACKING evaluated=807 execution_us=45406 reason=tracking_pose_accepted
x=0.849997 y=2.49994 yaw=5.21792 score=0.974273 valid=1 mode=tracking state=TRACKING evaluated=807 execution_us=45831 reason=tracking_pose_accepted
x=0.849997 y=2.49994 yaw=5.21699 score=0.971914 valid=1 mode=tracking state=TRACKING evaluated=807 execution_us=80112 reason=tracking_pose_accepted
x=0.849997 y=2.49994 yaw=5.21605 score=0.973337 valid=1 mode=tracking state=TRACKING evaluated=807 execution_us=46729 reason=tracking_pose_accepted
x=0.849997 y=2.49994 yaw=5.21512 score=0.973159 valid=1 mode=tracking state=TRACKING evaluated=807 execution_us=45077 reason=tracking_pose_accepted
x=0.849997 y=2.49994 yaw=5.21418 score=0.972304 valid=1 mode=tracking state=TRACKING evaluated=807 execution_us=45141 reason=tracking_pose_accepted
x=0.849997 y=2.49994 yaw=5.21325 score=0.973034 valid=1 mode=tracking state=TRACKING evaluated=807 execution_us=45704 reason=tracking_pose_accepted
x=0.849997 y=2.49994 yaw=5.21231 score=0.971998 valid=1 mode=tracking state=TRACKING evaluated=807 execution_us=45373 reason=tracking_pose_accepted
x=0.849997 y=2.49994 yaw=5.21138 score=0.970289 valid=1 mode=tracking state=TRACKING evaluated=807 execution_us=45727 reason=tracking_pose_accepted
x=0.849997 y=2.49994 yaw=5.21044 score=0.972366 valid=1 mode=tracking state=TRACKING evaluated=807 execution_us=45151 reason=tracking_pose_accepted
x=0.849997 y=2.49994 yaw=5.22696 score=0.971113 valid=1 mode=tracking state=TRACKING evaluated=807 execution_us=45074 reason=tracking_pose_accepted
x=0.849997 y=2.49994 yaw=5.20857 score=0.968942 valid=1 mode=tracking state=TRACKING evaluated=807 execution_us=45687 reason=tracking_pose_accepted
x=0.849997 y=2.49994 yaw=5.22509 score=0.971201 valid=1 mode=tracking state=TRACKING evaluated=807 execution_us=44835 reason=tracking_pose_accepted
x=0.849997 y=2.49994 yaw=5.20671 score=0.968069 valid=1 mode=tracking state=TRACKING evaluated=807 execution_us=45280 reason=tracking_pose_accepted
x=0.849997 y=2.49994 yaw=5.22322 score=0.974075 valid=1 mode=tracking state=TRACKING evaluated=807 execution_us=46087 reason=tracking_pose_accepted
x=0.849997 y=2.49994 yaw=5.22229 score=0.97259 valid=1 mode=tracking state=TRACKING evaluated=807 execution_us=45418 reason=tracking_pose_accepted
x=0.849997 y=2.49994 yaw=5.22135 score=0.969488 valid=1 mode=tracking state=TRACKING evaluated=807 execution_us=45065 reason=tracking_pose_accepted
x=0.849997 y=2.49994 yaw=5.22042 score=0.97451 valid=1 mode=tracking state=TRACKING evaluated=807 execution_us=45348 reason=tracking_pose_accepted
x=0.849997 y=2.49994 yaw=5.21949 score=0.972356 valid=1 mode=tracking state=TRACKING evaluated=807 execution_us=46273 reason=tracking_pose_accepted
x=0.849997 y=2.49994 yaw=5.21855 score=0.973054 valid=1 mode=tracking state=TRACKING evaluated=807 execution_us=46031 reason=tracking_pose_accepted
x=0.849997 y=2.49994 yaw=5.21762 score=0.974203 valid=1 mode=tracking state=TRACKING evaluated=807 execution_us=45004 reason=tracking_pose_accepted
x=0.849997 y=2.49994 yaw=5.21668 score=0.971781 valid=1 mode=tracking state=TRACKING evaluated=807 execution_us=45522 reason=tracking_pose_accepted
x=0.849997 y=2.49994 yaw=5.21575 score=0.97313 valid=1 mode=tracking state=TRACKING evaluated=807 execution_us=45436 reason=tracking_pose_accepted
x=0.849997 y=2.49994 yaw=5.21481 score=0.972944 valid=1 mode=tracking state=TRACKING evaluated=807 execution_us=45609 reason=tracking_pose_accepted
x=0.849997 y=2.49994 yaw=5.21388 score=0.9726 valid=1 mode=tracking state=TRACKING evaluated=807 execution_us=45398 reason=tracking_pose_accepted
x=0.849997 y=2.49994 yaw=5.21294 score=0.971357 valid=1 mode=tracking state=TRACKING evaluated=807 execution_us=45444 reason=tracking_pose_accepted
x=0.849997 y=2.49994 yaw=5.21201 score=0.971242 valid=1 mode=tracking state=TRACKING evaluated=807 execution_us=45616 reason=tracking_pose_accepted
x=0.849997 y=2.49994 yaw=5.21107 score=0.971092 valid=1 mode=tracking state=TRACKING evaluated=807 execution_us=45727 reason=tracking_pose_accepted
x=0.849997 y=2.49994 yaw=5.22759 score=0.97568 valid=1 mode=tracking state=TRACKING evaluated=807 execution_us=45428 reason=tracking_pose_accepted
x=0.849997 y=2.49994 yaw=5.22666 score=0.972985 valid=1 mode=tracking state=TRACKING evaluated=807 execution_us=45574 reason=tracking_pose_accepted
x=0.849997 y=2.49994 yaw=5.22572 score=0.972862 valid=1 mode=tracking state=TRACKING evaluated=807 execution_us=46157 reason=tracking_pose_accepted
x=0.849997 y=2.49994 yaw=5.22479 score=0.967002 valid=1 mode=tracking state=TRACKING evaluated=807 execution_us=44976 reason=tracking_pose_accepted
x=0.849997 y=2.49994 yaw=5.2064 score=0.969514 valid=1 mode=tracking state=TRACKING evaluated=807 execution_us=45068 reason=tracking_pose_accepted
x=0.849997 y=2.49994 yaw=5.20547 score=0.970481 valid=1 mode=tracking state=TRACKING evaluated=807 execution_us=45028 reason=tracking_pose_accepted
x=0.849997 y=2.49994 yaw=5.20453 score=0.967938 valid=1 mode=tracking state=TRACKING evaluated=807 execution_us=45148 reason=tracking_pose_accepted
x=0.849997 y=2.49994 yaw=5.2036 score=0.972237 valid=1 mode=tracking state=TRACKING evaluated=807 execution_us=45691 reason=tracking_pose_accepted
x=0.849997 y=2.49994 yaw=5.20266 score=0.968331 valid=1 mode=tracking state=TRACKING evaluated=807 execution_us=44863 reason=tracking_pose_accepted
x=0.849997 y=2.49994 yaw=5.20173 score=0.962516 valid=1 mode=tracking state=TRACKING evaluated=807 execution_us=45148 reason=tracking_pose_accepted
x=0.849997 y=2.49994 yaw=5.2008 score=0.963524 valid=1 mode=tracking state=TRACKING evaluated=807 execution_us=45660 reason=tracking_pose_accepted
x=0.849997 y=2.49994 yaw=5.19986 score=0.969605 valid=1 mode=tracking state=TRACKING evaluated=807 execution_us=44974 reason=tracking_pose_accepted
x=0.849997 y=2.49994 yaw=5.19893 score=0.963799 valid=1 mode=tracking state=TRACKING evaluated=807 execution_us=45530 reason=tracking_pose_accepted
x=0.849997 y=2.49994 yaw=5.19799 score=0.950838 valid=1 mode=tracking state=TRACKING evaluated=807 execution_us=45420 reason=tracking_pose_accepted
x=0.849997 y=2.49994 yaw=5.16215 score=0.94902 valid=1 mode=tracking state=TRACKING evaluated=807 execution_us=45162 reason=tracking_pose_accepted
x=0.849997 y=2.49994 yaw=5.0565 score=0.951793 valid=1 mode=tracking state=TRACKING evaluated=807 execution_us=45535 reason=tracking_pose_accepted
x=0.899997 y=2.49994 yaw=5.02066 score=0.945403 valid=1 mode=tracking state=TRACKING evaluated=807 execution_us=45189 reason=tracking_pose_accepted
x=0.899997 y=2.49994 yaw=4.94991 score=0.943808 valid=1 mode=tracking state=TRACKING evaluated=807 execution_us=44686 reason=tracking_pose_accepted
x=0.849997 y=2.49994 yaw=4.91407 score=0.946284 valid=1 mode=tracking state=TRACKING evaluated=807 execution_us=45610 reason=tracking_pose_accepted
x=0.899997 y=2.49994 yaw=4.84332 score=0.944016 valid=1 mode=tracking state=TRACKING evaluated=807 execution_us=44960 reason=tracking_pose_accepted
x=0.849997 y=2.49994 yaw=4.82494 score=0.947028 valid=1 mode=tracking state=TRACKING evaluated=807 execution_us=44867 reason=tracking_pose_accepted
x=0.849997 y=2.49994 yaw=4.71928 score=0.958533 valid=1 mode=tracking state=TRACKING evaluated=807 execution_us=45533 reason=tracking_pose_accepted
x=0.849997 y=2.49994 yaw=4.7358 score=0.949589 valid=1 mode=tracking state=TRACKING evaluated=807 execution_us=45046 reason=tracking_pose_accepted
x=0.849997 y=2.49994 yaw=4.66505 score=0.950313 valid=1 mode=tracking state=TRACKING evaluated=807 execution_us=44759 reason=tracking_pose_accepted
x=0.849997 y=2.49994 yaw=4.57685 score=0.949101 valid=1 mode=tracking state=TRACKING evaluated=807 execution_us=45379 reason=tracking_pose_accepted
x=0.849997 y=2.49994 yaw=4.54101 score=0.952126 valid=1 mode=tracking state=TRACKING evaluated=807 execution_us=44690 reason=tracking_pose_accepted
x=0.849997 y=2.49994 yaw=4.54008 score=0.964716 valid=1 mode=tracking state=TRACKING evaluated=807 execution_us=46126 reason=tracking_pose_accepted
x=0.849997 y=2.49994 yaw=4.53914 score=0.965508 valid=1 mode=tracking state=TRACKING evaluated=807 execution_us=45613 reason=tracking_pose_accepted
x=0.849997 y=2.49994 yaw=4.53821 score=0.966098 valid=1 mode=tracking state=TRACKING evaluated=807 execution_us=45090 reason=tracking_pose_accepted
x=0.849997 y=2.49994 yaw=4.53727 score=0.964369 valid=1 mode=tracking state=TRACKING evaluated=807 execution_us=45586 reason=tracking_pose_accepted
x=0.849997 y=2.49994 yaw=4.53634 score=0.965752 valid=1 mode=tracking state=TRACKING evaluated=807 execution_us=45375 reason=tracking_pose_accepted
x=0.849997 y=2.49994 yaw=4.55286 score=0.967696 valid=1 mode=tracking state=TRACKING evaluated=807 execution_us=45214 reason=tracking_pose_accepted
x=0.849997 y=2.49994 yaw=4.55193 score=0.967063 valid=1 mode=tracking state=TRACKING evaluated=807 execution_us=45785 reason=tracking_pose_accepted
x=0.849997 y=2.49994 yaw=4.55099 score=0.966413 valid=1 mode=tracking state=TRACKING evaluated=807 execution_us=45405 reason=tracking_pose_accepted
x=0.849997 y=2.49994 yaw=4.55006 score=0.967164 valid=1 mode=tracking state=TRACKING evaluated=807 execution_us=45404 reason=tracking_pose_accepted
x=0.849997 y=2.49994 yaw=4.54912 score=0.967222 valid=1 mode=tracking state=TRACKING evaluated=807 execution_us=45469 reason=tracking_pose_accepted
x=0.849997 y=2.49994 yaw=4.54819 score=0.96683 valid=1 mode=tracking state=TRACKING evaluated=807 execution_us=45477 reason=tracking_pose_accepted
x=0.849997 y=2.49994 yaw=4.54725 score=0.967166 valid=1 mode=tracking state=TRACKING evaluated=807 execution_us=45405 reason=tracking_pose_accepted
x=0.849997 y=2.49994 yaw=4.54632 score=0.965702 valid=1 mode=tracking state=TRACKING evaluated=807 execution_us=45314 reason=tracking_pose_accepted
x=0.849997 y=2.49994 yaw=4.56284 score=0.964932 valid=1 mode=tracking state=TRACKING evaluated=807 execution_us=44863 reason=tracking_pose_accepted
x=0.849997 y=2.49994 yaw=4.5619 score=0.966171 valid=1 mode=tracking state=TRACKING evaluated=807 execution_us=45893 reason=tracking_pose_accepted
x=0.849997 y=2.49994 yaw=4.56097 score=0.969687 valid=1 mode=tracking state=TRACKING evaluated=807 execution_us=45186 reason=tracking_pose_accepted
x=0.849997 y=2.49994 yaw=4.56003 score=0.967789 valid=1 mode=tracking state=TRACKING evaluated=807 execution_us=45582 reason=tracking_pose_accepted
x=0.849997 y=2.49994 yaw=4.5591 score=0.966149 valid=1 mode=tracking state=TRACKING evaluated=807 execution_us=45460 reason=tracking_pose_accepted
x=0.849997 y=2.49994 yaw=4.55816 score=0.966323 valid=1 mode=tracking state=TRACKING evaluated=807 execution_us=45460 reason=tracking_pose_accepted
x=0.849997 y=2.49994 yaw=4.55723 score=0.96682 valid=1 mode=tracking state=TRACKING evaluated=807 execution_us=45309 reason=tracking_pose_accepted
x=0.849997 y=2.49994 yaw=4.55629 score=0.969396 valid=1 mode=tracking state=TRACKING evaluated=807 execution_us=45467 reason=tracking_pose_accepted
x=0.849997 y=2.49994 yaw=4.55536 score=0.969424 valid=1 mode=tracking state=TRACKING evaluated=807 execution_us=45023 reason=tracking_pose_accepted
x=0.849997 y=2.49994 yaw=4.55443 score=0.967657 valid=1 mode=tracking state=TRACKING evaluated=807 execution_us=45907 reason=tracking_pose_accepted
x=0.849997 y=2.49994 yaw=4.55349 score=0.968668 valid=1 mode=tracking state=TRACKING evaluated=807 execution_us=44926 reason=tracking_pose_accepted
x=0.849997 y=2.49994 yaw=4.55256 score=0.968831 valid=1 mode=tracking state=TRACKING evaluated=807 execution_us=45110 reason=tracking_pose_accepted
x=0.849997 y=2.49994 yaw=4.55162 score=0.968952 valid=1 mode=tracking state=TRACKING evaluated=807 execution_us=45736 reason=tracking_pose_accepted
x=0.849997 y=2.49994 yaw=4.55069 score=0.966197 valid=1 mode=tracking state=TRACKING evaluated=807 execution_us=44873 reason=tracking_pose_accepted
x=0.849997 y=2.49994 yaw=4.54975 score=0.96891 valid=1 mode=tracking state=TRACKING evaluated=807 execution_us=45536 reason=tracking_pose_accepted
x=0.849997 y=2.49994 yaw=4.54882 score=0.966915 valid=1 mode=tracking state=TRACKING evaluated=807 execution_us=45151 reason=tracking_pose_accepted
x=0.849997 y=2.49994 yaw=4.54788 score=0.966418 valid=1 mode=tracking state=TRACKING evaluated=807 execution_us=45460 reason=tracking_pose_accepted
x=0.849997 y=2.49994 yaw=4.54695 score=0.964605 valid=1 mode=tracking state=TRACKING evaluated=807 execution_us=45940 reason=tracking_pose_accepted
x=0.849997 y=2.49994 yaw=4.54601 score=0.96603 valid=1 mode=tracking state=TRACKING evaluated=807 execution_us=45403 reason=tracking_pose_accepted
x=0.849997 y=2.49994 yaw=4.54508 score=0.967501 valid=1 mode=tracking state=TRACKING evaluated=807 execution_us=44943 reason=tracking_pose_accepted
x=0.849997 y=2.49994 yaw=4.5616 score=0.965714 valid=1 mode=tracking state=TRACKING evaluated=807 execution_us=45447 reason=tracking_pose_accepted
x=0.849997 y=2.49994 yaw=4.56066 score=0.968047 valid=1 mode=tracking state=TRACKING evaluated=807 execution_us=44990 reason=tracking_pose_accepted
x=0.849997 y=2.49994 yaw=4.55973 score=0.969728 valid=1 mode=tracking state=TRACKING evaluated=807 execution_us=45185 reason=tracking_pose_accepted
x=0.849997 y=2.49994 yaw=4.55879 score=0.970375 valid=1 mode=tracking state=TRACKING evaluated=807 execution_us=45537 reason=tracking_pose_accepted
x=0.849997 y=2.49994 yaw=4.55786 score=0.965684 valid=1 mode=tracking state=TRACKING evaluated=807 execution_us=45494 reason=tracking_pose_accepted
x=0.849997 y=2.49994 yaw=4.55693 score=0.970802 valid=1 mode=tracking state=TRACKING evaluated=807 execution_us=45858 reason=tracking_pose_accepted
x=0.849997 y=2.49994 yaw=4.55599 score=0.96733 valid=1 mode=tracking state=TRACKING evaluated=807 execution_us=45139 reason=tracking_pose_accepted
x=0.849997 y=2.49994 yaw=4.55506 score=0.96733 valid=1 mode=tracking state=TRACKING evaluated=807 execution_us=45949 reason=tracking_pose_accepted
x=0.849997 y=2.49994 yaw=4.55412 score=0.969239 valid=1 mode=tracking state=TRACKING evaluated=807 execution_us=45852 reason=tracking_pose_accepted
x=0.849997 y=2.49994 yaw=4.55319 score=0.969016 valid=1 mode=tracking state=TRACKING evaluated=807 execution_us=45001 reason=tracking_pose_accepted
x=0.849997 y=2.49994 yaw=4.55225 score=0.968222 valid=1 mode=tracking state=TRACKING evaluated=807 execution_us=45466 reason=tracking_pose_accepted
x=0.849997 y=2.49994 yaw=4.55132 score=0.96824 valid=1 mode=tracking state=TRACKING evaluated=807 execution_us=45444 reason=tracking_pose_accepted
x=0.849997 y=2.49994 yaw=4.55038 score=0.966904 valid=1 mode=tracking state=TRACKING evaluated=807 execution_us=45858 reason=tracking_pose_accepted
x=0.849997 y=2.49994 yaw=4.54945 score=0.966626 valid=1 mode=tracking state=TRACKING evaluated=807 execution_us=45613 reason=tracking_pose_accepted
x=0.849997 y=2.49994 yaw=4.54851 score=0.96787 valid=1 mode=tracking state=TRACKING evaluated=807 execution_us=44980 reason=tracking_pose_accepted
x=0.849997 y=2.49994 yaw=4.56503 score=0.964706 valid=1 mode=tracking state=TRACKING evaluated=807 execution_us=45305 reason=tracking_pose_accepted
x=0.849997 y=2.49994 yaw=4.54664 score=0.964878 valid=1 mode=tracking state=TRACKING evaluated=807 execution_us=46126 reason=tracking_pose_accepted
x=0.849997 y=2.49994 yaw=4.56316 score=0.967532 valid=1 mode=tracking state=TRACKING evaluated=807 execution_us=45362 reason=tracking_pose_accepted
x=0.849997 y=2.49994 yaw=4.54478 score=0.964635 valid=1 mode=tracking state=TRACKING evaluated=807 execution_us=45465 reason=tracking_pose_accepted
x=0.849997 y=2.49994 yaw=4.56129 score=0.965931 valid=1 mode=tracking state=TRACKING evaluated=807 execution_us=45666 reason=tracking_pose_accepted
x=0.849997 y=2.49994 yaw=4.56036 score=0.967347 valid=1 mode=tracking state=TRACKING evaluated=807 execution_us=45543 reason=tracking_pose_accepted
x=0.849997 y=2.49994 yaw=4.55942 score=0.970563 valid=1 mode=tracking state=TRACKING evaluated=807 execution_us=45043 reason=tracking_pose_accepted
x=0.849997 y=2.49994 yaw=4.55849 score=0.970416 valid=1 mode=tracking state=TRACKING evaluated=807 execution_us=45217 reason=tracking_pose_accepted
x=0.849997 y=2.49994 yaw=4.55756 score=0.969684 valid=1 mode=tracking state=TRACKING evaluated=807 execution_us=45396 reason=tracking_pose_accepted
x=0.849997 y=2.49994 yaw=4.55662 score=0.967874 valid=1 mode=tracking state=TRACKING evaluated=807 execution_us=45592 reason=tracking_pose_accepted
x=0.849997 y=2.49994 yaw=4.55569 score=0.970037 valid=1 mode=tracking state=TRACKING evaluated=807 execution_us=45039 reason=tracking_pose_accepted
x=0.849997 y=2.49994 yaw=4.55475 score=0.968892 valid=1 mode=tracking state=TRACKING evaluated=807 execution_us=44953 reason=tracking_pose_accepted
x=0.849997 y=2.49994 yaw=4.55382 score=0.969157 valid=1 mode=tracking state=TRACKING evaluated=807 execution_us=45325 reason=tracking_pose_accepted
x=0.849997 y=2.49994 yaw=4.55288 score=0.968505 valid=1 mode=tracking state=TRACKING evaluated=807 execution_us=45193 reason=tracking_pose_accepted
x=0.849997 y=2.49994 yaw=4.55195 score=0.969037 valid=1 mode=tracking state=TRACKING evaluated=807 execution_us=44898 reason=tracking_pose_accepted
x=0.849997 y=2.49994 yaw=4.55101 score=0.967833 valid=1 mode=tracking state=TRACKING evaluated=807 execution_us=45237 reason=tracking_pose_accepted
x=0.849997 y=2.49994 yaw=4.55008 score=0.965993 valid=1 mode=tracking state=TRACKING evaluated=807 execution_us=44999 reason=tracking_pose_accepted
x=0.849997 y=2.49994 yaw=4.54914 score=0.96794 valid=1 mode=tracking state=TRACKING evaluated=807 execution_us=45882 reason=tracking_pose_accepted
x=0.849997 y=2.49994 yaw=4.54821 score=0.967443 valid=1 mode=tracking state=TRACKING evaluated=807 execution_us=44994 reason=tracking_pose_accepted
x=0.849997 y=2.49994 yaw=4.54728 score=0.966961 valid=1 mode=tracking state=TRACKING evaluated=807 execution_us=45144 reason=tracking_pose_accepted
x=0.849997 y=2.49994 yaw=4.54634 score=0.965724 valid=1 mode=tracking state=TRACKING evaluated=807 execution_us=46320 reason=tracking_pose_accepted
x=0.849997 y=2.49994 yaw=4.54541 score=0.967235 valid=1 mode=tracking state=TRACKING evaluated=807 execution_us=44843 reason=tracking_pose_accepted
x=0.849997 y=2.49994 yaw=4.54447 score=0.966169 valid=1 mode=tracking state=TRACKING evaluated=807 execution_us=45300 reason=tracking_pose_accepted
x=0.849997 y=2.49994 yaw=4.56099 score=0.968842 valid=1 mode=tracking state=TRACKING evaluated=807 execution_us=46475 reason=tracking_pose_accepted
x=0.849997 y=2.49994 yaw=4.56006 score=0.964277 valid=1 mode=tracking state=TRACKING evaluated=807 execution_us=44814 reason=tracking_pose_accepted
x=0.849997 y=2.49994 yaw=4.55912 score=0.968932 valid=1 mode=tracking state=TRACKING evaluated=807 execution_us=45565 reason=tracking_pose_accepted
x=0.849997 y=2.49994 yaw=4.55819 score=0.968121 valid=1 mode=tracking state=TRACKING evaluated=807 execution_us=45148 reason=tracking_pose_accepted
x=0.849997 y=2.49994 yaw=4.55725 score=0.968343 valid=1 mode=tracking state=TRACKING evaluated=807 execution_us=45256 reason=tracking_pose_accepted
x=0.849997 y=2.49994 yaw=4.53886 score=0.968475 valid=1 mode=tracking state=TRACKING evaluated=807 execution_us=45695 reason=tracking_pose_accepted
x=0.849997 y=2.49994 yaw=4.46812 score=0.948111 valid=1 mode=tracking state=TRACKING evaluated=807 execution_us=45007 reason=tracking_pose_accepted
x=0.849997 y=2.49994 yaw=4.39737 score=0.96645 valid=1 mode=tracking state=TRACKING evaluated=807 execution_us=45889 reason=tracking_pose_accepted
x=0.849997 y=2.49994 yaw=4.34407 score=0.968026 valid=1 mode=tracking state=TRACKING evaluated=807 execution_us=45567 reason=tracking_pose_accepted
x=0.849997 y=2.49994 yaw=4.29078 score=0.967101 valid=1 mode=tracking state=TRACKING evaluated=807 execution_us=45706 reason=tracking_pose_accepted
x=0.849997 y=2.49993 yaw=4.22003 score=0.957482 valid=1 mode=tracking state=TRACKING evaluated=807 execution_us=45598 reason=tracking_pose_accepted
x=0.849997 y=2.49993 yaw=4.18419 score=0.951136 valid=1 mode=tracking state=TRACKING evaluated=807 execution_us=46325 reason=tracking_pose_accepted
x=0.849997 y=2.49993 yaw=4.04363 score=0.965075 valid=1 mode=tracking state=TRACKING evaluated=807 execution_us=44917 reason=tracking_pose_accepted
x=0.849997 y=2.49993 yaw=3.97288 score=0.952992 valid=1 mode=tracking state=TRACKING evaluated=807 execution_us=45972 reason=tracking_pose_accepted
x=0.849997 y=2.49993 yaw=3.83232 score=0.937466 valid=1 mode=tracking state=TRACKING evaluated=807 execution_us=45815 reason=tracking_pose_accepted
x=0.849997 y=2.49993 yaw=3.70922 score=0.95894 valid=1 mode=tracking state=TRACKING evaluated=807 execution_us=45554 reason=tracking_pose_accepted
x=0.849997 y=2.49993 yaw=3.65592 score=0.957937 valid=1 mode=tracking state=TRACKING evaluated=807 execution_us=45780 reason=tracking_pose_accepted
x=0.849997 y=2.44993 yaw=3.62008 score=0.945901 valid=1 mode=tracking state=TRACKING evaluated=807 execution_us=45718 reason=tracking_pose_accepted
x=0.849997 y=2.49993 yaw=3.47952 score=0.948828 valid=1 mode=tracking state=TRACKING evaluated=807 execution_us=46727 reason=tracking_pose_accepted
x=0.849997 y=2.49993 yaw=3.42623 score=0.956481 valid=1 mode=tracking state=TRACKING evaluated=807 execution_us=46161 reason=tracking_pose_accepted
x=0.849997 y=2.49993 yaw=3.39039 score=0.961678 valid=1 mode=tracking state=TRACKING evaluated=807 execution_us=45618 reason=tracking_pose_accepted
x=0.849997 y=2.49993 yaw=3.33709 score=0.957744 valid=1 mode=tracking state=TRACKING evaluated=807 execution_us=45521 reason=tracking_pose_accepted
x=0.849997 y=2.44993 yaw=3.30125 score=0.956762 valid=1 mode=tracking state=TRACKING evaluated=807 execution_us=45526 reason=tracking_pose_accepted
x=0.849997 y=2.44993 yaw=3.26541 score=0.941511 valid=1 mode=tracking state=TRACKING evaluated=807 execution_us=45593 reason=tracking_pose_accepted
x=0.849997 y=2.44993 yaw=3.14231 score=0.968333 valid=1 mode=tracking state=TRACKING evaluated=807 execution_us=45634 reason=tracking_pose_accepted
x=0.849997 y=2.44993 yaw=3.14137 score=0.968041 valid=1 mode=tracking state=TRACKING evaluated=807 execution_us=45230 reason=tracking_pose_accepted
x=0.849997 y=2.44993 yaw=3.15789 score=0.978198 valid=1 mode=tracking state=TRACKING evaluated=807 execution_us=45362 reason=tracking_pose_accepted
x=0.849997 y=2.44993 yaw=3.15696 score=0.968284 valid=1 mode=tracking state=TRACKING evaluated=807 execution_us=45652 reason=tracking_pose_accepted
x=0.849997 y=2.44993 yaw=3.15602 score=0.961028 valid=1 mode=tracking state=TRACKING evaluated=807 execution_us=45207 reason=tracking_pose_accepted
x=0.849997 y=2.49993 yaw=3.15509 score=0.963291 valid=1 mode=tracking state=TRACKING evaluated=807 execution_us=45450 reason=tracking_pose_accepted
x=0.849997 y=2.49993 yaw=3.15416 score=0.962182 valid=1 mode=tracking state=TRACKING evaluated=807 execution_us=46056 reason=tracking_pose_accepted
x=0.849997 y=2.44993 yaw=3.15322 score=0.962911 valid=1 mode=tracking state=TRACKING evaluated=807 execution_us=45651 reason=tracking_pose_accepted
x=0.849997 y=2.44993 yaw=3.15229 score=0.967835 valid=1 mode=tracking state=TRACKING evaluated=807 execution_us=45622 reason=tracking_pose_accepted
x=0.849997 y=2.44993 yaw=3.15135 score=0.969185 valid=1 mode=tracking state=TRACKING evaluated=807 execution_us=45107 reason=tracking_pose_accepted
x=0.849997 y=2.44993 yaw=3.16787 score=0.972771 valid=1 mode=tracking state=TRACKING evaluated=807 execution_us=45632 reason=tracking_pose_accepted
x=0.849997 y=2.44993 yaw=3.16694 score=0.964311 valid=1 mode=tracking state=TRACKING evaluated=807 execution_us=45228 reason=tracking_pose_accepted
x=0.849997 y=2.49993 yaw=3.14855 score=0.961821 valid=1 mode=tracking state=TRACKING evaluated=807 execution_us=45327 reason=tracking_pose_accepted
x=0.849997 y=2.49993 yaw=3.14762 score=0.965059 valid=1 mode=tracking state=TRACKING evaluated=807 execution_us=45541 reason=tracking_pose_accepted
x=0.849997 y=2.44993 yaw=3.16414 score=0.963095 valid=1 mode=tracking state=TRACKING evaluated=807 execution_us=45798 reason=tracking_pose_accepted
x=0.849997 y=2.44993 yaw=3.1632 score=0.967835 valid=1 mode=tracking state=TRACKING evaluated=807 execution_us=46164 reason=tracking_pose_accepted
x=0.849997 y=2.44993 yaw=3.16227 score=0.972061 valid=1 mode=tracking state=TRACKING evaluated=807 execution_us=45908 reason=tracking_pose_accepted
x=0.849997 y=2.44993 yaw=3.16134 score=0.968403 valid=1 mode=tracking state=TRACKING evaluated=807 execution_us=45022 reason=tracking_pose_accepted
x=0.849997 y=2.44993 yaw=3.1604 score=0.964355 valid=1 mode=tracking state=TRACKING evaluated=807 execution_us=46001 reason=tracking_pose_accepted
x=0.849997 y=2.44993 yaw=3.15947 score=0.959295 valid=1 mode=tracking state=TRACKING evaluated=807 execution_us=45891 reason=tracking_pose_accepted
x=0.849997 y=2.44993 yaw=3.15854 score=0.965555 valid=1 mode=tracking state=TRACKING evaluated=807 execution_us=45632 reason=tracking_pose_accepted
x=0.849997 y=2.44993 yaw=3.1576 score=0.96513 valid=1 mode=tracking state=TRACKING evaluated=807 execution_us=45705 reason=tracking_pose_accepted
x=0.849997 y=2.44993 yaw=3.15667 score=0.970053 valid=1 mode=tracking state=TRACKING evaluated=807 execution_us=45653 reason=tracking_pose_accepted
x=0.849997 y=2.44993 yaw=3.15573 score=0.966957 valid=1 mode=tracking state=TRACKING evaluated=807 execution_us=45113 reason=tracking_pose_accepted
x=0.849997 y=2.44993 yaw=3.1548 score=0.965898 valid=1 mode=tracking state=TRACKING evaluated=807 execution_us=45556 reason=tracking_pose_accepted
x=0.849997 y=2.44993 yaw=3.15387 score=0.962175 valid=1 mode=tracking state=TRACKING evaluated=807 execution_us=45913 reason=tracking_pose_accepted
x=0.849997 y=2.44993 yaw=3.15293 score=0.960815 valid=1 mode=tracking state=TRACKING evaluated=807 execution_us=45991 reason=tracking_pose_accepted
x=0.849997 y=2.49993 yaw=3.152 score=0.963074 valid=1 mode=tracking state=TRACKING evaluated=807 execution_us=45995 reason=tracking_pose_accepted
x=0.849997 y=2.44993 yaw=3.15106 score=0.963156 valid=1 mode=tracking state=TRACKING evaluated=807 execution_us=45472 reason=tracking_pose_accepted
x=0.849997 y=2.44993 yaw=3.15013 score=0.964066 valid=1 mode=tracking state=TRACKING evaluated=807 execution_us=45448 reason=tracking_pose_accepted
x=0.849997 y=2.44993 yaw=3.16665 score=0.965466 valid=1 mode=tracking state=TRACKING evaluated=807 execution_us=45410 reason=tracking_pose_accepted
x=0.849997 y=2.44993 yaw=3.16572 score=0.974302 valid=1 mode=tracking state=TRACKING evaluated=807 execution_us=45608 reason=tracking_pose_accepted
x=0.849997 y=2.44993 yaw=3.16478 score=0.967959 valid=1 mode=tracking state=TRACKING evaluated=807 execution_us=45585 reason=tracking_pose_accepted
x=0.849997 y=2.44993 yaw=3.16385 score=0.963456 valid=1 mode=tracking state=TRACKING evaluated=807 execution_us=45608 reason=tracking_pose_accepted
x=0.849997 y=2.44993 yaw=3.16291 score=0.966395 valid=1 mode=tracking state=TRACKING evaluated=807 execution_us=45912 reason=tracking_pose_accepted
x=0.849997 y=2.44993 yaw=3.16198 score=0.965875 valid=1 mode=tracking state=TRACKING evaluated=807 execution_us=46240 reason=tracking_pose_accepted
x=0.849997 y=2.44993 yaw=3.16105 score=0.968849 valid=1 mode=tracking state=TRACKING evaluated=807 execution_us=45930 reason=tracking_pose_accepted
x=0.849997 y=2.44993 yaw=3.16011 score=0.967517 valid=1 mode=tracking state=TRACKING evaluated=807 execution_us=44941 reason=tracking_pose_accepted
x=0.849997 y=2.44993 yaw=3.15918 score=0.96645 valid=1 mode=tracking state=TRACKING evaluated=807 execution_us=46228 reason=tracking_pose_accepted
x=0.849997 y=2.44993 yaw=3.15824 score=0.963761 valid=1 mode=tracking state=TRACKING evaluated=807 execution_us=45211 reason=tracking_pose_accepted
x=0.849997 y=2.44993 yaw=3.15731 score=0.965858 valid=1 mode=tracking state=TRACKING evaluated=807 execution_us=45489 reason=tracking_pose_accepted
x=0.849997 y=2.44993 yaw=3.15638 score=0.964797 valid=1 mode=tracking state=TRACKING evaluated=807 execution_us=45489 reason=tracking_pose_accepted
x=0.849997 y=2.44993 yaw=3.15544 score=0.965942 valid=1 mode=tracking state=TRACKING evaluated=807 execution_us=45406 reason=tracking_pose_accepted
x=0.849997 y=2.44993 yaw=3.15451 score=0.966636 valid=1 mode=tracking state=TRACKING evaluated=807 execution_us=45435 reason=tracking_pose_accepted
x=0.849997 y=2.44993 yaw=3.15357 score=0.967014 valid=1 mode=tracking state=TRACKING evaluated=807 execution_us=45455 reason=tracking_pose_accepted
x=0.849997 y=2.44993 yaw=3.15264 score=0.965612 valid=1 mode=tracking state=TRACKING evaluated=807 execution_us=45171 reason=tracking_pose_accepted
x=0.849997 y=2.44993 yaw=3.15171 score=0.966404 valid=1 mode=tracking state=TRACKING evaluated=807 execution_us=46096 reason=tracking_pose_accepted
x=0.849997 y=2.44993 yaw=3.15077 score=0.96199 valid=1 mode=tracking state=TRACKING evaluated=807 execution_us=45309 reason=tracking_pose_accepted
x=0.849997 y=2.44993 yaw=3.14984 score=0.962031 valid=1 mode=tracking state=TRACKING evaluated=807 execution_us=45352 reason=tracking_pose_accepted
x=0.849997 y=2.44993 yaw=3.14891 score=0.960368 valid=1 mode=tracking state=TRACKING evaluated=807 execution_us=45480 reason=tracking_pose_accepted
x=0.849997 y=2.44993 yaw=3.16542 score=0.962597 valid=1 mode=tracking state=TRACKING evaluated=807 execution_us=45422 reason=tracking_pose_accepted
x=0.849997 y=2.44993 yaw=3.16449 score=0.972823 valid=1 mode=tracking state=TRACKING evaluated=807 execution_us=45298 reason=tracking_pose_accepted
x=0.849997 y=2.44993 yaw=3.16356 score=0.966336 valid=1 mode=tracking state=TRACKING evaluated=807 execution_us=45225 reason=tracking_pose_accepted
x=0.849997 y=2.44993 yaw=3.16262 score=0.968101 valid=1 mode=tracking state=TRACKING evaluated=807 execution_us=45392 reason=tracking_pose_accepted
x=0.849997 y=2.44993 yaw=3.16169 score=0.967347 valid=1 mode=tracking state=TRACKING evaluated=807 execution_us=46018 reason=tracking_pose_accepted
x=0.849997 y=2.44993 yaw=3.16076 score=0.963399 valid=1 mode=tracking state=TRACKING evaluated=807 execution_us=45377 reason=tracking_pose_accepted
x=0.849997 y=2.44993 yaw=3.15982 score=0.968739 valid=1 mode=tracking state=TRACKING evaluated=807 execution_us=45783 reason=tracking_pose_accepted
x=0.849997 y=2.44993 yaw=3.15889 score=0.970654 valid=1 mode=tracking state=TRACKING evaluated=807 execution_us=45607 reason=tracking_pose_accepted
x=0.849997 y=2.44993 yaw=3.15795 score=0.971732 valid=1 mode=tracking state=TRACKING evaluated=807 execution_us=45662 reason=tracking_pose_accepted
x=0.849997 y=2.44993 yaw=3.15702 score=0.968445 valid=1 mode=tracking state=TRACKING evaluated=807 execution_us=45410 reason=tracking_pose_accepted
x=0.849997 y=2.44993 yaw=3.15609 score=0.965176 valid=1 mode=tracking state=TRACKING evaluated=807 execution_us=45460 reason=tracking_pose_accepted
x=0.849997 y=2.44993 yaw=3.15515 score=0.966474 valid=1 mode=tracking state=TRACKING evaluated=807 execution_us=45506 reason=tracking_pose_accepted
x=0.849997 y=2.44993 yaw=3.15422 score=0.962542 valid=1 mode=tracking state=TRACKING evaluated=807 execution_us=46082 reason=tracking_pose_accepted
x=0.849997 y=2.44993 yaw=3.15328 score=0.964798 valid=1 mode=tracking state=TRACKING evaluated=807 execution_us=45139 reason=tracking_pose_accepted
x=0.849997 y=2.44993 yaw=3.15235 score=0.964041 valid=1 mode=tracking state=TRACKING evaluated=807 execution_us=45802 reason=tracking_pose_accepted
x=0.849997 y=2.44993 yaw=3.15142 score=0.962902 valid=1 mode=tracking state=TRACKING evaluated=807 execution_us=45960 reason=tracking_pose_accepted
x=0.849997 y=2.44993 yaw=3.15048 score=0.963294 valid=1 mode=tracking state=TRACKING evaluated=807 execution_us=45426 reason=tracking_pose_accepted
x=0.849997 y=2.44993 yaw=3.167 score=0.969266 valid=1 mode=tracking state=TRACKING evaluated=807 execution_us=45565 reason=tracking_pose_accepted
x=0.849997 y=2.49993 yaw=3.14861 score=0.961292 valid=1 mode=tracking state=TRACKING evaluated=807 execution_us=45782 reason=tracking_pose_accepted
x=0.849997 y=2.49993 yaw=3.14768 score=0.962993 valid=1 mode=tracking state=TRACKING evaluated=807 execution_us=45663 reason=tracking_pose_accepted
x=0.849997 y=2.44993 yaw=3.1642 score=0.961182 valid=1 mode=tracking state=TRACKING evaluated=807 execution_us=45414 reason=tracking_pose_accepted
x=0.849997 y=2.44993 yaw=3.16327 score=0.962639 valid=1 mode=tracking state=TRACKING evaluated=807 execution_us=45410 reason=tracking_pose_accepted
x=0.849997 y=2.44993 yaw=3.16233 score=0.968455 valid=1 mode=tracking state=TRACKING evaluated=807 execution_us=45512 reason=tracking_pose_accepted
x=0.849997 y=2.44993 yaw=3.1614 score=0.966835 valid=1 mode=tracking state=TRACKING evaluated=807 execution_us=45774 reason=tracking_pose_accepted
x=0.849997 y=2.44993 yaw=3.16046 score=0.971805 valid=1 mode=tracking state=TRACKING evaluated=807 execution_us=45912 reason=tracking_pose_accepted
x=0.849997 y=2.44993 yaw=3.15953 score=0.968011 valid=1 mode=tracking state=TRACKING evaluated=807 execution_us=45367 reason=tracking_pose_accepted
x=0.849997 y=2.44993 yaw=3.1586 score=0.969679 valid=1 mode=tracking state=TRACKING evaluated=807 execution_us=45653 reason=tracking_pose_accepted
x=0.849997 y=2.44993 yaw=3.15766 score=0.969313 valid=1 mode=tracking state=TRACKING evaluated=807 execution_us=45339 reason=tracking_pose_accepted
x=0.849997 y=2.44993 yaw=3.15673 score=0.969359 valid=1 mode=tracking state=TRACKING evaluated=807 execution_us=56538 reason=tracking_pose_accepted
x=0.849997 y=2.44993 yaw=3.1558 score=0.968101 valid=1 mode=tracking state=TRACKING evaluated=807 execution_us=45515 reason=tracking_pose_accepted
x=0.849997 y=2.44993 yaw=3.15486 score=0.967683 valid=1 mode=tracking state=TRACKING evaluated=807 execution_us=45365 reason=tracking_pose_accepted
x=0.849997 y=2.44993 yaw=3.15393 score=0.966848 valid=1 mode=tracking state=TRACKING evaluated=807 execution_us=46190 reason=tracking_pose_accepted
x=0.849997 y=2.44993 yaw=3.15299 score=0.965942 valid=1 mode=tracking state=TRACKING evaluated=807 execution_us=45125 reason=tracking_pose_accepted
x=0.849997 y=2.44993 yaw=3.15206 score=0.965001 valid=1 mode=tracking state=TRACKING evaluated=807 execution_us=45366 reason=tracking_pose_accepted
x=0.849997 y=2.44993 yaw=3.15113 score=0.96701 valid=1 mode=tracking state=TRACKING evaluated=807 execution_us=45945 reason=tracking_pose_accepted
x=0.849997 y=2.44993 yaw=3.15019 score=0.964025 valid=1 mode=tracking state=TRACKING evaluated=807 execution_us=45196 reason=tracking_pose_accepted
x=0.849997 y=2.44993 yaw=3.14926 score=0.962947 valid=1 mode=tracking state=TRACKING evaluated=807 execution_us=45522 reason=tracking_pose_accepted
x=0.849997 y=2.44993 yaw=3.16578 score=0.96587 valid=1 mode=tracking state=TRACKING evaluated=807 execution_us=45920 reason=tracking_pose_accepted
x=0.849997 y=2.44993 yaw=3.14739 score=0.962943 valid=1 mode=tracking state=TRACKING evaluated=807 execution_us=45357 reason=tracking_pose_accepted
x=0.849997 y=2.44993 yaw=3.16391 score=0.964382 valid=1 mode=tracking state=TRACKING evaluated=807 execution_us=45421 reason=tracking_pose_accepted
x=0.849997 y=2.44993 yaw=3.16298 score=0.961876 valid=1 mode=tracking state=TRACKING evaluated=807 execution_us=45394 reason=tracking_pose_accepted
x=0.849997 y=2.44993 yaw=3.16204 score=0.972732 valid=1 mode=tracking state=TRACKING evaluated=807 execution_us=45402 reason=tracking_pose_accepted
x=0.849997 y=2.44993 yaw=3.16111 score=0.968841 valid=1 mode=tracking state=TRACKING evaluated=807 execution_us=45543 reason=tracking_pose_accepted
x=0.849997 y=2.44993 yaw=3.16017 score=0.969082 valid=1 mode=tracking state=TRACKING evaluated=807 execution_us=45390 reason=tracking_pose_accepted
x=0.849997 y=2.44993 yaw=3.15924 score=0.968953 valid=1 mode=tracking state=TRACKING evaluated=807 execution_us=45255 reason=tracking_pose_accepted
x=0.849997 y=2.44993 yaw=3.15831 score=0.969153 valid=1 mode=tracking state=TRACKING evaluated=807 execution_us=45482 reason=tracking_pose_accepted
x=0.849997 y=2.44993 yaw=3.15737 score=0.965575 valid=1 mode=tracking state=TRACKING evaluated=807 execution_us=45298 reason=tracking_pose_accepted
x=0.849997 y=2.44993 yaw=3.15644 score=0.967853 valid=1 mode=tracking state=TRACKING evaluated=807 execution_us=45250 reason=tracking_pose_accepted
x=0.849997 y=2.44993 yaw=3.1555 score=0.967551 valid=1 mode=tracking state=TRACKING evaluated=807 execution_us=45477 reason=tracking_pose_accepted
x=0.849997 y=2.44993 yaw=3.15457 score=0.967114 valid=1 mode=tracking state=TRACKING evaluated=807 execution_us=45534 reason=tracking_pose_accepted
x=0.849997 y=2.44993 yaw=3.15364 score=0.968265 valid=1 mode=tracking state=TRACKING evaluated=807 execution_us=46194 reason=tracking_pose_accepted
x=0.849997 y=2.44993 yaw=3.1527 score=0.967898 valid=1 mode=tracking state=TRACKING evaluated=807 execution_us=45587 reason=tracking_pose_accepted
x=0.849997 y=2.44993 yaw=3.15177 score=0.966636 valid=1 mode=tracking state=TRACKING evaluated=807 execution_us=45775 reason=tracking_pose_accepted
x=0.849997 y=2.44993 yaw=3.15084 score=0.963855 valid=1 mode=tracking state=TRACKING evaluated=807 execution_us=46014 reason=tracking_pose_accepted
x=0.849997 y=2.44993 yaw=3.1499 score=0.962598 valid=1 mode=tracking state=TRACKING evaluated=807 execution_us=45720 reason=tracking_pose_accepted
x=0.849997 y=2.44993 yaw=3.14897 score=0.963763 valid=1 mode=tracking state=TRACKING evaluated=807 execution_us=45585 reason=tracking_pose_accepted
x=0.849997 y=2.44993 yaw=3.16549 score=0.962472 valid=1 mode=tracking state=TRACKING evaluated=807 execution_us=45859 reason=tracking_pose_accepted
x=0.849997 y=2.44993 yaw=3.16455 score=0.965831 valid=1 mode=tracking state=TRACKING evaluated=807 execution_us=45369 reason=tracking_pose_accepted
x=0.849997 y=2.44993 yaw=3.16362 score=0.966183 valid=1 mode=tracking state=TRACKING evaluated=807 execution_us=45731 reason=tracking_pose_accepted
x=0.849997 y=2.44993 yaw=3.16268 score=0.967753 valid=1 mode=tracking state=TRACKING evaluated=807 execution_us=45927 reason=tracking_pose_accepted
x=0.849997 y=2.44993 yaw=3.16175 score=0.968292 valid=1 mode=tracking state=TRACKING evaluated=807 execution_us=45442 reason=tracking_pose_accepted
x=0.849997 y=2.44993 yaw=3.16082 score=0.972122 valid=1 mode=tracking state=TRACKING evaluated=807 execution_us=45920 reason=tracking_pose_accepted
x=0.849997 y=2.44993 yaw=3.15988 score=0.97097 valid=1 mode=tracking state=TRACKING evaluated=807 execution_us=45202 reason=tracking_pose_accepted
x=0.849997 y=2.44993 yaw=3.15895 score=0.969557 valid=1 mode=tracking state=TRACKING evaluated=807 execution_us=45761 reason=tracking_pose_accepted
x=0.849997 y=2.44993 yaw=3.15802 score=0.969276 valid=1 mode=tracking state=TRACKING evaluated=807 execution_us=45764 reason=tracking_pose_accepted
x=0.849997 y=2.44993 yaw=3.15708 score=0.969023 valid=1 mode=tracking state=TRACKING evaluated=807 execution_us=45431 reason=tracking_pose_accepted
x=0.849997 y=2.44993 yaw=3.15615 score=0.969193 valid=1 mode=tracking state=TRACKING evaluated=807 execution_us=45435 reason=tracking_pose_accepted
x=0.849997 y=2.44993 yaw=3.15521 score=0.967378 valid=1 mode=tracking state=TRACKING evaluated=807 execution_us=45004 reason=tracking_pose_accepted
x=0.849997 y=2.44993 yaw=3.15428 score=0.968607 valid=1 mode=tracking state=TRACKING evaluated=807 execution_us=45703 reason=tracking_pose_accepted
x=0.849997 y=2.44993 yaw=3.15335 score=0.96579 valid=1 mode=tracking state=TRACKING evaluated=807 execution_us=46588 reason=tracking_pose_accepted
x=0.849997 y=2.44993 yaw=3.15241 score=0.965289 valid=1 mode=tracking state=TRACKING evaluated=807 execution_us=45520 reason=tracking_pose_accepted
x=0.849997 y=2.44993 yaw=3.15148 score=0.964961 valid=1 mode=tracking state=TRACKING evaluated=807 execution_us=45113 reason=tracking_pose_accepted
x=0.849997 y=2.44993 yaw=3.15054 score=0.96433 valid=1 mode=tracking state=TRACKING evaluated=807 execution_us=45270 reason=tracking_pose_accepted
x=0.849997 y=2.44993 yaw=3.14961 score=0.963042 valid=1 mode=tracking state=TRACKING evaluated=807 execution_us=45670 reason=tracking_pose_accepted
x=0.849997 y=2.44993 yaw=3.14868 score=0.962852 valid=1 mode=tracking state=TRACKING evaluated=807 execution_us=45399 reason=tracking_pose_accepted
x=0.849997 y=2.44993 yaw=3.1652 score=0.965616 valid=1 mode=tracking state=TRACKING evaluated=807 execution_us=45804 reason=tracking_pose_accepted
x=0.849997 y=2.44993 yaw=3.16426 score=0.966789 valid=1 mode=tracking state=TRACKING evaluated=807 execution_us=45264 reason=tracking_pose_accepted
x=0.849997 y=2.44993 yaw=3.14587 score=0.960395 valid=1 mode=tracking state=TRACKING evaluated=807 execution_us=45249 reason=tracking_pose_accepted
x=0.849997 y=2.44993 yaw=3.16239 score=0.969844 valid=1 mode=tracking state=TRACKING evaluated=807 execution_us=45637 reason=tracking_pose_accepted
x=0.849997 y=2.44993 yaw=3.16146 score=0.969438 valid=1 mode=tracking state=TRACKING evaluated=807 execution_us=45132 reason=tracking_pose_accepted
x=0.849997 y=2.44993 yaw=3.16053 score=0.972286 valid=1 mode=tracking state=TRACKING evaluated=807 execution_us=45949 reason=tracking_pose_accepted
x=0.849997 y=2.44993 yaw=3.15959 score=0.972122 valid=1 mode=tracking state=TRACKING evaluated=807 execution_us=45020 reason=tracking_pose_accepted
x=0.849997 y=2.44993 yaw=3.15866 score=0.969789 valid=1 mode=tracking state=TRACKING evaluated=807 execution_us=45121 reason=tracking_pose_accepted
x=0.849997 y=2.44993 yaw=3.15772 score=0.970588 valid=1 mode=tracking state=TRACKING evaluated=807 execution_us=45736 reason=tracking_pose_accepted
x=0.849997 y=2.44993 yaw=3.15679 score=0.969474 valid=1 mode=tracking state=TRACKING evaluated=807 execution_us=45704 reason=tracking_pose_accepted
x=0.849997 y=2.44993 yaw=3.15586 score=0.967766 valid=1 mode=tracking state=TRACKING evaluated=807 execution_us=45408 reason=tracking_pose_accepted
x=0.849997 y=2.44993 yaw=3.15492 score=0.966682 valid=1 mode=tracking state=TRACKING evaluated=807 execution_us=45168 reason=tracking_pose_accepted
x=0.849997 y=2.44993 yaw=3.15399 score=0.967099 valid=1 mode=tracking state=TRACKING evaluated=807 execution_us=45904 reason=tracking_pose_accepted
x=0.849997 y=2.44993 yaw=3.15306 score=0.965307 valid=1 mode=tracking state=TRACKING evaluated=807 execution_us=45712 reason=tracking_pose_accepted
x=0.849997 y=2.44993 yaw=3.15212 score=0.965767 valid=1 mode=tracking state=TRACKING evaluated=807 execution_us=45530 reason=tracking_pose_accepted
x=0.849997 y=2.44993 yaw=3.15119 score=0.963301 valid=1 mode=tracking state=TRACKING evaluated=807 execution_us=46395 reason=tracking_pose_accepted
x=0.849997 y=2.49993 yaw=3.15025 score=0.962827 valid=1 mode=tracking state=TRACKING evaluated=807 execution_us=45457 reason=tracking_pose_accepted
x=0.849997 y=2.49993 yaw=3.14932 score=0.963889 valid=1 mode=tracking state=TRACKING evaluated=807 execution_us=45785 reason=tracking_pose_accepted
x=0.849997 y=2.49993 yaw=3.14839 score=0.963095 valid=1 mode=tracking state=TRACKING evaluated=807 execution_us=45663 reason=tracking_pose_accepted
x=0.849997 y=2.49993 yaw=3.14745 score=0.963629 valid=1 mode=tracking state=TRACKING evaluated=807 execution_us=45600 reason=tracking_pose_accepted
x=0.849997 y=2.49993 yaw=3.14652 score=0.962684 valid=1 mode=tracking state=TRACKING evaluated=807 execution_us=45803 reason=tracking_pose_accepted
x=0.849997 y=2.44993 yaw=3.14558 score=0.961257 valid=1 mode=tracking state=TRACKING evaluated=807 execution_us=65116 reason=tracking_pose_accepted
x=0.849997 y=2.49993 yaw=3.14465 score=0.961544 valid=1 mode=tracking state=TRACKING evaluated=807 execution_us=83460 reason=tracking_pose_accepted
x=0.849997 y=2.49993 yaw=3.14372 score=0.965039 valid=1 mode=tracking state=TRACKING evaluated=807 execution_us=46718 reason=tracking_pose_accepted
x=0.849997 y=2.49993 yaw=3.16024 score=0.968739 valid=1 mode=tracking state=TRACKING evaluated=807 execution_us=46016 reason=tracking_pose_accepted
x=0.849997 y=2.49993 yaw=3.1593 score=0.968739 valid=1 mode=tracking state=TRACKING evaluated=807 execution_us=45260 reason=tracking_pose_accepted
x=0.849997 y=2.49993 yaw=3.15837 score=0.968648 valid=1 mode=tracking state=TRACKING evaluated=807 execution_us=45515 reason=tracking_pose_accepted
x=0.849997 y=2.49993 yaw=3.13998 score=0.962172 valid=1 mode=tracking state=TRACKING evaluated=807 execution_us=46007 reason=tracking_pose_accepted
x=0.849997 y=2.44992 yaw=3.10414 score=0.962513 valid=1 mode=tracking state=TRACKING evaluated=807 execution_us=45508 reason=tracking_pose_accepted
x=0.849997 y=2.44992 yaw=2.96358 score=0.950323 valid=1 mode=tracking state=TRACKING evaluated=807 execution_us=45494 reason=tracking_pose_accepted
x=0.849997 y=2.44992 yaw=2.85793 score=0.948381 valid=1 mode=tracking state=TRACKING evaluated=807 execution_us=45509 reason=tracking_pose_accepted
x=0.849997 y=2.44992 yaw=2.69991 score=0.917637 valid=1 mode=tracking state=TRACKING evaluated=807 execution_us=46412 reason=tracking_pose_accepted
x=0.849997 y=2.49992 yaw=2.31501 score=0.920944 valid=1 mode=tracking state=TRACKING evaluated=807 execution_us=45277 reason=tracking_pose_accepted
x=0.849997 y=2.49992 yaw=2.22681 score=0.968417 valid=1 mode=tracking state=TRACKING evaluated=807 execution_us=50489 reason=tracking_pose_accepted
x=0.849997 y=2.49992 yaw=2.22587 score=0.972662 valid=1 mode=tracking state=TRACKING evaluated=807 execution_us=76401 reason=tracking_pose_accepted
x=0.849997 y=2.49992 yaw=2.19003 score=0.962108 valid=1 mode=tracking state=TRACKING evaluated=807 execution_us=45733 reason=tracking_pose_accepted
x=0.849997 y=2.44992 yaw=1.97966 score=0.94461 valid=1 mode=tracking state=TRACKING evaluated=807 execution_us=46056 reason=tracking_pose_accepted
x=0.849997 y=2.44992 yaw=1.874 score=0.956985 valid=1 mode=tracking state=TRACKING evaluated=807 execution_us=45226 reason=tracking_pose_accepted
x=0.849997 y=2.44992 yaw=1.71599 score=0.951803 valid=1 mode=tracking state=TRACKING evaluated=807 execution_us=45339 reason=tracking_pose_accepted
x=0.849997 y=2.44992 yaw=1.59288 score=0.951583 valid=1 mode=tracking state=TRACKING evaluated=807 execution_us=45136 reason=tracking_pose_accepted
x=0.849997 y=2.49992 yaw=1.57449 score=0.96249 valid=1 mode=tracking state=TRACKING evaluated=807 execution_us=45409 reason=tracking_pose_accepted
x=0.849997 y=2.49992 yaw=1.57356 score=0.965793 valid=1 mode=tracking state=TRACKING evaluated=807 execution_us=46021 reason=tracking_pose_accepted
x=0.849997 y=2.49992 yaw=1.57263 score=0.961996 valid=1 mode=tracking state=TRACKING evaluated=807 execution_us=44937 reason=tracking_pose_accepted
x=0.849997 y=2.44992 yaw=1.48443 score=0.95352 valid=1 mode=tracking state=TRACKING evaluated=807 execution_us=45246 reason=tracking_pose_accepted
x=0.849997 y=2.44992 yaw=1.34387 score=0.960683 valid=1 mode=tracking state=TRACKING evaluated=807 execution_us=44913 reason=tracking_pose_accepted
x=0.849997 y=2.44992 yaw=1.18585 score=0.934644 valid=1 mode=tracking state=TRACKING evaluated=807 execution_us=45156 reason=tracking_pose_accepted
x=0.849997 y=2.44992 yaw=1.0802 score=0.952169 valid=1 mode=tracking state=TRACKING evaluated=807 execution_us=45424 reason=tracking_pose_accepted
x=0.849997 y=2.44992 yaw=1.06181 score=0.956384 valid=1 mode=tracking state=TRACKING evaluated=807 execution_us=45243 reason=tracking_pose_accepted
x=0.849997 y=2.44992 yaw=0.956157 score=0.927446 valid=1 mode=tracking state=TRACKING evaluated=807 execution_us=45743 reason=tracking_pose_accepted
x=0.849997 y=2.44992 yaw=0.710877 score=0.943188 valid=1 mode=tracking state=TRACKING evaluated=807 execution_us=45092 reason=tracking_pose_accepted
x=0.849997 y=2.49992 yaw=0.570316 score=0.953234 valid=1 mode=tracking state=TRACKING evaluated=807 execution_us=45432 reason=tracking_pose_accepted
x=0.849997 y=2.49992 yaw=0.517022 score=0.957086 valid=1 mode=tracking state=TRACKING evaluated=807 execution_us=45794 reason=tracking_pose_accepted
x=0.849997 y=2.49992 yaw=0.498635 score=0.962312 valid=1 mode=tracking state=TRACKING evaluated=807 execution_us=45186 reason=tracking_pose_accepted
x=0.849997 y=2.49992 yaw=0.392981 score=0.960764 valid=1 mode=tracking state=TRACKING evaluated=807 execution_us=45214 reason=tracking_pose_accepted
x=0.849997 y=2.49992 yaw=0.322234 score=0.956189 valid=1 mode=tracking state=TRACKING evaluated=807 execution_us=45179 reason=tracking_pose_accepted
x=0.849997 y=2.49992 yaw=0.286393 score=0.95377 valid=1 mode=tracking state=TRACKING evaluated=807 execution_us=45578 reason=tracking_pose_accepted
x=0.849997 y=2.49992 yaw=0.268005 score=0.959992 valid=1 mode=tracking state=TRACKING evaluated=807 execution_us=45393 reason=tracking_pose_accepted
x=0.849997 y=2.49992 yaw=0.267071 score=0.951395 valid=1 mode=tracking state=TRACKING evaluated=807 execution_us=45590 reason=tracking_pose_accepted
x=0.849998 y=2.49992 yaw=0.266137 score=0.957667 valid=1 mode=tracking state=TRACKING evaluated=807 execution_us=45358 reason=tracking_pose_accepted
x=0.849998 y=2.49992 yaw=0.282656 score=0.963865 valid=1 mode=tracking state=TRACKING evaluated=807 execution_us=45974 reason=tracking_pose_accepted
x=0.849998 y=2.49992 yaw=0.281722 score=0.969972 valid=1 mode=tracking state=TRACKING evaluated=807 execution_us=45585 reason=tracking_pose_accepted
x=0.849998 y=2.49992 yaw=0.280788 score=0.973106 valid=1 mode=tracking state=TRACKING evaluated=807 execution_us=45262 reason=tracking_pose_accepted
x=0.849998 y=2.49992 yaw=0.279854 score=0.971424 valid=1 mode=tracking state=TRACKING evaluated=807 execution_us=45487 reason=tracking_pose_accepted
x=0.849998 y=2.49992 yaw=0.27892 score=0.971846 valid=1 mode=tracking state=TRACKING evaluated=807 execution_us=45428 reason=tracking_pose_accepted
x=0.849998 y=2.49992 yaw=0.243079 score=0.952668 valid=1 mode=tracking state=TRACKING evaluated=807 execution_us=45658 reason=tracking_pose_accepted
x=0.849998 y=2.49992 yaw=0.277051 score=0.967358 valid=1 mode=tracking state=TRACKING evaluated=807 execution_us=46091 reason=tracking_pose_accepted
x=0.849998 y=2.49992 yaw=0.241211 score=0.943503 valid=1 mode=tracking state=TRACKING evaluated=807 execution_us=45005 reason=tracking_pose_accepted
x=0.849998 y=2.49992 yaw=0.275183 score=0.967855 valid=1 mode=tracking state=TRACKING evaluated=807 execution_us=45715 reason=tracking_pose_accepted
x=0.849998 y=2.49992 yaw=0.239342 score=0.950546 valid=1 mode=tracking state=TRACKING evaluated=807 execution_us=45188 reason=tracking_pose_accepted
x=0.849998 y=2.49992 yaw=0.273315 score=0.969115 valid=1 mode=tracking state=TRACKING evaluated=807 execution_us=45094 reason=tracking_pose_accepted
x=0.849998 y=2.49992 yaw=0.237474 score=0.949722 valid=1 mode=tracking state=TRACKING evaluated=807 execution_us=45272 reason=tracking_pose_accepted
x=0.849998 y=2.49992 yaw=0.271447 score=0.968893 valid=1 mode=tracking state=TRACKING evaluated=807 execution_us=44999 reason=tracking_pose_accepted
x=0.849998 y=2.49992 yaw=0.270512 score=0.969638 valid=1 mode=tracking state=TRACKING evaluated=807 execution_us=45436 reason=tracking_pose_accepted
x=0.849998 y=2.49992 yaw=0.234672 score=0.943757 valid=1 mode=tracking state=TRACKING evaluated=807 execution_us=45364 reason=tracking_pose_accepted
x=0.849998 y=2.49992 yaw=0.286097 score=0.96895 valid=1 mode=tracking state=TRACKING evaluated=807 execution_us=45532 reason=tracking_pose_accepted
x=0.849998 y=2.49992 yaw=0.285163 score=0.966202 valid=1 mode=tracking state=TRACKING evaluated=807 execution_us=45407 reason=tracking_pose_accepted
x=0.849998 y=2.49992 yaw=0.284229 score=0.964379 valid=1 mode=tracking state=TRACKING evaluated=807 execution_us=44729 reason=tracking_pose_accepted
x=0.849998 y=2.49992 yaw=0.248388 score=0.952595 valid=1 mode=tracking state=TRACKING evaluated=807 execution_us=45019 reason=tracking_pose_accepted
x=0.849998 y=2.49992 yaw=0.282361 score=0.96882 valid=1 mode=tracking state=TRACKING evaluated=807 execution_us=45545 reason=tracking_pose_accepted
x=0.849998 y=2.49992 yaw=0.211614 score=0.952676 valid=1 mode=tracking state=TRACKING evaluated=807 execution_us=44640 reason=tracking_pose_accepted
x=0.849998 y=2.49992 yaw=0.00123991 score=0.963978 valid=1 mode=tracking state=TRACKING evaluated=807 execution_us=45335 reason=tracking_pose_accepted
x=0.849998 y=2.49992 yaw=0.000305749 score=0.96411 valid=1 mode=tracking state=TRACKING evaluated=807 execution_us=45480 reason=tracking_pose_accepted
x=0.849998 y=2.44992 yaw=-0.105348 score=0.9505 valid=1 mode=tracking state=TRACKING evaluated=807 execution_us=44714 reason=tracking_pose_accepted
x=0.849998 y=2.44992 yaw=-0.158642 score=0.959351 valid=1 mode=tracking state=TRACKING evaluated=807 execution_us=44844 reason=tracking_pose_accepted
x=0.849998 y=2.44992 yaw=-0.211936 score=0.953403 valid=1 mode=tracking state=TRACKING evaluated=807 execution_us=45023 reason=tracking_pose_accepted
x=0.849998 y=2.44992 yaw=-0.335043 score=0.961186 valid=1 mode=tracking state=TRACKING evaluated=807 execution_us=44686 reason=tracking_pose_accepted
x=0.849998 y=2.49992 yaw=-0.440697 score=0.956608 valid=1 mode=tracking state=TRACKING evaluated=807 execution_us=46096 reason=tracking_pose_accepted
x=0.849998 y=2.44992 yaw=-0.476538 score=0.962542 valid=1 mode=tracking state=TRACKING evaluated=807 execution_us=45088 reason=tracking_pose_accepted
x=0.849998 y=2.44992 yaw=-0.477472 score=0.957506 valid=1 mode=tracking state=TRACKING evaluated=807 execution_us=44998 reason=tracking_pose_accepted
x=0.849998 y=2.49992 yaw=-0.49586 score=0.962735 valid=1 mode=tracking state=TRACKING evaluated=807 execution_us=45575 reason=tracking_pose_accepted
x=0.849998 y=2.49992 yaw=-0.496794 score=0.968749 valid=1 mode=tracking state=TRACKING evaluated=807 execution_us=45329 reason=tracking_pose_accepted
x=0.849998 y=2.49992 yaw=-0.497728 score=0.968832 valid=1 mode=tracking state=TRACKING evaluated=807 execution_us=45113 reason=tracking_pose_accepted
x=0.849998 y=2.49991 yaw=-0.498662 score=0.968018 valid=1 mode=tracking state=TRACKING evaluated=807 execution_us=45424 reason=tracking_pose_accepted
x=0.849998 y=2.49991 yaw=-0.499596 score=0.96577 valid=1 mode=tracking state=TRACKING evaluated=807 execution_us=45483 reason=tracking_pose_accepted
x=0.849998 y=2.49991 yaw=-0.50053 score=0.962443 valid=1 mode=tracking state=TRACKING evaluated=807 execution_us=45424 reason=tracking_pose_accepted
x=0.849998 y=2.49991 yaw=-0.518918 score=0.95282 valid=1 mode=tracking state=TRACKING evaluated=807 execution_us=45431 reason=tracking_pose_accepted
x=0.849998 y=2.49991 yaw=-0.572212 score=0.939553 valid=1 mode=tracking state=TRACKING evaluated=807 execution_us=45025 reason=tracking_pose_accepted
x=0.849998 y=2.49991 yaw=-0.869852 score=0.868117 valid=0 mode=tracking state=DEGRADED evaluated=807 execution_us=45447 reason=tracking_score_below_threshold
x=0.899998 y=2.44991 yaw=-1.16656 score=0.828245 valid=0 mode=tracking state=DEGRADED evaluated=807 execution_us=45159 reason=tracking_score_below_threshold
x=0.899998 y=2.44991 yaw=-1.16656 score=0.741032 valid=0 mode=tracking state=LOST evaluated=807 execution_us=44555 reason=rejection_limit_reached
x=0.85 y=2.5 yaw=-1.37445 score=0.972672 valid=1 mode=global state=RECOVERED evaluated=15444 execution_us=864559 reason=global_relocalization_accepted
x=0.85 y=2.5 yaw=-1.35793 score=0.968801 valid=1 mode=tracking state=RECOVERED evaluated=807 execution_us=47522 reason=recovery_confirmation_pending
x=0.85 y=2.5 yaw=-1.35886 score=0.966871 valid=1 mode=tracking state=RECOVERED evaluated=807 execution_us=46344 reason=recovery_confirmation_pending
x=0.85 y=2.5 yaw=-1.3598 score=0.970415 valid=1 mode=tracking state=TRACKING evaluated=807 execution_us=46312 reason=recovery_confirmed
x=0.85 y=2.5 yaw=-1.36073 score=0.97003 valid=1 mode=tracking state=TRACKING evaluated=807 execution_us=45060 reason=tracking_pose_accepted
x=0.85 y=2.5 yaw=-1.36166 score=0.971569 valid=1 mode=tracking state=TRACKING evaluated=807 execution_us=44836 reason=tracking_pose_accepted
x=0.85 y=2.5 yaw=-1.3626 score=0.969857 valid=1 mode=tracking state=TRACKING evaluated=807 execution_us=45942 reason=tracking_pose_accepted
x=0.85 y=2.5 yaw=-1.36353 score=0.966258 valid=1 mode=tracking state=TRACKING evaluated=807 execution_us=44936 reason=tracking_pose_accepted
x=0.85 y=2.5 yaw=-1.36447 score=0.968546 valid=1 mode=tracking state=TRACKING evaluated=807 execution_us=44888 reason=tracking_pose_accepted
x=0.85 y=2.5 yaw=-1.3654 score=0.967637 valid=1 mode=tracking state=TRACKING evaluated=807 execution_us=45870 reason=tracking_pose_accepted
x=0.85 y=2.5 yaw=-1.36634 score=0.969198 valid=1 mode=tracking state=TRACKING evaluated=807 execution_us=45077 reason=tracking_pose_accepted
x=0.85 y=2.5 yaw=-1.36727 score=0.96779 valid=1 mode=tracking state=TRACKING evaluated=807 execution_us=44806 reason=tracking_pose_accepted
x=0.85 y=2.5 yaw=-1.3682 score=0.966941 valid=1 mode=tracking state=TRACKING evaluated=807 execution_us=45474 reason=tracking_pose_accepted
x=0.85 y=2.5 yaw=-1.35168 score=0.969989 valid=1 mode=tracking state=TRACKING evaluated=807 execution_us=44692 reason=tracking_pose_accepted
x=0.85 y=2.5 yaw=-1.35262 score=0.971127 valid=1 mode=tracking state=TRACKING evaluated=807 execution_us=45183 reason=tracking_pose_accepted
x=0.85 y=2.5 yaw=-1.35355 score=0.968161 valid=1 mode=tracking state=TRACKING evaluated=807 execution_us=45413 reason=tracking_pose_accepted
x=0.85 y=2.5 yaw=-1.35449 score=0.967597 valid=1 mode=tracking state=TRACKING evaluated=807 execution_us=45393 reason=tracking_pose_accepted
x=0.85 y=2.5 yaw=-1.35542 score=0.967504 valid=1 mode=tracking state=TRACKING evaluated=807 execution_us=45343 reason=tracking_pose_accepted
x=0.85 y=2.5 yaw=-1.35635 score=0.969921 valid=1 mode=tracking state=TRACKING evaluated=807 execution_us=44872 reason=tracking_pose_accepted
x=0.85 y=2.5 yaw=-1.35729 score=0.969349 valid=1 mode=tracking state=TRACKING evaluated=807 execution_us=45227 reason=tracking_pose_accepted
x=0.85 y=2.5 yaw=-1.35822 score=0.965533 valid=1 mode=tracking state=TRACKING evaluated=807 execution_us=45312 reason=tracking_pose_accepted
x=0.85 y=2.5 yaw=-1.35916 score=0.969396 valid=1 mode=tracking state=TRACKING evaluated=807 execution_us=45624 reason=tracking_pose_accepted
x=0.85 y=2.5 yaw=-1.36009 score=0.969847 valid=1 mode=tracking state=TRACKING evaluated=807 execution_us=45723 reason=tracking_pose_accepted
x=0.85 y=2.5 yaw=-1.36103 score=0.970573 valid=1 mode=tracking state=TRACKING evaluated=807 execution_us=45556 reason=tracking_pose_accepted
x=0.85 y=2.5 yaw=-1.36196 score=0.969833 valid=1 mode=tracking state=TRACKING evaluated=807 execution_us=45160 reason=tracking_pose_accepted
x=0.85 y=2.5 yaw=-1.36289 score=0.970731 valid=1 mode=tracking state=TRACKING evaluated=807 execution_us=45559 reason=tracking_pose_accepted
x=0.85 y=2.5 yaw=-1.36383 score=0.970532 valid=1 mode=tracking state=TRACKING evaluated=807 execution_us=45370 reason=tracking_pose_accepted
x=0.85 y=2.5 yaw=-1.36476 score=0.968038 valid=1 mode=tracking state=TRACKING evaluated=807 execution_us=45326 reason=tracking_pose_accepted
x=0.85 y=2.5 yaw=-1.3657 score=0.967385 valid=1 mode=tracking state=TRACKING evaluated=807 execution_us=45472 reason=tracking_pose_accepted
x=0.85 y=2.5 yaw=-1.36663 score=0.968424 valid=1 mode=tracking state=TRACKING evaluated=807 execution_us=45484 reason=tracking_pose_accepted
x=0.85 y=2.5 yaw=-1.36756 score=0.96822 valid=1 mode=tracking state=TRACKING evaluated=807 execution_us=45495 reason=tracking_pose_accepted
x=0.85 y=2.5 yaw=-1.3685 score=0.969398 valid=1 mode=tracking state=TRACKING evaluated=807 execution_us=45662 reason=tracking_pose_accepted
x=0.85 y=2.5 yaw=-1.35198 score=0.96683 valid=1 mode=tracking state=TRACKING evaluated=807 execution_us=45148 reason=tracking_pose_accepted
x=0.85 y=2.5 yaw=-1.37037 score=0.966575 valid=1 mode=tracking state=TRACKING evaluated=807 execution_us=46491 reason=tracking_pose_accepted
x=0.85 y=2.5 yaw=-1.35385 score=0.969489 valid=1 mode=tracking state=TRACKING evaluated=807 execution_us=45472 reason=tracking_pose_accepted
x=0.85 y=2.5 yaw=-1.35478 score=0.972651 valid=1 mode=tracking state=TRACKING evaluated=807 execution_us=45341 reason=tracking_pose_accepted
x=0.85 y=2.5 yaw=-1.35572 score=0.968313 valid=1 mode=tracking state=TRACKING evaluated=807 execution_us=45732 reason=tracking_pose_accepted
x=0.85 y=2.5 yaw=-1.35665 score=0.967034 valid=1 mode=tracking state=TRACKING evaluated=807 execution_us=44783 reason=tracking_pose_accepted
x=0.85 y=2.5 yaw=-1.35758 score=0.965973 valid=1 mode=tracking state=TRACKING evaluated=807 execution_us=45277 reason=tracking_pose_accepted
x=0.85 y=2.5 yaw=-1.35852 score=0.967508 valid=1 mode=tracking state=TRACKING evaluated=807 execution_us=44965 reason=tracking_pose_accepted
x=0.85 y=2.5 yaw=-1.35945 score=0.970456 valid=1 mode=tracking state=TRACKING evaluated=807 execution_us=45235 reason=tracking_pose_accepted
x=0.85 y=2.5 yaw=-1.36039 score=0.967215 valid=1 mode=tracking state=TRACKING evaluated=807 execution_us=45219 reason=tracking_pose_accepted
x=0.85 y=2.5 yaw=-1.36132 score=0.970074 valid=1 mode=tracking state=TRACKING evaluated=807 execution_us=45208 reason=tracking_pose_accepted
x=0.85 y=2.5 yaw=-1.36225 score=0.969109 valid=1 mode=tracking state=TRACKING evaluated=807 execution_us=46136 reason=tracking_pose_accepted
x=0.85 y=2.5 yaw=-1.36319 score=0.969935 valid=1 mode=tracking state=TRACKING evaluated=807 execution_us=45429 reason=tracking_pose_accepted
x=0.85 y=2.5 yaw=-1.36412 score=0.969465 valid=1 mode=tracking state=TRACKING evaluated=807 execution_us=44786 reason=tracking_pose_accepted
x=0.85 y=2.5 yaw=-1.36506 score=0.969928 valid=1 mode=tracking state=TRACKING evaluated=807 execution_us=45169 reason=tracking_pose_accepted
x=0.85 y=2.5 yaw=-1.36599 score=0.969476 valid=1 mode=tracking state=TRACKING evaluated=807 execution_us=45260 reason=tracking_pose_accepted
x=0.85 y=2.5 yaw=-1.36693 score=0.968486 valid=1 mode=tracking state=TRACKING evaluated=807 execution_us=45361 reason=tracking_pose_accepted
x=0.85 y=2.5 yaw=-1.36786 score=0.967559 valid=1 mode=tracking state=TRACKING evaluated=807 execution_us=45457 reason=tracking_pose_accepted
x=0.85 y=2.5 yaw=-1.35134 score=0.967545 valid=1 mode=tracking state=TRACKING evaluated=807 execution_us=45036 reason=tracking_pose_accepted
x=0.85 y=2.5 yaw=-1.35227 score=0.96941 valid=1 mode=tracking state=TRACKING evaluated=807 execution_us=45296 reason=tracking_pose_accepted
x=0.85 y=2.5 yaw=-1.35321 score=0.968079 valid=1 mode=tracking state=TRACKING evaluated=807 execution_us=45623 reason=tracking_pose_accepted
x=0.85 y=2.5 yaw=-1.35414 score=0.967317 valid=1 mode=tracking state=TRACKING evaluated=807 execution_us=45124 reason=tracking_pose_accepted
x=0.85 y=2.5 yaw=-1.37253 score=0.963659 valid=1 mode=tracking state=TRACKING evaluated=807 execution_us=45965 reason=tracking_pose_accepted
x=0.85 y=2.5 yaw=-1.35601 score=0.968042 valid=1 mode=tracking state=TRACKING evaluated=807 execution_us=44996 reason=tracking_pose_accepted
x=0.85 y=2.5 yaw=-1.35695 score=0.971821 valid=1 mode=tracking state=TRACKING evaluated=807 execution_us=46110 reason=tracking_pose_accepted
x=0.85 y=2.5 yaw=-1.35788 score=0.96562 valid=1 mode=tracking state=TRACKING evaluated=807 execution_us=44748 reason=tracking_pose_accepted
x=0.85 y=2.5 yaw=-1.35881 score=0.968497 valid=1 mode=tracking state=TRACKING evaluated=807 execution_us=45780 reason=tracking_pose_accepted
x=0.85 y=2.5 yaw=-1.35975 score=0.969748 valid=1 mode=tracking state=TRACKING evaluated=807 execution_us=45291 reason=tracking_pose_accepted
x=0.85 y=2.5 yaw=-1.36068 score=0.969941 valid=1 mode=tracking state=TRACKING evaluated=807 execution_us=44884 reason=tracking_pose_accepted
x=0.85 y=2.5 yaw=-1.36162 score=0.969118 valid=1 mode=tracking state=TRACKING evaluated=807 execution_us=45182 reason=tracking_pose_accepted
x=0.85 y=2.5 yaw=-1.36255 score=0.970573 valid=1 mode=tracking state=TRACKING evaluated=807 execution_us=45698 reason=tracking_pose_accepted
x=0.85 y=2.5 yaw=-1.36348 score=0.968526 valid=1 mode=tracking state=TRACKING evaluated=807 execution_us=45916 reason=tracking_pose_accepted
x=0.85 y=2.5 yaw=-1.36442 score=0.969442 valid=1 mode=tracking state=TRACKING evaluated=807 execution_us=45334 reason=tracking_pose_accepted
x=0.85 y=2.5 yaw=-1.36535 score=0.967242 valid=1 mode=tracking state=TRACKING evaluated=807 execution_us=45432 reason=tracking_pose_accepted
x=0.85 y=2.5 yaw=-1.36629 score=0.968121 valid=1 mode=tracking state=TRACKING evaluated=807 execution_us=45748 reason=tracking_pose_accepted
x=0.85 y=2.5 yaw=-1.36722 score=0.966733 valid=1 mode=tracking state=TRACKING evaluated=807 execution_us=45016 reason=tracking_pose_accepted
x=0.85 y=2.5 yaw=-1.36815 score=0.963034 valid=1 mode=tracking state=TRACKING evaluated=807 execution_us=45353 reason=tracking_pose_accepted
x=0.85 y=2.5 yaw=-1.36909 score=0.968077 valid=1 mode=tracking state=TRACKING evaluated=807 execution_us=45320 reason=tracking_pose_accepted
x=0.85 y=2.5 yaw=-1.37002 score=0.966752 valid=1 mode=tracking state=TRACKING evaluated=807 execution_us=45698 reason=tracking_pose_accepted
x=0.85 y=2.5 yaw=-1.38841 score=0.958173 valid=1 mode=tracking state=TRACKING evaluated=807 execution_us=45696 reason=tracking_pose_accepted
x=0.85 y=2.5 yaw=-1.47661 score=0.937133 valid=1 mode=tracking state=TRACKING evaluated=807 execution_us=45115 reason=tracking_pose_accepted
x=0.85 y=2.45 yaw=-1.51245 score=0.9625 valid=1 mode=tracking state=TRACKING evaluated=807 execution_us=45265 reason=tracking_pose_accepted
x=0.85 y=2.45 yaw=-1.49593 score=0.945169 valid=1 mode=tracking state=TRACKING evaluated=807 execution_us=45974 reason=tracking_pose_accepted
x=0.85 y=2.5 yaw=-1.6714 score=0.94902 valid=1 mode=tracking state=TRACKING evaluated=807 execution_us=46075 reason=tracking_pose_accepted
x=0.85 y=2.45 yaw=-1.72469 score=0.955194 valid=1 mode=tracking state=TRACKING evaluated=807 execution_us=45605 reason=tracking_pose_accepted
x=0.85 y=2.45 yaw=-1.72563 score=0.969135 valid=1 mode=tracking state=TRACKING evaluated=807 execution_us=45542 reason=tracking_pose_accepted
x=0.85 y=2.45 yaw=-1.74401 score=0.936259 valid=1 mode=tracking state=TRACKING evaluated=807 execution_us=45051 reason=tracking_pose_accepted
x=0.85 y=2.45 yaw=-1.84967 score=0.966793 valid=1 mode=tracking state=TRACKING evaluated=807 execution_us=45719 reason=tracking_pose_accepted
x=0.85 y=2.45 yaw=-1.8506 score=0.969434 valid=1 mode=tracking state=TRACKING evaluated=807 execution_us=45618 reason=tracking_pose_accepted
x=0.85 y=2.45 yaw=-1.83408 score=0.975696 valid=1 mode=tracking state=TRACKING evaluated=807 execution_us=45490 reason=tracking_pose_accepted
x=0.85 y=2.45 yaw=-1.83502 score=0.972205 valid=1 mode=tracking state=TRACKING evaluated=807 execution_us=45657 reason=tracking_pose_accepted
x=0.85 y=2.5 yaw=-1.8534 score=0.966581 valid=1 mode=tracking state=TRACKING evaluated=807 execution_us=45504 reason=tracking_pose_accepted
x=0.85 y=2.5 yaw=-1.83688 score=0.976349 valid=1 mode=tracking state=TRACKING evaluated=807 execution_us=45293 reason=tracking_pose_accepted
x=0.85 y=2.5 yaw=-1.83782 score=0.97473 valid=1 mode=tracking state=TRACKING evaluated=807 execution_us=45599 reason=tracking_pose_accepted
x=0.85 y=2.5 yaw=-1.83875 score=0.967147 valid=1 mode=tracking state=TRACKING evaluated=807 execution_us=44833 reason=tracking_pose_accepted
x=0.85 y=2.45 yaw=-1.83969 score=0.967136 valid=1 mode=tracking state=TRACKING evaluated=807 execution_us=44881 reason=tracking_pose_accepted
x=0.85 y=2.45 yaw=-1.84062 score=0.968262 valid=1 mode=tracking state=TRACKING evaluated=807 execution_us=45189 reason=tracking_pose_accepted
x=0.85 y=2.45 yaw=-1.84155 score=0.965938 valid=1 mode=tracking state=TRACKING evaluated=807 execution_us=45143 reason=tracking_pose_accepted
x=0.85 y=2.5 yaw=-1.85994 score=0.967324 valid=1 mode=tracking state=TRACKING evaluated=807 execution_us=45463 reason=tracking_pose_accepted
x=0.85 y=2.5 yaw=-1.84342 score=0.972722 valid=1 mode=tracking state=TRACKING evaluated=807 execution_us=44875 reason=tracking_pose_accepted
x=0.85 y=2.5 yaw=-1.84435 score=0.972131 valid=1 mode=tracking state=TRACKING evaluated=807 execution_us=45032 reason=tracking_pose_accepted
x=0.85 y=2.5 yaw=-1.84529 score=0.968527 valid=1 mode=tracking state=TRACKING evaluated=807 execution_us=45327 reason=tracking_pose_accepted
x=0.85 y=2.45 yaw=-1.82877 score=0.963263 valid=1 mode=tracking state=TRACKING evaluated=807 execution_us=45257 reason=tracking_pose_accepted
x=0.85 y=2.45 yaw=-1.8297 score=0.969501 valid=1 mode=tracking state=TRACKING evaluated=807 execution_us=45548 reason=tracking_pose_accepted
x=0.85 y=2.45 yaw=-1.84809 score=0.961724 valid=1 mode=tracking state=TRACKING evaluated=807 execution_us=45719 reason=tracking_pose_accepted
x=0.85 y=2.5 yaw=-1.84902 score=0.964493 valid=1 mode=tracking state=TRACKING evaluated=807 execution_us=45491 reason=tracking_pose_accepted
x=0.85 y=2.5 yaw=-1.84996 score=0.969119 valid=1 mode=tracking state=TRACKING evaluated=807 execution_us=45397 reason=tracking_pose_accepted
x=0.85 y=2.5 yaw=-1.85089 score=0.971019 valid=1 mode=tracking state=TRACKING evaluated=807 execution_us=45826 reason=tracking_pose_accepted
x=0.85 y=2.5 yaw=-1.85183 score=0.967293 valid=1 mode=tracking state=TRACKING evaluated=807 execution_us=45528 reason=tracking_pose_accepted
x=0.85 y=2.45 yaw=-1.83531 score=0.965575 valid=1 mode=tracking state=TRACKING evaluated=807 execution_us=45936 reason=tracking_pose_accepted
x=0.85 y=2.45 yaw=-1.83624 score=0.966657 valid=1 mode=tracking state=TRACKING evaluated=807 execution_us=45440 reason=tracking_pose_accepted
x=0.85 y=2.45 yaw=-1.83717 score=0.961504 valid=1 mode=tracking state=TRACKING evaluated=807 execution_us=45455 reason=tracking_pose_accepted
x=0.85 y=2.5 yaw=-1.83811 score=0.964076 valid=1 mode=tracking state=TRACKING evaluated=807 execution_us=45467 reason=tracking_pose_accepted
x=0.85 y=2.5 yaw=-1.83904 score=0.967151 valid=1 mode=tracking state=TRACKING evaluated=807 execution_us=45505 reason=tracking_pose_accepted
x=0.85 y=2.5 yaw=-1.85743 score=0.967863 valid=1 mode=tracking state=TRACKING evaluated=807 execution_us=46133 reason=tracking_pose_accepted
x=0.85 y=2.5 yaw=-1.84091 score=0.967429 valid=1 mode=tracking state=TRACKING evaluated=807 execution_us=45666 reason=tracking_pose_accepted
x=0.85 y=2.5 yaw=-1.8593 score=0.96201 valid=1 mode=tracking state=TRACKING evaluated=807 execution_us=45200 reason=tracking_pose_accepted
x=0.85 y=2.45 yaw=-1.84278 score=0.962078 valid=1 mode=tracking state=TRACKING evaluated=807 execution_us=45977 reason=tracking_pose_accepted
x=0.85 y=2.49999 yaw=-1.84371 score=0.961372 valid=1 mode=tracking state=TRACKING evaluated=807 execution_us=45337 reason=tracking_pose_accepted
x=0.85 y=2.49999 yaw=-1.84464 score=0.964381 valid=1 mode=tracking state=TRACKING evaluated=807 execution_us=45331 reason=tracking_pose_accepted
x=0.85 y=2.49999 yaw=-1.84558 score=0.966844 valid=1 mode=tracking state=TRACKING evaluated=807 execution_us=45502 reason=tracking_pose_accepted
x=0.85 y=2.49999 yaw=-1.84651 score=0.967931 valid=1 mode=tracking state=TRACKING evaluated=807 execution_us=45009 reason=tracking_pose_accepted
x=0.85 y=2.49999 yaw=-1.84745 score=0.964847 valid=1 mode=tracking state=TRACKING evaluated=807 execution_us=45514 reason=tracking_pose_accepted
x=0.85 y=2.49999 yaw=-1.84838 score=0.961416 valid=1 mode=tracking state=TRACKING evaluated=807 execution_us=45431 reason=tracking_pose_accepted
x=0.85 y=2.44999 yaw=-1.83186 score=0.965237 valid=1 mode=tracking state=TRACKING evaluated=807 execution_us=45027 reason=tracking_pose_accepted
x=0.85 y=2.44999 yaw=-1.83279 score=0.970265 valid=1 mode=tracking state=TRACKING evaluated=807 execution_us=45939 reason=tracking_pose_accepted
x=0.85 y=2.44999 yaw=-1.83373 score=0.969438 valid=1 mode=tracking state=TRACKING evaluated=807 execution_us=45301 reason=tracking_pose_accepted
x=0.85 y=2.44999 yaw=-1.83466 score=0.966281 valid=1 mode=tracking state=TRACKING evaluated=807 execution_us=45452 reason=tracking_pose_accepted
x=0.85 y=2.49999 yaw=-1.85305 score=0.96107 valid=1 mode=tracking state=TRACKING evaluated=807 execution_us=45344 reason=tracking_pose_accepted
x=0.85 y=2.49999 yaw=-1.85398 score=0.963487 valid=1 mode=tracking state=TRACKING evaluated=807 execution_us=44988 reason=tracking_pose_accepted
x=0.85 y=2.49999 yaw=-1.88982 score=0.950269 valid=1 mode=tracking state=TRACKING evaluated=807 execution_us=45155 reason=tracking_pose_accepted
x=0.85 y=2.44999 yaw=-1.97802 score=0.958656 valid=1 mode=tracking state=TRACKING evaluated=807 execution_us=45437 reason=tracking_pose_accepted
x=0.85 y=2.44999 yaw=-1.97896 score=0.977862 valid=1 mode=tracking state=TRACKING evaluated=807 execution_us=45576 reason=tracking_pose_accepted
x=0.85 y=2.44999 yaw=-1.97989 score=0.980181 valid=1 mode=tracking state=TRACKING evaluated=807 execution_us=46188 reason=tracking_pose_accepted
x=0.85 y=2.44999 yaw=-1.99828 score=0.967164 valid=1 mode=tracking state=TRACKING evaluated=807 execution_us=45169 reason=tracking_pose_accepted
x=0.85 y=2.49999 yaw=-1.99921 score=0.964992 valid=1 mode=tracking state=TRACKING evaluated=807 execution_us=45302 reason=tracking_pose_accepted
x=0.85 y=2.49999 yaw=-2.00015 score=0.97262 valid=1 mode=tracking state=TRACKING evaluated=807 execution_us=45837 reason=tracking_pose_accepted
x=0.85 y=2.49999 yaw=-2.00108 score=0.971939 valid=1 mode=tracking state=TRACKING evaluated=807 execution_us=45211 reason=tracking_pose_accepted
x=0.85 y=2.44999 yaw=-1.98456 score=0.964746 valid=1 mode=tracking state=TRACKING evaluated=807 execution_us=45366 reason=tracking_pose_accepted
x=0.85 y=2.44999 yaw=-1.98549 score=0.972417 valid=1 mode=tracking state=TRACKING evaluated=807 execution_us=45441 reason=tracking_pose_accepted
x=0.85 y=2.44999 yaw=-1.98643 score=0.976501 valid=1 mode=tracking state=TRACKING evaluated=807 execution_us=44716 reason=tracking_pose_accepted
x=0.85 y=2.44999 yaw=-1.98736 score=0.972508 valid=1 mode=tracking state=TRACKING evaluated=807 execution_us=45105 reason=tracking_pose_accepted
x=0.85 y=2.44999 yaw=-1.9883 score=0.963667 valid=1 mode=tracking state=TRACKING evaluated=807 execution_us=45049 reason=tracking_pose_accepted
x=0.85 y=2.49999 yaw=-2.00668 score=0.966285 valid=1 mode=tracking state=TRACKING evaluated=807 execution_us=45252 reason=tracking_pose_accepted
x=0.85 y=2.49999 yaw=-1.99016 score=0.971457 valid=1 mode=tracking state=TRACKING evaluated=807 execution_us=45880 reason=tracking_pose_accepted
x=0.85 y=2.49999 yaw=-1.9911 score=0.964392 valid=1 mode=tracking state=TRACKING evaluated=807 execution_us=45362 reason=tracking_pose_accepted
x=0.85 y=2.44999 yaw=-1.97458 score=0.969539 valid=1 mode=tracking state=TRACKING evaluated=807 execution_us=45602 reason=tracking_pose_accepted
x=0.85 y=2.44999 yaw=-1.97551 score=0.975954 valid=1 mode=tracking state=TRACKING evaluated=807 execution_us=45359 reason=tracking_pose_accepted
x=0.85 y=2.44999 yaw=-1.9939 score=0.967675 valid=1 mode=tracking state=TRACKING evaluated=807 execution_us=45736 reason=tracking_pose_accepted
x=0.85 y=2.44999 yaw=-1.99483 score=0.964532 valid=1 mode=tracking state=TRACKING evaluated=807 execution_us=45047 reason=tracking_pose_accepted
x=0.85 y=2.49999 yaw=-1.99577 score=0.967104 valid=1 mode=tracking state=TRACKING evaluated=807 execution_us=45392 reason=tracking_pose_accepted
x=0.85 y=2.49999 yaw=-1.9967 score=0.967713 valid=1 mode=tracking state=TRACKING evaluated=807 execution_us=45530 reason=tracking_pose_accepted
x=0.85 y=2.44999 yaw=-1.98018 score=0.968668 valid=1 mode=tracking state=TRACKING evaluated=807 execution_us=45607 reason=tracking_pose_accepted
x=0.85 y=2.44999 yaw=-1.98112 score=0.97133 valid=1 mode=tracking state=TRACKING evaluated=807 execution_us=45787 reason=tracking_pose_accepted
x=0.85 y=2.44999 yaw=-1.98205 score=0.97261 valid=1 mode=tracking state=TRACKING evaluated=807 execution_us=45065 reason=tracking_pose_accepted
x=0.85 y=2.44999 yaw=-1.98298 score=0.973372 valid=1 mode=tracking state=TRACKING evaluated=807 execution_us=45843 reason=tracking_pose_accepted
x=0.85 y=2.44999 yaw=-1.98392 score=0.968028 valid=1 mode=tracking state=TRACKING evaluated=807 execution_us=45484 reason=tracking_pose_accepted
x=0.85 y=2.49999 yaw=-2.0023 score=0.964614 valid=1 mode=tracking state=TRACKING evaluated=807 execution_us=45343 reason=tracking_pose_accepted
x=0.85 y=2.49999 yaw=-2.00324 score=0.966256 valid=1 mode=tracking state=TRACKING evaluated=807 execution_us=45736 reason=tracking_pose_accepted
x=0.85 y=2.44999 yaw=-1.98672 score=0.965645 valid=1 mode=tracking state=TRACKING evaluated=807 execution_us=45062 reason=tracking_pose_accepted
x=0.85 y=2.44999 yaw=-1.98765 score=0.96875 valid=1 mode=tracking state=TRACKING evaluated=807 execution_us=45178 reason=tracking_pose_accepted
x=0.85 y=2.44999 yaw=-1.98859 score=0.970314 valid=1 mode=tracking state=TRACKING evaluated=807 execution_us=45081 reason=tracking_pose_accepted
x=0.85 y=2.44999 yaw=-1.98952 score=0.967553 valid=1 mode=tracking state=TRACKING evaluated=807 execution_us=45305 reason=tracking_pose_accepted
x=0.85 y=2.44999 yaw=-1.99045 score=0.965818 valid=1 mode=tracking state=TRACKING evaluated=807 execution_us=46096 reason=tracking_pose_accepted
x=0.85 y=2.49999 yaw=-1.99139 score=0.965 valid=1 mode=tracking state=TRACKING evaluated=807 execution_us=45861 reason=tracking_pose_accepted
x=0.85 y=2.49999 yaw=-1.99232 score=0.964073 valid=1 mode=tracking state=TRACKING evaluated=807 execution_us=44746 reason=tracking_pose_accepted
x=0.85 y=2.44999 yaw=-1.99326 score=0.963253 valid=1 mode=tracking state=TRACKING evaluated=807 execution_us=46306 reason=tracking_pose_accepted
x=0.85 y=2.44999 yaw=-1.99419 score=0.964046 valid=1 mode=tracking state=TRACKING evaluated=807 execution_us=45098 reason=tracking_pose_accepted
x=0.85 y=2.44999 yaw=-1.99512 score=0.965707 valid=1 mode=tracking state=TRACKING evaluated=807 execution_us=44963 reason=tracking_pose_accepted
x=0.85 y=2.44999 yaw=-1.9786 score=0.968801 valid=1 mode=tracking state=TRACKING evaluated=807 execution_us=45343 reason=tracking_pose_accepted
x=0.85 y=2.44999 yaw=-1.99699 score=0.961942 valid=1 mode=tracking state=TRACKING evaluated=807 execution_us=45323 reason=tracking_pose_accepted
x=0.85 y=2.49999 yaw=-1.99792 score=0.962958 valid=1 mode=tracking state=TRACKING evaluated=807 execution_us=45648 reason=tracking_pose_accepted
x=0.85 y=2.49999 yaw=-1.99886 score=0.962329 valid=1 mode=tracking state=TRACKING evaluated=807 execution_us=44971 reason=tracking_pose_accepted
x=0.85 y=2.44999 yaw=-1.98234 score=0.964391 valid=1 mode=tracking state=TRACKING evaluated=807 execution_us=45699 reason=tracking_pose_accepted
x=0.85 y=2.44999 yaw=-1.98327 score=0.968821 valid=1 mode=tracking state=TRACKING evaluated=807 execution_us=45302 reason=tracking_pose_accepted
x=0.85 y=2.44999 yaw=-1.98421 score=0.968131 valid=1 mode=tracking state=TRACKING evaluated=807 execution_us=45460 reason=tracking_pose_accepted
x=0.85 y=2.44999 yaw=-1.98514 score=0.970391 valid=1 mode=tracking state=TRACKING evaluated=807 execution_us=45329 reason=tracking_pose_accepted
x=0.85 y=2.44999 yaw=-1.98607 score=0.966631 valid=1 mode=tracking state=TRACKING evaluated=807 execution_us=45744 reason=tracking_pose_accepted
x=0.85 y=2.44999 yaw=-1.98701 score=0.96681 valid=1 mode=tracking state=TRACKING evaluated=807 execution_us=45047 reason=tracking_pose_accepted
x=0.85 y=2.44999 yaw=-1.98794 score=0.965298 valid=1 mode=tracking state=TRACKING evaluated=807 execution_us=45306 reason=tracking_pose_accepted
x=0.85 y=2.44999 yaw=-1.98888 score=0.964624 valid=1 mode=tracking state=TRACKING evaluated=807 execution_us=45139 reason=tracking_pose_accepted
x=0.85 y=2.44999 yaw=-1.98981 score=0.968464 valid=1 mode=tracking state=TRACKING evaluated=807 execution_us=45081 reason=tracking_pose_accepted
x=0.85 y=2.44999 yaw=-1.99074 score=0.968931 valid=1 mode=tracking state=TRACKING evaluated=807 execution_us=45761 reason=tracking_pose_accepted
x=0.85 y=2.44999 yaw=-1.99168 score=0.967937 valid=1 mode=tracking state=TRACKING evaluated=807 execution_us=45306 reason=tracking_pose_accepted
x=0.85 y=2.44999 yaw=-1.99261 score=0.966403 valid=1 mode=tracking state=TRACKING evaluated=807 execution_us=45299 reason=tracking_pose_accepted
x=0.85 y=2.49999 yaw=-1.99355 score=0.962037 valid=1 mode=tracking state=TRACKING evaluated=807 execution_us=45370 reason=tracking_pose_accepted
x=0.85 y=2.49999 yaw=-1.99448 score=0.963746 valid=1 mode=tracking state=TRACKING evaluated=807 execution_us=44969 reason=tracking_pose_accepted
x=0.85 y=2.49999 yaw=-1.99541 score=0.962796 valid=1 mode=tracking state=TRACKING evaluated=807 execution_us=46227 reason=tracking_pose_accepted
x=0.85 y=2.44999 yaw=-1.99635 score=0.964501 valid=1 mode=tracking state=TRACKING evaluated=807 execution_us=45170 reason=tracking_pose_accepted
x=0.85 y=2.44999 yaw=-1.99728 score=0.961815 valid=1 mode=tracking state=TRACKING evaluated=807 execution_us=45660 reason=tracking_pose_accepted
x=0.85 y=2.44999 yaw=-1.99822 score=0.963796 valid=1 mode=tracking state=TRACKING evaluated=807 execution_us=46022 reason=tracking_pose_accepted
x=0.85 y=2.44999 yaw=-1.9817 score=0.960469 valid=1 mode=tracking state=TRACKING evaluated=807 execution_us=45173 reason=tracking_pose_accepted
x=0.85 y=2.44999 yaw=-1.98263 score=0.968077 valid=1 mode=tracking state=TRACKING evaluated=807 execution_us=45201 reason=tracking_pose_accepted
x=0.85 y=2.44999 yaw=-1.98356 score=0.967432 valid=1 mode=tracking state=TRACKING evaluated=807 execution_us=45547 reason=tracking_pose_accepted
x=0.85 y=2.49999 yaw=-2.00195 score=0.960784 valid=1 mode=tracking state=TRACKING evaluated=807 execution_us=45245 reason=tracking_pose_accepted
x=0.85 y=2.49999 yaw=-2.00288 score=0.966753 valid=1 mode=tracking state=TRACKING evaluated=807 execution_us=45157 reason=tracking_pose_accepted
x=0.85 y=2.49999 yaw=-2.00382 score=0.970265 valid=1 mode=tracking state=TRACKING evaluated=807 execution_us=45697 reason=tracking_pose_accepted
x=0.85 y=2.49999 yaw=-2.00475 score=0.965772 valid=1 mode=tracking state=TRACKING evaluated=807 execution_us=45772 reason=tracking_pose_accepted
x=0.85 y=2.44999 yaw=-1.98823 score=0.967253 valid=1 mode=tracking state=TRACKING evaluated=807 execution_us=46111 reason=tracking_pose_accepted
x=0.85 y=2.44999 yaw=-1.98917 score=0.962292 valid=1 mode=tracking state=TRACKING evaluated=807 execution_us=45238 reason=tracking_pose_accepted
x=0.85 y=2.49998 yaw=-1.9901 score=0.962292 valid=1 mode=tracking state=TRACKING evaluated=807 execution_us=45168 reason=tracking_pose_accepted
x=0.85 y=2.49998 yaw=-1.95613 score=0.967303 valid=1 mode=tracking state=TRACKING evaluated=807 execution_us=46029 reason=tracking_pose_accepted
x=0.85 y=2.49998 yaw=-1.93961 score=0.973081 valid=1 mode=tracking state=TRACKING evaluated=807 execution_us=44728 reason=tracking_pose_accepted
x=0.85 y=2.49998 yaw=-1.94054 score=0.974306 valid=1 mode=tracking state=TRACKING evaluated=807 execution_us=45699 reason=tracking_pose_accepted
x=0.85 y=2.49998 yaw=-1.92402 score=0.973565 valid=1 mode=tracking state=TRACKING evaluated=807 execution_us=45380 reason=tracking_pose_accepted
x=0.85 y=2.49998 yaw=-1.92496 score=0.9715 valid=1 mode=tracking state=TRACKING evaluated=807 execution_us=44870 reason=tracking_pose_accepted
x=0.85 y=2.49998 yaw=-1.90844 score=0.972804 valid=1 mode=tracking state=TRACKING evaluated=807 execution_us=45045 reason=tracking_pose_accepted
x=0.85 y=2.49998 yaw=-1.90937 score=0.971498 valid=1 mode=tracking state=TRACKING evaluated=807 execution_us=45384 reason=tracking_pose_accepted
x=0.85 y=2.49998 yaw=-1.9103 score=0.969755 valid=1 mode=tracking state=TRACKING evaluated=807 execution_us=46041 reason=tracking_pose_accepted
x=0.85 y=2.49998 yaw=-1.91124 score=0.972763 valid=1 mode=tracking state=TRACKING evaluated=807 execution_us=45538 reason=tracking_pose_accepted
x=0.85 y=2.49998 yaw=-1.91217 score=0.97261 valid=1 mode=tracking state=TRACKING evaluated=807 execution_us=44961 reason=tracking_pose_accepted
x=0.85 y=2.49998 yaw=-1.91311 score=0.971424 valid=1 mode=tracking state=TRACKING evaluated=807 execution_us=45555 reason=tracking_pose_accepted
x=0.85 y=2.49998 yaw=-1.91404 score=0.967874 valid=1 mode=tracking state=TRACKING evaluated=807 execution_us=45289 reason=tracking_pose_accepted
x=0.85 y=2.49998 yaw=-1.93243 score=0.963297 valid=1 mode=tracking state=TRACKING evaluated=807 execution_us=45635 reason=tracking_pose_accepted
x=0.85 y=2.49998 yaw=-1.91591 score=0.965871 valid=1 mode=tracking state=TRACKING evaluated=807 execution_us=45319 reason=tracking_pose_accepted
x=0.85 y=2.49998 yaw=-1.91684 score=0.971154 valid=1 mode=tracking state=TRACKING evaluated=807 execution_us=45134 reason=tracking_pose_accepted
x=0.85 y=2.49998 yaw=-1.91777 score=0.973025 valid=1 mode=tracking state=TRACKING evaluated=807 execution_us=45307 reason=tracking_pose_accepted
x=0.85 y=2.49998 yaw=-1.91871 score=0.973019 valid=1 mode=tracking state=TRACKING evaluated=807 execution_us=45364 reason=tracking_pose_accepted
x=0.85 y=2.49998 yaw=-1.91964 score=0.96879 valid=1 mode=tracking state=TRACKING evaluated=807 execution_us=45015 reason=tracking_pose_accepted
x=0.85 y=2.49998 yaw=-1.92057 score=0.964992 valid=1 mode=tracking state=TRACKING evaluated=807 execution_us=45323 reason=tracking_pose_accepted
x=0.85 y=2.49998 yaw=-1.92151 score=0.963924 valid=1 mode=tracking state=TRACKING evaluated=807 execution_us=45648 reason=tracking_pose_accepted
x=0.85 y=2.49998 yaw=-1.92244 score=0.966337 valid=1 mode=tracking state=TRACKING evaluated=807 execution_us=45351 reason=tracking_pose_accepted
x=0.85 y=2.49998 yaw=-1.92338 score=0.969992 valid=1 mode=tracking state=TRACKING evaluated=807 execution_us=45112 reason=tracking_pose_accepted
x=0.85 y=2.49998 yaw=-1.92431 score=0.970285 valid=1 mode=tracking state=TRACKING evaluated=807 execution_us=46850 reason=tracking_pose_accepted
x=0.85 y=2.49998 yaw=-1.92524 score=0.970182 valid=1 mode=tracking state=TRACKING evaluated=807 execution_us=45122 reason=tracking_pose_accepted
x=0.85 y=2.49997 yaw=-1.92618 score=0.970033 valid=1 mode=tracking state=TRACKING evaluated=807 execution_us=45182 reason=tracking_pose_accepted
x=0.85 y=2.49997 yaw=-1.92711 score=0.967675 valid=1 mode=tracking state=TRACKING evaluated=807 execution_us=45362 reason=tracking_pose_accepted
x=0.85 y=2.49997 yaw=-1.92804 score=0.96604 valid=1 mode=tracking state=TRACKING evaluated=807 execution_us=45561 reason=tracking_pose_accepted
x=0.85 y=2.49997 yaw=-1.92898 score=0.966712 valid=1 mode=tracking state=TRACKING evaluated=807 execution_us=45714 reason=tracking_pose_accepted
x=0.85 y=2.49997 yaw=-1.91246 score=0.97009 valid=1 mode=tracking state=TRACKING evaluated=807 execution_us=45200 reason=tracking_pose_accepted
x=0.85 y=2.49997 yaw=-1.91339 score=0.972508 valid=1 mode=tracking state=TRACKING evaluated=807 execution_us=45134 reason=tracking_pose_accepted
x=0.85 y=2.49997 yaw=-1.91432 score=0.971194 valid=1 mode=tracking state=TRACKING evaluated=807 execution_us=45474 reason=tracking_pose_accepted
x=0.85 y=2.49997 yaw=-1.91526 score=0.971228 valid=1 mode=tracking state=TRACKING evaluated=807 execution_us=45866 reason=tracking_pose_accepted
x=0.85 y=2.49997 yaw=-1.93365 score=0.966626 valid=1 mode=tracking state=TRACKING evaluated=807 execution_us=45271 reason=tracking_pose_accepted
x=0.85 y=2.49997 yaw=-1.91713 score=0.967259 valid=1 mode=tracking state=TRACKING evaluated=807 execution_us=45325 reason=tracking_pose_accepted
x=0.85 y=2.49997 yaw=-1.91806 score=0.967553 valid=1 mode=tracking state=TRACKING evaluated=807 execution_us=45600 reason=tracking_pose_accepted
x=0.85 y=2.49997 yaw=-1.91899 score=0.969113 valid=1 mode=tracking state=TRACKING evaluated=807 execution_us=45990 reason=tracking_pose_accepted
x=0.85 y=2.49997 yaw=-1.91993 score=0.970135 valid=1 mode=tracking state=TRACKING evaluated=807 execution_us=45134 reason=tracking_pose_accepted
x=0.85 y=2.49997 yaw=-1.92086 score=0.971201 valid=1 mode=tracking state=TRACKING evaluated=807 execution_us=45218 reason=tracking_pose_accepted
x=0.85 y=2.49997 yaw=-1.92179 score=0.969853 valid=1 mode=tracking state=TRACKING evaluated=807 execution_us=44971 reason=tracking_pose_accepted
x=0.85 y=2.49997 yaw=-1.92273 score=0.966325 valid=1 mode=tracking state=TRACKING evaluated=807 execution_us=45181 reason=tracking_pose_accepted
x=0.85 y=2.49997 yaw=-1.92366 score=0.966875 valid=1 mode=tracking state=TRACKING evaluated=807 execution_us=45066 reason=tracking_pose_accepted
x=0.85 y=2.49997 yaw=-1.9246 score=0.968648 valid=1 mode=tracking state=TRACKING evaluated=807 execution_us=45400 reason=tracking_pose_accepted
x=0.85 y=2.49997 yaw=-1.90808 score=0.969628 valid=1 mode=tracking state=TRACKING evaluated=807 execution_us=44994 reason=tracking_pose_accepted
x=0.85 y=2.49997 yaw=-1.90901 score=0.970629 valid=1 mode=tracking state=TRACKING evaluated=807 execution_us=45567 reason=tracking_pose_accepted
x=0.85 y=2.49997 yaw=-1.9274 score=0.969713 valid=1 mode=tracking state=TRACKING evaluated=807 execution_us=44743 reason=tracking_pose_accepted
x=0.85 y=2.49997 yaw=-1.91088 score=0.970131 valid=1 mode=tracking state=TRACKING evaluated=807 execution_us=45215 reason=tracking_pose_accepted
x=0.85 y=2.49997 yaw=-1.92926 score=0.9682 valid=1 mode=tracking state=TRACKING evaluated=807 execution_us=45675 reason=tracking_pose_accepted
x=0.85 y=2.49997 yaw=-1.9302 score=0.966483 valid=1 mode=tracking state=TRACKING evaluated=807 execution_us=44786 reason=tracking_pose_accepted
x=0.85 y=2.49997 yaw=-1.91368 score=0.967408 valid=1 mode=tracking state=TRACKING evaluated=807 execution_us=45222 reason=tracking_pose_accepted
x=0.85 y=2.49997 yaw=-1.91461 score=0.970781 valid=1 mode=tracking state=TRACKING evaluated=807 execution_us=45263 reason=tracking_pose_accepted
x=0.85 y=2.49997 yaw=-1.91555 score=0.970857 valid=1 mode=tracking state=TRACKING evaluated=807 execution_us=45143 reason=tracking_pose_accepted
x=0.85 y=2.49997 yaw=-1.91648 score=0.970772 valid=1 mode=tracking state=TRACKING evaluated=807 execution_us=44995 reason=tracking_pose_accepted
x=0.85 y=2.49997 yaw=-1.91741 score=0.969789 valid=1 mode=tracking state=TRACKING evaluated=807 execution_us=45937 reason=tracking_pose_accepted
x=0.85 y=2.49997 yaw=-1.91835 score=0.969097 valid=1 mode=tracking state=TRACKING evaluated=807 execution_us=45057 reason=tracking_pose_accepted
x=0.85 y=2.49997 yaw=-1.91928 score=0.969521 valid=1 mode=tracking state=TRACKING evaluated=807 execution_us=45606 reason=tracking_pose_accepted
x=0.85 y=2.49997 yaw=-1.92021 score=0.968993 valid=1 mode=tracking state=TRACKING evaluated=807 execution_us=45040 reason=tracking_pose_accepted
x=0.85 y=2.49997 yaw=-1.92115 score=0.969847 valid=1 mode=tracking state=TRACKING evaluated=807 execution_us=45145 reason=tracking_pose_accepted
x=0.85 y=2.49997 yaw=-1.92208 score=0.970228 valid=1 mode=tracking state=TRACKING evaluated=807 execution_us=45143 reason=tracking_pose_accepted
x=0.85 y=2.49997 yaw=-1.92301 score=0.970451 valid=1 mode=tracking state=TRACKING evaluated=807 execution_us=45536 reason=tracking_pose_accepted
x=0.85 y=2.49997 yaw=-1.92395 score=0.967398 valid=1 mode=tracking state=TRACKING evaluated=807 execution_us=45146 reason=tracking_pose_accepted
x=0.85 y=2.49997 yaw=-1.92488 score=0.968201 valid=1 mode=tracking state=TRACKING evaluated=807 execution_us=45588 reason=tracking_pose_accepted
x=0.85 y=2.49997 yaw=-1.90836 score=0.968179 valid=1 mode=tracking state=TRACKING evaluated=807 execution_us=45289 reason=tracking_pose_accepted
x=0.85 y=2.49996 yaw=-1.92675 score=0.969342 valid=1 mode=tracking state=TRACKING evaluated=807 execution_us=45865 reason=tracking_pose_accepted
x=0.85 y=2.49996 yaw=-1.91023 score=0.969797 valid=1 mode=tracking state=TRACKING evaluated=807 execution_us=45797 reason=tracking_pose_accepted
x=0.85 y=2.49996 yaw=-1.91116 score=0.970436 valid=1 mode=tracking state=TRACKING evaluated=807 execution_us=45175 reason=tracking_pose_accepted
x=0.85 y=2.49996 yaw=-1.9121 score=0.970323 valid=1 mode=tracking state=TRACKING evaluated=807 execution_us=45579 reason=tracking_pose_accepted
x=0.85 y=2.49996 yaw=-1.93048 score=0.968019 valid=1 mode=tracking state=TRACKING evaluated=807 execution_us=45275 reason=tracking_pose_accepted
x=0.85 y=2.49996 yaw=-1.91396 score=0.968343 valid=1 mode=tracking state=TRACKING evaluated=807 execution_us=45348 reason=tracking_pose_accepted
x=0.85 y=2.49996 yaw=-1.9149 score=0.967358 valid=1 mode=tracking state=TRACKING evaluated=807 execution_us=45054 reason=tracking_pose_accepted
x=0.85 y=2.49996 yaw=-1.91583 score=0.970013 valid=1 mode=tracking state=TRACKING evaluated=807 execution_us=45256 reason=tracking_pose_accepted
x=0.85 y=2.49996 yaw=-1.91677 score=0.970131 valid=1 mode=tracking state=TRACKING evaluated=807 execution_us=45427 reason=tracking_pose_accepted
x=0.85 y=2.49996 yaw=-1.9177 score=0.969774 valid=1 mode=tracking state=TRACKING evaluated=807 execution_us=45049 reason=tracking_pose_accepted
x=0.85 y=2.49996 yaw=-1.91863 score=0.970517 valid=1 mode=tracking state=TRACKING evaluated=807 execution_us=45715 reason=tracking_pose_accepted
x=0.85 y=2.49996 yaw=-1.91957 score=0.969982 valid=1 mode=tracking state=TRACKING evaluated=807 execution_us=45930 reason=tracking_pose_accepted
x=0.85 y=2.49996 yaw=-1.9205 score=0.968342 valid=1 mode=tracking state=TRACKING evaluated=807 execution_us=45223 reason=tracking_pose_accepted
x=0.85 y=2.49996 yaw=-1.92143 score=0.969076 valid=1 mode=tracking state=TRACKING evaluated=807 execution_us=45108 reason=tracking_pose_accepted
x=0.85 y=2.49996 yaw=-1.92237 score=0.967402 valid=1 mode=tracking state=TRACKING evaluated=807 execution_us=45014 reason=tracking_pose_accepted
x=0.85 y=2.49996 yaw=-1.9233 score=0.968546 valid=1 mode=tracking state=TRACKING evaluated=807 execution_us=44809 reason=tracking_pose_accepted
x=0.85 y=2.49996 yaw=-1.92423 score=0.969497 valid=1 mode=tracking state=TRACKING evaluated=807 execution_us=45399 reason=tracking_pose_accepted
x=0.85 y=2.49996 yaw=-1.92517 score=0.970411 valid=1 mode=tracking state=TRACKING evaluated=807 execution_us=45508 reason=tracking_pose_accepted
x=0.85 y=2.49996 yaw=-1.9261 score=0.968114 valid=1 mode=tracking state=TRACKING evaluated=807 execution_us=44781 reason=tracking_pose_accepted
x=0.85 y=2.49996 yaw=-1.90958 score=0.968912 valid=1 mode=tracking state=TRACKING evaluated=807 execution_us=45849 reason=tracking_pose_accepted
x=0.85 y=2.49996 yaw=-1.92797 score=0.968892 valid=1 mode=tracking state=TRACKING evaluated=807 execution_us=44893 reason=tracking_pose_accepted
x=0.85 y=2.49996 yaw=-1.9289 score=0.968952 valid=1 mode=tracking state=TRACKING evaluated=807 execution_us=45372 reason=tracking_pose_accepted
x=0.85 y=2.49996 yaw=-1.91238 score=0.970822 valid=1 mode=tracking state=TRACKING evaluated=807 execution_us=45124 reason=tracking_pose_accepted
x=0.85 y=2.49996 yaw=-1.91332 score=0.972681 valid=1 mode=tracking state=TRACKING evaluated=807 execution_us=45383 reason=tracking_pose_accepted
x=0.85 y=2.49996 yaw=-1.9317 score=0.969621 valid=1 mode=tracking state=TRACKING evaluated=807 execution_us=45330 reason=tracking_pose_accepted
x=0.85 y=2.49996 yaw=-1.91518 score=0.970172 valid=1 mode=tracking state=TRACKING evaluated=807 execution_us=45395 reason=tracking_pose_accepted
x=0.85 y=2.49996 yaw=-1.91612 score=0.968607 valid=1 mode=tracking state=TRACKING evaluated=807 execution_us=45243 reason=tracking_pose_accepted
x=0.85 y=2.49996 yaw=-1.91705 score=0.96877 valid=1 mode=tracking state=TRACKING evaluated=807 execution_us=45452 reason=tracking_pose_accepted
x=0.85 y=2.49996 yaw=-1.91799 score=0.969218 valid=1 mode=tracking state=TRACKING evaluated=807 execution_us=44881 reason=tracking_pose_accepted
x=0.85 y=2.49996 yaw=-1.91892 score=0.969483 valid=1 mode=tracking state=TRACKING evaluated=807 execution_us=45083 reason=tracking_pose_accepted
x=0.85 y=2.49996 yaw=-1.91985 score=0.969679 valid=1 mode=tracking state=TRACKING evaluated=807 execution_us=45838 reason=tracking_pose_accepted
x=0.85 y=2.49996 yaw=-1.92079 score=0.969774 valid=1 mode=tracking state=TRACKING evaluated=807 execution_us=44674 reason=tracking_pose_accepted
x=0.85 y=2.49996 yaw=-1.92172 score=0.968547 valid=1 mode=tracking state=TRACKING evaluated=807 execution_us=45433 reason=tracking_pose_accepted
x=0.85 y=2.49995 yaw=-1.92265 score=0.969878 valid=1 mode=tracking state=TRACKING evaluated=807 execution_us=45769 reason=tracking_pose_accepted
x=0.85 y=2.49995 yaw=-1.92359 score=0.969809 valid=1 mode=tracking state=TRACKING evaluated=807 execution_us=45147 reason=tracking_pose_accepted
x=0.85 y=2.49995 yaw=-1.92452 score=0.968587 valid=1 mode=tracking state=TRACKING evaluated=807 execution_us=44892 reason=tracking_pose_accepted
x=0.85 y=2.49995 yaw=-1.92546 score=0.969542 valid=1 mode=tracking state=TRACKING evaluated=807 execution_us=45406 reason=tracking_pose_accepted
x=0.85 y=2.49995 yaw=-1.92639 score=0.968121 valid=1 mode=tracking state=TRACKING evaluated=807 execution_us=45555 reason=tracking_pose_accepted
x=0.85 y=2.49995 yaw=-1.92732 score=0.969095 valid=1 mode=tracking state=TRACKING evaluated=807 execution_us=45851 reason=tracking_pose_accepted
x=0.85 y=2.49995 yaw=-1.92826 score=0.968931 valid=1 mode=tracking state=TRACKING evaluated=807 execution_us=45247 reason=tracking_pose_accepted
x=0.85 y=2.49995 yaw=-1.91174 score=0.968343 valid=1 mode=tracking state=TRACKING evaluated=807 execution_us=46106 reason=tracking_pose_accepted
x=0.85 y=2.49995 yaw=-1.91267 score=0.969481 valid=1 mode=tracking state=TRACKING evaluated=807 execution_us=45796 reason=tracking_pose_accepted
x=0.85 y=2.49995 yaw=-1.9136 score=0.969521 valid=1 mode=tracking state=TRACKING evaluated=807 execution_us=45469 reason=tracking_pose_accepted
x=0.85 y=2.49995 yaw=-1.91454 score=0.969786 valid=1 mode=tracking state=TRACKING evaluated=807 execution_us=45394 reason=tracking_pose_accepted
x=0.85 y=2.49995 yaw=-1.91547 score=0.970131 valid=1 mode=tracking state=TRACKING evaluated=807 execution_us=45495 reason=tracking_pose_accepted
x=0.85 y=2.49995 yaw=-1.9164 score=0.970477 valid=1 mode=tracking state=TRACKING evaluated=807 execution_us=45511 reason=tracking_pose_accepted
x=0.85 y=2.49995 yaw=-1.91734 score=0.969479 valid=1 mode=tracking state=TRACKING evaluated=807 execution_us=45854 reason=tracking_pose_accepted
x=0.85 y=2.49995 yaw=-1.91827 score=0.97007 valid=1 mode=tracking state=TRACKING evaluated=807 execution_us=45311 reason=tracking_pose_accepted
x=0.85 y=2.49995 yaw=-1.91921 score=0.970057 valid=1 mode=tracking state=TRACKING evaluated=807 execution_us=45107 reason=tracking_pose_accepted
x=0.85 y=2.49995 yaw=-1.92014 score=0.970972 valid=1 mode=tracking state=TRACKING evaluated=807 execution_us=46748 reason=tracking_pose_accepted
x=0.85 y=2.49995 yaw=-1.92107 score=0.971181 valid=1 mode=tracking state=TRACKING evaluated=807 execution_us=45209 reason=tracking_pose_accepted
x=0.85 y=2.49995 yaw=-1.92201 score=0.968424 valid=1 mode=tracking state=TRACKING evaluated=807 execution_us=45273 reason=tracking_pose_accepted
x=0.85 y=2.49995 yaw=-1.92294 score=0.965803 valid=1 mode=tracking state=TRACKING evaluated=807 execution_us=45424 reason=tracking_pose_accepted
x=0.85 y=2.49995 yaw=-1.92387 score=0.968063 valid=1 mode=tracking state=TRACKING evaluated=807 execution_us=45659 reason=tracking_pose_accepted
x=0.85 y=2.49995 yaw=-1.92481 score=0.967853 valid=1 mode=tracking state=TRACKING evaluated=807 execution_us=45132 reason=tracking_pose_accepted
x=0.85 y=2.49995 yaw=-1.92574 score=0.966758 valid=1 mode=tracking state=TRACKING evaluated=807 execution_us=45065 reason=tracking_pose_accepted
x=0.85 y=2.49995 yaw=-1.92667 score=0.966799 valid=1 mode=tracking state=TRACKING evaluated=807 execution_us=45260 reason=tracking_pose_accepted
x=0.85 y=2.49995 yaw=-1.92761 score=0.962958 valid=1 mode=tracking state=TRACKING evaluated=807 execution_us=45604 reason=tracking_pose_accepted
x=0.85 y=2.49995 yaw=-1.92854 score=0.96766 valid=1 mode=tracking state=TRACKING evaluated=807 execution_us=45270 reason=tracking_pose_accepted
x=0.85 y=2.49995 yaw=-1.92948 score=0.966758 valid=1 mode=tracking state=TRACKING evaluated=807 execution_us=45115 reason=tracking_pose_accepted
x=0.85 y=2.49995 yaw=-1.91296 score=0.973971 valid=1 mode=tracking state=TRACKING evaluated=807 execution_us=45380 reason=tracking_pose_accepted
x=0.85 y=2.49995 yaw=-1.91389 score=0.966305 valid=1 mode=tracking state=TRACKING evaluated=807 execution_us=51154 reason=tracking_pose_accepted
x=0.85 y=2.49995 yaw=-1.94973 score=0.953919 valid=1 mode=tracking state=TRACKING evaluated=807 execution_us=45075 reason=tracking_pose_accepted
x=0.85 y=2.49995 yaw=-1.91576 score=0.960358 valid=1 mode=tracking state=TRACKING evaluated=807 execution_us=45104 reason=tracking_pose_accepted
x=0.85 y=2.49995 yaw=-1.9516 score=0.950586 valid=1 mode=tracking state=TRACKING evaluated=807 execution_us=45490 reason=tracking_pose_accepted
x=0.85 y=2.49995 yaw=-1.91763 score=0.968577 valid=1 mode=tracking state=TRACKING evaluated=807 execution_us=46206 reason=tracking_pose_accepted
x=0.85 y=2.49995 yaw=-1.90111 score=0.968729 valid=1 mode=tracking state=TRACKING evaluated=807 execution_us=45236 reason=tracking_pose_accepted
x=0.85 y=2.49995 yaw=-1.91949 score=0.964237 valid=1 mode=tracking state=TRACKING evaluated=807 execution_us=45186 reason=tracking_pose_accepted
x=0.85 y=2.49995 yaw=-1.92043 score=0.966784 valid=1 mode=tracking state=TRACKING evaluated=807 execution_us=45134 reason=tracking_pose_accepted
x=0.85 y=2.49995 yaw=-1.92136 score=0.967576 valid=1 mode=tracking state=TRACKING evaluated=807 execution_us=45519 reason=tracking_pose_accepted
x=0.85 y=2.49995 yaw=-1.90484 score=0.966948 valid=1 mode=tracking state=TRACKING evaluated=807 execution_us=46426 reason=tracking_pose_accepted
x=0.85 y=2.49995 yaw=-1.90577 score=0.96502 valid=1 mode=tracking state=TRACKING evaluated=807 execution_us=45472 reason=tracking_pose_accepted
x=0.85 y=2.49994 yaw=-1.90671 score=0.96754 valid=1 mode=tracking state=TRACKING evaluated=807 execution_us=45257 reason=tracking_pose_accepted
x=0.85 y=2.49994 yaw=-1.90764 score=0.97036 valid=1 mode=tracking state=TRACKING evaluated=807 execution_us=45777 reason=tracking_pose_accepted
x=0.85 y=2.49994 yaw=-1.90858 score=0.970548 valid=1 mode=tracking state=TRACKING evaluated=807 execution_us=45186 reason=tracking_pose_accepted
x=0.85 y=2.49994 yaw=-1.90951 score=0.970777 valid=1 mode=tracking state=TRACKING evaluated=807 execution_us=45332 reason=tracking_pose_accepted
x=0.85 y=2.49994 yaw=-1.91044 score=0.968025 valid=1 mode=tracking state=TRACKING evaluated=807 execution_us=46912 reason=tracking_pose_accepted
x=0.85 y=2.49994 yaw=-1.92883 score=0.967035 valid=1 mode=tracking state=TRACKING evaluated=807 execution_us=45529 reason=tracking_pose_accepted
x=0.85 y=2.49994 yaw=-1.91231 score=0.968992 valid=1 mode=tracking state=TRACKING evaluated=807 execution_us=45558 reason=tracking_pose_accepted
x=0.85 y=2.49994 yaw=-1.91324 score=0.972233 valid=1 mode=tracking state=TRACKING evaluated=807 execution_us=45597 reason=tracking_pose_accepted
x=0.85 y=2.49994 yaw=-1.91418 score=0.971617 valid=1 mode=tracking state=TRACKING evaluated=807 execution_us=45524 reason=tracking_pose_accepted
x=0.85 y=2.49994 yaw=-1.91511 score=0.971387 valid=1 mode=tracking state=TRACKING evaluated=807 execution_us=45665 reason=tracking_pose_accepted
x=0.85 y=2.49994 yaw=-1.91604 score=0.97453 valid=1 mode=tracking state=TRACKING evaluated=807 execution_us=46000 reason=tracking_pose_accepted
x=0.85 y=2.49994 yaw=-1.91698 score=0.971728 valid=1 mode=tracking state=TRACKING evaluated=807 execution_us=45553 reason=tracking_pose_accepted
x=0.85 y=2.49994 yaw=-1.91791 score=0.969494 valid=1 mode=tracking state=TRACKING evaluated=807 execution_us=46092 reason=tracking_pose_accepted
x=0.85 y=2.49994 yaw=-1.91885 score=0.969416 valid=1 mode=tracking state=TRACKING evaluated=807 execution_us=45483 reason=tracking_pose_accepted
x=0.85 y=2.49994 yaw=-1.91978 score=0.971765 valid=1 mode=tracking state=TRACKING evaluated=807 execution_us=45333 reason=tracking_pose_accepted
x=0.85 y=2.49994 yaw=-1.92071 score=0.974479 valid=1 mode=tracking state=TRACKING evaluated=807 execution_us=45326 reason=tracking_pose_accepted
x=0.85 y=2.49994 yaw=-1.92165 score=0.975251 valid=1 mode=tracking state=TRACKING evaluated=807 execution_us=45455 reason=tracking_pose_accepted
x=0.85 y=2.49994 yaw=-1.92258 score=0.974095 valid=1 mode=tracking state=TRACKING evaluated=807 execution_us=45051 reason=tracking_pose_accepted
x=0.85 y=2.49994 yaw=-1.92351 score=0.973264 valid=1 mode=tracking state=TRACKING evaluated=807 execution_us=45355 reason=tracking_pose_accepted
x=0.85 y=2.49994 yaw=-1.92445 score=0.976065 valid=1 mode=tracking state=TRACKING evaluated=807 execution_us=46354 reason=tracking_pose_accepted
x=0.85 y=2.49994 yaw=-1.92538 score=0.973603 valid=1 mode=tracking state=TRACKING evaluated=807 execution_us=45812 reason=tracking_pose_accepted
x=0.85 y=2.49994 yaw=-1.94377 score=0.968577 valid=1 mode=tracking state=TRACKING evaluated=807 execution_us=45208 reason=tracking_pose_accepted
x=0.85 y=2.49994 yaw=-1.9447 score=0.947866 valid=1 mode=tracking state=TRACKING evaluated=807 execution_us=44761 reason=tracking_pose_accepted
x=0.9 y=2.49994 yaw=-1.96309 score=0.966212 valid=1 mode=tracking state=TRACKING evaluated=807 execution_us=45740 reason=tracking_pose_accepted
x=0.9 y=2.49994 yaw=-1.99893 score=0.979437 valid=1 mode=tracking state=TRACKING evaluated=807 execution_us=44967 reason=tracking_pose_accepted
x=0.9 y=2.49994 yaw=-1.99986 score=0.954607 valid=1 mode=tracking state=TRACKING evaluated=807 execution_us=45231 reason=tracking_pose_accepted
x=0.95 y=2.49994 yaw=-2.0008 score=0.977869 valid=1 mode=tracking state=TRACKING evaluated=807 execution_us=45497 reason=tracking_pose_accepted
x=1 y=2.49994 yaw=-1.98428 score=0.959847 valid=1 mode=tracking state=TRACKING evaluated=807 execution_us=44890 reason=tracking_pose_accepted
x=1 y=2.49994 yaw=-2.00267 score=0.94448 valid=1 mode=tracking state=TRACKING evaluated=807 execution_us=45354 reason=tracking_pose_accepted
x=1.05 y=2.49994 yaw=-2.09087 score=0.9395 valid=1 mode=tracking state=TRACKING evaluated=807 execution_us=44901 reason=tracking_pose_accepted
x=1.1 y=2.44994 yaw=-2.0918 score=0.942729 valid=1 mode=tracking state=TRACKING evaluated=807 execution_us=45731 reason=tracking_pose_accepted
x=1.15 y=2.44994 yaw=-2.12764 score=0.943235 valid=1 mode=tracking state=TRACKING evaluated=807 execution_us=45627 reason=tracking_pose_accepted
x=1.2 y=2.44994 yaw=-2.25075 score=0.953504 valid=1 mode=tracking state=TRACKING evaluated=807 execution_us=44890 reason=tracking_pose_accepted
x=1.25 y=2.44994 yaw=-2.26913 score=0.966081 valid=1 mode=tracking state=TRACKING evaluated=807 execution_us=45034 reason=tracking_pose_accepted
x=1.3 y=2.44994 yaw=-2.28752 score=0.958005 valid=1 mode=tracking state=TRACKING evaluated=807 execution_us=45544 reason=tracking_pose_accepted
x=1.35 y=2.44994 yaw=-2.32336 score=0.947566 valid=1 mode=tracking state=TRACKING evaluated=807 execution_us=44748 reason=tracking_pose_accepted
x=1.4 y=2.39994 yaw=-2.34175 score=0.952238 valid=1 mode=tracking state=TRACKING evaluated=807 execution_us=45349 reason=tracking_pose_accepted
x=1.4 y=2.39994 yaw=-2.32523 score=0.958347 valid=1 mode=tracking state=TRACKING evaluated=807 execution_us=45059 reason=tracking_pose_accepted
x=1.45 y=2.39994 yaw=-2.36107 score=0.954963 valid=1 mode=tracking state=TRACKING evaluated=807 execution_us=45553 reason=tracking_pose_accepted
x=1.5 y=2.39993 yaw=-2.46673 score=0.956349 valid=1 mode=tracking state=TRACKING evaluated=807 execution_us=45300 reason=tracking_pose_accepted
x=1.55 y=2.39993 yaw=-2.39785 score=0.954871 valid=1 mode=tracking state=TRACKING evaluated=807 execution_us=44082 reason=tracking_pose_accepted
x=1.6 y=2.39993 yaw=-2.34642 score=0.95845 valid=1 mode=tracking state=TRACKING evaluated=807 execution_us=44235 reason=tracking_pose_accepted
x=1.6 y=2.34993 yaw=-2.34736 score=0.952129 valid=1 mode=tracking state=TRACKING evaluated=807 execution_us=44135 reason=tracking_pose_accepted
x=1.65 y=2.34993 yaw=-2.29593 score=0.968585 valid=1 mode=tracking state=TRACKING evaluated=807 execution_us=43566 reason=tracking_pose_accepted
x=1.7 y=2.39993 yaw=-2.26196 score=0.952962 valid=1 mode=tracking state=TRACKING evaluated=807 execution_us=44219 reason=tracking_pose_accepted
x=1.75 y=2.34993 yaw=-2.22799 score=0.941393 valid=1 mode=tracking state=TRACKING evaluated=807 execution_us=44897 reason=tracking_pose_accepted
x=1.75 y=2.34993 yaw=-2.17656 score=0.969305 valid=1 mode=tracking state=TRACKING evaluated=789 execution_us=44059 reason=tracking_pose_accepted
x=1.8 y=2.34993 yaw=-2.12513 score=0.948622 valid=1 mode=tracking state=TRACKING evaluated=789 execution_us=44623 reason=tracking_pose_accepted
x=1.8 y=2.34993 yaw=-2.10862 score=0.967498 valid=1 mode=tracking state=TRACKING evaluated=807 execution_us=44859 reason=tracking_pose_accepted
x=1.85 y=2.34993 yaw=-2.10955 score=0.939624 valid=1 mode=tracking state=TRACKING evaluated=807 execution_us=45301 reason=tracking_pose_accepted
x=1.9 y=2.29993 yaw=-2.14539 score=0.95115 valid=1 mode=tracking state=TRACKING evaluated=789 execution_us=44125 reason=tracking_pose_accepted
x=1.9 y=2.29993 yaw=-2.18123 score=0.966549 valid=1 mode=tracking state=TRACKING evaluated=807 execution_us=44996 reason=tracking_pose_accepted
x=1.95 y=2.24993 yaw=-2.14726 score=0.972195 valid=1 mode=tracking state=TRACKING evaluated=807 execution_us=44900 reason=tracking_pose_accepted
x=2 y=2.24993 yaw=-2.09583 score=0.973284 valid=1 mode=tracking state=TRACKING evaluated=789 execution_us=43770 reason=tracking_pose_accepted
x=2 y=2.24993 yaw=-2.11422 score=0.94354 valid=1 mode=tracking state=TRACKING evaluated=807 execution_us=44652 reason=tracking_pose_accepted
x=2.05 y=2.19993 yaw=-2.0977 score=0.971228 valid=1 mode=tracking state=TRACKING evaluated=807 execution_us=44692 reason=tracking_pose_accepted
x=2.1 y=2.19993 yaw=-2.151 score=0.951141 valid=1 mode=tracking state=TRACKING evaluated=807 execution_us=44702 reason=tracking_pose_accepted
x=2.15 y=2.19993 yaw=-2.22174 score=0.935002 valid=1 mode=tracking state=TRACKING evaluated=807 execution_us=44350 reason=tracking_pose_accepted
x=2.2 y=2.14993 yaw=-2.30994 score=0.932885 valid=1 mode=tracking state=TRACKING evaluated=789 execution_us=43679 reason=tracking_pose_accepted
x=2.25 y=2.09993 yaw=-2.4156 score=0.9167 valid=1 mode=tracking state=TRACKING evaluated=789 execution_us=43747 reason=tracking_pose_accepted
x=2.3 y=2.04993 yaw=-2.52125 score=0.898633 valid=0 mode=tracking state=DEGRADED evaluated=807 execution_us=45218 reason=tracking_score_below_threshold
x=2.3 y=2.04993 yaw=-2.64342 score=0.959341 valid=1 mode=tracking state=TRACKING evaluated=807 execution_us=45280 reason=tracking_quality_restored
x=2.35 y=1.99993 yaw=-2.74908 score=0.953319 valid=1 mode=tracking state=TRACKING evaluated=807 execution_us=45075 reason=tracking_pose_accepted
x=2.4 y=1.99993 yaw=-2.90709 score=0.951766 valid=1 mode=tracking state=TRACKING evaluated=789 execution_us=44381 reason=tracking_pose_accepted
x=2.4 y=1.94993 yaw=-3.04765 score=0.979307 valid=1 mode=tracking state=TRACKING evaluated=789 execution_us=44217 reason=tracking_pose_accepted
x=2.45 y=1.94993 yaw=-3.18821 score=0.98523 valid=1 mode=tracking state=TRACKING evaluated=807 execution_us=45297 reason=tracking_pose_accepted
x=2.55 y=1.94993 yaw=-3.29387 score=0.969921 valid=1 mode=tracking state=TRACKING evaluated=807 execution_us=45689 reason=tracking_pose_accepted
x=2.6 y=1.89993 yaw=-3.46933 score=0.978844 valid=1 mode=tracking state=TRACKING evaluated=807 execution_us=44973 reason=tracking_pose_accepted
x=2.65 y=1.89993 yaw=-3.62735 score=0.932561 valid=1 mode=tracking state=TRACKING evaluated=789 execution_us=44382 reason=tracking_pose_accepted
x=2.7 y=1.84993 yaw=-3.78536 score=0.929291 valid=1 mode=tracking state=TRACKING evaluated=789 execution_us=44890 reason=tracking_pose_accepted
x=2.75 y=1.79993 yaw=-3.96083 score=0.926992 valid=1 mode=tracking state=TRACKING evaluated=807 execution_us=45836 reason=tracking_pose_accepted
x=2.8 y=1.79993 yaw=-4.1712 score=0.923202 valid=1 mode=tracking state=TRACKING evaluated=789 execution_us=44672 reason=tracking_pose_accepted
x=2.8 y=1.74993 yaw=-4.38158 score=0.941539 valid=1 mode=tracking state=TRACKING evaluated=789 execution_us=44784 reason=tracking_pose_accepted
x=2.85 y=1.69993 yaw=-4.53959 score=0.941408 valid=1 mode=tracking state=TRACKING evaluated=807 execution_us=45847 reason=tracking_pose_accepted
x=2.85 y=1.69993 yaw=-4.68015 score=0.945462 valid=1 mode=tracking state=TRACKING evaluated=807 execution_us=45505 reason=tracking_pose_accepted
x=2.9 y=1.69993 yaw=-4.80326 score=0.947364 valid=1 mode=tracking state=TRACKING evaluated=807 execution_us=45051 reason=tracking_pose_accepted
x=2.94999 y=1.64993 yaw=-4.92637 score=0.965253 valid=1 mode=tracking state=TRACKING evaluated=807 execution_us=45590 reason=tracking_pose_accepted
x=2.99999 y=1.64993 yaw=-5.04947 score=0.976177 valid=1 mode=tracking state=TRACKING evaluated=807 execution_us=45977 reason=tracking_pose_accepted
x=2.99999 y=1.64993 yaw=-5.08531 score=0.971787 valid=1 mode=tracking state=TRACKING evaluated=807 execution_us=45246 reason=tracking_pose_accepted
x=3.04999 y=1.64993 yaw=-5.13861 score=0.974042 valid=1 mode=tracking state=TRACKING evaluated=807 execution_us=45449 reason=tracking_pose_accepted
x=3.09999 y=1.59993 yaw=-5.13954 score=0.9803 valid=1 mode=tracking state=TRACKING evaluated=807 execution_us=45562 reason=tracking_pose_accepted
x=3.09999 y=1.59993 yaw=-5.17538 score=0.979245 valid=1 mode=tracking state=TRACKING evaluated=807 execution_us=45224 reason=tracking_pose_accepted
x=3.14999 y=1.59993 yaw=-5.15886 score=0.986459 valid=1 mode=tracking state=TRACKING evaluated=807 execution_us=47860 reason=tracking_pose_accepted
x=3.14999 y=1.59993 yaw=-5.12489 score=0.975632 valid=1 mode=tracking state=TRACKING evaluated=807 execution_us=45876 reason=tracking_pose_accepted
x=3.19999 y=1.54993 yaw=-5.10837 score=0.98118 valid=1 mode=tracking state=TRACKING evaluated=807 execution_us=45860 reason=tracking_pose_accepted
x=3.19999 y=1.54993 yaw=-5.1093 score=0.986446 valid=1 mode=tracking state=TRACKING evaluated=807 execution_us=46173 reason=tracking_pose_accepted
x=3.24999 y=1.49993 yaw=-5.11024 score=0.973957 valid=1 mode=tracking state=TRACKING evaluated=807 execution_us=45864 reason=tracking_pose_accepted
x=3.24999 y=1.49993 yaw=-5.11117 score=0.985782 valid=1 mode=tracking state=TRACKING evaluated=807 execution_us=45959 reason=tracking_pose_accepted
x=3.24999 y=1.49993 yaw=-5.11211 score=0.984324 valid=1 mode=tracking state=TRACKING evaluated=807 execution_us=46427 reason=tracking_pose_accepted
x=3.24999 y=1.49993 yaw=-5.11304 score=0.985024 valid=1 mode=tracking state=TRACKING evaluated=807 execution_us=46322 reason=tracking_pose_accepted
x=3.24999 y=1.49993 yaw=-5.09652 score=0.985186 valid=1 mode=tracking state=TRACKING evaluated=807 execution_us=46111 reason=tracking_pose_accepted
x=3.24999 y=1.49993 yaw=-5.11491 score=0.982378 valid=1 mode=tracking state=TRACKING evaluated=807 execution_us=46096 reason=tracking_pose_accepted
x=3.24999 y=1.49993 yaw=-5.11584 score=0.980312 valid=1 mode=tracking state=TRACKING evaluated=807 execution_us=46133 reason=tracking_pose_accepted
x=3.24999 y=1.49993 yaw=-5.09932 score=0.981989 valid=1 mode=tracking state=TRACKING evaluated=807 execution_us=46160 reason=tracking_pose_accepted
x=3.24999 y=1.49993 yaw=-5.10026 score=0.980683 valid=1 mode=tracking state=TRACKING evaluated=807 execution_us=46321 reason=tracking_pose_accepted
x=3.24999 y=1.49993 yaw=-5.10119 score=0.9821 valid=1 mode=tracking state=TRACKING evaluated=807 execution_us=45887 reason=tracking_pose_accepted
x=3.24999 y=1.49993 yaw=-5.10212 score=0.983369 valid=1 mode=tracking state=TRACKING evaluated=807 execution_us=46378 reason=tracking_pose_accepted
x=3.24999 y=1.49993 yaw=-5.10306 score=0.981941 valid=1 mode=tracking state=TRACKING evaluated=807 execution_us=45826 reason=tracking_pose_accepted
x=3.24999 y=1.49993 yaw=-5.10399 score=0.980131 valid=1 mode=tracking state=TRACKING evaluated=807 execution_us=46033 reason=tracking_pose_accepted
x=3.24999 y=1.49993 yaw=-5.10493 score=0.982409 valid=1 mode=tracking state=TRACKING evaluated=807 execution_us=45641 reason=tracking_pose_accepted
x=3.24999 y=1.49993 yaw=-5.10586 score=0.98324 valid=1 mode=tracking state=TRACKING evaluated=807 execution_us=45466 reason=tracking_pose_accepted
x=3.24999 y=1.49993 yaw=-5.08934 score=0.98139 valid=1 mode=tracking state=TRACKING evaluated=807 execution_us=45699 reason=tracking_pose_accepted
x=3.24999 y=1.49993 yaw=-5.05537 score=0.983992 valid=1 mode=tracking state=TRACKING evaluated=807 execution_us=47045 reason=tracking_pose_accepted
x=3.24999 y=1.49993 yaw=-5.0563 score=0.982083 valid=1 mode=tracking state=TRACKING evaluated=807 execution_us=46143 reason=tracking_pose_accepted
x=3.24999 y=1.49993 yaw=-5.05724 score=0.984684 valid=1 mode=tracking state=TRACKING evaluated=807 execution_us=46487 reason=tracking_pose_accepted
x=3.24999 y=1.49993 yaw=-5.05817 score=0.982553 valid=1 mode=tracking state=TRACKING evaluated=807 execution_us=45809 reason=tracking_pose_accepted
x=3.19999 y=1.49993 yaw=-5.07656 score=0.975618 valid=1 mode=tracking state=TRACKING evaluated=807 execution_us=45862 reason=tracking_pose_accepted
x=3.19999 y=1.49993 yaw=-5.06004 score=0.981696 valid=1 mode=tracking state=TRACKING evaluated=807 execution_us=45369 reason=tracking_pose_accepted
x=3.19999 y=1.49993 yaw=-5.09588 score=0.984394 valid=1 mode=tracking state=TRACKING evaluated=807 execution_us=45738 reason=tracking_pose_accepted
x=3.19999 y=1.49993 yaw=-5.11426 score=0.984696 valid=1 mode=tracking state=TRACKING evaluated=807 execution_us=45786 reason=tracking_pose_accepted
x=3.19999 y=1.49993 yaw=-5.1152 score=0.980615 valid=1 mode=tracking state=TRACKING evaluated=807 execution_us=45699 reason=tracking_pose_accepted
x=3.24999 y=1.49993 yaw=-5.09868 score=0.982338 valid=1 mode=tracking state=TRACKING evaluated=807 execution_us=45734 reason=tracking_pose_accepted
x=3.24999 y=1.49993 yaw=-5.09961 score=0.982765 valid=1 mode=tracking state=TRACKING evaluated=807 execution_us=46325 reason=tracking_pose_accepted
x=3.24999 y=1.49993 yaw=-5.08309 score=0.975772 valid=1 mode=tracking state=TRACKING evaluated=807 execution_us=46029 reason=tracking_pose_accepted
x=3.24999 y=1.49993 yaw=-5.10148 score=0.979447 valid=1 mode=tracking state=TRACKING evaluated=807 execution_us=45915 reason=tracking_pose_accepted
x=3.19999 y=1.49993 yaw=-5.08496 score=0.978371 valid=1 mode=tracking state=TRACKING evaluated=807 execution_us=46457 reason=tracking_pose_accepted
x=3.19999 y=1.49993 yaw=-5.0859 score=0.981589 valid=1 mode=tracking state=TRACKING evaluated=807 execution_us=45659 reason=tracking_pose_accepted
x=3.19999 y=1.49993 yaw=-5.10428 score=0.979732 valid=1 mode=tracking state=TRACKING evaluated=807 execution_us=45994 reason=tracking_pose_accepted
x=3.19999 y=1.49993 yaw=-5.10522 score=0.9782 valid=1 mode=tracking state=TRACKING evaluated=807 execution_us=45933 reason=tracking_pose_accepted
x=3.19999 y=1.49993 yaw=-5.10615 score=0.980724 valid=1 mode=tracking state=TRACKING evaluated=807 execution_us=45625 reason=tracking_pose_accepted
x=3.19999 y=1.49993 yaw=-5.08963 score=0.980442 valid=1 mode=tracking state=TRACKING evaluated=807 execution_us=45798 reason=tracking_pose_accepted
x=3.19999 y=1.49993 yaw=-5.09056 score=0.982106 valid=1 mode=tracking state=TRACKING evaluated=807 execution_us=45819 reason=tracking_pose_accepted
x=3.19999 y=1.49993 yaw=-5.10895 score=0.983328 valid=1 mode=tracking state=TRACKING evaluated=807 execution_us=46035 reason=tracking_pose_accepted
x=3.19999 y=1.49993 yaw=-5.10989 score=0.979199 valid=1 mode=tracking state=TRACKING evaluated=807 execution_us=47325 reason=tracking_pose_accepted
x=3.19999 y=1.49993 yaw=-5.11082 score=0.982504 valid=1 mode=tracking state=TRACKING evaluated=807 execution_us=45904 reason=tracking_pose_accepted
x=3.19999 y=1.49993 yaw=-5.11175 score=0.981524 valid=1 mode=tracking state=TRACKING evaluated=807 execution_us=45753 reason=tracking_pose_accepted
x=3.19999 y=1.49993 yaw=-5.11269 score=0.981418 valid=1 mode=tracking state=TRACKING evaluated=807 execution_us=46077 reason=tracking_pose_accepted
x=3.19999 y=1.49993 yaw=-5.11362 score=0.981975 valid=1 mode=tracking state=TRACKING evaluated=807 execution_us=45881 reason=tracking_pose_accepted
x=3.19999 y=1.49993 yaw=-5.11455 score=0.981249 valid=1 mode=tracking state=TRACKING evaluated=807 execution_us=45729 reason=tracking_pose_accepted
x=3.19999 y=1.49993 yaw=-5.11549 score=0.980725 valid=1 mode=tracking state=TRACKING evaluated=807 execution_us=46141 reason=tracking_pose_accepted
x=3.19999 y=1.49993 yaw=-5.11642 score=0.979658 valid=1 mode=tracking state=TRACKING evaluated=807 execution_us=45904 reason=tracking_pose_accepted
x=3.19999 y=1.49993 yaw=-5.11735 score=0.978562 valid=1 mode=tracking state=TRACKING evaluated=807 execution_us=46344 reason=tracking_pose_accepted
x=3.19999 y=1.49993 yaw=-5.11829 score=0.978331 valid=1 mode=tracking state=TRACKING evaluated=807 execution_us=45988 reason=tracking_pose_accepted
x=3.24999 y=1.49993 yaw=-5.08432 score=0.979479 valid=1 mode=tracking state=TRACKING evaluated=807 execution_us=46192 reason=tracking_pose_accepted
x=3.19999 y=1.49993 yaw=-5.08525 score=0.978091 valid=1 mode=tracking state=TRACKING evaluated=807 execution_us=46713 reason=tracking_pose_accepted
x=3.19999 y=1.49993 yaw=-5.08618 score=0.975076 valid=1 mode=tracking state=TRACKING evaluated=807 execution_us=46011 reason=tracking_pose_accepted
x=3.19999 y=1.49993 yaw=-5.08712 score=0.979145 valid=1 mode=tracking state=TRACKING evaluated=807 execution_us=46376 reason=tracking_pose_accepted
x=3.19999 y=1.49993 yaw=-5.08805 score=0.982453 valid=1 mode=tracking state=TRACKING evaluated=807 execution_us=46557 reason=tracking_pose_accepted
x=3.19999 y=1.49993 yaw=-5.08899 score=0.981239 valid=1 mode=tracking state=TRACKING evaluated=807 execution_us=45731 reason=tracking_pose_accepted
x=3.19999 y=1.49993 yaw=-5.08992 score=0.97604 valid=1 mode=tracking state=TRACKING evaluated=807 execution_us=46469 reason=tracking_pose_accepted
x=3.19999 y=1.49993 yaw=-5.09085 score=0.981086 valid=1 mode=tracking state=TRACKING evaluated=807 execution_us=45790 reason=tracking_pose_accepted
x=3.19999 y=1.49993 yaw=-5.09179 score=0.977231 valid=1 mode=tracking state=TRACKING evaluated=807 execution_us=46037 reason=tracking_pose_accepted
x=3.19999 y=1.49993 yaw=-5.09272 score=0.982755 valid=1 mode=tracking state=TRACKING evaluated=807 execution_us=46209 reason=tracking_pose_accepted
x=3.24999 y=1.49993 yaw=-5.09366 score=0.978081 valid=1 mode=tracking state=TRACKING evaluated=807 execution_us=45985 reason=tracking_pose_accepted
x=3.19999 y=1.49993 yaw=-5.11204 score=0.981261 valid=1 mode=tracking state=TRACKING evaluated=807 execution_us=46308 reason=tracking_pose_accepted
x=3.19999 y=1.49993 yaw=-5.11298 score=0.981618 valid=1 mode=tracking state=TRACKING evaluated=807 execution_us=45828 reason=tracking_pose_accepted
x=3.19999 y=1.49993 yaw=-5.11391 score=0.980352 valid=1 mode=tracking state=TRACKING evaluated=807 execution_us=45839 reason=tracking_pose_accepted
x=3.19999 y=1.49993 yaw=-5.09739 score=0.981187 valid=1 mode=tracking state=TRACKING evaluated=807 execution_us=45912 reason=tracking_pose_accepted
x=3.19999 y=1.49993 yaw=-5.09832 score=0.979839 valid=1 mode=tracking state=TRACKING evaluated=807 execution_us=45786 reason=tracking_pose_accepted
x=3.19999 y=1.49993 yaw=-5.09926 score=0.97798 valid=1 mode=tracking state=TRACKING evaluated=807 execution_us=45521 reason=tracking_pose_accepted
x=3.24999 y=1.49993 yaw=-5.08274 score=0.97822 valid=1 mode=tracking state=TRACKING evaluated=807 execution_us=46257 reason=tracking_pose_accepted
x=3.24999 y=1.49993 yaw=-5.08367 score=0.978472 valid=1 mode=tracking state=TRACKING evaluated=807 execution_us=45767 reason=tracking_pose_accepted
x=3.19999 y=1.49993 yaw=-5.08461 score=0.978069 valid=1 mode=tracking state=TRACKING evaluated=807 execution_us=45576 reason=tracking_pose_accepted
x=3.24999 y=1.49993 yaw=-5.08554 score=0.976943 valid=1 mode=tracking state=TRACKING evaluated=807 execution_us=45822 reason=tracking_pose_accepted
x=3.24999 y=1.49993 yaw=-5.08647 score=0.977959 valid=1 mode=tracking state=TRACKING evaluated=807 execution_us=45666 reason=tracking_pose_accepted
x=3.19999 y=1.49993 yaw=-5.08741 score=0.980584 valid=1 mode=tracking state=TRACKING evaluated=807 execution_us=45790 reason=tracking_pose_accepted
x=3.19999 y=1.49993 yaw=-5.08834 score=0.977959 valid=1 mode=tracking state=TRACKING evaluated=807 execution_us=46052 reason=tracking_pose_accepted
x=3.19999 y=1.49993 yaw=-5.08928 score=0.98184 valid=1 mode=tracking state=TRACKING evaluated=807 execution_us=46214 reason=tracking_pose_accepted
x=3.19999 y=1.49993 yaw=-5.09021 score=0.976631 valid=1 mode=tracking state=TRACKING evaluated=807 execution_us=46434 reason=tracking_pose_accepted
x=3.19999 y=1.49993 yaw=-5.09115 score=0.982755 valid=1 mode=tracking state=TRACKING evaluated=807 execution_us=45931 reason=tracking_pose_accepted
x=3.19999 y=1.49993 yaw=-5.10953 score=0.978612 valid=1 mode=tracking state=TRACKING evaluated=807 execution_us=45937 reason=tracking_pose_accepted
x=3.19999 y=1.49993 yaw=-5.11047 score=0.98002 valid=1 mode=tracking state=TRACKING evaluated=807 execution_us=46366 reason=tracking_pose_accepted
x=3.19999 y=1.49993 yaw=-5.1114 score=0.978773 valid=1 mode=tracking state=TRACKING evaluated=807 execution_us=45802 reason=tracking_pose_accepted
x=3.19999 y=1.49993 yaw=-5.09488 score=0.982453 valid=1 mode=tracking state=TRACKING evaluated=807 execution_us=45919 reason=tracking_pose_accepted
x=3.19999 y=1.49993 yaw=-5.09581 score=0.976733 valid=1 mode=tracking state=TRACKING evaluated=807 execution_us=46207 reason=tracking_pose_accepted
x=3.24999 y=1.49993 yaw=-5.09675 score=0.977317 valid=1 mode=tracking state=TRACKING evaluated=807 execution_us=45879 reason=tracking_pose_accepted
x=3.19999 y=1.49993 yaw=-5.11513 score=0.982001 valid=1 mode=tracking state=TRACKING evaluated=807 execution_us=46210 reason=tracking_pose_accepted
x=3.19999 y=1.49993 yaw=-5.09862 score=0.979001 valid=1 mode=tracking state=TRACKING evaluated=807 execution_us=45762 reason=tracking_pose_accepted
x=3.19999 y=1.49993 yaw=-5.0821 score=0.979025 valid=1 mode=tracking state=TRACKING evaluated=807 execution_us=46134 reason=tracking_pose_accepted
x=3.19999 y=1.49993 yaw=-5.11794 score=0.979568 valid=1 mode=tracking state=TRACKING evaluated=807 execution_us=46396 reason=tracking_pose_accepted
x=3.24999 y=1.49993 yaw=-5.08396 score=0.97531 valid=1 mode=tracking state=TRACKING evaluated=807 execution_us=46006 reason=tracking_pose_accepted
x=3.19999 y=1.49993 yaw=-5.0849 score=0.97514 valid=1 mode=tracking state=TRACKING evaluated=807 execution_us=46153 reason=tracking_pose_accepted
x=3.19999 y=1.49993 yaw=-5.08583 score=0.976673 valid=1 mode=tracking state=TRACKING evaluated=807 execution_us=45673 reason=tracking_pose_accepted
x=3.19999 y=1.49993 yaw=-5.08677 score=0.981237 valid=1 mode=tracking state=TRACKING evaluated=807 execution_us=45953 reason=tracking_pose_accepted
x=3.19999 y=1.49993 yaw=-5.0877 score=0.981237 valid=1 mode=tracking state=TRACKING evaluated=807 execution_us=46002 reason=tracking_pose_accepted
x=3.19999 y=1.49993 yaw=-5.08863 score=0.978673 valid=1 mode=tracking state=TRACKING evaluated=807 execution_us=46074 reason=tracking_pose_accepted
x=3.19999 y=1.49993 yaw=-5.08957 score=0.979462 valid=1 mode=tracking state=TRACKING evaluated=807 execution_us=45855 reason=tracking_pose_accepted
x=3.19999 y=1.49993 yaw=-5.0905 score=0.983057 valid=1 mode=tracking state=TRACKING evaluated=807 execution_us=46365 reason=tracking_pose_accepted
x=3.19999 y=1.49993 yaw=-5.09144 score=0.983399 valid=1 mode=tracking state=TRACKING evaluated=807 execution_us=46105 reason=tracking_pose_accepted
x=3.19999 y=1.49993 yaw=-5.09237 score=0.983057 valid=1 mode=tracking state=TRACKING evaluated=807 execution_us=45916 reason=tracking_pose_accepted
x=3.19999 y=1.49993 yaw=-5.0933 score=0.978326 valid=1 mode=tracking state=TRACKING evaluated=807 execution_us=46523 reason=tracking_pose_accepted
x=3.19999 y=1.49993 yaw=-5.09424 score=0.982695 valid=1 mode=tracking state=TRACKING evaluated=807 execution_us=45584 reason=tracking_pose_accepted
x=3.19999 y=1.49993 yaw=-5.11262 score=0.982162 valid=1 mode=tracking state=TRACKING evaluated=807 execution_us=45774 reason=tracking_pose_accepted
x=3.19999 y=1.49993 yaw=-5.11356 score=0.98018 valid=1 mode=tracking state=TRACKING evaluated=807 execution_us=45807 reason=tracking_pose_accepted
x=3.19999 y=1.49993 yaw=-5.09704 score=0.979566 valid=1 mode=tracking state=TRACKING evaluated=807 execution_us=45668 reason=tracking_pose_accepted
x=3.19999 y=1.49993 yaw=-5.08052 score=0.978371 valid=1 mode=tracking state=TRACKING evaluated=807 execution_us=46208 reason=tracking_pose_accepted
x=3.19999 y=1.49993 yaw=-5.09891 score=0.977993 valid=1 mode=tracking state=TRACKING evaluated=807 execution_us=45688 reason=tracking_pose_accepted
x=3.19999 y=1.49993 yaw=-5.08239 score=0.977096 valid=1 mode=tracking state=TRACKING evaluated=807 execution_us=45734 reason=tracking_pose_accepted
x=3.19999 y=1.49993 yaw=-5.10077 score=0.977186 valid=1 mode=tracking state=TRACKING evaluated=807 execution_us=46162 reason=tracking_pose_accepted
x=3.19999 y=1.49993 yaw=-5.08425 score=0.974469 valid=1 mode=tracking state=TRACKING evaluated=807 execution_us=45768 reason=tracking_pose_accepted
x=3.19999 y=1.49993 yaw=-5.08519 score=0.976742 valid=1 mode=tracking state=TRACKING evaluated=807 execution_us=45867 reason=tracking_pose_accepted
x=3.24999 y=1.49993 yaw=-5.08612 score=0.977489 valid=1 mode=tracking state=TRACKING evaluated=807 execution_us=45847 reason=tracking_pose_accepted
x=3.19999 y=1.49993 yaw=-5.08706 score=0.982453 valid=1 mode=tracking state=TRACKING evaluated=807 execution_us=45864 reason=tracking_pose_accepted
x=3.19999 y=1.49993 yaw=-5.08799 score=0.978608 valid=1 mode=tracking state=TRACKING evaluated=807 execution_us=45680 reason=tracking_pose_accepted
x=3.19999 y=1.49993 yaw=-5.08893 score=0.977946 valid=1 mode=tracking state=TRACKING evaluated=807 execution_us=45461 reason=tracking_pose_accepted
x=3.19999 y=1.49993 yaw=-5.08986 score=0.978003 valid=1 mode=tracking state=TRACKING evaluated=807 execution_us=45762 reason=tracking_pose_accepted
x=3.19999 y=1.49993 yaw=-5.09079 score=0.978838 valid=1 mode=tracking state=TRACKING evaluated=807 execution_us=46341 reason=tracking_pose_accepted
x=3.19999 y=1.49993 yaw=-5.09173 score=0.981126 valid=1 mode=tracking state=TRACKING evaluated=807 execution_us=45683 reason=tracking_pose_accepted
x=3.19999 y=1.49993 yaw=-5.09266 score=0.983358 valid=1 mode=tracking state=TRACKING evaluated=807 execution_us=45919 reason=tracking_pose_accepted
x=3.19999 y=1.49993 yaw=-5.0936 score=0.977091 valid=1 mode=tracking state=TRACKING evaluated=807 execution_us=46908 reason=tracking_pose_accepted
x=3.19999 y=1.49993 yaw=-5.09453 score=0.982353 valid=1 mode=tracking state=TRACKING evaluated=807 execution_us=46036 reason=tracking_pose_accepted
x=3.19999 y=1.49993 yaw=-5.09546 score=0.976299 valid=1 mode=tracking state=TRACKING evaluated=807 execution_us=45930 reason=tracking_pose_accepted
x=3.19999 y=1.49993 yaw=-5.0964 score=0.97414 valid=1 mode=tracking state=TRACKING evaluated=807 execution_us=46250 reason=tracking_pose_accepted
x=3.19999 y=1.49993 yaw=-5.09733 score=0.97384 valid=1 mode=tracking state=TRACKING evaluated=807 execution_us=46248 reason=tracking_pose_accepted
x=3.19999 y=1.49993 yaw=-5.09826 score=0.976591 valid=1 mode=tracking state=TRACKING evaluated=807 execution_us=46621 reason=tracking_pose_accepted
x=3.24999 y=1.49993 yaw=-5.0992 score=0.980302 valid=1 mode=tracking state=TRACKING evaluated=807 execution_us=45953 reason=tracking_pose_accepted
x=3.19999 y=1.49993 yaw=-5.10013 score=0.978053 valid=1 mode=tracking state=TRACKING evaluated=807 execution_us=45661 reason=tracking_pose_accepted
x=3.19999 y=1.49993 yaw=-5.10107 score=0.974214 valid=1 mode=tracking state=TRACKING evaluated=807 execution_us=46354 reason=tracking_pose_accepted
x=3.19999 y=1.49993 yaw=-5.08455 score=0.978371 valid=1 mode=tracking state=TRACKING evaluated=807 execution_us=45820 reason=tracking_pose_accepted
x=3.19999 y=1.49993 yaw=-5.08548 score=0.978691 valid=1 mode=tracking state=TRACKING evaluated=807 execution_us=46447 reason=tracking_pose_accepted
x=3.24998 y=1.49993 yaw=-5.08641 score=0.974535 valid=1 mode=tracking state=TRACKING evaluated=807 execution_us=45981 reason=tracking_pose_accepted
x=3.19998 y=1.49993 yaw=-5.08735 score=0.981538 valid=1 mode=tracking state=TRACKING evaluated=807 execution_us=45862 reason=tracking_pose_accepted
x=3.24998 y=1.49993 yaw=-5.08828 score=0.977114 valid=1 mode=tracking state=TRACKING evaluated=807 execution_us=45947 reason=tracking_pose_accepted
x=3.19998 y=1.49993 yaw=-5.08922 score=0.982142 valid=1 mode=tracking state=TRACKING evaluated=807 execution_us=45906 reason=tracking_pose_accepted
x=3.19998 y=1.49993 yaw=-5.09015 score=0.976872 valid=1 mode=tracking state=TRACKING evaluated=807 execution_us=46053 reason=tracking_pose_accepted
x=3.19998 y=1.49993 yaw=-5.09108 score=0.981199 valid=1 mode=tracking state=TRACKING evaluated=807 execution_us=46252 reason=tracking_pose_accepted
x=3.19998 y=1.49993 yaw=-5.09202 score=0.979125 valid=1 mode=tracking state=TRACKING evaluated=807 execution_us=45792 reason=tracking_pose_accepted
x=3.24998 y=1.49993 yaw=-5.09295 score=0.977885 valid=1 mode=tracking state=TRACKING evaluated=807 execution_us=45951 reason=tracking_pose_accepted
x=3.19998 y=1.49993 yaw=-5.09389 score=0.98366 valid=1 mode=tracking state=TRACKING evaluated=807 execution_us=45877 reason=tracking_pose_accepted
x=3.24998 y=1.49993 yaw=-5.09482 score=0.98018 valid=1 mode=tracking state=TRACKING evaluated=807 execution_us=45793 reason=tracking_pose_accepted
x=3.19998 y=1.49993 yaw=-5.09575 score=0.977026 valid=1 mode=tracking state=TRACKING evaluated=807 execution_us=45884 reason=tracking_pose_accepted
x=3.19998 y=1.49993 yaw=-5.09669 score=0.981488 valid=1 mode=tracking state=TRACKING evaluated=807 execution_us=45983 reason=tracking_pose_accepted
x=3.19998 y=1.49993 yaw=-5.09762 score=0.979816 valid=1 mode=tracking state=TRACKING evaluated=807 execution_us=45678 reason=tracking_pose_accepted
x=3.19998 y=1.49993 yaw=-5.11601 score=0.980694 valid=1 mode=tracking state=TRACKING evaluated=807 execution_us=46234 reason=tracking_pose_accepted
x=3.19998 y=1.49993 yaw=-5.11694 score=0.980623 valid=1 mode=tracking state=TRACKING evaluated=807 execution_us=51123 reason=tracking_pose_accepted
x=3.19998 y=1.49993 yaw=-5.11788 score=0.977858 valid=1 mode=tracking state=TRACKING evaluated=807 execution_us=48797 reason=tracking_pose_accepted
x=3.19998 y=1.49993 yaw=-5.0839 score=0.976752 valid=1 mode=tracking state=TRACKING evaluated=807 execution_us=46288 reason=tracking_pose_accepted
x=3.19998 y=1.49993 yaw=-5.08484 score=0.975837 valid=1 mode=tracking state=TRACKING evaluated=807 execution_us=45818 reason=tracking_pose_accepted
x=3.19998 y=1.49993 yaw=-5.10322 score=0.977868 valid=1 mode=tracking state=TRACKING evaluated=807 execution_us=45640 reason=tracking_pose_accepted
x=3.24998 y=1.49993 yaw=-5.0867 score=0.97641 valid=1 mode=tracking state=TRACKING evaluated=807 execution_us=46267 reason=tracking_pose_accepted
x=3.19998 y=1.49993 yaw=-5.10509 score=0.977557 valid=1 mode=tracking state=TRACKING evaluated=807 execution_us=46110 reason=tracking_pose_accepted
x=3.19998 y=1.49993 yaw=-5.10603 score=0.977744 valid=1 mode=tracking state=TRACKING evaluated=807 execution_us=47032 reason=tracking_pose_accepted
x=3.19998 y=1.49993 yaw=-5.08951 score=0.981541 valid=1 mode=tracking state=TRACKING evaluated=807 execution_us=45703 reason=tracking_pose_accepted
x=3.19998 y=1.49993 yaw=-5.10789 score=0.981481 valid=1 mode=tracking state=TRACKING evaluated=807 execution_us=45778 reason=tracking_pose_accepted
x=3.19998 y=1.49993 yaw=-5.09137 score=0.982745 valid=1 mode=tracking state=TRACKING evaluated=807 execution_us=46088 reason=tracking_pose_accepted
x=3.19998 y=1.49993 yaw=-5.09231 score=0.981491 valid=1 mode=tracking state=TRACKING evaluated=807 execution_us=45804 reason=tracking_pose_accepted
x=3.19998 y=1.49993 yaw=-5.11069 score=0.982725 valid=1 mode=tracking state=TRACKING evaluated=807 execution_us=45832 reason=tracking_pose_accepted
x=3.19998 y=1.49993 yaw=-5.11163 score=0.981733 valid=1 mode=tracking state=TRACKING evaluated=807 execution_us=45986 reason=tracking_pose_accepted
x=3.19998 y=1.49993 yaw=-5.09511 score=0.980422 valid=1 mode=tracking state=TRACKING evaluated=807 execution_us=45613 reason=tracking_pose_accepted
x=3.19998 y=1.49993 yaw=-5.09604 score=0.976995 valid=1 mode=tracking state=TRACKING evaluated=807 execution_us=46002 reason=tracking_pose_accepted
x=3.19998 y=1.49993 yaw=-5.09698 score=0.97992 valid=1 mode=tracking state=TRACKING evaluated=807 execution_us=46250 reason=tracking_pose_accepted
x=3.19998 y=1.49993 yaw=-5.09791 score=0.979517 valid=1 mode=tracking state=TRACKING evaluated=807 execution_us=46311 reason=tracking_pose_accepted
x=3.24998 y=1.49993 yaw=-5.08139 score=0.977072 valid=1 mode=tracking state=TRACKING evaluated=807 execution_us=46476 reason=tracking_pose_accepted
x=3.19998 y=1.49993 yaw=-5.11723 score=0.97833 valid=1 mode=tracking state=TRACKING evaluated=807 execution_us=45634 reason=tracking_pose_accepted
x=3.19998 y=1.49993 yaw=-5.11816 score=0.979065 valid=1 mode=tracking state=TRACKING evaluated=807 execution_us=45967 reason=tracking_pose_accepted
x=3.19998 y=1.49993 yaw=-5.08419 score=0.978673 valid=1 mode=tracking state=TRACKING evaluated=807 execution_us=45832 reason=tracking_pose_accepted
x=3.19998 y=1.49993 yaw=-5.08513 score=0.978673 valid=1 mode=tracking state=TRACKING evaluated=807 execution_us=45986 reason=tracking_pose_accepted
x=3.19998 y=1.49993 yaw=-5.08606 score=0.981538 valid=1 mode=tracking state=TRACKING evaluated=807 execution_us=45960 reason=tracking_pose_accepted
x=3.19998 y=1.49993 yaw=-5.08699 score=0.978673 valid=1 mode=tracking state=TRACKING evaluated=807 execution_us=46878 reason=tracking_pose_accepted
x=3.19998 y=1.49993 yaw=-5.08793 score=0.97644 valid=1 mode=tracking state=TRACKING evaluated=807 execution_us=46299 reason=tracking_pose_accepted
x=3.19998 y=1.49993 yaw=-5.08886 score=0.978291 valid=1 mode=tracking state=TRACKING evaluated=807 execution_us=46533 reason=tracking_pose_accepted
x=3.19998 y=1.49993 yaw=-5.0898 score=0.980784 valid=1 mode=tracking state=TRACKING evaluated=807 execution_us=45850 reason=tracking_pose_accepted
x=3.19998 y=1.49993 yaw=-5.09073 score=0.983962 valid=1 mode=tracking state=TRACKING evaluated=807 execution_us=46086 reason=tracking_pose_accepted
x=3.19998 y=1.49993 yaw=-5.09166 score=0.977691 valid=1 mode=tracking state=TRACKING evaluated=807 execution_us=46934 reason=tracking_pose_accepted
x=3.19998 y=1.49993 yaw=-5.0926 score=0.983057 valid=1 mode=tracking state=TRACKING evaluated=807 execution_us=45806 reason=tracking_pose_accepted
x=3.19998 y=1.49993 yaw=-5.11098 score=0.979447 valid=1 mode=tracking state=TRACKING evaluated=807 execution_us=45814 reason=tracking_pose_accepted
x=3.19998 y=1.49993 yaw=-5.09447 score=0.981086 valid=1 mode=tracking state=TRACKING evaluated=807 execution_us=45868 reason=tracking_pose_accepted
x=3.24998 y=1.49993 yaw=-5.0954 score=0.97719 valid=1 mode=tracking state=TRACKING evaluated=807 execution_us=45500 reason=tracking_pose_accepted
x=3.19998 y=1.49993 yaw=-5.09633 score=0.978482 valid=1 mode=tracking state=TRACKING evaluated=807 execution_us=81537 reason=tracking_pose_accepted
x=3.24998 y=1.49993 yaw=-5.09727 score=0.977074 valid=1 mode=tracking state=TRACKING evaluated=807 execution_us=46956 reason=tracking_pose_accepted
x=3.19998 y=1.49993 yaw=-5.0982 score=0.979868 valid=1 mode=tracking state=TRACKING evaluated=807 execution_us=45726 reason=tracking_pose_accepted
x=3.19998 y=1.49993 yaw=-5.09913 score=0.975422 valid=1 mode=tracking state=TRACKING evaluated=807 execution_us=46158 reason=tracking_pose_accepted
x=3.19998 y=1.49993 yaw=-5.08261 score=0.975066 valid=1 mode=tracking state=TRACKING evaluated=807 execution_us=45662 reason=tracking_pose_accepted
x=3.19998 y=1.49993 yaw=-5.101 score=0.978331 valid=1 mode=tracking state=TRACKING evaluated=807 execution_us=45892 reason=tracking_pose_accepted
x=3.19998 y=1.49993 yaw=-5.08448 score=0.978091 valid=1 mode=tracking state=TRACKING evaluated=807 execution_us=46365 reason=tracking_pose_accepted
x=3.19998 y=1.49993 yaw=-5.08542 score=0.981793 valid=1 mode=tracking state=TRACKING evaluated=807 execution_us=45532 reason=tracking_pose_accepted
x=3.19998 y=1.49993 yaw=-5.08635 score=0.980935 valid=1 mode=tracking state=TRACKING evaluated=807 execution_us=45830 reason=tracking_pose_accepted
x=3.19998 y=1.49993 yaw=-5.08729 score=0.981538 valid=1 mode=tracking state=TRACKING evaluated=807 execution_us=45883 reason=tracking_pose_accepted
x=3.19998 y=1.49993 yaw=-5.08822 score=0.97454 valid=1 mode=tracking state=TRACKING evaluated=807 execution_us=46118 reason=tracking_pose_accepted
x=3.19998 y=1.49993 yaw=-5.08915 score=0.978305 valid=1 mode=tracking state=TRACKING evaluated=807 execution_us=64771 reason=tracking_pose_accepted
x=3.19998 y=1.49993 yaw=-5.10754 score=0.982273 valid=1 mode=tracking state=TRACKING evaluated=807 execution_us=85335 reason=tracking_pose_accepted
x=3.24998 y=1.49993 yaw=-5.09102 score=0.981672 valid=1 mode=tracking state=TRACKING evaluated=807 execution_us=46715 reason=tracking_pose_accepted
x=3.19998 y=1.49993 yaw=-5.09195 score=0.982443 valid=1 mode=tracking state=TRACKING evaluated=807 execution_us=46346 reason=tracking_pose_accepted
x=3.24998 y=1.49993 yaw=-5.09289 score=0.98109 valid=1 mode=tracking state=TRACKING evaluated=807 execution_us=45700 reason=tracking_pose_accepted
x=3.19998 y=1.49993 yaw=-5.11128 score=0.982765 valid=1 mode=tracking state=TRACKING evaluated=807 execution_us=45883 reason=tracking_pose_accepted
x=3.24998 y=1.49993 yaw=-5.09476 score=0.978041 valid=1 mode=tracking state=TRACKING evaluated=807 execution_us=46236 reason=tracking_pose_accepted
x=3.19998 y=1.49993 yaw=-5.09569 score=0.982393 valid=1 mode=tracking state=TRACKING evaluated=807 execution_us=45995 reason=tracking_pose_accepted
x=3.19998 y=1.49993 yaw=-5.09662 score=0.975987 valid=1 mode=tracking state=TRACKING evaluated=807 execution_us=46191 reason=tracking_pose_accepted
x=3.19998 y=1.49993 yaw=-5.09756 score=0.978947 valid=1 mode=tracking state=TRACKING evaluated=807 execution_us=45715 reason=tracking_pose_accepted
x=3.24998 y=1.49993 yaw=-5.09849 score=0.977778 valid=1 mode=tracking state=TRACKING evaluated=807 execution_us=46213 reason=tracking_pose_accepted
x=3.19998 y=1.49993 yaw=-5.09943 score=0.978396 valid=1 mode=tracking state=TRACKING evaluated=807 execution_us=46277 reason=tracking_pose_accepted
x=3.24998 y=1.49993 yaw=-5.08291 score=0.977657 valid=1 mode=tracking state=TRACKING evaluated=807 execution_us=45817 reason=tracking_pose_accepted
x=3.24998 y=1.49993 yaw=-5.08384 score=0.978824 valid=1 mode=tracking state=TRACKING evaluated=807 execution_us=45977 reason=tracking_pose_accepted
x=3.24998 y=1.49993 yaw=-5.08477 score=0.978562 valid=1 mode=tracking state=TRACKING evaluated=807 execution_us=46619 reason=tracking_pose_accepted
x=3.19998 y=1.49993 yaw=-5.08571 score=0.97554 valid=1 mode=tracking state=TRACKING evaluated=807 execution_us=46309 reason=tracking_pose_accepted
x=3.19998 y=1.49993 yaw=-5.08664 score=0.979253 valid=1 mode=tracking state=TRACKING evaluated=807 execution_us=45905 reason=tracking_pose_accepted
x=3.19998 y=1.49993 yaw=-5.08758 score=0.98185 valid=1 mode=tracking state=TRACKING evaluated=807 execution_us=45934 reason=tracking_pose_accepted
x=3.19998 y=1.49993 yaw=-5.08851 score=0.982142 valid=1 mode=tracking state=TRACKING evaluated=807 execution_us=46102 reason=tracking_pose_accepted
x=3.19998 y=1.49993 yaw=-5.08944 score=0.980058 valid=1 mode=tracking state=TRACKING evaluated=807 execution_us=46263 reason=tracking_pose_accepted
x=3.19998 y=1.49993 yaw=-5.10783 score=0.980952 valid=1 mode=tracking state=TRACKING evaluated=807 execution_us=46462 reason=tracking_pose_accepted
x=3.19998 y=1.49993 yaw=-5.10876 score=0.98183 valid=1 mode=tracking state=TRACKING evaluated=807 execution_us=46509 reason=tracking_pose_accepted
x=3.19998 y=1.49993 yaw=-5.09225 score=0.983057 valid=1 mode=tracking state=TRACKING evaluated=807 execution_us=46185 reason=tracking_pose_accepted
x=3.19998 y=1.49993 yaw=-5.09318 score=0.978819 valid=1 mode=tracking state=TRACKING evaluated=807 execution_us=45591 reason=tracking_pose_accepted
x=3.19998 y=1.49993 yaw=-5.09411 score=0.978856 valid=1 mode=tracking state=TRACKING evaluated=807 execution_us=45811 reason=tracking_pose_accepted
x=3.19998 y=1.49993 yaw=-5.1125 score=0.982765 valid=1 mode=tracking state=TRACKING evaluated=807 execution_us=46234 reason=tracking_pose_accepted
x=3.19998 y=1.49993 yaw=-5.11343 score=0.980613 valid=1 mode=tracking state=TRACKING evaluated=807 execution_us=45890 reason=tracking_pose_accepted
x=3.19998 y=1.49993 yaw=-5.09691 score=0.977383 valid=1 mode=tracking state=TRACKING evaluated=807 execution_us=46345 reason=tracking_pose_accepted
x=3.19998 y=1.49993 yaw=-5.09785 score=0.979196 valid=1 mode=tracking state=TRACKING evaluated=807 execution_us=45622 reason=tracking_pose_accepted
x=3.24998 y=1.49993 yaw=-5.09878 score=0.979739 valid=1 mode=tracking state=TRACKING evaluated=807 execution_us=45553 reason=tracking_pose_accepted
x=3.24998 y=1.49993 yaw=-5.08226 score=0.97887 valid=1 mode=tracking state=TRACKING evaluated=807 execution_us=46282 reason=tracking_pose_accepted
x=3.19998 y=1.49993 yaw=-5.1181 score=0.977687 valid=1 mode=tracking state=TRACKING evaluated=807 execution_us=45272 reason=tracking_pose_accepted
x=3.24998 y=1.49993 yaw=-5.08413 score=0.978577 valid=1 mode=tracking state=TRACKING evaluated=807 execution_us=45909 reason=tracking_pose_accepted
x=3.19998 y=1.49993 yaw=-5.11997 score=0.977506 valid=1 mode=tracking state=TRACKING evaluated=807 execution_us=45920 reason=tracking_pose_accepted
x=3.19998 y=1.49993 yaw=-5.086 score=0.978391 valid=1 mode=tracking state=TRACKING evaluated=807 execution_us=45984 reason=tracking_pose_accepted
x=3.19998 y=1.49993 yaw=-5.10438 score=0.979266 valid=1 mode=tracking state=TRACKING evaluated=807 execution_us=46021 reason=tracking_pose_accepted
x=3.19998 y=1.49993 yaw=-5.08787 score=0.981438 valid=1 mode=tracking state=TRACKING evaluated=807 execution_us=46001 reason=tracking_pose_accepted
x=3.19998 y=1.49993 yaw=-5.0888 score=0.97544 valid=1 mode=tracking state=TRACKING evaluated=807 execution_us=45871 reason=tracking_pose_accepted
x=3.19998 y=1.49993 yaw=-5.08973 score=0.979159 valid=1 mode=tracking state=TRACKING evaluated=807 execution_us=46046 reason=tracking_pose_accepted
x=3.19998 y=1.49993 yaw=-5.09067 score=0.981642 valid=1 mode=tracking state=TRACKING evaluated=807 execution_us=45582 reason=tracking_pose_accepted
x=3.19998 y=1.49993 yaw=-5.0916 score=0.983047 valid=1 mode=tracking state=TRACKING evaluated=807 execution_us=46129 reason=tracking_pose_accepted
x=3.19998 y=1.49993 yaw=-5.09253 score=0.981689 valid=1 mode=tracking state=TRACKING evaluated=807 execution_us=45994 reason=tracking_pose_accepted
x=3.19998 y=1.49993 yaw=-5.11092 score=0.982283 valid=1 mode=tracking state=TRACKING evaluated=807 execution_us=45836 reason=tracking_pose_accepted
x=3.19998 y=1.49993 yaw=-5.11186 score=0.980915 valid=1 mode=tracking state=TRACKING evaluated=807 execution_us=45714 reason=tracking_pose_accepted
x=3.19998 y=1.49993 yaw=-5.11279 score=0.98005 valid=1 mode=tracking state=TRACKING evaluated=807 execution_us=45857 reason=tracking_pose_accepted
x=3.19998 y=1.49993 yaw=-5.11372 score=0.979199 valid=1 mode=tracking state=TRACKING evaluated=807 execution_us=46033 reason=tracking_pose_accepted
x=3.19998 y=1.49993 yaw=-5.11466 score=0.982116 valid=1 mode=tracking state=TRACKING evaluated=807 execution_us=46126 reason=tracking_pose_accepted
x=3.19998 y=1.49993 yaw=-5.11559 score=0.98001 valid=1 mode=tracking state=TRACKING evaluated=807 execution_us=46006 reason=tracking_pose_accepted
x=3.24998 y=1.49993 yaw=-5.09907 score=0.980302 valid=1 mode=tracking state=TRACKING evaluated=807 execution_us=45954 reason=tracking_pose_accepted
x=3.24998 y=1.49993 yaw=-5.1 score=0.980805 valid=1 mode=tracking state=TRACKING evaluated=807 execution_us=46603 reason=tracking_pose_accepted
x=3.19998 y=1.49993 yaw=-5.11839 score=0.97738 valid=1 mode=tracking state=TRACKING evaluated=807 execution_us=45794 reason=tracking_pose_accepted
x=3.19998 y=1.49993 yaw=-5.08442 score=0.982152 valid=1 mode=tracking state=TRACKING evaluated=807 execution_us=45950 reason=tracking_pose_accepted
x=3.19998 y=1.49993 yaw=-5.08535 score=0.977433 valid=1 mode=tracking state=TRACKING evaluated=807 execution_us=46301 reason=tracking_pose_accepted
x=3.19998 y=1.49993 yaw=-5.08629 score=0.98184 valid=1 mode=tracking state=TRACKING evaluated=807 execution_us=46119 reason=tracking_pose_accepted
x=3.19998 y=1.49993 yaw=-5.08722 score=0.979588 valid=1 mode=tracking state=TRACKING evaluated=807 execution_us=46381 reason=tracking_pose_accepted
x=3.19998 y=1.49993 yaw=-5.08816 score=0.981538 valid=1 mode=tracking state=TRACKING evaluated=807 execution_us=45827 reason=tracking_pose_accepted
x=3.19998 y=1.49993 yaw=-5.08909 score=0.978193 valid=1 mode=tracking state=TRACKING evaluated=807 execution_us=45850 reason=tracking_pose_accepted
x=3.19998 y=1.49993 yaw=-5.09002 score=0.982443 valid=1 mode=tracking state=TRACKING evaluated=807 execution_us=46523 reason=tracking_pose_accepted
x=3.19998 y=1.49993 yaw=-5.09096 score=0.976872 valid=1 mode=tracking state=TRACKING evaluated=807 execution_us=46166 reason=tracking_pose_accepted
x=3.19998 y=1.49993 yaw=-5.09189 score=0.982745 valid=1 mode=tracking state=TRACKING evaluated=807 execution_us=45923 reason=tracking_pose_accepted
x=3.19998 y=1.49993 yaw=-5.11028 score=0.983188 valid=1 mode=tracking state=TRACKING evaluated=807 execution_us=46420 reason=tracking_pose_accepted
x=3.19998 y=1.49993 yaw=-5.11121 score=0.982081 valid=1 mode=tracking state=TRACKING evaluated=807 execution_us=45804 reason=tracking_pose_accepted
x=3.19998 y=1.49993 yaw=-5.09469 score=0.982956 valid=1 mode=tracking state=TRACKING evaluated=807 execution_us=46621 reason=tracking_pose_accepted
x=3.24998 y=1.49993 yaw=-5.09563 score=0.976771 valid=1 mode=tracking state=TRACKING evaluated=807 execution_us=46160 reason=tracking_pose_accepted
x=3.19998 y=1.49993 yaw=-5.09656 score=0.978914 valid=1 mode=tracking state=TRACKING evaluated=807 execution_us=46167 reason=tracking_pose_accepted
x=3.19998 y=1.49993 yaw=-5.09749 score=0.978019 valid=1 mode=tracking state=TRACKING evaluated=807 execution_us=46197 reason=tracking_pose_accepted
x=3.24998 y=1.49993 yaw=-5.09843 score=0.97539 valid=1 mode=tracking state=TRACKING evaluated=807 execution_us=45831 reason=tracking_pose_accepted
x=3.24998 y=1.49993 yaw=-5.08191 score=0.978467 valid=1 mode=tracking state=TRACKING evaluated=807 execution_us=45682 reason=tracking_pose_accepted
x=3.19998 y=1.49993 yaw=-5.1003 score=0.979646 valid=1 mode=tracking state=TRACKING evaluated=807 execution_us=46311 reason=tracking_pose_accepted
x=3.24997 y=1.49993 yaw=-5.08378 score=0.977355 valid=1 mode=tracking state=TRACKING evaluated=807 execution_us=45913 reason=tracking_pose_accepted
x=3.19997 y=1.49993 yaw=-5.08471 score=0.981237 valid=1 mode=tracking state=TRACKING evaluated=807 execution_us=46079 reason=tracking_pose_accepted
x=3.19997 y=1.49993 yaw=-5.08565 score=0.980818 valid=1 mode=tracking state=TRACKING evaluated=807 execution_us=45617 reason=tracking_pose_accepted
x=3.19997 y=1.49993 yaw=-5.08658 score=0.977134 valid=1 mode=tracking state=TRACKING evaluated=807 execution_us=45846 reason=tracking_pose_accepted
x=3.19997 y=1.49993 yaw=-5.08751 score=0.977634 valid=1 mode=tracking state=TRACKING evaluated=807 execution_us=46304 reason=tracking_pose_accepted
x=3.19997 y=1.49993 yaw=-5.08845 score=0.98184 valid=1 mode=tracking state=TRACKING evaluated=807 execution_us=45563 reason=tracking_pose_accepted
x=3.19997 y=1.49993 yaw=-5.08938 score=0.976341 valid=1 mode=tracking state=TRACKING evaluated=807 execution_us=46065 reason=tracking_pose_accepted
x=3.19997 y=1.49993 yaw=-5.09032 score=0.982453 valid=1 mode=tracking state=TRACKING evaluated=807 execution_us=46468 reason=tracking_pose_accepted
x=3.19997 y=1.49993 yaw=-5.1087 score=0.983489 valid=1 mode=tracking state=TRACKING evaluated=807 execution_us=45948 reason=tracking_pose_accepted
x=3.19997 y=1.49993 yaw=-5.09218 score=0.979858 valid=1 mode=tracking state=TRACKING evaluated=807 execution_us=45634 reason=tracking_pose_accepted
x=3.19997 y=1.49993 yaw=-5.09312 score=0.980523 valid=1 mode=tracking state=TRACKING evaluated=807 execution_us=46101 reason=tracking_pose_accepted
x=3.19997 y=1.49993 yaw=-5.1115 score=0.983067 valid=1 mode=tracking state=TRACKING evaluated=807 execution_us=45905 reason=tracking_pose_accepted
x=3.19997 y=1.49993 yaw=-5.11244 score=0.980221 valid=1 mode=tracking state=TRACKING evaluated=807 execution_us=45804 reason=tracking_pose_accepted
x=3.19997 y=1.49993 yaw=-5.11337 score=0.98186 valid=1 mode=tracking state=TRACKING evaluated=807 execution_us=45840 reason=tracking_pose_accepted
x=3.19997 y=1.49993 yaw=-5.11431 score=0.981076 valid=1 mode=tracking state=TRACKING evaluated=807 execution_us=45589 reason=tracking_pose_accepted
x=3.19997 y=1.49993 yaw=-5.11524 score=0.979301 valid=1 mode=tracking state=TRACKING evaluated=807 execution_us=45964 reason=tracking_pose_accepted
x=3.19997 y=1.49993 yaw=-5.11617 score=0.979326 valid=1 mode=tracking state=TRACKING evaluated=807 execution_us=45533 reason=tracking_pose_accepted
x=3.19997 y=1.49993 yaw=-5.11711 score=0.978542 valid=1 mode=tracking state=TRACKING evaluated=807 execution_us=45736 reason=tracking_pose_accepted
x=3.24997 y=1.49993 yaw=-5.08313 score=0.977657 valid=1 mode=tracking state=TRACKING evaluated=807 execution_us=46056 reason=tracking_pose_accepted
x=3.19997 y=1.49993 yaw=-5.10152 score=0.978632 valid=1 mode=tracking state=TRACKING evaluated=807 execution_us=46098 reason=tracking_pose_accepted
x=3.19997 y=1.49993 yaw=-5.085 score=0.977398 valid=1 mode=tracking state=TRACKING evaluated=807 execution_us=45832 reason=tracking_pose_accepted
x=3.19997 y=1.49993 yaw=-5.08594 score=0.980935 valid=1 mode=tracking state=TRACKING evaluated=807 execution_us=46224 reason=tracking_pose_accepted
x=3.19997 y=1.49993 yaw=-5.08687 score=0.97811 valid=1 mode=tracking state=TRACKING evaluated=807 execution_us=46114 reason=tracking_pose_accepted
x=3.19997 y=1.49993 yaw=-5.0878 score=0.977365 valid=1 mode=tracking state=TRACKING evaluated=807 execution_us=45888 reason=tracking_pose_accepted
x=3.19997 y=1.49993 yaw=-5.08874 score=0.981433 valid=1 mode=tracking state=TRACKING evaluated=807 execution_us=45870 reason=tracking_pose_accepted
x=3.19997 y=1.49993 yaw=-5.08967 score=0.981736 valid=1 mode=tracking state=TRACKING evaluated=807 execution_us=46135 reason=tracking_pose_accepted
x=3.19997 y=1.49993 yaw=-5.10806 score=0.979045 valid=1 mode=tracking state=TRACKING evaluated=807 execution_us=46609 reason=tracking_pose_accepted
x=3.19997 y=1.49993 yaw=-5.09154 score=0.98366 valid=1 mode=tracking state=TRACKING evaluated=807 execution_us=45764 reason=tracking_pose_accepted
x=3.19997 y=1.49993 yaw=-5.09247 score=0.983047 valid=1 mode=tracking state=TRACKING evaluated=807 execution_us=46021 reason=tracking_pose_accepted
x=3.19997 y=1.49993 yaw=-5.09341 score=0.981388 valid=1 mode=tracking state=TRACKING evaluated=807 execution_us=46185 reason=tracking_pose_accepted
x=3.19997 y=1.49993 yaw=-5.09434 score=0.977239 valid=1 mode=tracking state=TRACKING evaluated=807 execution_us=45784 reason=tracking_pose_accepted
x=3.19997 y=1.49993 yaw=-5.09527 score=0.981783 valid=1 mode=tracking state=TRACKING evaluated=807 execution_us=46514 reason=tracking_pose_accepted
x=3.19997 y=1.49993 yaw=-5.11366 score=0.98182 valid=1 mode=tracking state=TRACKING evaluated=807 execution_us=46690 reason=tracking_pose_accepted
x=3.19997 y=1.49993 yaw=-5.11459 score=0.977921 valid=1 mode=tracking state=TRACKING evaluated=807 execution_us=46259 reason=tracking_pose_accepted
x=3.19997 y=1.49993 yaw=-5.11553 score=0.980995 valid=1 mode=tracking state=TRACKING evaluated=807 execution_us=46440 reason=tracking_pose_accepted
x=3.19997 y=1.49993 yaw=-5.11646 score=0.978793 valid=1 mode=tracking state=TRACKING evaluated=807 execution_us=46467 reason=tracking_pose_accepted
x=3.19997 y=1.49993 yaw=-5.09994 score=0.97834 valid=1 mode=tracking state=TRACKING evaluated=807 execution_us=45593 reason=tracking_pose_accepted
x=3.24997 y=1.49993 yaw=-5.08342 score=0.978522 valid=1 mode=tracking state=TRACKING evaluated=807 execution_us=45959 reason=tracking_pose_accepted
x=3.19997 y=1.49993 yaw=-5.08436 score=0.977391 valid=1 mode=tracking state=TRACKING evaluated=807 execution_us=45807 reason=tracking_pose_accepted
x=3.24997 y=1.49993 yaw=-5.08529 score=0.975807 valid=1 mode=tracking state=TRACKING evaluated=807 execution_us=45828 reason=tracking_pose_accepted
x=3.19997 y=1.49993 yaw=-5.08623 score=0.981538 valid=1 mode=tracking state=TRACKING evaluated=807 execution_us=45958 reason=tracking_pose_accepted
x=3.19997 y=1.49993 yaw=-5.08716 score=0.980835 valid=1 mode=tracking state=TRACKING evaluated=807 execution_us=46004 reason=tracking_pose_accepted
x=3.19997 y=1.49993 yaw=-5.08809 score=0.981538 valid=1 mode=tracking state=TRACKING evaluated=807 execution_us=46270 reason=tracking_pose_accepted
x=3.24997 y=1.49993 yaw=-5.08903 score=0.97605 valid=1 mode=tracking state=TRACKING evaluated=807 execution_us=46077 reason=tracking_pose_accepted
x=3.19997 y=1.49993 yaw=-5.10741 score=0.983489 valid=1 mode=tracking state=TRACKING evaluated=807 execution_us=45881 reason=tracking_pose_accepted
x=3.19997 y=1.49993 yaw=-5.10835 score=0.980211 valid=1 mode=tracking state=TRACKING evaluated=807 execution_us=45965 reason=tracking_pose_accepted
x=3.19997 y=1.49993 yaw=-5.10928 score=0.984696 valid=1 mode=tracking state=TRACKING evaluated=807 execution_us=45628 reason=tracking_pose_accepted
x=3.19997 y=1.49993 yaw=-5.11022 score=0.984052 valid=1 mode=tracking state=TRACKING evaluated=807 execution_us=45646 reason=tracking_pose_accepted
x=3.19997 y=1.49993 yaw=-5.0937 score=0.97633 valid=1 mode=tracking state=TRACKING evaluated=807 execution_us=45920 reason=tracking_pose_accepted
x=3.19997 y=1.49993 yaw=-5.11208 score=0.978176 valid=1 mode=tracking state=TRACKING evaluated=807 execution_us=46031 reason=tracking_pose_accepted
x=3.19997 y=1.49993 yaw=-5.11302 score=0.982886 valid=1 mode=tracking state=TRACKING evaluated=807 execution_us=46422 reason=tracking_pose_accepted
x=3.19997 y=1.49993 yaw=-5.11395 score=0.982464 valid=1 mode=tracking state=TRACKING evaluated=807 execution_us=45671 reason=tracking_pose_accepted
x=3.19997 y=1.49993 yaw=-5.11488 score=0.979918 valid=1 mode=tracking state=TRACKING evaluated=807 execution_us=45677 reason=tracking_pose_accepted
x=3.19997 y=1.49993 yaw=-5.11582 score=0.98018 valid=1 mode=tracking state=TRACKING evaluated=807 execution_us=46159 reason=tracking_pose_accepted
x=3.19997 y=1.49993 yaw=-5.11675 score=0.98001 valid=1 mode=tracking state=TRACKING evaluated=807 execution_us=45683 reason=tracking_pose_accepted
x=3.19997 y=1.49993 yaw=-5.11768 score=0.979216 valid=1 mode=tracking state=TRACKING evaluated=807 execution_us=45922 reason=tracking_pose_accepted
x=3.19997 y=1.49993 yaw=-5.08371 score=0.978091 valid=1 mode=tracking state=TRACKING evaluated=807 execution_us=47013 reason=tracking_pose_accepted
x=3.19997 y=1.49993 yaw=-5.11955 score=0.9777 valid=1 mode=tracking state=TRACKING evaluated=807 execution_us=45621 reason=tracking_pose_accepted
x=3.19997 y=1.49993 yaw=-5.12049 score=0.975227 valid=1 mode=tracking state=TRACKING evaluated=807 execution_us=45636 reason=tracking_pose_accepted
x=3.19997 y=1.49993 yaw=-5.08651 score=0.980937 valid=1 mode=tracking state=TRACKING evaluated=807 execution_us=45618 reason=tracking_pose_accepted
x=3.19997 y=1.49993 yaw=-5.08745 score=0.982755 valid=1 mode=tracking state=TRACKING evaluated=807 execution_us=46007 reason=tracking_pose_accepted
x=3.19997 y=1.49993 yaw=-5.08838 score=0.977946 valid=1 mode=tracking state=TRACKING evaluated=807 execution_us=46104 reason=tracking_pose_accepted
x=3.19997 y=1.49993 yaw=-5.08932 score=0.981474 valid=1 mode=tracking state=TRACKING evaluated=807 execution_us=45594 reason=tracking_pose_accepted
x=3.19997 y=1.49993 yaw=-5.09025 score=0.978882 valid=1 mode=tracking state=TRACKING evaluated=807 execution_us=46133 reason=tracking_pose_accepted
x=3.19997 y=1.49993 yaw=-5.10864 score=0.983791 valid=1 mode=tracking state=TRACKING evaluated=807 execution_us=46153 reason=tracking_pose_accepted
x=3.19997 y=1.49993 yaw=-5.10957 score=0.981463 valid=1 mode=tracking state=TRACKING evaluated=807 execution_us=45801 reason=tracking_pose_accepted
x=3.19997 y=1.49993 yaw=-5.09305 score=0.982443 valid=1 mode=tracking state=TRACKING evaluated=807 execution_us=46016 reason=tracking_pose_accepted
x=3.19997 y=1.49993 yaw=-5.09399 score=0.974766 valid=1 mode=tracking state=TRACKING evaluated=807 execution_us=46230 reason=tracking_pose_accepted
x=3.19997 y=1.49993 yaw=-5.11237 score=0.980362 valid=1 mode=tracking state=TRACKING evaluated=807 execution_us=45813 reason=tracking_pose_accepted
x=3.19997 y=1.49993 yaw=-5.09585 score=0.981441 valid=1 mode=tracking state=TRACKING evaluated=807 execution_us=46224 reason=tracking_pose_accepted
x=3.19997 y=1.49993 yaw=-5.11424 score=0.981398 valid=1 mode=tracking state=TRACKING evaluated=807 execution_us=45913 reason=tracking_pose_accepted
x=3.19997 y=1.49993 yaw=-5.11517 score=0.980312 valid=1 mode=tracking state=TRACKING evaluated=807 execution_us=46254 reason=tracking_pose_accepted
x=3.19997 y=1.49993 yaw=-5.11611 score=0.97636 valid=1 mode=tracking state=TRACKING evaluated=807 execution_us=46621 reason=tracking_pose_accepted
x=3.19997 y=1.49993 yaw=-5.09959 score=0.978037 valid=1 mode=tracking state=TRACKING evaluated=807 execution_us=45698 reason=tracking_pose_accepted
x=3.19997 y=1.49993 yaw=-5.10052 score=0.976481 valid=1 mode=tracking state=TRACKING evaluated=807 execution_us=45716 reason=tracking_pose_accepted
x=3.19997 y=1.49993 yaw=-5.084 score=0.972989 valid=1 mode=tracking state=TRACKING evaluated=807 execution_us=46207 reason=tracking_pose_accepted
x=3.19997 y=1.49993 yaw=-5.11984 score=0.977129 valid=1 mode=tracking state=TRACKING evaluated=807 execution_us=46185 reason=tracking_pose_accepted
x=3.19997 y=1.49993 yaw=-5.08587 score=0.981538 valid=1 mode=tracking state=TRACKING evaluated=807 execution_us=46935 reason=tracking_pose_accepted
x=3.19997 y=1.49993 yaw=-5.0868 score=0.977691 valid=1 mode=tracking state=TRACKING evaluated=807 execution_us=46059 reason=tracking_pose_accepted
x=3.19997 y=1.49993 yaw=-5.08774 score=0.980896 valid=1 mode=tracking state=TRACKING evaluated=807 execution_us=45498 reason=tracking_pose_accepted
x=3.19997 y=1.49993 yaw=-5.08867 score=0.979932 valid=1 mode=tracking state=TRACKING evaluated=807 execution_us=46511 reason=tracking_pose_accepted
x=3.24997 y=1.49993 yaw=-5.0896 score=0.980433 valid=1 mode=tracking state=TRACKING evaluated=807 execution_us=45528 reason=tracking_pose_accepted
x=3.19997 y=1.49993 yaw=-5.09054 score=0.980845 valid=1 mode=tracking state=TRACKING evaluated=807 execution_us=45759 reason=tracking_pose_accepted
x=3.19997 y=1.49993 yaw=-5.10893 score=0.984897 valid=1 mode=tracking state=TRACKING evaluated=807 execution_us=45904 reason=tracking_pose_accepted
x=3.19997 y=1.49993 yaw=-5.09241 score=0.983788 valid=1 mode=tracking state=TRACKING evaluated=807 execution_us=45528 reason=tracking_pose_accepted
x=3.19997 y=1.49993 yaw=-5.07589 score=0.983067 valid=1 mode=tracking state=TRACKING evaluated=807 execution_us=45812 reason=tracking_pose_accepted
x=3.19997 y=1.49993 yaw=-5.07682 score=0.982545 valid=1 mode=tracking state=TRACKING evaluated=807 execution_us=45693 reason=tracking_pose_accepted
x=3.19997 y=1.49993 yaw=-5.07775 score=0.986521 valid=1 mode=tracking state=TRACKING evaluated=807 execution_us=45778 reason=tracking_pose_accepted
x=3.19997 y=1.49993 yaw=-5.07869 score=0.987641 valid=1 mode=tracking state=TRACKING evaluated=807 execution_us=46145 reason=tracking_pose_accepted
x=3.19997 y=1.49993 yaw=-5.07962 score=0.985913 valid=1 mode=tracking state=TRACKING evaluated=807 execution_us=45584 reason=tracking_pose_accepted
x=3.19997 y=1.49993 yaw=-5.08055 score=0.982464 valid=1 mode=tracking state=TRACKING evaluated=807 execution_us=45528 reason=tracking_pose_accepted
x=3.19997 y=1.49993 yaw=-5.08149 score=0.98554 valid=1 mode=tracking state=TRACKING evaluated=807 execution_us=45275 reason=tracking_pose_accepted
x=3.19997 y=1.49993 yaw=-5.08242 score=0.984606 valid=1 mode=tracking state=TRACKING evaluated=807 execution_us=45920 reason=tracking_pose_accepted
x=3.19997 y=1.49993 yaw=-5.08336 score=0.983396 valid=1 mode=tracking state=TRACKING evaluated=807 execution_us=45683 reason=tracking_pose_accepted
x=3.19997 y=1.49993 yaw=-5.08429 score=0.985685 valid=1 mode=tracking state=TRACKING evaluated=807 execution_us=45896 reason=tracking_pose_accepted
x=3.19997 y=1.49993 yaw=-5.08522 score=0.983912 valid=1 mode=tracking state=TRACKING evaluated=807 execution_us=45580 reason=tracking_pose_accepted
x=3.19997 y=1.49993 yaw=-5.0687 score=0.983424 valid=1 mode=tracking state=TRACKING evaluated=807 execution_us=46205 reason=tracking_pose_accepted
x=3.19997 y=1.49993 yaw=-5.08709 score=0.98371 valid=1 mode=tracking state=TRACKING evaluated=807 execution_us=45869 reason=tracking_pose_accepted
x=3.19997 y=1.49993 yaw=-5.08802 score=0.984072 valid=1 mode=tracking state=TRACKING evaluated=807 execution_us=45894 reason=tracking_pose_accepted
x=3.19997 y=1.49993 yaw=-5.08896 score=0.984032 valid=1 mode=tracking state=TRACKING evaluated=807 execution_us=46335 reason=tracking_pose_accepted
x=3.19997 y=1.49993 yaw=-5.08989 score=0.983147 valid=1 mode=tracking state=TRACKING evaluated=807 execution_us=45967 reason=tracking_pose_accepted
x=3.19997 y=1.49993 yaw=-5.07337 score=0.982252 valid=1 mode=tracking state=TRACKING evaluated=807 execution_us=45916 reason=tracking_pose_accepted
x=3.19997 y=1.49993 yaw=-5.05685 score=0.980231 valid=1 mode=tracking state=TRACKING evaluated=807 execution_us=46040 reason=tracking_pose_accepted
x=3.19997 y=1.49993 yaw=-5.09269 score=0.978769 valid=1 mode=tracking state=TRACKING evaluated=807 execution_us=45891 reason=tracking_pose_accepted
x=3.19997 y=1.49993 yaw=-5.07617 score=0.98011 valid=1 mode=tracking state=TRACKING evaluated=807 execution_us=45797 reason=tracking_pose_accepted
x=3.19997 y=1.49993 yaw=-5.05965 score=0.979666 valid=1 mode=tracking state=TRACKING evaluated=807 execution_us=45686 reason=tracking_pose_accepted
x=3.19997 y=1.49993 yaw=-5.07804 score=0.982604 valid=1 mode=tracking state=TRACKING evaluated=807 execution_us=46248 reason=tracking_pose_accepted
x=3.19997 y=1.49993 yaw=-5.07897 score=0.981951 valid=1 mode=tracking state=TRACKING evaluated=807 execution_us=46239 reason=tracking_pose_accepted
x=3.19997 y=1.49993 yaw=-5.07991 score=0.984808 valid=1 mode=tracking state=TRACKING evaluated=807 execution_us=45826 reason=tracking_pose_accepted
x=3.19997 y=1.49993 yaw=-5.08084 score=0.983308 valid=1 mode=tracking state=TRACKING evaluated=807 execution_us=45834 reason=tracking_pose_accepted
x=3.19997 y=1.49993 yaw=-5.08178 score=0.98183 valid=1 mode=tracking state=TRACKING evaluated=807 execution_us=46250 reason=tracking_pose_accepted
x=3.19997 y=1.49993 yaw=-5.08271 score=0.982594 valid=1 mode=tracking state=TRACKING evaluated=807 execution_us=45717 reason=tracking_pose_accepted
x=3.19997 y=1.49993 yaw=-5.08364 score=0.983709 valid=1 mode=tracking state=TRACKING evaluated=807 execution_us=45796 reason=tracking_pose_accepted
x=3.19997 y=1.49993 yaw=-5.08458 score=0.986679 valid=1 mode=tracking state=TRACKING evaluated=807 execution_us=45843 reason=tracking_pose_accepted
x=3.19997 y=1.49993 yaw=-5.08551 score=0.983929 valid=1 mode=tracking state=TRACKING evaluated=807 execution_us=45369 reason=tracking_pose_accepted
x=3.19997 y=1.49993 yaw=-5.08644 score=0.984465 valid=1 mode=tracking state=TRACKING evaluated=807 execution_us=45947 reason=tracking_pose_accepted
x=3.19997 y=1.49993 yaw=-5.08738 score=0.983188 valid=1 mode=tracking state=TRACKING evaluated=807 execution_us=45788 reason=tracking_pose_accepted
x=3.19997 y=1.49993 yaw=-5.08831 score=0.98393 valid=1 mode=tracking state=TRACKING evaluated=807 execution_us=45676 reason=tracking_pose_accepted
x=3.19997 y=1.49993 yaw=-5.08924 score=0.981189 valid=1 mode=tracking state=TRACKING evaluated=807 execution_us=46345 reason=tracking_pose_accepted
x=3.19997 y=1.49993 yaw=-5.09018 score=0.980975 valid=1 mode=tracking state=TRACKING evaluated=807 execution_us=45641 reason=tracking_pose_accepted
x=3.19997 y=1.49993 yaw=-5.09111 score=0.981247 valid=1 mode=tracking state=TRACKING evaluated=807 execution_us=45777 reason=tracking_pose_accepted
x=3.19997 y=1.49993 yaw=-5.05714 score=0.980574 valid=1 mode=tracking state=TRACKING evaluated=807 execution_us=45879 reason=tracking_pose_accepted
x=3.19997 y=1.49993 yaw=-5.05807 score=0.979879 valid=1 mode=tracking state=TRACKING evaluated=807 execution_us=56673 reason=tracking_pose_accepted
x=3.19997 y=1.49993 yaw=-5.09391 score=0.977902 valid=1 mode=tracking state=TRACKING evaluated=807 execution_us=46099 reason=tracking_pose_accepted
x=3.19997 y=1.49993 yaw=-5.05994 score=0.980181 valid=1 mode=tracking state=TRACKING evaluated=807 execution_us=45750 reason=tracking_pose_accepted
x=3.19997 y=1.49993 yaw=-5.07833 score=0.981602 valid=1 mode=tracking state=TRACKING evaluated=807 execution_us=45710 reason=tracking_pose_accepted
x=3.19997 y=1.49993 yaw=-5.06181 score=0.98185 valid=1 mode=tracking state=TRACKING evaluated=807 execution_us=46188 reason=tracking_pose_accepted
x=3.19997 y=1.49993 yaw=-5.0802 score=0.982056 valid=1 mode=tracking state=TRACKING evaluated=807 execution_us=45548 reason=tracking_pose_accepted
x=3.19997 y=1.49993 yaw=-5.08113 score=0.984686 valid=1 mode=tracking state=TRACKING evaluated=807 execution_us=45873 reason=tracking_pose_accepted
x=3.19997 y=1.49993 yaw=-5.08206 score=0.985608 valid=1 mode=tracking state=TRACKING evaluated=807 execution_us=46257 reason=tracking_pose_accepted
x=3.19997 y=1.49993 yaw=-5.083 score=0.984556 valid=1 mode=tracking state=TRACKING evaluated=807 execution_us=45637 reason=tracking_pose_accepted
x=3.19997 y=1.49993 yaw=-5.08393 score=0.986028 valid=1 mode=tracking state=TRACKING evaluated=807 execution_us=45740 reason=tracking_pose_accepted
x=3.19997 y=1.49993 yaw=-5.08486 score=0.984505 valid=1 mode=tracking state=TRACKING evaluated=807 execution_us=45801 reason=tracking_pose_accepted
x=3.19997 y=1.49993 yaw=-5.0858 score=0.984717 valid=1 mode=tracking state=TRACKING evaluated=807 execution_us=45739 reason=tracking_pose_accepted
x=3.19997 y=1.49993 yaw=-5.08673 score=0.984153 valid=1 mode=tracking state=TRACKING evaluated=807 execution_us=46407 reason=tracking_pose_accepted
x=3.19997 y=1.49993 yaw=-5.08767 score=0.984233 valid=1 mode=tracking state=TRACKING evaluated=807 execution_us=45743 reason=tracking_pose_accepted
x=3.19997 y=1.49993 yaw=-5.0886 score=0.982136 valid=1 mode=tracking state=TRACKING evaluated=807 execution_us=45804 reason=tracking_pose_accepted
x=3.19997 y=1.49993 yaw=-5.08953 score=0.982585 valid=1 mode=tracking state=TRACKING evaluated=807 execution_us=46748 reason=tracking_pose_accepted
x=3.19997 y=1.49993 yaw=-5.07301 score=0.980734 valid=1 mode=tracking state=TRACKING evaluated=807 execution_us=45988 reason=tracking_pose_accepted
x=3.19997 y=1.49993 yaw=-5.07395 score=0.975341 valid=1 mode=tracking state=TRACKING evaluated=807 execution_us=45845 reason=tracking_pose_accepted
x=3.19997 y=1.49993 yaw=-5.09233 score=0.981287 valid=1 mode=tracking state=TRACKING evaluated=807 execution_us=46174 reason=tracking_pose_accepted
x=3.19997 y=1.49993 yaw=-5.09327 score=0.977845 valid=1 mode=tracking state=TRACKING evaluated=807 execution_us=46086 reason=tracking_pose_accepted
x=3.19997 y=1.49993 yaw=-5.07675 score=0.982247 valid=1 mode=tracking state=TRACKING evaluated=807 execution_us=46267 reason=tracking_pose_accepted
x=3.19997 y=1.49993 yaw=-5.07768 score=0.983523 valid=1 mode=tracking state=TRACKING evaluated=807 execution_us=45423 reason=tracking_pose_accepted
x=3.19997 y=1.49993 yaw=-5.07861 score=0.981884 valid=1 mode=tracking state=TRACKING evaluated=807 execution_us=45850 reason=tracking_pose_accepted
x=3.19997 y=1.49993 yaw=-5.07955 score=0.98511 valid=1 mode=tracking state=TRACKING evaluated=807 execution_us=46254 reason=tracking_pose_accepted
x=3.19997 y=1.49993 yaw=-5.08048 score=0.982166 valid=1 mode=tracking state=TRACKING evaluated=807 execution_us=45644 reason=tracking_pose_accepted
x=3.19997 y=1.49993 yaw=-5.08142 score=0.984847 valid=1 mode=tracking state=TRACKING evaluated=807 execution_us=45904 reason=tracking_pose_accepted
x=3.19997 y=1.49993 yaw=-5.08235 score=0.984615 valid=1 mode=tracking state=TRACKING evaluated=807 execution_us=46046 reason=tracking_pose_accepted
x=3.19997 y=1.49993 yaw=-5.08328 score=0.985789 valid=1 mode=tracking state=TRACKING evaluated=807 execution_us=45778 reason=tracking_pose_accepted
x=3.19997 y=1.49993 yaw=-5.08422 score=0.98511 valid=1 mode=tracking state=TRACKING evaluated=807 execution_us=45832 reason=tracking_pose_accepted
x=3.19997 y=1.49993 yaw=-5.08515 score=0.984314 valid=1 mode=tracking state=TRACKING evaluated=807 execution_us=46041 reason=tracking_pose_accepted
x=3.19997 y=1.49993 yaw=-5.08608 score=0.983225 valid=1 mode=tracking state=TRACKING evaluated=807 execution_us=45757 reason=tracking_pose_accepted
x=3.19997 y=1.49993 yaw=-5.08702 score=0.983971 valid=1 mode=tracking state=TRACKING evaluated=807 execution_us=46203 reason=tracking_pose_accepted
x=3.19997 y=1.49993 yaw=-5.08795 score=0.984465 valid=1 mode=tracking state=TRACKING evaluated=807 execution_us=45288 reason=tracking_pose_accepted
x=3.19997 y=1.49993 yaw=-5.08888 score=0.983616 valid=1 mode=tracking state=TRACKING evaluated=807 execution_us=45761 reason=tracking_pose_accepted
x=3.19997 y=1.49993 yaw=-5.08982 score=0.980151 valid=1 mode=tracking state=TRACKING evaluated=807 execution_us=45883 reason=tracking_pose_accepted
x=3.19997 y=1.49993 yaw=-5.09075 score=0.982525 valid=1 mode=tracking state=TRACKING evaluated=807 execution_us=45625 reason=tracking_pose_accepted
x=3.19997 y=1.49993 yaw=-5.09169 score=0.978235 valid=1 mode=tracking state=TRACKING evaluated=807 execution_us=45578 reason=tracking_pose_accepted
x=3.19997 y=1.49993 yaw=-5.09262 score=0.981433 valid=1 mode=tracking state=TRACKING evaluated=807 execution_us=45675 reason=tracking_pose_accepted
x=3.19997 y=1.49993 yaw=-5.05865 score=0.980876 valid=1 mode=tracking state=TRACKING evaluated=807 execution_us=45645 reason=tracking_pose_accepted
x=3.19997 y=1.49993 yaw=-5.07703 score=0.985554 valid=1 mode=tracking state=TRACKING evaluated=807 execution_us=46153 reason=tracking_pose_accepted
x=3.19997 y=1.49993 yaw=-5.06051 score=0.981804 valid=1 mode=tracking state=TRACKING evaluated=807 execution_us=45463 reason=tracking_pose_accepted
x=3.19997 y=1.49993 yaw=-5.06145 score=0.981824 valid=1 mode=tracking state=TRACKING evaluated=807 execution_us=45800 reason=tracking_pose_accepted
x=3.19997 y=1.49993 yaw=-5.07984 score=0.98263 valid=1 mode=tracking state=TRACKING evaluated=807 execution_us=46256 reason=tracking_pose_accepted
x=3.19997 y=1.49993 yaw=-5.08077 score=0.987411 valid=1 mode=tracking state=TRACKING evaluated=807 execution_us=45797 reason=tracking_pose_accepted
x=3.19997 y=1.49993 yaw=-5.0817 score=0.983818 valid=1 mode=tracking state=TRACKING evaluated=807 execution_us=45541 reason=tracking_pose_accepted
x=3.19997 y=1.49993 yaw=-5.08264 score=0.983991 valid=1 mode=tracking state=TRACKING evaluated=807 execution_us=45745 reason=tracking_pose_accepted
x=3.19997 y=1.49993 yaw=-5.08357 score=0.982005 valid=1 mode=tracking state=TRACKING evaluated=807 execution_us=45650 reason=tracking_pose_accepted
x=3.19997 y=1.49993 yaw=-5.0845 score=0.985483 valid=1 mode=tracking state=TRACKING evaluated=807 execution_us=46035 reason=tracking_pose_accepted
x=3.19997 y=1.49993 yaw=-5.08544 score=0.98371 valid=1 mode=tracking state=TRACKING evaluated=807 execution_us=45830 reason=tracking_pose_accepted
x=3.19997 y=1.49993 yaw=-5.08637 score=0.984243 valid=1 mode=tracking state=TRACKING evaluated=807 execution_us=45811 reason=tracking_pose_accepted
x=3.19997 y=1.49993 yaw=-5.08731 score=0.984012 valid=1 mode=tracking state=TRACKING evaluated=807 execution_us=47209 reason=tracking_pose_accepted
x=3.19997 y=1.49993 yaw=-5.08824 score=0.98385 valid=1 mode=tracking state=TRACKING evaluated=807 execution_us=45559 reason=tracking_pose_accepted
x=3.19997 y=1.49993 yaw=-5.08917 score=0.98373 valid=1 mode=tracking state=TRACKING evaluated=807 execution_us=45993 reason=tracking_pose_accepted
x=3.19997 y=1.49993 yaw=-5.09011 score=0.980967 valid=1 mode=tracking state=TRACKING evaluated=807 execution_us=46046 reason=tracking_pose_accepted
x=3.19997 y=1.49993 yaw=-5.09104 score=0.980694 valid=1 mode=tracking state=TRACKING evaluated=807 execution_us=46291 reason=tracking_pose_accepted
x=3.19997 y=1.49993 yaw=-5.07452 score=0.981292 valid=1 mode=tracking state=TRACKING evaluated=807 execution_us=45742 reason=tracking_pose_accepted
x=3.19997 y=1.49993 yaw=-5.058 score=0.977808 valid=1 mode=tracking state=TRACKING evaluated=807 execution_us=46077 reason=tracking_pose_accepted
x=3.19997 y=1.49993 yaw=-5.05893 score=0.981548 valid=1 mode=tracking state=TRACKING evaluated=807 execution_us=46011 reason=tracking_pose_accepted
x=3.19997 y=1.49993 yaw=-5.05987 score=0.981804 valid=1 mode=tracking state=TRACKING evaluated=807 execution_us=46274 reason=tracking_pose_accepted
x=3.19997 y=1.49993 yaw=-5.0608 score=0.981521 valid=1 mode=tracking state=TRACKING evaluated=807 execution_us=46543 reason=tracking_pose_accepted
x=3.19997 y=1.49993 yaw=-5.06174 score=0.98185 valid=1 mode=tracking state=TRACKING evaluated=807 execution_us=46033 reason=tracking_pose_accepted
x=3.19997 y=1.49993 yaw=-5.08012 score=0.983901 valid=1 mode=tracking state=TRACKING evaluated=807 execution_us=46210 reason=tracking_pose_accepted
x=3.19997 y=1.49993 yaw=-5.08106 score=0.981368 valid=1 mode=tracking state=TRACKING evaluated=807 execution_us=46144 reason=tracking_pose_accepted
x=3.19997 y=1.49993 yaw=-5.08199 score=0.982056 valid=1 mode=tracking state=TRACKING evaluated=807 execution_us=45852 reason=tracking_pose_accepted
x=3.19997 y=1.49993 yaw=-5.08293 score=0.985138 valid=1 mode=tracking state=TRACKING evaluated=807 execution_us=46062 reason=tracking_pose_accepted
x=3.19997 y=1.49993 yaw=-5.08386 score=0.983409 valid=1 mode=tracking state=TRACKING evaluated=807 execution_us=45962 reason=tracking_pose_accepted
x=3.19997 y=1.49993 yaw=-5.08479 score=0.986164 valid=1 mode=tracking state=TRACKING evaluated=807 execution_us=46328 reason=tracking_pose_accepted
x=3.19997 y=1.49993 yaw=-5.08573 score=0.984545 valid=1 mode=tracking state=TRACKING evaluated=807 execution_us=45749 reason=tracking_pose_accepted
x=3.19997 y=1.49993 yaw=-5.08666 score=0.983527 valid=1 mode=tracking state=TRACKING evaluated=807 execution_us=45886 reason=tracking_pose_accepted
x=3.19997 y=1.49993 yaw=-5.08759 score=0.984012 valid=1 mode=tracking state=TRACKING evaluated=807 execution_us=46296 reason=tracking_pose_accepted
x=3.19997 y=1.49993 yaw=-5.08853 score=0.983084 valid=1 mode=tracking state=TRACKING evaluated=807 execution_us=45456 reason=tracking_pose_accepted
x=3.19997 y=1.49993 yaw=-5.08946 score=0.982146 valid=1 mode=tracking state=TRACKING evaluated=807 execution_us=45651 reason=tracking_pose_accepted
x=3.19997 y=1.49993 yaw=-5.07294 score=0.981241 valid=1 mode=tracking state=TRACKING evaluated=807 execution_us=46394 reason=tracking_pose_accepted
x=3.19997 y=1.49993 yaw=-5.07387 score=0.979707 valid=1 mode=tracking state=TRACKING evaluated=807 execution_us=45773 reason=tracking_pose_accepted
x=3.19997 y=1.49993 yaw=-5.07481 score=0.980422 valid=1 mode=tracking state=TRACKING evaluated=807 execution_us=45706 reason=tracking_pose_accepted
x=3.19997 y=1.49993 yaw=-5.07574 score=0.980785 valid=1 mode=tracking state=TRACKING evaluated=807 execution_us=45756 reason=tracking_pose_accepted
x=3.19997 y=1.49993 yaw=-5.05922 score=0.981501 valid=1 mode=tracking state=TRACKING evaluated=807 execution_us=45645 reason=tracking_pose_accepted
x=3.19997 y=1.49993 yaw=-5.07761 score=0.978824 valid=1 mode=tracking state=TRACKING evaluated=807 execution_us=46239 reason=tracking_pose_accepted
x=3.19997 y=1.49993 yaw=-5.06109 score=0.980623 valid=1 mode=tracking state=TRACKING evaluated=807 execution_us=45585 reason=tracking_pose_accepted
x=3.19997 y=1.49993 yaw=-5.07948 score=0.982025 valid=1 mode=tracking state=TRACKING evaluated=807 execution_us=45798 reason=tracking_pose_accepted
x=3.19997 y=1.49993 yaw=-5.08041 score=0.985365 valid=1 mode=tracking state=TRACKING evaluated=807 execution_us=46501 reason=tracking_pose_accepted
x=3.19997 y=1.49993 yaw=-5.06389 score=0.981569 valid=1 mode=tracking state=TRACKING evaluated=807 execution_us=45761 reason=tracking_pose_accepted
x=3.19997 y=1.49993 yaw=-5.06483 score=0.978472 valid=1 mode=tracking state=TRACKING evaluated=807 execution_us=45557 reason=tracking_pose_accepted
x=3.19997 y=1.49993 yaw=-5.08321 score=0.985742 valid=1 mode=tracking state=TRACKING evaluated=807 execution_us=46040 reason=tracking_pose_accepted
x=3.19997 y=1.49993 yaw=-5.08415 score=0.984314 valid=1 mode=tracking state=TRACKING evaluated=807 execution_us=45887 reason=tracking_pose_accepted
x=3.19997 y=1.49993 yaw=-5.08508 score=0.984616 valid=1 mode=tracking state=TRACKING evaluated=807 execution_us=46097 reason=tracking_pose_accepted
x=3.19997 y=1.49993 yaw=-5.08601 score=0.985742 valid=1 mode=tracking state=TRACKING evaluated=807 execution_us=45560 reason=tracking_pose_accepted
x=3.19997 y=1.49993 yaw=-5.08695 score=0.983911 valid=1 mode=tracking state=TRACKING evaluated=807 execution_us=45634 reason=tracking_pose_accepted
x=3.19997 y=1.49993 yaw=-5.08788 score=0.983851 valid=1 mode=tracking state=TRACKING evaluated=807 execution_us=45925 reason=tracking_pose_accepted
x=3.19997 y=1.49993 yaw=-5.08881 score=0.983669 valid=1 mode=tracking state=TRACKING evaluated=807 execution_us=45732 reason=tracking_pose_accepted
x=3.19997 y=1.49993 yaw=-5.08975 score=0.982902 valid=1 mode=tracking state=TRACKING evaluated=807 execution_us=45663 reason=tracking_pose_accepted
x=3.19997 y=1.49993 yaw=-5.09068 score=0.981582 valid=1 mode=tracking state=TRACKING evaluated=807 execution_us=45946 reason=tracking_pose_accepted
x=3.19997 y=1.49993 yaw=-5.07416 score=0.983154 valid=1 mode=tracking state=TRACKING evaluated=807 execution_us=45917 reason=tracking_pose_accepted
x=3.19997 y=1.49993 yaw=-5.05764 score=0.979061 valid=1 mode=tracking state=TRACKING evaluated=807 execution_us=46272 reason=tracking_pose_accepted
x=3.19997 y=1.49993 yaw=-5.07603 score=0.980735 valid=1 mode=tracking state=TRACKING evaluated=807 execution_us=45731 reason=tracking_pose_accepted
x=3.19997 y=1.49993 yaw=-5.07696 score=0.979878 valid=1 mode=tracking state=TRACKING evaluated=807 execution_us=45833 reason=tracking_pose_accepted
x=3.19997 y=1.49993 yaw=-5.0779 score=0.982283 valid=1 mode=tracking state=TRACKING evaluated=807 execution_us=46557 reason=tracking_pose_accepted
x=3.19997 y=1.49993 yaw=-5.06138 score=0.979618 valid=1 mode=tracking state=TRACKING evaluated=807 execution_us=46073 reason=tracking_pose_accepted
x=3.19997 y=1.49993 yaw=-5.07976 score=0.984425 valid=1 mode=tracking state=TRACKING evaluated=807 execution_us=45750 reason=tracking_pose_accepted
x=3.19997 y=1.49993 yaw=-5.0807 score=0.982187 valid=1 mode=tracking state=TRACKING evaluated=807 execution_us=45979 reason=tracking_pose_accepted
x=3.19997 y=1.49993 yaw=-5.08163 score=0.985742 valid=1 mode=tracking state=TRACKING evaluated=807 execution_us=47075 reason=tracking_pose_accepted
x=3.19997 y=1.49993 yaw=-5.08257 score=0.983971 valid=1 mode=tracking state=TRACKING evaluated=807 execution_us=46587 reason=tracking_pose_accepted
x=3.19997 y=1.49993 yaw=-5.0835 score=0.98633 valid=1 mode=tracking state=TRACKING evaluated=807 execution_us=45985 reason=tracking_pose_accepted
x=3.19997 y=1.49993 yaw=-5.08443 score=0.984243 valid=1 mode=tracking state=TRACKING evaluated=807 execution_us=46007 reason=tracking_pose_accepted
x=3.19997 y=1.49993 yaw=-5.08537 score=0.984535 valid=1 mode=tracking state=TRACKING evaluated=807 execution_us=46554 reason=tracking_pose_accepted
x=3.19997 y=1.49993 yaw=-5.0863 score=0.984273 valid=1 mode=tracking state=TRACKING evaluated=807 execution_us=45737 reason=tracking_pose_accepted
x=3.19997 y=1.49993 yaw=-5.08723 score=0.983338 valid=1 mode=tracking state=TRACKING evaluated=807 execution_us=45998 reason=tracking_pose_accepted
x=3.19997 y=1.49993 yaw=-5.08817 score=0.983366 valid=1 mode=tracking state=TRACKING evaluated=807 execution_us=45955 reason=tracking_pose_accepted
x=3.19997 y=1.49993 yaw=-5.0891 score=0.98385 valid=1 mode=tracking state=TRACKING evaluated=807 execution_us=45838 reason=tracking_pose_accepted
x=3.19997 y=1.49993 yaw=-5.09003 score=0.981299 valid=1 mode=tracking state=TRACKING evaluated=807 execution_us=45614 reason=tracking_pose_accepted
x=3.19997 y=1.49993 yaw=-5.09097 score=0.980633 valid=1 mode=tracking state=TRACKING evaluated=807 execution_us=45912 reason=tracking_pose_accepted
x=3.19997 y=1.49993 yaw=-5.0919 score=0.980825 valid=1 mode=tracking state=TRACKING evaluated=807 execution_us=46393 reason=tracking_pose_accepted
x=3.19997 y=1.49993 yaw=-5.07538 score=0.980827 valid=1 mode=tracking state=TRACKING evaluated=807 execution_us=46215 reason=tracking_pose_accepted
x=3.19997 y=1.49993 yaw=-5.05886 score=0.980231 valid=1 mode=tracking state=TRACKING evaluated=807 execution_us=45422 reason=tracking_pose_accepted
x=3.19997 y=1.49993 yaw=-5.0598 score=0.981049 valid=1 mode=tracking state=TRACKING evaluated=807 execution_us=45587 reason=tracking_pose_accepted
x=3.19997 y=1.49993 yaw=-5.06073 score=0.980533 valid=1 mode=tracking state=TRACKING evaluated=807 execution_us=46042 reason=tracking_pose_accepted
x=3.19997 y=1.49993 yaw=-5.07912 score=0.984987 valid=1 mode=tracking state=TRACKING evaluated=807 execution_us=45858 reason=tracking_pose_accepted
x=3.19997 y=1.49993 yaw=-5.08005 score=0.98266 valid=1 mode=tracking state=TRACKING evaluated=807 execution_us=45913 reason=tracking_pose_accepted
x=3.19997 y=1.49993 yaw=-5.08099 score=0.98261 valid=1 mode=tracking state=TRACKING evaluated=807 execution_us=45800 reason=tracking_pose_accepted
x=3.19997 y=1.49993 yaw=-5.08192 score=0.982993 valid=1 mode=tracking state=TRACKING evaluated=807 execution_us=45414 reason=tracking_pose_accepted
x=3.19997 y=1.49993 yaw=-5.08285 score=0.984615 valid=1 mode=tracking state=TRACKING evaluated=807 execution_us=45703 reason=tracking_pose_accepted
x=3.19997 y=1.49993 yaw=-5.08379 score=0.985221 valid=1 mode=tracking state=TRACKING evaluated=807 execution_us=45518 reason=tracking_pose_accepted
x=3.19997 y=1.49993 yaw=-5.08472 score=0.984917 valid=1 mode=tracking state=TRACKING evaluated=807 execution_us=46034 reason=tracking_pose_accepted
x=3.19997 y=1.49993 yaw=-5.08565 score=0.985742 valid=1 mode=tracking state=TRACKING evaluated=807 execution_us=46198 reason=tracking_pose_accepted
x=3.19997 y=1.49993 yaw=-5.08659 score=0.984233 valid=1 mode=tracking state=TRACKING evaluated=807 execution_us=45579 reason=tracking_pose_accepted
x=3.19997 y=1.49993 yaw=-5.08752 score=0.985158 valid=1 mode=tracking state=TRACKING evaluated=807 execution_us=45906 reason=tracking_pose_accepted
x=3.19997 y=1.49993 yaw=-5.08845 score=0.98365 valid=1 mode=tracking state=TRACKING evaluated=807 execution_us=45659 reason=tracking_pose_accepted
x=3.19997 y=1.49993 yaw=-5.08939 score=0.983451 valid=1 mode=tracking state=TRACKING evaluated=807 execution_us=45937 reason=tracking_pose_accepted
x=3.19997 y=1.49993 yaw=-5.09032 score=0.98389 valid=1 mode=tracking state=TRACKING evaluated=807 execution_us=45658 reason=tracking_pose_accepted
x=3.19997 y=1.49993 yaw=-5.09126 score=0.980664 valid=1 mode=tracking state=TRACKING evaluated=807 execution_us=45777 reason=tracking_pose_accepted
x=3.19997 y=1.49993 yaw=-5.09219 score=0.979112 valid=1 mode=tracking state=TRACKING evaluated=807 execution_us=46284 reason=tracking_pose_accepted
x=3.19997 y=1.49993 yaw=-5.07567 score=0.98002 valid=1 mode=tracking state=TRACKING evaluated=807 execution_us=46119 reason=tracking_pose_accepted
x=3.19997 y=1.49993 yaw=-5.0766 score=0.981418 valid=1 mode=tracking state=TRACKING evaluated=807 execution_us=45905 reason=tracking_pose_accepted
x=3.19997 y=1.49993 yaw=-5.07754 score=0.980574 valid=1 mode=tracking state=TRACKING evaluated=807 execution_us=45493 reason=tracking_pose_accepted
x=3.19997 y=1.49993 yaw=-5.07847 score=0.985289 valid=1 mode=tracking state=TRACKING evaluated=807 execution_us=45973 reason=tracking_pose_accepted
x=3.19997 y=1.49993 yaw=-5.06195 score=0.981521 valid=1 mode=tracking state=TRACKING evaluated=807 execution_us=45715 reason=tracking_pose_accepted
x=3.19997 y=1.49993 yaw=-5.08034 score=0.98263 valid=1 mode=tracking state=TRACKING evaluated=807 execution_us=45919 reason=tracking_pose_accepted
x=3.19997 y=1.49993 yaw=-5.08127 score=0.984021 valid=1 mode=tracking state=TRACKING evaluated=807 execution_us=45901 reason=tracking_pose_accepted
x=3.19997 y=1.49993 yaw=-5.08221 score=0.984878 valid=1 mode=tracking state=TRACKING evaluated=807 execution_us=46228 reason=tracking_pose_accepted
x=3.19997 y=1.49993 yaw=-5.08314 score=0.986471 valid=1 mode=tracking state=TRACKING evaluated=807 execution_us=46243 reason=tracking_pose_accepted
x=3.19997 y=1.49993 yaw=-5.08407 score=0.985221 valid=1 mode=tracking state=TRACKING evaluated=807 execution_us=45872 reason=tracking_pose_accepted
x=3.19997 y=1.49993 yaw=-5.08501 score=0.985715 valid=1 mode=tracking state=TRACKING evaluated=807 execution_us=45874 reason=tracking_pose_accepted
x=3.19997 y=1.49993 yaw=-5.08594 score=0.982564 valid=1 mode=tracking state=TRACKING evaluated=807 execution_us=46407 reason=tracking_pose_accepted
x=3.19997 y=1.49993 yaw=-5.08687 score=0.984657 valid=1 mode=tracking state=TRACKING evaluated=807 execution_us=45935 reason=tracking_pose_accepted
x=3.19997 y=1.49993 yaw=-5.08781 score=0.983346 valid=1 mode=tracking state=TRACKING evaluated=807 execution_us=45668 reason=tracking_pose_accepted
x=3.19997 y=1.49993 yaw=-5.08874 score=0.981217 valid=1 mode=tracking state=TRACKING evaluated=807 execution_us=46239 reason=tracking_pose_accepted
x=3.19997 y=1.49993 yaw=-5.08967 score=0.982504 valid=1 mode=tracking state=TRACKING evaluated=807 execution_us=45784 reason=tracking_pose_accepted
x=3.19997 y=1.49993 yaw=-5.09061 score=0.982126 valid=1 mode=tracking state=TRACKING evaluated=807 execution_us=45863 reason=tracking_pose_accepted
x=3.19997 y=1.49993 yaw=-5.09154 score=0.979797 valid=1 mode=tracking state=TRACKING evaluated=807 execution_us=45913 reason=tracking_pose_accepted
x=3.19997 y=1.49993 yaw=-5.09248 score=0.979869 valid=1 mode=tracking state=TRACKING evaluated=807 execution_us=45894 reason=tracking_pose_accepted
x=3.19997 y=1.49993 yaw=-5.07596 score=0.980784 valid=1 mode=tracking state=TRACKING evaluated=807 execution_us=46268 reason=tracking_pose_accepted
x=3.19997 y=1.49993 yaw=-5.05944 score=0.981239 valid=1 mode=tracking state=TRACKING evaluated=807 execution_us=45485 reason=tracking_pose_accepted
x=3.19997 y=1.49993 yaw=-5.06037 score=0.981569 valid=1 mode=tracking state=TRACKING evaluated=807 execution_us=45858 reason=tracking_pose_accepted
x=3.19997 y=1.49993 yaw=-5.0613 score=0.980836 valid=1 mode=tracking state=TRACKING evaluated=807 execution_us=45901 reason=tracking_pose_accepted
x=3.19997 y=1.49993 yaw=-5.07969 score=0.98545 valid=1 mode=tracking state=TRACKING evaluated=807 execution_us=45803 reason=tracking_pose_accepted
x=3.19997 y=1.49993 yaw=-5.06317 score=0.982287 valid=1 mode=tracking state=TRACKING evaluated=807 execution_us=45666 reason=tracking_pose_accepted
x=3.19997 y=1.49993 yaw=-5.08156 score=0.984001 valid=1 mode=tracking state=TRACKING evaluated=807 execution_us=45893 reason=tracking_pose_accepted
x=3.19997 y=1.49993 yaw=-5.08249 score=0.982681 valid=1 mode=tracking state=TRACKING evaluated=807 execution_us=45781 reason=tracking_pose_accepted
x=3.19997 y=1.49993 yaw=-5.08343 score=0.982005 valid=1 mode=tracking state=TRACKING evaluated=807 execution_us=46147 reason=tracking_pose_accepted
x=3.19997 y=1.49993 yaw=-5.08436 score=0.985181 valid=1 mode=tracking state=TRACKING evaluated=807 execution_us=45812 reason=tracking_pose_accepted
x=3.19997 y=1.49993 yaw=-5.08529 score=0.986053 valid=1 mode=tracking state=TRACKING evaluated=807 execution_us=45894 reason=tracking_pose_accepted
x=3.19997 y=1.49993 yaw=-5.08623 score=0.98363 valid=1 mode=tracking state=TRACKING evaluated=807 execution_us=46279 reason=tracking_pose_accepted
x=3.19997 y=1.49993 yaw=-5.08716 score=0.982646 valid=1 mode=tracking state=TRACKING evaluated=807 execution_us=45382 reason=tracking_pose_accepted
x=3.19997 y=1.49993 yaw=-5.08809 score=0.983248 valid=1 mode=tracking state=TRACKING evaluated=807 execution_us=45816 reason=tracking_pose_accepted
x=3.19997 y=1.49993 yaw=-5.08903 score=0.984314 valid=1 mode=tracking state=TRACKING evaluated=807 execution_us=45804 reason=tracking_pose_accepted
x=3.19997 y=1.49993 yaw=-5.08996 score=0.982222 valid=1 mode=tracking state=TRACKING evaluated=807 execution_us=45866 reason=tracking_pose_accepted
x=3.19997 y=1.49993 yaw=-5.0909 score=0.981629 valid=1 mode=tracking state=TRACKING evaluated=807 execution_us=45719 reason=tracking_pose_accepted
x=3.19997 y=1.49993 yaw=-5.09183 score=0.981911 valid=1 mode=tracking state=TRACKING evaluated=807 execution_us=46667 reason=tracking_pose_accepted
x=3.19997 y=1.49993 yaw=-5.05786 score=0.979276 valid=1 mode=tracking state=TRACKING evaluated=807 execution_us=45948 reason=tracking_pose_accepted
x=3.19997 y=1.49993 yaw=-5.0937 score=0.98001 valid=1 mode=tracking state=TRACKING evaluated=807 execution_us=46283 reason=tracking_pose_accepted
x=3.19997 y=1.49993 yaw=-5.09463 score=0.980291 valid=1 mode=tracking state=TRACKING evaluated=807 execution_us=45729 reason=tracking_pose_accepted
x=3.19997 y=1.49993 yaw=-5.07811 score=0.980876 valid=1 mode=tracking state=TRACKING evaluated=807 execution_us=45850 reason=tracking_pose_accepted
x=3.19997 y=1.49993 yaw=-5.06159 score=0.981569 valid=1 mode=tracking state=TRACKING evaluated=807 execution_us=46038 reason=tracking_pose_accepted
x=3.19997 y=1.49993 yaw=-5.07998 score=0.986355 valid=1 mode=tracking state=TRACKING evaluated=807 execution_us=46323 reason=tracking_pose_accepted
x=3.19997 y=1.49993 yaw=-5.08091 score=0.983912 valid=1 mode=tracking state=TRACKING evaluated=807 execution_us=45976 reason=tracking_pose_accepted
x=3.19997 y=1.49993 yaw=-5.08185 score=0.983134 valid=1 mode=tracking state=TRACKING evaluated=807 execution_us=45997 reason=tracking_pose_accepted
x=3.19997 y=1.49993 yaw=-5.08278 score=0.984688 valid=1 mode=tracking state=TRACKING evaluated=807 execution_us=45587 reason=tracking_pose_accepted
x=3.19997 y=1.49993 yaw=-5.08371 score=0.985872 valid=1 mode=tracking state=TRACKING evaluated=807 execution_us=46324 reason=tracking_pose_accepted
x=3.19997 y=1.49993 yaw=-5.08465 score=0.985822 valid=1 mode=tracking state=TRACKING evaluated=807 execution_us=45788 reason=tracking_pose_accepted
x=3.19997 y=1.49993 yaw=-5.08558 score=0.986667 valid=1 mode=tracking state=TRACKING evaluated=807 execution_us=45947 reason=tracking_pose_accepted
x=3.19997 y=1.49993 yaw=-5.08651 score=0.985446 valid=1 mode=tracking state=TRACKING evaluated=807 execution_us=46195 reason=tracking_pose_accepted
x=3.19997 y=1.49993 yaw=-5.08745 score=0.984455 valid=1 mode=tracking state=TRACKING evaluated=807 execution_us=46058 reason=tracking_pose_accepted
x=3.19997 y=1.49993 yaw=-5.08838 score=0.984616 valid=1 mode=tracking state=TRACKING evaluated=807 execution_us=45880 reason=tracking_pose_accepted
x=3.19997 y=1.49993 yaw=-5.08932 score=0.984131 valid=1 mode=tracking state=TRACKING evaluated=807 execution_us=45689 reason=tracking_pose_accepted
x=3.19997 y=1.49993 yaw=-5.09025 score=0.98289 valid=1 mode=tracking state=TRACKING evaluated=807 execution_us=46802 reason=tracking_pose_accepted
x=3.19997 y=1.49993 yaw=-5.09118 score=0.980705 valid=1 mode=tracking state=TRACKING evaluated=807 execution_us=46155 reason=tracking_pose_accepted
x=3.19997 y=1.49993 yaw=-5.07466 score=0.981898 valid=1 mode=tracking state=TRACKING evaluated=807 execution_us=45790 reason=tracking_pose_accepted
x=3.19997 y=1.49993 yaw=-5.0756 score=0.977015 valid=1 mode=tracking state=TRACKING evaluated=807 execution_us=45834 reason=tracking_pose_accepted
x=3.19997 y=1.49993 yaw=-5.07653 score=0.98365 valid=1 mode=tracking state=TRACKING evaluated=807 execution_us=46206 reason=tracking_pose_accepted
x=3.19997 y=1.49993 yaw=-5.06001 score=0.982172 valid=1 mode=tracking state=TRACKING evaluated=807 execution_us=45638 reason=tracking_pose_accepted
x=3.19997 y=1.49993 yaw=-5.06095 score=0.981501 valid=1 mode=tracking state=TRACKING evaluated=807 execution_us=45955 reason=tracking_pose_accepted
x=3.19997 y=1.49993 yaw=-5.06188 score=0.98187 valid=1 mode=tracking state=TRACKING evaluated=807 execution_us=46038 reason=tracking_pose_accepted
x=3.19997 y=1.49993 yaw=-5.08027 score=0.982675 valid=1 mode=tracking state=TRACKING evaluated=807 execution_us=45749 reason=tracking_pose_accepted
x=3.19997 y=1.49993 yaw=-5.0812 score=0.983608 valid=1 mode=tracking state=TRACKING evaluated=807 execution_us=45710 reason=tracking_pose_accepted
x=3.19997 y=1.49993 yaw=-5.08213 score=0.98263 valid=1 mode=tracking state=TRACKING evaluated=807 execution_us=45577 reason=tracking_pose_accepted
x=3.19997 y=1.49993 yaw=-5.08307 score=0.985183 valid=1 mode=tracking state=TRACKING evaluated=807 execution_us=45594 reason=tracking_pose_accepted
x=3.19997 y=1.49993 yaw=-5.084 score=0.983537 valid=1 mode=tracking state=TRACKING evaluated=807 execution_us=46041 reason=tracking_pose_accepted
x=3.19997 y=1.49993 yaw=-5.08493 score=0.985977 valid=1 mode=tracking state=TRACKING evaluated=807 execution_us=45495 reason=tracking_pose_accepted
x=3.19997 y=1.49993 yaw=-5.08587 score=0.984364 valid=1 mode=tracking state=TRACKING evaluated=807 execution_us=45922 reason=tracking_pose_accepted
x=3.19997 y=1.49993 yaw=-5.0868 score=0.985019 valid=1 mode=tracking state=TRACKING evaluated=807 execution_us=45822 reason=tracking_pose_accepted
x=3.19997 y=1.49993 yaw=-5.08774 score=0.985082 valid=1 mode=tracking state=TRACKING evaluated=807 execution_us=45831 reason=tracking_pose_accepted
x=3.19997 y=1.49993 yaw=-5.08867 score=0.985098 valid=1 mode=tracking state=TRACKING evaluated=807 execution_us=46134 reason=tracking_pose_accepted
x=3.19997 y=1.49993 yaw=-5.0896 score=0.983147 valid=1 mode=tracking state=TRACKING evaluated=807 execution_us=45983 reason=tracking_pose_accepted
x=3.19997 y=1.49993 yaw=-5.09054 score=0.983296 valid=1 mode=tracking state=TRACKING evaluated=807 execution_us=45790 reason=tracking_pose_accepted
x=3.19997 y=1.49993 yaw=-5.09147 score=0.983097 valid=1 mode=tracking state=TRACKING evaluated=807 execution_us=46357 reason=tracking_pose_accepted
x=3.19997 y=1.49993 yaw=-5.0924 score=0.979747 valid=1 mode=tracking state=TRACKING evaluated=807 execution_us=46381 reason=tracking_pose_accepted
x=3.19997 y=1.49993 yaw=-5.09334 score=0.980958 valid=1 mode=tracking state=TRACKING evaluated=807 execution_us=45657 reason=tracking_pose_accepted
x=3.19997 y=1.49993 yaw=-5.07682 score=0.980292 valid=1 mode=tracking state=TRACKING evaluated=807 execution_us=46171 reason=tracking_pose_accepted
x=3.19997 y=1.49993 yaw=-5.0603 score=0.98185 valid=1 mode=tracking state=TRACKING evaluated=807 execution_us=45586 reason=tracking_pose_accepted
x=3.19997 y=1.49993 yaw=-5.07869 score=0.982509 valid=1 mode=tracking state=TRACKING evaluated=807 execution_us=46034 reason=tracking_pose_accepted
x=3.19997 y=1.49993 yaw=-5.07962 score=0.986553 valid=1 mode=tracking state=TRACKING evaluated=807 execution_us=45899 reason=tracking_pose_accepted
x=3.19997 y=1.49993 yaw=-5.08055 score=0.981676 valid=1 mode=tracking state=TRACKING evaluated=807 execution_us=46052 reason=tracking_pose_accepted
x=3.19997 y=1.49993 yaw=-5.08149 score=0.979969 valid=1 mode=tracking state=TRACKING evaluated=807 execution_us=45794 reason=tracking_pose_accepted
x=3.19997 y=1.49993 yaw=-5.08242 score=0.986647 valid=1 mode=tracking state=TRACKING evaluated=807 execution_us=45826 reason=tracking_pose_accepted
x=3.19997 y=1.49993 yaw=-5.08335 score=0.984001 valid=1 mode=tracking state=TRACKING evaluated=807 execution_us=46541 reason=tracking_pose_accepted
x=3.19997 y=1.49993 yaw=-5.08429 score=0.983215 valid=1 mode=tracking state=TRACKING evaluated=807 execution_us=46227 reason=tracking_pose_accepted
x=3.19997 y=1.49993 yaw=-5.08522 score=0.987036 valid=1 mode=tracking state=TRACKING evaluated=807 execution_us=45709 reason=tracking_pose_accepted
x=3.19997 y=1.49993 yaw=-5.08615 score=0.9864 valid=1 mode=tracking state=TRACKING evaluated=807 execution_us=46067 reason=tracking_pose_accepted
x=3.19997 y=1.49993 yaw=-5.08709 score=0.986053 valid=1 mode=tracking state=TRACKING evaluated=807 execution_us=46068 reason=tracking_pose_accepted
x=3.19997 y=1.49993 yaw=-5.08802 score=0.984878 valid=1 mode=tracking state=TRACKING evaluated=807 execution_us=45849 reason=tracking_pose_accepted
x=3.19997 y=1.49993 yaw=-5.08896 score=0.984152 valid=1 mode=tracking state=TRACKING evaluated=807 execution_us=45936 reason=tracking_pose_accepted
x=3.19997 y=1.49993 yaw=-5.08989 score=0.983449 valid=1 mode=tracking state=TRACKING evaluated=807 execution_us=46093 reason=tracking_pose_accepted
x=3.19997 y=1.49993 yaw=-5.07337 score=0.981679 valid=1 mode=tracking state=TRACKING evaluated=807 execution_us=46470 reason=tracking_pose_accepted
x=3.19997 y=1.49993 yaw=-5.0743 score=0.981595 valid=1 mode=tracking state=TRACKING evaluated=807 execution_us=46064 reason=tracking_pose_accepted
x=3.19997 y=1.49993 yaw=-5.07524 score=0.979155 valid=1 mode=tracking state=TRACKING evaluated=807 execution_us=45778 reason=tracking_pose_accepted
x=3.19997 y=1.49993 yaw=-5.07617 score=0.980493 valid=1 mode=tracking state=TRACKING evaluated=807 execution_us=45818 reason=tracking_pose_accepted
x=3.19997 y=1.49993 yaw=-5.0771 score=0.980574 valid=1 mode=tracking state=TRACKING evaluated=807 execution_us=46488 reason=tracking_pose_accepted
x=3.19997 y=1.49993 yaw=-5.07804 score=0.981672 valid=1 mode=tracking state=TRACKING evaluated=807 execution_us=45705 reason=tracking_pose_accepted
x=3.19997 y=1.49993 yaw=-5.07897 score=0.984093 valid=1 mode=tracking state=TRACKING evaluated=807 execution_us=45745 reason=tracking_pose_accepted
x=3.19997 y=1.49993 yaw=-5.06245 score=0.981569 valid=1 mode=tracking state=TRACKING evaluated=807 execution_us=45980 reason=tracking_pose_accepted
x=3.19997 y=1.49993 yaw=-5.08084 score=0.986285 valid=1 mode=tracking state=TRACKING evaluated=807 execution_us=45774 reason=tracking_pose_accepted
x=3.19997 y=1.49993 yaw=-5.08177 score=0.984001 valid=1 mode=tracking state=TRACKING evaluated=807 execution_us=45996 reason=tracking_pose_accepted
x=3.19997 y=1.49993 yaw=-5.08271 score=0.986733 valid=1 mode=tracking state=TRACKING evaluated=807 execution_us=45476 reason=tracking_pose_accepted
x=3.19997 y=1.49993 yaw=-5.08364 score=0.987681 valid=1 mode=tracking state=TRACKING evaluated=807 execution_us=45747 reason=tracking_pose_accepted
x=3.19997 y=1.49993 yaw=-5.08457 score=0.986834 valid=1 mode=tracking state=TRACKING evaluated=807 execution_us=46217 reason=tracking_pose_accepted
x=3.19997 y=1.49993 yaw=-5.08551 score=0.985483 valid=1 mode=tracking state=TRACKING evaluated=807 execution_us=46232 reason=tracking_pose_accepted
x=3.19997 y=1.49993 yaw=-5.08644 score=0.985711 valid=1 mode=tracking state=TRACKING evaluated=807 execution_us=45824 reason=tracking_pose_accepted
x=3.19997 y=1.49993 yaw=-5.08737 score=0.984717 valid=1 mode=tracking state=TRACKING evaluated=807 execution_us=45978 reason=tracking_pose_accepted
x=3.19997 y=1.49993 yaw=-5.08831 score=0.984957 valid=1 mode=tracking state=TRACKING evaluated=807 execution_us=45506 reason=tracking_pose_accepted
x=3.19997 y=1.49993 yaw=-5.08924 score=0.983467 valid=1 mode=tracking state=TRACKING evaluated=807 execution_us=45652 reason=tracking_pose_accepted
x=3.19997 y=1.49993 yaw=-5.09018 score=0.982439 valid=1 mode=tracking state=TRACKING evaluated=807 execution_us=45965 reason=tracking_pose_accepted
x=3.19997 y=1.49993 yaw=-5.09111 score=0.983558 valid=1 mode=tracking state=TRACKING evaluated=807 execution_us=45731 reason=tracking_pose_accepted
x=3.19997 y=1.49993 yaw=-5.09204 score=0.980916 valid=1 mode=tracking state=TRACKING evaluated=807 execution_us=46055 reason=tracking_pose_accepted
x=3.19997 y=1.49993 yaw=-5.07552 score=0.980633 valid=1 mode=tracking state=TRACKING evaluated=807 execution_us=45945 reason=tracking_pose_accepted
x=3.19997 y=1.49993 yaw=-5.07646 score=0.979457 valid=1 mode=tracking state=TRACKING evaluated=807 execution_us=45915 reason=tracking_pose_accepted
x=3.19997 y=1.49993 yaw=-5.07739 score=0.981227 valid=1 mode=tracking state=TRACKING evaluated=807 execution_us=45869 reason=tracking_pose_accepted
x=3.19997 y=1.49993 yaw=-5.07832 score=0.982096 valid=1 mode=tracking state=TRACKING evaluated=807 execution_us=45790 reason=tracking_pose_accepted
x=3.19997 y=1.49993 yaw=-5.0618 score=0.981824 valid=1 mode=tracking state=TRACKING evaluated=807 execution_us=45746 reason=tracking_pose_accepted
x=3.19997 y=1.49993 yaw=-5.08019 score=0.983778 valid=1 mode=tracking state=TRACKING evaluated=807 execution_us=45825 reason=tracking_pose_accepted
x=3.19997 y=1.49993 yaw=-5.08113 score=0.984001 valid=1 mode=tracking state=TRACKING evaluated=807 execution_us=45848 reason=tracking_pose_accepted
x=3.19997 y=1.49993 yaw=-5.08206 score=0.986915 valid=1 mode=tracking state=TRACKING evaluated=807 execution_us=46805 reason=tracking_pose_accepted
x=3.19997 y=1.49993 yaw=-5.08299 score=0.984505 valid=1 mode=tracking state=TRACKING evaluated=807 execution_us=45939 reason=tracking_pose_accepted
x=3.19997 y=1.49993 yaw=-5.08393 score=0.986249 valid=1 mode=tracking state=TRACKING evaluated=807 execution_us=45848 reason=tracking_pose_accepted
x=3.19997 y=1.49993 yaw=-5.08486 score=0.986355 valid=1 mode=tracking state=TRACKING evaluated=807 execution_us=46353 reason=tracking_pose_accepted
x=3.19997 y=1.49993 yaw=-5.08579 score=0.986093 valid=1 mode=tracking state=TRACKING evaluated=807 execution_us=45576 reason=tracking_pose_accepted
x=3.19997 y=1.49993 yaw=-5.08673 score=0.985927 valid=1 mode=tracking state=TRACKING evaluated=807 execution_us=45850 reason=tracking_pose_accepted
x=3.19997 y=1.49993 yaw=-5.08766 score=0.986003 valid=1 mode=tracking state=TRACKING evaluated=807 execution_us=46133 reason=tracking_pose_accepted
x=3.19997 y=1.49993 yaw=-5.08859 score=0.984576 valid=1 mode=tracking state=TRACKING evaluated=807 execution_us=45948 reason=tracking_pose_accepted
x=3.19997 y=1.49993 yaw=-5.08953 score=0.985221 valid=1 mode=tracking state=TRACKING evaluated=807 execution_us=46012 reason=tracking_pose_accepted
x=3.19997 y=1.49993 yaw=-5.09046 score=0.980975 valid=1 mode=tracking state=TRACKING evaluated=807 execution_us=45821 reason=tracking_pose_accepted
x=3.19997 y=1.49993 yaw=-5.0914 score=0.981357 valid=1 mode=tracking state=TRACKING evaluated=807 execution_us=46202 reason=tracking_pose_accepted
x=3.19997 y=1.49993 yaw=-5.09233 score=0.98014 valid=1 mode=tracking state=TRACKING evaluated=807 execution_us=46213 reason=tracking_pose_accepted
x=3.19997 y=1.49993 yaw=-5.09326 score=0.97816 valid=1 mode=tracking state=TRACKING evaluated=807 execution_us=45724 reason=tracking_pose_accepted
x=3.19997 y=1.49993 yaw=-5.07674 score=0.984011 valid=1 mode=tracking state=TRACKING evaluated=807 execution_us=45707 reason=tracking_pose_accepted
x=3.19997 y=1.49993 yaw=-5.07768 score=0.981592 valid=1 mode=tracking state=TRACKING evaluated=807 execution_us=46222 reason=tracking_pose_accepted
x=3.19997 y=1.49993 yaw=-5.07861 score=0.981528 valid=1 mode=tracking state=TRACKING evaluated=807 execution_us=45939 reason=tracking_pose_accepted
x=3.19997 y=1.49993 yaw=-5.06209 score=0.98007 valid=1 mode=tracking state=TRACKING evaluated=807 execution_us=45769 reason=tracking_pose_accepted
x=3.19997 y=1.49993 yaw=-5.08048 score=0.982842 valid=1 mode=tracking state=TRACKING evaluated=807 execution_us=45857 reason=tracking_pose_accepted
x=3.19997 y=1.49993 yaw=-5.08141 score=0.982629 valid=1 mode=tracking state=TRACKING evaluated=807 execution_us=45973 reason=tracking_pose_accepted
x=3.19997 y=1.49993 yaw=-5.08235 score=0.983699 valid=1 mode=tracking state=TRACKING evaluated=807 execution_us=46044 reason=tracking_pose_accepted
x=3.19997 y=1.49993 yaw=-5.08328 score=0.98507 valid=1 mode=tracking state=TRACKING evaluated=807 execution_us=45750 reason=tracking_pose_accepted
x=3.19997 y=1.49993 yaw=-5.08421 score=0.985483 valid=1 mode=tracking state=TRACKING evaluated=807 execution_us=45631 reason=tracking_pose_accepted
x=3.19997 y=1.49993 yaw=-5.08515 score=0.987036 valid=1 mode=tracking state=TRACKING evaluated=807 execution_us=45494 reason=tracking_pose_accepted
x=3.19997 y=1.49993 yaw=-5.08608 score=0.984917 valid=1 mode=tracking state=TRACKING evaluated=807 execution_us=45844 reason=tracking_pose_accepted
x=3.19997 y=1.49993 yaw=-5.08701 score=0.986626 valid=1 mode=tracking state=TRACKING evaluated=807 execution_us=45793 reason=tracking_pose_accepted
x=3.19997 y=1.49993 yaw=-5.08795 score=0.985402 valid=1 mode=tracking state=TRACKING evaluated=807 execution_us=45822 reason=tracking_pose_accepted
x=3.19997 y=1.49993 yaw=-5.08888 score=0.98385 valid=1 mode=tracking state=TRACKING evaluated=807 execution_us=45758 reason=tracking_pose_accepted
x=3.19997 y=1.49993 yaw=-5.08981 score=0.984818 valid=1 mode=tracking state=TRACKING evaluated=807 execution_us=46220 reason=tracking_pose_accepted
x=3.19997 y=1.49993 yaw=-5.09075 score=0.980724 valid=1 mode=tracking state=TRACKING evaluated=807 execution_us=82313 reason=tracking_pose_accepted
x=3.19997 y=1.49993 yaw=-5.09168 score=0.983023 valid=1 mode=tracking state=TRACKING evaluated=807 execution_us=52212 reason=tracking_pose_accepted
x=3.19997 y=1.49993 yaw=-5.09262 score=0.979916 valid=1 mode=tracking state=TRACKING evaluated=807 execution_us=46370 reason=tracking_pose_accepted
x=3.19997 y=1.49993 yaw=-5.0761 score=0.981086 valid=1 mode=tracking state=TRACKING evaluated=807 execution_us=45867 reason=tracking_pose_accepted
x=3.19997 y=1.49993 yaw=-5.05958 score=0.979483 valid=1 mode=tracking state=TRACKING evaluated=807 execution_us=45512 reason=tracking_pose_accepted
x=3.19997 y=1.49993 yaw=-5.06051 score=0.982449 valid=1 mode=tracking state=TRACKING evaluated=807 execution_us=46080 reason=tracking_pose_accepted
x=3.19997 y=1.49993 yaw=-5.0789 score=0.98005 valid=1 mode=tracking state=TRACKING evaluated=807 execution_us=45591 reason=tracking_pose_accepted
x=3.19997 y=1.49993 yaw=-5.07983 score=0.983101 valid=1 mode=tracking state=TRACKING evaluated=807 execution_us=45792 reason=tracking_pose_accepted
x=3.19997 y=1.49993 yaw=-5.08076 score=0.981733 valid=1 mode=tracking state=TRACKING evaluated=807 execution_us=47039 reason=tracking_pose_accepted
x=3.19997 y=1.49993 yaw=-5.0817 score=0.983525 valid=1 mode=tracking state=TRACKING evaluated=807 execution_us=45660 reason=tracking_pose_accepted
x=3.19997 y=1.49993 yaw=-5.08263 score=0.984122 valid=1 mode=tracking state=TRACKING evaluated=807 execution_us=46429 reason=tracking_pose_accepted
x=3.19997 y=1.49993 yaw=-5.08357 score=0.983515 valid=1 mode=tracking state=TRACKING evaluated=807 execution_us=45666 reason=tracking_pose_accepted
x=3.19997 y=1.49993 yaw=-5.0845 score=0.98544 valid=1 mode=tracking state=TRACKING evaluated=807 execution_us=82493 reason=tracking_pose_accepted
x=3.19997 y=1.49993 yaw=-5.08543 score=0.985715 valid=1 mode=tracking state=TRACKING evaluated=807 execution_us=70480 reason=tracking_pose_accepted
x=3.19997 y=1.49993 yaw=-5.08637 score=0.985826 valid=1 mode=tracking state=TRACKING evaluated=807 execution_us=46713 reason=tracking_pose_accepted
x=3.19997 y=1.49993 yaw=-5.0873 score=0.984535 valid=1 mode=tracking state=TRACKING evaluated=807 execution_us=45930 reason=tracking_pose_accepted
x=3.19997 y=1.49993 yaw=-5.08823 score=0.985561 valid=1 mode=tracking state=TRACKING evaluated=807 execution_us=46170 reason=tracking_pose_accepted
x=3.19997 y=1.49993 yaw=-5.08917 score=0.984404 valid=1 mode=tracking state=TRACKING evaluated=807 execution_us=45841 reason=tracking_pose_accepted
x=3.19997 y=1.49993 yaw=-5.0901 score=0.982257 valid=1 mode=tracking state=TRACKING evaluated=807 execution_us=46243 reason=tracking_pose_accepted
x=3.19997 y=1.49993 yaw=-5.09103 score=0.982808 valid=1 mode=tracking state=TRACKING evaluated=807 execution_us=45762 reason=tracking_pose_accepted
x=3.19997 y=1.49993 yaw=-5.09197 score=0.982398 valid=1 mode=tracking state=TRACKING evaluated=807 execution_us=46208 reason=tracking_pose_accepted
x=3.19997 y=1.49993 yaw=-5.0929 score=0.979899 valid=1 mode=tracking state=TRACKING evaluated=807 execution_us=46253 reason=tracking_pose_accepted
x=3.24997 y=1.54993 yaw=-5.09384 score=0.977448 valid=1 mode=tracking state=TRACKING evaluated=807 execution_us=46088 reason=tracking_pose_accepted
x=3.24997 y=1.54993 yaw=-5.14713 score=0.980058 valid=1 mode=tracking state=TRACKING evaluated=807 execution_us=45665 reason=tracking_pose_accepted
x=3.24997 y=1.64993 yaw=-5.18297 score=0.981136 valid=1 mode=tracking state=TRACKING evaluated=807 execution_us=45643 reason=tracking_pose_accepted
x=3.24997 y=1.69993 yaw=-5.18391 score=0.984957 valid=1 mode=tracking state=TRACKING evaluated=807 execution_us=45438 reason=tracking_pose_accepted
x=3.24997 y=1.74993 yaw=-5.11503 score=0.975733 valid=1 mode=tracking state=TRACKING evaluated=807 execution_us=45092 reason=tracking_pose_accepted
x=3.24997 y=1.84993 yaw=-5.04615 score=0.971971 valid=1 mode=tracking state=TRACKING evaluated=807 execution_us=45299 reason=tracking_pose_accepted
x=3.24997 y=1.94993 yaw=-4.95982 score=0.967158 valid=1 mode=tracking state=TRACKING evaluated=807 execution_us=45881 reason=tracking_pose_accepted
x=3.24997 y=1.99993 yaw=-4.92584 score=0.960033 valid=1 mode=tracking state=TRACKING evaluated=807 execution_us=45747 reason=tracking_pose_accepted
x=3.19997 y=1.99993 yaw=-4.92678 score=0.957479 valid=1 mode=tracking state=TRACKING evaluated=807 execution_us=45546 reason=tracking_pose_accepted
x=3.24997 y=2.04993 yaw=-4.92771 score=0.957571 valid=1 mode=tracking state=TRACKING evaluated=807 execution_us=44819 reason=tracking_pose_accepted
x=3.24997 y=2.09993 yaw=-4.92865 score=0.959508 valid=1 mode=tracking state=TRACKING evaluated=807 execution_us=45494 reason=tracking_pose_accepted
x=3.24997 y=2.09993 yaw=-4.92958 score=0.969562 valid=1 mode=tracking state=TRACKING evaluated=807 execution_us=44813 reason=tracking_pose_accepted
x=3.24997 y=2.14993 yaw=-4.94797 score=0.969646 valid=1 mode=tracking state=TRACKING evaluated=807 execution_us=45280 reason=tracking_pose_accepted
x=3.24997 y=2.14993 yaw=-4.98381 score=0.967632 valid=1 mode=tracking state=TRACKING evaluated=789 execution_us=43825 reason=tracking_pose_accepted
x=3.24997 y=2.14993 yaw=-4.98474 score=0.97182 valid=1 mode=tracking state=TRACKING evaluated=789 execution_us=43884 reason=tracking_pose_accepted
x=3.24997 y=2.14993 yaw=-5.00313 score=0.974392 valid=1 mode=tracking state=TRACKING evaluated=789 execution_us=44430 reason=tracking_pose_accepted
x=3.24997 y=2.14993 yaw=-5.03897 score=0.976296 valid=1 mode=tracking state=TRACKING evaluated=789 execution_us=43536 reason=tracking_pose_accepted
x=3.24997 y=2.14993 yaw=-5.07481 score=0.970552 valid=1 mode=tracking state=TRACKING evaluated=789 execution_us=43576 reason=tracking_pose_accepted
x=3.24997 y=2.14993 yaw=-5.07574 score=0.973873 valid=1 mode=tracking state=TRACKING evaluated=789 execution_us=44225 reason=tracking_pose_accepted
x=3.24997 y=2.14993 yaw=-5.05922 score=0.974541 valid=1 mode=tracking state=TRACKING evaluated=789 execution_us=43804 reason=tracking_pose_accepted
x=3.24997 y=2.14993 yaw=-5.06016 score=0.974234 valid=1 mode=tracking state=TRACKING evaluated=789 execution_us=44388 reason=tracking_pose_accepted
x=3.24997 y=2.14993 yaw=-5.06109 score=0.974099 valid=1 mode=tracking state=TRACKING evaluated=789 execution_us=44067 reason=tracking_pose_accepted
x=3.24997 y=2.14993 yaw=-5.06203 score=0.971661 valid=1 mode=tracking state=TRACKING evaluated=789 execution_us=44252 reason=tracking_pose_accepted
x=3.24997 y=2.14993 yaw=-5.06296 score=0.972017 valid=1 mode=tracking state=TRACKING evaluated=789 execution_us=44582 reason=tracking_pose_accepted
x=3.24997 y=2.14993 yaw=-5.0639 score=0.970337 valid=1 mode=tracking state=TRACKING evaluated=789 execution_us=43758 reason=tracking_pose_accepted
x=3.24997 y=2.14993 yaw=-5.04738 score=0.972426 valid=1 mode=tracking state=TRACKING evaluated=789 execution_us=43840 reason=tracking_pose_accepted
x=3.24997 y=2.14993 yaw=-5.08322 score=0.971654 valid=1 mode=tracking state=TRACKING evaluated=789 execution_us=44289 reason=tracking_pose_accepted
x=3.24997 y=2.14993 yaw=-5.04924 score=0.974592 valid=1 mode=tracking state=TRACKING evaluated=789 execution_us=44050 reason=tracking_pose_accepted
x=3.24997 y=2.14993 yaw=-5.06763 score=0.970137 valid=1 mode=tracking state=TRACKING evaluated=789 execution_us=44227 reason=tracking_pose_accepted
x=3.24997 y=2.09993 yaw=-5.06857 score=0.970143 valid=1 mode=tracking state=TRACKING evaluated=789 execution_us=44592 reason=tracking_pose_accepted
x=3.24997 y=2.09993 yaw=-5.0695 score=0.972012 valid=1 mode=tracking state=TRACKING evaluated=807 execution_us=45898 reason=tracking_pose_accepted
x=3.24997 y=2.09993 yaw=-5.07043 score=0.971045 valid=1 mode=tracking state=TRACKING evaluated=807 execution_us=44696 reason=tracking_pose_accepted
x=3.24997 y=2.09993 yaw=-5.07137 score=0.97081 valid=1 mode=tracking state=TRACKING evaluated=807 execution_us=44910 reason=tracking_pose_accepted
x=3.24997 y=2.14993 yaw=-5.0723 score=0.965515 valid=1 mode=tracking state=TRACKING evaluated=807 execution_us=45521 reason=tracking_pose_accepted
x=3.24997 y=2.14993 yaw=-5.07324 score=0.96657 valid=1 mode=tracking state=TRACKING evaluated=789 execution_us=44986 reason=tracking_pose_accepted
x=3.24997 y=2.14993 yaw=-5.07417 score=0.962679 valid=1 mode=tracking state=TRACKING evaluated=789 execution_us=44142 reason=tracking_pose_accepted
x=3.24997 y=2.14993 yaw=-5.0751 score=0.964387 valid=1 mode=tracking state=TRACKING evaluated=789 execution_us=43597 reason=tracking_pose_accepted
x=3.24997 y=2.09993 yaw=-5.07604 score=0.967149 valid=1 mode=tracking state=TRACKING evaluated=789 execution_us=44450 reason=tracking_pose_accepted
x=3.24997 y=2.09993 yaw=-5.07697 score=0.969434 valid=1 mode=tracking state=TRACKING evaluated=807 execution_us=45159 reason=tracking_pose_accepted
x=3.24997 y=2.09993 yaw=-5.07791 score=0.965541 valid=1 mode=tracking state=TRACKING evaluated=807 execution_us=45406 reason=tracking_pose_accepted
x=3.24997 y=2.09993 yaw=-5.06139 score=0.966217 valid=1 mode=tracking state=TRACKING evaluated=807 execution_us=46062 reason=tracking_pose_accepted
x=3.24997 y=2.14993 yaw=-5.06232 score=0.96255 valid=1 mode=tracking state=TRACKING evaluated=807 execution_us=45204 reason=tracking_pose_accepted
x=3.24997 y=2.14993 yaw=-5.06326 score=0.969163 valid=1 mode=tracking state=TRACKING evaluated=789 execution_us=44645 reason=tracking_pose_accepted
x=3.24997 y=2.09993 yaw=-5.06419 score=0.969777 valid=1 mode=tracking state=TRACKING evaluated=789 execution_us=43881 reason=tracking_pose_accepted
x=3.24997 y=2.09993 yaw=-5.06512 score=0.971163 valid=1 mode=tracking state=TRACKING evaluated=807 execution_us=45112 reason=tracking_pose_accepted
x=3.24997 y=2.09993 yaw=-5.06606 score=0.968638 valid=1 mode=tracking state=TRACKING evaluated=807 execution_us=46169 reason=tracking_pose_accepted
x=3.24997 y=2.09993 yaw=-5.06699 score=0.971327 valid=1 mode=tracking state=TRACKING evaluated=807 execution_us=44939 reason=tracking_pose_accepted
x=3.24997 y=2.14993 yaw=-5.06793 score=0.971674 valid=1 mode=tracking state=TRACKING evaluated=807 execution_us=44857 reason=tracking_pose_accepted
x=3.24997 y=2.14993 yaw=-5.06886 score=0.969503 valid=1 mode=tracking state=TRACKING evaluated=789 execution_us=44887 reason=tracking_pose_accepted
x=3.24997 y=2.14993 yaw=-5.06979 score=0.96824 valid=1 mode=tracking state=TRACKING evaluated=789 execution_us=44348 reason=tracking_pose_accepted
x=3.24997 y=2.09993 yaw=-5.07073 score=0.968211 valid=1 mode=tracking state=TRACKING evaluated=789 execution_us=45118 reason=tracking_pose_accepted
x=3.24997 y=2.09993 yaw=-5.07166 score=0.970293 valid=1 mode=tracking state=TRACKING evaluated=807 execution_us=45406 reason=tracking_pose_accepted
x=3.24997 y=2.09993 yaw=-5.0726 score=0.966754 valid=1 mode=tracking state=TRACKING evaluated=807 execution_us=45140 reason=tracking_pose_accepted
x=3.24997 y=2.09994 yaw=-5.07353 score=0.965704 valid=1 mode=tracking state=TRACKING evaluated=807 execution_us=45756 reason=tracking_pose_accepted
x=3.24997 y=2.14994 yaw=-5.07447 score=0.966213 valid=1 mode=tracking state=TRACKING evaluated=807 execution_us=44790 reason=tracking_pose_accepted
x=3.24997 y=2.14994 yaw=-5.0754 score=0.963883 valid=1 mode=tracking state=TRACKING evaluated=789 execution_us=44470 reason=tracking_pose_accepted
x=3.24997 y=2.14994 yaw=-5.05888 score=0.965018 valid=1 mode=tracking state=TRACKING evaluated=789 execution_us=43526 reason=tracking_pose_accepted
x=3.24997 y=2.09994 yaw=-5.05981 score=0.964767 valid=1 mode=tracking state=TRACKING evaluated=789 execution_us=44219 reason=tracking_pose_accepted
x=3.24997 y=2.14994 yaw=-5.06075 score=0.96678 valid=1 mode=tracking state=TRACKING evaluated=807 execution_us=44892 reason=tracking_pose_accepted
x=3.24997 y=2.09994 yaw=-5.06168 score=0.966564 valid=1 mode=tracking state=TRACKING evaluated=789 execution_us=44138 reason=tracking_pose_accepted
x=3.24997 y=2.09994 yaw=-5.06262 score=0.970486 valid=1 mode=tracking state=TRACKING evaluated=807 execution_us=45129 reason=tracking_pose_accepted
x=3.24997 y=2.09994 yaw=-5.06355 score=0.968445 valid=1 mode=tracking state=TRACKING evaluated=807 execution_us=45891 reason=tracking_pose_accepted
x=3.24997 y=2.14994 yaw=-5.06449 score=0.970593 valid=1 mode=tracking state=TRACKING evaluated=807 execution_us=44927 reason=tracking_pose_accepted
x=3.24997 y=2.09994 yaw=-5.06542 score=0.968835 valid=1 mode=tracking state=TRACKING evaluated=789 execution_us=43580 reason=tracking_pose_accepted
x=3.24997 y=2.14994 yaw=-5.06635 score=0.970102 valid=1 mode=tracking state=TRACKING evaluated=807 execution_us=44954 reason=tracking_pose_accepted
x=3.24997 y=2.09994 yaw=-5.06729 score=0.970323 valid=1 mode=tracking state=TRACKING evaluated=789 execution_us=44274 reason=tracking_pose_accepted
x=3.24997 y=2.14994 yaw=-5.06822 score=0.968689 valid=1 mode=tracking state=TRACKING evaluated=807 execution_us=45324 reason=tracking_pose_accepted
x=3.24997 y=2.14994 yaw=-5.06916 score=0.969474 valid=1 mode=tracking state=TRACKING evaluated=789 execution_us=44015 reason=tracking_pose_accepted
x=3.24997 y=2.09994 yaw=-5.07009 score=0.967802 valid=1 mode=tracking state=TRACKING evaluated=789 execution_us=44493 reason=tracking_pose_accepted
x=3.24997 y=2.14994 yaw=-5.07102 score=0.967683 valid=1 mode=tracking state=TRACKING evaluated=807 execution_us=45791 reason=tracking_pose_accepted
x=3.24997 y=2.09994 yaw=-5.07196 score=0.966199 valid=1 mode=tracking state=TRACKING evaluated=789 execution_us=45171 reason=tracking_pose_accepted
x=3.24997 y=2.14994 yaw=-5.07289 score=0.96836 valid=1 mode=tracking state=TRACKING evaluated=807 execution_us=44881 reason=tracking_pose_accepted
x=3.24997 y=2.09994 yaw=-5.07383 score=0.965218 valid=1 mode=tracking state=TRACKING evaluated=789 execution_us=44670 reason=tracking_pose_accepted
x=3.24997 y=2.09994 yaw=-5.07476 score=0.965022 valid=1 mode=tracking state=TRACKING evaluated=807 execution_us=45948 reason=tracking_pose_accepted
x=3.24997 y=2.14994 yaw=-5.07569 score=0.966483 valid=1 mode=tracking state=TRACKING evaluated=807 execution_us=45365 reason=tracking_pose_accepted
x=3.24997 y=2.14994 yaw=-5.05918 score=0.965024 valid=1 mode=tracking state=TRACKING evaluated=789 execution_us=44508 reason=tracking_pose_accepted
x=3.24997 y=2.09994 yaw=-5.07756 score=0.964103 valid=1 mode=tracking state=TRACKING evaluated=789 execution_us=44299 reason=tracking_pose_accepted
x=3.24997 y=2.14994 yaw=-5.06104 score=0.968164 valid=1 mode=tracking state=TRACKING evaluated=807 execution_us=44960 reason=tracking_pose_accepted
x=3.24997 y=2.09994 yaw=-5.06198 score=0.96702 valid=1 mode=tracking state=TRACKING evaluated=789 execution_us=44212 reason=tracking_pose_accepted
x=3.24997 y=2.14994 yaw=-5.06291 score=0.970254 valid=1 mode=tracking state=TRACKING evaluated=807 execution_us=44972 reason=tracking_pose_accepted
x=3.24997 y=2.09994 yaw=-5.06385 score=0.96641 valid=1 mode=tracking state=TRACKING evaluated=789 execution_us=44747 reason=tracking_pose_accepted
x=3.24997 y=2.14994 yaw=-5.06478 score=0.972301 valid=1 mode=tracking state=TRACKING evaluated=807 execution_us=44716 reason=tracking_pose_accepted
x=3.24997 y=2.14994 yaw=-5.06571 score=0.973429 valid=1 mode=tracking state=TRACKING evaluated=789 execution_us=43673 reason=tracking_pose_accepted
x=3.24997 y=2.14994 yaw=-5.06665 score=0.97045 valid=1 mode=tracking state=TRACKING evaluated=789 execution_us=44548 reason=tracking_pose_accepted
x=3.24997 y=2.14994 yaw=-5.06758 score=0.971962 valid=1 mode=tracking state=TRACKING evaluated=789 execution_us=44016 reason=tracking_pose_accepted
x=3.24997 y=2.09994 yaw=-5.06852 score=0.968331 valid=1 mode=tracking state=TRACKING evaluated=789 execution_us=44142 reason=tracking_pose_accepted
x=3.24997 y=2.14994 yaw=-5.06945 score=0.969243 valid=1 mode=tracking state=TRACKING evaluated=807 execution_us=45125 reason=tracking_pose_accepted
x=3.24997 y=2.09994 yaw=-5.07038 score=0.968124 valid=1 mode=tracking state=TRACKING evaluated=789 execution_us=44122 reason=tracking_pose_accepted
x=3.24997 y=2.14994 yaw=-5.07132 score=0.96717 valid=1 mode=tracking state=TRACKING evaluated=807 execution_us=45354 reason=tracking_pose_accepted
x=3.24997 y=2.14994 yaw=-5.07225 score=0.967761 valid=1 mode=tracking state=TRACKING evaluated=789 execution_us=43659 reason=tracking_pose_accepted
x=3.24997 y=2.09994 yaw=-5.07319 score=0.966677 valid=1 mode=tracking state=TRACKING evaluated=789 execution_us=45312 reason=tracking_pose_accepted
x=3.24997 y=2.14994 yaw=-5.07412 score=0.965707 valid=1 mode=tracking state=TRACKING evaluated=807 execution_us=45632 reason=tracking_pose_accepted
x=3.24997 y=2.14994 yaw=-5.07506 score=0.96602 valid=1 mode=tracking state=TRACKING evaluated=789 execution_us=43627 reason=tracking_pose_accepted
x=3.24997 y=2.14994 yaw=-5.07599 score=0.966254 valid=1 mode=tracking state=TRACKING evaluated=789 execution_us=43478 reason=tracking_pose_accepted
x=3.24997 y=2.09994 yaw=-5.07692 score=0.96681 valid=1 mode=tracking state=TRACKING evaluated=789 execution_us=44388 reason=tracking_pose_accepted
x=3.24997 y=2.14994 yaw=-5.0604 score=0.964818 valid=1 mode=tracking state=TRACKING evaluated=807 execution_us=45060 reason=tracking_pose_accepted
x=3.24997 y=2.14994 yaw=-5.06134 score=0.970609 valid=1 mode=tracking state=TRACKING evaluated=789 execution_us=44238 reason=tracking_pose_accepted
x=3.24997 y=2.14994 yaw=-5.06227 score=0.968792 valid=1 mode=tracking state=TRACKING evaluated=789 execution_us=43819 reason=tracking_pose_accepted
x=3.24997 y=2.14994 yaw=-5.06321 score=0.970593 valid=1 mode=tracking state=TRACKING evaluated=789 execution_us=44179 reason=tracking_pose_accepted
x=3.24997 y=2.09994 yaw=-5.06414 score=0.968434 valid=1 mode=tracking state=TRACKING evaluated=789 execution_us=44699 reason=tracking_pose_accepted
x=3.24997 y=2.09994 yaw=-5.06508 score=0.970097 valid=1 mode=tracking state=TRACKING evaluated=807 execution_us=45514 reason=tracking_pose_accepted
x=3.24997 y=2.14994 yaw=-5.06601 score=0.971433 valid=1 mode=tracking state=TRACKING evaluated=807 execution_us=45117 reason=tracking_pose_accepted
x=3.24997 y=2.14994 yaw=-5.06694 score=0.970449 valid=1 mode=tracking state=TRACKING evaluated=789 execution_us=43604 reason=tracking_pose_accepted
x=3.24997 y=2.14994 yaw=-5.06788 score=0.970733 valid=1 mode=tracking state=TRACKING evaluated=789 execution_us=43692 reason=tracking_pose_accepted
x=3.24997 y=2.14994 yaw=-5.06881 score=0.969649 valid=1 mode=tracking state=TRACKING evaluated=789 execution_us=44121 reason=tracking_pose_accepted
x=3.24997 y=2.14994 yaw=-5.06975 score=0.970072 valid=1 mode=tracking state=TRACKING evaluated=789 execution_us=43762 reason=tracking_pose_accepted
x=3.24997 y=2.09994 yaw=-5.07068 score=0.969202 valid=1 mode=tracking state=TRACKING evaluated=789 execution_us=44136 reason=tracking_pose_accepted
x=3.24997 y=2.09994 yaw=-5.07161 score=0.967175 valid=1 mode=tracking state=TRACKING evaluated=807 execution_us=46074 reason=tracking_pose_accepted
x=3.24997 y=2.14994 yaw=-5.07255 score=0.967989 valid=1 mode=tracking state=TRACKING evaluated=807 execution_us=44893 reason=tracking_pose_accepted
x=3.24997 y=2.09994 yaw=-5.07348 score=0.96659 valid=1 mode=tracking state=TRACKING evaluated=789 execution_us=44272 reason=tracking_pose_accepted
x=3.24997 y=2.14994 yaw=-5.05696 score=0.965394 valid=1 mode=tracking state=TRACKING evaluated=807 execution_us=45089 reason=tracking_pose_accepted
x=3.24997 y=2.14994 yaw=-5.07535 score=0.965924 valid=1 mode=tracking state=TRACKING evaluated=789 execution_us=44468 reason=tracking_pose_accepted
x=3.24997 y=2.09994 yaw=-5.07628 score=0.965232 valid=1 mode=tracking state=TRACKING evaluated=789 execution_us=44017 reason=tracking_pose_accepted
x=3.24997 y=2.14994 yaw=-5.07722 score=0.966123 valid=1 mode=tracking state=TRACKING evaluated=807 execution_us=45246 reason=tracking_pose_accepted
x=3.24997 y=2.09994 yaw=-5.0607 score=0.966759 valid=1 mode=tracking state=TRACKING evaluated=789 execution_us=44255 reason=tracking_pose_accepted
x=3.24997 y=2.14994 yaw=-5.06163 score=0.968308 valid=1 mode=tracking state=TRACKING evaluated=807 execution_us=45350 reason=tracking_pose_accepted
x=3.24997 y=2.09994 yaw=-5.06257 score=0.966307 valid=1 mode=tracking state=TRACKING evaluated=789 execution_us=44111 reason=tracking_pose_accepted
x=3.24997 y=2.14994 yaw=-5.0635 score=0.969526 valid=1 mode=tracking state=TRACKING evaluated=807 execution_us=45192 reason=tracking_pose_accepted
x=3.24997 y=2.09994 yaw=-5.06444 score=0.971709 valid=1 mode=tracking state=TRACKING evaluated=789 execution_us=44143 reason=tracking_pose_accepted
x=3.24997 y=2.09994 yaw=-5.06537 score=0.969279 valid=1 mode=tracking state=TRACKING evaluated=807 execution_us=45427 reason=tracking_pose_accepted
x=3.24997 y=2.14994 yaw=-5.0663 score=0.968914 valid=1 mode=tracking state=TRACKING evaluated=807 execution_us=45205 reason=tracking_pose_accepted
x=3.24997 y=2.14994 yaw=-5.06724 score=0.970742 valid=1 mode=tracking state=TRACKING evaluated=789 execution_us=44246 reason=tracking_pose_accepted
x=3.24997 y=2.14994 yaw=-5.06817 score=0.969914 valid=1 mode=tracking state=TRACKING evaluated=789 execution_us=44241 reason=tracking_pose_accepted
x=3.24997 y=2.14994 yaw=-5.06911 score=0.968648 valid=1 mode=tracking state=TRACKING evaluated=789 execution_us=43812 reason=tracking_pose_accepted
x=3.24997 y=2.09994 yaw=-5.07004 score=0.967395 valid=1 mode=tracking state=TRACKING evaluated=789 execution_us=44455 reason=tracking_pose_accepted
x=3.24997 y=2.14994 yaw=-5.07098 score=0.966539 valid=1 mode=tracking state=TRACKING evaluated=807 execution_us=45086 reason=tracking_pose_accepted
x=3.24997 y=2.14994 yaw=-5.07191 score=0.967637 valid=1 mode=tracking state=TRACKING evaluated=789 execution_us=44261 reason=tracking_pose_accepted
x=3.24997 y=2.14994 yaw=-5.07284 score=0.967141 valid=1 mode=tracking state=TRACKING evaluated=789 execution_us=43594 reason=tracking_pose_accepted
x=3.24997 y=2.09994 yaw=-5.07378 score=0.966856 valid=1 mode=tracking state=TRACKING evaluated=789 execution_us=44142 reason=tracking_pose_accepted
x=3.24997 y=2.14994 yaw=-5.07471 score=0.965979 valid=1 mode=tracking state=TRACKING evaluated=807 execution_us=45101 reason=tracking_pose_accepted
x=3.24997 y=2.09994 yaw=-5.07565 score=0.966458 valid=1 mode=tracking state=TRACKING evaluated=789 execution_us=44405 reason=tracking_pose_accepted
x=3.24997 y=2.09994 yaw=-5.07658 score=0.964544 valid=1 mode=tracking state=TRACKING evaluated=807 execution_us=45426 reason=tracking_pose_accepted
x=3.24997 y=2.14994 yaw=-5.06006 score=0.967485 valid=1 mode=tracking state=TRACKING evaluated=807 execution_us=44931 reason=tracking_pose_accepted
x=3.24997 y=2.14994 yaw=-5.061 score=0.967344 valid=1 mode=tracking state=TRACKING evaluated=789 execution_us=43542 reason=tracking_pose_accepted
x=3.24997 y=2.09994 yaw=-5.06193 score=0.96718 valid=1 mode=tracking state=TRACKING evaluated=789 execution_us=44345 reason=tracking_pose_accepted
x=3.24997 y=2.14994 yaw=-5.06286 score=0.969255 valid=1 mode=tracking state=TRACKING evaluated=807 execution_us=44786 reason=tracking_pose_accepted
x=3.24997 y=2.14994 yaw=-5.0638 score=0.970401 valid=1 mode=tracking state=TRACKING evaluated=789 execution_us=43444 reason=tracking_pose_accepted
x=3.24997 y=2.14994 yaw=-5.06473 score=0.972353 valid=1 mode=tracking state=TRACKING evaluated=789 execution_us=44299 reason=tracking_pose_accepted
x=3.24997 y=2.14994 yaw=-5.06567 score=0.971592 valid=1 mode=tracking state=TRACKING evaluated=789 execution_us=43651 reason=tracking_pose_accepted
x=3.24997 y=2.09994 yaw=-5.0666 score=0.969044 valid=1 mode=tracking state=TRACKING evaluated=789 execution_us=44525 reason=tracking_pose_accepted
x=3.24997 y=2.14994 yaw=-5.06753 score=0.969768 valid=1 mode=tracking state=TRACKING evaluated=807 execution_us=45552 reason=tracking_pose_accepted
x=3.24997 y=2.14994 yaw=-5.06847 score=0.970989 valid=1 mode=tracking state=TRACKING evaluated=789 execution_us=43976 reason=tracking_pose_accepted
x=3.24997 y=2.09994 yaw=-5.0694 score=0.96912 valid=1 mode=tracking state=TRACKING evaluated=789 execution_us=44354 reason=tracking_pose_accepted
x=3.24997 y=2.09994 yaw=-5.07034 score=0.968271 valid=1 mode=tracking state=TRACKING evaluated=807 execution_us=45578 reason=tracking_pose_accepted
x=3.24997 y=2.14994 yaw=-5.07127 score=0.967276 valid=1 mode=tracking state=TRACKING evaluated=807 execution_us=45159 reason=tracking_pose_accepted
x=3.24997 y=2.09994 yaw=-5.0722 score=0.966728 valid=1 mode=tracking state=TRACKING evaluated=789 execution_us=44466 reason=tracking_pose_accepted
x=3.24997 y=2.14994 yaw=-5.07314 score=0.966143 valid=1 mode=tracking state=TRACKING evaluated=807 execution_us=44922 reason=tracking_pose_accepted
x=3.24997 y=2.14994 yaw=-5.05662 score=0.96565 valid=1 mode=tracking state=TRACKING evaluated=789 execution_us=43625 reason=tracking_pose_accepted
x=3.24997 y=2.14994 yaw=-5.05755 score=0.963199 valid=1 mode=tracking state=TRACKING evaluated=789 execution_us=44217 reason=tracking_pose_accepted
x=3.24997 y=2.09994 yaw=-5.07594 score=0.965525 valid=1 mode=tracking state=TRACKING evaluated=789 execution_us=44377 reason=tracking_pose_accepted
x=3.24997 y=2.09994 yaw=-5.07688 score=0.964563 valid=1 mode=tracking state=TRACKING evaluated=807 execution_us=45188 reason=tracking_pose_accepted
x=3.24997 y=2.09994 yaw=-5.06036 score=0.963822 valid=1 mode=tracking state=TRACKING evaluated=807 execution_us=45785 reason=tracking_pose_accepted
x=3.24997 y=2.14994 yaw=-5.06129 score=0.967137 valid=1 mode=tracking state=TRACKING evaluated=807 execution_us=44886 reason=tracking_pose_accepted
x=3.24997 y=2.09994 yaw=-5.06222 score=0.967497 valid=1 mode=tracking state=TRACKING evaluated=789 execution_us=45099 reason=tracking_pose_accepted
x=3.24997 y=2.14994 yaw=-5.06316 score=0.97142 valid=1 mode=tracking state=TRACKING evaluated=807 execution_us=44935 reason=tracking_pose_accepted
x=3.24997 y=2.09994 yaw=-5.06409 score=0.968363 valid=1 mode=tracking state=TRACKING evaluated=789 execution_us=45347 reason=tracking_pose_accepted
x=3.24997 y=2.09994 yaw=-5.06503 score=0.967839 valid=1 mode=tracking state=TRACKING evaluated=807 execution_us=45165 reason=tracking_pose_accepted
x=3.24997 y=2.14994 yaw=-5.06596 score=0.972353 valid=1 mode=tracking state=TRACKING evaluated=807 execution_us=45042 reason=tracking_pose_accepted
x=3.24997 y=2.09994 yaw=-5.0669 score=0.970009 valid=1 mode=tracking state=TRACKING evaluated=789 execution_us=44910 reason=tracking_pose_accepted
x=3.24997 y=2.14994 yaw=-5.06783 score=0.968341 valid=1 mode=tracking state=TRACKING evaluated=807 execution_us=45392 reason=tracking_pose_accepted
x=3.24997 y=2.14994 yaw=-5.06876 score=0.970072 valid=1 mode=tracking state=TRACKING evaluated=789 execution_us=44048 reason=tracking_pose_accepted
x=3.24997 y=2.09994 yaw=-5.0697 score=0.968151 valid=1 mode=tracking state=TRACKING evaluated=789 execution_us=45100 reason=tracking_pose_accepted
x=3.24997 y=2.09994 yaw=-5.07063 score=0.96661 valid=1 mode=tracking state=TRACKING evaluated=807 execution_us=45227 reason=tracking_pose_accepted
x=3.24997 y=2.14994 yaw=-5.07157 score=0.966641 valid=1 mode=tracking state=TRACKING evaluated=807 execution_us=44613 reason=tracking_pose_accepted
x=3.24997 y=2.09994 yaw=-5.0725 score=0.966753 valid=1 mode=tracking state=TRACKING evaluated=789 execution_us=45052 reason=tracking_pose_accepted
x=3.24997 y=2.09994 yaw=-5.07343 score=0.966064 valid=1 mode=tracking state=TRACKING evaluated=807 execution_us=45018 reason=tracking_pose_accepted
x=3.24997 y=2.14994 yaw=-5.07437 score=0.966882 valid=1 mode=tracking state=TRACKING evaluated=807 execution_us=44875 reason=tracking_pose_accepted
x=3.24997 y=2.14994 yaw=-5.05785 score=0.965612 valid=1 mode=tracking state=TRACKING evaluated=789 execution_us=43916 reason=tracking_pose_accepted
x=3.24997 y=2.09994 yaw=-5.07624 score=0.964757 valid=1 mode=tracking state=TRACKING evaluated=789 execution_us=44423 reason=tracking_pose_accepted
x=3.24997 y=2.14994 yaw=-5.05972 score=0.967814 valid=1 mode=tracking state=TRACKING evaluated=807 execution_us=44742 reason=tracking_pose_accepted
x=3.24997 y=2.14994 yaw=-5.06065 score=0.965003 valid=1 mode=tracking state=TRACKING evaluated=789 execution_us=55497 reason=tracking_pose_accepted
x=3.24997 y=2.09994 yaw=-5.06159 score=0.967548 valid=1 mode=tracking state=TRACKING evaluated=789 execution_us=44376 reason=tracking_pose_accepted
x=3.24997 y=2.09994 yaw=-5.06252 score=0.967794 valid=1 mode=tracking state=TRACKING evaluated=807 execution_us=45862 reason=tracking_pose_accepted
x=3.24997 y=2.14995 yaw=-5.06345 score=0.968247 valid=1 mode=tracking state=TRACKING evaluated=807 execution_us=45353 reason=tracking_pose_accepted
x=3.24997 y=2.14995 yaw=-5.06439 score=0.971974 valid=1 mode=tracking state=TRACKING evaluated=789 execution_us=44103 reason=tracking_pose_accepted
x=3.24997 y=2.14995 yaw=-5.06532 score=0.969424 valid=1 mode=tracking state=TRACKING evaluated=789 execution_us=44014 reason=tracking_pose_accepted
x=3.24997 y=2.14995 yaw=-5.06626 score=0.970527 valid=1 mode=tracking state=TRACKING evaluated=789 execution_us=44886 reason=tracking_pose_accepted
x=3.24997 y=2.14995 yaw=-5.06719 score=0.969369 valid=1 mode=tracking state=TRACKING evaluated=789 execution_us=43745 reason=tracking_pose_accepted
x=3.24997 y=2.14995 yaw=-5.06812 score=0.969763 valid=1 mode=tracking state=TRACKING evaluated=789 execution_us=43747 reason=tracking_pose_accepted
x=3.24997 y=2.14995 yaw=-5.06906 score=0.970245 valid=1 mode=tracking state=TRACKING evaluated=789 execution_us=44245 reason=tracking_pose_accepted
x=3.24997 y=2.09995 yaw=-5.06999 score=0.968597 valid=1 mode=tracking state=TRACKING evaluated=789 execution_us=44747 reason=tracking_pose_accepted
x=3.24997 y=2.14995 yaw=-5.07093 score=0.969494 valid=1 mode=tracking state=TRACKING evaluated=807 execution_us=44616 reason=tracking_pose_accepted
x=3.24997 y=2.09995 yaw=-5.07186 score=0.966687 valid=1 mode=tracking state=TRACKING evaluated=789 execution_us=44571 reason=tracking_pose_accepted
x=3.24997 y=2.14995 yaw=-5.07279 score=0.966466 valid=1 mode=tracking state=TRACKING evaluated=807 execution_us=44897 reason=tracking_pose_accepted
x=3.24997 y=2.09995 yaw=-5.07373 score=0.966283 valid=1 mode=tracking state=TRACKING evaluated=789 execution_us=43845 reason=tracking_pose_accepted
x=3.24997 y=2.14995 yaw=-5.07466 score=0.966528 valid=1 mode=tracking state=TRACKING evaluated=807 execution_us=44941 reason=tracking_pose_accepted
x=3.24997 y=2.14995 yaw=-5.05814 score=0.96592 valid=1 mode=tracking state=TRACKING evaluated=789 execution_us=44140 reason=tracking_pose_accepted
x=3.24997 y=2.14995 yaw=-5.07653 score=0.965735 valid=1 mode=tracking state=TRACKING evaluated=789 execution_us=44592 reason=tracking_pose_accepted
x=3.24997 y=2.09995 yaw=-5.06001 score=0.96488 valid=1 mode=tracking state=TRACKING evaluated=789 execution_us=44639 reason=tracking_pose_accepted
x=3.24997 y=2.14995 yaw=-5.06095 score=0.969787 valid=1 mode=tracking state=TRACKING evaluated=807 execution_us=45031 reason=tracking_pose_accepted
x=3.24997 y=2.14995 yaw=-5.06188 score=0.96829 valid=1 mode=tracking state=TRACKING evaluated=789 execution_us=44139 reason=tracking_pose_accepted
x=3.24997 y=2.14995 yaw=-5.06281 score=0.968391 valid=1 mode=tracking state=TRACKING evaluated=789 execution_us=44610 reason=tracking_pose_accepted
x=3.24997 y=2.14995 yaw=-5.06375 score=0.971166 valid=1 mode=tracking state=TRACKING evaluated=789 execution_us=43787 reason=tracking_pose_accepted
x=3.24997 y=2.09995 yaw=-5.06468 score=0.969863 valid=1 mode=tracking state=TRACKING evaluated=789 execution_us=44697 reason=tracking_pose_accepted
x=3.24997 y=2.14995 yaw=-5.06562 score=0.97223 valid=1 mode=tracking state=TRACKING evaluated=807 execution_us=45289 reason=tracking_pose_accepted
x=3.24997 y=2.09995 yaw=-5.06655 score=0.969004 valid=1 mode=tracking state=TRACKING evaluated=789 execution_us=44884 reason=tracking_pose_accepted
x=3.24997 y=2.09995 yaw=-5.06749 score=0.969724 valid=1 mode=tracking state=TRACKING evaluated=807 execution_us=44897 reason=tracking_pose_accepted
x=3.24997 y=2.14995 yaw=-5.06842 score=0.968423 valid=1 mode=tracking state=TRACKING evaluated=807 execution_us=45989 reason=tracking_pose_accepted
x=3.24997 y=2.14995 yaw=-5.06935 score=0.970274 valid=1 mode=tracking state=TRACKING evaluated=789 execution_us=43831 reason=tracking_pose_accepted
x=3.24997 y=2.14995 yaw=-5.07029 score=0.968299 valid=1 mode=tracking state=TRACKING evaluated=789 execution_us=44684 reason=tracking_pose_accepted
x=3.24997 y=2.09995 yaw=-5.07122 score=0.96682 valid=1 mode=tracking state=TRACKING evaluated=789 execution_us=44307 reason=tracking_pose_accepted
x=3.24997 y=2.09995 yaw=-5.07216 score=0.966215 valid=1 mode=tracking state=TRACKING evaluated=807 execution_us=45050 reason=tracking_pose_accepted
x=3.24997 y=2.14995 yaw=-5.07309 score=0.96589 valid=1 mode=tracking state=TRACKING evaluated=807 execution_us=45176 reason=tracking_pose_accepted
x=3.24997 y=2.14995 yaw=-5.07402 score=0.966789 valid=1 mode=tracking state=TRACKING evaluated=789 execution_us=44304 reason=tracking_pose_accepted
x=3.24997 y=2.14995 yaw=-5.07496 score=0.966487 valid=1 mode=tracking state=TRACKING evaluated=789 execution_us=43884 reason=tracking_pose_accepted
x=3.24997 y=2.09995 yaw=-5.07589 score=0.966242 valid=1 mode=tracking state=TRACKING evaluated=789 execution_us=44370 reason=tracking_pose_accepted
x=3.24997 y=2.14995 yaw=-5.05937 score=0.966523 valid=1 mode=tracking state=TRACKING evaluated=807 execution_us=45253 reason=tracking_pose_accepted
x=3.24997 y=2.14995 yaw=-5.06031 score=0.965914 valid=1 mode=tracking state=TRACKING evaluated=789 execution_us=44511 reason=tracking_pose_accepted
x=3.24997 y=2.14995 yaw=-5.06124 score=0.967184 valid=1 mode=tracking state=TRACKING evaluated=789 execution_us=44016 reason=tracking_pose_accepted
x=3.24997 y=2.14995 yaw=-5.06218 score=0.967491 valid=1 mode=tracking state=TRACKING evaluated=789 execution_us=43789 reason=tracking_pose_accepted
x=3.24997 y=2.14995 yaw=-5.06311 score=0.970182 valid=1 mode=tracking state=TRACKING evaluated=789 execution_us=44096 reason=tracking_pose_accepted
x=3.24997 y=2.09995 yaw=-5.06404 score=0.969574 valid=1 mode=tracking state=TRACKING evaluated=789 execution_us=43629 reason=tracking_pose_accepted
x=3.24997 y=2.14995 yaw=-5.06498 score=0.969992 valid=1 mode=tracking state=TRACKING evaluated=807 execution_us=45246 reason=tracking_pose_accepted
x=3.24997 y=2.09995 yaw=-5.06591 score=0.970013 valid=1 mode=tracking state=TRACKING evaluated=789 execution_us=44168 reason=tracking_pose_accepted
x=3.24997 y=2.09995 yaw=-5.06685 score=0.969605 valid=1 mode=tracking state=TRACKING evaluated=807 execution_us=44860 reason=tracking_pose_accepted
x=3.24997 y=2.14995 yaw=-5.06778 score=0.96873 valid=1 mode=tracking state=TRACKING evaluated=807 execution_us=45185 reason=tracking_pose_accepted
x=3.24997 y=2.14995 yaw=-5.06871 score=0.97081 valid=1 mode=tracking state=TRACKING evaluated=789 execution_us=44269 reason=tracking_pose_accepted
x=3.24997 y=2.14995 yaw=-5.06965 score=0.96873 valid=1 mode=tracking state=TRACKING evaluated=789 execution_us=44364 reason=tracking_pose_accepted
x=3.24997 y=2.09995 yaw=-5.07058 score=0.969045 valid=1 mode=tracking state=TRACKING evaluated=789 execution_us=44775 reason=tracking_pose_accepted
x=3.24997 y=2.09995 yaw=-5.07152 score=0.966677 valid=1 mode=tracking state=TRACKING evaluated=807 execution_us=44974 reason=tracking_pose_accepted
x=3.24997 y=2.14995 yaw=-5.07245 score=0.966319 valid=1 mode=tracking state=TRACKING evaluated=807 execution_us=45101 reason=tracking_pose_accepted
x=3.24997 y=2.14995 yaw=-5.07339 score=0.96644 valid=1 mode=tracking state=TRACKING evaluated=789 execution_us=43807 reason=tracking_pose_accepted
x=3.24997 y=2.09995 yaw=-5.07432 score=0.965594 valid=1 mode=tracking state=TRACKING evaluated=789 execution_us=44277 reason=tracking_pose_accepted
x=3.24997 y=2.14995 yaw=-5.0578 score=0.964377 valid=1 mode=tracking state=TRACKING evaluated=807 execution_us=45015 reason=tracking_pose_accepted
x=3.24997 y=2.09995 yaw=-5.07619 score=0.965127 valid=1 mode=tracking state=TRACKING evaluated=789 execution_us=44188 reason=tracking_pose_accepted
x=3.24997 y=2.14995 yaw=-5.07712 score=0.964778 valid=1 mode=tracking state=TRACKING evaluated=807 execution_us=45466 reason=tracking_pose_accepted
x=3.24997 y=2.09995 yaw=-5.0606 score=0.964716 valid=1 mode=tracking state=TRACKING evaluated=789 execution_us=44840 reason=tracking_pose_accepted
x=3.24997 y=2.14995 yaw=-5.06154 score=0.968103 valid=1 mode=tracking state=TRACKING evaluated=807 execution_us=44973 reason=tracking_pose_accepted
x=3.24997 y=2.14995 yaw=-5.06247 score=0.971597 valid=1 mode=tracking state=TRACKING evaluated=789 execution_us=44070 reason=tracking_pose_accepted
x=3.24997 y=2.09995 yaw=-5.06341 score=0.969841 valid=1 mode=tracking state=TRACKING evaluated=789 execution_us=43722 reason=tracking_pose_accepted
x=3.24997 y=2.14995 yaw=-5.06434 score=0.968495 valid=1 mode=tracking state=TRACKING evaluated=807 execution_us=45141 reason=tracking_pose_accepted
x=3.24997 y=2.14995 yaw=-5.06527 score=0.972004 valid=1 mode=tracking state=TRACKING evaluated=789 execution_us=43895 reason=tracking_pose_accepted
x=3.24997 y=2.09995 yaw=-5.06621 score=0.96916 valid=1 mode=tracking state=TRACKING evaluated=789 execution_us=44146 reason=tracking_pose_accepted
x=3.24997 y=2.14995 yaw=-5.06714 score=0.970089 valid=1 mode=tracking state=TRACKING evaluated=807 execution_us=44984 reason=tracking_pose_accepted
x=3.24997 y=2.14995 yaw=-5.06808 score=0.969077 valid=1 mode=tracking state=TRACKING evaluated=789 execution_us=44682 reason=tracking_pose_accepted
x=3.24997 y=2.14995 yaw=-5.06901 score=0.967894 valid=1 mode=tracking state=TRACKING evaluated=789 execution_us=44583 reason=tracking_pose_accepted
x=3.24997 y=2.14995 yaw=-5.06994 score=0.97043 valid=1 mode=tracking state=TRACKING evaluated=789 execution_us=44402 reason=tracking_pose_accepted
x=3.24997 y=2.09995 yaw=-5.07088 score=0.968067 valid=1 mode=tracking state=TRACKING evaluated=789 execution_us=45201 reason=tracking_pose_accepted
x=3.24997 y=2.09995 yaw=-5.07181 score=0.966718 valid=1 mode=tracking state=TRACKING evaluated=807 execution_us=45306 reason=tracking_pose_accepted
x=3.24997 y=2.14995 yaw=-5.07275 score=0.968197 valid=1 mode=tracking state=TRACKING evaluated=807 execution_us=45199 reason=tracking_pose_accepted
x=3.24997 y=2.14995 yaw=-5.07368 score=0.965128 valid=1 mode=tracking state=TRACKING evaluated=789 execution_us=44212 reason=tracking_pose_accepted
x=3.24997 y=2.14995 yaw=-5.07461 score=0.965979 valid=1 mode=tracking state=TRACKING evaluated=789 execution_us=43911 reason=tracking_pose_accepted
x=3.24997 y=2.09995 yaw=-5.07555 score=0.965074 valid=1 mode=tracking state=TRACKING evaluated=789 execution_us=44159 reason=tracking_pose_accepted
x=3.24997 y=2.14995 yaw=-5.07648 score=0.965658 valid=1 mode=tracking state=TRACKING evaluated=807 execution_us=45060 reason=tracking_pose_accepted
x=3.24997 y=2.14995 yaw=-5.05996 score=0.969089 valid=1 mode=tracking state=TRACKING evaluated=789 execution_us=44092 reason=tracking_pose_accepted
x=3.24997 y=2.14995 yaw=-5.0609 score=0.968022 valid=1 mode=tracking state=TRACKING evaluated=789 execution_us=44458 reason=tracking_pose_accepted
x=3.24997 y=2.09995 yaw=-5.06183 score=0.965231 valid=1 mode=tracking state=TRACKING evaluated=789 execution_us=43665 reason=tracking_pose_accepted
x=3.24997 y=2.14995 yaw=-5.06277 score=0.973596 valid=1 mode=tracking state=TRACKING evaluated=807 execution_us=45013 reason=tracking_pose_accepted
x=3.24997 y=2.09995 yaw=-5.0637 score=0.967487 valid=1 mode=tracking state=TRACKING evaluated=789 execution_us=44632 reason=tracking_pose_accepted
x=3.24997 y=2.09995 yaw=-5.06463 score=0.968934 valid=1 mode=tracking state=TRACKING evaluated=807 execution_us=45470 reason=tracking_pose_accepted
x=3.24997 y=2.09995 yaw=-5.06557 score=0.968883 valid=1 mode=tracking state=TRACKING evaluated=807 execution_us=45141 reason=tracking_pose_accepted
x=3.24997 y=2.14995 yaw=-5.0665 score=0.970151 valid=1 mode=tracking state=TRACKING evaluated=807 execution_us=44929 reason=tracking_pose_accepted
x=3.24997 y=2.14995 yaw=-5.06744 score=0.970691 valid=1 mode=tracking state=TRACKING evaluated=789 execution_us=43814 reason=tracking_pose_accepted
x=3.24997 y=2.09995 yaw=-5.06837 score=0.967886 valid=1 mode=tracking state=TRACKING evaluated=789 execution_us=44295 reason=tracking_pose_accepted
x=3.24997 y=2.14995 yaw=-5.0693 score=0.96795 valid=1 mode=tracking state=TRACKING evaluated=807 execution_us=44927 reason=tracking_pose_accepted
x=3.24997 y=2.09995 yaw=-5.07024 score=0.966718 valid=1 mode=tracking state=TRACKING evaluated=789 execution_us=44094 reason=tracking_pose_accepted
x=3.24997 y=2.14995 yaw=-5.07117 score=0.967616 valid=1 mode=tracking state=TRACKING evaluated=807 execution_us=45135 reason=tracking_pose_accepted
x=3.24997 y=2.09995 yaw=-5.07211 score=0.965758 valid=1 mode=tracking state=TRACKING evaluated=789 execution_us=44167 reason=tracking_pose_accepted
x=3.24997 y=2.09995 yaw=-5.07304 score=0.965717 valid=1 mode=tracking state=TRACKING evaluated=807 execution_us=45400 reason=tracking_pose_accepted
x=3.24997 y=2.09995 yaw=-5.07398 score=0.966467 valid=1 mode=tracking state=TRACKING evaluated=807 execution_us=45323 reason=tracking_pose_accepted
x=3.24997 y=2.14995 yaw=-5.07491 score=0.965658 valid=1 mode=tracking state=TRACKING evaluated=807 execution_us=45134 reason=tracking_pose_accepted
x=3.24997 y=2.14995 yaw=-5.05839 score=0.966297 valid=1 mode=tracking state=TRACKING evaluated=789 execution_us=43839 reason=tracking_pose_accepted
x=3.24997 y=2.14995 yaw=-5.05932 score=0.966738 valid=1 mode=tracking state=TRACKING evaluated=789 execution_us=43932 reason=tracking_pose_accepted
x=3.24997 y=2.14995 yaw=-5.06026 score=0.965457 valid=1 mode=tracking state=TRACKING evaluated=789 execution_us=43822 reason=tracking_pose_accepted
x=3.24997 y=2.09995 yaw=-5.06119 score=0.965342 valid=1 mode=tracking state=TRACKING evaluated=789 execution_us=44535 reason=tracking_pose_accepted
x=3.24997 y=2.09995 yaw=-5.06213 score=0.966125 valid=1 mode=tracking state=TRACKING evaluated=807 execution_us=45146 reason=tracking_pose_accepted
x=3.24997 y=2.14995 yaw=-5.06306 score=0.969795 valid=1 mode=tracking state=TRACKING evaluated=807 execution_us=45215 reason=tracking_pose_accepted
x=3.24997 y=2.14995 yaw=-5.064 score=0.970792 valid=1 mode=tracking state=TRACKING evaluated=789 execution_us=44577 reason=tracking_pose_accepted
x=3.24997 y=2.14995 yaw=-5.06493 score=0.969955 valid=1 mode=tracking state=TRACKING evaluated=789 execution_us=44405 reason=tracking_pose_accepted
x=3.24997 y=2.14995 yaw=-5.06586 score=0.971242 valid=1 mode=tracking state=TRACKING evaluated=789 execution_us=44181 reason=tracking_pose_accepted
x=3.24997 y=2.14995 yaw=-5.0668 score=0.969649 valid=1 mode=tracking state=TRACKING evaluated=789 execution_us=44504 reason=tracking_pose_accepted
x=3.24997 y=2.14995 yaw=-5.06773 score=0.970126 valid=1 mode=tracking state=TRACKING evaluated=789 execution_us=44188 reason=tracking_pose_accepted
x=3.24997 y=2.09995 yaw=-5.06867 score=0.970481 valid=1 mode=tracking state=TRACKING evaluated=789 execution_us=44668 reason=tracking_pose_accepted
x=3.24997 y=2.14995 yaw=-5.0696 score=0.968955 valid=1 mode=tracking state=TRACKING evaluated=807 execution_us=45280 reason=tracking_pose_accepted
x=3.24997 y=2.14995 yaw=-5.07053 score=0.969574 valid=1 mode=tracking state=TRACKING evaluated=789 execution_us=43764 reason=tracking_pose_accepted
x=3.24997 y=2.14995 yaw=-5.07147 score=0.968319 valid=1 mode=tracking state=TRACKING evaluated=789 execution_us=43963 reason=tracking_pose_accepted
x=3.24997 y=2.14995 yaw=-5.0724 score=0.96803 valid=1 mode=tracking state=TRACKING evaluated=789 execution_us=43818 reason=tracking_pose_accepted
x=3.24997 y=2.14995 yaw=-5.07334 score=0.965399 valid=1 mode=tracking state=TRACKING evaluated=789 execution_us=43693 reason=tracking_pose_accepted
x=3.24997 y=2.09995 yaw=-5.07427 score=0.967175 valid=1 mode=tracking state=TRACKING evaluated=789 execution_us=44851 reason=tracking_pose_accepted
x=3.24997 y=2.14995 yaw=-5.0752 score=0.965635 valid=1 mode=tracking state=TRACKING evaluated=807 execution_us=45273 reason=tracking_pose_accepted
x=3.24997 y=2.14995 yaw=-5.07614 score=0.965298 valid=1 mode=tracking state=TRACKING evaluated=789 execution_us=45628 reason=tracking_pose_accepted
x=3.24997 y=2.09995 yaw=-5.07707 score=0.965594 valid=1 mode=tracking state=TRACKING evaluated=789 execution_us=44127 reason=tracking_pose_accepted
x=3.24997 y=2.09995 yaw=-5.06055 score=0.966274 valid=1 mode=tracking state=TRACKING evaluated=807 execution_us=45290 reason=tracking_pose_accepted
x=3.24997 y=2.14995 yaw=-5.07894 score=0.965181 valid=1 mode=tracking state=TRACKING evaluated=807 execution_us=45603 reason=tracking_pose_accepted
x=3.24997 y=2.14995 yaw=-5.06242 score=0.969608 valid=1 mode=tracking state=TRACKING evaluated=789 execution_us=44116 reason=tracking_pose_accepted
x=3.24997 y=2.14995 yaw=-5.06336 score=0.968761 valid=1 mode=tracking state=TRACKING evaluated=789 execution_us=43813 reason=tracking_pose_accepted
x=3.24997 y=2.09995 yaw=-5.06429 score=0.97118 valid=1 mode=tracking state=TRACKING evaluated=789 execution_us=44022 reason=tracking_pose_accepted
x=3.24997 y=2.09995 yaw=-5.06522 score=0.969291 valid=1 mode=tracking state=TRACKING evaluated=807 execution_us=45223 reason=tracking_pose_accepted
x=3.24997 y=2.14995 yaw=-5.06616 score=0.972211 valid=1 mode=tracking state=TRACKING evaluated=807 execution_us=45008 reason=tracking_pose_accepted
x=3.24997 y=2.14995 yaw=-5.06709 score=0.970089 valid=1 mode=tracking state=TRACKING evaluated=789 execution_us=44036 reason=tracking_pose_accepted
x=3.24997 y=2.14995 yaw=-5.06803 score=0.969342 valid=1 mode=tracking state=TRACKING evaluated=789 execution_us=44419 reason=tracking_pose_accepted
x=3.24997 y=2.14995 yaw=-5.06896 score=0.97013 valid=1 mode=tracking state=TRACKING evaluated=789 execution_us=44382 reason=tracking_pose_accepted
x=3.24997 y=2.09995 yaw=-5.0699 score=0.968556 valid=1 mode=tracking state=TRACKING evaluated=789 execution_us=44086 reason=tracking_pose_accepted
x=3.24997 y=2.14995 yaw=-5.07083 score=0.96908 valid=1 mode=tracking state=TRACKING evaluated=807 execution_us=45025 reason=tracking_pose_accepted
x=3.24997 y=2.14995 yaw=-5.07176 score=0.966626 valid=1 mode=tracking state=TRACKING evaluated=789 execution_us=44487 reason=tracking_pose_accepted
x=3.24997 y=2.09995 yaw=-5.0727 score=0.966759 valid=1 mode=tracking state=TRACKING evaluated=789 execution_us=43878 reason=tracking_pose_accepted
x=3.24997 y=2.09995 yaw=-5.07363 score=0.965635 valid=1 mode=tracking state=TRACKING evaluated=807 execution_us=45403 reason=tracking_pose_accepted
x=3.24997 y=2.09995 yaw=-5.07457 score=0.967616 valid=1 mode=tracking state=TRACKING evaluated=807 execution_us=45250 reason=tracking_pose_accepted
x=3.24997 y=2.09995 yaw=-5.0755 score=0.965874 valid=1 mode=tracking state=TRACKING evaluated=807 execution_us=45414 reason=tracking_pose_accepted
x=3.24997 y=2.14995 yaw=-5.05898 score=0.965312 valid=1 mode=tracking state=TRACKING evaluated=807 execution_us=45449 reason=tracking_pose_accepted
x=3.24997 y=2.14995 yaw=-5.05992 score=0.967794 valid=1 mode=tracking state=TRACKING evaluated=789 execution_us=44015 reason=tracking_pose_accepted
x=3.24997 y=2.14995 yaw=-5.06085 score=0.966963 valid=1 mode=tracking state=TRACKING evaluated=789 execution_us=45077 reason=tracking_pose_accepted
x=3.24997 y=2.14995 yaw=-5.06178 score=0.969798 valid=1 mode=tracking state=TRACKING evaluated=789 execution_us=44506 reason=tracking_pose_accepted
x=3.24997 y=2.14995 yaw=-5.06272 score=0.969952 valid=1 mode=tracking state=TRACKING evaluated=789 execution_us=44376 reason=tracking_pose_accepted
x=3.24997 y=2.09995 yaw=-5.06365 score=0.969587 valid=1 mode=tracking state=TRACKING evaluated=789 execution_us=43876 reason=tracking_pose_accepted
x=3.24997 y=2.14995 yaw=-5.06459 score=0.970868 valid=1 mode=tracking state=TRACKING evaluated=807 execution_us=45611 reason=tracking_pose_accepted
x=3.24997 y=2.09995 yaw=-5.06552 score=0.969387 valid=1 mode=tracking state=TRACKING evaluated=789 execution_us=44242 reason=tracking_pose_accepted
x=3.24997 y=2.09995 yaw=-5.06645 score=0.96916 valid=1 mode=tracking state=TRACKING evaluated=807 execution_us=45531 reason=tracking_pose_accepted
x=3.24997 y=2.14995 yaw=-5.06739 score=0.969182 valid=1 mode=tracking state=TRACKING evaluated=807 execution_us=45212 reason=tracking_pose_accepted
x=3.24997 y=2.14995 yaw=-5.06832 score=0.969683 valid=1 mode=tracking state=TRACKING evaluated=789 execution_us=43718 reason=tracking_pose_accepted
x=3.24997 y=2.14995 yaw=-5.06926 score=0.97046 valid=1 mode=tracking state=TRACKING evaluated=789 execution_us=44543 reason=tracking_pose_accepted
x=3.24997 y=2.14995 yaw=-5.07019 score=0.967598 valid=1 mode=tracking state=TRACKING evaluated=789 execution_us=43889 reason=tracking_pose_accepted
x=3.24997 y=2.09995 yaw=-5.07112 score=0.96786 valid=1 mode=tracking state=TRACKING evaluated=789 execution_us=44306 reason=tracking_pose_accepted
x=3.24997 y=2.14996 yaw=-5.07206 score=0.966846 valid=1 mode=tracking state=TRACKING evaluated=807 execution_us=45437 reason=tracking_pose_accepted
x=3.24997 y=2.14996 yaw=-5.07299 score=0.965363 valid=1 mode=tracking state=TRACKING evaluated=789 execution_us=44023 reason=tracking_pose_accepted
x=3.24997 y=2.14996 yaw=-5.07393 score=0.965707 valid=1 mode=tracking state=TRACKING evaluated=789 execution_us=44386 reason=tracking_pose_accepted
x=3.24997 y=2.09996 yaw=-5.07486 score=0.966153 valid=1 mode=tracking state=TRACKING evaluated=789 execution_us=44259 reason=tracking_pose_accepted
x=3.24997 y=2.09996 yaw=-5.0758 score=0.964983 valid=1 mode=tracking state=TRACKING evaluated=807 execution_us=45077 reason=tracking_pose_accepted
x=3.24997 y=2.14996 yaw=-5.07673 score=0.964818 valid=1 mode=tracking state=TRACKING evaluated=807 execution_us=45989 reason=tracking_pose_accepted
x=3.24997 y=2.09996 yaw=-5.06021 score=0.965702 valid=1 mode=tracking state=TRACKING evaluated=789 execution_us=43801 reason=tracking_pose_accepted
x=3.24997 y=2.09996 yaw=-5.06114 score=0.966616 valid=1 mode=tracking state=TRACKING evaluated=807 execution_us=45525 reason=tracking_pose_accepted
x=3.24997 y=2.14996 yaw=-5.06208 score=0.967014 valid=1 mode=tracking state=TRACKING evaluated=807 execution_us=45457 reason=tracking_pose_accepted
x=3.24997 y=2.09996 yaw=-5.06301 score=0.96573 valid=1 mode=tracking state=TRACKING evaluated=789 execution_us=44937 reason=tracking_pose_accepted
x=3.24997 y=2.14996 yaw=-5.06395 score=0.972642 valid=1 mode=tracking state=TRACKING evaluated=807 execution_us=44812 reason=tracking_pose_accepted
x=3.24997 y=2.14996 yaw=-5.06488 score=0.970254 valid=1 mode=tracking state=TRACKING evaluated=789 execution_us=44176 reason=tracking_pose_accepted
x=3.24997 y=2.14996 yaw=-5.06581 score=0.972375 valid=1 mode=tracking state=TRACKING evaluated=789 execution_us=44250 reason=tracking_pose_accepted
x=3.24997 y=2.14996 yaw=-5.06675 score=0.970716 valid=1 mode=tracking state=TRACKING evaluated=789 execution_us=44575 reason=tracking_pose_accepted
x=3.24997 y=2.14996 yaw=-5.06768 score=0.969821 valid=1 mode=tracking state=TRACKING evaluated=789 execution_us=43696 reason=tracking_pose_accepted
x=3.24997 y=2.14996 yaw=-5.06862 score=0.968648 valid=1 mode=tracking state=TRACKING evaluated=789 execution_us=43783 reason=tracking_pose_accepted
x=3.24997 y=2.14996 yaw=-5.06955 score=0.969613 valid=1 mode=tracking state=TRACKING evaluated=789 execution_us=44421 reason=tracking_pose_accepted
x=3.24997 y=2.14996 yaw=-5.07049 score=0.967545 valid=1 mode=tracking state=TRACKING evaluated=789 execution_us=43894 reason=tracking_pose_accepted
x=3.24997 y=2.14996 yaw=-5.07142 score=0.966672 valid=1 mode=tracking state=TRACKING evaluated=789 execution_us=43782 reason=tracking_pose_accepted
x=3.24997 y=2.14996 yaw=-5.07235 score=0.965527 valid=1 mode=tracking state=TRACKING evaluated=789 execution_us=44091 reason=tracking_pose_accepted
x=3.24997 y=2.14996 yaw=-5.07329 score=0.967348 valid=1 mode=tracking state=TRACKING evaluated=789 execution_us=43810 reason=tracking_pose_accepted
x=3.24997 y=2.09996 yaw=-5.07422 score=0.965197 valid=1 mode=tracking state=TRACKING evaluated=789 execution_us=44151 reason=tracking_pose_accepted
x=3.24997 y=2.14996 yaw=-5.0577 score=0.96603 valid=1 mode=tracking state=TRACKING evaluated=807 execution_us=45104 reason=tracking_pose_accepted
x=3.24997 y=2.14996 yaw=-5.05864 score=0.96614 valid=1 mode=tracking state=TRACKING evaluated=789 execution_us=43639 reason=tracking_pose_accepted
x=3.24997 y=2.14996 yaw=-5.05957 score=0.968123 valid=1 mode=tracking state=TRACKING evaluated=789 execution_us=44533 reason=tracking_pose_accepted
x=3.24997 y=2.09996 yaw=-5.07796 score=0.964737 valid=1 mode=tracking state=TRACKING evaluated=789 execution_us=44041 reason=tracking_pose_accepted
x=3.24997 y=2.14996 yaw=-5.06144 score=0.967895 valid=1 mode=tracking state=TRACKING evaluated=807 execution_us=44743 reason=tracking_pose_accepted
x=3.24997 y=2.14996 yaw=-5.06237 score=0.967028 valid=1 mode=tracking state=TRACKING evaluated=789 execution_us=43701 reason=tracking_pose_accepted
x=3.24997 y=2.09996 yaw=-5.06331 score=0.96701 valid=1 mode=tracking state=TRACKING evaluated=789 execution_us=43880 reason=tracking_pose_accepted
x=3.24997 y=2.09996 yaw=-5.06424 score=0.969279 valid=1 mode=tracking state=TRACKING evaluated=807 execution_us=45701 reason=tracking_pose_accepted
x=3.24997 y=2.14996 yaw=-5.06518 score=0.971789 valid=1 mode=tracking state=TRACKING evaluated=807 execution_us=45437 reason=tracking_pose_accepted
x=3.24997 y=2.14996 yaw=-5.06611 score=0.970686 valid=1 mode=tracking state=TRACKING evaluated=789 execution_us=44097 reason=tracking_pose_accepted
x=3.24997 y=2.14996 yaw=-5.06704 score=0.969533 valid=1 mode=tracking state=TRACKING evaluated=789 execution_us=44554 reason=tracking_pose_accepted
x=3.24997 y=2.09996 yaw=-5.06798 score=0.966897 valid=1 mode=tracking state=TRACKING evaluated=789 execution_us=44359 reason=tracking_pose_accepted
x=3.24997 y=2.14996 yaw=-5.06891 score=0.969574 valid=1 mode=tracking state=TRACKING evaluated=807 execution_us=45010 reason=tracking_pose_accepted
x=3.24997 y=2.09996 yaw=-5.06985 score=0.969046 valid=1 mode=tracking state=TRACKING evaluated=789 execution_us=46322 reason=tracking_pose_accepted
x=3.24997 y=2.14996 yaw=-5.07078 score=0.968218 valid=1 mode=tracking state=TRACKING evaluated=807 execution_us=45093 reason=tracking_pose_accepted
x=3.24997 y=2.14996 yaw=-5.07171 score=0.968893 valid=1 mode=tracking state=TRACKING evaluated=789 execution_us=44217 reason=tracking_pose_accepted
x=3.24997 y=2.14996 yaw=-5.07265 score=0.965085 valid=1 mode=tracking state=TRACKING evaluated=789 execution_us=44422 reason=tracking_pose_accepted
x=3.24997 y=2.09996 yaw=-5.07358 score=0.965935 valid=1 mode=tracking state=TRACKING evaluated=789 execution_us=44317 reason=tracking_pose_accepted
x=3.24997 y=2.14996 yaw=-5.07452 score=0.966997 valid=1 mode=tracking state=TRACKING evaluated=807 execution_us=45328 reason=tracking_pose_accepted
x=3.24997 y=2.14996 yaw=-5.07545 score=0.96591 valid=1 mode=tracking state=TRACKING evaluated=789 execution_us=44232 reason=tracking_pose_accepted
x=3.24997 y=2.14996 yaw=-5.05893 score=0.965077 valid=1 mode=tracking state=TRACKING evaluated=789 execution_us=43957 reason=tracking_pose_accepted
x=3.24997 y=2.09996 yaw=-5.07732 score=0.964419 valid=1 mode=tracking state=TRACKING evaluated=789 execution_us=44762 reason=tracking_pose_accepted
x=3.24997 y=2.14996 yaw=-5.0608 score=0.968556 valid=1 mode=tracking state=TRACKING evaluated=807 execution_us=44967 reason=tracking_pose_accepted
x=3.24997 y=2.14996 yaw=-5.06173 score=0.96874 valid=1 mode=tracking state=TRACKING evaluated=789 execution_us=44132 reason=tracking_pose_accepted
x=3.24997 y=2.14996 yaw=-5.06267 score=0.970013 valid=1 mode=tracking state=TRACKING evaluated=789 execution_us=44159 reason=tracking_pose_accepted
x=3.24997 y=2.14996 yaw=-5.0636 score=0.971901 valid=1 mode=tracking state=TRACKING evaluated=789 execution_us=43633 reason=tracking_pose_accepted
x=3.24997 y=2.09996 yaw=-5.06454 score=0.968494 valid=1 mode=tracking state=TRACKING evaluated=789 execution_us=44142 reason=tracking_pose_accepted
x=3.24997 y=2.09996 yaw=-5.06547 score=0.970799 valid=1 mode=tracking state=TRACKING evaluated=807 execution_us=44922 reason=tracking_pose_accepted
x=3.24997 y=2.14996 yaw=-5.06641 score=0.97018 valid=1 mode=tracking state=TRACKING evaluated=807 execution_us=45463 reason=tracking_pose_accepted
x=3.24997 y=2.14996 yaw=-5.06734 score=0.972518 valid=1 mode=tracking state=TRACKING evaluated=789 execution_us=44474 reason=tracking_pose_accepted
x=3.24997 y=2.14996 yaw=-5.06827 score=0.969724 valid=1 mode=tracking state=TRACKING evaluated=789 execution_us=43647 reason=tracking_pose_accepted
x=3.24997 y=2.14996 yaw=-5.06921 score=0.968235 valid=1 mode=tracking state=TRACKING evaluated=789 execution_us=43586 reason=tracking_pose_accepted
x=3.24997 y=2.14996 yaw=-5.07014 score=0.969585 valid=1 mode=tracking state=TRACKING evaluated=789 execution_us=44758 reason=tracking_pose_accepted
x=3.24997 y=2.09996 yaw=-5.07108 score=0.968699 valid=1 mode=tracking state=TRACKING evaluated=789 execution_us=44003 reason=tracking_pose_accepted
x=3.24997 y=2.14996 yaw=-5.07201 score=0.968319 valid=1 mode=tracking state=TRACKING evaluated=807 execution_us=44818 reason=tracking_pose_accepted
x=3.24997 y=2.14996 yaw=-5.07294 score=0.968875 valid=1 mode=tracking state=TRACKING evaluated=789 execution_us=43801 reason=tracking_pose_accepted
x=3.24997 y=2.14996 yaw=-5.07388 score=0.965671 valid=1 mode=tracking state=TRACKING evaluated=789 execution_us=43873 reason=tracking_pose_accepted
x=3.24997 y=2.09996 yaw=-5.07481 score=0.964654 valid=1 mode=tracking state=TRACKING evaluated=789 execution_us=44282 reason=tracking_pose_accepted
x=3.24997 y=2.14996 yaw=-5.07575 score=0.965249 valid=1 mode=tracking state=TRACKING evaluated=807 execution_us=45146 reason=tracking_pose_accepted
x=3.24997 y=2.09996 yaw=-5.07668 score=0.965976 valid=1 mode=tracking state=TRACKING evaluated=789 execution_us=44674 reason=tracking_pose_accepted
x=3.24997 y=2.14996 yaw=-5.06016 score=0.967118 valid=1 mode=tracking state=TRACKING evaluated=807 execution_us=45420 reason=tracking_pose_accepted
x=3.24997 y=2.14996 yaw=-5.0611 score=0.966397 valid=1 mode=tracking state=TRACKING evaluated=789 execution_us=44336 reason=tracking_pose_accepted
x=3.24997 y=2.14996 yaw=-5.06203 score=0.971379 valid=1 mode=tracking state=TRACKING evaluated=789 execution_us=43775 reason=tracking_pose_accepted
x=3.24997 y=2.09996 yaw=-5.06296 score=0.967317 valid=1 mode=tracking state=TRACKING evaluated=789 execution_us=44791 reason=tracking_pose_accepted
x=3.24997 y=2.14996 yaw=-5.0639 score=0.970282 valid=1 mode=tracking state=TRACKING evaluated=807 execution_us=44996 reason=tracking_pose_accepted
x=3.24997 y=2.14996 yaw=-5.06483 score=0.970828 valid=1 mode=tracking state=TRACKING evaluated=789 execution_us=44258 reason=tracking_pose_accepted
x=3.24997 y=2.14996 yaw=-5.06577 score=0.972466 valid=1 mode=tracking state=TRACKING evaluated=789 execution_us=43477 reason=tracking_pose_accepted
x=3.24997 y=2.14996 yaw=-5.0667 score=0.971207 valid=1 mode=tracking state=TRACKING evaluated=789 execution_us=43838 reason=tracking_pose_accepted
x=3.24997 y=2.14996 yaw=-5.06763 score=0.969608 valid=1 mode=tracking state=TRACKING evaluated=789 execution_us=44954 reason=tracking_pose_accepted
x=3.24997 y=2.14996 yaw=-5.06857 score=0.971504 valid=1 mode=tracking state=TRACKING evaluated=789 execution_us=43850 reason=tracking_pose_accepted
x=3.24997 y=2.09996 yaw=-5.0695 score=0.96786 valid=1 mode=tracking state=TRACKING evaluated=789 execution_us=44336 reason=tracking_pose_accepted
x=3.24997 y=2.14996 yaw=-5.07044 score=0.96873 valid=1 mode=tracking state=TRACKING evaluated=807 execution_us=45280 reason=tracking_pose_accepted
x=3.24997 y=2.09996 yaw=-5.07137 score=0.967228 valid=1 mode=tracking state=TRACKING evaluated=789 execution_us=44469 reason=tracking_pose_accepted
x=3.24997 y=2.09996 yaw=-5.07231 score=0.965955 valid=1 mode=tracking state=TRACKING evaluated=807 execution_us=45448 reason=tracking_pose_accepted
x=3.24997 y=2.14996 yaw=-5.07324 score=0.96549 valid=1 mode=tracking state=TRACKING evaluated=807 execution_us=45706 reason=tracking_pose_accepted
x=3.24997 y=2.09996 yaw=-5.07417 score=0.964276 valid=1 mode=tracking state=TRACKING evaluated=789 execution_us=44167 reason=tracking_pose_accepted
x=3.24997 y=2.14996 yaw=-5.07511 score=0.965589 valid=1 mode=tracking state=TRACKING evaluated=807 execution_us=45437 reason=tracking_pose_accepted
x=3.24997 y=2.09996 yaw=-5.07604 score=0.965102 valid=1 mode=tracking state=TRACKING evaluated=789 execution_us=44447 reason=tracking_pose_accepted
x=3.24997 y=2.09996 yaw=-5.05952 score=0.964899 valid=1 mode=tracking state=TRACKING evaluated=807 execution_us=45615 reason=tracking_pose_accepted
x=3.24997 y=2.14996 yaw=-5.06046 score=0.970245 valid=1 mode=tracking state=TRACKING evaluated=807 execution_us=45902 reason=tracking_pose_accepted
x=3.24997 y=2.09996 yaw=-5.06139 score=0.966702 valid=1 mode=tracking state=TRACKING evaluated=789 execution_us=44566 reason=tracking_pose_accepted
x=3.24997 y=2.14996 yaw=-5.06233 score=0.970068 valid=1 mode=tracking state=TRACKING evaluated=807 execution_us=44854 reason=tracking_pose_accepted
x=3.24997 y=2.09996 yaw=-5.06326 score=0.967361 valid=1 mode=tracking state=TRACKING evaluated=789 execution_us=44634 reason=tracking_pose_accepted
x=3.24997 y=2.14996 yaw=-5.06419 score=0.972074 valid=1 mode=tracking state=TRACKING evaluated=807 execution_us=44816 reason=tracking_pose_accepted
x=3.24997 y=2.14996 yaw=-5.06513 score=0.96918 valid=1 mode=tracking state=TRACKING evaluated=789 execution_us=44585 reason=tracking_pose_accepted
x=3.24997 y=2.09996 yaw=-5.06606 score=0.97073 valid=1 mode=tracking state=TRACKING evaluated=789 execution_us=44385 reason=tracking_pose_accepted
x=3.24997 y=2.14996 yaw=-5.067 score=0.970143 valid=1 mode=tracking state=TRACKING evaluated=807 execution_us=45227 reason=tracking_pose_accepted
x=3.24997 y=2.14996 yaw=-5.06793 score=0.969763 valid=1 mode=tracking state=TRACKING evaluated=789 execution_us=44239 reason=tracking_pose_accepted
x=3.24997 y=2.14996 yaw=-5.06886 score=0.969372 valid=1 mode=tracking state=TRACKING evaluated=789 execution_us=43699 reason=tracking_pose_accepted
x=3.24997 y=2.14996 yaw=-5.0698 score=0.969786 valid=1 mode=tracking state=TRACKING evaluated=789 execution_us=43389 reason=tracking_pose_accepted
x=3.24997 y=2.09996 yaw=-5.07073 score=0.96768 valid=1 mode=tracking state=TRACKING evaluated=789 execution_us=45801 reason=tracking_pose_accepted
x=3.24997 y=2.14996 yaw=-5.07167 score=0.967413 valid=1 mode=tracking state=TRACKING evaluated=807 execution_us=55092 reason=tracking_pose_accepted
x=3.24997 y=2.09996 yaw=-5.0726 score=0.966119 valid=1 mode=tracking state=TRACKING evaluated=789 execution_us=44447 reason=tracking_pose_accepted
x=3.24997 y=2.14996 yaw=-5.07353 score=0.966419 valid=1 mode=tracking state=TRACKING evaluated=807 execution_us=45054 reason=tracking_pose_accepted
x=3.24997 y=2.14996 yaw=-5.07447 score=0.965003 valid=1 mode=tracking state=TRACKING evaluated=789 execution_us=44200 reason=tracking_pose_accepted
x=3.24997 y=2.14996 yaw=-5.0754 score=0.964293 valid=1 mode=tracking state=TRACKING evaluated=789 execution_us=44009 reason=tracking_pose_accepted
x=3.24997 y=2.14996 yaw=-5.07634 score=0.965096 valid=1 mode=tracking state=TRACKING evaluated=789 execution_us=45106 reason=tracking_pose_accepted
x=3.24997 y=2.09996 yaw=-5.05982 score=0.96757 valid=1 mode=tracking state=TRACKING evaluated=789 execution_us=43891 reason=tracking_pose_accepted
x=3.24997 y=2.09996 yaw=-5.06075 score=0.966109 valid=1 mode=tracking state=TRACKING evaluated=807 execution_us=45304 reason=tracking_pose_accepted
x=3.24997 y=2.14996 yaw=-5.06169 score=0.96767 valid=1 mode=tracking state=TRACKING evaluated=807 execution_us=44583 reason=tracking_pose_accepted
x=3.24997 y=2.09996 yaw=-5.06262 score=0.967022 valid=1 mode=tracking state=TRACKING evaluated=789 execution_us=44549 reason=tracking_pose_accepted
x=3.24997 y=2.14996 yaw=-5.06355 score=0.971379 valid=1 mode=tracking state=TRACKING evaluated=807 execution_us=45007 reason=tracking_pose_accepted
x=3.24997 y=2.09996 yaw=-5.06449 score=0.968853 valid=1 mode=tracking state=TRACKING evaluated=789 execution_us=44009 reason=tracking_pose_accepted
x=3.24997 y=2.14996 yaw=-5.06542 score=0.971977 valid=1 mode=tracking state=TRACKING evaluated=807 execution_us=44852 reason=tracking_pose_accepted
x=3.24997 y=2.14996 yaw=-5.06636 score=0.970804 valid=1 mode=tracking state=TRACKING evaluated=789 execution_us=44106 reason=tracking_pose_accepted
x=3.24997 y=2.09996 yaw=-5.06729 score=0.968515 valid=1 mode=tracking state=TRACKING evaluated=789 execution_us=43978 reason=tracking_pose_accepted
x=3.24997 y=2.14996 yaw=-5.06822 score=0.969883 valid=1 mode=tracking state=TRACKING evaluated=807 execution_us=47423 reason=tracking_pose_accepted
x=3.24997 y=2.14996 yaw=-5.06916 score=0.969952 valid=1 mode=tracking state=TRACKING evaluated=789 execution_us=43502 reason=tracking_pose_accepted
x=3.24997 y=2.14996 yaw=-5.07009 score=0.969654 valid=1 mode=tracking state=TRACKING evaluated=789 execution_us=43985 reason=tracking_pose_accepted
x=3.24997 y=2.14996 yaw=-5.07103 score=0.968381 valid=1 mode=tracking state=TRACKING evaluated=789 execution_us=44306 reason=tracking_pose_accepted
x=3.24997 y=2.14996 yaw=-5.07196 score=0.967117 valid=1 mode=tracking state=TRACKING evaluated=789 execution_us=43810 reason=tracking_pose_accepted
x=3.24997 y=2.09996 yaw=-5.0729 score=0.96835 valid=1 mode=tracking state=TRACKING evaluated=789 execution_us=45068 reason=tracking_pose_accepted
x=3.24997 y=2.09996 yaw=-5.07383 score=0.968905 valid=1 mode=tracking state=TRACKING evaluated=807 execution_us=45340 reason=tracking_pose_accepted
x=3.24997 y=2.09996 yaw=-5.05731 score=0.965651 valid=1 mode=tracking state=TRACKING evaluated=807 execution_us=45592 reason=tracking_pose_accepted
x=3.24997 y=2.14996 yaw=-5.0757 score=0.966498 valid=1 mode=tracking state=TRACKING evaluated=807 execution_us=45704 reason=tracking_pose_accepted
x=3.24997 y=2.09996 yaw=-5.07663 score=0.965174 valid=1 mode=tracking state=TRACKING evaluated=789 execution_us=44435 reason=tracking_pose_accepted
x=3.24997 y=2.09996 yaw=-5.07757 score=0.964377 valid=1 mode=tracking state=TRACKING evaluated=807 execution_us=45190 reason=tracking_pose_accepted
x=3.24997 y=2.14996 yaw=-5.06105 score=0.964891 valid=1 mode=tracking state=TRACKING evaluated=807 execution_us=45233 reason=tracking_pose_accepted
x=3.24997 y=2.14996 yaw=-5.06198 score=0.966041 valid=1 mode=tracking state=TRACKING evaluated=789 execution_us=43757 reason=tracking_pose_accepted
x=3.24997 y=2.14996 yaw=-5.06292 score=0.966328 valid=1 mode=tracking state=TRACKING evaluated=789 execution_us=44129 reason=tracking_pose_accepted
x=3.24997 y=2.09996 yaw=-5.06385 score=0.966909 valid=1 mode=tracking state=TRACKING evaluated=789 execution_us=44048 reason=tracking_pose_accepted
x=3.24997 y=2.14996 yaw=-5.06478 score=0.964023 valid=1 mode=tracking state=TRACKING evaluated=807 execution_us=45548 reason=tracking_pose_accepted
x=3.24997 y=2.09996 yaw=-5.06572 score=0.970115 valid=1 mode=tracking state=TRACKING evaluated=789 execution_us=44888 reason=tracking_pose_accepted
x=3.24997 y=2.09996 yaw=-5.06665 score=0.965829 valid=1 mode=tracking state=TRACKING evaluated=807 execution_us=45106 reason=tracking_pose_accepted
x=3.24997 y=2.14996 yaw=-5.06759 score=0.968627 valid=1 mode=tracking state=TRACKING evaluated=807 execution_us=45047 reason=tracking_pose_accepted
x=3.24997 y=2.14996 yaw=-5.08597 score=0.965986 valid=1 mode=tracking state=TRACKING evaluated=789 execution_us=44373 reason=tracking_pose_accepted
x=3.24997 y=2.09996 yaw=-5.13927 score=0.964253 valid=1 mode=tracking state=TRACKING evaluated=789 execution_us=44023 reason=tracking_pose_accepted
x=3.24997 y=2.09996 yaw=-5.15765 score=0.965498 valid=1 mode=tracking state=TRACKING evaluated=807 execution_us=44867 reason=tracking_pose_accepted
x=3.24997 y=2.09996 yaw=-5.17604 score=0.963682 valid=1 mode=tracking state=TRACKING evaluated=807 execution_us=45206 reason=tracking_pose_accepted
x=3.24997 y=2.09996 yaw=-5.22934 score=0.967983 valid=1 mode=tracking state=TRACKING evaluated=807 execution_us=44364 reason=tracking_pose_accepted
x=3.24997 y=2.09996 yaw=-5.26518 score=0.964809 valid=1 mode=tracking state=TRACKING evaluated=807 execution_us=45136 reason=tracking_pose_accepted
x=3.24997 y=2.09996 yaw=-5.30102 score=0.96531 valid=1 mode=tracking state=TRACKING evaluated=807 execution_us=44972 reason=tracking_pose_accepted
x=3.24997 y=2.09996 yaw=-5.35431 score=0.965676 valid=1 mode=tracking state=TRACKING evaluated=807 execution_us=46601 reason=tracking_pose_accepted
x=3.24997 y=2.09996 yaw=-5.3727 score=0.962071 valid=1 mode=tracking state=TRACKING evaluated=807 execution_us=45722 reason=tracking_pose_accepted
x=3.24997 y=2.09997 yaw=-5.40854 score=0.9635 valid=1 mode=tracking state=TRACKING evaluated=807 execution_us=45485 reason=tracking_pose_accepted
x=3.24997 y=2.09997 yaw=-5.42693 score=0.96586 valid=1 mode=tracking state=TRACKING evaluated=807 execution_us=45259 reason=tracking_pose_accepted
x=3.24997 y=2.09997 yaw=-5.46277 score=0.966232 valid=1 mode=tracking state=TRACKING evaluated=807 execution_us=45565 reason=tracking_pose_accepted
x=3.24997 y=2.09997 yaw=-5.51606 score=0.971515 valid=1 mode=tracking state=TRACKING evaluated=807 execution_us=45424 reason=tracking_pose_accepted
x=3.24997 y=2.09997 yaw=-5.5519 score=0.969035 valid=1 mode=tracking state=TRACKING evaluated=807 execution_us=45373 reason=tracking_pose_accepted
x=3.24997 y=2.09997 yaw=-5.58774 score=0.967385 valid=1 mode=tracking state=TRACKING evaluated=807 execution_us=44813 reason=tracking_pose_accepted
x=3.24997 y=2.09997 yaw=-5.62358 score=0.96731 valid=1 mode=tracking state=TRACKING evaluated=807 execution_us=45210 reason=tracking_pose_accepted
x=3.24997 y=2.09997 yaw=-5.65942 score=0.967466 valid=1 mode=tracking state=TRACKING evaluated=807 execution_us=45706 reason=tracking_pose_accepted
x=3.24997 y=2.09997 yaw=-5.69526 score=0.96826 valid=1 mode=tracking state=TRACKING evaluated=807 execution_us=44967 reason=tracking_pose_accepted
x=3.24997 y=2.09997 yaw=-5.74856 score=0.966877 valid=1 mode=tracking state=TRACKING evaluated=807 execution_us=45056 reason=tracking_pose_accepted
x=3.24997 y=2.09997 yaw=-5.7844 score=0.966209 valid=1 mode=tracking state=TRACKING evaluated=807 execution_us=45209 reason=tracking_pose_accepted
x=3.24997 y=2.09997 yaw=-5.82024 score=0.972549 valid=1 mode=tracking state=TRACKING evaluated=807 execution_us=45077 reason=tracking_pose_accepted
x=3.24997 y=2.09997 yaw=-5.82117 score=0.973588 valid=1 mode=tracking state=TRACKING evaluated=807 execution_us=46140 reason=tracking_pose_accepted
x=3.24997 y=2.09997 yaw=-5.82211 score=0.970369 valid=1 mode=tracking state=TRACKING evaluated=807 execution_us=45646 reason=tracking_pose_accepted
x=3.24997 y=2.14997 yaw=-5.82304 score=0.968689 valid=1 mode=tracking state=TRACKING evaluated=807 execution_us=45627 reason=tracking_pose_accepted
x=3.24997 y=2.09997 yaw=-5.82398 score=0.966713 valid=1 mode=tracking state=TRACKING evaluated=789 execution_us=44728 reason=tracking_pose_accepted
x=3.24997 y=2.09997 yaw=-5.82491 score=0.965627 valid=1 mode=tracking state=TRACKING evaluated=807 execution_us=45092 reason=tracking_pose_accepted
x=3.24997 y=2.09997 yaw=-5.82584 score=0.967943 valid=1 mode=tracking state=TRACKING evaluated=807 execution_us=45302 reason=tracking_pose_accepted
x=3.24997 y=2.09997 yaw=-5.82678 score=0.965586 valid=1 mode=tracking state=TRACKING evaluated=807 execution_us=45589 reason=tracking_pose_accepted
x=3.24997 y=2.09997 yaw=-5.81026 score=0.971546 valid=1 mode=tracking state=TRACKING evaluated=807 execution_us=45507 reason=tracking_pose_accepted
x=3.24997 y=2.14997 yaw=-5.81119 score=0.969461 valid=1 mode=tracking state=TRACKING evaluated=807 execution_us=45528 reason=tracking_pose_accepted
x=3.24997 y=2.14997 yaw=-5.81213 score=0.968855 valid=1 mode=tracking state=TRACKING evaluated=789 execution_us=43787 reason=tracking_pose_accepted
x=3.24997 y=2.14997 yaw=-5.81306 score=0.966937 valid=1 mode=tracking state=TRACKING evaluated=789 execution_us=45233 reason=tracking_pose_accepted
x=3.24997 y=2.09997 yaw=-5.814 score=0.97017 valid=1 mode=tracking state=TRACKING evaluated=789 execution_us=44507 reason=tracking_pose_accepted
x=3.24997 y=2.09997 yaw=-5.81493 score=0.973061 valid=1 mode=tracking state=TRACKING evaluated=807 execution_us=45133 reason=tracking_pose_accepted
x=3.24997 y=2.09997 yaw=-5.81586 score=0.969264 valid=1 mode=tracking state=TRACKING evaluated=807 execution_us=45202 reason=tracking_pose_accepted
x=3.24997 y=2.09997 yaw=-5.79935 score=0.966595 valid=1 mode=tracking state=TRACKING evaluated=807 execution_us=45614 reason=tracking_pose_accepted
x=3.24997 y=2.09997 yaw=-5.80028 score=0.969669 valid=1 mode=tracking state=TRACKING evaluated=807 execution_us=45072 reason=tracking_pose_accepted
x=3.24997 y=2.09997 yaw=-5.74885 score=0.950102 valid=1 mode=tracking state=TRACKING evaluated=807 execution_us=45361 reason=tracking_pose_accepted
x=3.24997 y=2.09997 yaw=-5.64507 score=0.946235 valid=1 mode=tracking state=TRACKING evaluated=807 execution_us=45243 reason=tracking_pose_accepted
x=3.24997 y=2.09997 yaw=-5.55874 score=0.94472 valid=1 mode=tracking state=TRACKING evaluated=807 execution_us=45049 reason=tracking_pose_accepted
x=3.24997 y=2.09997 yaw=-5.4724 score=0.940345 valid=1 mode=tracking state=TRACKING evaluated=807 execution_us=44940 reason=tracking_pose_accepted
x=3.24997 y=2.14997 yaw=-5.38607 score=0.943644 valid=1 mode=tracking state=TRACKING evaluated=807 execution_us=45289 reason=tracking_pose_accepted
x=3.24997 y=2.14997 yaw=-5.29974 score=0.956883 valid=1 mode=tracking state=TRACKING evaluated=789 execution_us=44172 reason=tracking_pose_accepted
x=3.24997 y=2.14997 yaw=-5.28322 score=0.966734 valid=1 mode=tracking state=TRACKING evaluated=789 execution_us=44371 reason=tracking_pose_accepted
x=3.24997 y=2.09997 yaw=-5.28415 score=0.965996 valid=1 mode=tracking state=TRACKING evaluated=789 execution_us=44350 reason=tracking_pose_accepted
x=3.24997 y=2.14997 yaw=-5.28509 score=0.970568 valid=1 mode=tracking state=TRACKING evaluated=807 execution_us=44774 reason=tracking_pose_accepted
x=3.24997 y=2.09997 yaw=-5.28602 score=0.972034 valid=1 mode=tracking state=TRACKING evaluated=789 execution_us=43779 reason=tracking_pose_accepted
x=3.24997 y=2.14997 yaw=-5.28696 score=0.969839 valid=1 mode=tracking state=TRACKING evaluated=807 execution_us=45097 reason=tracking_pose_accepted
x=3.24997 y=2.14997 yaw=-5.28789 score=0.967833 valid=1 mode=tracking state=TRACKING evaluated=789 execution_us=44315 reason=tracking_pose_accepted
x=3.24997 y=2.09997 yaw=-5.28882 score=0.968221 valid=1 mode=tracking state=TRACKING evaluated=789 execution_us=44694 reason=tracking_pose_accepted
x=3.24997 y=2.09997 yaw=-5.28976 score=0.969509 valid=1 mode=tracking state=TRACKING evaluated=807 execution_us=45570 reason=tracking_pose_accepted
x=3.24997 y=2.09997 yaw=-5.29069 score=0.971781 valid=1 mode=tracking state=TRACKING evaluated=807 execution_us=45558 reason=tracking_pose_accepted
x=3.24997 y=2.09997 yaw=-5.29163 score=0.967162 valid=1 mode=tracking state=TRACKING evaluated=807 execution_us=44692 reason=tracking_pose_accepted
x=3.24997 y=2.14997 yaw=-5.27511 score=0.969097 valid=1 mode=tracking state=TRACKING evaluated=807 execution_us=44939 reason=tracking_pose_accepted
x=3.24997 y=2.14997 yaw=-5.27604 score=0.965511 valid=1 mode=tracking state=TRACKING evaluated=789 execution_us=44820 reason=tracking_pose_accepted
x=3.24997 y=2.14997 yaw=-5.20716 score=0.927375 valid=1 mode=tracking state=TRACKING evaluated=789 execution_us=44186 reason=tracking_pose_accepted
x=3.24997 y=2.14997 yaw=-5.13828 score=0.962873 valid=1 mode=tracking state=TRACKING evaluated=789 execution_us=44192 reason=tracking_pose_accepted
x=3.24997 y=2.14997 yaw=-5.01704 score=0.928026 valid=1 mode=tracking state=TRACKING evaluated=789 execution_us=44630 reason=tracking_pose_accepted
x=3.24997 y=2.14997 yaw=-4.8609 score=0.949745 valid=1 mode=tracking state=TRACKING evaluated=789 execution_us=44134 reason=tracking_pose_accepted
x=3.24997 y=2.14997 yaw=-4.77457 score=0.961194 valid=1 mode=tracking state=TRACKING evaluated=789 execution_us=44089 reason=tracking_pose_accepted
x=3.24997 y=2.09997 yaw=-4.7755 score=0.961714 valid=1 mode=tracking state=TRACKING evaluated=789 execution_us=44225 reason=tracking_pose_accepted
x=3.24997 y=2.14997 yaw=-4.77643 score=0.964819 valid=1 mode=tracking state=TRACKING evaluated=807 execution_us=45390 reason=tracking_pose_accepted
x=3.24997 y=2.09997 yaw=-4.77737 score=0.967158 valid=1 mode=tracking state=TRACKING evaluated=789 execution_us=45180 reason=tracking_pose_accepted
x=3.24997 y=2.09997 yaw=-4.7783 score=0.965656 valid=1 mode=tracking state=TRACKING evaluated=807 execution_us=45087 reason=tracking_pose_accepted
x=3.24997 y=2.14997 yaw=-4.76178 score=0.963494 valid=1 mode=tracking state=TRACKING evaluated=807 execution_us=45031 reason=tracking_pose_accepted
x=3.24997 y=2.09997 yaw=-4.78017 score=0.961859 valid=1 mode=tracking state=TRACKING evaluated=789 execution_us=44073 reason=tracking_pose_accepted
x=3.24997 y=2.14997 yaw=-4.76365 score=0.965468 valid=1 mode=tracking state=TRACKING evaluated=807 execution_us=45040 reason=tracking_pose_accepted
x=3.24997 y=2.09997 yaw=-4.76459 score=0.967837 valid=1 mode=tracking state=TRACKING evaluated=789 execution_us=44280 reason=tracking_pose_accepted
x=3.24997 y=2.14997 yaw=-4.67825 score=0.934945 valid=1 mode=tracking state=TRACKING evaluated=807 execution_us=45568 reason=tracking_pose_accepted
x=3.24997 y=2.14997 yaw=-4.46975 score=0.929902 valid=1 mode=tracking state=TRACKING evaluated=789 execution_us=44434 reason=tracking_pose_accepted
x=3.24997 y=2.14997 yaw=-4.29615 score=0.932965 valid=1 mode=tracking state=TRACKING evaluated=789 execution_us=44944 reason=tracking_pose_accepted
x=3.24997 y=2.09997 yaw=-4.17491 score=0.960306 valid=1 mode=tracking state=TRACKING evaluated=789 execution_us=44692 reason=tracking_pose_accepted
x=3.24997 y=2.09997 yaw=-4.17585 score=0.962663 valid=1 mode=tracking state=TRACKING evaluated=807 execution_us=45305 reason=tracking_pose_accepted
x=3.24997 y=2.09997 yaw=-4.17678 score=0.964696 valid=1 mode=tracking state=TRACKING evaluated=807 execution_us=45427 reason=tracking_pose_accepted
x=3.24997 y=2.09997 yaw=-4.17771 score=0.966702 valid=1 mode=tracking state=TRACKING evaluated=807 execution_us=45222 reason=tracking_pose_accepted
x=3.24997 y=2.09997 yaw=-4.16119 score=0.973443 valid=1 mode=tracking state=TRACKING evaluated=807 execution_us=45619 reason=tracking_pose_accepted
x=3.24997 y=2.09997 yaw=-4.16213 score=0.970051 valid=1 mode=tracking state=TRACKING evaluated=807 execution_us=45444 reason=tracking_pose_accepted
x=3.24997 y=2.09997 yaw=-4.16306 score=0.970925 valid=1 mode=tracking state=TRACKING evaluated=807 execution_us=45452 reason=tracking_pose_accepted
x=3.24997 y=2.09998 yaw=-4.164 score=0.970777 valid=1 mode=tracking state=TRACKING evaluated=807 execution_us=46118 reason=tracking_pose_accepted
x=3.24997 y=2.09998 yaw=-4.16493 score=0.96169 valid=1 mode=tracking state=TRACKING evaluated=807 execution_us=44762 reason=tracking_pose_accepted
x=3.24997 y=2.14998 yaw=-4.09605 score=0.956097 valid=1 mode=tracking state=TRACKING evaluated=807 execution_us=45181 reason=tracking_pose_accepted
x=3.24997 y=2.09998 yaw=-4.02717 score=0.955235 valid=1 mode=tracking state=TRACKING evaluated=789 execution_us=44681 reason=tracking_pose_accepted
x=3.24997 y=2.09998 yaw=-3.94084 score=0.958265 valid=1 mode=tracking state=TRACKING evaluated=807 execution_us=45195 reason=tracking_pose_accepted
x=3.24997 y=2.14998 yaw=-3.87196 score=0.942841 valid=1 mode=tracking state=TRACKING evaluated=807 execution_us=45416 reason=tracking_pose_accepted
x=3.24997 y=2.14998 yaw=-3.76817 score=0.935304 valid=1 mode=tracking state=TRACKING evaluated=789 execution_us=44226 reason=tracking_pose_accepted
x=3.24997 y=2.09998 yaw=-3.68184 score=0.952265 valid=1 mode=tracking state=TRACKING evaluated=789 execution_us=44029 reason=tracking_pose_accepted
x=3.24997 y=2.09998 yaw=-3.68278 score=0.963736 valid=1 mode=tracking state=TRACKING evaluated=807 execution_us=45189 reason=tracking_pose_accepted
x=3.24997 y=2.09998 yaw=-3.68371 score=0.963733 valid=1 mode=tracking state=TRACKING evaluated=807 execution_us=45190 reason=tracking_pose_accepted
x=3.24997 y=2.09998 yaw=-3.66719 score=0.964603 valid=1 mode=tracking state=TRACKING evaluated=807 execution_us=44925 reason=tracking_pose_accepted
x=3.24997 y=2.09998 yaw=-3.68558 score=0.961302 valid=1 mode=tracking state=TRACKING evaluated=807 execution_us=45860 reason=tracking_pose_accepted
x=3.24997 y=2.09998 yaw=-3.68651 score=0.964275 valid=1 mode=tracking state=TRACKING evaluated=807 execution_us=44743 reason=tracking_pose_accepted
x=3.24997 y=2.09998 yaw=-3.68745 score=0.96411 valid=1 mode=tracking state=TRACKING evaluated=807 execution_us=45417 reason=tracking_pose_accepted
x=3.24997 y=2.09998 yaw=-3.68838 score=0.960396 valid=1 mode=tracking state=TRACKING evaluated=807 execution_us=44980 reason=tracking_pose_accepted
x=3.24997 y=2.09998 yaw=-3.67186 score=0.959389 valid=1 mode=tracking state=TRACKING evaluated=807 execution_us=45369 reason=tracking_pose_accepted
x=3.24997 y=2.09998 yaw=-3.69025 score=0.962771 valid=1 mode=tracking state=TRACKING evaluated=807 execution_us=45018 reason=tracking_pose_accepted
x=3.24997 y=2.09998 yaw=-3.67373 score=0.962279 valid=1 mode=tracking state=TRACKING evaluated=807 execution_us=45298 reason=tracking_pose_accepted
x=3.19997 y=2.14998 yaw=-3.56995 score=0.908726 valid=1 mode=tracking state=TRACKING evaluated=807 execution_us=44989 reason=tracking_pose_accepted
x=3.24997 y=2.14998 yaw=-3.44871 score=0.922625 valid=1 mode=tracking state=TRACKING evaluated=789 execution_us=44923 reason=tracking_pose_accepted
x=3.14997 y=2.14998 yaw=-3.2053 score=0.850222 valid=0 mode=tracking state=DEGRADED evaluated=789 execution_us=45005 reason=tracking_score_below_threshold
x=3.24997 y=2.14998 yaw=-3.15294 score=0.950361 valid=1 mode=tracking state=TRACKING evaluated=789 execution_us=44100 reason=tracking_quality_restored
x=3.24997 y=2.14998 yaw=-3.15387 score=0.954201 valid=1 mode=tracking state=TRACKING evaluated=789 execution_us=45032 reason=tracking_pose_accepted
x=3.24997 y=2.09998 yaw=-3.13735 score=0.956278 valid=1 mode=tracking state=TRACKING evaluated=789 execution_us=44113 reason=tracking_pose_accepted
x=3.24997 y=2.09998 yaw=-3.13828 score=0.958413 valid=1 mode=tracking state=TRACKING evaluated=807 execution_us=45068 reason=tracking_pose_accepted
x=3.24997 y=2.09998 yaw=-3.13922 score=0.961079 valid=1 mode=tracking state=TRACKING evaluated=807 execution_us=45778 reason=tracking_pose_accepted
x=3.24997 y=2.09998 yaw=-3.14015 score=0.957598 valid=1 mode=tracking state=TRACKING evaluated=807 execution_us=45217 reason=tracking_pose_accepted
x=3.24997 y=2.09998 yaw=-3.14109 score=0.957077 valid=1 mode=tracking state=TRACKING evaluated=807 execution_us=45345 reason=tracking_pose_accepted
x=3.24997 y=2.09998 yaw=-3.14202 score=0.955573 valid=1 mode=tracking state=TRACKING evaluated=807 execution_us=44725 reason=tracking_pose_accepted
x=3.24997 y=2.14998 yaw=-3.14295 score=0.957764 valid=1 mode=tracking state=TRACKING evaluated=807 execution_us=45482 reason=tracking_pose_accepted
x=3.19997 y=2.14998 yaw=-3.05662 score=0.884597 valid=0 mode=tracking state=DEGRADED evaluated=789 execution_us=44541 reason=tracking_score_below_threshold
x=3.19997 y=2.14998 yaw=-2.84718 score=0.905707 valid=1 mode=tracking state=TRACKING evaluated=789 execution_us=44029 reason=tracking_quality_restored
x=3.24997 y=2.14998 yaw=-2.7434 score=0.928955 valid=1 mode=tracking state=TRACKING evaluated=789 execution_us=44642 reason=tracking_pose_accepted
x=3.24997 y=2.09998 yaw=-2.69197 score=0.976378 valid=1 mode=tracking state=TRACKING evaluated=789 execution_us=45085 reason=tracking_pose_accepted
x=3.24997 y=2.09998 yaw=-2.69291 score=0.976582 valid=1 mode=tracking state=TRACKING evaluated=807 execution_us=45955 reason=tracking_pose_accepted
x=3.24997 y=2.09998 yaw=-2.67639 score=0.975721 valid=1 mode=tracking state=TRACKING evaluated=807 execution_us=45154 reason=tracking_pose_accepted
x=3.24997 y=2.09998 yaw=-2.67732 score=0.97686 valid=1 mode=tracking state=TRACKING evaluated=807 execution_us=45525 reason=tracking_pose_accepted
x=3.24997 y=2.09998 yaw=-2.67825 score=0.971916 valid=1 mode=tracking state=TRACKING evaluated=807 execution_us=45195 reason=tracking_pose_accepted
x=3.24997 y=2.09998 yaw=-2.67919 score=0.975228 valid=1 mode=tracking state=TRACKING evaluated=807 execution_us=45884 reason=tracking_pose_accepted
x=3.24997 y=2.09998 yaw=-2.68012 score=0.96973 valid=1 mode=tracking state=TRACKING evaluated=807 execution_us=45233 reason=tracking_pose_accepted
x=3.24997 y=2.09998 yaw=-2.68106 score=0.970766 valid=1 mode=tracking state=TRACKING evaluated=807 execution_us=45364 reason=tracking_pose_accepted
x=3.24997 y=2.09998 yaw=-2.68199 score=0.957384 valid=1 mode=tracking state=TRACKING evaluated=807 execution_us=45794 reason=tracking_pose_accepted
x=3.24997 y=2.14998 yaw=-2.5433 score=0.902543 valid=1 mode=tracking state=TRACKING evaluated=807 execution_us=45145 reason=tracking_pose_accepted
x=3.24997 y=2.09998 yaw=-2.40461 score=0.912808 valid=1 mode=tracking state=TRACKING evaluated=789 execution_us=45013 reason=tracking_pose_accepted
x=3.24997 y=2.09998 yaw=-2.31827 score=0.967055 valid=1 mode=tracking state=TRACKING evaluated=807 execution_us=45382 reason=tracking_pose_accepted
x=3.24997 y=2.09998 yaw=-2.30175 score=0.961579 valid=1 mode=tracking state=TRACKING evaluated=807 execution_us=45453 reason=tracking_pose_accepted
x=3.24997 y=2.09998 yaw=-2.32014 score=0.959845 valid=1 mode=tracking state=TRACKING evaluated=807 execution_us=45493 reason=tracking_pose_accepted
x=3.24997 y=2.09998 yaw=-2.30362 score=0.958834 valid=1 mode=tracking state=TRACKING evaluated=807 execution_us=44895 reason=tracking_pose_accepted
x=3.24997 y=2.09998 yaw=-2.30456 score=0.962879 valid=1 mode=tracking state=TRACKING evaluated=807 execution_us=44951 reason=tracking_pose_accepted
x=3.24997 y=2.09998 yaw=-2.30549 score=0.961509 valid=1 mode=tracking state=TRACKING evaluated=807 execution_us=45535 reason=tracking_pose_accepted
x=3.24997 y=2.09998 yaw=-2.30643 score=0.964941 valid=1 mode=tracking state=TRACKING evaluated=807 execution_us=44992 reason=tracking_pose_accepted
x=3.24997 y=2.09998 yaw=-2.30736 score=0.960417 valid=1 mode=tracking state=TRACKING evaluated=807 execution_us=44986 reason=tracking_pose_accepted
x=3.24997 y=2.14998 yaw=-2.32575 score=0.958696 valid=1 mode=tracking state=TRACKING evaluated=807 execution_us=45621 reason=tracking_pose_accepted
x=3.24997 y=2.09998 yaw=-2.30923 score=0.959256 valid=1 mode=tracking state=TRACKING evaluated=789 execution_us=44531 reason=tracking_pose_accepted
x=3.24997 y=2.09998 yaw=-2.29271 score=0.962109 valid=1 mode=tracking state=TRACKING evaluated=807 execution_us=45792 reason=tracking_pose_accepted
x=3.24997 y=2.09998 yaw=-2.29364 score=0.961345 valid=1 mode=tracking state=TRACKING evaluated=807 execution_us=45412 reason=tracking_pose_accepted
x=3.24997 y=2.09998 yaw=-2.29458 score=0.959908 valid=1 mode=tracking state=TRACKING evaluated=807 execution_us=45217 reason=tracking_pose_accepted
x=3.24997 y=2.09998 yaw=-2.20824 score=0.955854 valid=1 mode=tracking state=TRACKING evaluated=807 execution_us=45721 reason=tracking_pose_accepted
x=3.24997 y=2.09998 yaw=-2.13936 score=0.964439 valid=1 mode=tracking state=TRACKING evaluated=807 execution_us=44721 reason=tracking_pose_accepted
x=3.24997 y=2.09998 yaw=-2.03558 score=0.967938 valid=1 mode=tracking state=TRACKING evaluated=807 execution_us=44742 reason=tracking_pose_accepted
x=3.24997 y=2.09998 yaw=-1.93179 score=0.974163 valid=1 mode=tracking state=TRACKING evaluated=807 execution_us=44911 reason=tracking_pose_accepted
x=3.24997 y=2.09998 yaw=-1.82801 score=0.978868 valid=1 mode=tracking state=TRACKING evaluated=807 execution_us=45404 reason=tracking_pose_accepted
x=3.24997 y=2.14998 yaw=-1.81149 score=0.963836 valid=1 mode=tracking state=TRACKING evaluated=807 execution_us=45188 reason=tracking_pose_accepted
x=3.24997 y=2.14998 yaw=-1.81242 score=0.96873 valid=1 mode=tracking state=TRACKING evaluated=789 execution_us=44513 reason=tracking_pose_accepted
x=3.24997 y=2.09998 yaw=-1.7959 score=0.962571 valid=1 mode=tracking state=TRACKING evaluated=789 execution_us=43890 reason=tracking_pose_accepted
x=3.24997 y=2.09998 yaw=-1.79684 score=0.966605 valid=1 mode=tracking state=TRACKING evaluated=807 execution_us=45382 reason=tracking_pose_accepted
x=3.24997 y=2.09999 yaw=-1.79777 score=0.965931 valid=1 mode=tracking state=TRACKING evaluated=807 execution_us=44773 reason=tracking_pose_accepted
x=3.24997 y=2.14999 yaw=-1.81616 score=0.966451 valid=1 mode=tracking state=TRACKING evaluated=807 execution_us=44995 reason=tracking_pose_accepted
x=3.24997 y=2.14999 yaw=-1.81709 score=0.962078 valid=1 mode=tracking state=TRACKING evaluated=789 execution_us=44701 reason=tracking_pose_accepted
x=3.24997 y=2.14999 yaw=-1.81803 score=0.964015 valid=1 mode=tracking state=TRACKING evaluated=789 execution_us=44614 reason=tracking_pose_accepted
x=3.24997 y=2.14999 yaw=-1.81896 score=0.96316 valid=1 mode=tracking state=TRACKING evaluated=789 execution_us=44197 reason=tracking_pose_accepted
x=3.24997 y=2.14999 yaw=-1.8199 score=0.961624 valid=1 mode=tracking state=TRACKING evaluated=789 execution_us=44350 reason=tracking_pose_accepted
x=3.24997 y=2.14999 yaw=-1.82083 score=0.959891 valid=1 mode=tracking state=TRACKING evaluated=789 execution_us=44210 reason=tracking_pose_accepted
x=3.24997 y=2.09999 yaw=-1.80431 score=0.963184 valid=1 mode=tracking state=TRACKING evaluated=789 execution_us=44564 reason=tracking_pose_accepted
x=3.24997 y=2.09999 yaw=-1.80525 score=0.962694 valid=1 mode=tracking state=TRACKING evaluated=807 execution_us=44965 reason=tracking_pose_accepted
x=3.24997 y=2.09999 yaw=-1.78873 score=0.959498 valid=1 mode=tracking state=TRACKING evaluated=807 execution_us=45318 reason=tracking_pose_accepted
x=3.24997 y=2.09999 yaw=-1.80711 score=0.962838 valid=1 mode=tracking state=TRACKING evaluated=807 execution_us=45691 reason=tracking_pose_accepted
x=3.24997 y=2.14999 yaw=-1.79059 score=0.960621 valid=1 mode=tracking state=TRACKING evaluated=807 execution_us=45200 reason=tracking_pose_accepted
x=3.24997 y=2.09999 yaw=-1.79153 score=0.963244 valid=1 mode=tracking state=TRACKING evaluated=789 execution_us=43905 reason=tracking_pose_accepted
x=3.24997 y=2.09999 yaw=-1.80992 score=0.963733 valid=1 mode=tracking state=TRACKING evaluated=807 execution_us=44891 reason=tracking_pose_accepted
x=3.24997 y=2.09999 yaw=-1.81085 score=0.96274 valid=1 mode=tracking state=TRACKING evaluated=807 execution_us=44693 reason=tracking_pose_accepted
x=3.24997 y=2.09999 yaw=-1.81178 score=0.963228 valid=1 mode=tracking state=TRACKING evaluated=807 execution_us=44839 reason=tracking_pose_accepted
x=3.24997 y=2.09999 yaw=-1.79527 score=0.961716 valid=1 mode=tracking state=TRACKING evaluated=807 execution_us=44975 reason=tracking_pose_accepted
x=3.24997 y=2.14999 yaw=-1.81365 score=0.967313 valid=1 mode=tracking state=TRACKING evaluated=807 execution_us=45436 reason=tracking_pose_accepted
x=3.24997 y=2.14999 yaw=-1.81459 score=0.963385 valid=1 mode=tracking state=TRACKING evaluated=789 execution_us=44529 reason=tracking_pose_accepted
x=3.24997 y=2.14999 yaw=-1.81552 score=0.963262 valid=1 mode=tracking state=TRACKING evaluated=789 execution_us=44127 reason=tracking_pose_accepted
x=3.24997 y=2.09999 yaw=-1.799 score=0.961983 valid=1 mode=tracking state=TRACKING evaluated=789 execution_us=44487 reason=tracking_pose_accepted
x=3.24997 y=2.09999 yaw=-1.79994 score=0.962608 valid=1 mode=tracking state=TRACKING evaluated=807 execution_us=45660 reason=tracking_pose_accepted
x=3.24997 y=2.14999 yaw=-1.81832 score=0.963915 valid=1 mode=tracking state=TRACKING evaluated=807 execution_us=44701 reason=tracking_pose_accepted
x=3.24997 y=2.14999 yaw=-1.81926 score=0.96233 valid=1 mode=tracking state=TRACKING evaluated=789 execution_us=44132 reason=tracking_pose_accepted
x=3.24997 y=2.09999 yaw=-1.80274 score=0.962411 valid=1 mode=tracking state=TRACKING evaluated=789 execution_us=43993 reason=tracking_pose_accepted
x=3.24997 y=2.14999 yaw=-1.82113 score=0.965003 valid=1 mode=tracking state=TRACKING evaluated=807 execution_us=44982 reason=tracking_pose_accepted
x=3.24997 y=2.14999 yaw=-1.82206 score=0.962575 valid=1 mode=tracking state=TRACKING evaluated=789 execution_us=44228 reason=tracking_pose_accepted
x=3.24997 y=2.14999 yaw=-1.78809 score=0.963299 valid=1 mode=tracking state=TRACKING evaluated=789 execution_us=43783 reason=tracking_pose_accepted
x=3.24997 y=2.09999 yaw=-1.80648 score=0.961873 valid=1 mode=tracking state=TRACKING evaluated=789 execution_us=44021 reason=tracking_pose_accepted
x=3.24997 y=2.09999 yaw=-1.80741 score=0.959904 valid=1 mode=tracking state=TRACKING evaluated=807 execution_us=45507 reason=tracking_pose_accepted
x=3.24997 y=2.09999 yaw=-1.80834 score=0.961921 valid=1 mode=tracking state=TRACKING evaluated=807 execution_us=44809 reason=tracking_pose_accepted
x=3.24997 y=2.09999 yaw=-1.80928 score=0.960059 valid=1 mode=tracking state=TRACKING evaluated=807 execution_us=45402 reason=tracking_pose_accepted
x=3.24997 y=2.09999 yaw=-1.79276 score=0.959806 valid=1 mode=tracking state=TRACKING evaluated=807 execution_us=45543 reason=tracking_pose_accepted
x=3.24997 y=2.14999 yaw=-1.8286 score=0.960047 valid=1 mode=tracking state=TRACKING evaluated=807 execution_us=45009 reason=tracking_pose_accepted
x=3.24997 y=2.14999 yaw=-1.81208 score=0.966851 valid=1 mode=tracking state=TRACKING evaluated=789 execution_us=43780 reason=tracking_pose_accepted
x=3.24997 y=2.14999 yaw=-1.81301 score=0.964513 valid=1 mode=tracking state=TRACKING evaluated=789 execution_us=44701 reason=tracking_pose_accepted
x=3.24997 y=2.09999 yaw=-1.7965 score=0.967385 valid=1 mode=tracking state=TRACKING evaluated=789 execution_us=44811 reason=tracking_pose_accepted
x=3.24997 y=2.09999 yaw=-1.79743 score=0.966272 valid=1 mode=tracking state=TRACKING evaluated=807 execution_us=45777 reason=tracking_pose_accepted
x=3.24997 y=2.14999 yaw=-1.81582 score=0.962946 valid=1 mode=tracking state=TRACKING evaluated=807 execution_us=44866 reason=tracking_pose_accepted
x=3.24997 y=2.14999 yaw=-1.81675 score=0.965399 valid=1 mode=tracking state=TRACKING evaluated=789 execution_us=44209 reason=tracking_pose_accepted
x=3.24997 y=2.14999 yaw=-1.81769 score=0.963628 valid=1 mode=tracking state=TRACKING evaluated=789 execution_us=44195 reason=tracking_pose_accepted
x=3.24997 y=2.14999 yaw=-1.81862 score=0.963143 valid=1 mode=tracking state=TRACKING evaluated=789 execution_us=44293 reason=tracking_pose_accepted
x=3.24997 y=2.09999 yaw=-1.8021 score=0.9637 valid=1 mode=tracking state=TRACKING evaluated=789 execution_us=44026 reason=tracking_pose_accepted
x=3.24997 y=2.14999 yaw=-1.82049 score=0.963807 valid=1 mode=tracking state=TRACKING evaluated=807 execution_us=45495 reason=tracking_pose_accepted
x=3.24997 y=2.14999 yaw=-1.82142 score=0.963934 valid=1 mode=tracking state=TRACKING evaluated=789 execution_us=43998 reason=tracking_pose_accepted
x=3.24997 y=2.14999 yaw=-1.82236 score=0.962853 valid=1 mode=tracking state=TRACKING evaluated=789 execution_us=44602 reason=tracking_pose_accepted
x=3.24997 y=2.14999 yaw=-1.82329 score=0.963405 valid=1 mode=tracking state=TRACKING evaluated=789 execution_us=44216 reason=tracking_pose_accepted
x=3.24997 y=2.14999 yaw=-1.82422 score=0.962629 valid=1 mode=tracking state=TRACKING evaluated=789 execution_us=44564 reason=tracking_pose_accepted
x=3.24997 y=2.14999 yaw=-1.82516 score=0.961729 valid=1 mode=tracking state=TRACKING evaluated=789 execution_us=44751 reason=tracking_pose_accepted
x=3.24997 y=2.14999 yaw=-1.82609 score=0.961458 valid=1 mode=tracking state=TRACKING evaluated=789 execution_us=44047 reason=tracking_pose_accepted
x=3.24997 y=2.14999 yaw=-1.82703 score=0.960539 valid=1 mode=tracking state=TRACKING evaluated=789 execution_us=44367 reason=tracking_pose_accepted
x=3.24997 y=2.09999 yaw=-1.81051 score=0.963631 valid=1 mode=tracking state=TRACKING evaluated=789 execution_us=44408 reason=tracking_pose_accepted
x=3.24997 y=2.09999 yaw=-1.79399 score=0.960764 valid=1 mode=tracking state=TRACKING evaluated=807 execution_us=45586 reason=tracking_pose_accepted
x=3.24997 y=2.14999 yaw=-1.81238 score=0.965517 valid=1 mode=tracking state=TRACKING evaluated=807 execution_us=44914 reason=tracking_pose_accepted
x=3.24997 y=2.09999 yaw=-1.81331 score=0.963265 valid=1 mode=tracking state=TRACKING evaluated=789 execution_us=43772 reason=tracking_pose_accepted
x=3.24997 y=2.14999 yaw=-1.81424 score=0.963926 valid=1 mode=tracking state=TRACKING evaluated=807 execution_us=44865 reason=tracking_pose_accepted
x=3.24997 y=2.14999 yaw=-1.81518 score=0.963563 valid=1 mode=tracking state=TRACKING evaluated=789 execution_us=44181 reason=tracking_pose_accepted
x=3.24997 y=2.09999 yaw=-1.79866 score=0.965684 valid=1 mode=tracking state=TRACKING evaluated=789 execution_us=44538 reason=tracking_pose_accepted
x=3.24997 y=2.09999 yaw=-1.79959 score=0.96255 valid=1 mode=tracking state=TRACKING evaluated=807 execution_us=44584 reason=tracking_pose_accepted
x=3.24997 y=2.14999 yaw=-1.81798 score=0.963187 valid=1 mode=tracking state=TRACKING evaluated=807 execution_us=45063 reason=tracking_pose_accepted
x=3.24997 y=2.14999 yaw=-1.81891 score=0.963764 valid=1 mode=tracking state=TRACKING evaluated=789 execution_us=43871 reason=tracking_pose_accepted
x=3.24997 y=2.14999 yaw=-1.81985 score=0.965342 valid=1 mode=tracking state=TRACKING evaluated=789 execution_us=44031 reason=tracking_pose_accepted
x=3.24997 y=2.14999 yaw=-1.78588 score=0.958859 valid=1 mode=tracking state=TRACKING evaluated=789 execution_us=44112 reason=tracking_pose_accepted
x=3.24997 y=2.09999 yaw=-1.78681 score=0.961783 valid=1 mode=tracking state=TRACKING evaluated=789 execution_us=43813 reason=tracking_pose_accepted
x=3.24997 y=2.14999 yaw=-1.82265 score=0.962329 valid=1 mode=tracking state=TRACKING evaluated=807 execution_us=45836 reason=tracking_pose_accepted
x=3.24997 y=2.14999 yaw=-1.82359 score=0.962459 valid=1 mode=tracking state=TRACKING evaluated=789 execution_us=44063 reason=tracking_pose_accepted
x=3.24997 y=2.09999 yaw=-1.80707 score=0.964203 valid=1 mode=tracking state=TRACKING evaluated=789 execution_us=43675 reason=tracking_pose_accepted
x=3.24997 y=2.09999 yaw=-1.808 score=0.960057 valid=1 mode=tracking state=TRACKING evaluated=807 execution_us=45063 reason=tracking_pose_accepted
x=3.24997 y=2.14999 yaw=-1.79148 score=0.958677 valid=1 mode=tracking state=TRACKING evaluated=807 execution_us=45166 reason=tracking_pose_accepted
x=3.24997 y=2.14999 yaw=-1.80987 score=0.960733 valid=1 mode=tracking state=TRACKING evaluated=789 execution_us=43800 reason=tracking_pose_accepted
x=3.24997 y=2.09999 yaw=-1.79335 score=0.961593 valid=1 mode=tracking state=TRACKING evaluated=789 execution_us=44200 reason=tracking_pose_accepted
x=3.24997 y=2.14999 yaw=-1.81174 score=0.96294 valid=1 mode=tracking state=TRACKING evaluated=807 execution_us=44918 reason=tracking_pose_accepted
x=3.24997 y=2.09999 yaw=-1.81267 score=0.964552 valid=1 mode=tracking state=TRACKING evaluated=789 execution_us=44388 reason=tracking_pose_accepted
x=3.24997 y=2.09999 yaw=-1.81361 score=0.962507 valid=1 mode=tracking state=TRACKING evaluated=807 execution_us=45807 reason=tracking_pose_accepted
x=3.24997 y=2.14999 yaw=-1.81454 score=0.96333 valid=1 mode=tracking state=TRACKING evaluated=807 execution_us=44928 reason=tracking_pose_accepted
x=3.24997 y=2.14999 yaw=-1.81547 score=0.964255 valid=1 mode=tracking state=TRACKING evaluated=789 execution_us=44697 reason=tracking_pose_accepted
x=3.24997 y=2.14999 yaw=-1.81641 score=0.962766 valid=1 mode=tracking state=TRACKING evaluated=789 execution_us=43775 reason=tracking_pose_accepted
x=3.24997 y=2.14999 yaw=-1.81734 score=0.963524 valid=1 mode=tracking state=TRACKING evaluated=789 execution_us=44420 reason=tracking_pose_accepted
x=3.24997 y=2.09999 yaw=-1.80082 score=0.964277 valid=1 mode=tracking state=TRACKING evaluated=789 execution_us=44671 reason=tracking_pose_accepted
x=3.24997 y=2.14999 yaw=-1.7843 score=0.963702 valid=1 mode=tracking state=TRACKING evaluated=807 execution_us=45151 reason=tracking_pose_accepted
x=3.24997 y=2.09999 yaw=-1.80269 score=0.964921 valid=1 mode=tracking state=TRACKING evaluated=789 execution_us=44051 reason=tracking_pose_accepted
x=3.24997 y=2.04999 yaw=-1.73381 score=0.946855 valid=1 mode=tracking state=TRACKING evaluated=807 execution_us=45094 reason=tracking_pose_accepted
x=3.24997 y=2.09999 yaw=-1.52531 score=0.977048 valid=1 mode=tracking state=TRACKING evaluated=807 execution_us=45947 reason=tracking_pose_accepted
x=3.24997 y=2.04999 yaw=-1.33425 score=0.950827 valid=1 mode=tracking state=TRACKING evaluated=807 execution_us=45529 reason=tracking_pose_accepted
x=3.24997 y=2.09999 yaw=-1.12575 score=0.979078 valid=1 mode=tracking state=TRACKING evaluated=807 execution_us=45074 reason=tracking_pose_accepted
x=3.24997 y=2.14999 yaw=-1.12668 score=0.968545 valid=1 mode=tracking state=TRACKING evaluated=807 execution_us=45066 reason=tracking_pose_accepted
x=3.24997 y=2.14999 yaw=-1.12762 score=0.971752 valid=1 mode=tracking state=TRACKING evaluated=789 execution_us=44053 reason=tracking_pose_accepted
x=3.24997 y=2.14999 yaw=-1.1111 score=0.967286 valid=1 mode=tracking state=TRACKING evaluated=789 execution_us=43980 reason=tracking_pose_accepted
x=3.24997 y=2.09999 yaw=-1.11203 score=0.96834 valid=1 mode=tracking state=TRACKING evaluated=789 execution_us=44060 reason=tracking_pose_accepted
x=3.24997 y=2.09999 yaw=-1.11297 score=0.969381 valid=1 mode=tracking state=TRACKING evaluated=807 execution_us=44907 reason=tracking_pose_accepted
x=3.24997 y=2.09999 yaw=-1.13135 score=0.970527 valid=1 mode=tracking state=TRACKING evaluated=807 execution_us=45002 reason=tracking_pose_accepted
x=3.24997 y=2.14999 yaw=-1.13229 score=0.972611 valid=1 mode=tracking state=TRACKING evaluated=807 execution_us=46153 reason=tracking_pose_accepted
x=3.24997 y=2.09999 yaw=-1.11577 score=0.976022 valid=1 mode=tracking state=TRACKING evaluated=789 execution_us=45203 reason=tracking_pose_accepted
x=3.24997 y=2.09999 yaw=-0.99453 score=0.965576 valid=1 mode=tracking state=TRACKING evaluated=807 execution_us=44928 reason=tracking_pose_accepted
x=3.24997 y=2.09999 yaw=-0.890744 score=0.979078 valid=1 mode=tracking state=TRACKING evaluated=807 execution_us=45353 reason=tracking_pose_accepted
x=3.24997 y=2.09999 yaw=-0.839318 score=0.97807 valid=1 mode=tracking state=TRACKING evaluated=807 execution_us=45207 reason=tracking_pose_accepted
x=3.24997 y=2.1 yaw=-0.752986 score=0.980882 valid=1 mode=tracking state=TRACKING evaluated=807 execution_us=45163 reason=tracking_pose_accepted
x=3.24997 y=2.1 yaw=-0.719013 score=0.968689 valid=1 mode=tracking state=TRACKING evaluated=807 execution_us=44957 reason=tracking_pose_accepted
x=3.24997 y=2.1 yaw=-0.719947 score=0.968197 valid=1 mode=tracking state=TRACKING evaluated=807 execution_us=44901 reason=tracking_pose_accepted
x=3.24997 y=2.1 yaw=-0.720881 score=0.96633 valid=1 mode=tracking state=TRACKING evaluated=807 execution_us=45322 reason=tracking_pose_accepted
x=3.24997 y=2.1 yaw=-0.721816 score=0.966549 valid=1 mode=tracking state=TRACKING evaluated=807 execution_us=44944 reason=tracking_pose_accepted
x=3.24997 y=2.1 yaw=-0.72275 score=0.966595 valid=1 mode=tracking state=TRACKING evaluated=807 execution_us=45056 reason=tracking_pose_accepted
x=3.24997 y=2.1 yaw=-0.723684 score=0.967555 valid=1 mode=tracking state=TRACKING evaluated=807 execution_us=45425 reason=tracking_pose_accepted
x=3.24997 y=2.1 yaw=-0.724618 score=0.968185 valid=1 mode=tracking state=TRACKING evaluated=807 execution_us=44475 reason=tracking_pose_accepted
x=3.24997 y=2.1 yaw=-0.725552 score=0.968689 valid=1 mode=tracking state=TRACKING evaluated=807 execution_us=44976 reason=tracking_pose_accepted
x=3.24997 y=2.1 yaw=-0.709033 score=0.968895 valid=1 mode=tracking state=TRACKING evaluated=807 execution_us=44879 reason=tracking_pose_accepted
x=3.24997 y=2.15 yaw=-0.622701 score=0.969883 valid=1 mode=tracking state=TRACKING evaluated=807 execution_us=44724 reason=tracking_pose_accepted
x=3.24997 y=2.1 yaw=-0.571275 score=0.968394 valid=1 mode=tracking state=TRACKING evaluated=789 execution_us=44256 reason=tracking_pose_accepted
x=3.24997 y=2.15 yaw=-0.432583 score=0.961479 valid=1 mode=tracking state=TRACKING evaluated=807 execution_us=45150 reason=tracking_pose_accepted
x=3.24997 y=2.1 yaw=-0.34625 score=0.959433 valid=1 mode=tracking state=TRACKING evaluated=789 execution_us=44355 reason=tracking_pose_accepted
x=3.24997 y=2.15 yaw=-0.207558 score=0.958419 valid=1 mode=tracking state=TRACKING evaluated=807 execution_us=45384 reason=tracking_pose_accepted
x=3.24997 y=2.15 yaw=-0.191039 score=0.969783 valid=1 mode=tracking state=TRACKING evaluated=789 execution_us=43299 reason=tracking_pose_accepted
x=3.24997 y=2.15 yaw=-0.17452 score=0.977798 valid=1 mode=tracking state=TRACKING evaluated=789 execution_us=44052 reason=tracking_pose_accepted
x=3.24997 y=2.15 yaw=-0.175454 score=0.96934 valid=1 mode=tracking state=TRACKING evaluated=789 execution_us=44192 reason=tracking_pose_accepted
x=3.24997 y=2.1 yaw=-0.176388 score=0.963528 valid=1 mode=tracking state=TRACKING evaluated=789 execution_us=43854 reason=tracking_pose_accepted
x=3.24997 y=2.15 yaw=-0.194776 score=0.969163 valid=1 mode=tracking state=TRACKING evaluated=807 execution_us=45041 reason=tracking_pose_accepted
x=3.24997 y=2.1 yaw=-0.178257 score=0.967977 valid=1 mode=tracking state=TRACKING evaluated=789 execution_us=44694 reason=tracking_pose_accepted
x=3.24997 y=2.15 yaw=-0.179191 score=0.970415 valid=1 mode=tracking state=TRACKING evaluated=807 execution_us=45246 reason=tracking_pose_accepted
x=3.24997 y=2.15 yaw=-0.180125 score=0.969322 valid=1 mode=tracking state=TRACKING evaluated=789 execution_us=44671 reason=tracking_pose_accepted
x=3.24997 y=2.15 yaw=-0.0763395 score=0.889546 valid=0 mode=tracking state=DEGRADED evaluated=789 execution_us=43648 reason=tracking_score_below_threshold
x=3.24997 y=2.15 yaw=0.0981934 score=0.942514 valid=1 mode=tracking state=TRACKING evaluated=789 execution_us=44540 reason=tracking_quality_restored
x=3.24997 y=2.1 yaw=0.236886 score=0.905051 valid=1 mode=tracking state=TRACKING evaluated=789 execution_us=44891 reason=tracking_pose_accepted
x=3.24997 y=2.1 yaw=0.340671 score=0.964277 valid=1 mode=tracking state=TRACKING evaluated=807 execution_us=44835 reason=tracking_pose_accepted
x=3.24997 y=2.1 yaw=0.35719 score=0.9679 valid=1 mode=tracking state=TRACKING evaluated=807 execution_us=44996 reason=tracking_pose_accepted
x=3.24997 y=2.1 yaw=0.338803 score=0.967855 valid=1 mode=tracking state=TRACKING evaluated=807 execution_us=45447 reason=tracking_pose_accepted
x=3.24997 y=2.1 yaw=0.337869 score=0.973962 valid=1 mode=tracking state=TRACKING evaluated=807 execution_us=45055 reason=tracking_pose_accepted
x=3.24997 y=2.15 yaw=0.336935 score=0.969278 valid=1 mode=tracking state=TRACKING evaluated=807 execution_us=45384 reason=tracking_pose_accepted
x=3.24997 y=2.1 yaw=0.336 score=0.97164 valid=1 mode=tracking state=TRACKING evaluated=789 execution_us=44122 reason=tracking_pose_accepted
x=3.24997 y=2.1 yaw=0.335066 score=0.971923 valid=1 mode=tracking state=TRACKING evaluated=807 execution_us=45064 reason=tracking_pose_accepted
x=3.24997 y=2.15 yaw=0.334132 score=0.96591 valid=1 mode=tracking state=TRACKING evaluated=807 execution_us=45259 reason=tracking_pose_accepted
x=3.24997 y=2.1 yaw=0.350651 score=0.9695 valid=1 mode=tracking state=TRACKING evaluated=789 execution_us=43608 reason=tracking_pose_accepted
x=3.24997 y=2.15 yaw=0.41953 score=0.853329 valid=0 mode=tracking state=DEGRADED evaluated=807 execution_us=44269 reason=tracking_score_below_threshold
x=3.24997 y=2.1 yaw=0.62897 score=0.906365 valid=1 mode=tracking state=TRACKING evaluated=807 execution_us=45032 reason=tracking_quality_restored
x=3.24997 y=2.1 yaw=0.837475 score=0.902237 valid=1 mode=tracking state=TRACKING evaluated=807 execution_us=80514 reason=tracking_pose_accepted
x=3.24997 y=2.15 yaw=0.941261 score=0.964204 valid=1 mode=tracking state=TRACKING evaluated=807 execution_us=45754 reason=tracking_pose_accepted
x=3.24997 y=2.1 yaw=0.940327 score=0.964881 valid=1 mode=tracking state=TRACKING evaluated=789 execution_us=43733 reason=tracking_pose_accepted
x=3.24997 y=2.1 yaw=0.939393 score=0.964932 valid=1 mode=tracking state=TRACKING evaluated=807 execution_us=45125 reason=tracking_pose_accepted
x=3.24997 y=2.15 yaw=0.938459 score=0.965468 valid=1 mode=tracking state=TRACKING evaluated=807 execution_us=45212 reason=tracking_pose_accepted
x=3.24997 y=2.15 yaw=0.937524 score=0.971317 valid=1 mode=tracking state=TRACKING evaluated=789 execution_us=43714 reason=tracking_pose_accepted
x=3.24997 y=2.15 yaw=0.93659 score=0.967426 valid=1 mode=tracking state=TRACKING evaluated=789 execution_us=44265 reason=tracking_pose_accepted
x=3.24997 y=2.1 yaw=0.935656 score=0.966697 valid=1 mode=tracking state=TRACKING evaluated=789 execution_us=44738 reason=tracking_pose_accepted
x=3.24997 y=2.1 yaw=0.934722 score=0.965653 valid=1 mode=tracking state=TRACKING evaluated=807 execution_us=45217 reason=tracking_pose_accepted
x=3.24997 y=2.1 yaw=0.951241 score=0.968136 valid=1 mode=tracking state=TRACKING evaluated=807 execution_us=44943 reason=tracking_pose_accepted
x=3.24997 y=2.1 yaw=0.950307 score=0.965231 valid=1 mode=tracking state=TRACKING evaluated=807 execution_us=44895 reason=tracking_pose_accepted
x=3.24997 y=2.15 yaw=1.05409 score=0.928556 valid=1 mode=tracking state=TRACKING evaluated=807 execution_us=63727 reason=tracking_pose_accepted
x=3.24997 y=2.15 yaw=1.15788 score=0.938893 valid=1 mode=tracking state=TRACKING evaluated=789 execution_us=81482 reason=tracking_pose_accepted
x=3.24997 y=2.15 yaw=1.34893 score=0.914205 valid=1 mode=tracking state=TRACKING evaluated=789 execution_us=45046 reason=tracking_pose_accepted
x=3.24997 y=2.15 yaw=1.52253 score=0.946395 valid=1 mode=tracking state=TRACKING evaluated=789 execution_us=44112 reason=tracking_pose_accepted
x=3.24997 y=2.15 yaw=1.57396 score=0.958098 valid=1 mode=tracking state=TRACKING evaluated=789 execution_us=44160 reason=tracking_pose_accepted
x=3.24997 y=2.1 yaw=1.57302 score=0.965077 valid=1 mode=tracking state=TRACKING evaluated=789 execution_us=43490 reason=tracking_pose_accepted
x=3.24997 y=2.1 yaw=1.57209 score=0.967214 valid=1 mode=tracking state=TRACKING evaluated=807 execution_us=45032 reason=tracking_pose_accepted
x=3.24997 y=2.15 yaw=1.57115 score=0.965014 valid=1 mode=tracking state=TRACKING evaluated=807 execution_us=45228 reason=tracking_pose_accepted
x=3.24997 y=2.1 yaw=1.57022 score=0.96484 valid=1 mode=tracking state=TRACKING evaluated=789 execution_us=43732 reason=tracking_pose_accepted
x=3.24997 y=2.1 yaw=1.56928 score=0.962838 valid=1 mode=tracking state=TRACKING evaluated=807 execution_us=44681 reason=tracking_pose_accepted
x=3.24997 y=2.15 yaw=1.56835 score=0.962207 valid=1 mode=tracking state=TRACKING evaluated=807 execution_us=45860 reason=tracking_pose_accepted
x=3.24997 y=2.15 yaw=1.56742 score=0.962714 valid=1 mode=tracking state=TRACKING evaluated=789 execution_us=43606 reason=tracking_pose_accepted
x=3.24997 y=2.15 yaw=1.58394 score=0.963646 valid=1 mode=tracking state=TRACKING evaluated=789 execution_us=44339 reason=tracking_pose_accepted
x=3.24997 y=2.15 yaw=1.56555 score=0.9618 valid=1 mode=tracking state=TRACKING evaluated=789 execution_us=44624 reason=tracking_pose_accepted
x=3.24997 y=2.1 yaw=1.56461 score=0.963533 valid=1 mode=tracking state=TRACKING evaluated=789 execution_us=44171 reason=tracking_pose_accepted
x=3.24997 y=2.1 yaw=1.58113 score=0.963596 valid=1 mode=tracking state=TRACKING evaluated=807 execution_us=45721 reason=tracking_pose_accepted
x=3.24997 y=2.15 yaw=1.5802 score=0.964461 valid=1 mode=tracking state=TRACKING evaluated=807 execution_us=45114 reason=tracking_pose_accepted
x=3.24997 y=2.15 yaw=1.57927 score=0.964214 valid=1 mode=tracking state=TRACKING evaluated=789 execution_us=44238 reason=tracking_pose_accepted
x=3.24997 y=2.15 yaw=1.57833 score=0.964427 valid=1 mode=tracking state=TRACKING evaluated=789 execution_us=43739 reason=tracking_pose_accepted
x=3.24997 y=2.15 yaw=1.5774 score=0.966293 valid=1 mode=tracking state=TRACKING evaluated=789 execution_us=44298 reason=tracking_pose_accepted
x=3.24997 y=2.15 yaw=1.57646 score=0.967198 valid=1 mode=tracking state=TRACKING evaluated=789 execution_us=44740 reason=tracking_pose_accepted
x=3.24997 y=2.15 yaw=1.57553 score=0.964594 valid=1 mode=tracking state=TRACKING evaluated=789 execution_us=44308 reason=tracking_pose_accepted
x=3.24997 y=2.15 yaw=1.57459 score=0.967157 valid=1 mode=tracking state=TRACKING evaluated=789 execution_us=44079 reason=tracking_pose_accepted
x=3.24997 y=2.1 yaw=1.57366 score=0.966044 valid=1 mode=tracking state=TRACKING evaluated=789 execution_us=44384 reason=tracking_pose_accepted
x=3.24997 y=2.1 yaw=1.57273 score=0.966143 valid=1 mode=tracking state=TRACKING evaluated=807 execution_us=44823 reason=tracking_pose_accepted
x=3.24997 y=2.1 yaw=1.57179 score=0.965113 valid=1 mode=tracking state=TRACKING evaluated=807 execution_us=45770 reason=tracking_pose_accepted
x=3.24997 y=2.15 yaw=1.57086 score=0.964592 valid=1 mode=tracking state=TRACKING evaluated=807 execution_us=44901 reason=tracking_pose_accepted
x=3.24997 y=2.15 yaw=1.56992 score=0.964037 valid=1 mode=tracking state=TRACKING evaluated=789 execution_us=43760 reason=tracking_pose_accepted
x=3.24997 y=2.15 yaw=1.56899 score=0.963992 valid=1 mode=tracking state=TRACKING evaluated=789 execution_us=43509 reason=tracking_pose_accepted
x=3.24997 y=2.15 yaw=1.56806 score=0.964552 valid=1 mode=tracking state=TRACKING evaluated=789 execution_us=43732 reason=tracking_pose_accepted
x=3.24997 y=2.15 yaw=1.56712 score=0.963323 valid=1 mode=tracking state=TRACKING evaluated=789 execution_us=43580 reason=tracking_pose_accepted
x=3.24997 y=2.1 yaw=1.56619 score=0.963741 valid=1 mode=tracking state=TRACKING evaluated=789 execution_us=44342 reason=tracking_pose_accepted
x=3.24997 y=2.15 yaw=1.58271 score=0.966605 valid=1 mode=tracking state=TRACKING evaluated=807 execution_us=44435 reason=tracking_pose_accepted
x=3.24997 y=2.15 yaw=1.58177 score=0.965689 valid=1 mode=tracking state=TRACKING evaluated=789 execution_us=43418 reason=tracking_pose_accepted
x=3.24997 y=2.1 yaw=1.58084 score=0.962583 valid=1 mode=tracking state=TRACKING evaluated=789 execution_us=44943 reason=tracking_pose_accepted
x=3.24997 y=2.15 yaw=1.56245 score=0.96253 valid=1 mode=tracking state=TRACKING evaluated=807 execution_us=44911 reason=tracking_pose_accepted
x=3.24997 y=2.15 yaw=1.57897 score=0.967125 valid=1 mode=tracking state=TRACKING evaluated=789 execution_us=43803 reason=tracking_pose_accepted
x=3.24997 y=2.15 yaw=1.57804 score=0.963279 valid=1 mode=tracking state=TRACKING evaluated=789 execution_us=44293 reason=tracking_pose_accepted
x=3.24997 y=2.15 yaw=1.5771 score=0.966774 valid=1 mode=tracking state=TRACKING evaluated=789 execution_us=44109 reason=tracking_pose_accepted
x=3.24997 y=2.1 yaw=1.57617 score=0.96411 valid=1 mode=tracking state=TRACKING evaluated=789 execution_us=44427 reason=tracking_pose_accepted
x=3.24997 y=2.15 yaw=1.57523 score=0.965924 valid=1 mode=tracking state=TRACKING evaluated=807 execution_us=44667 reason=tracking_pose_accepted
x=3.24997 y=2.15 yaw=1.5743 score=0.964624 valid=1 mode=tracking state=TRACKING evaluated=789 execution_us=43772 reason=tracking_pose_accepted
x=3.24997 y=2.15 yaw=1.57337 score=0.964594 valid=1 mode=tracking state=TRACKING evaluated=789 execution_us=44494 reason=tracking_pose_accepted
x=3.24997 y=2.15 yaw=1.57243 score=0.966718 valid=1 mode=tracking state=TRACKING evaluated=789 execution_us=43657 reason=tracking_pose_accepted
x=3.24997 y=2.1 yaw=1.5715 score=0.965622 valid=1 mode=tracking state=TRACKING evaluated=789 execution_us=43773 reason=tracking_pose_accepted
x=3.24997 y=2.1 yaw=1.57056 score=0.964076 valid=1 mode=tracking state=TRACKING evaluated=807 execution_us=45584 reason=tracking_pose_accepted
x=3.24997 y=2.1 yaw=1.56963 score=0.964409 valid=1 mode=tracking state=TRACKING evaluated=807 execution_us=45045 reason=tracking_pose_accepted
x=3.24997 y=2.15 yaw=1.56869 score=0.962461 valid=1 mode=tracking state=TRACKING evaluated=807 execution_us=44976 reason=tracking_pose_accepted
x=3.24997 y=2.15 yaw=1.56776 score=0.96386 valid=1 mode=tracking state=TRACKING evaluated=789 execution_us=44131 reason=tracking_pose_accepted
x=3.24997 y=2.15 yaw=1.56683 score=0.963596 valid=1 mode=tracking state=TRACKING evaluated=789 execution_us=44389 reason=tracking_pose_accepted
x=3.24997 y=2.1 yaw=1.56589 score=0.962674 valid=1 mode=tracking state=TRACKING evaluated=789 execution_us=45238 reason=tracking_pose_accepted
x=3.24997 y=2.15 yaw=1.56496 score=0.962071 valid=1 mode=tracking state=TRACKING evaluated=807 execution_us=45050 reason=tracking_pose_accepted
x=3.24997 y=2.1 yaw=1.56402 score=0.966112 valid=1 mode=tracking state=TRACKING evaluated=789 execution_us=43999 reason=tracking_pose_accepted
x=3.24997 y=2.15 yaw=1.58054 score=0.967909 valid=1 mode=tracking state=TRACKING evaluated=807 execution_us=45194 reason=tracking_pose_accepted
x=3.24997 y=2.15 yaw=1.57961 score=0.968123 valid=1 mode=tracking state=TRACKING evaluated=789 execution_us=43705 reason=tracking_pose_accepted
x=3.24997 y=2.15 yaw=1.57868 score=0.96644 valid=1 mode=tracking state=TRACKING evaluated=789 execution_us=44724 reason=tracking_pose_accepted
x=3.24997 y=2.15 yaw=1.57774 score=0.962925 valid=1 mode=tracking state=TRACKING evaluated=789 execution_us=43987 reason=tracking_pose_accepted
x=3.24997 y=2.1 yaw=1.55935 score=0.965537 valid=1 mode=tracking state=TRACKING evaluated=789 execution_us=44084 reason=tracking_pose_accepted
x=3.24997 y=2.15 yaw=1.55842 score=0.96381 valid=1 mode=tracking state=TRACKING evaluated=807 execution_us=45818 reason=tracking_pose_accepted
x=3.19997 y=2.1 yaw=1.52258 score=0.93918 valid=1 mode=tracking state=TRACKING evaluated=789 execution_us=44012 reason=tracking_pose_accepted
x=3.24997 y=2.15 yaw=1.41693 score=0.965704 valid=1 mode=tracking state=TRACKING evaluated=807 execution_us=45344 reason=tracking_pose_accepted
x=3.24997 y=2.1 yaw=1.39854 score=0.958128 valid=1 mode=tracking state=TRACKING evaluated=789 execution_us=43574 reason=tracking_pose_accepted
x=3.24997 y=2.1 yaw=1.29288 score=0.962283 valid=1 mode=tracking state=TRACKING evaluated=807 execution_us=45080 reason=tracking_pose_accepted
x=3.24997 y=2.1 yaw=1.2745 score=0.972028 valid=1 mode=tracking state=TRACKING evaluated=807 execution_us=45504 reason=tracking_pose_accepted
x=3.24997 y=2.1 yaw=1.20375 score=0.975187 valid=1 mode=tracking state=TRACKING evaluated=807 execution_us=45177 reason=tracking_pose_accepted
x=3.24997 y=2.1 yaw=1.16791 score=0.970778 valid=1 mode=tracking state=TRACKING evaluated=807 execution_us=45101 reason=tracking_pose_accepted
x=3.24997 y=2.1 yaw=1.16697 score=0.96575 valid=1 mode=tracking state=TRACKING evaluated=807 execution_us=45572 reason=tracking_pose_accepted
x=3.24997 y=2.1 yaw=1.14859 score=0.968627 valid=1 mode=tracking state=TRACKING evaluated=807 execution_us=45120 reason=tracking_pose_accepted
x=3.24997 y=2.1 yaw=1.09529 score=0.967147 valid=1 mode=tracking state=TRACKING evaluated=807 execution_us=45095 reason=tracking_pose_accepted
x=3.24997 y=2.15 yaw=1.09436 score=0.973393 valid=1 mode=tracking state=TRACKING evaluated=807 execution_us=45203 reason=tracking_pose_accepted
x=3.24997 y=2.15 yaw=1.07597 score=0.966912 valid=1 mode=tracking state=TRACKING evaluated=789 execution_us=43854 reason=tracking_pose_accepted
x=3.24997 y=2.15 yaw=1.05758 score=0.964512 valid=1 mode=tracking state=TRACKING evaluated=789 execution_us=44161 reason=tracking_pose_accepted
x=3.24997 y=2.15 yaw=1.0741 score=0.968099 valid=1 mode=tracking state=TRACKING evaluated=789 execution_us=44435 reason=tracking_pose_accepted
x=3.24997 y=2.15 yaw=1.07317 score=0.964214 valid=1 mode=tracking state=TRACKING evaluated=789 execution_us=44655 reason=tracking_pose_accepted
x=3.24997 y=2.15 yaw=1.07223 score=0.964298 valid=1 mode=tracking state=TRACKING evaluated=789 execution_us=44152 reason=tracking_pose_accepted
x=3.24997 y=2.1 yaw=1.0713 score=0.96225 valid=1 mode=tracking state=TRACKING evaluated=789 execution_us=43421 reason=tracking_pose_accepted
x=3.24997 y=2.15 yaw=1.07037 score=0.964541 valid=1 mode=tracking state=TRACKING evaluated=807 execution_us=44998 reason=tracking_pose_accepted
x=3.24997 y=2.15 yaw=1.06943 score=0.964112 valid=1 mode=tracking state=TRACKING evaluated=789 execution_us=44455 reason=tracking_pose_accepted
x=3.24997 y=2.1 yaw=1.0685 score=0.9668 valid=1 mode=tracking state=TRACKING evaluated=789 execution_us=43616 reason=tracking_pose_accepted
x=3.24997 y=2.15 yaw=1.05011 score=0.970139 valid=1 mode=tracking state=TRACKING evaluated=807 execution_us=45113 reason=tracking_pose_accepted
x=3.24997 y=2.1 yaw=1.04918 score=0.97026 valid=1 mode=tracking state=TRACKING evaluated=789 execution_us=44240 reason=tracking_pose_accepted
x=3.24997 y=2.1 yaw=1.04824 score=0.968586 valid=1 mode=tracking state=TRACKING evaluated=807 execution_us=44935 reason=tracking_pose_accepted
x=3.24997 y=2.15 yaw=1.04731 score=0.968525 valid=1 mode=tracking state=TRACKING evaluated=807 execution_us=45025 reason=tracking_pose_accepted
x=3.24997 y=2.15 yaw=1.08128 score=0.962622 valid=1 mode=tracking state=TRACKING evaluated=789 execution_us=44162 reason=tracking_pose_accepted
x=3.24997 y=2.15 yaw=1.08035 score=0.965876 valid=1 mode=tracking state=TRACKING evaluated=789 execution_us=44030 reason=tracking_pose_accepted
x=3.24997 y=2.15 yaw=1.18413 score=0.953631 valid=1 mode=tracking state=TRACKING evaluated=789 execution_us=44229 reason=tracking_pose_accepted
x=3.24997 y=2.15 yaw=1.23556 score=0.970552 valid=1 mode=tracking state=TRACKING evaluated=789 execution_us=43737 reason=tracking_pose_accepted
x=3.24997 y=2.15 yaw=1.25208 score=0.967655 valid=1 mode=tracking state=TRACKING evaluated=789 execution_us=43884 reason=tracking_pose_accepted
x=3.24997 y=2.1 yaw=1.25114 score=0.969839 valid=1 mode=tracking state=TRACKING evaluated=789 execution_us=43701 reason=tracking_pose_accepted
x=3.24997 y=2.1 yaw=1.25021 score=0.972498 valid=1 mode=tracking state=TRACKING evaluated=807 execution_us=45115 reason=tracking_pose_accepted
x=3.24997 y=2.1 yaw=1.24927 score=0.970373 valid=1 mode=tracking state=TRACKING evaluated=807 execution_us=45023 reason=tracking_pose_accepted
x=3.24997 y=2.1 yaw=1.24834 score=0.967907 valid=1 mode=tracking state=TRACKING evaluated=807 execution_us=45073 reason=tracking_pose_accepted
x=3.24997 y=2.1 yaw=1.24741 score=0.970722 valid=1 mode=tracking state=TRACKING evaluated=807 execution_us=45107 reason=tracking_pose_accepted
x=3.24997 y=2.1 yaw=1.24647 score=0.971561 valid=1 mode=tracking state=TRACKING evaluated=807 execution_us=45372 reason=tracking_pose_accepted
x=3.24997 y=2.1 yaw=1.24554 score=0.967972 valid=1 mode=tracking state=TRACKING evaluated=807 execution_us=46073 reason=tracking_pose_accepted
x=3.24997 y=2.1 yaw=1.2446 score=0.97258 valid=1 mode=tracking state=TRACKING evaluated=807 execution_us=44800 reason=tracking_pose_accepted
x=3.24997 y=2.15 yaw=1.24367 score=0.971351 valid=1 mode=tracking state=TRACKING evaluated=807 execution_us=45527 reason=tracking_pose_accepted
x=3.24997 y=2.1 yaw=1.24274 score=0.966016 valid=1 mode=tracking state=TRACKING evaluated=789 execution_us=44443 reason=tracking_pose_accepted
x=3.24997 y=2.15 yaw=1.2418 score=0.971173 valid=1 mode=tracking state=TRACKING evaluated=807 execution_us=45036 reason=tracking_pose_accepted
x=3.24997 y=2.15 yaw=1.24087 score=0.968363 valid=1 mode=tracking state=TRACKING evaluated=789 execution_us=44697 reason=tracking_pose_accepted
x=3.24997 y=2.1 yaw=1.23993 score=0.968013 valid=1 mode=tracking state=TRACKING evaluated=789 execution_us=44144 reason=tracking_pose_accepted
x=3.24997 y=2.1 yaw=1.239 score=0.967751 valid=1 mode=tracking state=TRACKING evaluated=807 execution_us=45470 reason=tracking_pose_accepted
x=3.24997 y=2.1 yaw=1.25552 score=0.964419 valid=1 mode=tracking state=TRACKING evaluated=807 execution_us=45329 reason=tracking_pose_accepted
x=3.24997 y=2.1 yaw=1.23713 score=0.96394 valid=1 mode=tracking state=TRACKING evaluated=807 execution_us=45406 reason=tracking_pose_accepted
x=3.24997 y=2.15 yaw=1.25365 score=0.969205 valid=1 mode=tracking state=TRACKING evaluated=807 execution_us=45298 reason=tracking_pose_accepted
x=3.24997 y=2.15 yaw=1.25272 score=0.968945 valid=1 mode=tracking state=TRACKING evaluated=789 execution_us=44090 reason=tracking_pose_accepted
x=3.24997 y=2.1 yaw=1.25178 score=0.970987 valid=1 mode=tracking state=TRACKING evaluated=789 execution_us=44316 reason=tracking_pose_accepted
x=3.24997 y=2.1 yaw=1.2334 score=0.970219 valid=1 mode=tracking state=TRACKING evaluated=807 execution_us=44722 reason=tracking_pose_accepted
x=3.24997 y=2.1 yaw=1.24991 score=0.968188 valid=1 mode=tracking state=TRACKING evaluated=807 execution_us=45068 reason=tracking_pose_accepted
x=3.24997 y=2.15 yaw=1.24898 score=0.96655 valid=1 mode=tracking state=TRACKING evaluated=807 execution_us=45192 reason=tracking_pose_accepted
x=3.24997 y=2.15 yaw=1.24805 score=0.971933 valid=1 mode=tracking state=TRACKING evaluated=789 execution_us=44022 reason=tracking_pose_accepted
x=3.24997 y=2.15 yaw=1.24711 score=0.969469 valid=1 mode=tracking state=TRACKING evaluated=789 execution_us=43931 reason=tracking_pose_accepted
x=3.24997 y=2.1 yaw=1.24618 score=0.971558 valid=1 mode=tracking state=TRACKING evaluated=789 execution_us=44207 reason=tracking_pose_accepted
x=3.24997 y=2.1 yaw=1.24524 score=0.973242 valid=1 mode=tracking state=TRACKING evaluated=807 execution_us=45271 reason=tracking_pose_accepted
x=3.24997 y=2.1 yaw=1.24431 score=0.971732 valid=1 mode=tracking state=TRACKING evaluated=807 execution_us=45492 reason=tracking_pose_accepted
x=3.24997 y=2.1 yaw=1.24338 score=0.969004 valid=1 mode=tracking state=TRACKING evaluated=807 execution_us=46435 reason=tracking_pose_accepted
x=3.24997 y=2.15 yaw=1.24244 score=0.967701 valid=1 mode=tracking state=TRACKING evaluated=807 execution_us=44535 reason=tracking_pose_accepted
x=3.24997 y=2.15 yaw=1.24151 score=0.968504 valid=1 mode=tracking state=TRACKING evaluated=789 execution_us=43584 reason=tracking_pose_accepted
x=3.24997 y=2.15 yaw=1.24057 score=0.968255 valid=1 mode=tracking state=TRACKING evaluated=789 execution_us=43815 reason=tracking_pose_accepted
x=3.24997 y=2.15 yaw=1.23964 score=0.966585 valid=1 mode=tracking state=TRACKING evaluated=789 execution_us=44059 reason=tracking_pose_accepted
x=3.24997 y=2.1 yaw=1.23871 score=0.969086 valid=1 mode=tracking state=TRACKING evaluated=789 execution_us=44210 reason=tracking_pose_accepted
x=3.24997 y=2.1 yaw=1.23777 score=0.967693 valid=1 mode=tracking state=TRACKING evaluated=807 execution_us=44618 reason=tracking_pose_accepted
x=3.24997 y=2.15 yaw=1.23684 score=0.965584 valid=1 mode=tracking state=TRACKING evaluated=807 execution_us=45106 reason=tracking_pose_accepted
x=3.24997 y=2.1 yaw=1.25336 score=0.967536 valid=1 mode=tracking state=TRACKING evaluated=789 execution_us=44326 reason=tracking_pose_accepted
x=3.24997 y=2.1 yaw=1.25242 score=0.967161 valid=1 mode=tracking state=TRACKING evaluated=807 execution_us=45118 reason=tracking_pose_accepted
x=3.24997 y=2.1 yaw=1.25149 score=0.966697 valid=1 mode=tracking state=TRACKING evaluated=807 execution_us=45407 reason=tracking_pose_accepted
x=3.24997 y=2.1 yaw=1.2331 score=0.967557 valid=1 mode=tracking state=TRACKING evaluated=807 execution_us=45071 reason=tracking_pose_accepted
x=3.24997 y=2.1 yaw=1.24962 score=0.968995 valid=1 mode=tracking state=TRACKING evaluated=807 execution_us=44849 reason=tracking_pose_accepted
x=3.24997 y=2.1 yaw=1.24869 score=0.97182 valid=1 mode=tracking state=TRACKING evaluated=807 execution_us=44990 reason=tracking_pose_accepted
x=3.24997 y=2.1 yaw=1.24775 score=0.969491 valid=1 mode=tracking state=TRACKING evaluated=807 execution_us=45425 reason=tracking_pose_accepted
x=3.24997 y=2.15 yaw=1.24682 score=0.972735 valid=1 mode=tracking state=TRACKING evaluated=807 execution_us=44807 reason=tracking_pose_accepted
x=3.24997 y=2.15 yaw=1.24588 score=0.971957 valid=1 mode=tracking state=TRACKING evaluated=789 execution_us=44723 reason=tracking_pose_accepted
x=3.24997 y=2.15 yaw=1.24495 score=0.970117 valid=1 mode=tracking state=TRACKING evaluated=789 execution_us=43542 reason=tracking_pose_accepted
x=3.24997 y=2.1 yaw=1.24402 score=0.972242 valid=1 mode=tracking state=TRACKING evaluated=789 execution_us=44204 reason=tracking_pose_accepted
x=3.24997 y=2.1 yaw=1.24308 score=0.968196 valid=1 mode=tracking state=TRACKING evaluated=807 execution_us=44955 reason=tracking_pose_accepted
x=3.24997 y=2.1 yaw=1.24215 score=0.968475 valid=1 mode=tracking state=TRACKING evaluated=807 execution_us=45550 reason=tracking_pose_accepted
x=3.24997 y=2.15 yaw=1.24121 score=0.968255 valid=1 mode=tracking state=TRACKING evaluated=807 execution_us=44741 reason=tracking_pose_accepted
x=3.24997 y=2.1 yaw=1.24028 score=0.969516 valid=1 mode=tracking state=TRACKING evaluated=789 execution_us=44463 reason=tracking_pose_accepted
x=3.24997 y=2.1 yaw=1.23934 score=0.966969 valid=1 mode=tracking state=TRACKING evaluated=807 execution_us=45148 reason=tracking_pose_accepted
x=3.24997 y=2.1 yaw=1.23841 score=0.966088 valid=1 mode=tracking state=TRACKING evaluated=807 execution_us=45850 reason=tracking_pose_accepted
x=3.24997 y=2.1 yaw=1.23748 score=0.967228 valid=1 mode=tracking state=TRACKING evaluated=807 execution_us=45023 reason=tracking_pose_accepted
x=3.24997 y=2.15 yaw=1.23654 score=0.966094 valid=1 mode=tracking state=TRACKING evaluated=807 execution_us=45557 reason=tracking_pose_accepted
x=3.24997 y=2.15 yaw=1.23561 score=0.966816 valid=1 mode=tracking state=TRACKING evaluated=789 execution_us=44375 reason=tracking_pose_accepted
x=3.24997 y=2.15 yaw=1.23467 score=0.968525 valid=1 mode=tracking state=TRACKING evaluated=789 execution_us=44267 reason=tracking_pose_accepted
x=3.24997 y=2.15 yaw=1.23374 score=0.968051 valid=1 mode=tracking state=TRACKING evaluated=789 execution_us=43902 reason=tracking_pose_accepted
x=3.24997 y=2.1 yaw=1.25026 score=0.970038 valid=1 mode=tracking state=TRACKING evaluated=789 execution_us=44307 reason=tracking_pose_accepted
x=3.24997 y=2.1 yaw=1.24933 score=0.968679 valid=1 mode=tracking state=TRACKING evaluated=807 execution_us=45085 reason=tracking_pose_accepted
x=3.24997 y=2.15 yaw=1.30075 score=0.955474 valid=1 mode=tracking state=TRACKING evaluated=807 execution_us=56770 reason=tracking_pose_accepted
x=3.24997 y=2.15 yaw=1.38708 score=0.966814 valid=1 mode=tracking state=TRACKING evaluated=789 execution_us=43978 reason=tracking_pose_accepted
x=3.24997 y=2.15 yaw=1.42106 score=0.963015 valid=1 mode=tracking state=TRACKING evaluated=789 execution_us=44084 reason=tracking_pose_accepted
x=3.24997 y=2.1 yaw=1.42012 score=0.961241 valid=1 mode=tracking state=TRACKING evaluated=789 execution_us=44740 reason=tracking_pose_accepted
x=3.24997 y=2.15 yaw=1.41919 score=0.966209 valid=1 mode=tracking state=TRACKING evaluated=807 execution_us=45044 reason=tracking_pose_accepted
x=3.24997 y=2.1 yaw=1.41825 score=0.964292 valid=1 mode=tracking state=TRACKING evaluated=789 execution_us=44568 reason=tracking_pose_accepted
x=3.24997 y=2.1 yaw=1.39987 score=0.965601 valid=1 mode=tracking state=TRACKING evaluated=807 execution_us=44888 reason=tracking_pose_accepted
x=3.24997 y=2.1 yaw=1.39893 score=0.964573 valid=1 mode=tracking state=TRACKING evaluated=807 execution_us=45236 reason=tracking_pose_accepted
x=3.24997 y=2.1 yaw=1.398 score=0.964675 valid=1 mode=tracking state=TRACKING evaluated=807 execution_us=44680 reason=tracking_pose_accepted
x=3.24997 y=2.1 yaw=1.41452 score=0.968341 valid=1 mode=tracking state=TRACKING evaluated=807 execution_us=45146 reason=tracking_pose_accepted
x=3.24997 y=2.1 yaw=1.41358 score=0.967032 valid=1 mode=tracking state=TRACKING evaluated=807 execution_us=44815 reason=tracking_pose_accepted
x=3.24997 y=2.1 yaw=1.41265 score=0.96605 valid=1 mode=tracking state=TRACKING evaluated=807 execution_us=45726 reason=tracking_pose_accepted
x=3.24997 y=2.1 yaw=1.39426 score=0.968515 valid=1 mode=tracking state=TRACKING evaluated=807 execution_us=44783 reason=tracking_pose_accepted
x=3.24997 y=2.1 yaw=1.37587 score=0.967516 valid=1 mode=tracking state=TRACKING evaluated=807 execution_us=45006 reason=tracking_pose_accepted
x=3.24997 y=2.1 yaw=1.34003 score=0.962541 valid=1 mode=tracking state=TRACKING evaluated=807 execution_us=45486 reason=tracking_pose_accepted
x=3.24997 y=2.1 yaw=1.25183 score=0.971719 valid=1 mode=tracking state=TRACKING evaluated=807 execution_us=45600 reason=tracking_pose_accepted
x=3.24997 y=2.1 yaw=1.18109 score=0.975612 valid=1 mode=tracking state=TRACKING evaluated=807 execution_us=45552 reason=tracking_pose_accepted
x=3.24997 y=2.1 yaw=1.12779 score=0.970645 valid=1 mode=tracking state=TRACKING evaluated=807 execution_us=45131 reason=tracking_pose_accepted
x=3.24997 y=2.15 yaw=1.1094 score=0.972015 valid=1 mode=tracking state=TRACKING evaluated=807 execution_us=44896 reason=tracking_pose_accepted
x=3.24997 y=2.15 yaw=1.07356 score=0.97043 valid=1 mode=tracking state=TRACKING evaluated=789 execution_us=44526 reason=tracking_pose_accepted
x=3.24997 y=2.15 yaw=1.02027 score=0.968709 valid=1 mode=tracking state=TRACKING evaluated=789 execution_us=43790 reason=tracking_pose_accepted
x=3.24997 y=2.15 yaw=1.01934 score=0.969621 valid=1 mode=tracking state=TRACKING evaluated=789 execution_us=43582 reason=tracking_pose_accepted
x=3.24997 y=2.15 yaw=1.0184 score=0.970204 valid=1 mode=tracking state=TRACKING evaluated=789 execution_us=44644 reason=tracking_pose_accepted
x=3.24997 y=2.15 yaw=1.01747 score=0.968525 valid=1 mode=tracking state=TRACKING evaluated=789 execution_us=44171 reason=tracking_pose_accepted
x=3.24997 y=2.1 yaw=1.03399 score=0.967276 valid=1 mode=tracking state=TRACKING evaluated=789 execution_us=43713 reason=tracking_pose_accepted
x=3.24997 y=2.15 yaw=1.03305 score=0.968987 valid=1 mode=tracking state=TRACKING evaluated=807 execution_us=45312 reason=tracking_pose_accepted
x=3.24997 y=2.15 yaw=1.03212 score=0.9718 valid=1 mode=tracking state=TRACKING evaluated=789 execution_us=44117 reason=tracking_pose_accepted
x=3.24997 y=2.15 yaw=1.03118 score=0.97433 valid=1 mode=tracking state=TRACKING evaluated=789 execution_us=44014 reason=tracking_pose_accepted
x=3.24997 y=2.15 yaw=1.03025 score=0.96684 valid=1 mode=tracking state=TRACKING evaluated=789 execution_us=44390 reason=tracking_pose_accepted
x=3.24997 y=2.15 yaw=1.06422 score=0.959457 valid=1 mode=tracking state=TRACKING evaluated=789 execution_us=44693 reason=tracking_pose_accepted
x=3.24997 y=2.15 yaw=1.1331 score=0.952067 valid=1 mode=tracking state=TRACKING evaluated=789 execution_us=44848 reason=tracking_pose_accepted
x=3.24997 y=2.15 yaw=1.18453 score=0.955903 valid=1 mode=tracking state=TRACKING evaluated=789 execution_us=44310 reason=tracking_pose_accepted
x=3.24997 y=2.15 yaw=1.20105 score=0.969863 valid=1 mode=tracking state=TRACKING evaluated=789 execution_us=44442 reason=tracking_pose_accepted
x=3.24997 y=2.15 yaw=1.26993 score=0.958332 valid=1 mode=tracking state=TRACKING evaluated=789 execution_us=43448 reason=tracking_pose_accepted
x=3.24997 y=2.15 yaw=1.32135 score=0.966947 valid=1 mode=tracking state=TRACKING evaluated=789 execution_us=44696 reason=tracking_pose_accepted
x=3.24997 y=2.1 yaw=1.32042 score=0.966447 valid=1 mode=tracking state=TRACKING evaluated=789 execution_us=44115 reason=tracking_pose_accepted
x=3.24997 y=2.15 yaw=1.31948 score=0.967331 valid=1 mode=tracking state=TRACKING evaluated=807 execution_us=45019 reason=tracking_pose_accepted
x=3.24997 y=2.1 yaw=1.31855 score=0.969461 valid=1 mode=tracking state=TRACKING evaluated=789 execution_us=44027 reason=tracking_pose_accepted
x=3.24997 y=2.1 yaw=1.31761 score=0.969739 valid=1 mode=tracking state=TRACKING evaluated=807 execution_us=45328 reason=tracking_pose_accepted
x=3.24997 y=2.1 yaw=1.31668 score=0.972508 valid=1 mode=tracking state=TRACKING evaluated=807 execution_us=45081 reason=tracking_pose_accepted
x=3.24997 y=2.1 yaw=1.31575 score=0.970184 valid=1 mode=tracking state=TRACKING evaluated=807 execution_us=45073 reason=tracking_pose_accepted
x=3.24997 y=2.1 yaw=1.31481 score=0.974039 valid=1 mode=tracking state=TRACKING evaluated=807 execution_us=44992 reason=tracking_pose_accepted
x=3.24997 y=2.1 yaw=1.31388 score=0.971602 valid=1 mode=tracking state=TRACKING evaluated=807 execution_us=45011 reason=tracking_pose_accepted
x=3.24997 y=2.1 yaw=1.31294 score=0.970776 valid=1 mode=tracking state=TRACKING evaluated=807 execution_us=45516 reason=tracking_pose_accepted
x=3.24997 y=2.1 yaw=1.31201 score=0.972692 valid=1 mode=tracking state=TRACKING evaluated=807 execution_us=45314 reason=tracking_pose_accepted
x=3.24997 y=2.1 yaw=1.27617 score=0.969993 valid=1 mode=tracking state=TRACKING evaluated=807 execution_us=44647 reason=tracking_pose_accepted
x=3.24997 y=2.1 yaw=1.15306 score=0.965648 valid=1 mode=tracking state=TRACKING evaluated=807 execution_us=44965 reason=tracking_pose_accepted
x=3.24997 y=2.1 yaw=1.13467 score=0.970691 valid=1 mode=tracking state=TRACKING evaluated=807 execution_us=44666 reason=tracking_pose_accepted
x=3.24997 y=2.1 yaw=1.15119 score=0.968422 valid=1 mode=tracking state=TRACKING evaluated=807 execution_us=44813 reason=tracking_pose_accepted
x=3.24997 y=2.1 yaw=1.13281 score=0.969416 valid=1 mode=tracking state=TRACKING evaluated=807 execution_us=45410 reason=tracking_pose_accepted
x=3.24997 y=2.1 yaw=1.13187 score=0.972406 valid=1 mode=tracking state=TRACKING evaluated=807 execution_us=44859 reason=tracking_pose_accepted
x=3.24997 y=2.1 yaw=1.13094 score=0.974069 valid=1 mode=tracking state=TRACKING evaluated=807 execution_us=46299 reason=tracking_pose_accepted
x=3.24997 y=2.1 yaw=1.13 score=0.973771 valid=1 mode=tracking state=TRACKING evaluated=807 execution_us=45081 reason=tracking_pose_accepted
x=3.24997 y=2.1 yaw=1.12907 score=0.9718 valid=1 mode=tracking state=TRACKING evaluated=807 execution_us=44966 reason=tracking_pose_accepted
x=3.24997 y=2.1 yaw=1.12814 score=0.969477 valid=1 mode=tracking state=TRACKING evaluated=807 execution_us=44987 reason=tracking_pose_accepted
x=3.24997 y=2.15 yaw=1.1272 score=0.965663 valid=1 mode=tracking state=TRACKING evaluated=807 execution_us=45114 reason=tracking_pose_accepted
x=3.24997 y=2.1 yaw=1.12627 score=0.970021 valid=1 mode=tracking state=TRACKING evaluated=789 execution_us=43669 reason=tracking_pose_accepted
x=3.24997 y=2.1 yaw=1.12533 score=0.969321 valid=1 mode=tracking state=TRACKING evaluated=807 execution_us=45024 reason=tracking_pose_accepted
x=3.24997 y=2.1 yaw=1.1244 score=0.970511 valid=1 mode=tracking state=TRACKING evaluated=807 execution_us=44897 reason=tracking_pose_accepted
x=3.24997 y=2.1 yaw=1.12347 score=0.971432 valid=1 mode=tracking state=TRACKING evaluated=807 execution_us=44500 reason=tracking_pose_accepted
x=3.24997 y=2.15 yaw=1.12253 score=0.967747 valid=1 mode=tracking state=TRACKING evaluated=807 execution_us=45482 reason=tracking_pose_accepted
x=3.24997 y=2.15 yaw=1.13905 score=0.969412 valid=1 mode=tracking state=TRACKING evaluated=789 execution_us=44479 reason=tracking_pose_accepted
x=3.24997 y=2.1 yaw=1.13812 score=0.969351 valid=1 mode=tracking state=TRACKING evaluated=789 execution_us=44625 reason=tracking_pose_accepted
x=3.24997 y=2.1 yaw=1.13718 score=0.972724 valid=1 mode=tracking state=TRACKING evaluated=807 execution_us=45227 reason=tracking_pose_accepted
x=3.24997 y=2.1 yaw=1.11879 score=0.966229 valid=1 mode=tracking state=TRACKING evaluated=807 execution_us=44990 reason=tracking_pose_accepted
x=3.24997 y=2.1 yaw=1.13531 score=0.971525 valid=1 mode=tracking state=TRACKING evaluated=807 execution_us=45112 reason=tracking_pose_accepted
x=3.24997 y=2.1 yaw=1.13438 score=0.965185 valid=1 mode=tracking state=TRACKING evaluated=807 execution_us=45327 reason=tracking_pose_accepted
x=3.24997 y=2.1 yaw=1.13345 score=0.971001 valid=1 mode=tracking state=TRACKING evaluated=807 execution_us=45524 reason=tracking_pose_accepted
x=3.24997 y=2.15 yaw=1.13251 score=0.969097 valid=1 mode=tracking state=TRACKING evaluated=807 execution_us=45809 reason=tracking_pose_accepted
x=3.24997 y=2.15 yaw=1.13158 score=0.967993 valid=1 mode=tracking state=TRACKING evaluated=789 execution_us=44158 reason=tracking_pose_accepted
x=3.24997 y=2.15 yaw=1.13064 score=0.965208 valid=1 mode=tracking state=TRACKING evaluated=789 execution_us=44211 reason=tracking_pose_accepted
x=3.24997 y=2.1 yaw=1.16462 score=0.972374 valid=1 mode=tracking state=TRACKING evaluated=789 execution_us=44348 reason=tracking_pose_accepted
x=3.24997 y=2.1 yaw=1.16368 score=0.972477 valid=1 mode=tracking state=TRACKING evaluated=807 execution_us=45853 reason=tracking_pose_accepted
x=3.24997 y=2.15 yaw=1.1802 score=0.96162 valid=1 mode=tracking state=TRACKING evaluated=807 execution_us=45433 reason=tracking_pose_accepted
x=3.24997 y=2.15 yaw=1.23163 score=0.965829 valid=1 mode=tracking state=TRACKING evaluated=789 execution_us=44164 reason=tracking_pose_accepted
x=3.24997 y=2.15 yaw=1.24815 score=0.971398 valid=1 mode=tracking state=TRACKING evaluated=789 execution_us=44619 reason=tracking_pose_accepted
x=3.24997 y=2.15 yaw=1.24721 score=0.969564 valid=1 mode=tracking state=TRACKING evaluated=789 execution_us=44954 reason=tracking_pose_accepted
x=3.24997 y=2.15 yaw=1.24628 score=0.974376 valid=1 mode=tracking state=TRACKING evaluated=789 execution_us=44224 reason=tracking_pose_accepted
x=3.24997 y=2.1 yaw=1.24534 score=0.969613 valid=1 mode=tracking state=TRACKING evaluated=789 execution_us=43764 reason=tracking_pose_accepted
x=3.24997 y=2.15 yaw=1.24441 score=0.969682 valid=1 mode=tracking state=TRACKING evaluated=807 execution_us=44926 reason=tracking_pose_accepted
x=3.24997 y=2.15 yaw=1.24347 score=0.971159 valid=1 mode=tracking state=TRACKING evaluated=789 execution_us=43519 reason=tracking_pose_accepted
x=3.24997 y=2.15 yaw=1.24254 score=0.971324 valid=1 mode=tracking state=TRACKING evaluated=789 execution_us=44272 reason=tracking_pose_accepted
x=3.24997 y=2.15 yaw=1.24161 score=0.971276 valid=1 mode=tracking state=TRACKING evaluated=789 execution_us=44066 reason=tracking_pose_accepted
x=3.24997 y=2.15 yaw=1.24067 score=0.972116 valid=1 mode=tracking state=TRACKING evaluated=789 execution_us=43737 reason=tracking_pose_accepted
x=3.24997 y=2.15 yaw=1.23974 score=0.967239 valid=1 mode=tracking state=TRACKING evaluated=789 execution_us=44611 reason=tracking_pose_accepted
x=3.24997 y=2.1 yaw=1.2388 score=0.969615 valid=1 mode=tracking state=TRACKING evaluated=789 execution_us=44154 reason=tracking_pose_accepted
x=3.24997 y=2.1 yaw=1.23787 score=0.970198 valid=1 mode=tracking state=TRACKING evaluated=807 execution_us=44922 reason=tracking_pose_accepted
x=3.24997 y=2.15 yaw=1.23694 score=0.968587 valid=1 mode=tracking state=TRACKING evaluated=807 execution_us=45838 reason=tracking_pose_accepted
x=3.24997 y=2.1 yaw=1.236 score=0.968822 valid=1 mode=tracking state=TRACKING evaluated=789 execution_us=43651 reason=tracking_pose_accepted
x=3.24997 y=2.1 yaw=1.23507 score=0.965638 valid=1 mode=tracking state=TRACKING evaluated=807 execution_us=44965 reason=tracking_pose_accepted
x=3.24997 y=2.1 yaw=1.23413 score=0.968587 valid=1 mode=tracking state=TRACKING evaluated=807 execution_us=45204 reason=tracking_pose_accepted
x=3.24997 y=2.1 yaw=1.2332 score=0.970792 valid=1 mode=tracking state=TRACKING evaluated=807 execution_us=44900 reason=tracking_pose_accepted
x=3.24997 y=2.15 yaw=1.23227 score=0.967478 valid=1 mode=tracking state=TRACKING evaluated=807 execution_us=44946 reason=tracking_pose_accepted
x=3.24997 y=2.15 yaw=1.21388 score=0.9653 valid=1 mode=tracking state=TRACKING evaluated=789 execution_us=44818 reason=tracking_pose_accepted
x=3.24997 y=2.15 yaw=1.21294 score=0.970184 valid=1 mode=tracking state=TRACKING evaluated=789 execution_us=44034 reason=tracking_pose_accepted
x=3.24997 y=2.15 yaw=1.21201 score=0.972145 valid=1 mode=tracking state=TRACKING evaluated=789 execution_us=44224 reason=tracking_pose_accepted
x=3.24997 y=2.15 yaw=1.21108 score=0.96987 valid=1 mode=tracking state=TRACKING evaluated=789 execution_us=44164 reason=tracking_pose_accepted
x=3.24997 y=2.15 yaw=1.19269 score=0.965788 valid=1 mode=tracking state=TRACKING evaluated=789 execution_us=43716 reason=tracking_pose_accepted
x=3.24997 y=2.15 yaw=1.1743 score=0.969777 valid=1 mode=tracking state=TRACKING evaluated=789 execution_us=44132 reason=tracking_pose_accepted
x=3.24997 y=2.15 yaw=1.17337 score=0.967498 valid=1 mode=tracking state=TRACKING evaluated=789 execution_us=43986 reason=tracking_pose_accepted
x=3.24997 y=2.15 yaw=1.17243 score=0.966896 valid=1 mode=tracking state=TRACKING evaluated=789 execution_us=44113 reason=tracking_pose_accepted
x=3.24997 y=2.15 yaw=1.18895 score=0.969736 valid=1 mode=tracking state=TRACKING evaluated=789 execution_us=44706 reason=tracking_pose_accepted
x=3.24997 y=2.15 yaw=1.17056 score=0.966535 valid=1 mode=tracking state=TRACKING evaluated=789 execution_us=44554 reason=tracking_pose_accepted
x=3.24997 y=2.15 yaw=1.18708 score=0.970095 valid=1 mode=tracking state=TRACKING evaluated=789 execution_us=44463 reason=tracking_pose_accepted
x=3.24997 y=2.15 yaw=1.18615 score=0.967624 valid=1 mode=tracking state=TRACKING evaluated=789 execution_us=44128 reason=tracking_pose_accepted
x=3.24997 y=2.15 yaw=1.18521 score=0.973639 valid=1 mode=tracking state=TRACKING evaluated=789 execution_us=44582 reason=tracking_pose_accepted
x=3.24997 y=2.15 yaw=1.18428 score=0.970766 valid=1 mode=tracking state=TRACKING evaluated=789 execution_us=44668 reason=tracking_pose_accepted
x=3.24997 y=2.15 yaw=1.18335 score=0.971646 valid=1 mode=tracking state=TRACKING evaluated=789 execution_us=44377 reason=tracking_pose_accepted
x=3.24997 y=2.15 yaw=1.18241 score=0.972457 valid=1 mode=tracking state=TRACKING evaluated=789 execution_us=44458 reason=tracking_pose_accepted
x=3.24997 y=2.15 yaw=1.18148 score=0.969856 valid=1 mode=tracking state=TRACKING evaluated=789 execution_us=44300 reason=tracking_pose_accepted
x=3.24997 y=2.15 yaw=1.18054 score=0.96875 valid=1 mode=tracking state=TRACKING evaluated=789 execution_us=44377 reason=tracking_pose_accepted
x=3.24997 y=2.15 yaw=1.17961 score=0.965035 valid=1 mode=tracking state=TRACKING evaluated=789 execution_us=44383 reason=tracking_pose_accepted
x=3.24997 y=2.15 yaw=1.17868 score=0.966969 valid=1 mode=tracking state=TRACKING evaluated=789 execution_us=44798 reason=tracking_pose_accepted
x=3.24997 y=2.15 yaw=1.17774 score=0.966795 valid=1 mode=tracking state=TRACKING evaluated=789 execution_us=44056 reason=tracking_pose_accepted
x=3.24997 y=2.15 yaw=1.17681 score=0.968852 valid=1 mode=tracking state=TRACKING evaluated=789 execution_us=44909 reason=tracking_pose_accepted
x=3.24997 y=2.15 yaw=1.17587 score=0.966416 valid=1 mode=tracking state=TRACKING evaluated=789 execution_us=44138 reason=tracking_pose_accepted
x=3.24997 y=2.15 yaw=1.17494 score=0.967553 valid=1 mode=tracking state=TRACKING evaluated=789 execution_us=44711 reason=tracking_pose_accepted
x=3.24997 y=2.15 yaw=1.17401 score=0.965986 valid=1 mode=tracking state=TRACKING evaluated=789 execution_us=44937 reason=tracking_pose_accepted
x=3.24997 y=2.15 yaw=1.19052 score=0.96805 valid=1 mode=tracking state=TRACKING evaluated=789 execution_us=44215 reason=tracking_pose_accepted
x=3.24997 y=2.15 yaw=1.18959 score=0.964951 valid=1 mode=tracking state=TRACKING evaluated=789 execution_us=44156 reason=tracking_pose_accepted
x=3.24997 y=2.15 yaw=1.18866 score=0.970088 valid=1 mode=tracking state=TRACKING evaluated=789 execution_us=44439 reason=tracking_pose_accepted
x=3.24997 y=2.15 yaw=1.18772 score=0.970619 valid=1 mode=tracking state=TRACKING evaluated=789 execution_us=43844 reason=tracking_pose_accepted
x=3.24997 y=2.15 yaw=1.18679 score=0.970905 valid=1 mode=tracking state=TRACKING evaluated=789 execution_us=44588 reason=tracking_pose_accepted
x=3.24997 y=2.15 yaw=1.18585 score=0.973468 valid=1 mode=tracking state=TRACKING evaluated=789 execution_us=43859 reason=tracking_pose_accepted
x=3.24997 y=2.15 yaw=1.18492 score=0.972926 valid=1 mode=tracking state=TRACKING evaluated=789 execution_us=44242 reason=tracking_pose_accepted
x=3.24997 y=2.15 yaw=1.18399 score=0.972157 valid=1 mode=tracking state=TRACKING evaluated=789 execution_us=43540 reason=tracking_pose_accepted
x=3.24997 y=2.15 yaw=1.18305 score=0.968171 valid=1 mode=tracking state=TRACKING evaluated=789 execution_us=44597 reason=tracking_pose_accepted
x=3.24997 y=2.15 yaw=1.18212 score=0.970204 valid=1 mode=tracking state=TRACKING evaluated=789 execution_us=44284 reason=tracking_pose_accepted
x=3.24997 y=2.15 yaw=1.18118 score=0.969346 valid=1 mode=tracking state=TRACKING evaluated=789 execution_us=44145 reason=tracking_pose_accepted
x=3.24997 y=2.15 yaw=1.18025 score=0.968414 valid=1 mode=tracking state=TRACKING evaluated=789 execution_us=44584 reason=tracking_pose_accepted
x=3.24997 y=2.15 yaw=1.17932 score=0.968852 valid=1 mode=tracking state=TRACKING evaluated=789 execution_us=44784 reason=tracking_pose_accepted
x=3.24997 y=2.15 yaw=1.17838 score=0.970135 valid=1 mode=tracking state=TRACKING evaluated=789 execution_us=44188 reason=tracking_pose_accepted
x=3.24997 y=2.15 yaw=1.17745 score=0.967788 valid=1 mode=tracking state=TRACKING evaluated=789 execution_us=43888 reason=tracking_pose_accepted
x=3.24997 y=2.15 yaw=1.17651 score=0.965684 valid=1 mode=tracking state=TRACKING evaluated=789 execution_us=44702 reason=tracking_pose_accepted
x=3.24997 y=2.15 yaw=1.17558 score=0.969264 valid=1 mode=tracking state=TRACKING evaluated=789 execution_us=43636 reason=tracking_pose_accepted
x=3.24997 y=2.15 yaw=1.17464 score=0.968401 valid=1 mode=tracking state=TRACKING evaluated=789 execution_us=43683 reason=tracking_pose_accepted
x=3.24997 y=2.15 yaw=1.17371 score=0.967112 valid=1 mode=tracking state=TRACKING evaluated=789 execution_us=44171 reason=tracking_pose_accepted
x=3.24997 y=2.15 yaw=1.19023 score=0.968556 valid=1 mode=tracking state=TRACKING evaluated=789 execution_us=44357 reason=tracking_pose_accepted
x=3.24997 y=2.15 yaw=1.1893 score=0.966862 valid=1 mode=tracking state=TRACKING evaluated=789 execution_us=43809 reason=tracking_pose_accepted
x=3.24997 y=2.15 yaw=1.18836 score=0.969644 valid=1 mode=tracking state=TRACKING evaluated=789 execution_us=43991 reason=tracking_pose_accepted
x=3.24997 y=2.15 yaw=1.18743 score=0.97049 valid=1 mode=tracking state=TRACKING evaluated=789 execution_us=43824 reason=tracking_pose_accepted
x=3.24997 y=2.15 yaw=1.18649 score=0.9713 valid=1 mode=tracking state=TRACKING evaluated=789 execution_us=44678 reason=tracking_pose_accepted
x=3.24997 y=2.15 yaw=1.18556 score=0.969315 valid=1 mode=tracking state=TRACKING evaluated=789 execution_us=43804 reason=tracking_pose_accepted
x=3.24997 y=2.15 yaw=1.18462 score=0.97344 valid=1 mode=tracking state=TRACKING evaluated=789 execution_us=44145 reason=tracking_pose_accepted
x=3.24997 y=2.15 yaw=1.18369 score=0.967736 valid=1 mode=tracking state=TRACKING evaluated=789 execution_us=44823 reason=tracking_pose_accepted
x=3.24997 y=2.15 yaw=1.18276 score=0.969161 valid=1 mode=tracking state=TRACKING evaluated=789 execution_us=44106 reason=tracking_pose_accepted
x=3.24997 y=2.15 yaw=1.18182 score=0.969122 valid=1 mode=tracking state=TRACKING evaluated=789 execution_us=43980 reason=tracking_pose_accepted
x=3.24997 y=2.15 yaw=1.18089 score=0.968566 valid=1 mode=tracking state=TRACKING evaluated=789 execution_us=44178 reason=tracking_pose_accepted
x=3.24997 y=2.15 yaw=1.17995 score=0.969098 valid=1 mode=tracking state=TRACKING evaluated=789 execution_us=44387 reason=tracking_pose_accepted
x=3.24997 y=2.15 yaw=1.17902 score=0.970192 valid=1 mode=tracking state=TRACKING evaluated=789 execution_us=44386 reason=tracking_pose_accepted
x=3.24997 y=2.15 yaw=1.17809 score=0.968159 valid=1 mode=tracking state=TRACKING evaluated=789 execution_us=44431 reason=tracking_pose_accepted
x=3.24997 y=2.15 yaw=1.17715 score=0.968117 valid=1 mode=tracking state=TRACKING evaluated=789 execution_us=44211 reason=tracking_pose_accepted
x=3.24997 y=2.15 yaw=1.17622 score=0.968301 valid=1 mode=tracking state=TRACKING evaluated=789 execution_us=44432 reason=tracking_pose_accepted
x=3.24997 y=2.15 yaw=1.17528 score=0.967385 valid=1 mode=tracking state=TRACKING evaluated=789 execution_us=44410 reason=tracking_pose_accepted
x=3.24997 y=2.15 yaw=1.1918 score=0.965761 valid=1 mode=tracking state=TRACKING evaluated=789 execution_us=44267 reason=tracking_pose_accepted
x=3.24997 y=2.15 yaw=1.17342 score=0.965837 valid=1 mode=tracking state=TRACKING evaluated=789 execution_us=44564 reason=tracking_pose_accepted
x=3.24997 y=2.15 yaw=1.18993 score=0.965691 valid=1 mode=tracking state=TRACKING evaluated=789 execution_us=44367 reason=tracking_pose_accepted
x=3.24997 y=2.15 yaw=1.189 score=0.966964 valid=1 mode=tracking state=TRACKING evaluated=789 execution_us=44488 reason=tracking_pose_accepted
x=3.24997 y=2.15 yaw=1.18807 score=0.967822 valid=1 mode=tracking state=TRACKING evaluated=789 execution_us=43438 reason=tracking_pose_accepted
x=3.24997 y=2.15 yaw=1.18713 score=0.973664 valid=1 mode=tracking state=TRACKING evaluated=789 execution_us=43654 reason=tracking_pose_accepted
x=3.24997 y=2.15 yaw=1.1862 score=0.97087 valid=1 mode=tracking state=TRACKING evaluated=789 execution_us=44822 reason=tracking_pose_accepted
x=3.24997 y=2.15 yaw=1.18526 score=0.97172 valid=1 mode=tracking state=TRACKING evaluated=789 execution_us=43766 reason=tracking_pose_accepted
x=3.24997 y=2.15 yaw=1.18433 score=0.972446 valid=1 mode=tracking state=TRACKING evaluated=789 execution_us=43849 reason=tracking_pose_accepted
x=3.24997 y=2.15 yaw=1.1834 score=0.971712 valid=1 mode=tracking state=TRACKING evaluated=789 execution_us=44288 reason=tracking_pose_accepted
x=3.24997 y=2.15 yaw=1.18246 score=0.972487 valid=1 mode=tracking state=TRACKING evaluated=789 execution_us=43585 reason=tracking_pose_accepted
x=3.24997 y=2.15 yaw=1.18153 score=0.967634 valid=1 mode=tracking state=TRACKING evaluated=789 execution_us=44109 reason=tracking_pose_accepted
x=3.24997 y=2.15 yaw=1.18059 score=0.969229 valid=1 mode=tracking state=TRACKING evaluated=789 execution_us=43445 reason=tracking_pose_accepted
x=3.24997 y=2.15 yaw=1.17966 score=0.970774 valid=1 mode=tracking state=TRACKING evaluated=789 execution_us=43767 reason=tracking_pose_accepted
x=3.24997 y=2.15 yaw=1.17873 score=0.971249 valid=1 mode=tracking state=TRACKING evaluated=789 execution_us=44126 reason=tracking_pose_accepted
x=3.24997 y=2.15 yaw=1.17779 score=0.970074 valid=1 mode=tracking state=TRACKING evaluated=789 execution_us=44095 reason=tracking_pose_accepted
x=3.24997 y=2.15 yaw=1.17686 score=0.968152 valid=1 mode=tracking state=TRACKING evaluated=789 execution_us=43588 reason=tracking_pose_accepted
x=3.24997 y=2.15 yaw=1.17592 score=0.969037 valid=1 mode=tracking state=TRACKING evaluated=789 execution_us=43835 reason=tracking_pose_accepted
x=3.24997 y=2.15 yaw=1.17499 score=0.968176 valid=1 mode=tracking state=TRACKING evaluated=789 execution_us=44045 reason=tracking_pose_accepted
x=3.24997 y=2.15 yaw=1.17405 score=0.967924 valid=1 mode=tracking state=TRACKING evaluated=789 execution_us=43588 reason=tracking_pose_accepted
x=3.24997 y=2.15 yaw=1.19057 score=0.970285 valid=1 mode=tracking state=TRACKING evaluated=789 execution_us=43839 reason=tracking_pose_accepted
x=3.24997 y=2.15 yaw=1.18964 score=0.969255 valid=1 mode=tracking state=TRACKING evaluated=789 execution_us=43773 reason=tracking_pose_accepted
x=3.24997 y=2.15 yaw=1.18871 score=0.970103 valid=1 mode=tracking state=TRACKING evaluated=789 execution_us=44883 reason=tracking_pose_accepted
x=3.24997 y=2.15 yaw=1.18777 score=0.96818 valid=1 mode=tracking state=TRACKING evaluated=789 execution_us=44545 reason=tracking_pose_accepted
x=3.24997 y=2.15 yaw=1.18684 score=0.973064 valid=1 mode=tracking state=TRACKING evaluated=789 execution_us=43691 reason=tracking_pose_accepted
x=3.24997 y=2.15 yaw=1.1859 score=0.969832 valid=1 mode=tracking state=TRACKING evaluated=789 execution_us=44124 reason=tracking_pose_accepted
x=3.24997 y=2.15 yaw=1.18497 score=0.970104 valid=1 mode=tracking state=TRACKING evaluated=789 execution_us=44394 reason=tracking_pose_accepted
x=3.24997 y=2.15 yaw=1.18403 score=0.972179 valid=1 mode=tracking state=TRACKING evaluated=789 execution_us=44397 reason=tracking_pose_accepted
x=3.24997 y=2.15 yaw=1.1831 score=0.966472 valid=1 mode=tracking state=TRACKING evaluated=789 execution_us=44136 reason=tracking_pose_accepted
x=3.24997 y=2.15 yaw=1.18217 score=0.968329 valid=1 mode=tracking state=TRACKING evaluated=789 execution_us=44107 reason=tracking_pose_accepted
x=3.24997 y=2.15 yaw=1.18123 score=0.971105 valid=1 mode=tracking state=TRACKING evaluated=789 execution_us=44610 reason=tracking_pose_accepted
x=3.24997 y=2.15 yaw=1.1803 score=0.970033 valid=1 mode=tracking state=TRACKING evaluated=789 execution_us=44299 reason=tracking_pose_accepted
x=3.24997 y=2.15 yaw=1.17936 score=0.967808 valid=1 mode=tracking state=TRACKING evaluated=789 execution_us=44289 reason=tracking_pose_accepted
x=3.24997 y=2.15 yaw=1.17843 score=0.970074 valid=1 mode=tracking state=TRACKING evaluated=789 execution_us=45025 reason=tracking_pose_accepted
x=3.24997 y=2.15 yaw=1.1775 score=0.967032 valid=1 mode=tracking state=TRACKING evaluated=789 execution_us=43708 reason=tracking_pose_accepted
x=3.24997 y=2.15 yaw=1.17656 score=0.968194 valid=1 mode=tracking state=TRACKING evaluated=789 execution_us=43759 reason=tracking_pose_accepted
x=3.24997 y=2.15 yaw=1.17563 score=0.966362 valid=1 mode=tracking state=TRACKING evaluated=789 execution_us=44945 reason=tracking_pose_accepted
x=3.24997 y=2.15 yaw=1.17469 score=0.968956 valid=1 mode=tracking state=TRACKING evaluated=789 execution_us=44231 reason=tracking_pose_accepted
x=3.24997 y=2.15 yaw=1.19121 score=0.968162 valid=1 mode=tracking state=TRACKING evaluated=789 execution_us=43678 reason=tracking_pose_accepted
x=3.24997 y=2.15 yaw=1.19028 score=0.968282 valid=1 mode=tracking state=TRACKING evaluated=789 execution_us=44486 reason=tracking_pose_accepted
x=3.24997 y=2.15 yaw=1.18934 score=0.971177 valid=1 mode=tracking state=TRACKING evaluated=789 execution_us=44293 reason=tracking_pose_accepted
x=3.24997 y=2.15 yaw=1.18841 score=0.968913 valid=1 mode=tracking state=TRACKING evaluated=789 execution_us=44631 reason=tracking_pose_accepted
x=3.24997 y=2.15 yaw=1.18748 score=0.969741 valid=1 mode=tracking state=TRACKING evaluated=789 execution_us=44044 reason=tracking_pose_accepted
x=3.24997 y=2.15 yaw=1.18654 score=0.970737 valid=1 mode=tracking state=TRACKING evaluated=789 execution_us=44930 reason=tracking_pose_accepted
x=3.24997 y=2.15 yaw=1.18561 score=0.96777 valid=1 mode=tracking state=TRACKING evaluated=789 execution_us=44104 reason=tracking_pose_accepted
x=3.24997 y=2.15 yaw=1.18467 score=0.97355 valid=1 mode=tracking state=TRACKING evaluated=789 execution_us=44044 reason=tracking_pose_accepted
x=3.24997 y=2.15 yaw=1.18374 score=0.973048 valid=1 mode=tracking state=TRACKING evaluated=789 execution_us=44244 reason=tracking_pose_accepted
x=3.24997 y=2.15 yaw=1.18281 score=0.974163 valid=1 mode=tracking state=TRACKING evaluated=789 execution_us=44360 reason=tracking_pose_accepted
x=3.24997 y=2.15 yaw=1.18187 score=0.969654 valid=1 mode=tracking state=TRACKING evaluated=789 execution_us=44726 reason=tracking_pose_accepted
x=3.24997 y=2.15 yaw=1.18094 score=0.970221 valid=1 mode=tracking state=TRACKING evaluated=789 execution_us=44671 reason=tracking_pose_accepted
x=3.24997 y=2.15 yaw=1.18 score=0.970798 valid=1 mode=tracking state=TRACKING evaluated=789 execution_us=43957 reason=tracking_pose_accepted
x=3.24997 y=2.15 yaw=1.17907 score=0.969698 valid=1 mode=tracking state=TRACKING evaluated=789 execution_us=43566 reason=tracking_pose_accepted
x=3.24997 y=2.15 yaw=1.17814 score=0.967436 valid=1 mode=tracking state=TRACKING evaluated=789 execution_us=44629 reason=tracking_pose_accepted
x=3.24997 y=2.15 yaw=1.1772 score=0.968996 valid=1 mode=tracking state=TRACKING evaluated=789 execution_us=44379 reason=tracking_pose_accepted
x=3.24997 y=2.15 yaw=1.17627 score=0.968587 valid=1 mode=tracking state=TRACKING evaluated=789 execution_us=44211 reason=tracking_pose_accepted
x=3.24997 y=2.15 yaw=1.17533 score=0.968709 valid=1 mode=tracking state=TRACKING evaluated=789 execution_us=44464 reason=tracking_pose_accepted
x=3.24997 y=2.15 yaw=1.19185 score=0.968177 valid=1 mode=tracking state=TRACKING evaluated=789 execution_us=43739 reason=tracking_pose_accepted
x=3.24997 y=2.15 yaw=1.17346 score=0.967667 valid=1 mode=tracking state=TRACKING evaluated=789 execution_us=44096 reason=tracking_pose_accepted
x=3.24997 y=2.15 yaw=1.18998 score=0.971142 valid=1 mode=tracking state=TRACKING evaluated=789 execution_us=43291 reason=tracking_pose_accepted
x=3.24997 y=2.15 yaw=1.18905 score=0.968689 valid=1 mode=tracking state=TRACKING evaluated=789 execution_us=44317 reason=tracking_pose_accepted
x=3.24997 y=2.15 yaw=1.18812 score=0.970064 valid=1 mode=tracking state=TRACKING evaluated=789 execution_us=44722 reason=tracking_pose_accepted
x=3.24997 y=2.15 yaw=1.18718 score=0.968176 valid=1 mode=tracking state=TRACKING evaluated=789 execution_us=43767 reason=tracking_pose_accepted
x=3.24997 y=2.15 yaw=1.18625 score=0.969274 valid=1 mode=tracking state=TRACKING evaluated=789 execution_us=43881 reason=tracking_pose_accepted
x=3.24997 y=2.15 yaw=1.18531 score=0.96744 valid=1 mode=tracking state=TRACKING evaluated=789 execution_us=44181 reason=tracking_pose_accepted
x=3.24997 y=2.15 yaw=1.18438 score=0.969802 valid=1 mode=tracking state=TRACKING evaluated=789 execution_us=44936 reason=tracking_pose_accepted
x=3.24997 y=2.15 yaw=1.18344 score=0.972529 valid=1 mode=tracking state=TRACKING evaluated=789 execution_us=44356 reason=tracking_pose_accepted
x=3.24997 y=2.15 yaw=1.18251 score=0.973522 valid=1 mode=tracking state=TRACKING evaluated=789 execution_us=44152 reason=tracking_pose_accepted
x=3.24997 y=2.15 yaw=1.18158 score=0.968822 valid=1 mode=tracking state=TRACKING evaluated=789 execution_us=44173 reason=tracking_pose_accepted
x=3.24997 y=2.15 yaw=1.18064 score=0.969391 valid=1 mode=tracking state=TRACKING evaluated=789 execution_us=44243 reason=tracking_pose_accepted
x=3.24997 y=2.15 yaw=1.17971 score=0.972074 valid=1 mode=tracking state=TRACKING evaluated=789 execution_us=43837 reason=tracking_pose_accepted
x=3.24997 y=2.15 yaw=1.17877 score=0.968434 valid=1 mode=tracking state=TRACKING evaluated=789 execution_us=44642 reason=tracking_pose_accepted
x=3.24997 y=2.15 yaw=1.17784 score=0.969809 valid=1 mode=tracking state=TRACKING evaluated=789 execution_us=45002 reason=tracking_pose_accepted
x=3.24997 y=2.15 yaw=1.17691 score=0.967849 valid=1 mode=tracking state=TRACKING evaluated=789 execution_us=44130 reason=tracking_pose_accepted
x=3.24997 y=2.15 yaw=1.17597 score=0.967833 valid=1 mode=tracking state=TRACKING evaluated=789 execution_us=45034 reason=tracking_pose_accepted
x=3.24997 y=2.15 yaw=1.17504 score=0.969198 valid=1 mode=tracking state=TRACKING evaluated=789 execution_us=44466 reason=tracking_pose_accepted
x=3.24997 y=2.15 yaw=1.1741 score=0.967849 valid=1 mode=tracking state=TRACKING evaluated=789 execution_us=44275 reason=tracking_pose_accepted
x=3.24997 y=2.15 yaw=1.17317 score=0.966708 valid=1 mode=tracking state=TRACKING evaluated=789 execution_us=44074 reason=tracking_pose_accepted
x=3.24997 y=2.15 yaw=1.17224 score=0.967989 valid=1 mode=tracking state=TRACKING evaluated=789 execution_us=44131 reason=tracking_pose_accepted
x=3.24997 y=2.15 yaw=1.18875 score=0.966287 valid=1 mode=tracking state=TRACKING evaluated=789 execution_us=44668 reason=tracking_pose_accepted
x=3.24997 y=2.15 yaw=1.18782 score=0.969259 valid=1 mode=tracking state=TRACKING evaluated=789 execution_us=44804 reason=tracking_pose_accepted
x=3.24997 y=2.15 yaw=1.18689 score=0.970609 valid=1 mode=tracking state=TRACKING evaluated=789 execution_us=43888 reason=tracking_pose_accepted
x=3.24997 y=2.15 yaw=1.18595 score=0.966082 valid=1 mode=tracking state=TRACKING evaluated=789 execution_us=48719 reason=tracking_pose_accepted
x=3.24997 y=2.15 yaw=1.18502 score=0.973788 valid=1 mode=tracking state=TRACKING evaluated=789 execution_us=44447 reason=tracking_pose_accepted
x=3.24997 y=2.15 yaw=1.18408 score=0.973632 valid=1 mode=tracking state=TRACKING evaluated=789 execution_us=44646 reason=tracking_pose_accepted
x=3.24997 y=2.15 yaw=1.18315 score=0.973197 valid=1 mode=tracking state=TRACKING evaluated=789 execution_us=43843 reason=tracking_pose_accepted
x=3.24997 y=2.15 yaw=1.18222 score=0.969303 valid=1 mode=tracking state=TRACKING evaluated=789 execution_us=44064 reason=tracking_pose_accepted
x=3.24997 y=2.15 yaw=1.18128 score=0.969728 valid=1 mode=tracking state=TRACKING evaluated=789 execution_us=44226 reason=tracking_pose_accepted
x=3.24997 y=2.15 yaw=1.18035 score=0.968996 valid=1 mode=tracking state=TRACKING evaluated=789 execution_us=44494 reason=tracking_pose_accepted
x=3.24997 y=2.15 yaw=1.17941 score=0.969383 valid=1 mode=tracking state=TRACKING evaluated=789 execution_us=43934 reason=tracking_pose_accepted
x=3.24997 y=2.15 yaw=1.17848 score=0.969829 valid=1 mode=tracking state=TRACKING evaluated=789 execution_us=43827 reason=tracking_pose_accepted
x=3.24997 y=2.15 yaw=1.195 score=0.971836 valid=1 mode=tracking state=TRACKING evaluated=789 execution_us=44382 reason=tracking_pose_accepted
x=3.24997 y=2.15 yaw=1.19406 score=0.970817 valid=1 mode=tracking state=TRACKING evaluated=789 execution_us=44382 reason=tracking_pose_accepted
x=3.24997 y=2.1 yaw=1.17568 score=0.970935 valid=1 mode=tracking state=TRACKING evaluated=789 execution_us=44211 reason=tracking_pose_accepted
x=3.24997 y=2.1 yaw=1.17474 score=0.970716 valid=1 mode=tracking state=TRACKING evaluated=807 execution_us=45565 reason=tracking_pose_accepted
x=3.24997 y=2.1 yaw=1.19126 score=0.971803 valid=1 mode=tracking state=TRACKING evaluated=807 execution_us=45217 reason=tracking_pose_accepted
x=3.24997 y=2.05 yaw=1.19033 score=0.975554 valid=1 mode=tracking state=TRACKING evaluated=807 execution_us=45827 reason=tracking_pose_accepted
x=3.24997 y=2 yaw=1.17194 score=0.968953 valid=1 mode=tracking state=TRACKING evaluated=807 execution_us=46590 reason=tracking_pose_accepted
x=3.19997 y=1.95 yaw=1.1361 score=0.964309 valid=1 mode=tracking state=TRACKING evaluated=807 execution_us=45158 reason=tracking_pose_accepted
x=3.19997 y=1.9 yaw=1.08281 score=0.975402 valid=1 mode=tracking state=TRACKING evaluated=789 execution_us=45056 reason=tracking_pose_accepted
x=3.19997 y=1.85 yaw=1.06442 score=0.973489 valid=1 mode=tracking state=TRACKING evaluated=807 execution_us=45422 reason=tracking_pose_accepted
x=3.19997 y=1.8 yaw=1.06348 score=0.985088 valid=1 mode=tracking state=TRACKING evaluated=789 execution_us=44147 reason=tracking_pose_accepted
x=3.19997 y=1.75 yaw=1.01019 score=0.982749 valid=1 mode=tracking state=TRACKING evaluated=807 execution_us=45490 reason=tracking_pose_accepted
x=3.19997 y=1.7 yaw=0.974349 score=0.980494 valid=1 mode=tracking state=TRACKING evaluated=789 execution_us=44059 reason=tracking_pose_accepted
x=3.19997 y=1.65 yaw=1.00832 score=0.979305 valid=1 mode=tracking state=TRACKING evaluated=807 execution_us=46712 reason=tracking_pose_accepted
x=3.19997 y=1.65 yaw=1.00739 score=0.978553 valid=1 mode=tracking state=TRACKING evaluated=807 execution_us=45149 reason=tracking_pose_accepted
x=3.19997 y=1.6 yaw=1.02391 score=0.981872 valid=1 mode=tracking state=TRACKING evaluated=807 execution_us=45596 reason=tracking_pose_accepted
x=3.19997 y=1.55 yaw=1.00552 score=0.978987 valid=1 mode=tracking state=TRACKING evaluated=807 execution_us=46100 reason=tracking_pose_accepted
x=3.19997 y=1.55 yaw=1.00459 score=0.98315 valid=1 mode=tracking state=TRACKING evaluated=807 execution_us=46049 reason=tracking_pose_accepted
x=3.19997 y=1.55 yaw=1.00365 score=0.977129 valid=1 mode=tracking state=TRACKING evaluated=807 execution_us=45365 reason=tracking_pose_accepted
x=3.19997 y=1.5 yaw=1.00272 score=0.978598 valid=1 mode=tracking state=TRACKING evaluated=807 execution_us=46204 reason=tracking_pose_accepted
x=3.19997 y=1.5 yaw=1.03669 score=0.981088 valid=1 mode=tracking state=TRACKING evaluated=807 execution_us=45585 reason=tracking_pose_accepted
x=3.24997 y=1.5 yaw=1.05321 score=0.982459 valid=1 mode=tracking state=TRACKING evaluated=807 execution_us=45949 reason=tracking_pose_accepted
x=3.24997 y=1.5 yaw=1.06973 score=0.98266 valid=1 mode=tracking state=TRACKING evaluated=807 execution_us=46074 reason=tracking_pose_accepted
x=3.19997 y=1.5 yaw=1.06879 score=0.982434 valid=1 mode=tracking state=TRACKING evaluated=807 execution_us=45893 reason=tracking_pose_accepted
x=3.24997 y=1.5 yaw=1.08531 score=0.980624 valid=1 mode=tracking state=TRACKING evaluated=807 execution_us=46145 reason=tracking_pose_accepted
x=3.24997 y=1.5 yaw=1.04947 score=0.977469 valid=1 mode=tracking state=TRACKING evaluated=807 execution_us=45746 reason=tracking_pose_accepted
x=3.24997 y=1.5 yaw=1.04854 score=0.985259 valid=1 mode=tracking state=TRACKING evaluated=807 execution_us=45947 reason=tracking_pose_accepted
x=3.24997 y=1.5 yaw=1.06506 score=0.987009 valid=1 mode=tracking state=TRACKING evaluated=807 execution_us=45783 reason=tracking_pose_accepted
x=3.24997 y=1.5 yaw=1.09903 score=0.981893 valid=1 mode=tracking state=TRACKING evaluated=807 execution_us=46089 reason=tracking_pose_accepted
x=3.24997 y=1.5 yaw=1.15046 score=0.983566 valid=1 mode=tracking state=TRACKING evaluated=807 execution_us=45793 reason=tracking_pose_accepted
x=3.24997 y=1.5 yaw=1.16697 score=0.986848 valid=1 mode=tracking state=TRACKING evaluated=807 execution_us=45995 reason=tracking_pose_accepted
x=3.24997 y=1.5 yaw=1.16604 score=0.983351 valid=1 mode=tracking state=TRACKING evaluated=807 execution_us=46063 reason=tracking_pose_accepted
x=3.24997 y=1.5 yaw=1.16511 score=0.987592 valid=1 mode=tracking state=TRACKING evaluated=807 execution_us=46238 reason=tracking_pose_accepted
x=3.24997 y=1.5 yaw=1.16417 score=0.983862 valid=1 mode=tracking state=TRACKING evaluated=807 execution_us=46332 reason=tracking_pose_accepted
x=3.24997 y=1.5 yaw=1.18069 score=0.987055 valid=1 mode=tracking state=TRACKING evaluated=807 execution_us=46054 reason=tracking_pose_accepted
x=3.24997 y=1.5 yaw=1.1623 score=0.982559 valid=1 mode=tracking state=TRACKING evaluated=807 execution_us=46279 reason=tracking_pose_accepted
x=3.24997 y=1.5 yaw=1.17882 score=0.987641 valid=1 mode=tracking state=TRACKING evaluated=807 execution_us=45511 reason=tracking_pose_accepted
x=3.24997 y=1.5 yaw=1.17789 score=0.986928 valid=1 mode=tracking state=TRACKING evaluated=807 execution_us=45783 reason=tracking_pose_accepted
x=3.24997 y=1.5 yaw=1.17695 score=0.987471 valid=1 mode=tracking state=TRACKING evaluated=807 execution_us=45937 reason=tracking_pose_accepted
x=3.24997 y=1.5 yaw=1.17602 score=0.981114 valid=1 mode=tracking state=TRACKING evaluated=807 execution_us=45862 reason=tracking_pose_accepted
x=3.24997 y=1.5 yaw=1.17509 score=0.986063 valid=1 mode=tracking state=TRACKING evaluated=807 execution_us=45756 reason=tracking_pose_accepted
x=3.24997 y=1.5 yaw=1.1567 score=0.988408 valid=1 mode=tracking state=TRACKING evaluated=807 execution_us=45620 reason=tracking_pose_accepted
x=3.24997 y=1.5 yaw=1.15576 score=0.987132 valid=1 mode=tracking state=TRACKING evaluated=807 execution_us=46146 reason=tracking_pose_accepted
x=3.24997 y=1.5 yaw=1.15483 score=0.982413 valid=1 mode=tracking state=TRACKING evaluated=807 execution_us=46563 reason=tracking_pose_accepted
x=3.24997 y=1.5 yaw=1.17135 score=0.982912 valid=1 mode=tracking state=TRACKING evaluated=807 execution_us=45528 reason=tracking_pose_accepted
x=3.24997 y=1.5 yaw=1.17042 score=0.986908 valid=1 mode=tracking state=TRACKING evaluated=807 execution_us=45768 reason=tracking_pose_accepted
x=3.24997 y=1.5 yaw=1.16948 score=0.987036 valid=1 mode=tracking state=TRACKING evaluated=807 execution_us=45640 reason=tracking_pose_accepted
x=3.24997 y=1.5 yaw=1.16855 score=0.985864 valid=1 mode=tracking state=TRACKING evaluated=807 execution_us=46073 reason=tracking_pose_accepted
x=3.24997 y=1.5 yaw=1.16761 score=0.987065 valid=1 mode=tracking state=TRACKING evaluated=807 execution_us=46006 reason=tracking_pose_accepted
x=3.24997 y=1.5 yaw=1.16668 score=0.987022 valid=1 mode=tracking state=TRACKING evaluated=807 execution_us=45985 reason=tracking_pose_accepted
x=3.24997 y=1.5 yaw=1.16574 score=0.990883 valid=1 mode=tracking state=TRACKING evaluated=807 execution_us=45650 reason=tracking_pose_accepted
x=3.24997 y=1.5 yaw=1.16481 score=0.984544 valid=1 mode=tracking state=TRACKING evaluated=807 execution_us=46321 reason=tracking_pose_accepted
x=3.24997 y=1.5 yaw=1.16388 score=0.986848 valid=1 mode=tracking state=TRACKING evaluated=807 execution_us=45560 reason=tracking_pose_accepted
x=3.24997 y=1.5 yaw=1.16294 score=0.984954 valid=1 mode=tracking state=TRACKING evaluated=807 execution_us=46328 reason=tracking_pose_accepted
x=3.24997 y=1.5 yaw=1.16201 score=0.985524 valid=1 mode=tracking state=TRACKING evaluated=807 execution_us=46300 reason=tracking_pose_accepted
x=3.24997 y=1.5 yaw=1.16107 score=0.987505 valid=1 mode=tracking state=TRACKING evaluated=807 execution_us=45862 reason=tracking_pose_accepted
x=3.24997 y=1.5 yaw=1.16014 score=0.988927 valid=1 mode=tracking state=TRACKING evaluated=807 execution_us=46013 reason=tracking_pose_accepted
x=3.24997 y=1.5 yaw=1.15921 score=0.985454 valid=1 mode=tracking state=TRACKING evaluated=807 execution_us=47268 reason=tracking_pose_accepted
x=3.24997 y=1.5 yaw=1.15827 score=0.983781 valid=1 mode=tracking state=TRACKING evaluated=807 execution_us=46088 reason=tracking_pose_accepted
x=3.24997 y=1.5 yaw=1.15734 score=0.982623 valid=1 mode=tracking state=TRACKING evaluated=807 execution_us=46513 reason=tracking_pose_accepted
x=3.24997 y=1.5 yaw=1.17386 score=0.98541 valid=1 mode=tracking state=TRACKING evaluated=807 execution_us=45711 reason=tracking_pose_accepted
x=3.24997 y=1.5 yaw=1.17292 score=0.984804 valid=1 mode=tracking state=TRACKING evaluated=807 execution_us=46169 reason=tracking_pose_accepted
x=3.24997 y=1.5 yaw=1.17199 score=0.982208 valid=1 mode=tracking state=TRACKING evaluated=807 execution_us=46409 reason=tracking_pose_accepted
x=3.24997 y=1.5 yaw=1.17105 score=0.984765 valid=1 mode=tracking state=TRACKING evaluated=807 execution_us=46297 reason=tracking_pose_accepted
x=3.24997 y=1.5 yaw=1.17012 score=0.98726 valid=1 mode=tracking state=TRACKING evaluated=807 execution_us=45947 reason=tracking_pose_accepted
x=3.24997 y=1.5 yaw=1.16919 score=0.987662 valid=1 mode=tracking state=TRACKING evaluated=807 execution_us=46201 reason=tracking_pose_accepted
x=3.24997 y=1.5 yaw=1.16825 score=0.986114 valid=1 mode=tracking state=TRACKING evaluated=807 execution_us=46048 reason=tracking_pose_accepted
x=3.24997 y=1.5 yaw=1.16732 score=0.989711 valid=1 mode=tracking state=TRACKING evaluated=807 execution_us=45873 reason=tracking_pose_accepted
x=3.24997 y=1.5 yaw=1.16638 score=0.989569 valid=1 mode=tracking state=TRACKING evaluated=807 execution_us=45911 reason=tracking_pose_accepted
x=3.24997 y=1.5 yaw=1.16545 score=0.986755 valid=1 mode=tracking state=TRACKING evaluated=807 execution_us=46228 reason=tracking_pose_accepted
x=3.24997 y=1.5 yaw=1.16452 score=0.986525 valid=1 mode=tracking state=TRACKING evaluated=807 execution_us=46619 reason=tracking_pose_accepted
x=3.24997 y=1.5 yaw=1.16358 score=0.986755 valid=1 mode=tracking state=TRACKING evaluated=807 execution_us=45985 reason=tracking_pose_accepted
x=3.24997 y=1.5 yaw=1.16265 score=0.984624 valid=1 mode=tracking state=TRACKING evaluated=807 execution_us=46104 reason=tracking_pose_accepted
x=3.24997 y=1.5 yaw=1.16171 score=0.985892 valid=1 mode=tracking state=TRACKING evaluated=807 execution_us=45960 reason=tracking_pose_accepted
x=3.24997 y=1.5 yaw=1.16078 score=0.985554 valid=1 mode=tracking state=TRACKING evaluated=807 execution_us=46015 reason=tracking_pose_accepted
x=3.24997 y=1.5 yaw=1.15984 score=0.989133 valid=1 mode=tracking state=TRACKING evaluated=807 execution_us=45580 reason=tracking_pose_accepted
x=3.24997 y=1.5 yaw=1.15891 score=0.988689 valid=1 mode=tracking state=TRACKING evaluated=807 execution_us=45799 reason=tracking_pose_accepted
x=3.24997 y=1.5 yaw=1.15798 score=0.984505 valid=1 mode=tracking state=TRACKING evaluated=807 execution_us=45711 reason=tracking_pose_accepted
x=3.24997 y=1.5 yaw=1.15704 score=0.984506 valid=1 mode=tracking state=TRACKING evaluated=807 execution_us=46806 reason=tracking_pose_accepted
x=3.24997 y=1.5 yaw=1.17356 score=0.987943 valid=1 mode=tracking state=TRACKING evaluated=807 execution_us=45536 reason=tracking_pose_accepted
x=3.24997 y=1.5 yaw=1.17263 score=0.980222 valid=1 mode=tracking state=TRACKING evaluated=807 execution_us=46044 reason=tracking_pose_accepted
x=3.24997 y=1.5 yaw=1.17169 score=0.983373 valid=1 mode=tracking state=TRACKING evaluated=807 execution_us=46393 reason=tracking_pose_accepted
x=3.24997 y=1.5 yaw=1.17076 score=0.984204 valid=1 mode=tracking state=TRACKING evaluated=807 execution_us=45753 reason=tracking_pose_accepted
x=3.24997 y=1.5 yaw=1.16983 score=0.987355 valid=1 mode=tracking state=TRACKING evaluated=807 execution_us=45934 reason=tracking_pose_accepted
x=3.24997 y=1.5 yaw=1.16889 score=0.989266 valid=1 mode=tracking state=TRACKING evaluated=807 execution_us=45832 reason=tracking_pose_accepted
x=3.24997 y=1.5 yaw=1.16796 score=0.987355 valid=1 mode=tracking state=TRACKING evaluated=807 execution_us=45960 reason=tracking_pose_accepted
x=3.24997 y=1.5 yaw=1.16702 score=0.986755 valid=1 mode=tracking state=TRACKING evaluated=807 execution_us=45935 reason=tracking_pose_accepted
x=3.24997 y=1.5 yaw=1.16609 score=0.985324 valid=1 mode=tracking state=TRACKING evaluated=807 execution_us=45782 reason=tracking_pose_accepted
x=3.24997 y=1.5 yaw=1.16515 score=0.991209 valid=1 mode=tracking state=TRACKING evaluated=807 execution_us=45745 reason=tracking_pose_accepted
x=3.24997 y=1.5 yaw=1.16422 score=0.990201 valid=1 mode=tracking state=TRACKING evaluated=807 execution_us=46099 reason=tracking_pose_accepted
x=3.24997 y=1.5 yaw=1.16329 score=0.98775 valid=1 mode=tracking state=TRACKING evaluated=807 execution_us=45385 reason=tracking_pose_accepted
x=3.24997 y=1.5 yaw=1.16235 score=0.986755 valid=1 mode=tracking state=TRACKING evaluated=807 execution_us=45967 reason=tracking_pose_accepted
x=3.24997 y=1.5 yaw=1.16142 score=0.986755 valid=1 mode=tracking state=TRACKING evaluated=807 execution_us=46127 reason=tracking_pose_accepted
x=3.24997 y=1.5 yaw=1.16048 score=0.983383 valid=1 mode=tracking state=TRACKING evaluated=807 execution_us=45989 reason=tracking_pose_accepted
x=3.24997 y=1.5 yaw=1.15955 score=0.988115 valid=1 mode=tracking state=TRACKING evaluated=807 execution_us=45696 reason=tracking_pose_accepted
x=3.24997 y=1.5 yaw=1.15862 score=0.98725 valid=1 mode=tracking state=TRACKING evaluated=807 execution_us=45937 reason=tracking_pose_accepted
x=3.24997 y=1.5 yaw=1.15768 score=0.983764 valid=1 mode=tracking state=TRACKING evaluated=807 execution_us=46142 reason=tracking_pose_accepted
x=3.24997 y=1.5 yaw=1.1742 score=0.984293 valid=1 mode=tracking state=TRACKING evaluated=807 execution_us=45846 reason=tracking_pose_accepted
x=3.24997 y=1.5 yaw=1.17327 score=0.986315 valid=1 mode=tracking state=TRACKING evaluated=807 execution_us=46018 reason=tracking_pose_accepted
x=3.24997 y=1.5 yaw=1.17233 score=0.985854 valid=1 mode=tracking state=TRACKING evaluated=807 execution_us=46960 reason=tracking_pose_accepted
x=3.24997 y=1.5 yaw=1.1714 score=0.983904 valid=1 mode=tracking state=TRACKING evaluated=807 execution_us=46537 reason=tracking_pose_accepted
x=3.24997 y=1.5 yaw=1.17046 score=0.986755 valid=1 mode=tracking state=TRACKING evaluated=807 execution_us=46058 reason=tracking_pose_accepted
x=3.24997 y=1.5 yaw=1.16953 score=0.986525 valid=1 mode=tracking state=TRACKING evaluated=807 execution_us=46241 reason=tracking_pose_accepted
x=3.24997 y=1.5 yaw=1.1686 score=0.987433 valid=1 mode=tracking state=TRACKING evaluated=807 execution_us=46180 reason=tracking_pose_accepted
x=3.24997 y=1.5 yaw=1.16766 score=0.987055 valid=1 mode=tracking state=TRACKING evaluated=807 execution_us=46366 reason=tracking_pose_accepted
x=3.24997 y=1.5 yaw=1.16673 score=0.99058 valid=1 mode=tracking state=TRACKING evaluated=807 execution_us=46230 reason=tracking_pose_accepted
x=3.24997 y=1.5 yaw=1.16579 score=0.987055 valid=1 mode=tracking state=TRACKING evaluated=807 execution_us=46176 reason=tracking_pose_accepted
x=3.24997 y=1.5 yaw=1.16486 score=0.986224 valid=1 mode=tracking state=TRACKING evaluated=807 execution_us=46188 reason=tracking_pose_accepted
x=3.24997 y=1.5 yaw=1.16393 score=0.986224 valid=1 mode=tracking state=TRACKING evaluated=807 execution_us=46604 reason=tracking_pose_accepted
x=3.24997 y=1.5 yaw=1.16299 score=0.989697 valid=1 mode=tracking state=TRACKING evaluated=807 execution_us=45709 reason=tracking_pose_accepted
x=3.24997 y=1.5 yaw=1.16206 score=0.986755 valid=1 mode=tracking state=TRACKING evaluated=807 execution_us=46204 reason=tracking_pose_accepted
x=3.24997 y=1.5 yaw=1.16112 score=0.985928 valid=1 mode=tracking state=TRACKING evaluated=807 execution_us=46167 reason=tracking_pose_accepted
x=3.24997 y=1.5 yaw=1.16019 score=0.986905 valid=1 mode=tracking state=TRACKING evaluated=807 execution_us=46051 reason=tracking_pose_accepted
x=3.24997 y=1.5 yaw=1.15925 score=0.987487 valid=1 mode=tracking state=TRACKING evaluated=807 execution_us=45707 reason=tracking_pose_accepted
x=3.24997 y=1.5 yaw=1.15832 score=0.983463 valid=1 mode=tracking state=TRACKING evaluated=807 execution_us=45843 reason=tracking_pose_accepted
x=3.24997 y=1.5 yaw=1.15739 score=0.984254 valid=1 mode=tracking state=TRACKING evaluated=807 execution_us=46015 reason=tracking_pose_accepted
x=3.24997 y=1.5 yaw=1.17391 score=0.984193 valid=1 mode=tracking state=TRACKING evaluated=807 execution_us=46157 reason=tracking_pose_accepted
x=3.24997 y=1.5 yaw=1.15552 score=0.981743 valid=1 mode=tracking state=TRACKING evaluated=807 execution_us=45743 reason=tracking_pose_accepted
x=3.24997 y=1.5 yaw=1.17204 score=0.984153 valid=1 mode=tracking state=TRACKING evaluated=807 execution_us=45739 reason=tracking_pose_accepted
x=3.24997 y=1.5 yaw=1.1711 score=0.989455 valid=1 mode=tracking state=TRACKING evaluated=807 execution_us=45943 reason=tracking_pose_accepted
x=3.24997 y=1.5 yaw=1.17017 score=0.989623 valid=1 mode=tracking state=TRACKING evaluated=807 execution_us=45893 reason=tracking_pose_accepted
x=3.24997 y=1.5 yaw=1.16923 score=0.985917 valid=1 mode=tracking state=TRACKING evaluated=807 execution_us=45695 reason=tracking_pose_accepted
x=3.24997 y=1.5 yaw=1.1683 score=0.978984 valid=1 mode=tracking state=TRACKING evaluated=807 execution_us=45904 reason=tracking_pose_accepted
x=3.24997 y=1.5 yaw=1.14991 score=0.98005 valid=1 mode=tracking state=TRACKING evaluated=807 execution_us=45849 reason=tracking_pose_accepted
x=3.24996 y=1.5 yaw=1.14898 score=0.980724 valid=1 mode=tracking state=TRACKING evaluated=807 execution_us=46154 reason=tracking_pose_accepted
x=3.19996 y=1.55 yaw=1.09568 score=0.975113 valid=1 mode=tracking state=TRACKING evaluated=807 execution_us=45144 reason=tracking_pose_accepted
x=3.14996 y=1.6 yaw=0.955124 score=0.939642 valid=1 mode=tracking state=TRACKING evaluated=807 execution_us=45529 reason=tracking_pose_accepted
x=3.14996 y=1.7 yaw=0.709844 score=0.869532 valid=0 mode=tracking state=DEGRADED evaluated=807 execution_us=45486 reason=tracking_score_below_threshold
x=3.09996 y=1.75 yaw=0.430591 score=0.867558 valid=0 mode=tracking state=DEGRADED evaluated=807 execution_us=45561 reason=tracking_score_below_threshold
x=3.14996 y=1.9 yaw=0.360778 score=0.651474 valid=0 mode=tracking state=LOST evaluated=807 execution_us=45813 reason=rejection_limit_reached
x=3 y=1.8 yaw=0.0654495 score=0.966677 valid=1 mode=global state=RECOVERED evaluated=15444 execution_us=869375 reason=global_relocalization_accepted
x=2.4 y=1.45 yaw=0.413581 score=0.565378 valid=0 mode=tracking state=DEGRADED evaluated=807 execution_us=45634 reason=tracking_score_below_threshold
x=2.35 y=1.35 yaw=0.256502 score=0.577359 valid=0 mode=tracking state=DEGRADED evaluated=807 execution_us=45352 reason=tracking_score_below_threshold
x=2.35 y=1.35 yaw=0.047062 score=0.564054 valid=0 mode=tracking state=LOST evaluated=807 execution_us=45726 reason=rejection_limit_reached
x=2.5 y=2.1 yaw=-1.5708 score=0.950759 valid=1 mode=global state=RECOVERED evaluated=15444 execution_us=855341 reason=global_relocalization_accepted
x=2.2 y=2.15 yaw=-1.83353 score=0.975104 valid=1 mode=tracking state=RECOVERED evaluated=807 execution_us=46657 reason=recovery_confirmation_pending
x=2.15 y=2.2 yaw=-1.83446 score=0.957794 valid=1 mode=tracking state=RECOVERED evaluated=789 execution_us=45176 reason=recovery_confirmation_pending
x=2.1 y=2.2 yaw=-1.88776 score=0.979432 valid=1 mode=tracking state=TRACKING evaluated=789 execution_us=44020 reason=recovery_confirmed
x=2.1 y=2.2 yaw=-1.87124 score=0.966355 valid=1 mode=tracking state=TRACKING evaluated=807 execution_us=44598 reason=tracking_pose_accepted
x=2.05 y=2.2 yaw=-1.85472 score=0.978349 valid=1 mode=tracking state=TRACKING evaluated=807 execution_us=44519 reason=tracking_pose_accepted
x=2 y=2.2 yaw=-1.85565 score=0.980897 valid=1 mode=tracking state=TRACKING evaluated=807 execution_us=45267 reason=tracking_pose_accepted
x=1.95 y=2.25 yaw=-1.8915 score=0.97386 valid=1 mode=tracking state=TRACKING evaluated=807 execution_us=44474 reason=tracking_pose_accepted
x=1.95 y=2.25 yaw=-1.89243 score=0.968689 valid=1 mode=tracking state=TRACKING evaluated=807 execution_us=44711 reason=tracking_pose_accepted
x=1.9 y=2.2 yaw=-1.85846 score=0.977104 valid=1 mode=tracking state=TRACKING evaluated=807 execution_us=45256 reason=tracking_pose_accepted
x=1.85 y=2.25 yaw=-1.78958 score=0.977328 valid=1 mode=tracking state=TRACKING evaluated=807 execution_us=45870 reason=tracking_pose_accepted
x=1.8 y=2.3 yaw=-1.84287 score=0.963371 valid=1 mode=tracking state=TRACKING evaluated=807 execution_us=44407 reason=tracking_pose_accepted
x=1.75 y=2.3 yaw=-1.91362 score=0.955798 valid=1 mode=tracking state=TRACKING evaluated=807 execution_us=45027 reason=tracking_pose_accepted
x=1.7 y=2.3 yaw=-2.00182 score=0.971701 valid=1 mode=tracking state=TRACKING evaluated=807 execution_us=45066 reason=tracking_pose_accepted
x=1.65 y=2.3 yaw=-2.03766 score=0.968041 valid=1 mode=tracking state=TRACKING evaluated=789 execution_us=44039 reason=tracking_pose_accepted
x=1.65 y=2.3 yaw=-2.09095 score=0.965449 valid=1 mode=tracking state=TRACKING evaluated=807 execution_us=44560 reason=tracking_pose_accepted
x=1.6 y=2.3 yaw=-2.1268 score=0.963969 valid=1 mode=tracking state=TRACKING evaluated=807 execution_us=44616 reason=tracking_pose_accepted
x=1.55 y=2.35 yaw=-2.14518 score=0.976906 valid=1 mode=tracking state=TRACKING evaluated=807 execution_us=44247 reason=tracking_pose_accepted
x=1.5 y=2.35 yaw=-2.18102 score=0.978573 valid=1 mode=tracking state=TRACKING evaluated=807 execution_us=43877 reason=tracking_pose_accepted
x=1.45 y=2.35 yaw=-2.18196 score=0.96897 valid=1 mode=tracking state=TRACKING evaluated=807 execution_us=44300 reason=tracking_pose_accepted
x=1.45 y=2.4 yaw=-2.18289 score=0.973048 valid=1 mode=tracking state=TRACKING evaluated=807 execution_us=45280 reason=tracking_pose_accepted
x=1.4 y=2.39999 yaw=-2.11401 score=0.978391 valid=1 mode=tracking state=TRACKING evaluated=807 execution_us=45029 reason=tracking_pose_accepted
x=1.35 y=2.39999 yaw=-2.1324 score=0.969371 valid=1 mode=tracking state=TRACKING evaluated=807 execution_us=45774 reason=tracking_pose_accepted
x=1.35 y=2.39999 yaw=-2.13334 score=0.967507 valid=1 mode=tracking state=TRACKING evaluated=807 execution_us=45046 reason=tracking_pose_accepted
x=1.3 y=2.39999 yaw=-2.16918 score=0.978832 valid=1 mode=tracking state=TRACKING evaluated=807 execution_us=45272 reason=tracking_pose_accepted
x=1.25 y=2.39999 yaw=-2.15266 score=0.972765 valid=1 mode=tracking state=TRACKING evaluated=807 execution_us=44964 reason=tracking_pose_accepted
x=1.2 y=2.44999 yaw=-2.15359 score=0.977614 valid=1 mode=tracking state=TRACKING evaluated=807 execution_us=44772 reason=tracking_pose_accepted
x=1.15 y=2.44999 yaw=-2.15453 score=0.983701 valid=1 mode=tracking state=TRACKING evaluated=807 execution_us=45464 reason=tracking_pose_accepted
x=1.1 y=2.44999 yaw=-2.13801 score=0.983483 valid=1 mode=tracking state=TRACKING evaluated=807 execution_us=45626 reason=tracking_pose_accepted
x=1.05 y=2.44999 yaw=-2.12149 score=0.98508 valid=1 mode=tracking state=TRACKING evaluated=807 execution_us=45306 reason=tracking_pose_accepted
x=1 y=2.44999 yaw=-2.13988 score=0.969996 valid=1 mode=tracking state=TRACKING evaluated=807 execution_us=44675 reason=tracking_pose_accepted
x=1 y=2.44999 yaw=-2.1059 score=0.951403 valid=1 mode=tracking state=TRACKING evaluated=807 execution_us=45340 reason=tracking_pose_accepted
x=0.95 y=2.49999 yaw=-2.10684 score=0.974991 valid=1 mode=tracking state=TRACKING evaluated=807 execution_us=45052 reason=tracking_pose_accepted
x=0.95 y=2.49999 yaw=-2.09032 score=0.960561 valid=1 mode=tracking state=TRACKING evaluated=807 execution_us=46828 reason=tracking_pose_accepted
x=0.9 y=2.44999 yaw=-2.05635 score=0.964573 valid=1 mode=tracking state=TRACKING evaluated=807 execution_us=45155 reason=tracking_pose_accepted
x=0.9 y=2.44999 yaw=-2.02237 score=0.971096 valid=1 mode=tracking state=TRACKING evaluated=807 execution_us=45484 reason=tracking_pose_accepted
x=0.9 y=2.44999 yaw=-2.02331 score=0.959037 valid=1 mode=tracking state=TRACKING evaluated=807 execution_us=45709 reason=tracking_pose_accepted
x=0.85 y=2.44999 yaw=-2.00679 score=0.970777 valid=1 mode=tracking state=TRACKING evaluated=807 execution_us=45024 reason=tracking_pose_accepted
x=0.85 y=2.44999 yaw=-1.97282 score=0.978862 valid=1 mode=tracking state=TRACKING evaluated=807 execution_us=45768 reason=tracking_pose_accepted
x=0.85 y=2.44999 yaw=-1.9563 score=0.977372 valid=1 mode=tracking state=TRACKING evaluated=807 execution_us=45684 reason=tracking_pose_accepted
x=0.85 y=2.44999 yaw=-1.97468 score=0.975408 valid=1 mode=tracking state=TRACKING evaluated=807 execution_us=45210 reason=tracking_pose_accepted
x=0.85 y=2.44999 yaw=-1.97562 score=0.973877 valid=1 mode=tracking state=TRACKING evaluated=807 execution_us=45543 reason=tracking_pose_accepted
x=0.85 y=2.44999 yaw=-1.9591 score=0.974561 valid=1 mode=tracking state=TRACKING evaluated=807 execution_us=45194 reason=tracking_pose_accepted
x=0.85 y=2.44999 yaw=-1.96003 score=0.977995 valid=1 mode=tracking state=TRACKING evaluated=807 execution_us=45324 reason=tracking_pose_accepted
x=0.85 y=2.44999 yaw=-1.96097 score=0.974495 valid=1 mode=tracking state=TRACKING evaluated=807 execution_us=45064 reason=tracking_pose_accepted
x=0.85 y=2.44999 yaw=-1.94445 score=0.969661 valid=1 mode=tracking state=TRACKING evaluated=807 execution_us=45410 reason=tracking_pose_accepted
x=0.85 y=2.44999 yaw=-1.92793 score=0.962618 valid=1 mode=tracking state=TRACKING evaluated=807 execution_us=45106 reason=tracking_pose_accepted
x=0.85 y=2.49999 yaw=-1.94631 score=0.956914 valid=1 mode=tracking state=TRACKING evaluated=807 execution_us=45189 reason=tracking_pose_accepted
x=0.85 y=2.49999 yaw=-1.92979 score=0.970854 valid=1 mode=tracking state=TRACKING evaluated=807 execution_us=45183 reason=tracking_pose_accepted
x=0.85 y=2.49999 yaw=-1.93073 score=0.9727 valid=1 mode=tracking state=TRACKING evaluated=807 execution_us=46038 reason=tracking_pose_accepted
x=0.85 y=2.49999 yaw=-1.93166 score=0.974332 valid=1 mode=tracking state=TRACKING evaluated=807 execution_us=45144 reason=tracking_pose_accepted
x=0.85 y=2.49999 yaw=-1.93259 score=0.973083 valid=1 mode=tracking state=TRACKING evaluated=807 execution_us=45897 reason=tracking_pose_accepted
x=0.85 y=2.49999 yaw=-1.96844 score=0.964523 valid=1 mode=tracking state=TRACKING evaluated=807 execution_us=45605 reason=tracking_pose_accepted
x=0.85 y=2.49999 yaw=-2.00428 score=0.971531 valid=1 mode=tracking state=TRACKING evaluated=807 execution_us=45349 reason=tracking_pose_accepted
x=0.85 y=2.49999 yaw=-2.04012 score=0.95674 valid=1 mode=tracking state=TRACKING evaluated=807 execution_us=44851 reason=tracking_pose_accepted
x=0.85 y=2.49999 yaw=-2.00614 score=0.97067 valid=1 mode=tracking state=TRACKING evaluated=807 execution_us=45933 reason=tracking_pose_accepted
x=0.85 y=2.49999 yaw=-1.98962 score=0.967929 valid=1 mode=tracking state=TRACKING evaluated=807 execution_us=44813 reason=tracking_pose_accepted
x=0.85 y=2.49999 yaw=-1.95565 score=0.967947 valid=1 mode=tracking state=TRACKING evaluated=807 execution_us=45193 reason=tracking_pose_accepted
x=0.85 y=2.49999 yaw=-1.93913 score=0.966202 valid=1 mode=tracking state=TRACKING evaluated=807 execution_us=45844 reason=tracking_pose_accepted
x=0.85 y=2.49999 yaw=-1.92261 score=0.968789 valid=1 mode=tracking state=TRACKING evaluated=807 execution_us=45317 reason=tracking_pose_accepted
x=0.85 y=2.49999 yaw=-1.95845 score=0.967999 valid=1 mode=tracking state=TRACKING evaluated=807 execution_us=45811 reason=tracking_pose_accepted
x=0.85 y=2.49999 yaw=-1.99429 score=0.971098 valid=1 mode=tracking state=TRACKING evaluated=807 execution_us=44480 reason=tracking_pose_accepted
x=0.85 y=2.49999 yaw=-2.01268 score=0.979645 valid=1 mode=tracking state=TRACKING evaluated=807 execution_us=44905 reason=tracking_pose_accepted
x=0.85 y=2.49999 yaw=-2.03107 score=0.970104 valid=1 mode=tracking state=TRACKING evaluated=807 execution_us=44973 reason=tracking_pose_accepted
x=0.85 y=2.49999 yaw=-2.01455 score=0.979323 valid=1 mode=tracking state=TRACKING evaluated=807 execution_us=45374 reason=tracking_pose_accepted
x=0.85 y=2.49999 yaw=-1.98058 score=0.980382 valid=1 mode=tracking state=TRACKING evaluated=807 execution_us=45378 reason=tracking_pose_accepted
x=0.85 y=2.49999 yaw=-1.96406 score=0.978279 valid=1 mode=tracking state=TRACKING evaluated=807 execution_us=45412 reason=tracking_pose_accepted
x=0.85 y=2.49999 yaw=-1.94754 score=0.975452 valid=1 mode=tracking state=TRACKING evaluated=807 execution_us=45113 reason=tracking_pose_accepted
x=0.85 y=2.49999 yaw=-1.94847 score=0.980412 valid=1 mode=tracking state=TRACKING evaluated=807 execution_us=45813 reason=tracking_pose_accepted
x=0.85 y=2.49999 yaw=-1.9494 score=0.981484 valid=1 mode=tracking state=TRACKING evaluated=807 execution_us=45536 reason=tracking_pose_accepted
x=0.85 y=2.49999 yaw=-1.98524 score=0.96504 valid=1 mode=tracking state=TRACKING evaluated=807 execution_us=45563 reason=tracking_pose_accepted
x=0.85 y=2.49999 yaw=-1.98618 score=0.956599 valid=1 mode=tracking state=TRACKING evaluated=807 execution_us=45631 reason=tracking_pose_accepted
x=0.85 y=2.49999 yaw=-1.96966 score=0.959149 valid=1 mode=tracking state=TRACKING evaluated=807 execution_us=45467 reason=tracking_pose_accepted
x=0.85 y=2.49999 yaw=-2.0055 score=0.98022 valid=1 mode=tracking state=TRACKING evaluated=807 execution_us=45604 reason=tracking_pose_accepted
x=0.85 y=2.49999 yaw=-1.98898 score=0.978895 valid=1 mode=tracking state=TRACKING evaluated=807 execution_us=45418 reason=tracking_pose_accepted
x=0.85 y=2.49999 yaw=-1.98991 score=0.975143 valid=1 mode=tracking state=TRACKING evaluated=807 execution_us=45366 reason=tracking_pose_accepted
x=0.85 y=2.49999 yaw=-1.99085 score=0.974394 valid=1 mode=tracking state=TRACKING evaluated=807 execution_us=46947 reason=tracking_pose_accepted
x=0.85 y=2.49999 yaw=-1.99178 score=0.976915 valid=1 mode=tracking state=TRACKING evaluated=807 execution_us=45482 reason=tracking_pose_accepted
x=0.85 y=2.49999 yaw=-1.99272 score=0.972305 valid=1 mode=tracking state=TRACKING evaluated=807 execution_us=56595 reason=tracking_pose_accepted
x=0.85 y=2.49999 yaw=-1.9762 score=0.979363 valid=1 mode=tracking state=TRACKING evaluated=807 execution_us=45808 reason=tracking_pose_accepted
x=0.85 y=2.49999 yaw=-2.01204 score=0.952114 valid=1 mode=tracking state=TRACKING evaluated=807 execution_us=45253 reason=tracking_pose_accepted
x=0.85 y=2.49999 yaw=-1.97806 score=0.972763 valid=1 mode=tracking state=TRACKING evaluated=807 execution_us=45202 reason=tracking_pose_accepted
x=0.85 y=2.49999 yaw=-1.96154 score=0.975082 valid=1 mode=tracking state=TRACKING evaluated=807 execution_us=45415 reason=tracking_pose_accepted
x=0.85 y=2.49999 yaw=-1.96248 score=0.976248 valid=1 mode=tracking state=TRACKING evaluated=807 execution_us=45464 reason=tracking_pose_accepted
x=0.85 y=2.49999 yaw=-1.94596 score=0.976987 valid=1 mode=tracking state=TRACKING evaluated=807 execution_us=45516 reason=tracking_pose_accepted
x=0.85 y=2.49999 yaw=-1.94689 score=0.973079 valid=1 mode=tracking state=TRACKING evaluated=807 execution_us=45274 reason=tracking_pose_accepted
x=0.85 y=2.49999 yaw=-1.98273 score=0.965382 valid=1 mode=tracking state=TRACKING evaluated=807 execution_us=45003 reason=tracking_pose_accepted
x=0.85 y=2.49999 yaw=-1.96621 score=0.972569 valid=1 mode=tracking state=TRACKING evaluated=807 execution_us=45680 reason=tracking_pose_accepted
x=0.85 y=2.49999 yaw=-1.96715 score=0.971472 valid=1 mode=tracking state=TRACKING evaluated=807 execution_us=45055 reason=tracking_pose_accepted
x=0.85 y=2.49999 yaw=-1.95063 score=0.975143 valid=1 mode=tracking state=TRACKING evaluated=807 execution_us=44983 reason=tracking_pose_accepted
x=0.85 y=2.49999 yaw=-1.95156 score=0.975184 valid=1 mode=tracking state=TRACKING evaluated=807 execution_us=45010 reason=tracking_pose_accepted
x=0.85 y=2.49999 yaw=-1.9525 score=0.976103 valid=1 mode=tracking state=TRACKING evaluated=807 execution_us=44805 reason=tracking_pose_accepted
x=0.85 y=2.49998 yaw=-1.95343 score=0.974378 valid=1 mode=tracking state=TRACKING evaluated=807 execution_us=45469 reason=tracking_pose_accepted
x=0.85 y=2.49998 yaw=-1.95436 score=0.978144 valid=1 mode=tracking state=TRACKING evaluated=807 execution_us=46941 reason=tracking_pose_accepted
x=0.85 y=2.49998 yaw=-1.9553 score=0.976531 valid=1 mode=tracking state=TRACKING evaluated=807 execution_us=45466 reason=tracking_pose_accepted
x=0.85 y=2.49998 yaw=-1.95623 score=0.976002 valid=1 mode=tracking state=TRACKING evaluated=807 execution_us=45580 reason=tracking_pose_accepted
x=0.85 y=2.49998 yaw=-1.95716 score=0.973272 valid=1 mode=tracking state=TRACKING evaluated=807 execution_us=45156 reason=tracking_pose_accepted
x=0.85 y=2.49998 yaw=-1.9581 score=0.972365 valid=1 mode=tracking state=TRACKING evaluated=807 execution_us=44768 reason=tracking_pose_accepted
x=0.85 y=2.49998 yaw=-1.95903 score=0.973719 valid=1 mode=tracking state=TRACKING evaluated=807 execution_us=45122 reason=tracking_pose_accepted
x=0.85 y=2.49998 yaw=-1.95996 score=0.973374 valid=1 mode=tracking state=TRACKING evaluated=807 execution_us=44892 reason=tracking_pose_accepted
x=0.85 y=2.49998 yaw=-1.9609 score=0.973863 valid=1 mode=tracking state=TRACKING evaluated=807 execution_us=45114 reason=tracking_pose_accepted
x=0.85 y=2.49998 yaw=-1.96183 score=0.975347 valid=1 mode=tracking state=TRACKING evaluated=807 execution_us=45081 reason=tracking_pose_accepted
x=0.85 y=2.49998 yaw=-1.94531 score=0.975187 valid=1 mode=tracking state=TRACKING evaluated=807 execution_us=45190 reason=tracking_pose_accepted
x=0.85 y=2.49998 yaw=-1.9637 score=0.972774 valid=1 mode=tracking state=TRACKING evaluated=807 execution_us=45015 reason=tracking_pose_accepted
x=0.85 y=2.49998 yaw=-1.94718 score=0.973016 valid=1 mode=tracking state=TRACKING evaluated=807 execution_us=45403 reason=tracking_pose_accepted
x=0.85 y=2.49998 yaw=-1.94811 score=0.972241 valid=1 mode=tracking state=TRACKING evaluated=807 execution_us=44828 reason=tracking_pose_accepted
x=0.85 y=2.49998 yaw=-1.9665 score=0.972027 valid=1 mode=tracking state=TRACKING evaluated=807 execution_us=45525 reason=tracking_pose_accepted
x=0.85 y=2.49998 yaw=-1.94998 score=0.97597 valid=1 mode=tracking state=TRACKING evaluated=807 execution_us=44959 reason=tracking_pose_accepted
x=0.85 y=2.49998 yaw=-1.95091 score=0.975305 valid=1 mode=tracking state=TRACKING evaluated=807 execution_us=45486 reason=tracking_pose_accepted
x=0.85 y=2.49998 yaw=-1.95185 score=0.976369 valid=1 mode=tracking state=TRACKING evaluated=807 execution_us=45617 reason=tracking_pose_accepted
x=0.85 y=2.49998 yaw=-1.95278 score=0.9745 valid=1 mode=tracking state=TRACKING evaluated=807 execution_us=45332 reason=tracking_pose_accepted
x=0.85 y=2.49998 yaw=-1.95372 score=0.975549 valid=1 mode=tracking state=TRACKING evaluated=807 execution_us=45040 reason=tracking_pose_accepted
x=0.85 y=2.49998 yaw=-1.95465 score=0.976063 valid=1 mode=tracking state=TRACKING evaluated=807 execution_us=45465 reason=tracking_pose_accepted
x=0.85 y=2.49998 yaw=-1.95558 score=0.97706 valid=1 mode=tracking state=TRACKING evaluated=807 execution_us=45329 reason=tracking_pose_accepted
x=0.85 y=2.49998 yaw=-1.95652 score=0.97513 valid=1 mode=tracking state=TRACKING evaluated=807 execution_us=45794 reason=tracking_pose_accepted
x=0.85 y=2.49998 yaw=-1.95745 score=0.975 valid=1 mode=tracking state=TRACKING evaluated=807 execution_us=45119 reason=tracking_pose_accepted
x=0.85 y=2.49997 yaw=-1.95838 score=0.975306 valid=1 mode=tracking state=TRACKING evaluated=807 execution_us=45117 reason=tracking_pose_accepted
x=0.85 y=2.49997 yaw=-1.95932 score=0.975082 valid=1 mode=tracking state=TRACKING evaluated=807 execution_us=45070 reason=tracking_pose_accepted
x=0.85 y=2.49997 yaw=-1.96025 score=0.973965 valid=1 mode=tracking state=TRACKING evaluated=807 execution_us=45223 reason=tracking_pose_accepted
x=0.85 y=2.49997 yaw=-1.96118 score=0.973532 valid=1 mode=tracking state=TRACKING evaluated=807 execution_us=45473 reason=tracking_pose_accepted
x=0.85 y=2.49997 yaw=-1.96212 score=0.973423 valid=1 mode=tracking state=TRACKING evaluated=807 execution_us=45516 reason=tracking_pose_accepted
x=0.85 y=2.49997 yaw=-1.96305 score=0.973089 valid=1 mode=tracking state=TRACKING evaluated=807 execution_us=45390 reason=tracking_pose_accepted
x=0.85 y=2.49997 yaw=-1.96399 score=0.973856 valid=1 mode=tracking state=TRACKING evaluated=807 execution_us=45558 reason=tracking_pose_accepted
x=0.85 y=2.49997 yaw=-1.96492 score=0.973358 valid=1 mode=tracking state=TRACKING evaluated=807 execution_us=44912 reason=tracking_pose_accepted
x=0.85 y=2.49997 yaw=-1.9484 score=0.972263 valid=1 mode=tracking state=TRACKING evaluated=807 execution_us=45215 reason=tracking_pose_accepted
x=0.85 y=2.49997 yaw=-1.94933 score=0.978351 valid=1 mode=tracking state=TRACKING evaluated=807 execution_us=45910 reason=tracking_pose_accepted
x=0.85 y=2.49997 yaw=-1.95027 score=0.978031 valid=1 mode=tracking state=TRACKING evaluated=807 execution_us=45399 reason=tracking_pose_accepted
x=0.85 y=2.49997 yaw=-1.9512 score=0.974039 valid=1 mode=tracking state=TRACKING evaluated=807 execution_us=45629 reason=tracking_pose_accepted
x=0.85 y=2.49997 yaw=-1.95213 score=0.973655 valid=1 mode=tracking state=TRACKING evaluated=807 execution_us=45249 reason=tracking_pose_accepted
x=0.85 y=2.49997 yaw=-1.95307 score=0.976593 valid=1 mode=tracking state=TRACKING evaluated=807 execution_us=44989 reason=tracking_pose_accepted
x=0.85 y=2.49997 yaw=-1.954 score=0.975312 valid=1 mode=tracking state=TRACKING evaluated=807 execution_us=45020 reason=tracking_pose_accepted
x=0.85 y=2.49997 yaw=-1.95494 score=0.975136 valid=1 mode=tracking state=TRACKING evaluated=807 execution_us=45788 reason=tracking_pose_accepted
x=0.85 y=2.49997 yaw=-1.95587 score=0.975411 valid=1 mode=tracking state=TRACKING evaluated=807 execution_us=44947 reason=tracking_pose_accepted
x=0.85 y=2.49997 yaw=-1.9568 score=0.9748 valid=1 mode=tracking state=TRACKING evaluated=807 execution_us=45533 reason=tracking_pose_accepted
x=0.85 y=2.49997 yaw=-1.95774 score=0.975312 valid=1 mode=tracking state=TRACKING evaluated=807 execution_us=45069 reason=tracking_pose_accepted
x=0.85 y=2.49997 yaw=-1.95867 score=0.975982 valid=1 mode=tracking state=TRACKING evaluated=807 execution_us=45141 reason=tracking_pose_accepted
x=0.85 y=2.49997 yaw=-1.9596 score=0.974311 valid=1 mode=tracking state=TRACKING evaluated=807 execution_us=45016 reason=tracking_pose_accepted
x=0.85 y=2.49997 yaw=-1.96054 score=0.972944 valid=1 mode=tracking state=TRACKING evaluated=807 execution_us=45401 reason=tracking_pose_accepted
x=0.85 y=2.49997 yaw=-1.96147 score=0.972273 valid=1 mode=tracking state=TRACKING evaluated=807 execution_us=44941 reason=tracking_pose_accepted
x=0.85 y=2.49997 yaw=-1.9624 score=0.972631 valid=1 mode=tracking state=TRACKING evaluated=807 execution_us=45145 reason=tracking_pose_accepted
x=0.85 y=2.49997 yaw=-1.96334 score=0.973591 valid=1 mode=tracking state=TRACKING evaluated=807 execution_us=45009 reason=tracking_pose_accepted
x=0.85 y=2.49997 yaw=-1.94682 score=0.973211 valid=1 mode=tracking state=TRACKING evaluated=807 execution_us=45535 reason=tracking_pose_accepted
x=0.85 y=2.49997 yaw=-1.94775 score=0.976052 valid=1 mode=tracking state=TRACKING evaluated=807 execution_us=44924 reason=tracking_pose_accepted
x=0.85 y=2.49997 yaw=-1.96614 score=0.97337 valid=1 mode=tracking state=TRACKING evaluated=807 execution_us=45308 reason=tracking_pose_accepted
x=0.85 y=2.49996 yaw=-1.94962 score=0.975809 valid=1 mode=tracking state=TRACKING evaluated=807 execution_us=45565 reason=tracking_pose_accepted
x=0.85 y=2.49996 yaw=-1.95055 score=0.975723 valid=1 mode=tracking state=TRACKING evaluated=807 execution_us=44793 reason=tracking_pose_accepted
x=0.85 y=2.49996 yaw=-1.95149 score=0.974668 valid=1 mode=tracking state=TRACKING evaluated=807 execution_us=45134 reason=tracking_pose_accepted
x=0.85 y=2.49996 yaw=-1.95242 score=0.977178 valid=1 mode=tracking state=TRACKING evaluated=807 execution_us=45822 reason=tracking_pose_accepted
x=0.85 y=2.49996 yaw=-1.95335 score=0.976471 valid=1 mode=tracking state=TRACKING evaluated=807 execution_us=45881 reason=tracking_pose_accepted
x=0.85 y=2.49996 yaw=-1.95429 score=0.975455 valid=1 mode=tracking state=TRACKING evaluated=807 execution_us=45407 reason=tracking_pose_accepted
x=0.85 y=2.49996 yaw=-1.95522 score=0.975394 valid=1 mode=tracking state=TRACKING evaluated=807 execution_us=45221 reason=tracking_pose_accepted
x=0.85 y=2.49996 yaw=-1.95616 score=0.973924 valid=1 mode=tracking state=TRACKING evaluated=807 execution_us=45341 reason=tracking_pose_accepted
x=0.85 y=2.49996 yaw=-1.95709 score=0.97564 valid=1 mode=tracking state=TRACKING evaluated=807 execution_us=45980 reason=tracking_pose_accepted
x=0.85 y=2.49996 yaw=-1.95802 score=0.97387 valid=1 mode=tracking state=TRACKING evaluated=807 execution_us=45213 reason=tracking_pose_accepted
x=0.85 y=2.49996 yaw=-1.95896 score=0.974816 valid=1 mode=tracking state=TRACKING evaluated=807 execution_us=45072 reason=tracking_pose_accepted
x=0.85 y=2.49996 yaw=-1.95989 score=0.97451 valid=1 mode=tracking state=TRACKING evaluated=807 execution_us=45343 reason=tracking_pose_accepted
x=0.85 y=2.49996 yaw=-1.96082 score=0.973057 valid=1 mode=tracking state=TRACKING evaluated=807 execution_us=45792 reason=tracking_pose_accepted
x=0.85 y=2.49996 yaw=-1.96176 score=0.974032 valid=1 mode=tracking state=TRACKING evaluated=807 execution_us=45459 reason=tracking_pose_accepted
x=0.85 y=2.49996 yaw=-1.96269 score=0.973174 valid=1 mode=tracking state=TRACKING evaluated=807 execution_us=45203 reason=tracking_pose_accepted
x=0.85 y=2.49996 yaw=-1.96362 score=0.974189 valid=1 mode=tracking state=TRACKING evaluated=807 execution_us=45507 reason=tracking_pose_accepted
x=0.85 y=2.49996 yaw=-1.9471 score=0.97389 valid=1 mode=tracking state=TRACKING evaluated=807 execution_us=45648 reason=tracking_pose_accepted
x=0.85 y=2.49996 yaw=-1.94804 score=0.97328 valid=1 mode=tracking state=TRACKING evaluated=807 execution_us=45334 reason=tracking_pose_accepted
x=0.85 y=2.49996 yaw=-1.94897 score=0.974352 valid=1 mode=tracking state=TRACKING evaluated=807 execution_us=45073 reason=tracking_pose_accepted
x=0.85 y=2.49996 yaw=-1.94991 score=0.97603 valid=1 mode=tracking state=TRACKING evaluated=807 execution_us=45093 reason=tracking_pose_accepted
x=0.85 y=2.49996 yaw=-1.95084 score=0.97566 valid=1 mode=tracking state=TRACKING evaluated=807 execution_us=44532 reason=tracking_pose_accepted
x=0.85 y=2.49996 yaw=-1.95177 score=0.973461 valid=1 mode=tracking state=TRACKING evaluated=807 execution_us=45351 reason=tracking_pose_accepted
x=0.85 y=2.49996 yaw=-1.95271 score=0.972793 valid=1 mode=tracking state=TRACKING evaluated=807 execution_us=80909 reason=tracking_pose_accepted
x=0.85 y=2.49996 yaw=-1.95364 score=0.976511 valid=1 mode=tracking state=TRACKING evaluated=807 execution_us=46108 reason=tracking_pose_accepted
x=0.85 y=2.49996 yaw=-1.95457 score=0.975262 valid=1 mode=tracking state=TRACKING evaluated=807 execution_us=45415 reason=tracking_pose_accepted
x=0.85 y=2.49996 yaw=-1.95551 score=0.975208 valid=1 mode=tracking state=TRACKING evaluated=807 execution_us=45403 reason=tracking_pose_accepted
x=0.85 y=2.49996 yaw=-1.95644 score=0.975449 valid=1 mode=tracking state=TRACKING evaluated=807 execution_us=45015 reason=tracking_pose_accepted
x=0.85 y=2.49996 yaw=-1.95737 score=0.974469 valid=1 mode=tracking state=TRACKING evaluated=807 execution_us=45533 reason=tracking_pose_accepted
x=0.85 y=2.49996 yaw=-1.95831 score=0.973155 valid=1 mode=tracking state=TRACKING evaluated=807 execution_us=45516 reason=tracking_pose_accepted
x=0.85 y=2.49996 yaw=-1.95924 score=0.973632 valid=1 mode=tracking state=TRACKING evaluated=807 execution_us=45047 reason=tracking_pose_accepted
x=0.85 y=2.49996 yaw=-1.96018 score=0.973443 valid=1 mode=tracking state=TRACKING evaluated=807 execution_us=45495 reason=tracking_pose_accepted
x=0.85 y=2.49996 yaw=-1.96111 score=0.973755 valid=1 mode=tracking state=TRACKING evaluated=807 execution_us=45125 reason=tracking_pose_accepted
x=0.85 y=2.49996 yaw=-1.96204 score=0.973591 valid=1 mode=tracking state=TRACKING evaluated=807 execution_us=44968 reason=tracking_pose_accepted
x=0.85 y=2.49996 yaw=-1.96298 score=0.972682 valid=1 mode=tracking state=TRACKING evaluated=807 execution_us=73380 reason=tracking_pose_accepted
x=0.85 y=2.49996 yaw=-1.94646 score=0.973419 valid=1 mode=tracking state=TRACKING evaluated=807 execution_us=75018 reason=tracking_pose_accepted
x=0.85 y=2.49995 yaw=-1.94739 score=0.973557 valid=1 mode=tracking state=TRACKING evaluated=807 execution_us=46548 reason=tracking_pose_accepted
x=0.85 y=2.49995 yaw=-1.94832 score=0.975705 valid=1 mode=tracking state=TRACKING evaluated=807 execution_us=45783 reason=tracking_pose_accepted
x=0.85 y=2.49995 yaw=-1.94926 score=0.973418 valid=1 mode=tracking state=TRACKING evaluated=807 execution_us=45329 reason=tracking_pose_accepted
x=0.85 y=2.49995 yaw=-1.95019 score=0.972213 valid=1 mode=tracking state=TRACKING evaluated=807 execution_us=45434 reason=tracking_pose_accepted
x=0.85 y=2.49995 yaw=-1.95113 score=0.977283 valid=1 mode=tracking state=TRACKING evaluated=807 execution_us=45017 reason=tracking_pose_accepted
x=0.85 y=2.49995 yaw=-1.95206 score=0.976859 valid=1 mode=tracking state=TRACKING evaluated=807 execution_us=44930 reason=tracking_pose_accepted
x=0.85 y=2.49995 yaw=-1.95299 score=0.975343 valid=1 mode=tracking state=TRACKING evaluated=807 execution_us=45430 reason=tracking_pose_accepted
x=0.85 y=2.49995 yaw=-1.95393 score=0.974191 valid=1 mode=tracking state=TRACKING evaluated=807 execution_us=45507 reason=tracking_pose_accepted
x=0.85 y=2.49995 yaw=-1.95486 score=0.974169 valid=1 mode=tracking state=TRACKING evaluated=807 execution_us=45815 reason=tracking_pose_accepted
x=0.85 y=2.49995 yaw=-1.95579 score=0.975017 valid=1 mode=tracking state=TRACKING evaluated=807 execution_us=44906 reason=tracking_pose_accepted
x=0.85 y=2.49995 yaw=-1.95673 score=0.971235 valid=1 mode=tracking state=TRACKING evaluated=807 execution_us=45943 reason=tracking_pose_accepted
x=0.85 y=2.49995 yaw=-1.95766 score=0.973501 valid=1 mode=tracking state=TRACKING evaluated=807 execution_us=46050 reason=tracking_pose_accepted
x=0.85 y=2.49995 yaw=-1.95859 score=0.975106 valid=1 mode=tracking state=TRACKING evaluated=807 execution_us=45442 reason=tracking_pose_accepted
x=0.85 y=2.49995 yaw=-1.95953 score=0.974882 valid=1 mode=tracking state=TRACKING evaluated=807 execution_us=45286 reason=tracking_pose_accepted
x=0.85 y=2.49995 yaw=-1.96046 score=0.974642 valid=1 mode=tracking state=TRACKING evaluated=807 execution_us=45553 reason=tracking_pose_accepted
x=0.85 y=2.49995 yaw=-1.9614 score=0.973999 valid=1 mode=tracking state=TRACKING evaluated=807 execution_us=45164 reason=tracking_pose_accepted
x=0.85 y=2.49995 yaw=-1.96233 score=0.97423 valid=1 mode=tracking state=TRACKING evaluated=807 execution_us=45587 reason=tracking_pose_accepted
x=0.85 y=2.49995 yaw=-1.96326 score=0.971883 valid=1 mode=tracking state=TRACKING evaluated=807 execution_us=45084 reason=tracking_pose_accepted
x=0.85 y=2.49995 yaw=-1.9642 score=0.972876 valid=1 mode=tracking state=TRACKING evaluated=807 execution_us=45238 reason=tracking_pose_accepted
x=0.85 y=2.49995 yaw=-1.94768 score=0.972273 valid=1 mode=tracking state=TRACKING evaluated=807 execution_us=45457 reason=tracking_pose_accepted
x=0.85 y=2.49995 yaw=-1.96606 score=0.971446 valid=1 mode=tracking state=TRACKING evaluated=807 execution_us=45021 reason=tracking_pose_accepted
x=0.85 y=2.49995 yaw=-1.94954 score=0.977571 valid=1 mode=tracking state=TRACKING evaluated=807 execution_us=45375 reason=tracking_pose_accepted
x=0.85 y=2.49995 yaw=-1.95048 score=0.977471 valid=1 mode=tracking state=TRACKING evaluated=807 execution_us=46222 reason=tracking_pose_accepted
x=0.85 y=2.49995 yaw=-1.95141 score=0.974627 valid=1 mode=tracking state=TRACKING evaluated=807 execution_us=45281 reason=tracking_pose_accepted
x=0.85 y=2.49995 yaw=-1.95235 score=0.976308 valid=1 mode=tracking state=TRACKING evaluated=807 execution_us=45567 reason=tracking_pose_accepted
x=0.85 y=2.49995 yaw=-1.95328 score=0.976349 valid=1 mode=tracking state=TRACKING evaluated=807 execution_us=45689 reason=tracking_pose_accepted
x=0.85 y=2.49995 yaw=-1.95421 score=0.973204 valid=1 mode=tracking state=TRACKING evaluated=807 execution_us=44905 reason=tracking_pose_accepted
x=0.85 y=2.49995 yaw=-1.95515 score=0.976389 valid=1 mode=tracking state=TRACKING evaluated=807 execution_us=45344 reason=tracking_pose_accepted
x=0.85 y=2.49995 yaw=-1.95608 score=0.973555 valid=1 mode=tracking state=TRACKING evaluated=807 execution_us=44973 reason=tracking_pose_accepted
x=0.85 y=2.49995 yaw=-1.95701 score=0.975654 valid=1 mode=tracking state=TRACKING evaluated=807 execution_us=44950 reason=tracking_pose_accepted
x=0.85 y=2.49995 yaw=-1.95795 score=0.974841 valid=1 mode=tracking state=TRACKING evaluated=807 execution_us=44953 reason=tracking_pose_accepted
x=0.85 y=2.49995 yaw=-1.95888 score=0.974775 valid=1 mode=tracking state=TRACKING evaluated=807 execution_us=45070 reason=tracking_pose_accepted
x=0.85 y=2.49994 yaw=-1.95981 score=0.974046 valid=1 mode=tracking state=TRACKING evaluated=807 execution_us=45477 reason=tracking_pose_accepted
x=0.85 y=2.49994 yaw=-1.96075 score=0.97457 valid=1 mode=tracking state=TRACKING evaluated=807 execution_us=45831 reason=tracking_pose_accepted
x=0.85 y=2.49994 yaw=-1.96168 score=0.973423 valid=1 mode=tracking state=TRACKING evaluated=807 execution_us=45052 reason=tracking_pose_accepted
x=0.85 y=2.49994 yaw=-1.96262 score=0.973048 valid=1 mode=tracking state=TRACKING evaluated=807 execution_us=45548 reason=tracking_pose_accepted
x=0.85 y=2.49994 yaw=-1.96355 score=0.972539 valid=1 mode=tracking state=TRACKING evaluated=807 execution_us=44724 reason=tracking_pose_accepted
x=0.85 y=2.49994 yaw=-1.94703 score=0.973822 valid=1 mode=tracking state=TRACKING evaluated=807 execution_us=45117 reason=tracking_pose_accepted
x=0.85 y=2.49994 yaw=-1.96542 score=0.97259 valid=1 mode=tracking state=TRACKING evaluated=807 execution_us=45405 reason=tracking_pose_accepted
x=0.85 y=2.49994 yaw=-1.9489 score=0.975366 valid=1 mode=tracking state=TRACKING evaluated=807 execution_us=45087 reason=tracking_pose_accepted
x=0.85 y=2.49994 yaw=-1.96728 score=0.971909 valid=1 mode=tracking state=TRACKING evaluated=807 execution_us=45159 reason=tracking_pose_accepted
x=0.85 y=2.49994 yaw=-1.95076 score=0.975238 valid=1 mode=tracking state=TRACKING evaluated=807 execution_us=45302 reason=tracking_pose_accepted
x=0.85 y=2.49994 yaw=-1.9517 score=0.975336 valid=1 mode=tracking state=TRACKING evaluated=807 execution_us=45575 reason=tracking_pose_accepted
x=0.85 y=2.49994 yaw=-1.95263 score=0.976309 valid=1 mode=tracking state=TRACKING evaluated=807 execution_us=45481 reason=tracking_pose_accepted
x=0.85 y=2.49994 yaw=-1.95357 score=0.975903 valid=1 mode=tracking state=TRACKING evaluated=807 execution_us=45453 reason=tracking_pose_accepted
x=0.85 y=2.49994 yaw=-1.9545 score=0.975495 valid=1 mode=tracking state=TRACKING evaluated=807 execution_us=45281 reason=tracking_pose_accepted
x=0.85 y=2.49994 yaw=-1.95543 score=0.975221 valid=1 mode=tracking state=TRACKING evaluated=807 execution_us=45279 reason=tracking_pose_accepted
x=0.85 y=2.49994 yaw=-1.95637 score=0.97643 valid=1 mode=tracking state=TRACKING evaluated=807 execution_us=44639 reason=tracking_pose_accepted
x=0.85 y=2.49994 yaw=-1.9573 score=0.973735 valid=1 mode=tracking state=TRACKING evaluated=807 execution_us=45969 reason=tracking_pose_accepted
x=0.85 y=2.49994 yaw=-1.95823 score=0.974882 valid=1 mode=tracking state=TRACKING evaluated=807 execution_us=45341 reason=tracking_pose_accepted
x=0.85 y=2.49994 yaw=-1.95917 score=0.973808 valid=1 mode=tracking state=TRACKING evaluated=807 execution_us=45033 reason=tracking_pose_accepted
x=0.85 y=2.49994 yaw=-1.9601 score=0.972539 valid=1 mode=tracking state=TRACKING evaluated=807 execution_us=45225 reason=tracking_pose_accepted
x=0.85 y=2.49994 yaw=-1.96103 score=0.974865 valid=1 mode=tracking state=TRACKING evaluated=807 execution_us=45447 reason=tracking_pose_accepted
x=0.85 y=2.49994 yaw=-1.96197 score=0.973754 valid=1 mode=tracking state=TRACKING evaluated=807 execution_us=46029 reason=tracking_pose_accepted
x=0.85 y=2.49994 yaw=-1.9629 score=0.970893 valid=1 mode=tracking state=TRACKING evaluated=807 execution_us=45871 reason=tracking_pose_accepted
x=0.85 y=2.49994 yaw=-1.96384 score=0.972834 valid=1 mode=tracking state=TRACKING evaluated=807 execution_us=45241 reason=tracking_pose_accepted
x=0.85 y=2.49994 yaw=-1.94732 score=0.9726 valid=1 mode=tracking state=TRACKING evaluated=807 execution_us=45238 reason=tracking_pose_accepted
x=0.85 y=2.49994 yaw=-1.94825 score=0.975989 valid=1 mode=tracking state=TRACKING evaluated=807 execution_us=44994 reason=tracking_pose_accepted
x=0.85 y=2.49994 yaw=-1.94918 score=0.97646 valid=1 mode=tracking state=TRACKING evaluated=807 execution_us=45527 reason=tracking_pose_accepted
x=0.85 y=2.49994 yaw=-1.95012 score=0.973418 valid=1 mode=tracking state=TRACKING evaluated=807 execution_us=45510 reason=tracking_pose_accepted
x=0.85 y=2.49994 yaw=-1.95105 score=0.975584 valid=1 mode=tracking state=TRACKING evaluated=807 execution_us=45453 reason=tracking_pose_accepted
x=0.85 y=2.49993 yaw=-1.95198 score=0.977023 valid=1 mode=tracking state=TRACKING evaluated=807 execution_us=45085 reason=tracking_pose_accepted
x=0.85 y=2.49993 yaw=-1.95292 score=0.972245 valid=1 mode=tracking state=TRACKING evaluated=807 execution_us=45901 reason=tracking_pose_accepted
x=0.85 y=2.49993 yaw=-1.95385 score=0.975488 valid=1 mode=tracking state=TRACKING evaluated=807 execution_us=45605 reason=tracking_pose_accepted
x=0.85 y=2.49993 yaw=-1.95479 score=0.975272 valid=1 mode=tracking state=TRACKING evaluated=807 execution_us=45422 reason=tracking_pose_accepted
x=0.85 y=2.49993 yaw=-1.95572 score=0.975143 valid=1 mode=tracking state=TRACKING evaluated=807 execution_us=45611 reason=tracking_pose_accepted
x=0.85 y=2.49993 yaw=-1.95665 score=0.974372 valid=1 mode=tracking state=TRACKING evaluated=807 execution_us=45000 reason=tracking_pose_accepted
x=0.85 y=2.49993 yaw=-1.95759 score=0.975048 valid=1 mode=tracking state=TRACKING evaluated=807 execution_us=45371 reason=tracking_pose_accepted
x=0.85 y=2.49993 yaw=-1.95852 score=0.974203 valid=1 mode=tracking state=TRACKING evaluated=807 execution_us=45316 reason=tracking_pose_accepted
x=0.85 y=2.49993 yaw=-1.95945 score=0.975041 valid=1 mode=tracking state=TRACKING evaluated=807 execution_us=44989 reason=tracking_pose_accepted
x=0.85 y=2.49993 yaw=-1.96039 score=0.975106 valid=1 mode=tracking state=TRACKING evaluated=807 execution_us=45092 reason=tracking_pose_accepted
x=0.85 y=2.49993 yaw=-1.96132 score=0.974148 valid=1 mode=tracking state=TRACKING evaluated=807 execution_us=45152 reason=tracking_pose_accepted
x=0.85 y=2.49993 yaw=-1.96225 score=0.973965 valid=1 mode=tracking state=TRACKING evaluated=807 execution_us=45148 reason=tracking_pose_accepted
x=0.85 y=2.49993 yaw=-1.96319 score=0.972783 valid=1 mode=tracking state=TRACKING evaluated=807 execution_us=45709 reason=tracking_pose_accepted
x=0.85 y=2.49993 yaw=-1.94667 score=0.974259 valid=1 mode=tracking state=TRACKING evaluated=807 execution_us=45050 reason=tracking_pose_accepted
x=0.85 y=2.49993 yaw=-1.9476 score=0.972835 valid=1 mode=tracking state=TRACKING evaluated=807 execution_us=45261 reason=tracking_pose_accepted
x=0.85 y=2.49993 yaw=-1.94854 score=0.975974 valid=1 mode=tracking state=TRACKING evaluated=807 execution_us=45430 reason=tracking_pose_accepted
x=0.85 y=2.49993 yaw=-1.94947 score=0.971528 valid=1 mode=tracking state=TRACKING evaluated=807 execution_us=45068 reason=tracking_pose_accepted
x=0.85 y=2.49993 yaw=-1.9504 score=0.9781 valid=1 mode=tracking state=TRACKING evaluated=807 execution_us=45213 reason=tracking_pose_accepted
x=0.85 y=2.49993 yaw=-1.95134 score=0.973595 valid=1 mode=tracking state=TRACKING evaluated=807 execution_us=45333 reason=tracking_pose_accepted
x=0.85 y=2.49993 yaw=-1.95227 score=0.973752 valid=1 mode=tracking state=TRACKING evaluated=807 execution_us=45517 reason=tracking_pose_accepted
x=0.85 y=2.49993 yaw=-1.9532 score=0.977079 valid=1 mode=tracking state=TRACKING evaluated=807 execution_us=45777 reason=tracking_pose_accepted
x=0.85 y=2.49993 yaw=-1.95414 score=0.976266 valid=1 mode=tracking state=TRACKING evaluated=807 execution_us=44755 reason=tracking_pose_accepted
x=0.85 y=2.49993 yaw=-1.95507 score=0.973181 valid=1 mode=tracking state=TRACKING evaluated=807 execution_us=45093 reason=tracking_pose_accepted
x=0.85 y=2.49993 yaw=-1.95601 score=0.975919 valid=1 mode=tracking state=TRACKING evaluated=807 execution_us=45276 reason=tracking_pose_accepted
x=0.85 y=2.49993 yaw=-1.95694 score=0.974265 valid=1 mode=tracking state=TRACKING evaluated=807 execution_us=45162 reason=tracking_pose_accepted
x=0.85 y=2.49993 yaw=-1.95787 score=0.974439 valid=1 mode=tracking state=TRACKING evaluated=807 execution_us=45272 reason=tracking_pose_accepted
x=0.85 y=2.49993 yaw=-1.95881 score=0.973863 valid=1 mode=tracking state=TRACKING evaluated=807 execution_us=45975 reason=tracking_pose_accepted
x=0.85 y=2.49993 yaw=-1.95974 score=0.97391 valid=1 mode=tracking state=TRACKING evaluated=807 execution_us=45774 reason=tracking_pose_accepted
x=0.85 y=2.49992 yaw=-1.96067 score=0.973951 valid=1 mode=tracking state=TRACKING evaluated=807 execution_us=45345 reason=tracking_pose_accepted
x=0.85 y=2.49992 yaw=-1.96161 score=0.972478 valid=1 mode=tracking state=TRACKING evaluated=807 execution_us=45080 reason=tracking_pose_accepted
x=0.85 y=2.49992 yaw=-1.96254 score=0.973856 valid=1 mode=tracking state=TRACKING evaluated=807 execution_us=45217 reason=tracking_pose_accepted
x=0.85 y=2.49992 yaw=-1.96347 score=0.974099 valid=1 mode=tracking state=TRACKING evaluated=807 execution_us=45956 reason=tracking_pose_accepted
x=0.85 y=2.49992 yaw=-1.94695 score=0.975705 valid=1 mode=tracking state=TRACKING evaluated=807 execution_us=45027 reason=tracking_pose_accepted
x=0.85 y=2.49992 yaw=-1.96534 score=0.972539 valid=1 mode=tracking state=TRACKING evaluated=807 execution_us=45465 reason=tracking_pose_accepted
x=0.85 y=2.49992 yaw=-1.94882 score=0.976147 valid=1 mode=tracking state=TRACKING evaluated=807 execution_us=45929 reason=tracking_pose_accepted
x=0.85 y=2.49992 yaw=-1.94976 score=0.975745 valid=1 mode=tracking state=TRACKING evaluated=807 execution_us=45316 reason=tracking_pose_accepted
x=0.85 y=2.49992 yaw=-1.95069 score=0.978697 valid=1 mode=tracking state=TRACKING evaluated=807 execution_us=45360 reason=tracking_pose_accepted
x=0.85 y=2.49992 yaw=-1.95162 score=0.97548 valid=1 mode=tracking state=TRACKING evaluated=807 execution_us=45400 reason=tracking_pose_accepted
x=0.85 y=2.49992 yaw=-1.95256 score=0.977063 valid=1 mode=tracking state=TRACKING evaluated=807 execution_us=45395 reason=tracking_pose_accepted
x=0.85 y=2.49992 yaw=-1.95349 score=0.97386 valid=1 mode=tracking state=TRACKING evaluated=807 execution_us=45439 reason=tracking_pose_accepted
x=0.85 y=2.49992 yaw=-1.95442 score=0.973049 valid=1 mode=tracking state=TRACKING evaluated=807 execution_us=45034 reason=tracking_pose_accepted
x=0.85 y=2.49992 yaw=-1.95536 score=0.975717 valid=1 mode=tracking state=TRACKING evaluated=807 execution_us=45073 reason=tracking_pose_accepted
x=0.85 y=2.49992 yaw=-1.95629 score=0.975613 valid=1 mode=tracking state=TRACKING evaluated=807 execution_us=45172 reason=tracking_pose_accepted
x=0.85 y=2.49992 yaw=-1.95723 score=0.975472 valid=1 mode=tracking state=TRACKING evaluated=807 execution_us=45026 reason=tracking_pose_accepted
x=0.85 y=2.49992 yaw=-1.95816 score=0.974428 valid=1 mode=tracking state=TRACKING evaluated=807 execution_us=44966 reason=tracking_pose_accepted
x=0.85 y=2.49992 yaw=-1.95909 score=0.974106 valid=1 mode=tracking state=TRACKING evaluated=807 execution_us=45626 reason=tracking_pose_accepted
x=0.85 y=2.49992 yaw=-1.96003 score=0.973598 valid=1 mode=tracking state=TRACKING evaluated=807 execution_us=45321 reason=tracking_pose_accepted
x=0.85 y=2.49992 yaw=-1.96096 score=0.972273 valid=1 mode=tracking state=TRACKING evaluated=807 execution_us=45262 reason=tracking_pose_accepted
x=0.85 y=2.49992 yaw=-1.96189 score=0.972978 valid=1 mode=tracking state=TRACKING evaluated=807 execution_us=44872 reason=tracking_pose_accepted
x=0.85 y=2.49992 yaw=-1.96283 score=0.972783 valid=1 mode=tracking state=TRACKING evaluated=807 execution_us=45189 reason=tracking_pose_accepted
x=0.85 y=2.49992 yaw=-1.96376 score=0.972053 valid=1 mode=tracking state=TRACKING evaluated=807 execution_us=45890 reason=tracking_pose_accepted
x=0.85 y=2.49992 yaw=-1.94724 score=0.973713 valid=1 mode=tracking state=TRACKING evaluated=807 execution_us=44721 reason=tracking_pose_accepted
x=0.85 y=2.49992 yaw=-1.94817 score=0.973754 valid=1 mode=tracking state=TRACKING evaluated=807 execution_us=44973 reason=tracking_pose_accepted
x=0.85 y=2.49992 yaw=-1.94911 score=0.976399 valid=1 mode=tracking state=TRACKING evaluated=807 execution_us=45089 reason=tracking_pose_accepted
x=0.85 y=2.49992 yaw=-1.95004 score=0.978293 valid=1 mode=tracking state=TRACKING evaluated=807 execution_us=44754 reason=tracking_pose_accepted
x=0.85 y=2.49992 yaw=-1.95098 score=0.976573 valid=1 mode=tracking state=TRACKING evaluated=807 execution_us=45117 reason=tracking_pose_accepted
x=0.85 y=2.49992 yaw=-1.95191 score=0.974377 valid=1 mode=tracking state=TRACKING evaluated=807 execution_us=45010 reason=tracking_pose_accepted
x=0.85 y=2.49992 yaw=-1.95284 score=0.975309 valid=1 mode=tracking state=TRACKING evaluated=807 execution_us=45138 reason=tracking_pose_accepted
x=0.85 y=2.49992 yaw=-1.95378 score=0.971533 valid=1 mode=tracking state=TRACKING evaluated=807 execution_us=45757 reason=tracking_pose_accepted
x=0.85 y=2.49992 yaw=-1.95471 score=0.977306 valid=1 mode=tracking state=TRACKING evaluated=807 execution_us=45126 reason=tracking_pose_accepted
x=0.85 y=2.49992 yaw=-1.95564 score=0.975897 valid=1 mode=tracking state=TRACKING evaluated=807 execution_us=44909 reason=tracking_pose_accepted
x=0.85 y=2.49991 yaw=-1.95658 score=0.974637 valid=1 mode=tracking state=TRACKING evaluated=807 execution_us=45413 reason=tracking_pose_accepted
x=0.85 y=2.49991 yaw=-1.95751 score=0.97425 valid=1 mode=tracking state=TRACKING evaluated=807 execution_us=45047 reason=tracking_pose_accepted
x=0.85 y=2.49991 yaw=-1.95844 score=0.9743 valid=1 mode=tracking state=TRACKING evaluated=807 execution_us=44894 reason=tracking_pose_accepted
x=0.85 y=2.49991 yaw=-1.95938 score=0.9748 valid=1 mode=tracking state=TRACKING evaluated=807 execution_us=45222 reason=tracking_pose_accepted
x=0.85 y=2.49991 yaw=-1.96031 score=0.975676 valid=1 mode=tracking state=TRACKING evaluated=807 execution_us=45894 reason=tracking_pose_accepted
x=0.85 y=2.49991 yaw=-1.96125 score=0.974775 valid=1 mode=tracking state=TRACKING evaluated=807 execution_us=45579 reason=tracking_pose_accepted
x=0.85 y=2.49991 yaw=-1.96218 score=0.973284 valid=1 mode=tracking state=TRACKING evaluated=807 execution_us=45143 reason=tracking_pose_accepted
x=0.85 y=2.49991 yaw=-1.96311 score=0.974166 valid=1 mode=tracking state=TRACKING evaluated=807 execution_us=45730 reason=tracking_pose_accepted
x=0.85 y=2.49991 yaw=-1.96405 score=0.973795 valid=1 mode=tracking state=TRACKING evaluated=807 execution_us=45963 reason=tracking_pose_accepted
x=0.85 y=2.49991 yaw=-1.96498 score=0.973728 valid=1 mode=tracking state=TRACKING evaluated=807 execution_us=45272 reason=tracking_pose_accepted
x=0.85 y=2.49991 yaw=-1.96591 score=0.972854 valid=1 mode=tracking state=TRACKING evaluated=807 execution_us=46120 reason=tracking_pose_accepted
x=0.85 y=2.49991 yaw=-1.96685 score=0.970918 valid=1 mode=tracking state=TRACKING evaluated=807 execution_us=45572 reason=tracking_pose_accepted
x=0.85 y=2.49991 yaw=-1.95033 score=0.97546 valid=1 mode=tracking state=TRACKING evaluated=807 execution_us=56190 reason=tracking_pose_accepted
x=0.85 y=2.49991 yaw=-1.95126 score=0.973656 valid=1 mode=tracking state=TRACKING evaluated=807 execution_us=46024 reason=tracking_pose_accepted
x=0.85 y=2.49991 yaw=-1.9522 score=0.977512 valid=1 mode=tracking state=TRACKING evaluated=807 execution_us=45021 reason=tracking_pose_accepted
x=0.85 y=2.49991 yaw=-1.95313 score=0.973392 valid=1 mode=tracking state=TRACKING evaluated=807 execution_us=45869 reason=tracking_pose_accepted
x=0.85 y=2.49991 yaw=-1.95406 score=0.974949 valid=1 mode=tracking state=TRACKING evaluated=807 execution_us=45638 reason=tracking_pose_accepted
x=0.85 y=2.49991 yaw=-1.955 score=0.976102 valid=1 mode=tracking state=TRACKING evaluated=807 execution_us=45016 reason=tracking_pose_accepted
x=0.85 y=2.49991 yaw=-1.95593 score=0.975551 valid=1 mode=tracking state=TRACKING evaluated=807 execution_us=45063 reason=tracking_pose_accepted
x=0.85 y=2.49991 yaw=-1.95686 score=0.975295 valid=1 mode=tracking state=TRACKING evaluated=807 execution_us=45877 reason=tracking_pose_accepted
x=0.85 y=2.49991 yaw=-1.9578 score=0.975344 valid=1 mode=tracking state=TRACKING evaluated=807 execution_us=44927 reason=tracking_pose_accepted
x=0.85 y=2.49991 yaw=-1.95873 score=0.973343 valid=1 mode=tracking state=TRACKING evaluated=807 execution_us=45283 reason=tracking_pose_accepted
x=0.85 y=2.49991 yaw=-1.95966 score=0.973378 valid=1 mode=tracking state=TRACKING evaluated=807 execution_us=44795 reason=tracking_pose_accepted
x=0.85 y=2.49991 yaw=-1.9606 score=0.97452 valid=1 mode=tracking state=TRACKING evaluated=807 execution_us=45231 reason=tracking_pose_accepted
x=0.85 y=2.49991 yaw=-1.96153 score=0.974189 valid=1 mode=tracking state=TRACKING evaluated=807 execution_us=45656 reason=tracking_pose_accepted
x=0.85 y=2.49991 yaw=-1.96247 score=0.973325 valid=1 mode=tracking state=TRACKING evaluated=807 execution_us=46049 reason=tracking_pose_accepted
x=0.85 y=2.49991 yaw=-1.9634 score=0.972305 valid=1 mode=tracking state=TRACKING evaluated=807 execution_us=45043 reason=tracking_pose_accepted
x=0.85 y=2.49991 yaw=-1.96433 score=0.972691 valid=1 mode=tracking state=TRACKING evaluated=807 execution_us=46541 reason=tracking_pose_accepted
x=0.85 y=2.49991 yaw=-1.94781 score=0.976725 valid=1 mode=tracking state=TRACKING evaluated=807 execution_us=45044 reason=tracking_pose_accepted
x=0.85 y=2.49991 yaw=-1.9662 score=0.972924 valid=1 mode=tracking state=TRACKING evaluated=807 execution_us=45459 reason=tracking_pose_accepted
x=0.85 y=2.49991 yaw=-1.94968 score=0.978068 valid=1 mode=tracking state=TRACKING evaluated=807 execution_us=45153 reason=tracking_pose_accepted
x=0.85 y=2.49991 yaw=-1.95061 score=0.977737 valid=1 mode=tracking state=TRACKING evaluated=807 execution_us=44900 reason=tracking_pose_accepted
x=0.85 y=2.4999 yaw=-1.95155 score=0.975584 valid=1 mode=tracking state=TRACKING evaluated=807 execution_us=45516 reason=tracking_pose_accepted
x=0.85 y=2.4999 yaw=-1.95248 score=0.974679 valid=1 mode=tracking state=TRACKING evaluated=807 execution_us=44804 reason=tracking_pose_accepted
x=0.85 y=2.4999 yaw=-1.95342 score=0.974126 valid=1 mode=tracking state=TRACKING evaluated=807 execution_us=44647 reason=tracking_pose_accepted
x=0.85 y=2.4999 yaw=-1.95435 score=0.976737 valid=1 mode=tracking state=TRACKING evaluated=807 execution_us=45493 reason=tracking_pose_accepted
x=0.85 y=2.4999 yaw=-1.95528 score=0.974673 valid=1 mode=tracking state=TRACKING evaluated=807 execution_us=45042 reason=tracking_pose_accepted
x=0.85 y=2.4999 yaw=-1.95622 score=0.974943 valid=1 mode=tracking state=TRACKING evaluated=807 execution_us=45238 reason=tracking_pose_accepted
x=0.85 y=2.4999 yaw=-1.95715 score=0.976248 valid=1 mode=tracking state=TRACKING evaluated=807 execution_us=45644 reason=tracking_pose_accepted
x=0.85 y=2.4999 yaw=-1.95808 score=0.973958 valid=1 mode=tracking state=TRACKING evaluated=807 execution_us=44825 reason=tracking_pose_accepted
x=0.85 y=2.4999 yaw=-1.95902 score=0.974601 valid=1 mode=tracking state=TRACKING evaluated=807 execution_us=45215 reason=tracking_pose_accepted
x=0.85 y=2.4999 yaw=-1.95995 score=0.97427 valid=1 mode=tracking state=TRACKING evaluated=807 execution_us=45176 reason=tracking_pose_accepted
x=0.85 y=2.4999 yaw=-1.96088 score=0.974311 valid=1 mode=tracking state=TRACKING evaluated=807 execution_us=45271 reason=tracking_pose_accepted
x=0.85 y=2.4999 yaw=-1.96182 score=0.975234 valid=1 mode=tracking state=TRACKING evaluated=807 execution_us=45800 reason=tracking_pose_accepted
x=0.85 y=2.4999 yaw=-1.96275 score=0.973755 valid=1 mode=tracking state=TRACKING evaluated=807 execution_us=45150 reason=tracking_pose_accepted
x=0.85 y=2.4999 yaw=-1.94623 score=0.973713 valid=1 mode=tracking state=TRACKING evaluated=807 execution_us=45248 reason=tracking_pose_accepted
x=0.85 y=2.4999 yaw=-1.94717 score=0.977128 valid=1 mode=tracking state=TRACKING evaluated=807 execution_us=45676 reason=tracking_pose_accepted
x=0.85 y=2.4999 yaw=-1.9481 score=0.97543 valid=1 mode=tracking state=TRACKING evaluated=807 execution_us=45556 reason=tracking_pose_accepted
x=0.85 y=2.4999 yaw=-1.94903 score=0.97696 valid=1 mode=tracking state=TRACKING evaluated=807 execution_us=45572 reason=tracking_pose_accepted
x=0.85 y=2.4999 yaw=-1.94997 score=0.973741 valid=1 mode=tracking state=TRACKING evaluated=807 execution_us=45548 reason=tracking_pose_accepted
x=0.85 y=2.4999 yaw=-1.9509 score=0.976714 valid=1 mode=tracking state=TRACKING evaluated=807 execution_us=45486 reason=tracking_pose_accepted
x=0.85 y=2.4999 yaw=-1.95183 score=0.97641 valid=1 mode=tracking state=TRACKING evaluated=807 execution_us=45861 reason=tracking_pose_accepted
x=0.85 y=2.4999 yaw=-1.95277 score=0.977547 valid=1 mode=tracking state=TRACKING evaluated=807 execution_us=45259 reason=tracking_pose_accepted
x=0.85 y=2.4999 yaw=-1.9537 score=0.975599 valid=1 mode=tracking state=TRACKING evaluated=807 execution_us=45544 reason=tracking_pose_accepted
x=0.85 y=2.4999 yaw=-1.95464 score=0.97568 valid=1 mode=tracking state=TRACKING evaluated=807 execution_us=45479 reason=tracking_pose_accepted
x=0.85 y=2.4999 yaw=-1.95557 score=0.975306 valid=1 mode=tracking state=TRACKING evaluated=807 execution_us=45309 reason=tracking_pose_accepted
x=0.85 y=2.4999 yaw=-1.9565 score=0.973471 valid=1 mode=tracking state=TRACKING evaluated=807 execution_us=45541 reason=tracking_pose_accepted
x=0.85 y=2.4999 yaw=-1.95744 score=0.974768 valid=1 mode=tracking state=TRACKING evaluated=807 execution_us=45801 reason=tracking_pose_accepted
x=0.85 y=2.4999 yaw=-1.95837 score=0.974122 valid=1 mode=tracking state=TRACKING evaluated=807 execution_us=45143 reason=tracking_pose_accepted
x=0.85 y=2.4999 yaw=-1.9593 score=0.974561 valid=1 mode=tracking state=TRACKING evaluated=807 execution_us=45753 reason=tracking_pose_accepted
x=0.85 y=2.4999 yaw=-1.96024 score=0.973856 valid=1 mode=tracking state=TRACKING evaluated=807 execution_us=45169 reason=tracking_pose_accepted
x=0.85 y=2.4999 yaw=-1.96117 score=0.974032 valid=1 mode=tracking st