mission_command=START
[YDLIDAR] SDK initializing
[YDLIDAR] SDK has been initialized
[YDLIDAR] SDK Version: 1.2.7
[YDLIDAR] Lidar successfully connected [/dev/ttyS3:230400]
[YDLIDAR] Lidar running correctly! The health status: good
Current Lidar Model Code 151
[YDLIDAR] Baseplate device info
Firmware version: 1.2
Hardware version: 1
Model: Tmini Plus
Serial: 2025042300090381
[YDLIDAR] Current scan frequency: 10.00Hz
[YDLIDAR] Current scan frequency: 10.00Hz
[YDLIDAR] Lidar init success, Elapsed time 954 ms
[YDLIDAR] Create thread 0xA69EA4C0
[YDLIDAR] Successed to start scan mode, Elapsed time 2097 ms
[YDLIDAR] Scan Frequency: 10.00Hz
[YDLIDAR] Fixed Size: 400
[YDLIDAR] Sample Rate: 4.00K
[YDLIDAR] Successed to check the lidar, Elapsed time 0 ms
[2026-07-23 06:10:06][info] [YDLIDAR] Now lidar is scanning...
lidar_state=RUNNING
x=6.25 y=4.55 yaw=1.24355 score=0.97204 valid=1 mode=global state=RECOVERED evaluated=15444 execution_us=828248 reason=initial_global_pose_accepted
x=6.25 y=4.55 yaw=1.24261 score=0.972882 valid=1 mode=tracking state=RECOVERED evaluated=789 execution_us=45100 reason=recovery_confirmation_pending
x=6.25 y=4.55 yaw=1.24168 score=0.972715 valid=1 mode=tracking state=RECOVERED evaluated=789 execution_us=43718 reason=recovery_confirmation_pending
x=6.25 y=4.55 yaw=1.24075 score=0.97079 valid=1 mode=tracking state=TRACKING evaluated=789 execution_us=43584 reason=recovery_confirmed
x=6.25 y=4.55 yaw=1.23981 score=0.971654 valid=1 mode=tracking state=TRACKING evaluated=789 execution_us=43402 reason=tracking_pose_accepted
x=6.25 y=4.55 yaw=1.23888 score=0.973426 valid=1 mode=tracking state=TRACKING evaluated=789 execution_us=43823 reason=tracking_pose_accepted
x=6.25 y=4.55 yaw=1.23794 score=0.973152 valid=1 mode=tracking state=TRACKING evaluated=789 execution_us=43570 reason=tracking_pose_accepted
x=6.25 y=4.55 yaw=1.23701 score=0.973784 valid=1 mode=tracking state=TRACKING evaluated=789 execution_us=44206 reason=tracking_pose_accepted
x=6.25 y=4.55 yaw=1.23608 score=0.974118 valid=1 mode=tracking state=TRACKING evaluated=789 execution_us=43830 reason=tracking_pose_accepted
x=6.25 y=4.55 yaw=1.23514 score=0.969257 valid=1 mode=tracking state=TRACKING evaluated=789 execution_us=44089 reason=tracking_pose_accepted
x=6.25 y=4.55 yaw=1.23421 score=0.970737 valid=1 mode=tracking state=TRACKING evaluated=789 execution_us=44660 reason=tracking_pose_accepted
x=6.25 y=4.55 yaw=1.23327 score=0.972686 valid=1 mode=tracking state=TRACKING evaluated=789 execution_us=43158 reason=tracking_pose_accepted
x=6.24999 y=4.55 yaw=1.23234 score=0.974869 valid=1 mode=tracking state=TRACKING evaluated=789 execution_us=44257 reason=tracking_pose_accepted
x=6.24999 y=4.55 yaw=1.23141 score=0.970551 valid=1 mode=tracking state=TRACKING evaluated=789 execution_us=43239 reason=tracking_pose_accepted
x=6.24999 y=4.55 yaw=1.23047 score=0.971107 valid=1 mode=tracking state=TRACKING evaluated=789 execution_us=43720 reason=tracking_pose_accepted
x=6.24999 y=4.55 yaw=1.22954 score=0.97295 valid=1 mode=tracking state=TRACKING evaluated=789 execution_us=44549 reason=tracking_pose_accepted
x=6.24999 y=4.55 yaw=1.24606 score=0.967849 valid=1 mode=tracking state=TRACKING evaluated=789 execution_us=43267 reason=tracking_pose_accepted
x=6.24999 y=4.55 yaw=1.22767 score=0.96732 valid=1 mode=tracking state=TRACKING evaluated=789 execution_us=43735 reason=tracking_pose_accepted
x=6.24999 y=4.55 yaw=1.24419 score=0.969847 valid=1 mode=tracking state=TRACKING evaluated=789 execution_us=43627 reason=tracking_pose_accepted
x=6.24999 y=4.5 yaw=1.20835 score=0.97048 valid=1 mode=tracking state=TRACKING evaluated=789 execution_us=44200 reason=tracking_pose_accepted
x=6.24999 y=4.55 yaw=1.24232 score=0.970525 valid=1 mode=tracking state=TRACKING evaluated=789 execution_us=43377 reason=tracking_pose_accepted
x=6.24999 y=4.55 yaw=1.24139 score=0.97358 valid=1 mode=tracking state=TRACKING evaluated=789 execution_us=44845 reason=tracking_pose_accepted
x=6.24999 y=4.55 yaw=1.24045 score=0.971148 valid=1 mode=tracking state=TRACKING evaluated=789 execution_us=43489 reason=tracking_pose_accepted
x=6.24999 y=4.55 yaw=1.23952 score=0.970448 valid=1 mode=tracking state=TRACKING evaluated=789 execution_us=43418 reason=tracking_pose_accepted
x=6.24999 y=4.55 yaw=1.23859 score=0.971859 valid=1 mode=tracking state=TRACKING evaluated=789 execution_us=43344 reason=tracking_pose_accepted
x=6.24999 y=4.55 yaw=1.23765 score=0.97309 valid=1 mode=tracking state=TRACKING evaluated=789 execution_us=43434 reason=tracking_pose_accepted
x=6.24999 y=4.55 yaw=1.23672 score=0.972215 valid=1 mode=tracking state=TRACKING evaluated=789 execution_us=43666 reason=tracking_pose_accepted
x=6.24999 y=4.55 yaw=1.23578 score=0.975112 valid=1 mode=tracking state=TRACKING evaluated=789 execution_us=44252 reason=tracking_pose_accepted
x=6.24999 y=4.55 yaw=1.23485 score=0.973133 valid=1 mode=tracking state=TRACKING evaluated=789 execution_us=43096 reason=tracking_pose_accepted
x=6.24999 y=4.55 yaw=1.23392 score=0.971503 valid=1 mode=tracking state=TRACKING evaluated=789 execution_us=43336 reason=tracking_pose_accepted
x=6.24999 y=4.55 yaw=1.23298 score=0.972332 valid=1 mode=tracking state=TRACKING evaluated=789 execution_us=43737 reason=tracking_pose_accepted
x=6.24999 y=4.55 yaw=1.23205 score=0.97285 valid=1 mode=tracking state=TRACKING evaluated=789 execution_us=43580 reason=tracking_pose_accepted
x=6.24999 y=4.55 yaw=1.23112 score=0.971099 valid=1 mode=tracking state=TRACKING evaluated=789 execution_us=43506 reason=tracking_pose_accepted
x=6.24998 y=4.55 yaw=1.23018 score=0.972477 valid=1 mode=tracking state=TRACKING evaluated=789 execution_us=44187 reason=tracking_pose_accepted
x=6.24998 y=4.55 yaw=1.22925 score=0.967355 valid=1 mode=tracking state=TRACKING evaluated=789 execution_us=43359 reason=tracking_pose_accepted
x=6.24998 y=4.55 yaw=1.22831 score=0.969863 valid=1 mode=tracking state=TRACKING evaluated=789 execution_us=43783 reason=tracking_pose_accepted
x=6.24998 y=4.55 yaw=1.24483 score=0.966975 valid=1 mode=tracking state=TRACKING evaluated=789 execution_us=43351 reason=tracking_pose_accepted
x=6.24998 y=4.55 yaw=1.22645 score=0.967386 valid=1 mode=tracking state=TRACKING evaluated=789 execution_us=43719 reason=tracking_pose_accepted
x=6.24998 y=4.55 yaw=1.24297 score=0.970231 valid=1 mode=tracking state=TRACKING evaluated=789 execution_us=43433 reason=tracking_pose_accepted
x=6.24998 y=4.55 yaw=1.24203 score=0.972393 valid=1 mode=tracking state=TRACKING evaluated=789 execution_us=43352 reason=tracking_pose_accepted
x=6.24998 y=4.55 yaw=1.2411 score=0.972247 valid=1 mode=tracking state=TRACKING evaluated=789 execution_us=43491 reason=tracking_pose_accepted
x=6.24998 y=4.55 yaw=1.24016 score=0.973232 valid=1 mode=tracking state=TRACKING evaluated=789 execution_us=43597 reason=tracking_pose_accepted
x=6.24998 y=4.55 yaw=1.23923 score=0.970562 valid=1 mode=tracking state=TRACKING evaluated=789 execution_us=43415 reason=tracking_pose_accepted
x=6.24998 y=4.55 yaw=1.2383 score=0.970516 valid=1 mode=tracking state=TRACKING evaluated=789 execution_us=43976 reason=tracking_pose_accepted
x=6.24998 y=4.55 yaw=1.23736 score=0.973638 valid=1 mode=tracking state=TRACKING evaluated=789 execution_us=43810 reason=tracking_pose_accepted
x=6.24998 y=4.55 yaw=1.23643 score=0.972831 valid=1 mode=tracking state=TRACKING evaluated=789 execution_us=44061 reason=tracking_pose_accepted
x=6.24998 y=4.55 yaw=1.23549 score=0.974433 valid=1 mode=tracking state=TRACKING evaluated=789 execution_us=44405 reason=tracking_pose_accepted
x=6.24998 y=4.55 yaw=1.23456 score=0.971071 valid=1 mode=tracking state=TRACKING evaluated=789 execution_us=43336 reason=tracking_pose_accepted
x=6.24998 y=4.55 yaw=1.23363 score=0.972207 valid=1 mode=tracking state=TRACKING evaluated=789 execution_us=43726 reason=tracking_pose_accepted
x=6.24998 y=4.55 yaw=1.23269 score=0.97295 valid=1 mode=tracking state=TRACKING evaluated=789 execution_us=43869 reason=tracking_pose_accepted
x=6.24998 y=4.55 yaw=1.23176 score=0.969024 valid=1 mode=tracking state=TRACKING evaluated=789 execution_us=43541 reason=tracking_pose_accepted
x=6.24998 y=4.55 yaw=1.23082 score=0.969694 valid=1 mode=tracking state=TRACKING evaluated=789 execution_us=43675 reason=tracking_pose_accepted
x=6.24998 y=4.55 yaw=1.22989 score=0.970949 valid=1 mode=tracking state=TRACKING evaluated=789 execution_us=43478 reason=tracking_pose_accepted
x=6.24998 y=4.55 yaw=1.22896 score=0.972351 valid=1 mode=tracking state=TRACKING evaluated=789 execution_us=44165 reason=tracking_pose_accepted
x=6.24997 y=4.55 yaw=1.22802 score=0.969554 valid=1 mode=tracking state=TRACKING evaluated=789 execution_us=44224 reason=tracking_pose_accepted
x=6.24997 y=4.55 yaw=1.24454 score=0.967731 valid=1 mode=tracking state=TRACKING evaluated=789 execution_us=43487 reason=tracking_pose_accepted
x=6.24997 y=4.55 yaw=1.24361 score=0.97 valid=1 mode=tracking state=TRACKING evaluated=789 execution_us=44698 reason=tracking_pose_accepted
x=6.24997 y=4.55 yaw=1.24267 score=0.969942 valid=1 mode=tracking state=TRACKING evaluated=789 execution_us=43329 reason=tracking_pose_accepted
x=6.24997 y=4.55 yaw=1.24174 score=0.967944 valid=1 mode=tracking state=TRACKING evaluated=789 execution_us=43370 reason=tracking_pose_accepted
x=6.24997 y=4.55 yaw=1.24081 score=0.970691 valid=1 mode=tracking state=TRACKING evaluated=789 execution_us=44201 reason=tracking_pose_accepted
x=6.24997 y=4.55 yaw=1.23987 score=0.973189 valid=1 mode=tracking state=TRACKING evaluated=789 execution_us=43244 reason=tracking_pose_accepted
x=6.24997 y=4.55 yaw=1.23894 score=0.972184 valid=1 mode=tracking state=TRACKING evaluated=789 execution_us=43187 reason=tracking_pose_accepted
x=6.24997 y=4.55 yaw=1.23801 score=0.974063 valid=1 mode=tracking state=TRACKING evaluated=789 execution_us=42997 reason=tracking_pose_accepted
x=6.24997 y=4.55 yaw=1.23707 score=0.970516 valid=1 mode=tracking state=TRACKING evaluated=789 execution_us=43403 reason=tracking_pose_accepted
x=6.24997 y=4.55 yaw=1.23614 score=0.972312 valid=1 mode=tracking state=TRACKING evaluated=789 execution_us=44557 reason=tracking_pose_accepted
x=6.24997 y=4.55 yaw=1.2352 score=0.973335 valid=1 mode=tracking state=TRACKING evaluated=789 execution_us=43414 reason=tracking_pose_accepted
x=6.24997 y=4.55 yaw=1.23427 score=0.971064 valid=1 mode=tracking state=TRACKING evaluated=789 execution_us=80873 reason=tracking_pose_accepted
x=6.24997 y=4.55 yaw=1.23334 score=0.972874 valid=1 mode=tracking state=TRACKING evaluated=789 execution_us=43357 reason=tracking_pose_accepted
x=6.24997 y=4.5 yaw=1.21495 score=0.966537 valid=1 mode=tracking state=TRACKING evaluated=789 execution_us=43683 reason=tracking_pose_accepted
x=6.24997 y=4.55 yaw=1.23147 score=0.972131 valid=1 mode=tracking state=TRACKING evaluated=789 execution_us=43532 reason=tracking_pose_accepted
x=6.24997 y=4.55 yaw=1.23053 score=0.971691 valid=1 mode=tracking state=TRACKING evaluated=789 execution_us=43258 reason=tracking_pose_accepted
x=6.24997 y=4.55 yaw=1.2296 score=0.968157 valid=1 mode=tracking state=TRACKING evaluated=789 execution_us=43206 reason=tracking_pose_accepted
x=6.24997 y=4.5 yaw=1.21121 score=0.969216 valid=1 mode=tracking state=TRACKING evaluated=789 execution_us=43498 reason=tracking_pose_accepted
x=6.24997 y=4.55 yaw=1.22773 score=0.969018 valid=1 mode=tracking state=TRACKING evaluated=789 execution_us=44022 reason=tracking_pose_accepted
x=6.24997 y=4.55 yaw=1.24425 score=0.968984 valid=1 mode=tracking state=TRACKING evaluated=789 execution_us=43030 reason=tracking_pose_accepted
x=6.24996 y=4.55 yaw=1.24332 score=0.970385 valid=1 mode=tracking state=TRACKING evaluated=789 execution_us=43518 reason=tracking_pose_accepted
x=6.24996 y=4.55 yaw=1.24238 score=0.969955 valid=1 mode=tracking state=TRACKING evaluated=789 execution_us=43846 reason=tracking_pose_accepted
x=6.24996 y=4.55 yaw=1.24145 score=0.968711 valid=1 mode=tracking state=TRACKING evaluated=789 execution_us=43564 reason=tracking_pose_accepted
x=6.24996 y=4.55 yaw=1.24052 score=0.970231 valid=1 mode=tracking state=TRACKING evaluated=789 execution_us=76188 reason=tracking_pose_accepted
x=6.24996 y=4.55 yaw=1.23958 score=0.971829 valid=1 mode=tracking state=TRACKING evaluated=789 execution_us=43466 reason=tracking_pose_accepted
x=6.24996 y=4.55 yaw=1.23865 score=0.971808 valid=1 mode=tracking state=TRACKING evaluated=789 execution_us=43722 reason=tracking_pose_accepted
x=6.24996 y=4.55 yaw=1.23771 score=0.973096 valid=1 mode=tracking state=TRACKING evaluated=789 execution_us=43868 reason=tracking_pose_accepted
x=6.24996 y=4.55 yaw=1.23678 score=0.972058 valid=1 mode=tracking state=TRACKING evaluated=789 execution_us=43253 reason=tracking_pose_accepted
x=6.24996 y=4.55 yaw=1.23585 score=0.974114 valid=1 mode=tracking state=TRACKING evaluated=789 execution_us=44691 reason=tracking_pose_accepted
x=6.24996 y=4.55 yaw=1.23491 score=0.97378 valid=1 mode=tracking state=TRACKING evaluated=789 execution_us=43564 reason=tracking_pose_accepted
x=6.24996 y=4.55 yaw=1.23398 score=0.973149 valid=1 mode=tracking state=TRACKING evaluated=789 execution_us=44227 reason=tracking_pose_accepted
x=6.24996 y=4.55 yaw=1.23305 score=0.972611 valid=1 mode=tracking state=TRACKING evaluated=789 execution_us=44484 reason=tracking_pose_accepted
x=6.24996 y=4.55 yaw=1.23211 score=0.972203 valid=1 mode=tracking state=TRACKING evaluated=789 execution_us=43215 reason=tracking_pose_accepted
x=6.24996 y=4.55 yaw=1.23118 score=0.96871 valid=1 mode=tracking state=TRACKING evaluated=789 execution_us=45132 reason=tracking_pose_accepted
x=6.24996 y=4.55 yaw=1.23024 score=0.970081 valid=1 mode=tracking state=TRACKING evaluated=789 execution_us=43595 reason=tracking_pose_accepted
x=6.24996 y=4.55 yaw=1.22931 score=0.970813 valid=1 mode=tracking state=TRACKING evaluated=789 execution_us=43425 reason=tracking_pose_accepted
x=6.24996 y=4.55 yaw=1.22838 score=0.97217 valid=1 mode=tracking state=TRACKING evaluated=789 execution_us=44798 reason=tracking_pose_accepted
x=6.24996 y=4.55 yaw=1.2449 score=0.97041 valid=1 mode=tracking state=TRACKING evaluated=789 execution_us=43282 reason=tracking_pose_accepted
x=6.24996 y=4.55 yaw=1.22651 score=0.96767 valid=1 mode=tracking state=TRACKING evaluated=789 execution_us=43475 reason=tracking_pose_accepted
x=6.24996 y=4.55 yaw=1.24303 score=0.968879 valid=1 mode=tracking state=TRACKING evaluated=789 execution_us=43343 reason=tracking_pose_accepted
x=6.24996 y=4.55 yaw=1.24209 score=0.971153 valid=1 mode=tracking state=TRACKING evaluated=789 execution_us=44164 reason=tracking_pose_accepted
x=6.24995 y=4.55 yaw=1.24116 score=0.969697 valid=1 mode=tracking state=TRACKING evaluated=789 execution_us=43309 reason=tracking_pose_accepted
x=6.24995 y=4.55 yaw=1.24023 score=0.973414 valid=1 mode=tracking state=TRACKING evaluated=789 execution_us=44266 reason=tracking_pose_accepted
x=6.24995 y=4.55 yaw=1.23929 score=0.973983 valid=1 mode=tracking state=TRACKING evaluated=789 execution_us=44078 reason=tracking_pose_accepted
x=6.24995 y=4.55 yaw=1.23836 score=0.970714 valid=1 mode=tracking state=TRACKING evaluated=789 execution_us=43582 reason=tracking_pose_accepted
x=6.24995 y=4.55 yaw=1.23742 score=0.970805 valid=1 mode=tracking state=TRACKING evaluated=789 execution_us=43575 reason=tracking_pose_accepted
x=6.24995 y=4.55 yaw=1.23649 score=0.970326 valid=1 mode=tracking state=TRACKING evaluated=789 execution_us=43121 reason=tracking_pose_accepted
x=6.24995 y=4.55 yaw=1.23556 score=0.973294 valid=1 mode=tracking state=TRACKING evaluated=789 execution_us=44057 reason=tracking_pose_accepted
x=6.24995 y=4.55 yaw=1.23462 score=0.972088 valid=1 mode=tracking state=TRACKING evaluated=789 execution_us=42896 reason=tracking_pose_accepted
x=6.24995 y=4.55 yaw=1.23369 score=0.972249 valid=1 mode=tracking state=TRACKING evaluated=789 execution_us=43750 reason=tracking_pose_accepted
x=6.24995 y=4.55 yaw=1.23275 score=0.972444 valid=1 mode=tracking state=TRACKING evaluated=789 execution_us=43296 reason=tracking_pose_accepted
x=6.24995 y=4.55 yaw=1.23182 score=0.972736 valid=1 mode=tracking state=TRACKING evaluated=789 execution_us=43699 reason=tracking_pose_accepted
x=6.24995 y=4.55 yaw=1.23089 score=0.97228 valid=1 mode=tracking state=TRACKING evaluated=789 execution_us=43724 reason=tracking_pose_accepted
x=6.24995 y=4.55 yaw=1.22995 score=0.970039 valid=1 mode=tracking state=TRACKING evaluated=789 execution_us=43312 reason=tracking_pose_accepted
x=6.24995 y=4.55 yaw=1.22902 score=0.969634 valid=1 mode=tracking state=TRACKING evaluated=789 execution_us=45080 reason=tracking_pose_accepted
x=6.24995 y=4.55 yaw=1.22809 score=0.968711 valid=1 mode=tracking state=TRACKING evaluated=789 execution_us=43753 reason=tracking_pose_accepted
x=6.24995 y=4.55 yaw=1.2446 score=0.970537 valid=1 mode=tracking state=TRACKING evaluated=789 execution_us=44133 reason=tracking_pose_accepted
x=6.24995 y=4.55 yaw=1.24367 score=0.970557 valid=1 mode=tracking state=TRACKING evaluated=789 execution_us=43130 reason=tracking_pose_accepted
x=6.24995 y=4.5 yaw=1.20783 score=0.967306 valid=1 mode=tracking state=TRACKING evaluated=789 execution_us=42940 reason=tracking_pose_accepted
x=6.24995 y=4.55 yaw=1.2418 score=0.970076 valid=1 mode=tracking state=TRACKING evaluated=789 execution_us=43705 reason=tracking_pose_accepted
x=6.24995 y=4.55 yaw=1.24087 score=0.969613 valid=1 mode=tracking state=TRACKING evaluated=789 execution_us=43168 reason=tracking_pose_accepted
x=6.24995 y=4.55 yaw=1.23994 score=0.972424 valid=1 mode=tracking state=TRACKING evaluated=789 execution_us=43376 reason=tracking_pose_accepted
x=6.24994 y=4.55 yaw=1.239 score=0.973977 valid=1 mode=tracking state=TRACKING evaluated=789 execution_us=43780 reason=tracking_pose_accepted
x=6.24994 y=4.55 yaw=1.23807 score=0.9743 valid=1 mode=tracking state=TRACKING evaluated=789 execution_us=43604 reason=tracking_pose_accepted
x=6.24994 y=4.55 yaw=1.23713 score=0.974095 valid=1 mode=tracking state=TRACKING evaluated=789 execution_us=43515 reason=tracking_pose_accepted
x=6.24994 y=4.55 yaw=1.2362 score=0.973714 valid=1 mode=tracking state=TRACKING evaluated=789 execution_us=43436 reason=tracking_pose_accepted
x=6.24994 y=4.55 yaw=1.23527 score=0.974896 valid=1 mode=tracking state=TRACKING evaluated=789 execution_us=43730 reason=tracking_pose_accepted
x=6.24994 y=4.55 yaw=1.23433 score=0.973286 valid=1 mode=tracking state=TRACKING evaluated=789 execution_us=43498 reason=tracking_pose_accepted
x=6.24994 y=4.55 yaw=1.2334 score=0.97476 valid=1 mode=tracking state=TRACKING evaluated=789 execution_us=43522 reason=tracking_pose_accepted
x=6.24994 y=4.55 yaw=1.23246 score=0.97152 valid=1 mode=tracking state=TRACKING evaluated=789 execution_us=44257 reason=tracking_pose_accepted
x=6.24994 y=4.55 yaw=1.23153 score=0.970844 valid=1 mode=tracking state=TRACKING evaluated=789 execution_us=43393 reason=tracking_pose_accepted
x=6.24994 y=4.55 yaw=1.2306 score=0.972591 valid=1 mode=tracking state=TRACKING evaluated=789 execution_us=43696 reason=tracking_pose_accepted
x=6.24994 y=4.55 yaw=1.22966 score=0.972673 valid=1 mode=tracking state=TRACKING evaluated=789 execution_us=47947 reason=tracking_pose_accepted
x=6.24994 y=4.55 yaw=1.22873 score=0.971378 valid=1 mode=tracking state=TRACKING evaluated=789 execution_us=43317 reason=tracking_pose_accepted
x=6.24994 y=4.55 yaw=1.22779 score=0.969241 valid=1 mode=tracking state=TRACKING evaluated=789 execution_us=44175 reason=tracking_pose_accepted
x=6.24994 y=4.55 yaw=1.22686 score=0.96663 valid=1 mode=tracking state=TRACKING evaluated=789 execution_us=44188 reason=tracking_pose_accepted
x=6.24994 y=4.55 yaw=1.24338 score=0.971238 valid=1 mode=tracking state=TRACKING evaluated=789 execution_us=43925 reason=tracking_pose_accepted
x=6.24994 y=4.55 yaw=1.24245 score=0.969271 valid=1 mode=tracking state=TRACKING evaluated=789 execution_us=44097 reason=tracking_pose_accepted
x=6.24994 y=4.55 yaw=1.24151 score=0.97235 valid=1 mode=tracking state=TRACKING evaluated=789 execution_us=43344 reason=tracking_pose_accepted
x=6.24994 y=4.55 yaw=1.24058 score=0.973512 valid=1 mode=tracking state=TRACKING evaluated=789 execution_us=44313 reason=tracking_pose_accepted
x=6.24994 y=4.55 yaw=1.23964 score=0.972685 valid=1 mode=tracking state=TRACKING evaluated=789 execution_us=43458 reason=tracking_pose_accepted
x=6.24994 y=4.55 yaw=1.23871 score=0.972787 valid=1 mode=tracking state=TRACKING evaluated=789 execution_us=44053 reason=tracking_pose_accepted
x=6.24994 y=4.55 yaw=1.23778 score=0.97161 valid=1 mode=tracking state=TRACKING evaluated=789 execution_us=44067 reason=tracking_pose_accepted
x=6.24993 y=4.55 yaw=1.23684 score=0.974089 valid=1 mode=tracking state=TRACKING evaluated=789 execution_us=43490 reason=tracking_pose_accepted
x=6.24993 y=4.55 yaw=1.23591 score=0.974896 valid=1 mode=tracking state=TRACKING evaluated=789 execution_us=43162 reason=tracking_pose_accepted
x=6.24993 y=4.55 yaw=1.23498 score=0.97118 valid=1 mode=tracking state=TRACKING evaluated=789 execution_us=44225 reason=tracking_pose_accepted
x=6.24993 y=4.55 yaw=1.23404 score=0.973612 valid=1 mode=tracking state=TRACKING evaluated=789 execution_us=43538 reason=tracking_pose_accepted
x=6.24993 y=4.55 yaw=1.23311 score=0.972758 valid=1 mode=tracking state=TRACKING evaluated=789 execution_us=43254 reason=tracking_pose_accepted
x=6.24993 y=4.55 yaw=1.23217 score=0.975229 valid=1 mode=tracking state=TRACKING evaluated=789 execution_us=43779 reason=tracking_pose_accepted
x=6.24993 y=4.55 yaw=1.23124 score=0.972823 valid=1 mode=tracking state=TRACKING evaluated=789 execution_us=42892 reason=tracking_pose_accepted
x=6.24993 y=4.55 yaw=1.23031 score=0.970014 valid=1 mode=tracking state=TRACKING evaluated=789 execution_us=44127 reason=tracking_pose_accepted
x=6.24993 y=4.55 yaw=1.22937 score=0.969319 valid=1 mode=tracking state=TRACKING evaluated=789 execution_us=43689 reason=tracking_pose_accepted
x=6.24993 y=4.55 yaw=1.22844 score=0.969264 valid=1 mode=tracking state=TRACKING evaluated=789 execution_us=43184 reason=tracking_pose_accepted
x=6.24993 y=4.55 yaw=1.2275 score=0.966725 valid=1 mode=tracking state=TRACKING evaluated=789 execution_us=43688 reason=tracking_pose_accepted
x=6.24993 y=4.55 yaw=1.24402 score=0.972466 valid=1 mode=tracking state=TRACKING evaluated=789 execution_us=43331 reason=tracking_pose_accepted
x=6.24993 y=4.55 yaw=1.24309 score=0.969103 valid=1 mode=tracking state=TRACKING evaluated=789 execution_us=43748 reason=tracking_pose_accepted
x=6.24993 y=4.55 yaw=1.2247 score=0.968846 valid=1 mode=tracking state=TRACKING evaluated=789 execution_us=43462 reason=tracking_pose_accepted
x=6.24993 y=4.55 yaw=1.24122 score=0.972435 valid=1 mode=tracking state=TRACKING evaluated=789 execution_us=43570 reason=tracking_pose_accepted
x=6.24993 y=4.55 yaw=1.24029 score=0.971978 valid=1 mode=tracking state=TRACKING evaluated=789 execution_us=43680 reason=tracking_pose_accepted
x=6.24993 y=4.55 yaw=1.23935 score=0.972759 valid=1 mode=tracking state=TRACKING evaluated=789 execution_us=43002 reason=tracking_pose_accepted
x=6.24993 y=4.55 yaw=1.23842 score=0.970439 valid=1 mode=tracking state=TRACKING evaluated=789 execution_us=43976 reason=tracking_pose_accepted
x=6.24993 y=4.55 yaw=1.23749 score=0.970656 valid=1 mode=tracking state=TRACKING evaluated=789 execution_us=43622 reason=tracking_pose_accepted
x=6.24993 y=4.55 yaw=1.23655 score=0.972612 valid=1 mode=tracking state=TRACKING evaluated=789 execution_us=43044 reason=tracking_pose_accepted
x=6.24993 y=4.55 yaw=1.23562 score=0.974299 valid=1 mode=tracking state=TRACKING evaluated=789 execution_us=44014 reason=tracking_pose_accepted
x=6.24992 y=4.55 yaw=1.23468 score=0.97378 valid=1 mode=tracking state=TRACKING evaluated=789 execution_us=43469 reason=tracking_pose_accepted
x=6.24992 y=4.55 yaw=1.23375 score=0.969897 valid=1 mode=tracking state=TRACKING evaluated=789 execution_us=44122 reason=tracking_pose_accepted
x=6.24992 y=4.55 yaw=1.23282 score=0.97366 valid=1 mode=tracking state=TRACKING evaluated=789 execution_us=43438 reason=tracking_pose_accepted
x=6.24992 y=4.55 yaw=1.23188 score=0.97337 valid=1 mode=tracking state=TRACKING evaluated=789 execution_us=44325 reason=tracking_pose_accepted
x=6.24992 y=4.55 yaw=1.23095 score=0.970114 valid=1 mode=tracking state=TRACKING evaluated=789 execution_us=43161 reason=tracking_pose_accepted
x=6.24992 y=4.55 yaw=1.23002 score=0.972114 valid=1 mode=tracking state=TRACKING evaluated=789 execution_us=44374 reason=tracking_pose_accepted
x=6.24992 y=4.55 yaw=1.22908 score=0.973092 valid=1 mode=tracking state=TRACKING evaluated=789 execution_us=44189 reason=tracking_pose_accepted
x=6.24992 y=4.55 yaw=1.2456 score=0.967993 valid=1 mode=tracking state=TRACKING evaluated=789 execution_us=43205 reason=tracking_pose_accepted
x=6.24992 y=4.55 yaw=1.22721 score=0.967984 valid=1 mode=tracking state=TRACKING evaluated=789 execution_us=43543 reason=tracking_pose_accepted
x=6.24992 y=4.55 yaw=1.22628 score=0.971256 valid=1 mode=tracking state=TRACKING evaluated=789 execution_us=43843 reason=tracking_pose_accepted
x=6.24992 y=4.55 yaw=1.2428 score=0.972037 valid=1 mode=tracking state=TRACKING evaluated=789 execution_us=44673 reason=tracking_pose_accepted
x=6.24992 y=4.55 yaw=1.24187 score=0.971148 valid=1 mode=tracking state=TRACKING evaluated=789 execution_us=44003 reason=tracking_pose_accepted
x=6.24992 y=4.55 yaw=1.24093 score=0.970883 valid=1 mode=tracking state=TRACKING evaluated=789 execution_us=42957 reason=tracking_pose_accepted
x=6.24992 y=4.55 yaw=1.24 score=0.971767 valid=1 mode=tracking state=TRACKING evaluated=789 execution_us=44571 reason=tracking_pose_accepted
x=6.24992 y=4.55 yaw=1.23906 score=0.969162 valid=1 mode=tracking state=TRACKING evaluated=789 execution_us=43093 reason=tracking_pose_accepted
x=6.24992 y=4.55 yaw=1.23813 score=0.973784 valid=1 mode=tracking state=TRACKING evaluated=789 execution_us=43563 reason=tracking_pose_accepted
x=6.24992 y=4.55 yaw=1.2372 score=0.97259 valid=1 mode=tracking state=TRACKING evaluated=789 execution_us=44409 reason=tracking_pose_accepted
x=6.24992 y=4.55 yaw=1.23626 score=0.97395 valid=1 mode=tracking state=TRACKING evaluated=789 execution_us=43045 reason=tracking_pose_accepted
x=6.24992 y=4.55 yaw=1.23533 score=0.975493 valid=1 mode=tracking state=TRACKING evaluated=789 execution_us=42991 reason=tracking_pose_accepted
x=6.24992 y=4.55 yaw=1.23439 score=0.974618 valid=1 mode=tracking state=TRACKING evaluated=789 execution_us=45067 reason=tracking_pose_accepted
x=6.24992 y=4.55 yaw=1.23346 score=0.973054 valid=1 mode=tracking state=TRACKING evaluated=789 execution_us=42860 reason=tracking_pose_accepted
x=6.24991 y=4.55 yaw=1.23253 score=0.972286 valid=1 mode=tracking state=TRACKING evaluated=789 execution_us=43074 reason=tracking_pose_accepted
x=6.24991 y=4.55 yaw=1.23159 score=0.970713 valid=1 mode=tracking state=TRACKING evaluated=789 execution_us=43820 reason=tracking_pose_accepted
x=6.24991 y=4.55 yaw=1.23066 score=0.971387 valid=1 mode=tracking state=TRACKING evaluated=789 execution_us=43760 reason=tracking_pose_accepted
x=6.24991 y=4.55 yaw=1.22972 score=0.974447 valid=1 mode=tracking state=TRACKING evaluated=789 execution_us=43694 reason=tracking_pose_accepted
x=6.24991 y=4.55 yaw=1.22879 score=0.973545 valid=1 mode=tracking state=TRACKING evaluated=789 execution_us=42720 reason=tracking_pose_accepted
x=6.24991 y=4.55 yaw=1.22786 score=0.975753 valid=1 mode=tracking state=TRACKING evaluated=789 execution_us=43360 reason=tracking_pose_accepted
x=6.24991 y=4.5 yaw=1.20947 score=0.975104 valid=1 mode=tracking state=TRACKING evaluated=789 execution_us=43197 reason=tracking_pose_accepted
x=6.24991 y=4.55 yaw=1.22599 score=0.979443 valid=1 mode=tracking state=TRACKING evaluated=789 execution_us=42917 reason=tracking_pose_accepted
x=6.24991 y=4.55 yaw=1.22506 score=0.978696 valid=1 mode=tracking state=TRACKING evaluated=789 execution_us=42714 reason=tracking_pose_accepted
x=6.24991 y=4.55 yaw=1.24157 score=0.981706 valid=1 mode=tracking state=TRACKING evaluated=789 execution_us=43140 reason=tracking_pose_accepted
x=6.24991 y=4.55 yaw=1.24064 score=0.982663 valid=1 mode=tracking state=TRACKING evaluated=789 execution_us=44488 reason=tracking_pose_accepted
x=6.24991 y=4.55 yaw=1.23971 score=0.982242 valid=1 mode=tracking state=TRACKING evaluated=789 execution_us=43212 reason=tracking_pose_accepted
x=6.24991 y=4.55 yaw=1.23877 score=0.9819 valid=1 mode=tracking state=TRACKING evaluated=789 execution_us=43482 reason=tracking_pose_accepted
x=6.24991 y=4.55 yaw=1.23784 score=0.982927 valid=1 mode=tracking state=TRACKING evaluated=789 execution_us=43559 reason=tracking_pose_accepted
x=6.24991 y=4.55 yaw=1.23691 score=0.980918 valid=1 mode=tracking state=TRACKING evaluated=789 execution_us=43341 reason=tracking_pose_accepted
x=6.24991 y=4.55 yaw=1.23597 score=0.982783 valid=1 mode=tracking state=TRACKING evaluated=789 execution_us=42386 reason=tracking_pose_accepted
x=6.24991 y=4.55 yaw=1.23504 score=0.984438 valid=1 mode=tracking state=TRACKING evaluated=789 execution_us=43541 reason=tracking_pose_accepted
x=6.24991 y=4.55 yaw=1.2341 score=0.984145 valid=1 mode=tracking state=TRACKING evaluated=789 execution_us=43008 reason=tracking_pose_accepted
x=6.24991 y=4.55 yaw=1.23317 score=0.978868 valid=1 mode=tracking state=TRACKING evaluated=789 execution_us=42892 reason=tracking_pose_accepted
x=6.24991 y=4.55 yaw=1.23224 score=0.98482 valid=1 mode=tracking state=TRACKING evaluated=789 execution_us=43134 reason=tracking_pose_accepted
x=6.24991 y=4.55 yaw=1.2313 score=0.978737 valid=1 mode=tracking state=TRACKING evaluated=789 execution_us=43785 reason=tracking_pose_accepted
x=6.2499 y=4.55 yaw=1.23037 score=0.982146 valid=1 mode=tracking state=TRACKING evaluated=789 execution_us=42914 reason=tracking_pose_accepted
x=6.2499 y=4.55 yaw=1.22943 score=0.982837 valid=1 mode=tracking state=TRACKING evaluated=789 execution_us=44093 reason=tracking_pose_accepted
x=6.2499 y=4.55 yaw=1.2285 score=0.980703 valid=1 mode=tracking state=TRACKING evaluated=789 execution_us=43772 reason=tracking_pose_accepted
x=6.2499 y=4.55 yaw=1.24502 score=0.980499 valid=1 mode=tracking state=TRACKING evaluated=789 execution_us=42689 reason=tracking_pose_accepted
x=6.2499 y=4.55 yaw=1.24409 score=0.979554 valid=1 mode=tracking state=TRACKING evaluated=789 execution_us=55698 reason=tracking_pose_accepted
x=6.2499 y=4.55 yaw=1.24315 score=0.979856 valid=1 mode=tracking state=TRACKING evaluated=789 execution_us=43299 reason=tracking_pose_accepted
x=6.2499 y=4.55 yaw=1.22476 score=0.978811 valid=1 mode=tracking state=TRACKING evaluated=789 execution_us=43111 reason=tracking_pose_accepted
x=6.2499 y=4.55 yaw=1.24128 score=0.977265 valid=1 mode=tracking state=TRACKING evaluated=789 execution_us=42978 reason=tracking_pose_accepted
x=6.2499 y=4.55 yaw=1.24035 score=0.979922 valid=1 mode=tracking state=TRACKING evaluated=789 execution_us=43515 reason=tracking_pose_accepted
x=6.2499 y=4.55 yaw=1.23942 score=0.979193 valid=1 mode=tracking state=TRACKING evaluated=789 execution_us=44000 reason=tracking_pose_accepted
x=6.2499 y=4.55 yaw=1.23848 score=0.982417 valid=1 mode=tracking state=TRACKING evaluated=789 execution_us=43469 reason=tracking_pose_accepted
x=6.2499 y=4.5 yaw=1.2201 score=0.978411 valid=1 mode=tracking state=TRACKING evaluated=789 execution_us=43741 reason=tracking_pose_accepted
x=6.2499 y=4.55 yaw=1.23661 score=0.982384 valid=1 mode=tracking state=TRACKING evaluated=789 execution_us=43777 reason=tracking_pose_accepted
x=6.2499 y=4.55 yaw=1.23568 score=0.980025 valid=1 mode=tracking state=TRACKING evaluated=789 execution_us=43161 reason=tracking_pose_accepted
x=6.2499 y=4.55 yaw=1.23475 score=0.982617 valid=1 mode=tracking state=TRACKING evaluated=789 execution_us=43629 reason=tracking_pose_accepted
x=6.2499 y=4.55 yaw=1.23381 score=0.98351 valid=1 mode=tracking state=TRACKING evaluated=789 execution_us=42941 reason=tracking_pose_accepted
x=6.2499 y=4.55 yaw=1.21543 score=0.975323 valid=1 mode=tracking state=TRACKING evaluated=789 execution_us=43408 reason=tracking_pose_accepted
x=6.2499 y=4.55 yaw=1.23195 score=0.981973 valid=1 mode=tracking state=TRACKING evaluated=789 execution_us=43048 reason=tracking_pose_accepted
x=6.2499 y=4.55 yaw=1.23101 score=0.980701 valid=1 mode=tracking state=TRACKING evaluated=789 execution_us=44094 reason=tracking_pose_accepted
x=6.2499 y=4.55 yaw=1.23008 score=0.982465 valid=1 mode=tracking state=TRACKING evaluated=789 execution_us=42640 reason=tracking_pose_accepted
x=6.2499 y=4.55 yaw=1.22914 score=0.979614 valid=1 mode=tracking state=TRACKING evaluated=789 execution_us=44315 reason=tracking_pose_accepted
x=6.24989 y=4.55 yaw=1.22821 score=0.982478 valid=1 mode=tracking state=TRACKING evaluated=789 execution_us=43270 reason=tracking_pose_accepted
x=6.24989 y=4.55 yaw=1.22728 score=0.978785 valid=1 mode=tracking state=TRACKING evaluated=789 execution_us=42330 reason=tracking_pose_accepted
x=6.24989 y=4.55 yaw=1.22634 score=0.979513 valid=1 mode=tracking state=TRACKING evaluated=789 execution_us=44665 reason=tracking_pose_accepted
x=6.24989 y=4.55 yaw=1.24286 score=0.981657 valid=1 mode=tracking state=TRACKING evaluated=789 execution_us=43015 reason=tracking_pose_accepted
x=6.24989 y=4.55 yaw=1.24193 score=0.981282 valid=1 mode=tracking state=TRACKING evaluated=789 execution_us=42716 reason=tracking_pose_accepted
x=6.24989 y=4.5 yaw=1.20609 score=0.98116 valid=1 mode=tracking state=TRACKING evaluated=789 execution_us=43370 reason=tracking_pose_accepted
x=6.24989 y=4.5 yaw=1.20515 score=0.983131 valid=1 mode=tracking state=TRACKING evaluated=789 execution_us=43678 reason=tracking_pose_accepted
x=6.24989 y=4.5 yaw=1.22167 score=0.984 valid=1 mode=tracking state=TRACKING evaluated=789 execution_us=43714 reason=tracking_pose_accepted
x=6.24989 y=4.45 yaw=1.18583 score=0.981519 valid=1 mode=tracking state=TRACKING evaluated=789 execution_us=43148 reason=tracking_pose_accepted
x=6.19989 y=4.45 yaw=1.20235 score=0.979612 valid=1 mode=tracking state=TRACKING evaluated=789 execution_us=42956 reason=tracking_pose_accepted
x=6.19989 y=4.4 yaw=1.21887 score=0.97923 valid=1 mode=tracking state=TRACKING evaluated=789 execution_us=43896 reason=tracking_pose_accepted
x=6.19989 y=4.35 yaw=1.25284 score=0.978085 valid=1 mode=tracking state=TRACKING evaluated=789 execution_us=43861 reason=tracking_pose_accepted
x=6.24989 y=4.3 yaw=1.26936 score=0.980225 valid=1 mode=tracking state=TRACKING evaluated=789 execution_us=44430 reason=tracking_pose_accepted
x=6.19989 y=4.25 yaw=1.26843 score=0.977985 valid=1 mode=tracking state=TRACKING evaluated=789 execution_us=43798 reason=tracking_pose_accepted
x=6.19989 y=4.2 yaw=1.25004 score=0.9795 valid=1 mode=tracking state=TRACKING evaluated=789 execution_us=43957 reason=tracking_pose_accepted
x=6.19989 y=4.15 yaw=1.23165 score=0.983527 valid=1 mode=tracking state=TRACKING evaluated=789 execution_us=44470 reason=tracking_pose_accepted
x=6.19989 y=4.15 yaw=1.26563 score=0.982058 valid=1 mode=tracking state=TRACKING evaluated=789 execution_us=42953 reason=tracking_pose_accepted
x=6.19989 y=4.1 yaw=1.24724 score=0.986796 valid=1 mode=tracking state=TRACKING evaluated=789 execution_us=43618 reason=tracking_pose_accepted
x=6.19989 y=4.05 yaw=1.22885 score=0.97977 valid=1 mode=tracking state=TRACKING evaluated=789 execution_us=44294 reason=tracking_pose_accepted
x=6.19989 y=4.05 yaw=1.21046 score=0.98207 valid=1 mode=tracking state=TRACKING evaluated=789 execution_us=43209 reason=tracking_pose_accepted
x=6.19988 y=4.05 yaw=1.19208 score=0.988142 valid=1 mode=tracking state=TRACKING evaluated=789 execution_us=43758 reason=tracking_pose_accepted
x=6.19988 y=4.05 yaw=1.22605 score=0.981156 valid=1 mode=tracking state=TRACKING evaluated=789 execution_us=44361 reason=tracking_pose_accepted
x=6.24988 y=4.05 yaw=1.26002 score=0.984127 valid=1 mode=tracking state=TRACKING evaluated=789 execution_us=44349 reason=tracking_pose_accepted
x=6.24988 y=4 yaw=1.27654 score=0.988854 valid=1 mode=tracking state=TRACKING evaluated=789 execution_us=44247 reason=tracking_pose_accepted
x=6.24988 y=4 yaw=1.29306 score=0.986196 valid=1 mode=tracking state=TRACKING evaluated=789 execution_us=43638 reason=tracking_pose_accepted
x=6.19988 y=3.95 yaw=1.25722 score=0.980735 valid=1 mode=tracking state=TRACKING evaluated=789 execution_us=43868 reason=tracking_pose_accepted
x=6.19988 y=3.9 yaw=1.25628 score=0.986645 valid=1 mode=tracking state=TRACKING evaluated=789 execution_us=43391 reason=tracking_pose_accepted
x=6.19988 y=3.9 yaw=1.2379 score=0.986963 valid=1 mode=tracking state=TRACKING evaluated=789 execution_us=43093 reason=tracking_pose_accepted
x=6.24988 y=3.9 yaw=1.25442 score=0.986766 valid=1 mode=tracking state=TRACKING evaluated=807 execution_us=43761 reason=tracking_pose_accepted
x=6.24988 y=3.9 yaw=1.25348 score=0.990326 valid=1 mode=tracking state=TRACKING evaluated=789 execution_us=43528 reason=tracking_pose_accepted
x=6.24988 y=3.9 yaw=1.25255 score=0.983461 valid=1 mode=tracking state=TRACKING evaluated=807 execution_us=44823 reason=tracking_pose_accepted
x=6.19988 y=3.9 yaw=1.21671 score=0.980609 valid=1 mode=tracking state=TRACKING evaluated=789 execution_us=44226 reason=tracking_pose_accepted
x=6.24988 y=3.9 yaw=1.18087 score=0.986474 valid=1 mode=tracking state=TRACKING evaluated=807 execution_us=45695 reason=tracking_pose_accepted
x=6.24988 y=3.9 yaw=1.14503 score=0.987566 valid=1 mode=tracking state=TRACKING evaluated=789 execution_us=43938 reason=tracking_pose_accepted
x=6.24988 y=3.9 yaw=1.12664 score=0.9867 valid=1 mode=tracking state=TRACKING evaluated=807 execution_us=45172 reason=tracking_pose_accepted
x=6.24988 y=3.9 yaw=1.12571 score=0.984211 valid=1 mode=tracking state=TRACKING evaluated=789 execution_us=44679 reason=tracking_pose_accepted
x=6.24988 y=3.95 yaw=1.14222 score=0.981539 valid=1 mode=tracking state=TRACKING evaluated=807 execution_us=44628 reason=tracking_pose_accepted
x=6.24988 y=3.95 yaw=1.14129 score=0.984 valid=1 mode=tracking state=TRACKING evaluated=789 execution_us=43778 reason=tracking_pose_accepted
x=6.24988 y=3.95 yaw=1.19272 score=0.987518 valid=1 mode=tracking state=TRACKING evaluated=807 execution_us=44747 reason=tracking_pose_accepted
x=6.24988 y=3.95 yaw=1.24414 score=0.99243 valid=1 mode=tracking state=TRACKING evaluated=789 execution_us=43098 reason=tracking_pose_accepted
x=6.24988 y=3.95 yaw=1.26066 score=0.987518 valid=1 mode=tracking state=TRACKING evaluated=807 execution_us=44744 reason=tracking_pose_accepted
x=6.24988 y=3.95 yaw=1.24227 score=0.984711 valid=1 mode=tracking state=TRACKING evaluated=789 execution_us=43331 reason=tracking_pose_accepted
x=6.24987 y=3.95 yaw=1.18898 score=0.986201 valid=1 mode=tracking state=TRACKING evaluated=807 execution_us=44299 reason=tracking_pose_accepted
x=6.24987 y=3.95 yaw=1.17059 score=0.987741 valid=1 mode=tracking state=TRACKING evaluated=789 execution_us=43067 reason=tracking_pose_accepted
x=6.24987 y=3.95 yaw=1.18711 score=0.988047 valid=1 mode=tracking state=TRACKING evaluated=807 execution_us=44304 reason=tracking_pose_accepted
x=6.24987 y=3.94999 yaw=1.22108 score=0.990402 valid=1 mode=tracking state=TRACKING evaluated=789 execution_us=44585 reason=tracking_pose_accepted
x=6.24987 y=3.94999 yaw=1.25506 score=0.988495 valid=1 mode=tracking state=TRACKING evaluated=807 execution_us=44462 reason=tracking_pose_accepted
x=6.24987 y=3.89999 yaw=1.23667 score=0.984981 valid=1 mode=tracking state=TRACKING evaluated=789 execution_us=43470 reason=tracking_pose_accepted
x=6.24987 y=3.89999 yaw=1.21828 score=0.982055 valid=1 mode=tracking state=TRACKING evaluated=789 execution_us=43463 reason=tracking_pose_accepted
x=6.24987 y=3.89999 yaw=1.21735 score=0.985807 valid=1 mode=tracking state=TRACKING evaluated=807 execution_us=44163 reason=tracking_pose_accepted
x=6.24987 y=3.89999 yaw=1.19896 score=0.98444 valid=1 mode=tracking state=TRACKING evaluated=789 execution_us=43047 reason=tracking_pose_accepted
x=6.24987 y=3.89999 yaw=1.19803 score=0.98215 valid=1 mode=tracking state=TRACKING evaluated=807 execution_us=44631 reason=tracking_pose_accepted
x=6.24987 y=3.89999 yaw=1.19709 score=0.980906 valid=1 mode=tracking state=TRACKING evaluated=789 execution_us=43207 reason=tracking_pose_accepted
x=6.24987 y=3.89999 yaw=1.19616 score=0.983808 valid=1 mode=tracking state=TRACKING evaluated=807 execution_us=44429 reason=tracking_pose_accepted
x=6.24987 y=3.89999 yaw=1.19522 score=0.986652 valid=1 mode=tracking state=TRACKING evaluated=789 execution_us=44881 reason=tracking_pose_accepted
x=6.24987 y=3.89999 yaw=1.19429 score=0.986581 valid=1 mode=tracking state=TRACKING evaluated=807 execution_us=44850 reason=tracking_pose_accepted
x=6.24987 y=3.89999 yaw=1.19336 score=0.984355 valid=1 mode=tracking state=TRACKING evaluated=789 execution_us=44025 reason=tracking_pose_accepted
x=6.24987 y=3.89999 yaw=1.15752 score=0.985464 valid=1 mode=tracking state=TRACKING evaluated=807 execution_us=44548 reason=tracking_pose_accepted
x=6.24987 y=3.89999 yaw=1.15658 score=0.984376 valid=1 mode=tracking state=TRACKING evaluated=789 execution_us=43884 reason=tracking_pose_accepted
x=6.24987 y=3.89999 yaw=1.15565 score=0.986977 valid=1 mode=tracking state=TRACKING evaluated=807 execution_us=44925 reason=tracking_pose_accepted
x=6.24987 y=3.89999 yaw=1.15471 score=0.988225 valid=1 mode=tracking state=TRACKING evaluated=789 execution_us=43805 reason=tracking_pose_accepted
x=6.24987 y=3.89999 yaw=1.17123 score=0.987765 valid=1 mode=tracking state=TRACKING evaluated=807 execution_us=44887 reason=tracking_pose_accepted
x=6.24987 y=3.89999 yaw=1.1703 score=0.990249 valid=1 mode=tracking state=TRACKING evaluated=789 execution_us=43693 reason=tracking_pose_accepted
x=6.24986 y=3.89999 yaw=1.16936 score=0.989032 valid=1 mode=tracking state=TRACKING evaluated=807 execution_us=44432 reason=tracking_pose_accepted
x=6.24986 y=3.89999 yaw=1.16843 score=0.988048 valid=1 mode=tracking state=TRACKING evaluated=789 execution_us=44064 reason=tracking_pose_accepted
x=6.24986 y=3.89999 yaw=1.1675 score=0.98879 valid=1 mode=tracking state=TRACKING evaluated=807 execution_us=44638 reason=tracking_pose_accepted
x=6.24986 y=3.89999 yaw=1.16656 score=0.988609 valid=1 mode=tracking state=TRACKING evaluated=789 execution_us=44024 reason=tracking_pose_accepted
x=6.24986 y=3.89998 yaw=1.16563 score=0.988497 valid=1 mode=tracking state=TRACKING evaluated=807 execution_us=44800 reason=tracking_pose_accepted
x=6.24986 y=3.89998 yaw=1.16469 score=0.990829 valid=1 mode=tracking state=TRACKING evaluated=789 execution_us=43053 reason=tracking_pose_accepted
x=6.24986 y=3.89998 yaw=1.16376 score=0.989991 valid=1 mode=tracking state=TRACKING evaluated=789 execution_us=43204 reason=tracking_pose_accepted
x=6.24986 y=3.89998 yaw=1.18028 score=0.987137 valid=1 mode=tracking state=TRACKING evaluated=807 execution_us=44574 reason=tracking_pose_accepted
x=6.24986 y=3.89998 yaw=1.17934 score=0.988423 valid=1 mode=tracking state=TRACKING evaluated=789 execution_us=43509 reason=tracking_pose_accepted
x=6.24986 y=3.89998 yaw=1.16096 score=0.987289 valid=1 mode=tracking state=TRACKING evaluated=807 execution_us=45042 reason=tracking_pose_accepted
x=6.24986 y=3.89998 yaw=1.16002 score=0.987535 valid=1 mode=tracking state=TRACKING evaluated=789 execution_us=43296 reason=tracking_pose_accepted
x=6.24986 y=3.89998 yaw=1.15909 score=0.988111 valid=1 mode=tracking state=TRACKING evaluated=807 execution_us=44858 reason=tracking_pose_accepted
x=6.24986 y=3.89998 yaw=1.15815 score=0.987919 valid=1 mode=tracking state=TRACKING evaluated=789 execution_us=44306 reason=tracking_pose_accepted
x=6.24986 y=3.89998 yaw=1.17467 score=0.987765 valid=1 mode=tracking state=TRACKING evaluated=807 execution_us=44321 reason=tracking_pose_accepted
x=6.24986 y=3.89998 yaw=1.17374 score=0.987526 valid=1 mode=tracking state=TRACKING evaluated=789 execution_us=43325 reason=tracking_pose_accepted
x=6.24986 y=3.89998 yaw=1.15535 score=0.986914 valid=1 mode=tracking state=TRACKING evaluated=807 execution_us=44684 reason=tracking_pose_accepted
x=6.24986 y=3.89998 yaw=1.17187 score=0.988392 valid=1 mode=tracking state=TRACKING evaluated=789 execution_us=43176 reason=tracking_pose_accepted
x=6.24986 y=3.89998 yaw=1.17094 score=0.988736 valid=1 mode=tracking state=TRACKING evaluated=807 execution_us=44924 reason=tracking_pose_accepted
x=6.24986 y=3.89998 yaw=1.17 score=0.987518 valid=1 mode=tracking state=TRACKING evaluated=789 execution_us=43524 reason=tracking_pose_accepted
x=6.24986 y=3.89998 yaw=1.16907 score=0.989647 valid=1 mode=tracking state=TRACKING evaluated=807 execution_us=44298 reason=tracking_pose_accepted
x=6.24986 y=3.89998 yaw=1.16814 score=0.986519 valid=1 mode=tracking state=TRACKING evaluated=789 execution_us=44096 reason=tracking_pose_accepted
x=6.24985 y=3.89998 yaw=1.1672 score=0.985966 valid=1 mode=tracking state=TRACKING evaluated=807 execution_us=44354 reason=tracking_pose_accepted
x=6.24985 y=3.89998 yaw=1.16627 score=0.984335 valid=1 mode=tracking state=TRACKING evaluated=789 execution_us=44067 reason=tracking_pose_accepted
x=6.24985 y=3.89998 yaw=1.16533 score=0.987634 valid=1 mode=tracking state=TRACKING evaluated=807 execution_us=45281 reason=tracking_pose_accepted
x=6.24985 y=3.89998 yaw=1.1644 score=0.987177 valid=1 mode=tracking state=TRACKING evaluated=789 execution_us=43741 reason=tracking_pose_accepted
x=6.24985 y=3.89998 yaw=1.16346 score=0.988819 valid=1 mode=tracking state=TRACKING evaluated=807 execution_us=44590 reason=tracking_pose_accepted
x=6.24985 y=3.89998 yaw=1.17998 score=0.987551 valid=1 mode=tracking state=TRACKING evaluated=789 execution_us=43729 reason=tracking_pose_accepted
x=6.24985 y=3.89997 yaw=1.1616 score=0.987322 valid=1 mode=tracking state=TRACKING evaluated=789 execution_us=43634 reason=tracking_pose_accepted
x=6.24985 y=3.89997 yaw=1.17812 score=0.987239 valid=1 mode=tracking state=TRACKING evaluated=807 execution_us=45097 reason=tracking_pose_accepted
x=6.24985 y=3.89997 yaw=1.17718 score=0.987518 valid=1 mode=tracking state=TRACKING evaluated=789 execution_us=44405 reason=tracking_pose_accepted
x=6.24985 y=3.89997 yaw=1.15879 score=0.987289 valid=1 mode=tracking state=TRACKING evaluated=807 execution_us=44512 reason=tracking_pose_accepted
x=6.24985 y=3.89997 yaw=1.17531 score=0.989333 valid=1 mode=tracking state=TRACKING evaluated=789 execution_us=43785 reason=tracking_pose_accepted
x=6.24985 y=3.89997 yaw=1.15693 score=0.987954 valid=1 mode=tracking state=TRACKING evaluated=807 execution_us=45524 reason=tracking_pose_accepted
x=6.24985 y=3.89997 yaw=1.17345 score=0.98939 valid=1 mode=tracking state=TRACKING evaluated=789 execution_us=44281 reason=tracking_pose_accepted
x=6.24985 y=3.89997 yaw=1.15506 score=0.98733 valid=1 mode=tracking state=TRACKING evaluated=807 execution_us=45039 reason=tracking_pose_accepted
x=6.24985 y=3.89997 yaw=1.17158 score=0.987455 valid=1 mode=tracking state=TRACKING evaluated=789 execution_us=43760 reason=tracking_pose_accepted
x=6.24985 y=3.89997 yaw=1.15319 score=0.987074 valid=1 mode=tracking state=TRACKING evaluated=807 execution_us=45194 reason=tracking_pose_accepted
x=6.24985 y=3.89997 yaw=1.16971 score=0.987592 valid=1 mode=tracking state=TRACKING evaluated=789 execution_us=43658 reason=tracking_pose_accepted
x=6.24985 y=3.89997 yaw=1.16877 score=0.988613 valid=1 mode=tracking state=TRACKING evaluated=807 execution_us=44420 reason=tracking_pose_accepted
x=6.24985 y=3.89997 yaw=1.16784 score=0.989961 valid=1 mode=tracking state=TRACKING evaluated=789 execution_us=43709 reason=tracking_pose_accepted
x=6.24985 y=3.89997 yaw=1.16691 score=0.987468 valid=1 mode=tracking state=TRACKING evaluated=807 execution_us=44357 reason=tracking_pose_accepted
x=6.24985 y=3.89997 yaw=1.16597 score=0.988571 valid=1 mode=tracking state=TRACKING evaluated=789 execution_us=43402 reason=tracking_pose_accepted
x=6.24984 y=3.89997 yaw=1.16504 score=0.987945 valid=1 mode=tracking state=TRACKING evaluated=807 execution_us=45240 reason=tracking_pose_accepted
x=6.24984 y=3.89997 yaw=1.1641 score=0.98577 valid=1 mode=tracking state=TRACKING evaluated=789 execution_us=43832 reason=tracking_pose_accepted
x=6.24984 y=3.89997 yaw=1.18062 score=0.987239 valid=1 mode=tracking state=TRACKING evaluated=807 execution_us=45206 reason=tracking_pose_accepted
x=6.24984 y=3.89997 yaw=1.16224 score=0.98879 valid=1 mode=tracking state=TRACKING evaluated=789 execution_us=43339 reason=tracking_pose_accepted
x=6.24984 y=3.89997 yaw=1.1613 score=0.988878 valid=1 mode=tracking state=TRACKING evaluated=807 execution_us=45062 reason=tracking_pose_accepted
x=6.24984 y=3.89997 yaw=1.17782 score=0.988961 valid=1 mode=tracking state=TRACKING evaluated=789 execution_us=43626 reason=tracking_pose_accepted
x=6.24984 y=3.89996 yaw=1.17689 score=0.987171 valid=1 mode=tracking state=TRACKING evaluated=807 execution_us=44257 reason=tracking_pose_accepted
x=6.24984 y=3.89996 yaw=1.17595 score=0.98783 valid=1 mode=tracking state=TRACKING evaluated=789 execution_us=43496 reason=tracking_pose_accepted
x=6.24984 y=3.89996 yaw=1.15757 score=0.98789 valid=1 mode=tracking state=TRACKING evaluated=807 execution_us=44524 reason=tracking_pose_accepted
x=6.24984 y=3.89996 yaw=1.17408 score=0.989333 valid=1 mode=tracking state=TRACKING evaluated=789 execution_us=43141 reason=tracking_pose_accepted
x=6.24984 y=3.89996 yaw=1.17315 score=0.989049 valid=1 mode=tracking state=TRACKING evaluated=807 execution_us=44722 reason=tracking_pose_accepted
x=6.24984 y=3.89996 yaw=1.15476 score=0.988162 valid=1 mode=tracking state=TRACKING evaluated=789 execution_us=43493 reason=tracking_pose_accepted
x=6.24984 y=3.89996 yaw=1.17128 score=0.987735 valid=1 mode=tracking state=TRACKING evaluated=807 execution_us=44666 reason=tracking_pose_accepted
x=6.24984 y=3.89996 yaw=1.17035 score=0.987388 valid=1 mode=tracking state=TRACKING evaluated=789 execution_us=43727 reason=tracking_pose_accepted
x=6.24984 y=3.89996 yaw=1.16941 score=0.987974 valid=1 mode=tracking state=TRACKING evaluated=807 execution_us=44238 reason=tracking_pose_accepted
x=6.24984 y=3.89996 yaw=1.16848 score=0.987388 valid=1 mode=tracking state=TRACKING evaluated=789 execution_us=43440 reason=tracking_pose_accepted
x=6.24984 y=3.89996 yaw=1.16755 score=0.988643 valid=1 mode=tracking state=TRACKING evaluated=807 execution_us=44355 reason=tracking_pose_accepted
x=6.24984 y=3.89996 yaw=1.16661 score=0.987211 valid=1 mode=tracking state=TRACKING evaluated=789 execution_us=43873 reason=tracking_pose_accepted
x=6.24984 y=3.89996 yaw=1.16568 score=0.988729 valid=1 mode=tracking state=TRACKING evaluated=807 execution_us=44122 reason=tracking_pose_accepted
x=6.24984 y=3.89996 yaw=1.16474 score=0.988256 valid=1 mode=tracking state=TRACKING evaluated=789 execution_us=43744 reason=tracking_pose_accepted
x=6.24984 y=3.89996 yaw=1.16381 score=0.988673 valid=1 mode=tracking state=TRACKING evaluated=807 execution_us=44710 reason=tracking_pose_accepted
x=6.24983 y=3.89996 yaw=1.18033 score=0.988015 valid=1 mode=tracking state=TRACKING evaluated=789 execution_us=43542 reason=tracking_pose_accepted
x=6.24983 y=3.89996 yaw=1.16194 score=0.988506 valid=1 mode=tracking state=TRACKING evaluated=807 execution_us=44657 reason=tracking_pose_accepted
x=6.24983 y=3.89996 yaw=1.16101 score=0.98753 valid=1 mode=tracking state=TRACKING evaluated=789 execution_us=43724 reason=tracking_pose_accepted
x=6.24983 y=3.89996 yaw=1.16007 score=0.987913 valid=1 mode=tracking state=TRACKING evaluated=807 execution_us=45052 reason=tracking_pose_accepted
x=6.24983 y=3.89996 yaw=1.17659 score=0.987306 valid=1 mode=tracking state=TRACKING evaluated=789 execution_us=43917 reason=tracking_pose_accepted
x=6.24983 y=3.89996 yaw=1.1582 score=0.98876 valid=1 mode=tracking state=TRACKING evaluated=807 execution_us=44426 reason=tracking_pose_accepted
x=6.24983 y=3.89995 yaw=1.17472 score=0.988392 valid=1 mode=tracking state=TRACKING evaluated=789 execution_us=43769 reason=tracking_pose_accepted
x=6.24983 y=3.89995 yaw=1.17379 score=0.989702 valid=1 mode=tracking state=TRACKING evaluated=807 execution_us=44595 reason=tracking_pose_accepted
x=6.24983 y=3.89995 yaw=1.17286 score=0.987616 valid=1 mode=tracking state=TRACKING evaluated=789 execution_us=44030 reason=tracking_pose_accepted
x=6.24983 y=3.89995 yaw=1.17192 score=0.989702 valid=1 mode=tracking state=TRACKING evaluated=807 execution_us=44806 reason=tracking_pose_accepted
x=6.24983 y=3.89995 yaw=1.17099 score=0.988645 valid=1 mode=tracking state=TRACKING evaluated=789 execution_us=43258 reason=tracking_pose_accepted
x=6.24983 y=3.89995 yaw=1.17005 score=0.988465 valid=1 mode=tracking state=TRACKING evaluated=807 execution_us=46424 reason=tracking_pose_accepted
x=6.24983 y=3.89995 yaw=1.16912 score=0.988391 valid=1 mode=tracking state=TRACKING evaluated=789 execution_us=44241 reason=tracking_pose_accepted
x=6.24983 y=3.89995 yaw=1.16818 score=0.988048 valid=1 mode=tracking state=TRACKING evaluated=807 execution_us=44550 reason=tracking_pose_accepted
x=6.24983 y=3.89995 yaw=1.16725 score=0.989132 valid=1 mode=tracking state=TRACKING evaluated=789 execution_us=43961 reason=tracking_pose_accepted
x=6.24983 y=3.89995 yaw=1.16632 score=0.988422 valid=1 mode=tracking state=TRACKING evaluated=807 execution_us=44822 reason=tracking_pose_accepted
x=6.24983 y=3.89995 yaw=1.16538 score=0.987711 valid=1 mode=tracking state=TRACKING evaluated=789 execution_us=43391 reason=tracking_pose_accepted
x=6.24983 y=3.89995 yaw=1.16445 score=0.988861 valid=1 mode=tracking state=TRACKING evaluated=807 execution_us=44869 reason=tracking_pose_accepted
x=6.24983 y=3.89995 yaw=1.16351 score=0.987913 valid=1 mode=tracking state=TRACKING evaluated=789 execution_us=43739 reason=tracking_pose_accepted
x=6.24983 y=3.89995 yaw=1.16258 score=0.988508 valid=1 mode=tracking state=TRACKING evaluated=807 execution_us=44964 reason=tracking_pose_accepted
x=6.24983 y=3.89995 yaw=1.16165 score=0.988878 valid=1 mode=tracking state=TRACKING evaluated=789 execution_us=43713 reason=tracking_pose_accepted
x=6.24982 y=3.89995 yaw=1.17817 score=0.98783 valid=1 mode=tracking state=TRACKING evaluated=807 execution_us=44590 reason=tracking_pose_accepted
x=6.24982 y=3.89995 yaw=1.17723 score=0.987551 valid=1 mode=tracking state=TRACKING evaluated=789 execution_us=44141 reason=tracking_pose_accepted
x=6.24982 y=3.89995 yaw=1.15884 score=0.987735 valid=1 mode=tracking state=TRACKING evaluated=807 execution_us=44326 reason=tracking_pose_accepted
x=6.24982 y=3.89995 yaw=1.17536 score=0.987982 valid=1 mode=tracking state=TRACKING evaluated=789 execution_us=42986 reason=tracking_pose_accepted
x=6.24982 y=3.89995 yaw=1.17443 score=0.987765 valid=1 mode=tracking state=TRACKING evaluated=807 execution_us=44644 reason=tracking_pose_accepted
x=6.24982 y=3.89995 yaw=1.17349 score=0.989446 valid=1 mode=tracking state=TRACKING evaluated=789 execution_us=43636 reason=tracking_pose_accepted
x=6.24982 y=3.89994 yaw=1.17256 score=0.988142 valid=1 mode=tracking state=TRACKING evaluated=807 execution_us=44993 reason=tracking_pose_accepted
x=6.24982 y=3.89994 yaw=1.17163 score=0.988142 valid=1 mode=tracking state=TRACKING evaluated=789 execution_us=43672 reason=tracking_pose_accepted
x=6.24982 y=3.89994 yaw=1.17069 score=0.989418 valid=1 mode=tracking state=TRACKING evaluated=807 execution_us=44906 reason=tracking_pose_accepted
x=6.24982 y=3.89994 yaw=1.1523 score=0.987468 valid=1 mode=tracking state=TRACKING evaluated=789 execution_us=43512 reason=tracking_pose_accepted
x=6.24982 y=3.89994 yaw=1.16882 score=0.988676 valid=1 mode=tracking state=TRACKING evaluated=807 execution_us=43917 reason=tracking_pose_accepted
x=6.24982 y=3.89994 yaw=1.16789 score=0.987848 valid=1 mode=tracking state=TRACKING evaluated=789 execution_us=44567 reason=tracking_pose_accepted
x=6.24982 y=3.89994 yaw=1.16696 score=0.987321 valid=1 mode=tracking state=TRACKING evaluated=807 execution_us=44526 reason=tracking_pose_accepted
x=6.24982 y=3.89994 yaw=1.16602 score=0.986866 valid=1 mode=tracking state=TRACKING evaluated=789 execution_us=43724 reason=tracking_pose_accepted
x=6.24982 y=3.89994 yaw=1.16509 score=0.987816 valid=1 mode=tracking state=TRACKING evaluated=807 execution_us=44318 reason=tracking_pose_accepted
x=6.24982 y=3.89994 yaw=1.16415 score=0.986796 valid=1 mode=tracking state=TRACKING evaluated=789 execution_us=43628 reason=tracking_pose_accepted
x=6.24982 y=3.89994 yaw=1.16322 score=0.988162 valid=1 mode=tracking state=TRACKING evaluated=807 execution_us=44096 reason=tracking_pose_accepted
x=6.24982 y=3.89994 yaw=1.16229 score=0.985782 valid=1 mode=tracking state=TRACKING evaluated=789 execution_us=43699 reason=tracking_pose_accepted
x=6.24982 y=3.89994 yaw=1.16135 score=0.9878 valid=1 mode=tracking state=TRACKING evaluated=807 execution_us=44631 reason=tracking_pose_accepted
x=6.24982 y=3.89994 yaw=1.16042 score=0.987221 valid=1 mode=tracking state=TRACKING evaluated=789 execution_us=43290 reason=tracking_pose_accepted
x=6.24981 y=3.89994 yaw=1.17694 score=0.98902 valid=1 mode=tracking state=TRACKING evaluated=807 execution_us=44275 reason=tracking_pose_accepted
x=6.24981 y=3.89994 yaw=1.176 score=0.987451 valid=1 mode=tracking state=TRACKING evaluated=789 execution_us=43573 reason=tracking_pose_accepted
x=6.24981 y=3.89994 yaw=1.15761 score=0.988162 valid=1 mode=tracking state=TRACKING evaluated=807 execution_us=44282 reason=tracking_pose_accepted
x=6.24981 y=3.89994 yaw=1.17413 score=0.98939 valid=1 mode=tracking state=TRACKING evaluated=789 execution_us=43737 reason=tracking_pose_accepted
x=6.24981 y=3.89994 yaw=1.1732 score=0.987239 valid=1 mode=tracking state=TRACKING evaluated=807 execution_us=44937 reason=tracking_pose_accepted
x=6.24981 y=3.89994 yaw=1.17227 score=0.989702 valid=1 mode=tracking state=TRACKING evaluated=789 execution_us=44210 reason=tracking_pose_accepted
x=6.24981 y=3.89994 yaw=1.17133 score=0.987807 valid=1 mode=tracking state=TRACKING evaluated=807 execution_us=44516 reason=tracking_pose_accepted
x=6.24981 y=3.89993 yaw=1.1704 score=0.986935 valid=1 mode=tracking state=TRACKING evaluated=789 execution_us=44057 reason=tracking_pose_accepted
x=6.24981 y=3.89993 yaw=1.16946 score=0.988403 valid=1 mode=tracking state=TRACKING evaluated=807 execution_us=45318 reason=tracking_pose_accepted
x=6.24981 y=3.89993 yaw=1.15108 score=0.987109 valid=1 mode=tracking state=TRACKING evaluated=789 execution_us=43590 reason=tracking_pose_accepted
x=6.24981 y=3.89993 yaw=1.16759 score=0.987033 valid=1 mode=tracking state=TRACKING evaluated=807 execution_us=44433 reason=tracking_pose_accepted
x=6.24981 y=3.89993 yaw=1.16666 score=0.986725 valid=1 mode=tracking state=TRACKING evaluated=789 execution_us=43688 reason=tracking_pose_accepted
x=6.24981 y=3.89993 yaw=1.16573 score=0.986914 valid=1 mode=tracking state=TRACKING evaluated=807 execution_us=45223 reason=tracking_pose_accepted
x=6.24981 y=3.89993 yaw=1.16479 score=0.98738 valid=1 mode=tracking state=TRACKING evaluated=789 execution_us=43865 reason=tracking_pose_accepted
x=6.24981 y=3.89993 yaw=1.16386 score=0.986389 valid=1 mode=tracking state=TRACKING evaluated=807 execution_us=45004 reason=tracking_pose_accepted
x=6.24981 y=3.89993 yaw=1.16292 score=0.986447 valid=1 mode=tracking state=TRACKING evaluated=789 execution_us=43653 reason=tracking_pose_accepted
x=6.24981 y=3.89993 yaw=1.16199 score=0.987881 valid=1 mode=tracking state=TRACKING evaluated=807 execution_us=45164 reason=tracking_pose_accepted
x=6.24981 y=3.89993 yaw=1.17851 score=0.987518 valid=1 mode=tracking state=TRACKING evaluated=789 execution_us=43768 reason=tracking_pose_accepted
x=6.24981 y=3.89993 yaw=1.16012 score=0.987568 valid=1 mode=tracking state=TRACKING evaluated=807 execution_us=44852 reason=tracking_pose_accepted
x=6.24981 y=3.89993 yaw=1.17664 score=0.986687 valid=1 mode=tracking state=TRACKING evaluated=789 execution_us=44291 reason=tracking_pose_accepted
x=6.24981 y=3.89993 yaw=1.17571 score=0.988706 valid=1 mode=tracking state=TRACKING evaluated=807 execution_us=44224 reason=tracking_pose_accepted
x=6.2498 y=3.89993 yaw=1.15732 score=0.987501 valid=1 mode=tracking state=TRACKING evaluated=789 execution_us=43235 reason=tracking_pose_accepted
x=6.2498 y=3.89993 yaw=1.17384 score=0.986581 valid=1 mode=tracking state=TRACKING evaluated=807 execution_us=44730 reason=tracking_pose_accepted
x=6.2498 y=3.89993 yaw=1.1729 score=0.989675 valid=1 mode=tracking state=TRACKING evaluated=789 execution_us=43508 reason=tracking_pose_accepted
x=6.2498 y=3.89993 yaw=1.15452 score=0.987601 valid=1 mode=tracking state=TRACKING evaluated=807 execution_us=45046 reason=tracking_pose_accepted
x=6.2498 y=3.89993 yaw=1.17104 score=0.985801 valid=1 mode=tracking state=TRACKING evaluated=789 execution_us=44320 reason=tracking_pose_accepted
x=6.2498 y=3.89993 yaw=1.1701 score=0.987862 valid=1 mode=tracking state=TRACKING evaluated=807 execution_us=44751 reason=tracking_pose_accepted
x=6.2498 y=3.89992 yaw=1.16917 score=0.990014 valid=1 mode=tracking state=TRACKING evaluated=789 execution_us=44162 reason=tracking_pose_accepted
x=6.2498 y=3.89992 yaw=1.16823 score=0.986353 valid=1 mode=tracking state=TRACKING evaluated=807 execution_us=44518 reason=tracking_pose_accepted
x=6.2498 y=3.89992 yaw=1.1673 score=0.987289 valid=1 mode=tracking state=TRACKING evaluated=789 execution_us=43634 reason=tracking_pose_accepted
x=6.2498 y=3.89992 yaw=1.16637 score=0.987974 valid=1 mode=tracking state=TRACKING evaluated=807 execution_us=44516 reason=tracking_pose_accepted
x=6.2498 y=3.89992 yaw=1.16543 score=0.985245 valid=1 mode=tracking state=TRACKING evaluated=789 execution_us=44455 reason=tracking_pose_accepted
x=6.2498 y=3.89992 yaw=1.1645 score=0.988537 valid=1 mode=tracking state=TRACKING evaluated=807 execution_us=44616 reason=tracking_pose_accepted
x=6.2498 y=3.89992 yaw=1.16356 score=0.987143 valid=1 mode=tracking state=TRACKING evaluated=789 execution_us=43420 reason=tracking_pose_accepted
x=6.2498 y=3.89992 yaw=1.16263 score=0.988194 valid=1 mode=tracking state=TRACKING evaluated=807 execution_us=44795 reason=tracking_pose_accepted
x=6.2498 y=3.89992 yaw=1.1617 score=0.987945 valid=1 mode=tracking state=TRACKING evaluated=789 execution_us=44087 reason=tracking_pose_accepted
x=6.2498 y=3.89992 yaw=1.17821 score=0.986788 valid=1 mode=tracking state=TRACKING evaluated=807 execution_us=44340 reason=tracking_pose_accepted
x=6.2498 y=3.89992 yaw=1.17728 score=0.988961 valid=1 mode=tracking state=TRACKING evaluated=789 execution_us=43144 reason=tracking_pose_accepted
x=6.2498 y=3.89992 yaw=1.15889 score=0.987221 valid=1 mode=tracking state=TRACKING evaluated=807 execution_us=44543 reason=tracking_pose_accepted
x=6.2498 y=3.89992 yaw=1.17541 score=0.987765 valid=1 mode=tracking state=TRACKING evaluated=789 execution_us=43207 reason=tracking_pose_accepted
x=6.2498 y=3.89992 yaw=1.15702 score=0.987501 valid=1 mode=tracking state=TRACKING evaluated=807 execution_us=44468 reason=tracking_pose_accepted
x=6.2498 y=3.89992 yaw=1.15609 score=0.987087 valid=1 mode=tracking state=TRACKING evaluated=789 execution_us=43855 reason=tracking_pose_accepted
x=6.24979 y=3.89992 yaw=1.17261 score=0.988796 valid=1 mode=tracking state=TRACKING evaluated=807 execution_us=44869 reason=tracking_pose_accepted
x=6.24979 y=3.89992 yaw=1.17168 score=0.987636 valid=1 mode=tracking state=TRACKING evaluated=789 execution_us=43709 reason=tracking_pose_accepted
x=6.24979 y=3.89992 yaw=1.17074 score=0.988361 valid=1 mode=tracking state=TRACKING evaluated=807 execution_us=44243 reason=tracking_pose_accepted
x=6.24979 y=3.89992 yaw=1.16981 score=0.987213 valid=1 mode=tracking state=TRACKING evaluated=789 execution_us=43443 reason=tracking_pose_accepted
x=6.24979 y=3.89992 yaw=1.16887 score=0.987693 valid=1 mode=tracking state=TRACKING evaluated=807 execution_us=45695 reason=tracking_pose_accepted
x=6.24979 y=3.89992 yaw=1.16794 score=0.988465 valid=1 mode=tracking state=TRACKING evaluated=789 execution_us=43589 reason=tracking_pose_accepted
x=6.24979 y=3.89991 yaw=1.16701 score=0.987109 valid=1 mode=tracking state=TRACKING evaluated=807 execution_us=44595 reason=tracking_pose_accepted
x=6.24979 y=3.89991 yaw=1.16607 score=0.988256 valid=1 mode=tracking state=TRACKING evaluated=789 execution_us=44081 reason=tracking_pose_accepted
x=6.24979 y=3.89991 yaw=1.16514 score=0.987945 valid=1 mode=tracking state=TRACKING evaluated=807 execution_us=44796 reason=tracking_pose_accepted
x=6.24979 y=3.89991 yaw=1.1642 score=0.987564 valid=1 mode=tracking state=TRACKING evaluated=789 execution_us=43722 reason=tracking_pose_accepted
x=6.24979 y=3.89991 yaw=1.16327 score=0.987177 valid=1 mode=tracking state=TRACKING evaluated=807 execution_us=51091 reason=tracking_pose_accepted
x=6.24979 y=3.89991 yaw=1.16233 score=0.988476 valid=1 mode=tracking state=TRACKING evaluated=789 execution_us=43549 reason=tracking_pose_accepted
x=6.24979 y=3.89991 yaw=1.17885 score=0.987171 valid=1 mode=tracking state=TRACKING evaluated=807 execution_us=45084 reason=tracking_pose_accepted
x=6.24979 y=3.89991 yaw=1.16047 score=0.987601 valid=1 mode=tracking state=TRACKING evaluated=789 execution_us=43855 reason=tracking_pose_accepted
x=6.24979 y=3.89991 yaw=1.15953 score=0.987255 valid=1 mode=tracking state=TRACKING evaluated=807 execution_us=44921 reason=tracking_pose_accepted
x=6.24979 y=3.89991 yaw=1.17605 score=0.98899 valid=1 mode=tracking state=TRACKING evaluated=789 execution_us=43634 reason=tracking_pose_accepted
x=6.24979 y=3.89991 yaw=1.15766 score=0.987913 valid=1 mode=tracking state=TRACKING evaluated=807 execution_us=44741 reason=tracking_pose_accepted
x=6.24979 y=3.89991 yaw=1.17418 score=0.990014 valid=1 mode=tracking state=TRACKING evaluated=789 execution_us=43442 reason=tracking_pose_accepted
x=6.24979 y=3.89991 yaw=1.1558 score=0.986811 valid=1 mode=tracking state=TRACKING evaluated=807 execution_us=45301 reason=tracking_pose_accepted
x=6.24979 y=3.89991 yaw=1.17232 score=0.988142 valid=1 mode=tracking state=TRACKING evaluated=789 execution_us=43405 reason=tracking_pose_accepted
x=6.24979 y=3.89991 yaw=1.17138 score=0.989619 valid=1 mode=tracking state=TRACKING evaluated=807 execution_us=44731 reason=tracking_pose_accepted
x=6.24978 y=3.89991 yaw=1.17045 score=0.98902 valid=1 mode=tracking state=TRACKING evaluated=789 execution_us=43178 reason=tracking_pose_accepted
x=6.24978 y=3.89991 yaw=1.16951 score=0.987247 valid=1 mode=tracking state=TRACKING evaluated=807 execution_us=44982 reason=tracking_pose_accepted
x=6.24978 y=3.89991 yaw=1.16858 score=0.987726 valid=1 mode=tracking state=TRACKING evaluated=789 execution_us=43459 reason=tracking_pose_accepted
x=6.24978 y=3.89991 yaw=1.16764 score=0.984872 valid=1 mode=tracking state=TRACKING evaluated=807 execution_us=44908 reason=tracking_pose_accepted
x=6.24978 y=3.89991 yaw=1.16671 score=0.988537 valid=1 mode=tracking state=TRACKING evaluated=789 execution_us=44927 reason=tracking_pose_accepted
x=6.24978 y=3.89991 yaw=1.16578 score=0.988288 valid=1 mode=tracking state=TRACKING evaluated=807 execution_us=44499 reason=tracking_pose_accepted
x=6.24978 y=3.8999 yaw=1.16484 score=0.98919 valid=1 mode=tracking state=TRACKING evaluated=789 execution_us=43562 reason=tracking_pose_accepted
x=6.24978 y=3.8999 yaw=1.18136 score=0.982478 valid=1 mode=tracking state=TRACKING evaluated=807 execution_us=44935 reason=tracking_pose_accepted
x=6.19978 y=3.9499 yaw=1.19788 score=0.980005 valid=1 mode=tracking state=TRACKING evaluated=789 execution_us=43349 reason=tracking_pose_accepted
x=6.19978 y=3.9499 yaw=1.17949 score=0.990663 valid=1 mode=tracking state=TRACKING evaluated=807 execution_us=44595 reason=tracking_pose_accepted
x=6.14978 y=3.9499 yaw=1.19601 score=0.991574 valid=1 mode=tracking state=TRACKING evaluated=789 execution_us=43973 reason=tracking_pose_accepted
x=6.09978 y=3.9999 yaw=1.24744 score=0.981424 valid=1 mode=tracking state=TRACKING evaluated=807 execution_us=44687 reason=tracking_pose_accepted
x=6.04978 y=3.9999 yaw=1.29886 score=0.993583 valid=1 mode=tracking state=TRACKING evaluated=789 execution_us=44502 reason=tracking_pose_accepted
x=5.99978 y=3.9999 yaw=1.33284 score=0.994007 valid=1 mode=tracking state=TRACKING evaluated=807 execution_us=44238 reason=tracking_pose_accepted
x=5.94978 y=3.9999 yaw=1.3319 score=0.987031 valid=1 mode=tracking state=TRACKING evaluated=789 execution_us=43992 reason=tracking_pose_accepted
x=5.89978 y=3.9999 yaw=1.29606 score=0.98302 valid=1 mode=tracking state=TRACKING evaluated=807 execution_us=46206 reason=tracking_pose_accepted
x=5.79978 y=4.0499 yaw=1.31258 score=0.971746 valid=1 mode=tracking state=TRACKING evaluated=789 execution_us=44642 reason=tracking_pose_accepted
x=5.69978 y=4.0499 yaw=1.38146 score=0.969105 valid=1 mode=tracking state=TRACKING evaluated=789 execution_us=44849 reason=tracking_pose_accepted
x=5.64978 y=4.0499 yaw=1.43289 score=0.961883 valid=1 mode=tracking state=TRACKING evaluated=789 execution_us=44964 reason=tracking_pose_accepted
x=5.59978 y=3.9999 yaw=1.46686 score=0.980907 valid=1 mode=tracking state=TRACKING evaluated=789 execution_us=44070 reason=tracking_pose_accepted
x=5.54978 y=3.9999 yaw=1.44847 score=0.98029 valid=1 mode=tracking state=TRACKING evaluated=789 execution_us=44351 reason=tracking_pose_accepted
x=5.49978 y=4.0499 yaw=1.39518 score=0.974831 valid=1 mode=tracking state=TRACKING evaluated=789 execution_us=44924 reason=tracking_pose_accepted
x=5.39978 y=4.0499 yaw=1.32443 score=0.98083 valid=1 mode=tracking state=TRACKING evaluated=789 execution_us=44780 reason=tracking_pose_accepted
x=5.34978 y=4.0499 yaw=1.30604 score=0.983375 valid=1 mode=tracking state=TRACKING evaluated=789 execution_us=44106 reason=tracking_pose_accepted
x=5.24978 y=4.0499 yaw=1.32256 score=0.978328 valid=1 mode=tracking state=TRACKING evaluated=789 execution_us=44216 reason=tracking_pose_accepted
x=5.24977 y=3.9999 yaw=1.33908 score=0.986531 valid=1 mode=tracking state=TRACKING evaluated=789 execution_us=44529 reason=tracking_pose_accepted
x=5.19977 y=3.9999 yaw=1.3556 score=0.992014 valid=1 mode=tracking state=TRACKING evaluated=789 execution_us=44906 reason=tracking_pose_accepted
x=5.14977 y=3.9999 yaw=1.33721 score=0.993189 valid=1 mode=tracking state=TRACKING evaluated=789 execution_us=44244 reason=tracking_pose_accepted
x=5.14977 y=3.9999 yaw=1.35373 score=0.986687 valid=1 mode=tracking state=TRACKING evaluated=807 execution_us=45113 reason=tracking_pose_accepted
x=5.09977 y=3.9499 yaw=1.37025 score=0.990222 valid=1 mode=tracking state=TRACKING evaluated=789 execution_us=44502 reason=tracking_pose_accepted
x=5.04977 y=3.9499 yaw=1.38677 score=0.991972 valid=1 mode=tracking state=TRACKING evaluated=789 execution_us=44102 reason=tracking_pose_accepted
x=4.99977 y=3.9499 yaw=1.4382 score=0.985525 valid=1 mode=tracking state=TRACKING evaluated=807 execution_us=45433 reason=tracking_pose_accepted
x=4.99977 y=3.9499 yaw=1.45472 score=0.993824 valid=1 mode=tracking state=TRACKING evaluated=789 execution_us=44468 reason=tracking_pose_accepted
x=4.94977 y=3.9499 yaw=1.43633 score=0.988575 valid=1 mode=tracking state=TRACKING evaluated=789 execution_us=44193 reason=tracking_pose_accepted
x=4.94977 y=3.9499 yaw=1.40049 score=0.986729 valid=1 mode=tracking state=TRACKING evaluated=807 execution_us=45734 reason=tracking_pose_accepted
x=4.94977 y=3.9499 yaw=1.36465 score=0.991138 valid=1 mode=tracking state=TRACKING evaluated=789 execution_us=44324 reason=tracking_pose_accepted
x=4.94977 y=3.9499 yaw=1.36371 score=0.989971 valid=1 mode=tracking state=TRACKING evaluated=807 execution_us=45495 reason=tracking_pose_accepted
x=4.99977 y=3.94989 yaw=1.36278 score=0.98734 valid=1 mode=tracking state=TRACKING evaluated=789 execution_us=44544 reason=tracking_pose_accepted
x=4.99977 y=3.94989 yaw=1.29203 score=0.972848 valid=1 mode=tracking state=TRACKING evaluated=807 execution_us=44904 reason=tracking_pose_accepted
x=5.04977 y=3.94989 yaw=1.16893 score=0.968752 valid=1 mode=tracking state=TRACKING evaluated=789 execution_us=43748 reason=tracking_pose_accepted
x=4.99977 y=3.94989 yaw=1.08072 score=0.992972 valid=1 mode=tracking state=TRACKING evaluated=807 execution_us=45800 reason=tracking_pose_accepted
x=4.99977 y=3.94989 yaw=1.09724 score=0.992342 valid=1 mode=tracking state=TRACKING evaluated=789 execution_us=44130 reason=tracking_pose_accepted
x=4.99977 y=3.94989 yaw=1.11376 score=0.995677 valid=1 mode=tracking state=TRACKING evaluated=789 execution_us=44260 reason=tracking_pose_accepted
x=4.99977 y=3.94989 yaw=1.16519 score=0.995954 valid=1 mode=tracking state=TRACKING evaluated=807 execution_us=44836 reason=tracking_pose_accepted
x=4.99977 y=3.94989 yaw=1.18171 score=0.996295 valid=1 mode=tracking state=TRACKING evaluated=789 execution_us=44276 reason=tracking_pose_accepted
x=4.99976 y=3.94989 yaw=1.18077 score=0.987757 valid=1 mode=tracking state=TRACKING evaluated=807 execution_us=46049 reason=tracking_pose_accepted
x=4.99976 y=3.94989 yaw=1.17984 score=0.98483 valid=1 mode=tracking state=TRACKING evaluated=789 execution_us=43811 reason=tracking_pose_accepted
x=4.99976 y=3.94989 yaw=1.16145 score=0.990826 valid=1 mode=tracking state=TRACKING evaluated=807 execution_us=45322 reason=tracking_pose_accepted
x=4.99976 y=3.94989 yaw=1.16052 score=0.99226 valid=1 mode=tracking state=TRACKING evaluated=789 execution_us=43791 reason=tracking_pose_accepted
x=4.99976 y=3.94989 yaw=1.15958 score=0.989957 valid=1 mode=tracking state=TRACKING evaluated=807 execution_us=45655 reason=tracking_pose_accepted
x=4.99976 y=3.94989 yaw=1.15865 score=0.988545 valid=1 mode=tracking state=TRACKING evaluated=789 execution_us=44499 reason=tracking_pose_accepted
x=4.99976 y=3.94989 yaw=1.14026 score=0.987104 valid=1 mode=tracking state=TRACKING evaluated=807 execution_us=44985 reason=tracking_pose_accepted
x=4.99976 y=3.89989 yaw=1.13933 score=0.990688 valid=1 mode=tracking state=TRACKING evaluated=789 execution_us=43858 reason=tracking_pose_accepted
x=4.99976 y=3.89989 yaw=1.12094 score=0.990712 valid=1 mode=tracking state=TRACKING evaluated=789 execution_us=45362 reason=tracking_pose_accepted
x=4.99976 y=3.94989 yaw=1.12001 score=0.990918 valid=1 mode=tracking state=TRACKING evaluated=789 execution_us=43837 reason=tracking_pose_accepted
x=4.99976 y=3.94989 yaw=1.15398 score=0.99692 valid=1 mode=tracking state=TRACKING evaluated=789 execution_us=44266 reason=tracking_pose_accepted
x=4.99976 y=3.94989 yaw=1.18795 score=0.993153 valid=1 mode=tracking state=TRACKING evaluated=789 execution_us=44108 reason=tracking_pose_accepted
x=4.99976 y=3.94989 yaw=1.20447 score=0.995711 valid=1 mode=tracking state=TRACKING evaluated=807 execution_us=45683 reason=tracking_pose_accepted
x=4.99976 y=3.94989 yaw=1.20354 score=0.993515 valid=1 mode=tracking state=TRACKING evaluated=789 execution_us=44259 reason=tracking_pose_accepted
x=4.99976 y=3.94989 yaw=1.2026 score=0.993515 valid=1 mode=tracking state=TRACKING evaluated=807 execution_us=45342 reason=tracking_pose_accepted
x=4.99976 y=3.94989 yaw=1.18422 score=0.99058 valid=1 mode=tracking state=TRACKING evaluated=789 execution_us=44605 reason=tracking_pose_accepted
x=4.99976 y=3.94988 yaw=1.16583 score=0.990407 valid=1 mode=tracking state=TRACKING evaluated=807 execution_us=45334 reason=tracking_pose_accepted
x=4.99976 y=3.94988 yaw=1.14744 score=0.988851 valid=1 mode=tracking state=TRACKING evaluated=789 execution_us=44555 reason=tracking_pose_accepted
x=4.99976 y=3.94988 yaw=1.14651 score=0.988502 valid=1 mode=tracking state=TRACKING evaluated=807 execution_us=45522 reason=tracking_pose_accepted
x=4.99976 y=3.94988 yaw=1.16303 score=0.991115 valid=1 mode=tracking state=TRACKING evaluated=789 execution_us=44976 reason=tracking_pose_accepted
x=4.99976 y=3.94988 yaw=1.17954 score=0.992823 valid=1 mode=tracking state=TRACKING evaluated=807 execution_us=44652 reason=tracking_pose_accepted
x=4.99975 y=3.94988 yaw=1.19606 score=0.987424 valid=1 mode=tracking state=TRACKING evaluated=789 execution_us=44201 reason=tracking_pose_accepted
x=4.99975 y=3.89988 yaw=1.21258 score=0.986141 valid=1 mode=tracking state=TRACKING evaluated=807 execution_us=45568 reason=tracking_pose_accepted
x=4.99975 y=3.89988 yaw=1.21165 score=0.987348 valid=1 mode=tracking state=TRACKING evaluated=789 execution_us=43859 reason=tracking_pose_accepted
x=4.99975 y=3.89988 yaw=1.21072 score=0.987381 valid=1 mode=tracking state=TRACKING evaluated=789 execution_us=44312 reason=tracking_pose_accepted
x=4.99975 y=3.89988 yaw=1.20978 score=0.988246 valid=1 mode=tracking state=TRACKING evaluated=789 execution_us=44054 reason=tracking_pose_accepted
x=4.99975 y=3.89988 yaw=1.20885 score=0.987113 valid=1 mode=tracking state=TRACKING evaluated=789 execution_us=44362 reason=tracking_pose_accepted
x=4.99975 y=3.89988 yaw=1.20791 score=0.987977 valid=1 mode=tracking state=TRACKING evaluated=789 execution_us=44432 reason=tracking_pose_accepted
x=4.99975 y=3.89988 yaw=1.20698 score=0.988597 valid=1 mode=tracking state=TRACKING evaluated=789 execution_us=44303 reason=tracking_pose_accepted
x=4.99975 y=3.89988 yaw=1.20604 score=0.988854 valid=1 mode=tracking state=TRACKING evaluated=789 execution_us=44983 reason=tracking_pose_accepted
x=4.99975 y=3.89988 yaw=1.18766 score=0.99224 valid=1 mode=tracking state=TRACKING evaluated=789 execution_us=43815 reason=tracking_pose_accepted
x=4.99975 y=3.89988 yaw=1.18672 score=0.992301 valid=1 mode=tracking state=TRACKING evaluated=789 execution_us=44445 reason=tracking_pose_accepted
x=4.99975 y=3.89988 yaw=1.18579 score=0.989597 valid=1 mode=tracking state=TRACKING evaluated=789 execution_us=43923 reason=tracking_pose_accepted
x=4.99975 y=3.89988 yaw=1.1674 score=0.993135 valid=1 mode=tracking state=TRACKING evaluated=807 execution_us=44836 reason=tracking_pose_accepted
x=4.99975 y=3.89988 yaw=1.16647 score=0.991929 valid=1 mode=tracking state=TRACKING evaluated=789 execution_us=43658 reason=tracking_pose_accepted
x=4.99975 y=3.89988 yaw=1.16553 score=0.989783 valid=1 mode=tracking state=TRACKING evaluated=789 execution_us=44416 reason=tracking_pose_accepted
x=4.99975 y=3.89988 yaw=1.1646 score=0.989474 valid=1 mode=tracking state=TRACKING evaluated=807 execution_us=44929 reason=tracking_pose_accepted
x=4.99975 y=3.89988 yaw=1.16366 score=0.990005 valid=1 mode=tracking state=TRACKING evaluated=789 execution_us=44063 reason=tracking_pose_accepted
x=4.99975 y=3.89988 yaw=1.18018 score=0.992628 valid=1 mode=tracking state=TRACKING evaluated=807 execution_us=45858 reason=tracking_pose_accepted
x=4.99975 y=3.89988 yaw=1.17925 score=0.992321 valid=1 mode=tracking state=TRACKING evaluated=789 execution_us=44348 reason=tracking_pose_accepted
x=4.99975 y=3.89988 yaw=1.21322 score=0.989942 valid=1 mode=tracking state=TRACKING evaluated=807 execution_us=45768 reason=tracking_pose_accepted
x=4.99975 y=3.89988 yaw=1.2472 score=0.991422 valid=1 mode=tracking state=TRACKING evaluated=789 execution_us=44719 reason=tracking_pose_accepted
x=4.99974 y=3.89988 yaw=1.22881 score=0.994164 valid=1 mode=tracking state=TRACKING evaluated=807 execution_us=45120 reason=tracking_pose_accepted
x=4.99974 y=3.89988 yaw=1.22787 score=0.993557 valid=1 mode=tracking state=TRACKING evaluated=789 execution_us=44334 reason=tracking_pose_accepted
x=4.99974 y=3.89988 yaw=1.22694 score=0.995033 valid=1 mode=tracking state=TRACKING evaluated=789 execution_us=43675 reason=tracking_pose_accepted
x=4.99974 y=3.89988 yaw=1.20855 score=0.99265 valid=1 mode=tracking state=TRACKING evaluated=807 execution_us=45272 reason=tracking_pose_accepted
x=4.99974 y=3.89988 yaw=1.22507 score=0.991575 valid=1 mode=tracking state=TRACKING evaluated=789 execution_us=44895 reason=tracking_pose_accepted
x=4.94974 y=3.89988 yaw=1.20668 score=0.990201 valid=1 mode=tracking state=TRACKING evaluated=807 execution_us=44906 reason=tracking_pose_accepted
x=4.99974 y=3.89988 yaw=1.20575 score=0.991069 valid=1 mode=tracking state=TRACKING evaluated=789 execution_us=44414 reason=tracking_pose_accepted
x=4.99974 y=3.89988 yaw=1.18736 score=0.988942 valid=1 mode=tracking state=TRACKING evaluated=789 execution_us=44422 reason=tracking_pose_accepted
x=4.99974 y=3.89988 yaw=1.18643 score=0.987504 valid=1 mode=tracking state=TRACKING evaluated=789 execution_us=45716 reason=tracking_pose_accepted
x=4.99974 y=3.89988 yaw=1.18549 score=0.987989 valid=1 mode=tracking state=TRACKING evaluated=789 execution_us=44248 reason=tracking_pose_accepted
x=4.99974 y=3.89988 yaw=1.18456 score=0.984521 valid=1 mode=tracking state=TRACKING evaluated=789 execution_us=44388 reason=tracking_pose_accepted
x=4.99974 y=3.89988 yaw=1.18363 score=0.987065 valid=1 mode=tracking state=TRACKING evaluated=789 execution_us=44288 reason=tracking_pose_accepted
x=4.99974 y=3.89988 yaw=1.16524 score=0.991292 valid=1 mode=tracking state=TRACKING evaluated=789 execution_us=44687 reason=tracking_pose_accepted
x=4.99974 y=3.89987 yaw=1.18176 score=0.989584 valid=1 mode=tracking state=TRACKING evaluated=789 execution_us=44063 reason=tracking_pose_accepted
x=4.99974 y=3.89987 yaw=1.16337 score=0.994427 valid=1 mode=tracking state=TRACKING evaluated=789 execution_us=44019 reason=tracking_pose_accepted
x=4.99974 y=3.89987 yaw=1.16244 score=0.993295 valid=1 mode=tracking state=TRACKING evaluated=789 execution_us=45434 reason=tracking_pose_accepted
x=4.99974 y=3.89987 yaw=1.1615 score=0.995123 valid=1 mode=tracking state=TRACKING evaluated=807 execution_us=45728 reason=tracking_pose_accepted
x=4.99974 y=3.89987 yaw=1.14311 score=0.993857 valid=1 mode=tracking state=TRACKING evaluated=789 execution_us=44505 reason=tracking_pose_accepted
x=4.99974 y=3.89987 yaw=1.14218 score=0.991377 valid=1 mode=tracking state=TRACKING evaluated=789 execution_us=44585 reason=tracking_pose_accepted
x=4.99974 y=3.89987 yaw=1.12379 score=0.989775 valid=1 mode=tracking state=TRACKING evaluated=789 execution_us=44326 reason=tracking_pose_accepted
x=4.99974 y=3.89987 yaw=1.12286 score=0.99191 valid=1 mode=tracking state=TRACKING evaluated=789 execution_us=44310 reason=tracking_pose_accepted
x=4.99973 y=3.89987 yaw=1.12192 score=0.993277 valid=1 mode=tracking state=TRACKING evaluated=789 execution_us=44585 reason=tracking_pose_accepted
x=4.99973 y=3.89987 yaw=1.12099 score=0.992321 valid=1 mode=tracking state=TRACKING evaluated=807 execution_us=45544 reason=tracking_pose_accepted
x=4.99973 y=3.89987 yaw=1.13751 score=0.991022 valid=1 mode=tracking state=TRACKING evaluated=789 execution_us=44631 reason=tracking_pose_accepted
x=5.04973 y=3.89987 yaw=1.15403 score=0.988937 valid=1 mode=tracking state=TRACKING evaluated=807 execution_us=44998 reason=tracking_pose_accepted
x=4.99973 y=3.89987 yaw=1.15309 score=0.988379 valid=1 mode=tracking state=TRACKING evaluated=789 execution_us=44378 reason=tracking_pose_accepted
x=4.99973 y=3.89987 yaw=1.15216 score=0.990191 valid=1 mode=tracking state=TRACKING evaluated=807 execution_us=45034 reason=tracking_pose_accepted
x=4.99973 y=3.89987 yaw=1.15123 score=0.989729 valid=1 mode=tracking state=TRACKING evaluated=789 execution_us=43744 reason=tracking_pose_accepted
x=4.99973 y=3.89987 yaw=1.15029 score=0.989971 valid=1 mode=tracking state=TRACKING evaluated=807 execution_us=45539 reason=tracking_pose_accepted
x=4.99973 y=3.89987 yaw=1.14936 score=0.987967 valid=1 mode=tracking state=TRACKING evaluated=789 execution_us=44108 reason=tracking_pose_accepted
x=4.99973 y=3.89987 yaw=1.14842 score=0.986846 valid=1 mode=tracking state=TRACKING evaluated=807 execution_us=45210 reason=tracking_pose_accepted
x=4.99973 y=3.89987 yaw=1.14749 score=0.988616 valid=1 mode=tracking state=TRACKING evaluated=789 execution_us=44755 reason=tracking_pose_accepted
x=4.99973 y=3.89987 yaw=1.14656 score=0.987488 valid=1 mode=tracking state=TRACKING evaluated=807 execution_us=45433 reason=tracking_pose_accepted
x=4.99973 y=3.89987 yaw=1.14562 score=0.988925 valid=1 mode=tracking state=TRACKING evaluated=789 execution_us=44161 reason=tracking_pose_accepted
x=4.99973 y=3.89987 yaw=1.14469 score=0.989052 valid=1 mode=tracking state=TRACKING evaluated=807 execution_us=45812 reason=tracking_pose_accepted
x=4.99973 y=3.89987 yaw=1.14375 score=0.990134 valid=1 mode=tracking state=TRACKING evaluated=789 execution_us=43754 reason=tracking_pose_accepted
x=4.99973 y=3.89987 yaw=1.14282 score=0.990998 valid=1 mode=tracking state=TRACKING evaluated=807 execution_us=44908 reason=tracking_pose_accepted
x=4.99973 y=3.89987 yaw=1.14189 score=0.989904 valid=1 mode=tracking state=TRACKING evaluated=789 execution_us=44557 reason=tracking_pose_accepted
x=5.04973 y=3.89987 yaw=1.14095 score=0.987389 valid=1 mode=tracking state=TRACKING evaluated=807 execution_us=45102 reason=tracking_pose_accepted
x=4.99973 y=3.89986 yaw=1.15747 score=0.986347 valid=1 mode=tracking state=TRACKING evaluated=789 execution_us=44409 reason=tracking_pose_accepted
x=5.04973 y=3.89986 yaw=1.15654 score=0.987099 valid=1 mode=tracking state=TRACKING evaluated=807 execution_us=45160 reason=tracking_pose_accepted
x=4.99973 y=3.89986 yaw=1.1556 score=0.988995 valid=1 mode=tracking state=TRACKING evaluated=789 execution_us=44352 reason=tracking_pose_accepted
x=4.99972 y=3.89986 yaw=1.15467 score=0.989584 valid=1 mode=tracking state=TRACKING evaluated=789 execution_us=44582 reason=tracking_pose_accepted
x=4.99972 y=3.89986 yaw=1.15373 score=0.98769 valid=1 mode=tracking state=TRACKING evaluated=789 execution_us=44101 reason=tracking_pose_accepted
x=4.99972 y=3.89986 yaw=1.1528 score=0.987181 valid=1 mode=tracking state=TRACKING evaluated=807 execution_us=45133 reason=tracking_pose_accepted
x=4.99972 y=3.89986 yaw=1.15187 score=0.987455 valid=1 mode=tracking state=TRACKING evaluated=789 execution_us=44185 reason=tracking_pose_accepted
x=4.99972 y=3.89986 yaw=1.15093 score=0.987348 valid=1 mode=tracking state=TRACKING evaluated=807 execution_us=44791 reason=tracking_pose_accepted
x=4.99972 y=3.89986 yaw=1.15 score=0.987389 valid=1 mode=tracking state=TRACKING evaluated=789 execution_us=43932 reason=tracking_pose_accepted
x=4.99972 y=3.89986 yaw=1.14906 score=0.988616 valid=1 mode=tracking state=TRACKING evaluated=807 execution_us=45473 reason=tracking_pose_accepted
x=4.99972 y=3.89986 yaw=1.14813 score=0.988307 valid=1 mode=tracking state=TRACKING evaluated=789 execution_us=44481 reason=tracking_pose_accepted
x=4.99972 y=3.89986 yaw=1.14719 score=0.98803 valid=1 mode=tracking state=TRACKING evaluated=807 execution_us=45848 reason=tracking_pose_accepted
x=4.99972 y=3.89986 yaw=1.14626 score=0.989262 valid=1 mode=tracking state=TRACKING evaluated=789 execution_us=44310 reason=tracking_pose_accepted
x=4.99972 y=3.89986 yaw=1.14533 score=0.988676 valid=1 mode=tracking state=TRACKING evaluated=807 execution_us=45774 reason=tracking_pose_accepted
x=4.99972 y=3.89986 yaw=1.14439 score=0.98845 valid=1 mode=tracking state=TRACKING evaluated=789 execution_us=44445 reason=tracking_pose_accepted
x=4.99972 y=3.89986 yaw=1.14346 score=0.989878 valid=1 mode=tracking state=TRACKING evaluated=807 execution_us=45368 reason=tracking_pose_accepted
x=4.99972 y=3.89986 yaw=1.14252 score=0.990453 valid=1 mode=tracking state=TRACKING evaluated=789 execution_us=44392 reason=tracking_pose_accepted
x=4.99972 y=3.89986 yaw=1.15904 score=0.985915 valid=1 mode=tracking state=TRACKING evaluated=807 execution_us=45501 reason=tracking_pose_accepted
x=5.04972 y=3.89986 yaw=1.14066 score=0.987455 valid=1 mode=tracking state=TRACKING evaluated=789 execution_us=44112 reason=tracking_pose_accepted
x=4.99972 y=3.89986 yaw=1.13972 score=0.988359 valid=1 mode=tracking state=TRACKING evaluated=789 execution_us=44661 reason=tracking_pose_accepted
x=4.99972 y=3.89986 yaw=1.15624 score=0.987455 valid=1 mode=tracking state=TRACKING evaluated=807 execution_us=45459 reason=tracking_pose_accepted
x=5.04972 y=3.89986 yaw=1.15531 score=0.986894 valid=1 mode=tracking state=TRACKING evaluated=789 execution_us=44207 reason=tracking_pose_accepted
x=4.99972 y=3.89986 yaw=1.15437 score=0.987455 valid=1 mode=tracking state=TRACKING evaluated=789 execution_us=44892 reason=tracking_pose_accepted
x=4.99972 y=3.89986 yaw=1.15344 score=0.987795 valid=1 mode=tracking state=TRACKING evaluated=807 execution_us=45343 reason=tracking_pose_accepted
x=4.99971 y=3.89986 yaw=1.1525 score=0.987967 valid=1 mode=tracking state=TRACKING evaluated=789 execution_us=44215 reason=tracking_pose_accepted
x=4.99971 y=3.89985 yaw=1.15157 score=0.989205 valid=1 mode=tracking state=TRACKING evaluated=807 execution_us=45277 reason=tracking_pose_accepted
x=4.99971 y=3.89985 yaw=1.15064 score=0.987147 valid=1 mode=tracking state=TRACKING evaluated=789 execution_us=44328 reason=tracking_pose_accepted
x=4.99971 y=3.89985 yaw=1.1497 score=0.987999 valid=1 mode=tracking state=TRACKING evaluated=807 execution_us=45077 reason=tracking_pose_accepted
x=4.99971 y=3.89985 yaw=1.14877 score=0.987722 valid=1 mode=tracking state=TRACKING evaluated=789 execution_us=44350 reason=tracking_pose_accepted
x=4.99971 y=3.89985 yaw=1.14783 score=0.987147 valid=1 mode=tracking state=TRACKING evaluated=807 execution_us=45421 reason=tracking_pose_accepted
x=4.99971 y=3.89985 yaw=1.1469 score=0.988338 valid=1 mode=tracking state=TRACKING evaluated=789 execution_us=44642 reason=tracking_pose_accepted
x=4.99971 y=3.89985 yaw=1.14597 score=0.988349 valid=1 mode=tracking state=TRACKING evaluated=807 execution_us=45249 reason=tracking_pose_accepted
x=4.99971 y=3.89985 yaw=1.14503 score=0.989825 valid=1 mode=tracking state=TRACKING evaluated=789 execution_us=44145 reason=tracking_pose_accepted
x=4.99971 y=3.89985 yaw=1.1441 score=0.988937 valid=1 mode=tracking state=TRACKING evaluated=807 execution_us=45398 reason=tracking_pose_accepted
x=4.99971 y=3.89985 yaw=1.14316 score=0.989303 valid=1 mode=tracking state=TRACKING evaluated=789 execution_us=44384 reason=tracking_pose_accepted
x=5.04971 y=3.89985 yaw=1.15968 score=0.987373 valid=1 mode=tracking state=TRACKING evaluated=807 execution_us=45258 reason=tracking_pose_accepted
x=4.99971 y=3.89985 yaw=1.1413 score=0.991022 valid=1 mode=tracking state=TRACKING evaluated=789 execution_us=44231 reason=tracking_pose_accepted
x=4.99971 y=3.89985 yaw=1.15781 score=0.986735 valid=1 mode=tracking state=TRACKING evaluated=789 execution_us=43602 reason=tracking_pose_accepted
x=4.99971 y=3.89985 yaw=1.13943 score=0.990688 valid=1 mode=tracking state=TRACKING evaluated=807 execution_us=45367 reason=tracking_pose_accepted
x=4.99971 y=3.89985 yaw=1.15595 score=0.987447 valid=1 mode=tracking state=TRACKING evaluated=789 execution_us=44209 reason=tracking_pose_accepted
x=4.99971 y=3.89985 yaw=1.15501 score=0.988349 valid=1 mode=tracking state=TRACKING evaluated=789 execution_us=44034 reason=tracking_pose_accepted
x=4.99971 y=3.89985 yaw=1.15408 score=0.9863 valid=1 mode=tracking state=TRACKING evaluated=789 execution_us=44887 reason=tracking_pose_accepted
x=4.99971 y=3.89985 yaw=1.15314 score=0.987389 valid=1 mode=tracking state=TRACKING evaluated=807 execution_us=45249 reason=tracking_pose_accepted
x=4.99971 y=3.89985 yaw=1.15221 score=0.987999 valid=1 mode=tracking state=TRACKING evaluated=789 execution_us=44330 reason=tracking_pose_accepted
x=4.99971 y=3.89985 yaw=1.15128 score=0.987999 valid=1 mode=tracking state=TRACKING evaluated=807 execution_us=45418 reason=tracking_pose_accepted
x=4.9997 y=3.89985 yaw=1.15034 score=0.988164 valid=1 mode=tracking state=TRACKING evaluated=789 execution_us=44799 reason=tracking_pose_accepted
x=4.9997 y=3.89985 yaw=1.14941 score=0.98803 valid=1 mode=tracking state=TRACKING evaluated=807 execution_us=45685 reason=tracking_pose_accepted
x=4.9997 y=3.89985 yaw=1.14847 score=0.988307 valid=1 mode=tracking state=TRACKING evaluated=789 execution_us=44254 reason=tracking_pose_accepted
x=4.9997 y=3.89985 yaw=1.14754 score=0.988307 valid=1 mode=tracking state=TRACKING evaluated=807 execution_us=45307 reason=tracking_pose_accepted
x=4.9997 y=3.89984 yaw=1.1466 score=0.987455 valid=1 mode=tracking state=TRACKING evaluated=789 execution_us=44853 reason=tracking_pose_accepted
x=4.9997 y=3.89984 yaw=1.14567 score=0.988616 valid=1 mode=tracking state=TRACKING evaluated=807 execution_us=45304 reason=tracking_pose_accepted
x=4.9997 y=3.89984 yaw=1.14474 score=0.990826 valid=1 mode=tracking state=TRACKING evaluated=789 execution_us=44510 reason=tracking_pose_accepted
x=4.9997 y=3.89984 yaw=1.1438 score=0.989878 valid=1 mode=tracking state=TRACKING evaluated=807 execution_us=46582 reason=tracking_pose_accepted
x=5.0497 y=3.89984 yaw=1.16032 score=0.987406 valid=1 mode=tracking state=TRACKING evaluated=789 execution_us=44609 reason=tracking_pose_accepted
x=4.9997 y=3.89984 yaw=1.14193 score=0.9876 valid=1 mode=tracking state=TRACKING evaluated=807 execution_us=45479 reason=tracking_pose_accepted
x=5.0497 y=3.89984 yaw=1.15845 score=0.988575 valid=1 mode=tracking state=TRACKING evaluated=789 execution_us=44786 reason=tracking_pose_accepted
x=5.0497 y=3.89984 yaw=1.14007 score=0.986006 valid=1 mode=tracking state=TRACKING evaluated=789 execution_us=44065 reason=tracking_pose_accepted
x=5.0497 y=3.89984 yaw=1.15659 score=0.988215 valid=1 mode=tracking state=TRACKING evaluated=789 execution_us=44339 reason=tracking_pose_accepted
x=4.9997 y=3.89984 yaw=1.15565 score=0.986763 valid=1 mode=tracking state=TRACKING evaluated=807 execution_us=45157 reason=tracking_pose_accepted
x=4.9997 y=3.89984 yaw=1.15472 score=0.988646 valid=1 mode=tracking state=TRACKING evaluated=789 execution_us=44384 reason=tracking_pose_accepted
x=4.9997 y=3.89984 yaw=1.15378 score=0.987657 valid=1 mode=tracking state=TRACKING evaluated=789 execution_us=44286 reason=tracking_pose_accepted
x=4.9997 y=3.89984 yaw=1.15285 score=0.987079 valid=1 mode=tracking state=TRACKING evaluated=807 execution_us=45047 reason=tracking_pose_accepted
x=4.9997 y=3.89984 yaw=1.15191 score=0.988307 valid=1 mode=tracking state=TRACKING evaluated=789 execution_us=44346 reason=tracking_pose_accepted
x=4.9997 y=3.89984 yaw=1.15098 score=0.988307 valid=1 mode=tracking state=TRACKING evaluated=807 execution_us=45669 reason=tracking_pose_accepted
x=4.9997 y=3.89984 yaw=1.15005 score=0.98769 valid=1 mode=tracking state=TRACKING evaluated=789 execution_us=43938 reason=tracking_pose_accepted
x=4.9997 y=3.89984 yaw=1.14911 score=0.987553 valid=1 mode=tracking state=TRACKING evaluated=807 execution_us=46011 reason=tracking_pose_accepted
x=4.99969 y=3.89984 yaw=1.14818 score=0.987999 valid=1 mode=tracking state=TRACKING evaluated=789 execution_us=44018 reason=tracking_pose_accepted
x=4.99969 y=3.89984 yaw=1.14724 score=0.988925 valid=1 mode=tracking state=TRACKING evaluated=807 execution_us=45173 reason=tracking_pose_accepted
x=4.99969 y=3.89984 yaw=1.14631 score=0.988008 valid=1 mode=tracking state=TRACKING evaluated=789 execution_us=44501 reason=tracking_pose_accepted
x=4.99969 y=3.89984 yaw=1.14538 score=0.988616 valid=1 mode=tracking state=TRACKING evaluated=807 execution_us=44927 reason=tracking_pose_accepted
x=4.99969 y=3.89984 yaw=1.14444 score=0.988717 valid=1 mode=tracking state=TRACKING evaluated=789 execution_us=44304 reason=tracking_pose_accepted
x=4.99969 y=3.89984 yaw=1.14351 score=0.990712 valid=1 mode=tracking state=TRACKING evaluated=807 execution_us=45050 reason=tracking_pose_accepted
x=5.04969 y=3.89984 yaw=1.16003 score=0.987616 valid=1 mode=tracking state=TRACKING evaluated=789 execution_us=43696 reason=tracking_pose_accepted
x=4.99969 y=3.89984 yaw=1.14164 score=0.990119 valid=1 mode=tracking state=TRACKING evaluated=807 execution_us=45904 reason=tracking_pose_accepted
x=4.99969 y=3.89983 yaw=1.15816 score=0.98734 valid=1 mode=tracking state=TRACKING evaluated=789 execution_us=44057 reason=tracking_pose_accepted
x=4.99969 y=3.89983 yaw=1.15722 score=0.987348 valid=1 mode=tracking state=TRACKING evaluated=789 execution_us=43994 reason=tracking_pose_accepted
x=4.99969 y=3.89983 yaw=1.15629 score=0.987634 valid=1 mode=tracking state=TRACKING evaluated=789 execution_us=44405 reason=tracking_pose_accepted
x=4.99969 y=3.89983 yaw=1.15536 score=0.98804 valid=1 mode=tracking state=TRACKING evaluated=789 execution_us=44041 reason=tracking_pose_accepted
x=4.99969 y=3.89983 yaw=1.15442 score=0.988616 valid=1 mode=tracking state=TRACKING evaluated=789 execution_us=44159 reason=tracking_pose_accepted
x=4.99969 y=3.89983 yaw=1.15349 score=0.98844 valid=1 mode=tracking state=TRACKING evaluated=807 execution_us=45886 reason=tracking_pose_accepted
x=4.99969 y=3.89983 yaw=1.15255 score=0.987381 valid=1 mode=tracking state=TRACKING evaluated=789 execution_us=44171 reason=tracking_pose_accepted
x=4.99969 y=3.89983 yaw=1.15162 score=0.987455 valid=1 mode=tracking state=TRACKING evaluated=807 execution_us=45233 reason=tracking_pose_accepted
x=4.99969 y=3.89983 yaw=1.15069 score=0.987422 valid=1 mode=tracking state=TRACKING evaluated=789 execution_us=44353 reason=tracking_pose_accepted
x=4.99969 y=3.89983 yaw=1.14975 score=0.988676 valid=1 mode=tracking state=TRACKING evaluated=807 execution_us=45351 reason=tracking_pose_accepted
x=4.99969 y=3.89983 yaw=1.14882 score=0.989487 valid=1 mode=tracking state=TRACKING evaluated=789 execution_us=44416 reason=tracking_pose_accepted
x=4.99969 y=3.89983 yaw=1.14788 score=0.99166 valid=1 mode=tracking state=TRACKING evaluated=807 execution_us=44777 reason=tracking_pose_accepted
x=4.99969 y=3.89983 yaw=1.1644 score=0.990761 valid=1 mode=tracking state=TRACKING evaluated=789 execution_us=44706 reason=tracking_pose_accepted
x=4.94968 y=3.94983 yaw=1.19837 score=0.994485 valid=1 mode=tracking state=TRACKING evaluated=807 execution_us=45817 reason=tracking_pose_accepted
x=4.89968 y=3.94983 yaw=1.2498 score=0.991314 valid=1 mode=tracking state=TRACKING evaluated=789 execution_us=44959 reason=tracking_pose_accepted
x=4.84968 y=3.94983 yaw=1.26632 score=0.980291 valid=1 mode=tracking state=TRACKING evaluated=807 execution_us=45927 reason=tracking_pose_accepted
x=4.74968 y=3.94983 yaw=1.28284 score=0.97636 valid=1 mode=tracking state=TRACKING evaluated=789 execution_us=45528 reason=tracking_pose_accepted
x=4.64968 y=3.94983 yaw=1.247 score=0.971272 valid=1 mode=tracking state=TRACKING evaluated=807 execution_us=46444 reason=tracking_pose_accepted
x=4.54968 y=3.94983 yaw=1.26352 score=0.961324 valid=1 mode=tracking state=TRACKING evaluated=789 execution_us=45110 reason=tracking_pose_accepted
x=4.44968 y=3.94983 yaw=1.26258 score=0.964696 valid=1 mode=tracking state=TRACKING evaluated=807 execution_us=45543 reason=tracking_pose_accepted
x=4.34968 y=3.94983 yaw=1.2791 score=0.96709 valid=1 mode=tracking state=TRACKING evaluated=789 execution_us=44961 reason=tracking_pose_accepted
x=4.24968 y=3.94983 yaw=1.27817 score=0.959267 valid=1 mode=tracking state=TRACKING evaluated=807 execution_us=45539 reason=tracking_pose_accepted
x=4.19968 y=3.94983 yaw=1.24233 score=0.940145 valid=1 mode=tracking state=TRACKING evaluated=789 execution_us=44681 reason=tracking_pose_accepted
x=4.09968 y=3.99983 yaw=1.20649 score=0.948327 valid=1 mode=tracking state=TRACKING evaluated=789 execution_us=45612 reason=tracking_pose_accepted
x=4.04968 y=3.99983 yaw=1.1881 score=0.970361 valid=1 mode=tracking state=TRACKING evaluated=789 execution_us=57128 reason=tracking_pose_accepted
x=4.04968 y=4.04983 yaw=1.18717 score=0.979936 valid=1 mode=tracking state=TRACKING evaluated=789 execution_us=44570 reason=tracking_pose_accepted
x=3.99968 y=4.09983 yaw=1.20368 score=0.986274 valid=1 mode=tracking state=TRACKING evaluated=789 execution_us=45457 reason=tracking_pose_accepted
x=3.94968 y=4.09983 yaw=1.2202 score=0.984615 valid=1 mode=tracking state=TRACKING evaluated=789 execution_us=45430 reason=tracking_pose_accepted
x=3.89968 y=4.14983 yaw=1.23672 score=0.989512 valid=1 mode=tracking state=TRACKING evaluated=789 execution_us=44999 reason=tracking_pose_accepted
x=3.84968 y=4.14983 yaw=1.21834 score=0.99457 valid=1 mode=tracking state=TRACKING evaluated=789 execution_us=45741 reason=tracking_pose_accepted
x=3.79968 y=4.19983 yaw=1.23485 score=0.993936 valid=1 mode=tracking state=TRACKING evaluated=789 execution_us=44608 reason=tracking_pose_accepted
x=3.74968 y=4.24983 yaw=1.25137 score=0.986431 valid=1 mode=tracking state=TRACKING evaluated=789 execution_us=44928 reason=tracking_pose_accepted
x=3.74968 y=4.24983 yaw=1.26789 score=0.994087 valid=1 mode=tracking state=TRACKING evaluated=789 execution_us=44979 reason=tracking_pose_accepted
x=3.69968 y=4.29983 yaw=1.26696 score=0.993705 valid=1 mode=tracking state=TRACKING evaluated=789 execution_us=44974 reason=tracking_pose_accepted
x=3.69968 y=4.34983 yaw=1.24857 score=0.992984 valid=1 mode=tracking state=TRACKING evaluated=789 execution_us=45058 reason=tracking_pose_accepted
x=3.69968 y=4.39983 yaw=1.24764 score=0.987489 valid=1 mode=tracking state=TRACKING evaluated=789 execution_us=45178 reason=tracking_pose_accepted
x=3.69968 y=4.44983 yaw=1.22925 score=0.977908 valid=1 mode=tracking state=TRACKING evaluated=789 execution_us=45297 reason=tracking_pose_accepted
x=3.69968 y=4.44983 yaw=1.21086 score=0.989576 valid=1 mode=tracking state=TRACKING evaluated=789 execution_us=44976 reason=tracking_pose_accepted
x=3.69968 y=4.44983 yaw=1.20993 score=0.987113 valid=1 mode=tracking state=TRACKING evaluated=789 execution_us=44754 reason=tracking_pose_accepted
x=3.69968 y=4.49983 yaw=1.19154 score=0.980392 valid=1 mode=tracking state=TRACKING evaluated=789 execution_us=44618 reason=tracking_pose_accepted
x=3.69968 y=4.49983 yaw=1.19061 score=0.976962 valid=1 mode=tracking state=TRACKING evaluated=789 execution_us=45999 reason=tracking_pose_accepted
x=3.69968 y=4.49983 yaw=1.20713 score=0.986537 valid=1 mode=tracking state=TRACKING evaluated=789 execution_us=44926 reason=tracking_pose_accepted
x=3.74968 y=4.49983 yaw=1.22365 score=0.988235 valid=1 mode=tracking state=TRACKING evaluated=789 execution_us=45765 reason=tracking_pose_accepted
x=3.74968 y=4.49983 yaw=1.24017 score=0.990826 valid=1 mode=tracking state=TRACKING evaluated=807 execution_us=46138 reason=tracking_pose_accepted
x=3.74968 y=4.49983 yaw=1.25668 score=0.985878 valid=1 mode=tracking state=TRACKING evaluated=789 execution_us=45014 reason=tracking_pose_accepted
x=3.74968 y=4.49983 yaw=1.25575 score=0.98686 valid=1 mode=tracking state=TRACKING evaluated=789 execution_us=44634 reason=tracking_pose_accepted
x=3.74968 y=4.49983 yaw=1.23736 score=0.983538 valid=1 mode=tracking state=TRACKING evaluated=789 execution_us=44800 reason=tracking_pose_accepted
x=3.79968 y=4.49983 yaw=1.21898 score=0.988051 valid=1 mode=tracking state=TRACKING evaluated=789 execution_us=44376 reason=tracking_pose_accepted
x=3.79968 y=4.49983 yaw=1.21804 score=0.991749 valid=1 mode=tracking state=TRACKING evaluated=789 execution_us=44950 reason=tracking_pose_accepted
x=3.79968 y=4.49983 yaw=1.19965 score=0.994235 valid=1 mode=tracking state=TRACKING evaluated=789 execution_us=44643 reason=tracking_pose_accepted
x=3.79968 y=4.49983 yaw=1.18127 score=0.991771 valid=1 mode=tracking state=TRACKING evaluated=789 execution_us=44694 reason=tracking_pose_accepted
x=3.79968 y=4.49983 yaw=1.18033 score=0.992898 valid=1 mode=tracking state=TRACKING evaluated=789 execution_us=44321 reason=tracking_pose_accepted
x=3.79968 y=4.49983 yaw=1.1794 score=0.992609 valid=1 mode=tracking state=TRACKING evaluated=789 execution_us=44180 reason=tracking_pose_accepted
x=3.79968 y=4.49983 yaw=1.17846 score=0.988673 valid=1 mode=tracking state=TRACKING evaluated=789 execution_us=43690 reason=tracking_pose_accepted
x=3.84968 y=4.49983 yaw=1.17753 score=0.987989 valid=1 mode=tracking state=TRACKING evaluated=789 execution_us=44470 reason=tracking_pose_accepted
x=3.84968 y=4.49983 yaw=1.1766 score=0.991161 valid=1 mode=tracking state=TRACKING evaluated=807 execution_us=45881 reason=tracking_pose_accepted
x=3.84968 y=4.49983 yaw=1.17566 score=0.993583 valid=1 mode=tracking state=TRACKING evaluated=789 execution_us=45345 reason=tracking_pose_accepted
x=3.84968 y=4.49983 yaw=1.17473 score=0.991507 valid=1 mode=tracking state=TRACKING evaluated=789 execution_us=44675 reason=tracking_pose_accepted
x=3.84968 y=4.54983 yaw=1.17379 score=0.986624 valid=1 mode=tracking state=TRACKING evaluated=789 execution_us=44929 reason=tracking_pose_accepted
x=3.84968 y=4.54983 yaw=1.17286 score=0.987406 valid=1 mode=tracking state=TRACKING evaluated=789 execution_us=44774 reason=tracking_pose_accepted
x=3.84968 y=4.54983 yaw=1.17193 score=0.989084 valid=1 mode=tracking state=TRACKING evaluated=789 execution_us=45091 reason=tracking_pose_accepted
x=3.84968 y=4.49983 yaw=1.17099 score=0.988266 valid=1 mode=tracking state=TRACKING evaluated=807 execution_us=45870 reason=tracking_pose_accepted
x=3.84968 y=4.49983 yaw=1.1526 score=0.992096 valid=1 mode=tracking state=TRACKING evaluated=789 execution_us=45016 reason=tracking_pose_accepted
x=3.84968 y=4.49983 yaw=1.16912 score=0.991399 valid=1 mode=tracking state=TRACKING evaluated=789 execution_us=44530 reason=tracking_pose_accepted
x=3.84968 y=4.49983 yaw=1.16819 score=0.989583 valid=1 mode=tracking state=TRACKING evaluated=789 execution_us=44911 reason=tracking_pose_accepted
x=3.84968 y=4.49983 yaw=1.16726 score=0.988971 valid=1 mode=tracking state=TRACKING evaluated=789 execution_us=45340 reason=tracking_pose_accepted
x=3.79968 y=4.49983 yaw=1.16632 score=0.989136 valid=1 mode=tracking state=TRACKING evaluated=789 execution_us=43939 reason=tracking_pose_accepted
x=3.79968 y=4.49983 yaw=1.14793 score=0.990016 valid=1 mode=tracking state=TRACKING evaluated=789 execution_us=44711 reason=tracking_pose_accepted
x=3.79968 y=4.49983 yaw=1.16445 score=0.993557 valid=1 mode=tracking state=TRACKING evaluated=789 execution_us=43828 reason=tracking_pose_accepted
x=3.79968 y=4.49983 yaw=1.16352 score=0.994569 valid=1 mode=tracking state=TRACKING evaluated=789 execution_us=44797 reason=tracking_pose_accepted
x=3.79968 y=4.49983 yaw=1.16259 score=0.992745 valid=1 mode=tracking state=TRACKING evaluated=789 execution_us=44897 reason=tracking_pose_accepted
x=3.79968 y=4.49983 yaw=1.16165 score=0.992341 valid=1 mode=tracking state=TRACKING evaluated=789 execution_us=44421 reason=tracking_pose_accepted
x=3.79968 y=4.49983 yaw=1.16072 score=0.992958 valid=1 mode=tracking state=TRACKING evaluated=789 execution_us=44107 reason=tracking_pose_accepted
x=3.79968 y=4.49983 yaw=1.15978 score=0.989356 valid=1 mode=tracking state=TRACKING evaluated=789 execution_us=43772 reason=tracking_pose_accepted
x=3.79968 y=4.49983 yaw=1.15885 score=0.988266 valid=1 mode=tracking state=TRACKING evaluated=789 execution_us=44084 reason=tracking_pose_accepted
x=3.79968 y=4.49983 yaw=1.15792 score=0.989612 valid=1 mode=tracking state=TRACKING evaluated=789 execution_us=44715 reason=tracking_pose_accepted
x=3.79968 y=4.49983 yaw=1.15698 score=0.990145 valid=1 mode=tracking state=TRACKING evaluated=789 execution_us=44341 reason=tracking_pose_accepted
x=3.79968 y=4.49983 yaw=1.15605 score=0.992572 valid=1 mode=tracking state=TRACKING evaluated=789 execution_us=43816 reason=tracking_pose_accepted
x=3.79968 y=4.49983 yaw=1.15511 score=0.992281 valid=1 mode=tracking state=TRACKING evaluated=789 execution_us=43770 reason=tracking_pose_accepted
x=3.79968 y=4.49983 yaw=1.15418 score=0.990729 valid=1 mode=tracking state=TRACKING evaluated=789 execution_us=43831 reason=tracking_pose_accepted
x=3.79968 y=4.49983 yaw=1.15325 score=0.990478 valid=1 mode=tracking state=TRACKING evaluated=789 execution_us=44294 reason=tracking_pose_accepted
x=3.79968 y=4.49983 yaw=1.15231 score=0.99224 valid=1 mode=tracking state=TRACKING evaluated=789 execution_us=43842 reason=tracking_pose_accepted
x=3.79968 y=4.49983 yaw=1.15138 score=0.989837 valid=1 mode=tracking state=TRACKING evaluated=789 execution_us=44254 reason=tracking_pose_accepted
x=3.79968 y=4.49983 yaw=1.1679 score=0.990444 valid=1 mode=tracking state=TRACKING evaluated=789 execution_us=44198 reason=tracking_pose_accepted
x=3.79968 y=4.49983 yaw=1.14951 score=0.991045 valid=1 mode=tracking state=TRACKING evaluated=789 execution_us=43802 reason=tracking_pose_accepted
x=3.79968 y=4.49983 yaw=1.16603 score=0.990736 valid=1 mode=tracking state=TRACKING evaluated=789 execution_us=44121 reason=tracking_pose_accepted
x=3.79968 y=4.49983 yaw=1.16509 score=0.991619 valid=1 mode=tracking state=TRACKING evaluated=789 execution_us=44632 reason=tracking_pose_accepted
x=3.79968 y=4.49983 yaw=1.16416 score=0.992013 valid=1 mode=tracking state=TRACKING evaluated=789 execution_us=43879 reason=tracking_pose_accepted
x=3.79968 y=4.49983 yaw=1.16323 score=0.989205 valid=1 mode=tracking state=TRACKING evaluated=789 execution_us=44116 reason=tracking_pose_accepted
x=3.79968 y=4.49983 yaw=1.16229 score=0.990393 valid=1 mode=tracking state=TRACKING evaluated=789 execution_us=43644 reason=tracking_pose_accepted
x=3.79968 y=4.49983 yaw=1.16136 score=0.989783 valid=1 mode=tracking state=TRACKING evaluated=789 execution_us=44124 reason=tracking_pose_accepted
x=3.79968 y=4.49983 yaw=1.16042 score=0.991395 valid=1 mode=tracking state=TRACKING evaluated=789 execution_us=44022 reason=tracking_pose_accepted
x=3.79968 y=4.49983 yaw=1.15949 score=0.991007 valid=1 mode=tracking state=TRACKING evaluated=789 execution_us=44656 reason=tracking_pose_accepted
x=3.79968 y=4.49983 yaw=1.15856 score=0.99286 valid=1 mode=tracking state=TRACKING evaluated=789 execution_us=43823 reason=tracking_pose_accepted
x=3.79968 y=4.49983 yaw=1.15762 score=0.99323 valid=1 mode=tracking state=TRACKING evaluated=789 execution_us=44511 reason=tracking_pose_accepted
x=3.79968 y=4.49983 yaw=1.15669 score=0.992301 valid=1 mode=tracking state=TRACKING evaluated=789 execution_us=43991 reason=tracking_pose_accepted
x=3.79968 y=4.49983 yaw=1.15575 score=0.990699 valid=1 mode=tracking state=TRACKING evaluated=789 execution_us=44657 reason=tracking_pose_accepted
x=3.79968 y=4.49983 yaw=1.15482 score=0.990675 valid=1 mode=tracking state=TRACKING evaluated=789 execution_us=44651 reason=tracking_pose_accepted
x=3.79968 y=4.49983 yaw=1.15389 score=0.990444 valid=1 mode=tracking state=TRACKING evaluated=789 execution_us=44220 reason=tracking_pose_accepted
x=3.79968 y=4.49983 yaw=1.15295 score=0.990688 valid=1 mode=tracking state=TRACKING evaluated=789 execution_us=44134 reason=tracking_pose_accepted
x=3.79968 y=4.49983 yaw=1.15202 score=0.991069 valid=1 mode=tracking state=TRACKING evaluated=789 execution_us=44637 reason=tracking_pose_accepted
x=3.79968 y=4.49983 yaw=1.16854 score=0.990712 valid=1 mode=tracking state=TRACKING evaluated=789 execution_us=44224 reason=tracking_pose_accepted
x=3.79968 y=4.49983 yaw=1.15015 score=0.989937 valid=1 mode=tracking state=TRACKING evaluated=789 execution_us=44297 reason=tracking_pose_accepted
x=3.79968 y=4.49983 yaw=1.16667 score=0.990402 valid=1 mode=tracking state=TRACKING evaluated=789 execution_us=43915 reason=tracking_pose_accepted
x=3.79968 y=4.49983 yaw=1.16573 score=0.990753 valid=1 mode=tracking state=TRACKING evaluated=789 execution_us=44193 reason=tracking_pose_accepted
x=3.79968 y=4.49983 yaw=1.14735 score=0.989761 valid=1 mode=tracking state=TRACKING evaluated=789 execution_us=44843 reason=tracking_pose_accepted
x=3.79968 y=4.49983 yaw=1.16387 score=0.99166 valid=1 mode=tracking state=TRACKING evaluated=789 execution_us=44325 reason=tracking_pose_accepted
x=3.79968 y=4.49983 yaw=1.16293 score=0.991685 valid=1 mode=tracking state=TRACKING evaluated=789 execution_us=44488 reason=tracking_pose_accepted
x=3.79968 y=4.49983 yaw=1.162 score=0.990809 valid=1 mode=tracking state=TRACKING evaluated=789 execution_us=44729 reason=tracking_pose_accepted
x=3.79968 y=4.49983 yaw=1.16106 score=0.988822 valid=1 mode=tracking state=TRACKING evaluated=789 execution_us=44159 reason=tracking_pose_accepted
x=3.79968 y=4.49983 yaw=1.16013 score=0.991304 valid=1 mode=tracking state=TRACKING evaluated=789 execution_us=43577 reason=tracking_pose_accepted
x=3.79968 y=4.49983 yaw=1.1592 score=0.991597 valid=1 mode=tracking state=TRACKING evaluated=789 execution_us=43485 reason=tracking_pose_accepted
x=3.79968 y=4.49983 yaw=1.15826 score=0.991949 valid=1 mode=tracking state=TRACKING evaluated=789 execution_us=43650 reason=tracking_pose_accepted
x=3.79968 y=4.49983 yaw=1.15733 score=0.991907 valid=1 mode=tracking state=TRACKING evaluated=789 execution_us=43860 reason=tracking_pose_accepted
x=3.79968 y=4.49983 yaw=1.15639 score=0.990809 valid=1 mode=tracking state=TRACKING evaluated=789 execution_us=44203 reason=tracking_pose_accepted
x=3.79968 y=4.49983 yaw=1.17291 score=0.991022 valid=1 mode=tracking state=TRACKING evaluated=789 execution_us=43829 reason=tracking_pose_accepted
x=3.79968 y=4.49983 yaw=1.15453 score=0.990601 valid=1 mode=tracking state=TRACKING evaluated=789 execution_us=44040 reason=tracking_pose_accepted
x=3.79968 y=4.49983 yaw=1.15359 score=0.991039 valid=1 mode=tracking state=TRACKING evaluated=789 execution_us=43652 reason=tracking_pose_accepted
x=3.79968 y=4.49983 yaw=1.15266 score=0.990135 valid=1 mode=tracking state=TRACKING evaluated=789 execution_us=44465 reason=tracking_pose_accepted
x=3.79968 y=4.49983 yaw=1.15172 score=0.990031 valid=1 mode=tracking state=TRACKING evaluated=789 execution_us=44112 reason=tracking_pose_accepted
x=3.79968 y=4.49983 yaw=1.16824 score=0.990704 valid=1 mode=tracking state=TRACKING evaluated=789 execution_us=43778 reason=tracking_pose_accepted
x=3.79968 y=4.49983 yaw=1.14986 score=0.990601 valid=1 mode=tracking state=TRACKING evaluated=789 execution_us=44168 reason=tracking_pose_accepted
x=3.79968 y=4.49983 yaw=1.14892 score=0.990402 valid=1 mode=tracking state=TRACKING evaluated=789 execution_us=43859 reason=tracking_pose_accepted
x=3.79968 y=4.49983 yaw=1.16544 score=0.990519 valid=1 mode=tracking state=TRACKING evaluated=789 execution_us=44179 reason=tracking_pose_accepted
x=3.79968 y=4.49983 yaw=1.16451 score=0.990802 valid=1 mode=tracking state=TRACKING evaluated=789 execution_us=45360 reason=tracking_pose_accepted
x=3.79968 y=4.49983 yaw=1.16357 score=0.990736 valid=1 mode=tracking state=TRACKING evaluated=789 execution_us=43862 reason=tracking_pose_accepted
x=3.79968 y=4.49983 yaw=1.16264 score=0.990761 valid=1 mode=tracking state=TRACKING evaluated=789 execution_us=44360 reason=tracking_pose_accepted
x=3.79968 y=4.49983 yaw=1.1617 score=0.991663 valid=1 mode=tracking state=TRACKING evaluated=789 execution_us=44166 reason=tracking_pose_accepted
x=3.79968 y=4.49983 yaw=1.16077 score=0.99065 valid=1 mode=tracking state=TRACKING evaluated=789 execution_us=43976 reason=tracking_pose_accepted
x=3.79968 y=4.49983 yaw=1.15984 score=0.991804 valid=1 mode=tracking state=TRACKING evaluated=789 execution_us=44005 reason=tracking_pose_accepted
x=3.79968 y=4.49983 yaw=1.1589 score=0.991228 valid=1 mode=tracking state=TRACKING evaluated=789 execution_us=44020 reason=tracking_pose_accepted
x=3.79968 y=4.49983 yaw=1.15797 score=0.992591 valid=1 mode=tracking state=TRACKING evaluated=789 execution_us=43751 reason=tracking_pose_accepted
x=3.79968 y=4.49983 yaw=1.15703 score=0.991685 valid=1 mode=tracking state=TRACKING evaluated=789 execution_us=44802 reason=tracking_pose_accepted
x=3.79968 y=4.49983 yaw=1.1561 score=0.99195 valid=1 mode=tracking state=TRACKING evaluated=789 execution_us=43807 reason=tracking_pose_accepted
x=3.79968 y=4.49983 yaw=1.15517 score=0.990031 valid=1 mode=tracking state=TRACKING evaluated=789 execution_us=43988 reason=tracking_pose_accepted
x=3.79968 y=4.49983 yaw=1.15423 score=0.99135 valid=1 mode=tracking state=TRACKING evaluated=789 execution_us=44335 reason=tracking_pose_accepted
x=3.79968 y=4.49983 yaw=1.1533 score=0.991039 valid=1 mode=tracking state=TRACKING evaluated=789 execution_us=44208 reason=tracking_pose_accepted
x=3.79968 y=4.49983 yaw=1.15236 score=0.990682 valid=1 mode=tracking state=TRACKING evaluated=789 execution_us=44598 reason=tracking_pose_accepted
x=3.79968 y=4.49983 yaw=1.15143 score=0.9904 valid=1 mode=tracking state=TRACKING evaluated=789 execution_us=44812 reason=tracking_pose_accepted
x=3.79968 y=4.49983 yaw=1.1505 score=0.99135 valid=1 mode=tracking state=TRACKING evaluated=789 execution_us=44162 reason=tracking_pose_accepted
x=3.79968 y=4.49983 yaw=1.14956 score=0.989522 valid=1 mode=tracking state=TRACKING evaluated=789 execution_us=45083 reason=tracking_pose_accepted
x=3.79968 y=4.49983 yaw=1.14863 score=0.990325 valid=1 mode=tracking state=TRACKING evaluated=789 execution_us=44342 reason=tracking_pose_accepted
x=3.79968 y=4.49983 yaw=1.16515 score=0.989851 valid=1 mode=tracking state=TRACKING evaluated=789 execution_us=44095 reason=tracking_pose_accepted
x=3.79968 y=4.49983 yaw=1.16421 score=0.991395 valid=1 mode=tracking state=TRACKING evaluated=789 execution_us=44582 reason=tracking_pose_accepted
x=3.79968 y=4.49983 yaw=1.16328 score=0.991726 valid=1 mode=tracking state=TRACKING evaluated=789 execution_us=44214 reason=tracking_pose_accepted
x=3.79968 y=4.49983 yaw=1.16234 score=0.991156 valid=1 mode=tracking state=TRACKING evaluated=789 execution_us=45389 reason=tracking_pose_accepted
x=3.79968 y=4.49983 yaw=1.16141 score=0.991685 valid=1 mode=tracking state=TRACKING evaluated=789 execution_us=44467 reason=tracking_pose_accepted
x=3.79968 y=4.49983 yaw=1.16048 score=0.992301 valid=1 mode=tracking state=TRACKING evaluated=789 execution_us=44066 reason=tracking_pose_accepted
x=3.79968 y=4.49983 yaw=1.15954 score=0.991156 valid=1 mode=tracking state=TRACKING evaluated=789 execution_us=44887 reason=tracking_pose_accepted
x=3.79968 y=4.49983 yaw=1.15861 score=0.990778 valid=1 mode=tracking state=TRACKING evaluated=789 execution_us=44308 reason=tracking_pose_accepted
x=3.79968 y=4.49983 yaw=1.15767 score=0.990912 valid=1 mode=tracking state=TRACKING evaluated=789 execution_us=43534 reason=tracking_pose_accepted
x=3.79968 y=4.49983 yaw=1.15674 score=0.992552 valid=1 mode=tracking state=TRACKING evaluated=789 execution_us=44069 reason=tracking_pose_accepted
x=3.79968 y=4.49983 yaw=1.15581 score=0.990675 valid=1 mode=tracking state=TRACKING evaluated=789 execution_us=43843 reason=tracking_pose_accepted
x=3.79968 y=4.49983 yaw=1.15487 score=0.992902 valid=1 mode=tracking state=TRACKING evaluated=789 execution_us=43795 reason=tracking_pose_accepted
x=3.79968 y=4.49983 yaw=1.15394 score=0.991069 valid=1 mode=tracking state=TRACKING evaluated=789 execution_us=44295 reason=tracking_pose_accepted
x=3.79968 y=4.49983 yaw=1.153 score=0.991251 valid=1 mode=tracking state=TRACKING evaluated=789 execution_us=43963 reason=tracking_pose_accepted
x=3.79968 y=4.49983 yaw=1.15207 score=0.991444 valid=1 mode=tracking state=TRACKING evaluated=789 execution_us=44688 reason=tracking_pose_accepted
x=3.79968 y=4.49983 yaw=1.15114 score=0.990366 valid=1 mode=tracking state=TRACKING evaluated=789 execution_us=44079 reason=tracking_pose_accepted
x=3.79968 y=4.49983 yaw=1.1502 score=0.99065 valid=1 mode=tracking state=TRACKING evaluated=789 execution_us=43885 reason=tracking_pose_accepted
x=3.79968 y=4.49983 yaw=1.16672 score=0.992054 valid=1 mode=tracking state=TRACKING evaluated=789 execution_us=44752 reason=tracking_pose_accepted
x=3.79968 y=4.49983 yaw=1.14833 score=0.990299 valid=1 mode=tracking state=TRACKING evaluated=789 execution_us=43737 reason=tracking_pose_accepted
x=3.79968 y=4.49983 yaw=1.16485 score=0.990067 valid=1 mode=tracking state=TRACKING evaluated=789 execution_us=43853 reason=tracking_pose_accepted
x=3.79968 y=4.49983 yaw=1.14647 score=0.990634 valid=1 mode=tracking state=TRACKING evaluated=789 execution_us=44174 reason=tracking_pose_accepted
x=3.79968 y=4.49983 yaw=1.16298 score=0.991638 valid=1 mode=tracking state=TRACKING evaluated=789 execution_us=43749 reason=tracking_pose_accepted
x=3.79968 y=4.49983 yaw=1.16205 score=0.990753 valid=1 mode=tracking state=TRACKING evaluated=789 execution_us=44039 reason=tracking_pose_accepted
x=3.79968 y=4.49983 yaw=1.16112 score=0.989771 valid=1 mode=tracking state=TRACKING evaluated=789 execution_us=43982 reason=tracking_pose_accepted
x=3.79968 y=4.49983 yaw=1.16018 score=0.991619 valid=1 mode=tracking state=TRACKING evaluated=789 execution_us=45137 reason=tracking_pose_accepted
x=3.79968 y=4.49983 yaw=1.15925 score=0.99263 valid=1 mode=tracking state=TRACKING evaluated=789 execution_us=44447 reason=tracking_pose_accepted
x=3.79968 y=4.49983 yaw=1.15831 score=0.990819 valid=1 mode=tracking state=TRACKING evaluated=789 execution_us=44707 reason=tracking_pose_accepted
x=3.79968 y=4.49983 yaw=1.17483 score=0.992014 valid=1 mode=tracking state=TRACKING evaluated=789 execution_us=44526 reason=tracking_pose_accepted
x=3.74968 y=4.44983 yaw=1.1739 score=0.992299 valid=1 mode=tracking state=TRACKING evaluated=807 execution_us=46208 reason=tracking_pose_accepted
x=3.74968 y=4.39983 yaw=1.19042 score=0.988175 valid=1 mode=tracking state=TRACKING evaluated=789 execution_us=44832 reason=tracking_pose_accepted
x=3.64968 y=4.34983 yaw=1.18948 score=0.987449 valid=1 mode=tracking state=TRACKING evaluated=789 execution_us=45169 reason=tracking_pose_accepted
x=3.59968 y=4.29983 yaw=1.1711 score=0.991792 valid=1 mode=tracking state=TRACKING evaluated=789 execution_us=45063 reason=tracking_pose_accepted
x=3.54968 y=4.24983 yaw=1.17016 score=0.985144 valid=1 mode=tracking state=TRACKING evaluated=789 execution_us=45668 reason=tracking_pose_accepted
x=3.44968 y=4.19983 yaw=1.15178 score=0.991319 valid=1 mode=tracking state=TRACKING evaluated=789 execution_us=46068 reason=tracking_pose_accepted
x=3.34968 y=4.14983 yaw=1.16829 score=0.990296 valid=1 mode=tracking state=TRACKING evaluated=807 execution_us=46882 reason=tracking_pose_accepted
x=3.29968 y=4.14983 yaw=1.16736 score=0.989346 valid=1 mode=tracking state=TRACKING evaluated=807 execution_us=46413 reason=tracking_pose_accepted
x=3.24968 y=4.09983 yaw=1.16643 score=0.986379 valid=1 mode=tracking state=TRACKING evaluated=789 execution_us=46058 reason=tracking_pose_accepted
x=3.19968 y=4.04983 yaw=1.14804 score=0.992666 valid=1 mode=tracking state=TRACKING evaluated=789 execution_us=45442 reason=tracking_pose_accepted
x=3.14968 y=4.04983 yaw=1.12965 score=0.988533 valid=1 mode=tracking state=TRACKING evaluated=789 execution_us=45847 reason=tracking_pose_accepted
x=3.14968 y=3.99983 yaw=1.12872 score=0.985518 valid=1 mode=tracking state=TRACKING evaluated=789 execution_us=46057 reason=tracking_pose_accepted
x=3.09968 y=3.99983 yaw=1.11033 score=0.988595 valid=1 mode=tracking state=TRACKING evaluated=789 execution_us=45572 reason=tracking_pose_accepted
x=3.09968 y=3.94983 yaw=1.09194 score=0.992852 valid=1 mode=tracking state=TRACKING evaluated=789 execution_us=45935 reason=tracking_pose_accepted
x=3.09967 y=3.94983 yaw=1.03865 score=0.991065 valid=1 mode=tracking state=TRACKING evaluated=789 execution_us=46100 reason=tracking_pose_accepted
x=3.09967 y=3.89983 yaw=1.02026 score=0.991938 valid=1 mode=tracking state=TRACKING evaluated=807 execution_us=46848 reason=tracking_pose_accepted
x=3.09967 y=3.89983 yaw=1.00187 score=0.989572 valid=1 mode=tracking state=TRACKING evaluated=789 execution_us=46179 reason=tracking_pose_accepted
x=3.14967 y=3.89983 yaw=1.07075 score=0.993132 valid=1 mode=tracking state=TRACKING evaluated=789 execution_us=45403 reason=tracking_pose_accepted
x=3.14967 y=3.89983 yaw=1.08727 score=0.990436 valid=1 mode=tracking state=TRACKING evaluated=789 execution_us=45281 reason=tracking_pose_accepted
x=3.14967 y=3.89983 yaw=1.10379 score=0.986169 valid=1 mode=tracking state=TRACKING evaluated=789 execution_us=45197 reason=tracking_pose_accepted
x=3.19967 y=3.89983 yaw=1.10286 score=0.9906 valid=1 mode=tracking state=TRACKING evaluated=789 execution_us=45199 reason=tracking_pose_accepted
x=3.19967 y=3.89983 yaw=1.10192 score=0.989163 valid=1 mode=tracking state=TRACKING evaluated=789 execution_us=45203 reason=tracking_pose_accepted
x=3.24967 y=3.89983 yaw=1.11844 score=0.983366 valid=1 mode=tracking state=TRACKING evaluated=789 execution_us=45142 reason=tracking_pose_accepted
x=3.24967 y=3.94983 yaw=1.11751 score=0.988518 valid=1 mode=tracking state=TRACKING evaluated=789 execution_us=45006 reason=tracking_pose_accepted
x=3.24967 y=3.94983 yaw=1.13403 score=0.988124 valid=1 mode=tracking state=TRACKING evaluated=789 execution_us=45481 reason=tracking_pose_accepted
x=3.24967 y=3.94983 yaw=1.13309 score=0.99085 valid=1 mode=tracking state=TRACKING evaluated=789 execution_us=45203 reason=tracking_pose_accepted
x=3.24967 y=3.94983 yaw=1.13216 score=0.990689 valid=1 mode=tracking state=TRACKING evaluated=789 execution_us=84791 reason=tracking_pose_accepted
x=3.24967 y=3.94983 yaw=1.13122 score=0.990071 valid=1 mode=tracking state=TRACKING evaluated=789 execution_us=46926 reason=tracking_pose_accepted
x=3.24967 y=3.94983 yaw=1.13029 score=0.989168 valid=1 mode=tracking state=TRACKING evaluated=789 execution_us=45180 reason=tracking_pose_accepted
x=3.24967 y=3.94983 yaw=1.12936 score=0.989744 valid=1 mode=tracking state=TRACKING evaluated=789 execution_us=44932 reason=tracking_pose_accepted
x=3.24967 y=3.94983 yaw=1.14588 score=0.988767 valid=1 mode=tracking state=TRACKING evaluated=789 execution_us=45461 reason=tracking_pose_accepted
x=3.24967 y=3.94983 yaw=1.16239 score=0.991252 valid=1 mode=tracking state=TRACKING evaluated=789 execution_us=44878 reason=tracking_pose_accepted
x=3.24967 y=3.94983 yaw=1.16146 score=0.98733 valid=1 mode=tracking state=TRACKING evaluated=789 execution_us=45588 reason=tracking_pose_accepted
x=3.24967 y=3.94983 yaw=1.16053 score=0.985594 valid=1 mode=tracking state=TRACKING evaluated=789 execution_us=45075 reason=tracking_pose_accepted
x=3.24967 y=3.94983 yaw=1.17705 score=0.988793 valid=1 mode=tracking state=TRACKING evaluated=789 execution_us=44935 reason=tracking_pose_accepted
x=3.24967 y=3.94983 yaw=1.19356 score=0.988235 valid=1 mode=tracking state=TRACKING evaluated=807 execution_us=46612 reason=tracking_pose_accepted
x=3.19967 y=3.89983 yaw=1.21008 score=0.989084 valid=1 mode=tracking state=TRACKING evaluated=789 execution_us=45102 reason=tracking_pose_accepted
x=3.19967 y=3.89983 yaw=1.20915 score=0.9876 valid=1 mode=tracking state=TRACKING evaluated=789 execution_us=45121 reason=tracking_pose_accepted
x=3.19967 y=3.89983 yaw=1.19076 score=0.990136 valid=1 mode=tracking state=TRACKING evaluated=789 execution_us=79917 reason=tracking_pose_accepted
x=3.19967 y=3.89983 yaw=1.18983 score=0.991409 valid=1 mode=tracking state=TRACKING evaluated=789 execution_us=45180 reason=tracking_pose_accepted
x=3.19967 y=3.89983 yaw=1.18889 score=0.991876 valid=1 mode=tracking state=TRACKING evaluated=789 execution_us=45419 reason=tracking_pose_accepted
x=3.19967 y=3.89983 yaw=1.15305 score=0.992779 valid=1 mode=tracking state=TRACKING evaluated=789 execution_us=45508 reason=tracking_pose_accepted
x=3.19967 y=3.89983 yaw=1.13467 score=0.991532 valid=1 mode=tracking state=TRACKING evaluated=789 execution_us=45487 reason=tracking_pose_accepted
x=3.19967 y=3.89983 yaw=1.15119 score=0.99338 valid=1 mode=tracking state=TRACKING evaluated=789 execution_us=45907 reason=tracking_pose_accepted
x=3.19967 y=3.89983 yaw=1.16771 score=0.992742 valid=1 mode=tracking state=TRACKING evaluated=789 execution_us=45038 reason=tracking_pose_accepted
x=3.19967 y=3.89983 yaw=1.16677 score=0.994254 valid=1 mode=tracking state=TRACKING evaluated=789 execution_us=45027 reason=tracking_pose_accepted
x=3.19967 y=3.89983 yaw=1.16584 score=0.991776 valid=1 mode=tracking state=TRACKING evaluated=789 execution_us=45659 reason=tracking_pose_accepted
x=3.19967 y=3.89983 yaw=1.18236 score=0.990649 valid=1 mode=tracking state=TRACKING evaluated=789 execution_us=45275 reason=tracking_pose_accepted
x=3.19967 y=3.89983 yaw=1.18142 score=0.987029 valid=1 mode=tracking state=TRACKING evaluated=789 execution_us=45452 reason=tracking_pose_accepted
x=3.24967 y=3.89983 yaw=1.18049 score=0.983389 valid=1 mode=tracking state=TRACKING evaluated=789 execution_us=44915 reason=tracking_pose_accepted
x=3.24967 y=3.89983 yaw=1.17955 score=0.98639 valid=1 mode=tracking state=TRACKING evaluated=789 execution_us=45144 reason=tracking_pose_accepted
x=3.24967 y=3.89983 yaw=1.17862 score=0.988752 valid=1 mode=tracking state=TRACKING evaluated=789 execution_us=45367 reason=tracking_pose_accepted
x=3.24967 y=3.89983 yaw=1.17769 score=0.990347 valid=1 mode=tracking state=TRACKING evaluated=789 execution_us=45025 reason=tracking_pose_accepted
x=3.24967 y=3.89983 yaw=1.17675 score=0.991184 valid=1 mode=tracking state=TRACKING evaluated=789 execution_us=44893 reason=tracking_pose_accepted
x=3.24967 y=3.89983 yaw=1.17582 score=0.991207 valid=1 mode=tracking state=TRACKING evaluated=789 execution_us=45392 reason=tracking_pose_accepted
x=3.24967 y=3.89983 yaw=1.17488 score=0.989469 valid=1 mode=tracking state=TRACKING evaluated=789 execution_us=45086 reason=tracking_pose_accepted
x=3.24967 y=3.89983 yaw=1.17395 score=0.988839 valid=1 mode=tracking state=TRACKING evaluated=789 execution_us=45131 reason=tracking_pose_accepted
x=3.24967 y=3.89983 yaw=1.17301 score=0.990921 valid=1 mode=tracking state=TRACKING evaluated=789 execution_us=44749 reason=tracking_pose_accepted
x=3.24967 y=3.89983 yaw=1.17208 score=0.987823 valid=1 mode=tracking state=TRACKING evaluated=789 execution_us=45193 reason=tracking_pose_accepted
x=3.24967 y=3.89983 yaw=1.1886 score=0.98989 valid=1 mode=tracking state=TRACKING evaluated=789 execution_us=44559 reason=tracking_pose_accepted
x=3.24967 y=3.89983 yaw=1.18767 score=0.987965 valid=1 mode=tracking state=TRACKING evaluated=789 execution_us=45334 reason=tracking_pose_accepted
x=3.24967 y=3.89983 yaw=1.18673 score=0.988529 valid=1 mode=tracking state=TRACKING evaluated=789 execution_us=44819 reason=tracking_pose_accepted
x=3.24967 y=3.89983 yaw=1.16834 score=0.992341 valid=1 mode=tracking state=TRACKING evaluated=789 execution_us=44820 reason=tracking_pose_accepted
x=3.24967 y=3.89983 yaw=1.18486 score=0.991811 valid=1 mode=tracking state=TRACKING evaluated=789 execution_us=44476 reason=tracking_pose_accepted
x=3.24967 y=3.89983 yaw=1.18393 score=0.990809 valid=1 mode=tracking state=TRACKING evaluated=789 execution_us=44412 reason=tracking_pose_accepted
x=3.24967 y=3.89983 yaw=1.183 score=0.990576 valid=1 mode=tracking state=TRACKING evaluated=789 execution_us=44950 reason=tracking_pose_accepted
x=3.24967 y=3.89983 yaw=1.16461 score=0.99242 valid=1 mode=tracking state=TRACKING evaluated=789 execution_us=45146 reason=tracking_pose_accepted
x=3.24967 y=3.89983 yaw=1.18113 score=0.996324 valid=1 mode=tracking state=TRACKING evaluated=789 execution_us=44506 reason=tracking_pose_accepted
x=3.24967 y=3.89983 yaw=1.18019 score=0.994194 valid=1 mode=tracking state=TRACKING evaluated=789 execution_us=44764 reason=tracking_pose_accepted
x=3.24967 y=3.89983 yaw=1.17926 score=0.991207 valid=1 mode=tracking state=TRACKING evaluated=789 execution_us=45049 reason=tracking_pose_accepted
x=3.24967 y=3.89983 yaw=1.17833 score=0.992704 valid=1 mode=tracking state=TRACKING evaluated=789 execution_us=45279 reason=tracking_pose_accepted
x=3.24967 y=3.89983 yaw=1.17739 score=0.995123 valid=1 mode=tracking state=TRACKING evaluated=789 execution_us=44461 reason=tracking_pose_accepted
x=3.24967 y=3.89983 yaw=1.17646 score=0.99663 valid=1 mode=tracking state=TRACKING evaluated=789 execution_us=44477 reason=tracking_pose_accepted
x=3.24967 y=3.89983 yaw=1.17552 score=0.996048 valid=1 mode=tracking state=TRACKING evaluated=789 execution_us=44994 reason=tracking_pose_accepted
x=3.24967 y=3.89983 yaw=1.17459 score=0.996371 valid=1 mode=tracking state=TRACKING evaluated=789 execution_us=45041 reason=tracking_pose_accepted
x=3.24967 y=3.89983 yaw=1.17365 score=0.997555 valid=1 mode=tracking state=TRACKING evaluated=789 execution_us=44545 reason=tracking_pose_accepted
x=3.24967 y=3.89983 yaw=1.17272 score=0.996594 valid=1 mode=tracking state=TRACKING evaluated=789 execution_us=44328 reason=tracking_pose_accepted
x=3.24967 y=3.89983 yaw=1.18924 score=0.992647 valid=1 mode=tracking state=TRACKING evaluated=789 execution_us=44670 reason=tracking_pose_accepted
x=3.24967 y=3.89983 yaw=1.18831 score=0.993515 valid=1 mode=tracking state=TRACKING evaluated=789 execution_us=44182 reason=tracking_pose_accepted
x=3.24967 y=3.89983 yaw=1.18737 score=0.993225 valid=1 mode=tracking state=TRACKING evaluated=789 execution_us=44514 reason=tracking_pose_accepted
x=3.24967 y=3.89983 yaw=1.18644 score=0.993363 valid=1 mode=tracking state=TRACKING evaluated=789 execution_us=45443 reason=tracking_pose_accepted
x=3.24967 y=3.89983 yaw=1.16805 score=0.993363 valid=1 mode=tracking state=TRACKING evaluated=789 execution_us=45679 reason=tracking_pose_accepted
x=3.24967 y=3.89983 yaw=1.18457 score=0.994254 valid=1 mode=tracking state=TRACKING evaluated=789 execution_us=45020 reason=tracking_pose_accepted
x=3.24967 y=3.89983 yaw=1.18364 score=0.994805 valid=1 mode=tracking state=TRACKING evaluated=789 execution_us=44642 reason=tracking_pose_accepted
x=3.24967 y=3.89983 yaw=1.1827 score=0.995392 valid=1 mode=tracking state=TRACKING evaluated=789 execution_us=44839 reason=tracking_pose_accepted
x=3.24967 y=3.89983 yaw=1.18177 score=0.994133 valid=1 mode=tracking state=TRACKING evaluated=789 execution_us=44096 reason=tracking_pose_accepted
x=3.24967 y=3.89983 yaw=1.18083 score=0.995688 valid=1 mode=tracking state=TRACKING evaluated=789 execution_us=44564 reason=tracking_pose_accepted
x=3.24967 y=3.89983 yaw=1.1799 score=0.995755 valid=1 mode=tracking state=TRACKING evaluated=789 execution_us=45141 reason=tracking_pose_accepted
x=3.24967 y=3.89983 yaw=1.17896 score=0.995177 valid=1 mode=tracking state=TRACKING evaluated=789 execution_us=44836 reason=tracking_pose_accepted
x=3.24967 y=3.89983 yaw=1.17803 score=0.996068 valid=1 mode=tracking state=TRACKING evaluated=789 execution_us=47925 reason=tracking_pose_accepted
x=3.24967 y=3.89983 yaw=1.1771 score=0.997243 valid=1 mode=tracking state=TRACKING evaluated=789 execution_us=44561 reason=tracking_pose_accepted
x=3.24967 y=3.89983 yaw=1.17616 score=0.996928 valid=1 mode=tracking state=TRACKING evaluated=789 execution_us=44584 reason=tracking_pose_accepted
x=3.24967 y=3.89983 yaw=1.17523 score=0.996621 valid=1 mode=tracking state=TRACKING evaluated=789 execution_us=44373 reason=tracking_pose_accepted
x=3.24967 y=3.89983 yaw=1.17429 score=0.995975 valid=1 mode=tracking state=TRACKING evaluated=789 execution_us=44091 reason=tracking_pose_accepted
x=3.24967 y=3.89983 yaw=1.17336 score=0.996361 valid=1 mode=tracking state=TRACKING evaluated=789 execution_us=45544 reason=tracking_pose_accepted
x=3.24967 y=3.89983 yaw=1.17243 score=0.995173 valid=1 mode=tracking state=TRACKING evaluated=789 execution_us=45197 reason=tracking_pose_accepted
x=3.24967 y=3.89983 yaw=1.17149 score=0.995487 valid=1 mode=tracking state=TRACKING evaluated=789 execution_us=45202 reason=tracking_pose_accepted
x=3.24967 y=3.89983 yaw=1.17056 score=0.995711 valid=1 mode=tracking state=TRACKING evaluated=789 execution_us=44843 reason=tracking_pose_accepted
x=3.24967 y=3.89983 yaw=1.16962 score=0.994778 valid=1 mode=tracking state=TRACKING evaluated=789 execution_us=44315 reason=tracking_pose_accepted
x=3.24967 y=3.89983 yaw=1.18614 score=0.995711 valid=1 mode=tracking state=TRACKING evaluated=789 execution_us=44509 reason=tracking_pose_accepted
x=3.24967 y=3.89983 yaw=1.16776 score=0.995677 valid=1 mode=tracking state=TRACKING evaluated=789 execution_us=45521 reason=tracking_pose_accepted
x=3.24967 y=3.89983 yaw=1.18427 score=0.995733 valid=1 mode=tracking state=TRACKING evaluated=789 execution_us=44602 reason=tracking_pose_accepted
x=3.24967 y=3.89983 yaw=1.18334 score=0.994859 valid=1 mode=tracking state=TRACKING evaluated=789 execution_us=44966 reason=tracking_pose_accepted
x=3.24967 y=3.89983 yaw=1.18241 score=0.995404 valid=1 mode=tracking state=TRACKING evaluated=789 execution_us=44694 reason=tracking_pose_accepted
x=3.24967 y=3.89983 yaw=1.18147 score=0.996285 valid=1 mode=tracking state=TRACKING evaluated=789 execution_us=45162 reason=tracking_pose_accepted
x=3.24967 y=3.89983 yaw=1.18054 score=0.9957 valid=1 mode=tracking state=TRACKING evaluated=789 execution_us=44676 reason=tracking_pose_accepted
x=3.24967 y=3.89983 yaw=1.1796 score=0.995677 valid=1 mode=tracking state=TRACKING evaluated=789 execution_us=44374 reason=tracking_pose_accepted
x=3.24967 y=3.89983 yaw=1.17867 score=0.996333 valid=1 mode=tracking state=TRACKING evaluated=789 execution_us=44536 reason=tracking_pose_accepted
x=3.24967 y=3.89983 yaw=1.17774 score=0.996656 valid=1 mode=tracking state=TRACKING evaluated=789 execution_us=45037 reason=tracking_pose_accepted
x=3.24967 y=3.89983 yaw=1.1768 score=0.997574 valid=1 mode=tracking state=TRACKING evaluated=789 execution_us=44927 reason=tracking_pose_accepted
x=3.24967 y=3.89983 yaw=1.17587 score=0.997235 valid=1 mode=tracking state=TRACKING evaluated=789 execution_us=44405 reason=tracking_pose_accepted
x=3.24967 y=3.89983 yaw=1.17493 score=0.995085 valid=1 mode=tracking state=TRACKING evaluated=789 execution_us=44580 reason=tracking_pose_accepted
x=3.24967 y=3.89983 yaw=1.174 score=0.997228 valid=1 mode=tracking state=TRACKING evaluated=789 execution_us=44201 reason=tracking_pose_accepted
x=3.24967 y=3.89983 yaw=1.17306 score=0.996621 valid=1 mode=tracking state=TRACKING evaluated=789 execution_us=44368 reason=tracking_pose_accepted
x=3.24967 y=3.89983 yaw=1.17213 score=0.997243 valid=1 mode=tracking state=TRACKING evaluated=789 execution_us=44544 reason=tracking_pose_accepted
x=3.24967 y=3.89983 yaw=1.1712 score=0.996936 valid=1 mode=tracking state=TRACKING evaluated=789 execution_us=44481 reason=tracking_pose_accepted
x=3.24967 y=3.89983 yaw=1.17026 score=0.994778 valid=1 mode=tracking state=TRACKING evaluated=789 execution_us=44901 reason=tracking_pose_accepted
x=3.24967 y=3.89983 yaw=1.16933 score=0.994778 valid=1 mode=tracking state=TRACKING evaluated=789 execution_us=44317 reason=tracking_pose_accepted
x=3.24967 y=3.89983 yaw=1.16839 score=0.995098 valid=1 mode=tracking state=TRACKING evaluated=789 execution_us=44660 reason=tracking_pose_accepted
x=3.24967 y=3.89983 yaw=1.18491 score=0.994471 valid=1 mode=tracking state=TRACKING evaluated=789 execution_us=44817 reason=tracking_pose_accepted
x=3.24967 y=3.89983 yaw=1.18398 score=0.995722 valid=1 mode=tracking state=TRACKING evaluated=789 execution_us=44616 reason=tracking_pose_accepted
x=3.24967 y=3.89983 yaw=1.18305 score=0.995072 valid=1 mode=tracking state=TRACKING evaluated=789 execution_us=45272 reason=tracking_pose_accepted
x=3.24967 y=3.89983 yaw=1.18211 score=0.9957 valid=1 mode=tracking state=TRACKING evaluated=789 execution_us=45200 reason=tracking_pose_accepted
x=3.24967 y=3.89983 yaw=1.18118 score=0.996028 valid=1 mode=tracking state=TRACKING evaluated=789 execution_us=44586 reason=tracking_pose_accepted
x=3.24967 y=3.89983 yaw=1.18024 score=0.996621 valid=1 mode=tracking state=TRACKING evaluated=789 execution_us=44525 reason=tracking_pose_accepted
x=3.24967 y=3.89983 yaw=1.17931 score=0.996038 valid=1 mode=tracking state=TRACKING evaluated=789 execution_us=44633 reason=tracking_pose_accepted
x=3.24967 y=3.89983 yaw=1.17837 score=0.996352 valid=1 mode=tracking state=TRACKING evaluated=789 execution_us=45185 reason=tracking_pose_accepted
x=3.24967 y=3.89983 yaw=1.17744 score=0.995711 valid=1 mode=tracking state=TRACKING evaluated=789 execution_us=45081 reason=tracking_pose_accepted
x=3.24967 y=3.89983 yaw=1.17651 score=0.99725 valid=1 mode=tracking state=TRACKING evaluated=789 execution_us=44705 reason=tracking_pose_accepted
x=3.24967 y=3.89983 yaw=1.17557 score=0.99725 valid=1 mode=tracking state=TRACKING evaluated=789 execution_us=44472 reason=tracking_pose_accepted
x=3.24967 y=3.89983 yaw=1.17464 score=0.996928 valid=1 mode=tracking state=TRACKING evaluated=789 execution_us=44740 reason=tracking_pose_accepted
x=3.24967 y=3.89983 yaw=1.1737 score=0.995085 valid=1 mode=tracking state=TRACKING evaluated=789 execution_us=44362 reason=tracking_pose_accepted
x=3.24967 y=3.89983 yaw=1.17277 score=0.99538 valid=1 mode=tracking state=TRACKING evaluated=789 execution_us=44265 reason=tracking_pose_accepted
x=3.24967 y=3.89983 yaw=1.17184 score=0.996324 valid=1 mode=tracking state=TRACKING evaluated=789 execution_us=44677 reason=tracking_pose_accepted
x=3.24967 y=3.89983 yaw=1.1709 score=0.996038 valid=1 mode=tracking state=TRACKING evaluated=789 execution_us=44788 reason=tracking_pose_accepted
x=3.24967 y=3.89983 yaw=1.16997 score=0.995711 valid=1 mode=tracking state=TRACKING evaluated=789 execution_us=44805 reason=tracking_pose_accepted
x=3.24967 y=3.89983 yaw=1.18649 score=0.994792 valid=1 mode=tracking state=TRACKING evaluated=789 execution_us=44446 reason=tracking_pose_accepted
x=3.24967 y=3.89983 yaw=1.18555 score=0.994194 valid=1 mode=tracking state=TRACKING evaluated=789 execution_us=44514 reason=tracking_pose_accepted
x=3.24967 y=3.89983 yaw=1.16716 score=0.995098 valid=1 mode=tracking state=TRACKING evaluated=789 execution_us=44878 reason=tracking_pose_accepted
x=3.24967 y=3.89983 yaw=1.18368 score=0.995392 valid=1 mode=tracking state=TRACKING evaluated=789 execution_us=44512 reason=tracking_pose_accepted
x=3.24967 y=3.89983 yaw=1.18275 score=0.995085 valid=1 mode=tracking state=TRACKING evaluated=789 execution_us=44323 reason=tracking_pose_accepted
x=3.24967 y=3.89983 yaw=1.18182 score=0.994485 valid=1 mode=tracking state=TRACKING evaluated=789 execution_us=44656 reason=tracking_pose_accepted
x=3.24967 y=3.89983 yaw=1.18088 score=0.996647 valid=1 mode=tracking state=TRACKING evaluated=789 execution_us=44807 reason=tracking_pose_accepted
x=3.24967 y=3.89983 yaw=1.17995 score=0.99544 valid=1 mode=tracking state=TRACKING evaluated=789 execution_us=45163 reason=tracking_pose_accepted
x=3.24967 y=3.89983 yaw=1.17901 score=0.996324 valid=1 mode=tracking state=TRACKING evaluated=789 execution_us=44407 reason=tracking_pose_accepted
x=3.24967 y=3.89983 yaw=1.17808 score=0.996314 valid=1 mode=tracking state=TRACKING evaluated=789 execution_us=44468 reason=tracking_pose_accepted
x=3.24967 y=3.89983 yaw=1.17715 score=0.996352 valid=1 mode=tracking state=TRACKING evaluated=789 execution_us=45177 reason=tracking_pose_accepted
x=3.24967 y=3.89983 yaw=1.17621 score=0.996324 valid=1 mode=tracking state=TRACKING evaluated=789 execution_us=44469 reason=tracking_pose_accepted
x=3.24967 y=3.89983 yaw=1.17528 score=0.997555 valid=1 mode=tracking state=TRACKING evaluated=789 execution_us=44571 reason=tracking_pose_accepted
x=3.24967 y=3.89983 yaw=1.17434 score=0.996314 valid=1 mode=tracking state=TRACKING evaluated=789 execution_us=44652 reason=tracking_pose_accepted
x=3.24967 y=3.89983 yaw=1.17341 score=0.99725 valid=1 mode=tracking state=TRACKING evaluated=789 execution_us=44338 reason=tracking_pose_accepted
x=3.24967 y=3.89983 yaw=1.17247 score=0.995688 valid=1 mode=tracking state=TRACKING evaluated=789 execution_us=44237 reason=tracking_pose_accepted
x=3.24967 y=3.89983 yaw=1.17154 score=0.996936 valid=1 mode=tracking state=TRACKING evaluated=789 execution_us=44632 reason=tracking_pose_accepted
x=3.24967 y=3.89983 yaw=1.17061 score=0.995688 valid=1 mode=tracking state=TRACKING evaluated=789 execution_us=44357 reason=tracking_pose_accepted
x=3.24967 y=3.89983 yaw=1.16967 score=0.994764 valid=1 mode=tracking state=TRACKING evaluated=789 execution_us=44665 reason=tracking_pose_accepted
x=3.24967 y=3.89983 yaw=1.16874 score=0.995111 valid=1 mode=tracking state=TRACKING evaluated=789 execution_us=44761 reason=tracking_pose_accepted
x=3.24967 y=3.89983 yaw=1.1678 score=0.994194 valid=1 mode=tracking state=TRACKING evaluated=789 execution_us=44778 reason=tracking_pose_accepted
x=3.24967 y=3.89983 yaw=1.16687 score=0.994224 valid=1 mode=tracking state=TRACKING evaluated=789 execution_us=45138 reason=tracking_pose_accepted
x=3.24967 y=3.89983 yaw=1.18339 score=0.996028 valid=1 mode=tracking state=TRACKING evaluated=789 execution_us=44746 reason=tracking_pose_accepted
x=3.24967 y=3.89983 yaw=1.18245 score=0.993904 valid=1 mode=tracking state=TRACKING evaluated=789 execution_us=44850 reason=tracking_pose_accepted
x=3.24967 y=3.89983 yaw=1.18152 score=0.994792 valid=1 mode=tracking state=TRACKING evaluated=789 execution_us=44744 reason=tracking_pose_accepted
x=3.24967 y=3.89983 yaw=1.18059 score=0.991813 valid=1 mode=tracking state=TRACKING evaluated=789 execution_us=45079 reason=tracking_pose_accepted
x=3.24967 y=3.89983 yaw=1.19711 score=0.988942 valid=1 mode=tracking state=TRACKING evaluated=789 execution_us=44931 reason=tracking_pose_accepted
x=3.24967 y=3.84983 yaw=1.17872 score=0.984072 valid=1 mode=tracking state=TRACKING evaluated=789 execution_us=45324 reason=tracking_pose_accepted
x=3.29967 y=3.79983 yaw=1.19524 score=0.980848 valid=1 mode=tracking state=TRACKING evaluated=789 execution_us=45164 reason=tracking_pose_accepted
x=3.34967 y=3.74983 yaw=1.21176 score=0.976813 valid=1 mode=tracking state=TRACKING evaluated=789 execution_us=45483 reason=tracking_pose_accepted
x=3.39967 y=3.64983 yaw=1.22828 score=0.980633 valid=1 mode=tracking state=TRACKING evaluated=807 execution_us=46692 reason=tracking_pose_accepted
x=3.44967 y=3.59983 yaw=1.29716 score=0.974727 valid=1 mode=tracking state=TRACKING evaluated=807 execution_us=46818 reason=tracking_pose_accepted
x=3.54967 y=3.59983 yaw=1.34858 score=0.966293 valid=1 mode=tracking state=TRACKING evaluated=807 execution_us=45689 reason=tracking_pose_accepted
x=3.59967 y=3.49983 yaw=1.41746 score=0.9556 valid=1 mode=tracking state=TRACKING evaluated=807 execution_us=45557 reason=tracking_pose_accepted
x=3.59967 y=3.44983 yaw=1.50379 score=0.964004 valid=1 mode=tracking state=TRACKING evaluated=807 execution_us=43660 reason=tracking_pose_accepted
x=3.64967 y=3.34983 yaw=1.55522 score=0.982485 valid=1 mode=tracking state=TRACKING evaluated=789 execution_us=43125 reason=tracking_pose_accepted
x=3.64967 y=3.29983 yaw=1.57174 score=0.991073 valid=1 mode=tracking state=TRACKING evaluated=831 execution_us=44882 reason=tracking_pose_accepted
x=3.64967 y=3.19983 yaw=1.55335 score=0.986331 valid=1 mode=tracking state=TRACKING evaluated=789 execution_us=44808 reason=tracking_pose_accepted
x=3.59967 y=3.14982 yaw=1.53496 score=0.985828 valid=1 mode=tracking state=TRACKING evaluated=807 execution_us=46159 reason=tracking_pose_accepted
x=3.59967 y=3.09982 yaw=1.51658 score=0.98847 valid=1 mode=tracking state=TRACKING evaluated=789 execution_us=44479 reason=tracking_pose_accepted
x=3.59967 y=3.04982 yaw=1.5331 score=0.976928 valid=1 mode=tracking state=TRACKING evaluated=789 execution_us=44729 reason=tracking_pose_accepted
x=3.54967 y=2.99982 yaw=1.51471 score=0.976471 valid=1 mode=tracking state=TRACKING evaluated=789 execution_us=43863 reason=tracking_pose_accepted
x=3.54967 y=2.94982 yaw=1.46141 score=0.97999 valid=1 mode=tracking state=TRACKING evaluated=789 execution_us=43720 reason=tracking_pose_accepted
x=3.49967 y=2.89982 yaw=1.42557 score=0.989403 valid=1 mode=tracking state=TRACKING evaluated=807 execution_us=45153 reason=tracking_pose_accepted
x=3.49967 y=2.84982 yaw=1.40719 score=0.981464 valid=1 mode=tracking state=TRACKING evaluated=789 execution_us=44362 reason=tracking_pose_accepted
x=3.44967 y=2.79982 yaw=1.37134 score=0.984109 valid=1 mode=tracking state=TRACKING evaluated=789 execution_us=44540 reason=tracking_pose_accepted
x=3.44967 y=2.74982 yaw=1.3006 score=0.982663 valid=1 mode=tracking state=TRACKING evaluated=789 execution_us=43565 reason=tracking_pose_accepted
x=3.39967 y=2.69982 yaw=1.28221 score=0.990352 valid=1 mode=tracking state=TRACKING evaluated=789 execution_us=43443 reason=tracking_pose_accepted
x=3.39967 y=2.64982 yaw=1.22892 score=0.983582 valid=1 mode=tracking state=TRACKING evaluated=789 execution_us=43385 reason=tracking_pose_accepted
x=3.34967 y=2.59982 yaw=1.24544 score=0.982431 valid=1 mode=tracking state=TRACKING evaluated=789 execution_us=43226 reason=tracking_pose_accepted
x=3.34967 y=2.54982 yaw=1.22705 score=0.987179 valid=1 mode=tracking state=TRACKING evaluated=789 execution_us=43095 reason=tracking_pose_accepted
x=3.34967 y=2.54982 yaw=1.20866 score=0.980781 valid=1 mode=tracking state=TRACKING evaluated=789 execution_us=43314 reason=tracking_pose_accepted
x=3.29967 y=2.49982 yaw=1.24263 score=0.983216 valid=1 mode=tracking state=TRACKING evaluated=789 execution_us=43018 reason=tracking_pose_accepted
x=3.29967 y=2.44982 yaw=1.22425 score=0.986837 valid=1 mode=tracking state=TRACKING evaluated=789 execution_us=43309 reason=tracking_pose_accepted
x=3.29967 y=2.39982 yaw=1.13604 score=0.976304 valid=1 mode=tracking state=TRACKING evaluated=789 execution_us=43482 reason=tracking_pose_accepted
x=3.24967 y=2.34982 yaw=1.0653 score=0.986114 valid=1 mode=tracking state=TRACKING evaluated=789 execution_us=43363 reason=tracking_pose_accepted
x=3.24967 y=2.29982 yaw=1.04691 score=0.972602 valid=1 mode=tracking state=TRACKING evaluated=789 execution_us=43190 reason=tracking_pose_accepted
x=3.24967 y=2.29982 yaw=1.09834 score=0.958111 valid=1 mode=tracking state=TRACKING evaluated=789 execution_us=42904 reason=tracking_pose_accepted
x=3.19967 y=2.24982 yaw=1.20212 score=0.96226 valid=1 mode=tracking state=TRACKING evaluated=789 execution_us=42696 reason=tracking_pose_accepted
x=3.19967 y=2.24982 yaw=1.32336 score=0.97345 valid=1 mode=tracking state=TRACKING evaluated=789 execution_us=42305 reason=tracking_pose_accepted
x=3.24967 y=2.19982 yaw=1.37479 score=0.977368 valid=1 mode=tracking state=TRACKING evaluated=789 execution_us=42210 reason=tracking_pose_accepted
x=3.24967 y=2.14982 yaw=1.37385 score=0.984102 valid=1 mode=tracking state=TRACKING evaluated=789 execution_us=42401 reason=tracking_pose_accepted
x=3.24967 y=2.14982 yaw=1.35546 score=0.980974 valid=1 mode=tracking state=TRACKING evaluated=789 execution_us=42643 reason=tracking_pose_accepted
x=3.24967 y=2.09982 yaw=1.28472 score=0.984356 valid=1 mode=tracking state=TRACKING evaluated=789 execution_us=43060 reason=tracking_pose_accepted
x=3.24967 y=2.04982 yaw=1.23142 score=0.985986 valid=1 mode=tracking state=TRACKING evaluated=807 execution_us=44878 reason=tracking_pose_accepted
x=3.19967 y=1.99982 yaw=1.19558 score=0.981496 valid=1 mode=tracking state=TRACKING evaluated=807 execution_us=45013 reason=tracking_pose_accepted
x=3.19967 y=1.99982 yaw=1.22955 score=0.987118 valid=1 mode=tracking state=TRACKING evaluated=789 execution_us=43570 reason=tracking_pose_accepted
x=3.19967 y=1.94982 yaw=1.22862 score=0.985024 valid=1 mode=tracking state=TRACKING evaluated=789 execution_us=45751 reason=tracking_pose_accepted
x=3.14966 y=1.89982 yaw=1.19278 score=0.987181 valid=1 mode=tracking state=TRACKING evaluated=807 execution_us=45423 reason=tracking_pose_accepted
x=3.14966 y=1.89982 yaw=1.2093 score=0.990396 valid=1 mode=tracking state=TRACKING evaluated=789 execution_us=44322 reason=tracking_pose_accepted
x=3.14966 y=1.84982 yaw=1.24327 score=0.990621 valid=1 mode=tracking state=TRACKING evaluated=789 execution_us=44358 reason=tracking_pose_accepted
x=3.14966 y=1.84982 yaw=1.25979 score=0.991223 valid=1 mode=tracking state=TRACKING evaluated=807 execution_us=45063 reason=tracking_pose_accepted
x=3.14966 y=1.79982 yaw=1.25886 score=0.98544 valid=1 mode=tracking state=TRACKING evaluated=807 execution_us=45548 reason=tracking_pose_accepted
x=3.14966 y=1.79982 yaw=1.24047 score=0.991498 valid=1 mode=tracking state=TRACKING evaluated=789 execution_us=43818 reason=tracking_pose_accepted
x=3.14966 y=1.79982 yaw=1.22208 score=0.989601 valid=1 mode=tracking state=TRACKING evaluated=789 execution_us=44064 reason=tracking_pose_accepted
x=3.14966 y=1.79982 yaw=1.18624 score=0.993402 valid=1 mode=tracking state=TRACKING evaluated=789 execution_us=44040 reason=tracking_pose_accepted
x=3.14966 y=1.79982 yaw=1.18531 score=0.983901 valid=1 mode=tracking state=TRACKING evaluated=789 execution_us=43710 reason=tracking_pose_accepted
x=3.14966 y=1.74982 yaw=1.14947 score=0.986444 valid=1 mode=tracking state=TRACKING evaluated=789 execution_us=43749 reason=tracking_pose_accepted
x=3.14966 y=1.74982 yaw=1.14853 score=0.991184 valid=1 mode=tracking state=TRACKING evaluated=807 execution_us=44815 reason=tracking_pose_accepted
x=3.14966 y=1.74982 yaw=1.16505 score=0.991005 valid=1 mode=tracking state=TRACKING evaluated=807 execution_us=44531 reason=tracking_pose_accepted
x=3.14966 y=1.74982 yaw=1.18157 score=0.990572 valid=1 mode=tracking state=TRACKING evaluated=807 execution_us=44823 reason=tracking_pose_accepted
x=3.14966 y=1.74982 yaw=1.18064 score=0.993978 valid=1 mode=tracking state=TRACKING evaluated=807 execution_us=44548 reason=tracking_pose_accepted
x=3.14966 y=1.74982 yaw=1.1797 score=0.992755 valid=1 mode=tracking state=TRACKING evaluated=807 execution_us=44913 reason=tracking_pose_accepted
x=3.14966 y=1.74982 yaw=1.17877 score=0.994586 valid=1 mode=tracking state=TRACKING evaluated=807 execution_us=45362 reason=tracking_pose_accepted
x=3.14966 y=1.74982 yaw=1.17783 score=0.994277 valid=1 mode=tracking state=TRACKING evaluated=807 execution_us=44837 reason=tracking_pose_accepted
x=3.14966 y=1.74982 yaw=1.19435 score=0.99111 valid=1 mode=tracking state=TRACKING evaluated=807 execution_us=44758 reason=tracking_pose_accepted
x=3.14966 y=1.74982 yaw=1.19342 score=0.99279 valid=1 mode=tracking state=TRACKING evaluated=807 execution_us=45537 reason=tracking_pose_accepted
x=3.14966 y=1.74982 yaw=1.17503 score=0.992384 valid=1 mode=tracking state=TRACKING evaluated=807 execution_us=44462 reason=tracking_pose_accepted
x=3.14966 y=1.74982 yaw=1.13919 score=0.990757 valid=1 mode=tracking state=TRACKING evaluated=807 execution_us=44976 reason=tracking_pose_accepted
x=3.14966 y=1.74982 yaw=1.10335 score=0.987229 valid=1 mode=tracking state=TRACKING evaluated=807 execution_us=45408 reason=tracking_pose_accepted
x=3.14966 y=1.74982 yaw=1.06751 score=0.984283 valid=1 mode=tracking state=TRACKING evaluated=807 execution_us=44560 reason=tracking_pose_accepted
x=3.14966 y=1.74982 yaw=1.04912 score=0.989185 valid=1 mode=tracking state=TRACKING evaluated=807 execution_us=45048 reason=tracking_pose_accepted
x=3.14966 y=1.74982 yaw=1.04819 score=0.992752 valid=1 mode=tracking state=TRACKING evaluated=807 execution_us=44871 reason=tracking_pose_accepted
x=3.14966 y=1.74982 yaw=1.04725 score=0.991352 valid=1 mode=tracking state=TRACKING evaluated=807 execution_us=44782 reason=tracking_pose_accepted
x=3.14966 y=1.74982 yaw=1.06377 score=0.991839 valid=1 mode=tracking state=TRACKING evaluated=807 execution_us=45126 reason=tracking_pose_accepted
x=3.14966 y=1.74982 yaw=1.06284 score=0.99359 valid=1 mode=tracking state=TRACKING evaluated=807 execution_us=45187 reason=tracking_pose_accepted
x=3.14966 y=1.74982 yaw=1.0619 score=0.9912 valid=1 mode=tracking state=TRACKING evaluated=807 execution_us=44838 reason=tracking_pose_accepted
x=3.14966 y=1.74982 yaw=1.06097 score=0.988854 valid=1 mode=tracking state=TRACKING evaluated=807 execution_us=44988 reason=tracking_pose_accepted
x=3.14966 y=1.74982 yaw=1.06004 score=0.988935 valid=1 mode=tracking state=TRACKING evaluated=807 execution_us=45113 reason=tracking_pose_accepted
x=3.14966 y=1.74982 yaw=1.09401 score=0.984601 valid=1 mode=tracking state=TRACKING evaluated=807 execution_us=45569 reason=tracking_pose_accepted
x=3.14966 y=1.74982 yaw=1.11053 score=0.986449 valid=1 mode=tracking state=TRACKING evaluated=807 execution_us=44944 reason=tracking_pose_accepted
x=3.14966 y=1.74982 yaw=1.07469 score=0.985911 valid=1 mode=tracking state=TRACKING evaluated=807 execution_us=45299 reason=tracking_pose_accepted
x=3.14966 y=1.74982 yaw=1.07375 score=0.988049 valid=1 mode=tracking state=TRACKING evaluated=807 execution_us=45239 reason=tracking_pose_accepted
x=3.14966 y=1.74982 yaw=1.09027 score=0.986068 valid=1 mode=tracking state=TRACKING evaluated=807 execution_us=44902 reason=tracking_pose_accepted
x=3.14966 y=1.74982 yaw=1.10679 score=0.985409 valid=1 mode=tracking state=TRACKING evaluated=807 execution_us=45245 reason=tracking_pose_accepted
x=3.14966 y=1.74982 yaw=1.12331 score=0.986712 valid=1 mode=tracking state=TRACKING evaluated=807 execution_us=45235 reason=tracking_pose_accepted
x=3.14966 y=1.74982 yaw=1.15728 score=0.990067 valid=1 mode=tracking state=TRACKING evaluated=807 execution_us=44733 reason=tracking_pose_accepted
x=3.14966 y=1.74982 yaw=1.19125 score=0.991354 valid=1 mode=tracking state=TRACKING evaluated=807 execution_us=45074 reason=tracking_pose_accepted
x=3.14966 y=1.74982 yaw=1.17287 score=0.990557 valid=1 mode=tracking state=TRACKING evaluated=807 execution_us=45237 reason=tracking_pose_accepted
x=3.14966 y=1.74982 yaw=1.18939 score=0.988359 valid=1 mode=tracking state=TRACKING evaluated=807 execution_us=44921 reason=tracking_pose_accepted
x=3.14966 y=1.69982 yaw=1.15355 score=0.99065 valid=1 mode=tracking state=TRACKING evaluated=807 execution_us=46267 reason=tracking_pose_accepted
x=3.14966 y=1.69982 yaw=1.13516 score=0.989143 valid=1 mode=tracking state=TRACKING evaluated=807 execution_us=44942 reason=tracking_pose_accepted
x=3.14966 y=1.69982 yaw=1.13422 score=0.990764 valid=1 mode=tracking state=TRACKING evaluated=807 execution_us=45013 reason=tracking_pose_accepted
x=3.14966 y=1.69982 yaw=1.13329 score=0.993017 valid=1 mode=tracking state=TRACKING evaluated=807 execution_us=45392 reason=tracking_pose_accepted
x=3.14966 y=1.69982 yaw=1.14981 score=0.991013 valid=1 mode=tracking state=TRACKING evaluated=807 execution_us=45154 reason=tracking_pose_accepted
x=3.14966 y=1.69982 yaw=1.14887 score=0.991311 valid=1 mode=tracking state=TRACKING evaluated=807 execution_us=44812 reason=tracking_pose_accepted
x=3.14966 y=1.69982 yaw=1.16539 score=0.993127 valid=1 mode=tracking state=TRACKING evaluated=807 execution_us=44903 reason=tracking_pose_accepted
x=3.14966 y=1.69982 yaw=1.16446 score=0.987719 valid=1 mode=tracking state=TRACKING evaluated=807 execution_us=44830 reason=tracking_pose_accepted
x=3.14966 y=1.69982 yaw=1.18098 score=0.985268 valid=1 mode=tracking state=TRACKING evaluated=807 execution_us=44950 reason=tracking_pose_accepted
x=3.14966 y=1.69982 yaw=1.16259 score=0.978813 valid=1 mode=tracking state=TRACKING evaluated=807 execution_us=44697 reason=tracking_pose_accepted
x=3.14966 y=1.69982 yaw=1.1442 score=0.9842 valid=1 mode=tracking state=TRACKING evaluated=807 execution_us=44723 reason=tracking_pose_accepted
x=3.14966 y=1.69982 yaw=1.14327 score=0.986687 valid=1 mode=tracking state=TRACKING evaluated=807 execution_us=45175 reason=tracking_pose_accepted
x=3.14966 y=1.69982 yaw=1.12488 score=0.992105 valid=1 mode=tracking state=TRACKING evaluated=807 execution_us=44542 reason=tracking_pose_accepted
x=3.14966 y=1.69982 yaw=1.12395 score=0.98686 valid=1 mode=tracking state=TRACKING evaluated=807 execution_us=45401 reason=tracking_pose_accepted
x=3.14966 y=1.69982 yaw=1.15792 score=0.981375 valid=1 mode=tracking state=TRACKING evaluated=807 execution_us=45077 reason=tracking_pose_accepted
x=3.14966 y=1.64982 yaw=1.15699 score=0.986842 valid=1 mode=tracking state=TRACKING evaluated=807 execution_us=44654 reason=tracking_pose_accepted
x=3.14966 y=1.64982 yaw=1.12114 score=0.988442 valid=1 mode=tracking state=TRACKING evaluated=807 execution_us=44767 reason=tracking_pose_accepted
x=3.14966 y=1.64982 yaw=1.12021 score=0.983591 valid=1 mode=tracking state=TRACKING evaluated=807 execution_us=44571 reason=tracking_pose_accepted
x=3.14966 y=1.64982 yaw=1.08437 score=0.985219 valid=1 mode=tracking state=TRACKING evaluated=807 execution_us=44853 reason=tracking_pose_accepted
x=3.19966 y=1.64982 yaw=1.10089 score=0.989601 valid=1 mode=tracking state=TRACKING evaluated=807 execution_us=45218 reason=tracking_pose_accepted
x=3.19966 y=1.64982 yaw=1.11741 score=0.984887 valid=1 mode=tracking state=TRACKING evaluated=807 execution_us=44914 reason=tracking_pose_accepted
x=3.19966 y=1.64982 yaw=1.13393 score=0.984727 valid=1 mode=tracking state=TRACKING evaluated=807 execution_us=45579 reason=tracking_pose_accepted
x=3.14966 y=1.64982 yaw=1.13299 score=0.97914 valid=1 mode=tracking state=TRACKING evaluated=807 execution_us=45024 reason=tracking_pose_accepted
x=3.14966 y=1.59982 yaw=1.14951 score=0.980187 valid=1 mode=tracking state=TRACKING evaluated=807 execution_us=45234 reason=tracking_pose_accepted
x=3.14966 y=1.59982 yaw=1.11367 score=0.980701 valid=1 mode=tracking state=TRACKING evaluated=807 execution_us=44951 reason=tracking_pose_accepted
x=3.14966 y=1.59982 yaw=1.07783 score=0.981679 valid=1 mode=tracking state=TRACKING evaluated=807 execution_us=45027 reason=tracking_pose_accepted
x=3.14966 y=1.59982 yaw=1.0769 score=0.979725 valid=1 mode=tracking state=TRACKING evaluated=807 execution_us=45225 reason=tracking_pose_accepted
x=3.14966 y=1.59982 yaw=1.09342 score=0.981059 valid=1 mode=tracking state=TRACKING evaluated=807 execution_us=45580 reason=tracking_pose_accepted
x=3.14966 y=1.59982 yaw=1.10993 score=0.986484 valid=1 mode=tracking state=TRACKING evaluated=807 execution_us=45335 reason=tracking_pose_accepted
x=3.14966 y=1.59982 yaw=1.109 score=0.982907 valid=1 mode=tracking state=TRACKING evaluated=807 execution_us=45078 reason=tracking_pose_accepted
x=3.14966 y=1.59982 yaw=1.07316 score=0.982379 valid=1 mode=tracking state=TRACKING evaluated=807 execution_us=45343 reason=tracking_pose_accepted
x=3.19966 y=1.59982 yaw=1.07223 score=0.976204 valid=1 mode=tracking state=TRACKING evaluated=807 execution_us=44989 reason=tracking_pose_accepted
x=3.19966 y=1.59982 yaw=1.1062 score=0.978248 valid=1 mode=tracking state=TRACKING evaluated=807 execution_us=45369 reason=tracking_pose_accepted
x=3.19966 y=1.59982 yaw=1.10526 score=0.980701 valid=1 mode=tracking state=TRACKING evaluated=807 execution_us=45142 reason=tracking_pose_accepted
x=3.19966 y=1.54982 yaw=1.10433 score=0.981505 valid=1 mode=tracking state=TRACKING evaluated=807 execution_us=45533 reason=tracking_pose_accepted
x=3.19966 y=1.54982 yaw=1.10339 score=0.980433 valid=1 mode=tracking state=TRACKING evaluated=807 execution_us=45530 reason=tracking_pose_accepted
x=3.19966 y=1.54982 yaw=1.13737 score=0.983914 valid=1 mode=tracking state=TRACKING evaluated=807 execution_us=45367 reason=tracking_pose_accepted
x=3.19966 y=1.54982 yaw=1.15389 score=0.989403 valid=1 mode=tracking state=TRACKING evaluated=807 execution_us=45152 reason=tracking_pose_accepted
x=3.19966 y=1.54982 yaw=1.15295 score=0.990494 valid=1 mode=tracking state=TRACKING evaluated=807 execution_us=45673 reason=tracking_pose_accepted
x=3.19966 y=1.54982 yaw=1.15202 score=0.988492 valid=1 mode=tracking state=TRACKING evaluated=807 execution_us=45002 reason=tracking_pose_accepted
x=3.19966 y=1.54982 yaw=1.15108 score=0.987665 valid=1 mode=tracking state=TRACKING evaluated=807 execution_us=45712 reason=tracking_pose_accepted
x=3.19966 y=1.54982 yaw=1.1676 score=0.991575 valid=1 mode=tracking state=TRACKING evaluated=807 execution_us=45705 reason=tracking_pose_accepted
x=3.19966 y=1.54982 yaw=1.16667 score=0.987099 valid=1 mode=tracking state=TRACKING evaluated=807 execution_us=45200 reason=tracking_pose_accepted
x=3.14966 y=1.54982 yaw=1.13083 score=0.985274 valid=1 mode=tracking state=TRACKING evaluated=807 execution_us=45407 reason=tracking_pose_accepted
x=3.14966 y=1.54982 yaw=1.12989 score=0.98329 valid=1 mode=tracking state=TRACKING evaluated=807 execution_us=45223 reason=tracking_pose_accepted
x=3.14966 y=1.59982 yaw=1.12896 score=0.980003 valid=1 mode=tracking state=TRACKING evaluated=807 execution_us=45138 reason=tracking_pose_accepted
x=3.14966 y=1.59982 yaw=1.16293 score=0.985449 valid=1 mode=tracking state=TRACKING evaluated=807 execution_us=45315 reason=tracking_pose_accepted
x=3.14966 y=1.64982 yaw=1.17945 score=0.982043 valid=1 mode=tracking state=TRACKING evaluated=807 execution_us=44599 reason=tracking_pose_accepted
x=3.14966 y=1.64982 yaw=1.17852 score=0.985183 valid=1 mode=tracking state=TRACKING evaluated=807 execution_us=44740 reason=tracking_pose_accepted
x=3.14966 y=1.64982 yaw=1.17758 score=0.981928 valid=1 mode=tracking state=TRACKING evaluated=807 execution_us=44945 reason=tracking_pose_accepted
x=3.14966 y=1.64982 yaw=1.21156 score=0.976346 valid=1 mode=tracking state=TRACKING evaluated=807 execution_us=44688 reason=tracking_pose_accepted
x=3.09966 y=1.69982 yaw=1.22807 score=0.976512 valid=1 mode=tracking state=TRACKING evaluated=807 execution_us=44785 reason=tracking_pose_accepted
x=3.09966 y=1.69982 yaw=1.22714 score=0.972986 valid=1 mode=tracking state=TRACKING evaluated=807 execution_us=44633 reason=tracking_pose_accepted
x=3.09966 y=1.69982 yaw=1.20875 score=0.978473 valid=1 mode=tracking state=TRACKING evaluated=807 execution_us=44591 reason=tracking_pose_accepted
x=3.14966 y=1.69982 yaw=1.19037 score=0.978292 valid=1 mode=tracking state=TRACKING evaluated=807 execution_us=45084 reason=tracking_pose_accepted
x=3.14966 y=1.69982 yaw=1.18943 score=0.981582 valid=1 mode=tracking state=TRACKING evaluated=807 execution_us=44651 reason=tracking_pose_accepted
x=3.14966 y=1.69982 yaw=1.1885 score=0.982095 valid=1 mode=tracking state=TRACKING evaluated=807 execution_us=47106 reason=tracking_pose_accepted
x=3.14966 y=1.69982 yaw=1.17011 score=0.979711 valid=1 mode=tracking state=TRACKING evaluated=807 execution_us=45205 reason=tracking_pose_accepted
x=3.14966 y=1.69982 yaw=1.16918 score=0.978685 valid=1 mode=tracking state=TRACKING evaluated=807 execution_us=44819 reason=tracking_pose_accepted
x=3.14966 y=1.69982 yaw=1.15079 score=0.979492 valid=1 mode=tracking state=TRACKING evaluated=807 execution_us=44716 reason=tracking_pose_accepted
x=3.09966 y=1.69982 yaw=1.1324 score=0.980237 valid=1 mode=tracking state=TRACKING evaluated=807 execution_us=45070 reason=tracking_pose_accepted
x=3.09966 y=1.69982 yaw=1.16637 score=0.976336 valid=1 mode=tracking state=TRACKING evaluated=807 execution_us=45005 reason=tracking_pose_accepted
x=3.14966 y=1.69982 yaw=1.16544 score=0.975872 valid=1 mode=tracking state=TRACKING evaluated=807 execution_us=44729 reason=tracking_pose_accepted
x=3.14966 y=1.69982 yaw=1.19941 score=0.977069 valid=1 mode=tracking state=TRACKING evaluated=807 execution_us=44711 reason=tracking_pose_accepted
x=3.14966 y=1.69982 yaw=1.23338 score=0.98264 valid=1 mode=tracking state=TRACKING evaluated=807 execution_us=44741 reason=tracking_pose_accepted
x=3.14966 y=1.69982 yaw=1.2499 score=0.985949 valid=1 mode=tracking state=TRACKING evaluated=807 execution_us=45168 reason=tracking_pose_accepted
x=3.14966 y=1.69982 yaw=1.26642 score=0.987428 valid=1 mode=tracking state=TRACKING evaluated=807 execution_us=44637 reason=tracking_pose_accepted
x=3.14966 y=1.69982 yaw=1.24803 score=0.984675 valid=1 mode=tracking state=TRACKING evaluated=807 execution_us=44845 reason=tracking_pose_accepted
x=3.14966 y=1.69982 yaw=1.21219 score=0.983591 valid=1 mode=tracking state=TRACKING evaluated=807 execution_us=45043 reason=tracking_pose_accepted
x=3.14966 y=1.69982 yaw=1.19381 score=0.986461 valid=1 mode=tracking state=TRACKING evaluated=807 execution_us=44753 reason=tracking_pose_accepted
x=3.14966 y=1.64982 yaw=1.19287 score=0.98487 valid=1 mode=tracking state=TRACKING evaluated=807 execution_us=45162 reason=tracking_pose_accepted
x=3.14966 y=1.64982 yaw=1.15703 score=0.99016 valid=1 mode=tracking state=TRACKING evaluated=807 execution_us=45462 reason=tracking_pose_accepted
x=3.14966 y=1.64982 yaw=1.191 score=0.982445 valid=1 mode=tracking state=TRACKING evaluated=807 execution_us=45267 reason=tracking_pose_accepted
x=3.14966 y=1.59982 yaw=1.19007 score=0.983542 valid=1 mode=tracking state=TRACKING evaluated=807 execution_us=46403 reason=tracking_pose_accepted
x=3.14966 y=1.59982 yaw=1.17168 score=0.986928 valid=1 mode=tracking state=TRACKING evaluated=807 execution_us=45821 reason=tracking_pose_accepted
x=3.14966 y=1.59982 yaw=1.13584 score=0.987447 valid=1 mode=tracking state=TRACKING evaluated=807 execution_us=45137 reason=tracking_pose_accepted
x=3.14966 y=1.54982 yaw=1.08255 score=0.984448 valid=1 mode=tracking state=TRACKING evaluated=807 execution_us=45396 reason=tracking_pose_accepted
x=3.14966 y=1.54982 yaw=1.0118 score=0.987488 valid=1 mode=tracking state=TRACKING evaluated=807 execution_us=45108 reason=tracking_pose_accepted
x=3.19966 y=1.54982 yaw=0.958506 score=0.99314 valid=1 mode=tracking state=TRACKING evaluated=807 execution_us=56774 reason=tracking_pose_accepted
x=3.19966 y=1.54982 yaw=0.957572 score=0.986555 valid=1 mode=tracking state=TRACKING evaluated=807 execution_us=45743 reason=tracking_pose_accepted
x=3.19966 y=1.49982 yaw=0.991545 score=0.981 valid=1 mode=tracking state=TRACKING evaluated=807 execution_us=45983 reason=tracking_pose_accepted
x=3.19966 y=1.49982 yaw=1.00806 score=0.985828 valid=1 mode=tracking state=TRACKING evaluated=807 execution_us=46122 reason=tracking_pose_accepted
x=3.24966 y=1.49982 yaw=1.00713 score=0.99012 valid=1 mode=tracking state=TRACKING evaluated=807 execution_us=46109 reason=tracking_pose_accepted
x=3.24966 y=1.49982 yaw=1.0411 score=0.990769 valid=1 mode=tracking state=TRACKING evaluated=807 execution_us=45630 reason=tracking_pose_accepted
x=3.24966 y=1.49982 yaw=1.10998 score=0.990222 valid=1 mode=tracking state=TRACKING evaluated=807 execution_us=45760 reason=tracking_pose_accepted
x=3.24966 y=1.49982 yaw=1.14395 score=0.996495 valid=1 mode=tracking state=TRACKING evaluated=807 execution_us=45246 reason=tracking_pose_accepted
x=3.24966 y=1.49982 yaw=1.17793 score=0.984496 valid=1 mode=tracking state=TRACKING evaluated=807 execution_us=45552 reason=tracking_pose_accepted
x=3.19966 y=1.49982 yaw=1.17699 score=0.984536 valid=1 mode=tracking state=TRACKING evaluated=807 execution_us=45814 reason=tracking_pose_accepted
x=3.19966 y=1.49982 yaw=1.21096 score=0.981005 valid=1 mode=tracking state=TRACKING evaluated=807 execution_us=44965 reason=tracking_pose_accepted
x=3.19966 y=1.49982 yaw=1.21003 score=0.982322 valid=1 mode=tracking state=TRACKING evaluated=807 execution_us=45480 reason=tracking_pose_accepted
x=3.19966 y=1.49982 yaw=1.22655 score=0.981256 valid=1 mode=tracking state=TRACKING evaluated=807 execution_us=45366 reason=tracking_pose_accepted
x=3.19966 y=1.49982 yaw=1.22561 score=0.980138 valid=1 mode=tracking state=TRACKING evaluated=807 execution_us=45616 reason=tracking_pose_accepted
x=3.19966 y=1.49982 yaw=1.22468 score=0.981408 valid=1 mode=tracking state=TRACKING evaluated=807 execution_us=45941 reason=tracking_pose_accepted
x=3.19966 y=1.49982 yaw=1.22375 score=0.984344 valid=1 mode=tracking state=TRACKING evaluated=807 execution_us=45952 reason=tracking_pose_accepted
x=3.19966 y=1.49982 yaw=1.18791 score=0.985411 valid=1 mode=tracking state=TRACKING evaluated=807 execution_us=45882 reason=tracking_pose_accepted
x=3.19966 y=1.49982 yaw=1.18697 score=0.979579 valid=1 mode=tracking state=TRACKING evaluated=807 execution_us=45669 reason=tracking_pose_accepted
x=3.19966 y=1.44982 yaw=1.15113 score=0.984091 valid=1 mode=tracking state=TRACKING evaluated=807 execution_us=45641 reason=tracking_pose_accepted
x=3.19966 y=1.49982 yaw=1.1502 score=0.985905 valid=1 mode=tracking state=TRACKING evaluated=807 execution_us=45621 reason=tracking_pose_accepted
x=3.24966 y=1.49982 yaw=1.14926 score=0.976804 valid=1 mode=tracking state=TRACKING evaluated=807 execution_us=45818 reason=tracking_pose_accepted
x=3.19966 y=1.49982 yaw=1.13087 score=0.981957 valid=1 mode=tracking state=TRACKING evaluated=807 execution_us=45587 reason=tracking_pose_accepted
x=3.24966 y=1.49982 yaw=1.16485 score=0.983652 valid=1 mode=tracking state=TRACKING evaluated=807 execution_us=45777 reason=tracking_pose_accepted
x=3.24966 y=1.49982 yaw=1.16391 score=0.993125 valid=1 mode=tracking state=TRACKING evaluated=807 execution_us=45443 reason=tracking_pose_accepted
x=3.24966 y=1.49982 yaw=1.16298 score=0.992513 valid=1 mode=tracking state=TRACKING evaluated=807 execution_us=45662 reason=tracking_pose_accepted
x=3.24966 y=1.49982 yaw=1.1795 score=0.986979 valid=1 mode=tracking state=TRACKING evaluated=807 execution_us=45803 reason=tracking_pose_accepted
x=3.24966 y=1.49982 yaw=1.17856 score=0.986366 valid=1 mode=tracking state=TRACKING evaluated=807 execution_us=46238 reason=tracking_pose_accepted
x=3.19966 y=1.49982 yaw=1.12527 score=0.98247 valid=1 mode=tracking state=TRACKING evaluated=807 execution_us=45436 reason=tracking_pose_accepted
x=3.24966 y=1.49982 yaw=1.14179 score=0.987013 valid=1 mode=tracking state=TRACKING evaluated=807 execution_us=45717 reason=tracking_pose_accepted
x=3.24966 y=1.49982 yaw=1.14085 score=0.991466 valid=1 mode=tracking state=TRACKING evaluated=807 execution_us=45745 reason=tracking_pose_accepted
x=3.24966 y=1.49982 yaw=1.13992 score=0.987417 valid=1 mode=tracking state=TRACKING evaluated=807 execution_us=46197 reason=tracking_pose_accepted
x=3.24966 y=1.49982 yaw=1.13899 score=0.994361 valid=1 mode=tracking state=TRACKING evaluated=807 execution_us=45482 reason=tracking_pose_accepted
x=3.24966 y=1.49982 yaw=1.13805 score=0.999083 valid=1 mode=tracking state=TRACKING evaluated=807 execution_us=45471 reason=tracking_pose_accepted
x=3.24966 y=1.49982 yaw=1.13712 score=0.998171 valid=1 mode=tracking state=TRACKING evaluated=807 execution_us=46243 reason=tracking_pose_accepted
x=3.24966 y=1.49982 yaw=1.13618 score=0.995896 valid=1 mode=tracking state=TRACKING evaluated=807 execution_us=45667 reason=tracking_pose_accepted
x=3.24966 y=1.49982 yaw=1.13525 score=0.998167 valid=1 mode=tracking state=TRACKING evaluated=807 execution_us=45562 reason=tracking_pose_accepted
x=3.24966 y=1.49982 yaw=1.13432 score=0.993521 valid=1 mode=tracking state=TRACKING evaluated=807 execution_us=46140 reason=tracking_pose_accepted
x=3.24966 y=1.49982 yaw=1.13338 score=0.985984 valid=1 mode=tracking state=TRACKING evaluated=807 execution_us=46313 reason=tracking_pose_accepted
x=3.24966 y=1.49982 yaw=1.13245 score=0.989152 valid=1 mode=tracking state=TRACKING evaluated=807 execution_us=45589 reason=tracking_pose_accepted
x=3.24966 y=1.49982 yaw=1.14897 score=0.992096 valid=1 mode=tracking state=TRACKING evaluated=807 execution_us=45997 reason=tracking_pose_accepted
x=3.24966 y=1.49982 yaw=1.14803 score=0.99012 valid=1 mode=tracking state=TRACKING evaluated=807 execution_us=45702 reason=tracking_pose_accepted
x=3.24966 y=1.49982 yaw=1.1471 score=0.991009 valid=1 mode=tracking state=TRACKING evaluated=807 execution_us=46010 reason=tracking_pose_accepted
x=3.24966 y=1.49982 yaw=1.14616 score=0.985027 valid=1 mode=tracking state=TRACKING evaluated=807 execution_us=45347 reason=tracking_pose_accepted
x=3.24966 y=1.49982 yaw=1.14523 score=0.983193 valid=1 mode=tracking state=TRACKING evaluated=807 execution_us=45697 reason=tracking_pose_accepted
x=3.24966 y=1.49982 yaw=1.14429 score=0.98556 valid=1 mode=tracking state=TRACKING evaluated=807 execution_us=45492 reason=tracking_pose_accepted
x=3.24966 y=1.49982 yaw=1.14336 score=0.982322 valid=1 mode=tracking state=TRACKING evaluated=807 execution_us=45492 reason=tracking_pose_accepted
x=3.24966 y=1.49982 yaw=1.14243 score=0.98606 valid=1 mode=tracking state=TRACKING evaluated=807 execution_us=45542 reason=tracking_pose_accepted
x=3.24966 y=1.49982 yaw=1.14149 score=0.990728 valid=1 mode=tracking state=TRACKING evaluated=807 execution_us=46771 reason=tracking_pose_accepted
x=3.24966 y=1.49982 yaw=1.14056 score=0.993277 valid=1 mode=tracking state=TRACKING evaluated=807 execution_us=45345 reason=tracking_pose_accepted
x=3.24966 y=1.49982 yaw=1.13962 score=0.992745 valid=1 mode=tracking state=TRACKING evaluated=807 execution_us=46018 reason=tracking_pose_accepted
x=3.24966 y=1.49982 yaw=1.13869 score=0.991833 valid=1 mode=tracking state=TRACKING evaluated=807 execution_us=45664 reason=tracking_pose_accepted
x=3.24966 y=1.49982 yaw=1.13775 score=0.991529 valid=1 mode=tracking state=TRACKING evaluated=807 execution_us=45557 reason=tracking_pose_accepted
x=3.24966 y=1.49982 yaw=1.13682 score=0.990288 valid=1 mode=tracking state=TRACKING evaluated=807 execution_us=45982 reason=tracking_pose_accepted
x=3.24966 y=1.49982 yaw=1.13589 score=0.989883 valid=1 mode=tracking state=TRACKING evaluated=807 execution_us=45725 reason=tracking_pose_accepted
x=3.24966 y=1.49982 yaw=1.13495 score=0.984608 valid=1 mode=tracking state=TRACKING evaluated=807 execution_us=45445 reason=tracking_pose_accepted
x=3.24966 y=1.49982 yaw=1.13402 score=0.987013 valid=1 mode=tracking state=TRACKING evaluated=807 execution_us=45530 reason=tracking_pose_accepted
x=3.24966 y=1.49982 yaw=1.13308 score=0.985597 valid=1 mode=tracking state=TRACKING evaluated=807 execution_us=45533 reason=tracking_pose_accepted
x=3.24966 y=1.49982 yaw=1.13215 score=0.985901 valid=1 mode=tracking state=TRACKING evaluated=807 execution_us=45755 reason=tracking_pose_accepted
x=3.24966 y=1.49982 yaw=1.13122 score=0.987688 valid=1 mode=tracking state=TRACKING evaluated=807 execution_us=45448 reason=tracking_pose_accepted
x=3.24966 y=1.49982 yaw=1.13028 score=0.987113 valid=1 mode=tracking state=TRACKING evaluated=807 execution_us=45782 reason=tracking_pose_accepted
x=3.24966 y=1.49982 yaw=1.12935 score=0.985791 valid=1 mode=tracking state=TRACKING evaluated=807 execution_us=45753 reason=tracking_pose_accepted
x=3.24966 y=1.49982 yaw=1.12841 score=0.985828 valid=1 mode=tracking state=TRACKING evaluated=807 execution_us=45328 reason=tracking_pose_accepted
x=3.24966 y=1.49982 yaw=1.12748 score=0.98556 valid=1 mode=tracking state=TRACKING evaluated=807 execution_us=45561 reason=tracking_pose_accepted
x=3.24966 y=1.49982 yaw=1.12654 score=0.985256 valid=1 mode=tracking state=TRACKING evaluated=807 execution_us=45998 reason=tracking_pose_accepted
x=3.24966 y=1.49982 yaw=1.12561 score=0.985901 valid=1 mode=tracking state=TRACKING evaluated=807 execution_us=45826 reason=tracking_pose_accepted
x=3.24966 y=1.49982 yaw=1.12468 score=0.985828 valid=1 mode=tracking state=TRACKING evaluated=807 execution_us=45545 reason=tracking_pose_accepted
x=3.24966 y=1.49982 yaw=1.14119 score=0.985066 valid=1 mode=tracking state=TRACKING evaluated=807 execution_us=45801 reason=tracking_pose_accepted
x=3.24966 y=1.44982 yaw=1.10535 score=0.989028 valid=1 mode=tracking state=TRACKING evaluated=807 execution_us=46015 reason=tracking_pose_accepted
x=3.24966 y=1.49982 yaw=1.13933 score=0.988846 valid=1 mode=tracking state=TRACKING evaluated=807 execution_us=46822 reason=tracking_pose_accepted
x=3.24966 y=1.49982 yaw=1.13839 score=0.988933 valid=1 mode=tracking state=TRACKING evaluated=807 execution_us=45864 reason=tracking_pose_accepted
x=3.24966 y=1.49982 yaw=1.13746 score=0.988296 valid=1 mode=tracking state=TRACKING evaluated=807 execution_us=45760 reason=tracking_pose_accepted
x=3.24966 y=1.49982 yaw=1.13652 score=0.98918 valid=1 mode=tracking state=TRACKING evaluated=807 execution_us=46762 reason=tracking_pose_accepted
x=3.24966 y=1.49982 yaw=1.13559 score=0.988571 valid=1 mode=tracking state=TRACKING evaluated=807 execution_us=45472 reason=tracking_pose_accepted
x=3.24966 y=1.49982 yaw=1.13466 score=0.988266 valid=1 mode=tracking state=TRACKING evaluated=807 execution_us=45793 reason=tracking_pose_accepted
x=3.24966 y=1.49982 yaw=1.13372 score=0.987992 valid=1 mode=tracking state=TRACKING evaluated=807 execution_us=45877 reason=tracking_pose_accepted
x=3.24966 y=1.49982 yaw=1.13279 score=0.98772 valid=1 mode=tracking state=TRACKING evaluated=807 execution_us=45910 reason=tracking_pose_accepted
x=3.24966 y=1.49982 yaw=1.13185 score=0.982932 valid=1 mode=tracking state=TRACKING evaluated=807 execution_us=46098 reason=tracking_pose_accepted
x=3.24966 y=1.49982 yaw=1.13092 score=0.984913 valid=1 mode=tracking state=TRACKING evaluated=807 execution_us=45688 reason=tracking_pose_accepted
x=3.24966 y=1.49982 yaw=1.12998 score=0.982582 valid=1 mode=tracking state=TRACKING evaluated=807 execution_us=45699 reason=tracking_pose_accepted
x=3.24966 y=1.49982 yaw=1.12905 score=0.985294 valid=1 mode=tracking state=TRACKING evaluated=807 execution_us=46319 reason=tracking_pose_accepted
x=3.24966 y=1.49982 yaw=1.14557 score=0.989485 valid=1 mode=tracking state=TRACKING evaluated=807 execution_us=45807 reason=tracking_pose_accepted
x=3.24966 y=1.49982 yaw=1.14463 score=0.988933 valid=1 mode=tracking state=TRACKING evaluated=807 execution_us=45859 reason=tracking_pose_accepted
x=3.24966 y=1.49982 yaw=1.1437 score=0.985901 valid=1 mode=tracking state=TRACKING evaluated=807 execution_us=45872 reason=tracking_pose_accepted
x=3.24966 y=1.49982 yaw=1.14277 score=0.980848 valid=1 mode=tracking state=TRACKING evaluated=807 execution_us=46553 reason=tracking_pose_accepted
x=3.24966 y=1.49982 yaw=1.14183 score=0.984648 valid=1 mode=tracking state=TRACKING evaluated=807 execution_us=45654 reason=tracking_pose_accepted
x=3.24966 y=1.49982 yaw=1.15835 score=0.985104 valid=1 mode=tracking state=TRACKING evaluated=807 execution_us=45858 reason=tracking_pose_accepted
x=3.24966 y=1.44982 yaw=1.12251 score=0.98936 valid=1 mode=tracking state=TRACKING evaluated=807 execution_us=45405 reason=tracking_pose_accepted
x=3.24966 y=1.44982 yaw=1.12158 score=0.990297 valid=1 mode=tracking state=TRACKING evaluated=807 execution_us=46066 reason=tracking_pose_accepted
x=3.24966 y=1.44982 yaw=1.12064 score=0.989637 valid=1 mode=tracking state=TRACKING evaluated=807 execution_us=45691 reason=tracking_pose_accepted
x=3.24966 y=1.44982 yaw=1.11971 score=0.988999 valid=1 mode=tracking state=TRACKING evaluated=807 execution_us=45411 reason=tracking_pose_accepted
x=3.24966 y=1.44982 yaw=1.11877 score=0.990272 valid=1 mode=tracking state=TRACKING evaluated=807 execution_us=45626 reason=tracking_pose_accepted
x=3.24966 y=1.44982 yaw=1.11784 score=0.989305 valid=1 mode=tracking state=TRACKING evaluated=807 execution_us=45412 reason=tracking_pose_accepted
x=3.24966 y=1.44982 yaw=1.1169 score=0.988448 valid=1 mode=tracking state=TRACKING evaluated=807 execution_us=45480 reason=tracking_pose_accepted
x=3.24966 y=1.44982 yaw=1.13342 score=0.990856 valid=1 mode=tracking state=TRACKING evaluated=807 execution_us=45806 reason=tracking_pose_accepted
x=3.24966 y=1.44982 yaw=1.13249 score=0.987992 valid=1 mode=tracking state=TRACKING evaluated=807 execution_us=45625 reason=tracking_pose_accepted
x=3.24966 y=1.44982 yaw=1.13156 score=0.991488 valid=1 mode=tracking state=TRACKING evaluated=807 execution_us=45968 reason=tracking_pose_accepted
x=3.24966 y=1.44982 yaw=1.13062 score=0.988296 valid=1 mode=tracking state=TRACKING evaluated=807 execution_us=45373 reason=tracking_pose_accepted
x=3.24966 y=1.49982 yaw=1.12969 score=0.991156 valid=1 mode=tracking state=TRACKING evaluated=807 execution_us=45190 reason=tracking_pose_accepted
x=3.24966 y=1.44982 yaw=1.12875 score=0.991488 valid=1 mode=tracking state=TRACKING evaluated=807 execution_us=46086 reason=tracking_pose_accepted
x=3.24966 y=1.49982 yaw=1.12782 score=0.991529 valid=1 mode=tracking state=TRACKING evaluated=807 execution_us=45501 reason=tracking_pose_accepted
x=3.24966 y=1.49982 yaw=1.12688 score=0.990944 valid=1 mode=tracking state=TRACKING evaluated=807 execution_us=45777 reason=tracking_pose_accepted
x=3.24966 y=1.49982 yaw=1.12595 score=0.990592 valid=1 mode=tracking state=TRACKING evaluated=807 execution_us=45792 reason=tracking_pose_accepted
x=3.24966 y=1.49982 yaw=1.12502 score=0.990944 valid=1 mode=tracking state=TRACKING evaluated=807 execution_us=45620 reason=tracking_pose_accepted
x=3.24966 y=1.49982 yaw=1.12408 score=0.990313 valid=1 mode=tracking state=TRACKING evaluated=807 execution_us=45801 reason=tracking_pose_accepted
x=3.24966 y=1.44982 yaw=1.12315 score=0.990527 valid=1 mode=tracking state=TRACKING evaluated=807 execution_us=45479 reason=tracking_pose_accepted
x=3.24966 y=1.49982 yaw=1.12221 score=0.989651 valid=1 mode=tracking state=TRACKING evaluated=807 execution_us=45412 reason=tracking_pose_accepted
x=3.24966 y=1.44982 yaw=1.12128 score=0.990247 valid=1 mode=tracking state=TRACKING evaluated=807 execution_us=45993 reason=tracking_pose_accepted
x=3.24966 y=1.49982 yaw=1.12034 score=0.989401 valid=1 mode=tracking state=TRACKING evaluated=807 execution_us=45504 reason=tracking_pose_accepted
x=3.24966 y=1.49982 yaw=1.15432 score=0.989208 valid=1 mode=tracking state=TRACKING evaluated=807 execution_us=45776 reason=tracking_pose_accepted
x=3.24966 y=1.44982 yaw=1.11848 score=0.988752 valid=1 mode=tracking state=TRACKING evaluated=807 execution_us=46228 reason=tracking_pose_accepted
x=3.24966 y=1.49982 yaw=1.15245 score=0.988571 valid=1 mode=tracking state=TRACKING evaluated=807 execution_us=45651 reason=tracking_pose_accepted
x=3.24966 y=1.44982 yaw=1.11661 score=0.988347 valid=1 mode=tracking state=TRACKING evaluated=807 execution_us=45838 reason=tracking_pose_accepted
x=3.24966 y=1.44982 yaw=1.13313 score=0.988266 valid=1 mode=tracking state=TRACKING evaluated=807 execution_us=45710 reason=tracking_pose_accepted
x=3.24966 y=1.44982 yaw=1.13219 score=0.987992 valid=1 mode=tracking state=TRACKING evaluated=807 execution_us=46148 reason=tracking_pose_accepted
x=3.24966 y=1.44982 yaw=1.13126 score=0.991771 valid=1 mode=tracking state=TRACKING evaluated=807 execution_us=46073 reason=tracking_pose_accepted
x=3.24966 y=1.49982 yaw=1.13032 score=0.992075 valid=1 mode=tracking state=TRACKING evaluated=807 execution_us=45309 reason=tracking_pose_accepted
x=3.24966 y=1.49982 yaw=1.12939 score=0.991529 valid=1 mode=tracking state=TRACKING evaluated=807 execution_us=45631 reason=tracking_pose_accepted
x=3.24966 y=1.44982 yaw=1.12846 score=0.988571 valid=1 mode=tracking state=TRACKING evaluated=807 execution_us=46013 reason=tracking_pose_accepted
x=3.24966 y=1.49982 yaw=1.12752 score=0.991507 valid=1 mode=tracking state=TRACKING evaluated=807 execution_us=45468 reason=tracking_pose_accepted
x=3.24966 y=1.49982 yaw=1.12659 score=0.991444 valid=1 mode=tracking state=TRACKING evaluated=807 execution_us=45657 reason=tracking_pose_accepted
x=3.24966 y=1.49982 yaw=1.12565 score=0.991811 valid=1 mode=tracking state=TRACKING evaluated=807 execution_us=45950 reason=tracking_pose_accepted
x=3.24966 y=1.49982 yaw=1.12472 score=0.990921 valid=1 mode=tracking state=TRACKING evaluated=807 execution_us=45880 reason=tracking_pose_accepted
x=3.24966 y=1.49982 yaw=1.12378 score=0.990921 valid=1 mode=tracking state=TRACKING evaluated=807 execution_us=46074 reason=tracking_pose_accepted
x=3.24966 y=1.49982 yaw=1.12285 score=0.993008 valid=1 mode=tracking state=TRACKING evaluated=807 execution_us=45924 reason=tracking_pose_accepted
x=3.24966 y=1.54982 yaw=1.12192 score=0.991769 valid=1 mode=tracking state=TRACKING evaluated=807 execution_us=45178 reason=tracking_pose_accepted
x=3.24966 y=1.59982 yaw=1.12098 score=0.98518 valid=1 mode=tracking state=TRACKING evaluated=807 execution_us=45837 reason=tracking_pose_accepted
x=3.24966 y=1.64982 yaw=1.08514 score=0.983943 valid=1 mode=tracking state=TRACKING evaluated=807 execution_us=44741 reason=tracking_pose_accepted
x=3.24966 y=1.69982 yaw=1.0493 score=0.980742 valid=1 mode=tracking state=TRACKING evaluated=807 execution_us=44918 reason=tracking_pose_accepted
x=3.19966 y=1.79982 yaw=1.04837 score=0.968153 valid=1 mode=tracking state=TRACKING evaluated=807 execution_us=44805 reason=tracking_pose_accepted
x=3.19966 y=1.89982 yaw=1.08234 score=0.959288 valid=1 mode=tracking state=TRACKING evaluated=807 execution_us=44752 reason=tracking_pose_accepted
x=3.19966 y=1.94982 yaw=1.0465 score=0.986867 valid=1 mode=tracking state=TRACKING evaluated=807 execution_us=45437 reason=tracking_pose_accepted
x=3.19966 y=1.94982 yaw=1.02811 score=0.987445 valid=1 mode=tracking state=TRACKING evaluated=789 execution_us=44224 reason=tracking_pose_accepted
x=3.19966 y=1.99982 yaw=1.00972 score=0.985024 valid=1 mode=tracking state=TRACKING evaluated=789 execution_us=43993 reason=tracking_pose_accepted
x=3.19966 y=2.04982 yaw=1.00879 score=0.993242 valid=1 mode=tracking state=TRACKING evaluated=807 execution_us=44927 reason=tracking_pose_accepted
x=3.19966 y=2.09982 yaw=1.04276 score=0.986026 valid=1 mode=tracking state=TRACKING evaluated=807 execution_us=43516 reason=tracking_pose_accepted
x=3.19966 y=2.09982 yaw=1.07673 score=0.980675 valid=1 mode=tracking state=TRACKING evaluated=807 execution_us=44495 reason=tracking_pose_accepted
x=3.19966 y=2.14982 yaw=1.09325 score=0.982012 valid=1 mode=tracking state=TRACKING evaluated=807 execution_us=43246 reason=tracking_pose_accepted
x=3.19966 y=2.14982 yaw=1.07487 score=0.988814 valid=1 mode=tracking state=TRACKING evaluated=789 execution_us=42299 reason=tracking_pose_accepted
x=3.19966 y=2.14982 yaw=1.09138 score=0.978421 valid=1 mode=tracking state=TRACKING evaluated=789 execution_us=42407 reason=tracking_pose_accepted
x=3.19966 y=2.19982 yaw=1.1079 score=0.974515 valid=1 mode=tracking state=TRACKING evaluated=789 execution_us=42462 reason=tracking_pose_accepted
x=3.24966 y=2.19982 yaw=1.07206 score=0.984904 valid=1 mode=tracking state=TRACKING evaluated=789 execution_us=42987 reason=tracking_pose_accepted
x=3.24966 y=2.19982 yaw=1.08858 score=0.983955 valid=1 mode=tracking state=TRACKING evaluated=789 execution_us=43389 reason=tracking_pose_accepted
x=3.24966 y=2.19982 yaw=1.12255 score=0.984059 valid=1 mode=tracking state=TRACKING evaluated=789 execution_us=42661 reason=tracking_pose_accepted
x=3.24966 y=2.19982 yaw=1.13907 score=0.983328 valid=1 mode=tracking state=TRACKING evaluated=789 execution_us=42502 reason=tracking_pose_accepted
x=3.24966 y=2.14982 yaw=1.13814 score=0.985121 valid=1 mode=tracking state=TRACKING evaluated=789 execution_us=43298 reason=tracking_pose_accepted
x=3.24966 y=2.14982 yaw=1.11975 score=0.989174 valid=1 mode=tracking state=TRACKING evaluated=789 execution_us=42810 reason=tracking_pose_accepted
x=3.24966 y=2.14982 yaw=1.08391 score=0.994624 valid=1 mode=tracking state=TRACKING evaluated=789 execution_us=42936 reason=tracking_pose_accepted
x=3.24966 y=2.14982 yaw=1.08298 score=0.983886 valid=1 mode=tracking state=TRACKING evaluated=789 execution_us=43842 reason=tracking_pose_accepted
x=3.24966 y=2.14982 yaw=1.08204 score=0.983555 valid=1 mode=tracking state=TRACKING evaluated=789 execution_us=43088 reason=tracking_pose_accepted
x=3.24966 y=2.14982 yaw=1.08111 score=0.984784 valid=1 mode=tracking state=TRACKING evaluated=789 execution_us=43359 reason=tracking_pose_accepted
x=3.24966 y=2.14982 yaw=1.08018 score=0.985098 valid=1 mode=tracking state=TRACKING evaluated=789 execution_us=43404 reason=tracking_pose_accepted
x=3.24966 y=2.14982 yaw=1.07924 score=0.982118 valid=1 mode=tracking state=TRACKING evaluated=789 execution_us=43832 reason=tracking_pose_accepted
x=3.24966 y=2.14982 yaw=1.07831 score=0.985177 valid=1 mode=tracking state=TRACKING evaluated=789 execution_us=44285 reason=tracking_pose_accepted
x=3.24966 y=2.14982 yaw=1.09483 score=0.979716 valid=1 mode=tracking state=TRACKING evaluated=789 execution_us=43781 reason=tracking_pose_accepted
x=3.24966 y=2.14982 yaw=1.11135 score=0.974294 valid=1 mode=tracking state=TRACKING evaluated=789 execution_us=43059 reason=tracking_pose_accepted
x=3.24966 y=2.14982 yaw=1.14532 score=0.988457 valid=1 mode=tracking state=TRACKING evaluated=789 execution_us=43100 reason=tracking_pose_accepted
x=3.24966 y=2.14982 yaw=1.16184 score=0.983914 valid=1 mode=tracking state=TRACKING evaluated=789 execution_us=43614 reason=tracking_pose_accepted
x=3.24966 y=2.14982 yaw=1.14345 score=0.982212 valid=1 mode=tracking state=TRACKING evaluated=789 execution_us=43616 reason=tracking_pose_accepted
x=3.24966 y=2.14982 yaw=1.12506 score=0.974969 valid=1 mode=tracking state=TRACKING evaluated=789 execution_us=43723 reason=tracking_pose_accepted
x=3.24966 y=2.14982 yaw=1.12413 score=0.975035 valid=1 mode=tracking state=TRACKING evaluated=789 execution_us=43397 reason=tracking_pose_accepted
x=3.24966 y=2.14982 yaw=1.12319 score=0.980287 valid=1 mode=tracking state=TRACKING evaluated=789 execution_us=43518 reason=tracking_pose_accepted
x=3.24966 y=2.14982 yaw=1.12226 score=0.988863 valid=1 mode=tracking state=TRACKING evaluated=789 execution_us=43435 reason=tracking_pose_accepted
x=3.24966 y=2.14982 yaw=1.10387 score=0.98648 valid=1 mode=tracking state=TRACKING evaluated=789 execution_us=43058 reason=tracking_pose_accepted
x=3.24966 y=2.14982 yaw=1.10294 score=0.986123 valid=1 mode=tracking state=TRACKING evaluated=789 execution_us=43680 reason=tracking_pose_accepted
x=3.24966 y=2.14982 yaw=1.102 score=0.985687 valid=1 mode=tracking state=TRACKING evaluated=789 execution_us=43277 reason=tracking_pose_accepted
x=3.24966 y=2.09982 yaw=1.10107 score=0.987684 valid=1 mode=tracking state=TRACKING evaluated=789 execution_us=43576 reason=tracking_pose_accepted
x=3.24966 y=2.09982 yaw=1.10014 score=0.987827 valid=1 mode=tracking state=TRACKING evaluated=807 execution_us=44602 reason=tracking_pose_accepted
x=3.24966 y=2.09982 yaw=1.0992 score=0.989452 valid=1 mode=tracking state=TRACKING evaluated=807 execution_us=44285 reason=tracking_pose_accepted
x=3.24966 y=2.09982 yaw=1.11572 score=0.987674 valid=1 mode=tracking state=TRACKING evaluated=807 execution_us=44430 reason=tracking_pose_accepted
x=3.24966 y=2.09982 yaw=1.11479 score=0.98899 valid=1 mode=tracking state=TRACKING evaluated=807 execution_us=44200 reason=tracking_pose_accepted
x=3.24966 y=2.09982 yaw=1.13131 score=0.983505 valid=1 mode=tracking state=TRACKING evaluated=807 execution_us=44523 reason=tracking_pose_accepted
x=3.24966 y=2.09982 yaw=1.13037 score=0.98545 valid=1 mode=tracking state=TRACKING evaluated=807 execution_us=45571 reason=tracking_pose_accepted
x=3.24966 y=2.09982 yaw=1.12944 score=0.980125 valid=1 mode=tracking state=TRACKING evaluated=807 execution_us=46225 reason=tracking_pose_accepted
x=3.24966 y=2.09982 yaw=1.1285 score=0.988081 valid=1 mode=tracking state=TRACKING evaluated=807 execution_us=44664 reason=tracking_pose_accepted
x=3.24966 y=2.09982 yaw=1.14502 score=0.984909 valid=1 mode=tracking state=TRACKING evaluated=807 execution_us=45442 reason=tracking_pose_accepted
x=3.24966 y=2.09982 yaw=1.12663 score=0.9887 valid=1 mode=tracking state=TRACKING evaluated=807 execution_us=44721 reason=tracking_pose_accepted
x=3.24966 y=2.09982 yaw=1.1257 score=0.990196 valid=1 mode=tracking state=TRACKING evaluated=807 execution_us=44932 reason=tracking_pose_accepted
x=3.24966 y=2.09982 yaw=1.12477 score=0.994427 valid=1 mode=tracking state=TRACKING evaluated=807 execution_us=44943 reason=tracking_pose_accepted
x=3.24966 y=2.09982 yaw=1.12383 score=0.989783 valid=1 mode=tracking state=TRACKING evaluated=807 execution_us=44855 reason=tracking_pose_accepted
x=3.24966 y=2.09982 yaw=1.14035 score=0.984324 valid=1 mode=tracking state=TRACKING evaluated=807 execution_us=45403 reason=tracking_pose_accepted
x=3.24966 y=2.09982 yaw=1.12196 score=0.984117 valid=1 mode=tracking state=TRACKING evaluated=807 execution_us=44517 reason=tracking_pose_accepted
x=3.24966 y=2.09982 yaw=1.13848 score=0.982882 valid=1 mode=tracking state=TRACKING evaluated=807 execution_us=44364 reason=tracking_pose_accepted
x=3.24966 y=2.09982 yaw=1.13755 score=0.987152 valid=1 mode=tracking state=TRACKING evaluated=807 execution_us=44989 reason=tracking_pose_accepted
x=3.24966 y=2.09982 yaw=1.11916 score=0.988471 valid=1 mode=tracking state=TRACKING evaluated=807 execution_us=45023 reason=tracking_pose_accepted
x=3.24966 y=2.09982 yaw=1.11823 score=0.985714 valid=1 mode=tracking state=TRACKING evaluated=807 execution_us=45057 reason=tracking_pose_accepted
x=3.24966 y=2.09982 yaw=1.11729 score=0.988856 valid=1 mode=tracking state=TRACKING evaluated=807 execution_us=44957 reason=tracking_pose_accepted
x=3.24966 y=2.09982 yaw=1.13381 score=0.98615 valid=1 mode=tracking state=TRACKING evaluated=807 execution_us=44778 reason=tracking_pose_accepted
x=3.24966 y=2.09982 yaw=1.13288 score=0.986259 valid=1 mode=tracking state=TRACKING evaluated=807 execution_us=45443 reason=tracking_pose_accepted
x=3.24966 y=2.09982 yaw=1.13194 score=0.986223 valid=1 mode=tracking state=TRACKING evaluated=807 execution_us=44981 reason=tracking_pose_accepted
x=3.24966 y=2.09982 yaw=1.13101 score=0.987395 valid=1 mode=tracking state=TRACKING evaluated=807 execution_us=44640 reason=tracking_pose_accepted
x=3.24966 y=2.09983 yaw=1.14753 score=0.985528 valid=1 mode=tracking state=TRACKING evaluated=807 execution_us=45134 reason=tracking_pose_accepted
x=3.24966 y=2.09983 yaw=1.1466 score=0.984945 valid=1 mode=tracking state=TRACKING evaluated=807 execution_us=44656 reason=tracking_pose_accepted
x=3.24966 y=2.09983 yaw=1.12821 score=0.987152 valid=1 mode=tracking state=TRACKING evaluated=807 execution_us=44966 reason=tracking_pose_accepted
x=3.24966 y=2.09983 yaw=1.10982 score=0.986824 valid=1 mode=tracking state=TRACKING evaluated=807 execution_us=46212 reason=tracking_pose_accepted
x=3.24966 y=2.09983 yaw=1.14379 score=0.98348 valid=1 mode=tracking state=TRACKING evaluated=807 execution_us=45179 reason=tracking_pose_accepted
x=3.24966 y=2.09983 yaw=1.12541 score=0.986331 valid=1 mode=tracking state=TRACKING evaluated=807 execution_us=45408 reason=tracking_pose_accepted
x=3.24966 y=2.09983 yaw=1.14192 score=0.98595 valid=1 mode=tracking state=TRACKING evaluated=807 execution_us=45451 reason=tracking_pose_accepted
x=3.24966 y=2.09983 yaw=1.14099 score=0.987049 valid=1 mode=tracking state=TRACKING evaluated=807 execution_us=44745 reason=tracking_pose_accepted
x=3.24966 y=2.09983 yaw=1.1226 score=0.992084 valid=1 mode=tracking state=TRACKING evaluated=807 execution_us=45396 reason=tracking_pose_accepted
x=3.24966 y=2.09983 yaw=1.13912 score=0.986842 valid=1 mode=tracking state=TRACKING evaluated=807 execution_us=44757 reason=tracking_pose_accepted
x=3.24966 y=2.09983 yaw=1.13819 score=0.984211 valid=1 mode=tracking state=TRACKING evaluated=807 execution_us=45002 reason=tracking_pose_accepted
x=3.24966 y=2.09983 yaw=1.13725 score=0.985566 valid=1 mode=tracking state=TRACKING evaluated=807 execution_us=44902 reason=tracking_pose_accepted
x=3.24966 y=2.09983 yaw=1.13632 score=0.984479 valid=1 mode=tracking state=TRACKING evaluated=807 execution_us=44782 reason=tracking_pose_accepted
x=3.24966 y=2.09983 yaw=1.11793 score=0.986675 valid=1 mode=tracking state=TRACKING evaluated=807 execution_us=45020 reason=tracking_pose_accepted
x=3.24966 y=2.09983 yaw=1.13445 score=0.987986 valid=1 mode=tracking state=TRACKING evaluated=807 execution_us=44582 reason=tracking_pose_accepted
x=3.24966 y=2.09983 yaw=1.13352 score=0.987706 valid=1 mode=tracking state=TRACKING evaluated=807 execution_us=44912 reason=tracking_pose_accepted
x=3.24966 y=2.09983 yaw=1.15004 score=0.984945 valid=1 mode=tracking state=TRACKING evaluated=807 execution_us=45131 reason=tracking_pose_accepted
x=3.24966 y=2.09983 yaw=1.13165 score=0.98479 valid=1 mode=tracking state=TRACKING evaluated=807 execution_us=44745 reason=tracking_pose_accepted
x=3.24966 y=2.09983 yaw=1.13071 score=0.987494 valid=1 mode=tracking state=TRACKING evaluated=807 execution_us=44857 reason=tracking_pose_accepted
x=3.24966 y=2.09983 yaw=1.14723 score=0.986449 valid=1 mode=tracking state=TRACKING evaluated=807 execution_us=45583 reason=tracking_pose_accepted
x=3.24966 y=2.09983 yaw=1.11139 score=0.987198 valid=1 mode=tracking state=TRACKING evaluated=807 execution_us=44425 reason=tracking_pose_accepted
x=3.24966 y=2.09983 yaw=1.11046 score=0.989082 valid=1 mode=tracking state=TRACKING evaluated=807 execution_us=44816 reason=tracking_pose_accepted
x=3.24966 y=2.09983 yaw=1.10952 score=0.985593 valid=1 mode=tracking state=TRACKING evaluated=807 execution_us=44852 reason=tracking_pose_accepted
x=3.24966 y=2.09983 yaw=1.1435 score=0.989193 valid=1 mode=tracking state=TRACKING evaluated=807 execution_us=45025 reason=tracking_pose_accepted
x=3.24966 y=2.09983 yaw=1.12511 score=0.986772 valid=1 mode=tracking state=TRACKING evaluated=807 execution_us=46076 reason=tracking_pose_accepted
x=3.24966 y=2.09983 yaw=1.14163 score=0.985102 valid=1 mode=tracking state=TRACKING evaluated=807 execution_us=45086 reason=tracking_pose_accepted
x=3.24966 y=2.09983 yaw=1.14069 score=0.985716 valid=1 mode=tracking state=TRACKING evaluated=807 execution_us=45270 reason=tracking_pose_accepted
x=3.24966 y=2.09983 yaw=1.13976 score=0.986259 valid=1 mode=tracking state=TRACKING evaluated=807 execution_us=45506 reason=tracking_pose_accepted
x=3.24966 y=2.09983 yaw=1.13883 score=0.987185 valid=1 mode=tracking state=TRACKING evaluated=807 execution_us=44837 reason=tracking_pose_accepted
x=3.24966 y=2.09983 yaw=1.12044 score=0.990212 valid=1 mode=tracking state=TRACKING evaluated=807 execution_us=45087 reason=tracking_pose_accepted
x=3.24966 y=2.09983 yaw=1.1195 score=0.991226 valid=1 mode=tracking state=TRACKING evaluated=807 execution_us=44815 reason=tracking_pose_accepted
x=3.24966 y=2.09983 yaw=1.11857 score=0.991136 valid=1 mode=tracking state=TRACKING evaluated=807 execution_us=45229 reason=tracking_pose_accepted
x=3.24966 y=2.09983 yaw=1.11764 score=0.991884 valid=1 mode=tracking state=TRACKING evaluated=807 execution_us=44083 reason=tracking_pose_accepted
x=3.24966 y=2.09983 yaw=1.1167 score=0.991156 valid=1 mode=tracking state=TRACKING evaluated=807 execution_us=44544 reason=tracking_pose_accepted
x=3.24966 y=2.09983 yaw=1.11577 score=0.986887 valid=1 mode=tracking state=TRACKING evaluated=807 execution_us=44778 reason=tracking_pose_accepted
x=3.24966 y=2.09983 yaw=1.13229 score=0.980767 valid=1 mode=tracking state=TRACKING evaluated=807 execution_us=45053 reason=tracking_pose_accepted
x=3.19966 y=2.04983 yaw=1.13135 score=0.98674 valid=1 mode=tracking state=TRACKING evaluated=807 execution_us=44184 reason=tracking_pose_accepted
x=3.14965 y=1.99983 yaw=1.11297 score=0.974144 valid=1 mode=tracking state=TRACKING evaluated=807 execution_us=45165 reason=tracking_pose_accepted
x=3.09965 y=1.94983 yaw=1.07712 score=0.93406 valid=1 mode=tracking state=TRACKING evaluated=807 execution_us=44904 reason=tracking_pose_accepted
x=3.04965 y=1.89983 yaw=1.09364 score=0.932223 valid=1 mode=tracking state=TRACKING evaluated=807 execution_us=45397 reason=tracking_pose_accepted
x=2.99965 y=1.89983 yaw=1.12762 score=0.948747 valid=1 mode=tracking state=TRACKING evaluated=807 execution_us=45798 reason=tracking_pose_accepted
x=2.94965 y=1.89983 yaw=1.16159 score=0.935441 valid=1 mode=tracking state=TRACKING evaluated=807 execution_us=45725 reason=tracking_pose_accepted
x=2.89965 y=1.89983 yaw=1.02103 score=0.953484 valid=1 mode=tracking state=TRACKING evaluated=807 execution_us=45325 reason=tracking_pose_accepted
x=2.84965 y=1.94983 yaw=0.985188 score=0.969379 valid=1 mode=tracking state=TRACKING evaluated=807 execution_us=45437 reason=tracking_pose_accepted
x=2.79965 y=1.94983 yaw=1.05407 score=0.954923 valid=1 mode=tracking state=TRACKING evaluated=789 execution_us=43516 reason=tracking_pose_accepted
x=2.74965 y=1.99983 yaw=1.22767 score=0.924548 valid=1 mode=tracking state=TRACKING evaluated=789 execution_us=55499 reason=tracking_pose_accepted
x=2.69965 y=1.94983 yaw=1.38381 score=0.94304 valid=1 mode=tracking state=TRACKING evaluated=807 execution_us=45762 reason=tracking_pose_accepted
x=2.64965 y=1.94983 yaw=1.4876 score=0.944197 valid=1 mode=tracking state=TRACKING evaluated=789 execution_us=44188 reason=tracking_pose_accepted
x=2.59965 y=1.94983 yaw=1.57393 score=0.958316 valid=1 mode=tracking state=TRACKING evaluated=789 execution_us=44405 reason=tracking_pose_accepted
x=2.54965 y=1.94983 yaw=1.64281 score=0.95235 valid=1 mode=tracking state=TRACKING evaluated=789 execution_us=44765 reason=tracking_pose_accepted
x=2.54965 y=1.94983 yaw=1.76405 score=0.937478 valid=1 mode=tracking state=TRACKING evaluated=789 execution_us=44477 reason=tracking_pose_accepted
x=2.49965 y=1.89983 yaw=1.90274 score=0.948693 valid=1 mode=tracking state=TRACKING evaluated=789 execution_us=44185 reason=tracking_pose_accepted
x=2.44965 y=1.94983 yaw=1.97162 score=0.952616 valid=1 mode=tracking state=TRACKING evaluated=807 execution_us=45522 reason=tracking_pose_accepted
x=2.44965 y=1.94983 yaw=2.05795 score=0.957647 valid=1 mode=tracking state=TRACKING evaluated=789 execution_us=44280 reason=tracking_pose_accepted
x=2.39965 y=1.99983 yaw=2.05702 score=0.95462 valid=1 mode=tracking state=TRACKING evaluated=789 execution_us=44335 reason=tracking_pose_accepted
x=2.34965 y=1.99983 yaw=2.09099 score=0.95258 valid=1 mode=tracking state=TRACKING evaluated=807 execution_us=44608 reason=tracking_pose_accepted
x=2.29965 y=2.04983 yaw=2.12496 score=0.955952 valid=1 mode=tracking state=TRACKING evaluated=807 execution_us=44573 reason=tracking_pose_accepted
x=2.24965 y=2.04983 yaw=2.15893 score=0.978328 valid=1 mode=tracking state=TRACKING evaluated=807 execution_us=44677 reason=tracking_pose_accepted
x=2.19965 y=2.09983 yaw=2.19291 score=0.964986 valid=1 mode=tracking state=TRACKING evaluated=807 execution_us=44637 reason=tracking_pose_accepted
x=2.09965 y=2.14983 yaw=2.13961 score=0.980371 valid=1 mode=tracking state=TRACKING evaluated=807 execution_us=44238 reason=tracking_pose_accepted
x=2.04965 y=2.14983 yaw=2.13868 score=0.988718 valid=1 mode=tracking state=TRACKING evaluated=807 execution_us=45437 reason=tracking_pose_accepted
x=1.99965 y=2.14983 yaw=2.1901 score=0.962879 valid=1 mode=tracking state=TRACKING evaluated=807 execution_us=44836 reason=tracking_pose_accepted
x=1.99965 y=2.19983 yaw=2.22408 score=0.95336 valid=1 mode=tracking state=TRACKING evaluated=789 execution_us=44663 reason=tracking_pose_accepted
x=1.94965 y=2.19983 yaw=2.29296 score=0.972303 valid=1 mode=tracking state=TRACKING evaluated=789 execution_us=44015 reason=tracking_pose_accepted
x=1.89965 y=2.19983 yaw=2.29202 score=0.985679 valid=1 mode=tracking state=TRACKING evaluated=807 execution_us=44891 reason=tracking_pose_accepted
x=1.84965 y=2.24983 yaw=2.25618 score=0.969098 valid=1 mode=tracking state=TRACKING evaluated=807 execution_us=44901 reason=tracking_pose_accepted
x=1.84965 y=2.29983 yaw=2.13307 score=0.964284 valid=1 mode=tracking state=TRACKING evaluated=807 execution_us=44889 reason=tracking_pose_accepted
x=1.79965 y=2.29983 yaw=2.02742 score=0.982457 valid=1 mode=tracking state=TRACKING evaluated=807 execution_us=44382 reason=tracking_pose_accepted
x=1.79965 y=2.29983 yaw=1.92177 score=0.961268 valid=1 mode=tracking state=TRACKING evaluated=789 execution_us=44171 reason=tracking_pose_accepted
x=1.74965 y=2.34983 yaw=1.85102 score=0.955736 valid=1 mode=tracking state=TRACKING evaluated=789 execution_us=44037 reason=tracking_pose_accepted
x=1.69965 y=2.34983 yaw=1.78027 score=0.951932 valid=1 mode=tracking state=TRACKING evaluated=807 execution_us=45335 reason=tracking_pose_accepted
x=1.59965 y=2.34983 yaw=1.70952 score=0.972601 valid=1 mode=tracking state=TRACKING evaluated=807 execution_us=44759 reason=tracking_pose_accepted
x=1.54965 y=2.39983 yaw=1.62132 score=0.938711 valid=1 mode=tracking state=TRACKING evaluated=807 execution_us=44496 reason=tracking_pose_accepted
x=1.44965 y=2.39983 yaw=1.56803 score=0.975927 valid=1 mode=tracking state=TRACKING evaluated=807 execution_us=45545 reason=tracking_pose_accepted
x=1.39965 y=2.39983 yaw=1.61945 score=0.976521 valid=1 mode=tracking state=TRACKING evaluated=807 execution_us=45335 reason=tracking_pose_accepted
x=1.34965 y=2.39983 yaw=1.7756 score=0.969945 valid=1 mode=tracking state=TRACKING evaluated=807 execution_us=45252 reason=tracking_pose_accepted
x=1.29965 y=2.39983 yaw=1.96665 score=0.963246 valid=1 mode=tracking state=TRACKING evaluated=807 execution_us=45511 reason=tracking_pose_accepted
x=1.29965 y=2.39983 yaw=2.22752 score=0.939682 valid=1 mode=tracking state=TRACKING evaluated=807 execution_us=45228 reason=tracking_pose_accepted
x=1.24965 y=2.39983 yaw=2.48838 score=0.923346 valid=1 mode=tracking state=TRACKING evaluated=807 execution_us=45360 reason=tracking_pose_accepted
x=1.19965 y=2.39983 yaw=2.74925 score=0.904666 valid=1 mode=tracking state=TRACKING evaluated=807 execution_us=46340 reason=tracking_pose_accepted
x=1.14965 y=2.39983 yaw=3.01011 score=0.89278 valid=0 mode=tracking state=DEGRADED evaluated=807 execution_us=46097 reason=tracking_score_below_threshold
x=1.09965 y=2.39983 yaw=3.13229 score=0.875155 valid=0 mode=tracking state=DEGRADED evaluated=807 execution_us=46245 reason=tracking_score_below_threshold
x=1.09965 y=2.39983 yaw=3.34173 score=0.884178 valid=0 mode=tracking state=LOST evaluated=807 execution_us=45881 reason=rejection_limit_reached
x=1.05 y=2.4 yaw=-2.68344 score=0.912835 valid=1 mode=global state=RECOVERED evaluated=15444 execution_us=865795 reason=global_relocalization_accepted
x=0.85 y=2.45 yaw=-2.09097 score=0.983193 valid=1 mode=tracking state=RECOVERED evaluated=807 execution_us=46530 reason=recovery_confirmation_pending
x=0.8 y=2.45 yaw=-2.12681 score=0.966211 valid=1 mode=tracking state=RECOVERED evaluated=807 execution_us=46460 reason=recovery_confirmation_pending
x=0.8 y=2.45 yaw=-2.11029 score=0.989332 valid=1 mode=tracking state=TRACKING evaluated=807 execution_us=46371 reason=recovery_confirmed
x=0.8 y=2.45 yaw=-2.11122 score=0.980392 valid=1 mode=tracking state=TRACKING evaluated=807 execution_us=45594 reason=tracking_pose_accepted
x=0.75 y=2.45 yaw=-2.14706 score=0.984835 valid=1 mode=tracking state=TRACKING evaluated=807 execution_us=45136 reason=tracking_pose_accepted
x=0.75 y=2.45 yaw=-2.11309 score=0.986555 valid=1 mode=tracking state=TRACKING evaluated=807 execution_us=45051 reason=tracking_pose_accepted
x=0.75 y=2.45 yaw=-2.07912 score=0.98176 valid=1 mode=tracking state=TRACKING evaluated=807 execution_us=45488 reason=tracking_pose_accepted
x=0.75 y=2.45 yaw=-2.08005 score=0.985446 valid=1 mode=tracking state=TRACKING evaluated=807 execution_us=45547 reason=tracking_pose_accepted
x=0.75 y=2.45 yaw=-2.09844 score=0.982475 valid=1 mode=tracking state=TRACKING evaluated=807 execution_us=45350 reason=tracking_pose_accepted
x=0.8 y=2.45 yaw=-2.06447 score=0.968526 valid=1 mode=tracking state=TRACKING evaluated=807 execution_us=45668 reason=tracking_pose_accepted
x=0.8 y=2.45 yaw=-2.03049 score=0.976896 valid=1 mode=tracking state=TRACKING evaluated=807 execution_us=45364 reason=tracking_pose_accepted
x=0.8 y=2.45 yaw=-1.99652 score=0.987568 valid=1 mode=tracking state=TRACKING evaluated=807 execution_us=45709 reason=tracking_pose_accepted
x=0.8 y=2.45 yaw=-1.98 score=0.989816 valid=1 mode=tracking state=TRACKING evaluated=807 execution_us=46410 reason=tracking_pose_accepted
x=0.8 y=2.45 yaw=-1.98093 score=0.990146 valid=1 mode=tracking state=TRACKING evaluated=807 execution_us=45672 reason=tracking_pose_accepted
x=0.8 y=2.45 yaw=-1.98187 score=0.985066 valid=1 mode=tracking state=TRACKING evaluated=807 execution_us=45387 reason=tracking_pose_accepted
x=0.8 y=2.45 yaw=-2.00026 score=0.976592 valid=1 mode=tracking state=TRACKING evaluated=807 execution_us=45583 reason=tracking_pose_accepted
x=0.8 y=2.45 yaw=-1.98374 score=0.975591 valid=1 mode=tracking state=TRACKING evaluated=807 execution_us=46568 reason=tracking_pose_accepted
x=0.8 y=2.5 yaw=-2.00212 score=0.97886 valid=1 mode=tracking state=TRACKING evaluated=807 execution_us=45534 reason=tracking_pose_accepted
x=0.8 y=2.5 yaw=-2.00306 score=0.983323 valid=1 mode=tracking state=TRACKING evaluated=807 execution_us=45443 reason=tracking_pose_accepted
x=0.8 y=2.5 yaw=-1.98654 score=0.985447 valid=1 mode=tracking state=TRACKING evaluated=807 execution_us=45089 reason=tracking_pose_accepted
x=0.8 y=2.5 yaw=-2.00493 score=0.985712 valid=1 mode=tracking state=TRACKING evaluated=807 execution_us=45830 reason=tracking_pose_accepted
x=0.8 y=2.5 yaw=-2.00586 score=0.986249 valid=1 mode=tracking state=TRACKING evaluated=807 execution_us=45517 reason=tracking_pose_accepted
x=0.8 y=2.5 yaw=-2.00679 score=0.987232 valid=1 mode=tracking state=TRACKING evaluated=807 execution_us=45775 reason=tracking_pose_accepted
x=0.8 y=2.5 yaw=-2.02518 score=0.983277 valid=1 mode=tracking state=TRACKING evaluated=807 execution_us=45697 reason=tracking_pose_accepted
x=0.8 y=2.5 yaw=-2.02611 score=0.984192 valid=1 mode=tracking state=TRACKING evaluated=807 execution_us=45724 reason=tracking_pose_accepted
x=0.8 y=2.5 yaw=-2.00959 score=0.982368 valid=1 mode=tracking state=TRACKING evaluated=807 execution_us=46016 reason=tracking_pose_accepted
x=0.8 y=2.5 yaw=-2.01053 score=0.982368 valid=1 mode=tracking state=TRACKING evaluated=807 execution_us=45489 reason=tracking_pose_accepted
x=0.8 y=2.5 yaw=-2.01146 score=0.986928 valid=1 mode=tracking state=TRACKING evaluated=807 execution_us=45694 reason=tracking_pose_accepted
x=0.8 y=2.5 yaw=-2.0124 score=0.987568 valid=1 mode=tracking state=TRACKING evaluated=807 execution_us=46162 reason=tracking_pose_accepted
x=0.8 y=2.5 yaw=-2.01333 score=0.975288 valid=1 mode=tracking state=TRACKING evaluated=807 execution_us=46220 reason=tracking_pose_accepted
x=0.8 y=2.5 yaw=-2.01426 score=0.977141 valid=1 mode=tracking state=TRACKING evaluated=807 execution_us=45516 reason=tracking_pose_accepted
x=0.8 y=2.5 yaw=-2.0152 score=0.984192 valid=1 mode=tracking state=TRACKING evaluated=807 execution_us=45875 reason=tracking_pose_accepted
x=0.8 y=2.5 yaw=-1.99868 score=0.989691 valid=1 mode=tracking state=TRACKING evaluated=807 execution_us=45854 reason=tracking_pose_accepted
x=0.8 y=2.5 yaw=-1.99961 score=0.98302 valid=1 mode=tracking state=TRACKING evaluated=807 execution_us=45859 reason=tracking_pose_accepted
x=0.8 y=2.5 yaw=-2.00055 score=0.98278 valid=1 mode=tracking state=TRACKING evaluated=807 execution_us=45769 reason=tracking_pose_accepted
x=0.8 y=2.5 yaw=-2.00148 score=0.974246 valid=1 mode=tracking state=TRACKING evaluated=807 execution_us=45602 reason=tracking_pose_accepted
x=0.85 y=2.5 yaw=-2.00241 score=0.965825 valid=1 mode=tracking state=TRACKING evaluated=807 execution_us=46298 reason=tracking_pose_accepted
x=0.85 y=2.5 yaw=-1.9859 score=0.968566 valid=1 mode=tracking state=TRACKING evaluated=807 execution_us=45863 reason=tracking_pose_accepted
x=0.85 y=2.5 yaw=-2.00428 score=0.968137 valid=1 mode=tracking state=TRACKING evaluated=807 execution_us=44950 reason=tracking_pose_accepted
x=0.8 y=2.5 yaw=-2.00522 score=0.965888 valid=1 mode=tracking state=TRACKING evaluated=807 execution_us=45330 reason=tracking_pose_accepted
x=0.8 y=2.5 yaw=-2.00615 score=0.98518 valid=1 mode=tracking state=TRACKING evaluated=807 execution_us=45224 reason=tracking_pose_accepted
x=0.8 y=2.5 yaw=-2.00709 score=0.980699 valid=1 mode=tracking state=TRACKING evaluated=807 execution_us=45743 reason=tracking_pose_accepted
x=0.8 y=2.5 yaw=-2.00802 score=0.97135 valid=1 mode=tracking state=TRACKING evaluated=807 execution_us=45420 reason=tracking_pose_accepted
x=0.8 y=2.5 yaw=-2.00895 score=0.976735 valid=1 mode=tracking state=TRACKING evaluated=807 execution_us=45717 reason=tracking_pose_accepted
x=0.8 y=2.5 yaw=-2.00989 score=0.980952 valid=1 mode=tracking state=TRACKING evaluated=807 execution_us=45769 reason=tracking_pose_accepted
x=0.8 y=2.5 yaw=-2.01082 score=0.982105 valid=1 mode=tracking state=TRACKING evaluated=807 execution_us=45577 reason=tracking_pose_accepted
x=0.8 y=2.5 yaw=-2.01175 score=0.980894 valid=1 mode=tracking state=TRACKING evaluated=807 execution_us=45072 reason=tracking_pose_accepted
x=0.8 y=2.5 yaw=-2.01269 score=0.977173 valid=1 mode=tracking state=TRACKING evaluated=807 execution_us=45587 reason=tracking_pose_accepted
x=0.8 y=2.5 yaw=-1.99617 score=0.972265 valid=1 mode=tracking state=TRACKING evaluated=807 execution_us=45319 reason=tracking_pose_accepted
x=0.8 y=2.5 yaw=-1.9971 score=0.96822 valid=1 mode=tracking state=TRACKING evaluated=807 execution_us=45001 reason=tracking_pose_accepted
x=0.8 y=2.5 yaw=-1.99804 score=0.972498 valid=1 mode=tracking state=TRACKING evaluated=807 execution_us=45542 reason=tracking_pose_accepted
x=0.8 y=2.5 yaw=-1.99897 score=0.976103 valid=1 mode=tracking state=TRACKING evaluated=807 execution_us=44913 reason=tracking_pose_accepted
x=0.8 y=2.5 yaw=-1.9999 score=0.973568 valid=1 mode=tracking state=TRACKING evaluated=807 execution_us=45564 reason=tracking_pose_accepted
x=0.8 y=2.5 yaw=-2.00084 score=0.978817 valid=1 mode=tracking state=TRACKING evaluated=807 execution_us=45102 reason=tracking_pose_accepted
x=0.8 y=2.5 yaw=-2.00177 score=0.979732 valid=1 mode=tracking state=TRACKING evaluated=807 execution_us=45392 reason=tracking_pose_accepted
x=0.8 y=2.5 yaw=-2.00271 score=0.979427 valid=1 mode=tracking state=TRACKING evaluated=807 execution_us=45776 reason=tracking_pose_accepted
x=0.8 y=2.5 yaw=-2.00364 score=0.980494 valid=1 mode=tracking state=TRACKING evaluated=807 execution_us=45212 reason=tracking_pose_accepted
x=0.8 y=2.5 yaw=-2.00457 score=0.976136 valid=1 mode=tracking state=TRACKING evaluated=807 execution_us=45534 reason=tracking_pose_accepted
x=0.8 y=2.5 yaw=-2.00551 score=0.975605 valid=1 mode=tracking state=TRACKING evaluated=807 execution_us=46314 reason=tracking_pose_accepted
x=0.8 y=2.5 yaw=-2.00644 score=0.983128 valid=1 mode=tracking state=TRACKING evaluated=807 execution_us=45501 reason=tracking_pose_accepted
x=0.8 y=2.5 yaw=-2.00738 score=0.979683 valid=1 mode=tracking state=TRACKING evaluated=807 execution_us=45590 reason=tracking_pose_accepted
x=0.8 y=2.5 yaw=-2.00831 score=0.980342 valid=1 mode=tracking state=TRACKING evaluated=807 execution_us=45844 reason=tracking_pose_accepted
x=0.8 y=2.5 yaw=-2.00924 score=0.981706 valid=1 mode=tracking state=TRACKING evaluated=807 execution_us=45436 reason=tracking_pose_accepted
x=0.8 y=2.5 yaw=-2.01018 score=0.981497 valid=1 mode=tracking state=TRACKING evaluated=807 execution_us=46036 reason=tracking_pose_accepted
x=0.8 y=2.5 yaw=-2.01111 score=0.980036 valid=1 mode=tracking state=TRACKING evaluated=807 execution_us=45570 reason=tracking_pose_accepted
x=0.8 y=2.5 yaw=-2.01205 score=0.977595 valid=1 mode=tracking state=TRACKING evaluated=807 execution_us=45692 reason=tracking_pose_accepted
x=0.8 y=2.5 yaw=-2.01298 score=0.980647 valid=1 mode=tracking state=TRACKING evaluated=807 execution_us=46246 reason=tracking_pose_accepted
x=0.8 y=2.5 yaw=-2.01391 score=0.979004 valid=1 mode=tracking state=TRACKING evaluated=807 execution_us=45557 reason=tracking_pose_accepted
x=0.8 y=2.5 yaw=-1.99739 score=0.977293 valid=1 mode=tracking state=TRACKING evaluated=807 execution_us=45493 reason=tracking_pose_accepted
x=0.8 y=2.5 yaw=-1.99833 score=0.981818 valid=1 mode=tracking state=TRACKING evaluated=807 execution_us=45536 reason=tracking_pose_accepted
x=0.8 y=2.5 yaw=-1.99926 score=0.975224 valid=1 mode=tracking state=TRACKING evaluated=807 execution_us=45711 reason=tracking_pose_accepted
x=0.8 y=2.5 yaw=-2.0002 score=0.980139 valid=1 mode=tracking state=TRACKING evaluated=807 execution_us=46050 reason=tracking_pose_accepted
x=0.8 y=2.5 yaw=-2.00113 score=0.976288 valid=1 mode=tracking state=TRACKING evaluated=807 execution_us=45568 reason=tracking_pose_accepted
x=0.8 y=2.5 yaw=-2.00206 score=0.97923 valid=1 mode=tracking state=TRACKING evaluated=807 execution_us=45829 reason=tracking_pose_accepted
x=0.8 y=2.5 yaw=-2.003 score=0.978264 valid=1 mode=tracking state=TRACKING evaluated=807 execution_us=46039 reason=tracking_pose_accepted
x=0.8 y=2.5 yaw=-2.00393 score=0.976318 valid=1 mode=tracking state=TRACKING evaluated=807 execution_us=45279 reason=tracking_pose_accepted
x=0.8 y=2.5 yaw=-2.00486 score=0.980646 valid=1 mode=tracking state=TRACKING evaluated=807 execution_us=45620 reason=tracking_pose_accepted
x=0.8 y=2.5 yaw=-2.0058 score=0.974754 valid=1 mode=tracking state=TRACKING evaluated=807 execution_us=82100 reason=tracking_pose_accepted
x=0.8 y=2.5 yaw=-2.00673 score=0.977446 valid=1 mode=tracking state=TRACKING evaluated=807 execution_us=45512 reason=tracking_pose_accepted
x=0.8 y=2.5 yaw=-2.00767 score=0.9848 valid=1 mode=tracking state=TRACKING evaluated=807 execution_us=45518 reason=tracking_pose_accepted
x=0.8 y=2.5 yaw=-2.0086 score=0.980545 valid=1 mode=tracking state=TRACKING evaluated=807 execution_us=45498 reason=tracking_pose_accepted
x=0.8 y=2.5 yaw=-2.00953 score=0.982668 valid=1 mode=tracking state=TRACKING evaluated=807 execution_us=45377 reason=tracking_pose_accepted
x=0.8 y=2.5 yaw=-2.01047 score=0.982409 valid=1 mode=tracking state=TRACKING evaluated=807 execution_us=46157 reason=tracking_pose_accepted
x=0.8 y=2.5 yaw=-2.0114 score=0.979783 valid=1 mode=tracking state=TRACKING evaluated=807 execution_us=45112 reason=tracking_pose_accepted
x=0.8 y=2.5 yaw=-2.01234 score=0.980026 valid=1 mode=tracking state=TRACKING evaluated=807 execution_us=45399 reason=tracking_pose_accepted
x=0.8 y=2.5 yaw=-2.01327 score=0.979984 valid=1 mode=tracking state=TRACKING evaluated=807 execution_us=45301 reason=tracking_pose_accepted
x=0.8 y=2.5 yaw=-2.0142 score=0.976664 valid=1 mode=tracking state=TRACKING evaluated=807 execution_us=45492 reason=tracking_pose_accepted
x=0.8 y=2.5 yaw=-1.99768 score=0.979024 valid=1 mode=tracking state=TRACKING evaluated=807 execution_us=45416 reason=tracking_pose_accepted
x=0.8 y=2.5 yaw=-2.01607 score=0.977484 valid=1 mode=tracking state=TRACKING evaluated=807 execution_us=81554 reason=tracking_pose_accepted
x=0.8 y=2.5 yaw=-1.99955 score=0.980596 valid=1 mode=tracking state=TRACKING evaluated=807 execution_us=60649 reason=tracking_pose_accepted
x=0.8 y=2.5 yaw=-2.00049 score=0.97948 valid=1 mode=tracking state=TRACKING evaluated=807 execution_us=46091 reason=tracking_pose_accepted
x=0.8 y=2.5 yaw=-2.00142 score=0.976896 valid=1 mode=tracking state=TRACKING evaluated=807 execution_us=46229 reason=tracking_pose_accepted
x=0.8 y=2.5 yaw=-2.00235 score=0.975859 valid=1 mode=tracking state=TRACKING evaluated=807 execution_us=44985 reason=tracking_pose_accepted
x=0.8 y=2.5 yaw=-2.00329 score=0.98217 valid=1 mode=tracking state=TRACKING evaluated=807 execution_us=45978 reason=tracking_pose_accepted
x=0.8 y=2.5 yaw=-2.00422 score=0.98278 valid=1 mode=tracking state=TRACKING evaluated=807 execution_us=45066 reason=tracking_pose_accepted
x=0.8 y=2.5 yaw=-2.00516 score=0.978248 valid=1 mode=tracking state=TRACKING evaluated=807 execution_us=45044 reason=tracking_pose_accepted
x=0.8 y=2.5 yaw=-2.00609 score=0.975123 valid=1 mode=tracking state=TRACKING evaluated=807 execution_us=45701 reason=tracking_pose_accepted
x=0.8 y=2.5 yaw=-2.00702 score=0.981513 valid=1 mode=tracking state=TRACKING evaluated=807 execution_us=45332 reason=tracking_pose_accepted
x=0.8 y=2.5 yaw=-2.00796 score=0.979374 valid=1 mode=tracking state=TRACKING evaluated=807 execution_us=45420 reason=tracking_pose_accepted
x=0.8 y=2.5 yaw=-2.00889 score=0.976674 valid=1 mode=tracking state=TRACKING evaluated=807 execution_us=45183 reason=tracking_pose_accepted
x=0.8 y=2.5 yaw=-2.00982 score=0.983237 valid=1 mode=tracking state=TRACKING evaluated=807 execution_us=45520 reason=tracking_pose_accepted
x=0.8 y=2.5 yaw=-2.01076 score=0.981103 valid=1 mode=tracking state=TRACKING evaluated=807 execution_us=45827 reason=tracking_pose_accepted
x=0.8 y=2.5 yaw=-2.01169 score=0.981002 valid=1 mode=tracking state=TRACKING evaluated=807 execution_us=45404 reason=tracking_pose_accepted
x=0.8 y=2.5 yaw=-2.01263 score=0.979771 valid=1 mode=tracking state=TRACKING evaluated=807 execution_us=45382 reason=tracking_pose_accepted
x=0.8 y=2.5 yaw=-1.99611 score=0.977235 valid=1 mode=tracking state=TRACKING evaluated=807 execution_us=45585 reason=tracking_pose_accepted
x=0.8 y=2.5 yaw=-1.99704 score=0.976501 valid=1 mode=tracking state=TRACKING evaluated=807 execution_us=45164 reason=tracking_pose_accepted
x=0.8 y=2.5 yaw=-2.01543 score=0.978534 valid=1 mode=tracking state=TRACKING evaluated=807 execution_us=45447 reason=tracking_pose_accepted
x=0.8 y=2.5 yaw=-2.01636 score=0.978284 valid=1 mode=tracking state=TRACKING evaluated=807 execution_us=45468 reason=tracking_pose_accepted
x=0.8 y=2.5 yaw=-1.99984 score=0.980596 valid=1 mode=tracking state=TRACKING evaluated=807 execution_us=45517 reason=tracking_pose_accepted
x=0.8 y=2.5 yaw=-2.00078 score=0.979427 valid=1 mode=tracking state=TRACKING evaluated=807 execution_us=45990 reason=tracking_pose_accepted
x=0.8 y=2.5 yaw=-2.00171 score=0.978872 valid=1 mode=tracking state=TRACKING evaluated=807 execution_us=45707 reason=tracking_pose_accepted
x=0.8 y=2.5 yaw=-2.00264 score=0.978264 valid=1 mode=tracking state=TRACKING evaluated=807 execution_us=45727 reason=tracking_pose_accepted
x=0.8 y=2.5 yaw=-2.00358 score=0.980848 valid=1 mode=tracking state=TRACKING evaluated=807 execution_us=46026 reason=tracking_pose_accepted
x=0.8 y=2.5 yaw=-2.00451 score=0.980138 valid=1 mode=tracking state=TRACKING evaluated=807 execution_us=45313 reason=tracking_pose_accepted
x=0.8 y=2.5 yaw=-2.00545 score=0.979632 valid=1 mode=tracking state=TRACKING evaluated=807 execution_us=45595 reason=tracking_pose_accepted
x=0.8 y=2.5 yaw=-2.00638 score=0.981865 valid=1 mode=tracking state=TRACKING evaluated=807 execution_us=45586 reason=tracking_pose_accepted
x=0.8 y=2.5 yaw=-2.00731 score=0.980189 valid=1 mode=tracking state=TRACKING evaluated=807 execution_us=45396 reason=tracking_pose_accepted
x=0.8 y=2.5 yaw=-2.00825 score=0.984721 valid=1 mode=tracking state=TRACKING evaluated=807 execution_us=46011 reason=tracking_pose_accepted
x=0.8 y=2.5 yaw=-2.00918 score=0.979987 valid=1 mode=tracking state=TRACKING evaluated=807 execution_us=45291 reason=tracking_pose_accepted
x=0.8 y=2.5 yaw=-2.01012 score=0.979182 valid=1 mode=tracking state=TRACKING evaluated=807 execution_us=45831 reason=tracking_pose_accepted
x=0.8 y=2.5 yaw=-2.01105 score=0.980789 valid=1 mode=tracking state=TRACKING evaluated=807 execution_us=45791 reason=tracking_pose_accepted
x=0.8 y=2.5 yaw=-2.01198 score=0.981516 valid=1 mode=tracking state=TRACKING evaluated=807 execution_us=45154 reason=tracking_pose_accepted
x=0.8 y=2.5 yaw=-2.01292 score=0.982012 valid=1 mode=tracking state=TRACKING evaluated=807 execution_us=45397 reason=tracking_pose_accepted
x=0.8 y=2.5 yaw=-2.01385 score=0.977326 valid=1 mode=tracking state=TRACKING evaluated=807 execution_us=45324 reason=tracking_pose_accepted
x=0.8 y=2.5 yaw=-2.01478 score=0.976562 valid=1 mode=tracking state=TRACKING evaluated=807 execution_us=45118 reason=tracking_pose_accepted
x=0.8 y=2.5 yaw=-1.99827 score=0.979167 valid=1 mode=tracking state=TRACKING evaluated=807 execution_us=45058 reason=tracking_pose_accepted
x=0.8 y=2.5 yaw=-1.9992 score=0.971814 valid=1 mode=tracking state=TRACKING evaluated=807 execution_us=44971 reason=tracking_pose_accepted
x=0.8 y=2.5 yaw=-2.00013 score=0.97836 valid=1 mode=tracking state=TRACKING evaluated=807 execution_us=45623 reason=tracking_pose_accepted
x=0.8 y=2.5 yaw=-2.00107 score=0.981207 valid=1 mode=tracking state=TRACKING evaluated=807 execution_us=45761 reason=tracking_pose_accepted
x=0.8 y=2.5 yaw=-2.002 score=0.978457 valid=1 mode=tracking state=TRACKING evaluated=807 execution_us=45279 reason=tracking_pose_accepted
x=0.8 y=2.5 yaw=-2.00293 score=0.977352 valid=1 mode=tracking state=TRACKING evaluated=807 execution_us=45276 reason=tracking_pose_accepted
x=0.8 y=2.5 yaw=-2.00387 score=0.97754 valid=1 mode=tracking state=TRACKING evaluated=807 execution_us=45709 reason=tracking_pose_accepted
x=0.8 y=2.5 yaw=-2.0048 score=0.976989 valid=1 mode=tracking state=TRACKING evaluated=807 execution_us=45389 reason=tracking_pose_accepted
x=0.8 y=2.5 yaw=-2.00574 score=0.978304 valid=1 mode=tracking state=TRACKING evaluated=807 execution_us=45293 reason=tracking_pose_accepted
x=0.8 y=2.5 yaw=-2.00667 score=0.98024 valid=1 mode=tracking state=TRACKING evaluated=807 execution_us=45765 reason=tracking_pose_accepted
x=0.8 y=2.5 yaw=-2.0076 score=0.979427 valid=1 mode=tracking state=TRACKING evaluated=807 execution_us=45763 reason=tracking_pose_accepted
x=0.8 y=2.5 yaw=-2.00854 score=0.981963 valid=1 mode=tracking state=TRACKING evaluated=807 execution_us=45905 reason=tracking_pose_accepted
x=0.8 y=2.5 yaw=-2.00947 score=0.98029 valid=1 mode=tracking state=TRACKING evaluated=807 execution_us=45048 reason=tracking_pose_accepted
x=0.8 y=2.5 yaw=-2.01041 score=0.973289 valid=1 mode=tracking state=TRACKING evaluated=807 execution_us=46118 reason=tracking_pose_accepted
x=0.8 y=2.5 yaw=-2.01134 score=0.981604 valid=1 mode=tracking state=TRACKING evaluated=807 execution_us=45567 reason=tracking_pose_accepted
x=0.8 y=2.5 yaw=-2.01227 score=0.980483 valid=1 mode=tracking state=TRACKING evaluated=807 execution_us=45936 reason=tracking_pose_accepted
x=0.8 y=2.5 yaw=-2.01321 score=0.978909 valid=1 mode=tracking state=TRACKING evaluated=807 execution_us=45571 reason=tracking_pose_accepted
x=0.8 y=2.5 yaw=-1.99669 score=0.979221 valid=1 mode=tracking state=TRACKING evaluated=807 execution_us=45589 reason=tracking_pose_accepted
x=0.8 y=2.5 yaw=-2.01508 score=0.976013 valid=1 mode=tracking state=TRACKING evaluated=807 execution_us=45907 reason=tracking_pose_accepted
x=0.8 y=2.5 yaw=-1.99856 score=0.976379 valid=1 mode=tracking state=TRACKING evaluated=807 execution_us=45541 reason=tracking_pose_accepted
x=0.8 y=2.5 yaw=-1.99949 score=0.981656 valid=1 mode=tracking state=TRACKING evaluated=807 execution_us=45598 reason=tracking_pose_accepted
x=0.8 y=2.5 yaw=-2.00042 score=0.974616 valid=1 mode=tracking state=TRACKING evaluated=807 execution_us=45656 reason=tracking_pose_accepted
x=0.8 y=2.5 yaw=-2.00136 score=0.980037 valid=1 mode=tracking state=TRACKING evaluated=807 execution_us=45862 reason=tracking_pose_accepted
x=0.8 y=2.5 yaw=-2.00229 score=0.975376 valid=1 mode=tracking state=TRACKING evaluated=807 execution_us=45670 reason=tracking_pose_accepted
x=0.8 y=2.5 yaw=-2.00323 score=0.982124 valid=1 mode=tracking state=TRACKING evaluated=807 execution_us=45436 reason=tracking_pose_accepted
mission_command=STOP
x=0.8 y=2.5 yaw=-2.00416 score=0.976623 valid=1 mode=tracking state=TRACKING evaluated=807 execution_us=45413 reason=tracking_pose_accepted
[YDLIDAR] Now lidar scanning has stopped!
lidar_state=STOPPED
signal_handler(15)
